anio_acci,nro_acci,fecha,desc_dia,hora_aprox,desc_ruta,km,cant_participantes,desc_participante,calle_avenida_km,total,heridos_leves,heridos_graves,heridos_gravisimos,ilesos,fallecidos,sin_datos,posicion_XY,desc_tipo_via,desc_ruta_ori,desc_loc,desc_dpto,desc_tipo_calzada,desc_tipo_banquina,desc_unidad_regional,desc_lugar_calzada,desc_zona,desc_prioridad,desc_estado_semaforo,desc_lugar_via,desc_estado_via,desc_estado_visibilidad,desc_luminosidad,desc_estado_clima,desc_tipo_colision,desc_tipo_atropello,desc_tipo_hecho,desc_pres_calzada,desc_senializacion,desc_separacion_via,desc_restriccion
2021,159,2021-01-05,Martes,23:40:00,,0.0,1,Moto/Ciclomotor,Rioja 500,1,1,0,0,0,0,0,"-32.71299, -60.74102",Calle,,PUERTO SAN MARTÍN,San Lorenzo,Asfalto,No existe,XVII,Dentro,Urbana,Ninguna,No existe,Intersección,Bueno,Buena,Nocturna,Buen Tiempo,Múltiple,S/D,Colisión,Otro,Faltante,Cordón divisorio,Sin restricción
2021,160,2021-01-08,Viernes,08:20:00,,0.0,1,Moto/Ciclomotor,Av. San Martin Y General Richieri,1,1,0,0,0,0,0,"-32.74876, -60.73406",Avenida,,FRAY LUIS BELTRÁN,San Lorenzo,S/D,S/D,XVII,S/D,Urbana,S/D,S/D,Intersección,S/D,S/D,S/D,S/D,Múltiple,S/D,Colisión,S/D,S/D,Cordón divisorio,Sin restricción
2021,161,2021-01-08,Viernes,17:00:00,,0.0,2,"Automóvil,Moto/Ciclomotor",Santa Fe Y Sarmiento,4,2,0,0,2,0,0,"-32.79051, -60.72573",Calle,,FRAY LUIS BELTRÁN,San Lorenzo,Asfalto,S/D,XVII,S/D,Urbana,Ninguna,No existe,Intersección,S/D,S/D,Diurna,S/D,Múltiple,S/D,Colisión,S/D,S/D,Cordón divisorio,Sin restricción
2021,162,2021-01-07,Jueves,18:15:00,,0.0,2,"Bicicleta,Automóvil",Av. San Martin Y Falucho,2,1,0,0,1,0,0,"-32.73773, -60.73385",S/D,,SAN LORENZO,San Lorenzo,S/D,S/D,XVII,S/D,S/D,S/D,S/D,Intersección,S/D,S/D,S/D,S/D,Múltiple,Ciclista,Colisión,S/D,S/D,Cordón divisorio,Sin restricción
2021,163,2021-01-07,Jueves,,,0.0,2,"Otros,Bicicleta",San Carlos Y Urquiza,2,0,0,0,1,0,1,"-32.74775, -60.73239",S/D,,SAN LORENZO,San Lorenzo,S/D,S/D,XVII,S/D,S/D,S/D,S/D,Intersección,S/D,S/D,S/D,S/D,Múltiple,Ciclista,Colisión,S/D,S/D,Cordón divisorio,Sin restricción
2021,164,2021-01-06,Miercoles,,,0.0,2,"Moto/Ciclomotor,Pickup/Utilitario",José Rucci Y Rivadavia,2,1,0,0,1,0,0,"-32.75031, -60.74476",S/D,,SAN LORENZO,San Lorenzo,S/D,S/D,XVII,S/D,S/D,S/D,S/D,Intersección,S/D,S/D,S/D,S/D,Múltiple,S/D,Colisión,S/D,S/D,Cordón divisorio,Sin restricción
2021,165,2021-01-05,Martes,,,0.0,2,"Automóvil,Moto/Ciclomotor",La Rioja ,2,1,0,0,1,0,0,"-32.73729, -60.74566",S/D,,SAN LORENZO,San Lorenzo,S/D,S/D,XVII,S/D,S/D,S/D,S/D,Intersección,S/D,S/D,S/D,S/D,Múltiple,S/D,Colisión,S/D,S/D,Cordón divisorio,Sin restricción
2021,166,2021-01-06,Miercoles,09:50:00,,0.0,2,"Moto/Ciclomotor,Pickup/Utilitario",Av. San Lorenzo ,2,1,0,0,1,0,0,"-32.81723, -60.71596",Avenida,,CAPITÁN BERMÚDEZ,San Lorenzo,Asfalto,Pavimento,XVII,Dentro,Urbana,S/D,Funciona,Intersección,Bueno,Buena,Amanecer,S/D,Múltiple,S/D,Colisión,Ninguna,Vertical,Cordón divisorio,Sin restricción
2021,168,2021-01-03,Domingo,02:00:00,,0.0,1,Moto/Ciclomotor, ,2,2,0,0,0,0,0,"-30.14519, -60.33772",Calle,,VERA Y PINTADO,San Justo,Tierra,Natural,XVI,Dentro,Rural,Ninguna,No existe,Intersección,Otro,Reducida polvo,Nocturna,Buen Tiempo,Múltiple,S/D,Colisión,Otro,Faltante,Cordón divisorio,Sin restricción
2021,169,2021-01-01,Viernes,22:10:00,Ruta Nacional 11,620.0,1,Moto/Ciclomotor, ,1,1,0,0,0,0,0,"-30.36323, -60.40361",Ruta,11,GOBERNADOR CRESPO,San Justo,Asfalto,Natural,XVI,S/D,S/D,S/D,No existe,Intersección,S/D,S/D,Con luz artificial,S/D,Múltiple,S/D,Colisión,S/D,S/D,Cordón divisorio,Sin restricción
2021,170,2021-01-04,Lunes,12:35:00,,0.0,2,"Pickup/Utilitario,Bicicleta",BV PELLEGRINI Y URQUIZA,2,1,0,0,1,0,0,"-30.79421, -60.5907",Calle,,SAN BERNARDO.,San Justo,Asfalto,No existe,XVI,S/D,Urbana,Ninguna,No existe,Intersección,Bueno,Buena,Diurna,Buen Tiempo,Múltiple,S/D,Colisión,S/D,Faltante,Cordón divisorio,Sin restricción
2021,172,2021-01-04,Lunes,15:45:00,,0.0,2,"Moto/Ciclomotor,Pickup/Utilitario",R Gonzales ,2,1,0,0,1,0,0,"-30.79752, -60.5952",Calle,,SAN JUSTO,San Justo,Asfalto,No existe,XVI,Dentro,Urbana,Ninguna,No existe,Intersección,Bueno,Buena,Diurna,Buen Tiempo,Múltiple,S/D,Colisión,S/D,S/D,Cordón divisorio,Sin restricción
2021,173,2021-03-10,Miercoles,22:00:00,,0.0,1,Automóvil,Brown 800,1,1,0,0,0,0,0,"-30.30593, -61.24691",Calle,,SAN CRISTÓBAL,San CRISTÓBAL,Ripio,Natural,XIII,S/D,Urbana,Ninguna,No existe,Intersección,Con baches,Buena,Nocturna,Buen Tiempo,Múltiple,S/D,Colisión,Ninguna,Faltante,Cordón divisorio,Sin restricción
2021,174,2021-01-02,Sabado,20:00:00,,0.0,2,"Automóvil,Moto/Ciclomotor",J Neme Y Gral. Urquiza,2,1,0,0,1,0,0,"-30.79937, -60.59179",Calle,,SAN JUSTO,San Justo,Asfalto,No existe,XVI,S/D,Urbana,S/D,S/D,Intersección,Bueno,S/D,S/D,S/D,Múltiple,S/D,Colisión,S/D,S/D,Cordón divisorio,Sin restricción
2021,176,2021-03-13,Sabado,06:15:00,Ruta Provincial 39,0.0,1,Moto/Ciclomotor,ruta pcial 39-s ,1,1,0,0,0,0,0,"-30.22734, -61.73202",Ruta,39,ARRUFÓ,San CRISTÓBAL,Asfalto,Natural,XIII,Dentro,Rural,Ninguna,No existe,Intersección,Bueno,Buena,Diurna,Buen Tiempo,Múltiple,S/D,Colisión,Ninguna,Faltante,Cordón divisorio,Sin restricción
2021,177,2021-03-14,Domingo,20:10:00,,0.0,2,"Automóvil,Moto/Ciclomotor",J B Justo Y Caseros,2,1,0,0,1,0,0,"-30.31542, -61.23483",Calle,,SAN CRISTÓBAL,San CRISTÓBAL,Asfalto,S/D,XIII,S/D,Urbana,Semáforo,Funciona,Intersección,Bueno,Buena,"Nocturna,Con luz artificial",Buen Tiempo,Múltiple,S/D,Colisión,Ninguna,Faltante,Cordón divisorio,Sin restricción
2021,178,2021-01-03,Domingo,16:40:00,,0.0,2,"Automóvil,Moto/Ciclomotor",MOCOVÍES Y MADRE SELVA,4,2,0,0,2,0,0,"-31.61667, -60.59999",S/D,,COLASTINE,La Capital,Arena,No existe,I,S/D,S/D,S/D,No existe,Intersección,Bueno,Buena,Diurna,Buen Tiempo,Múltiple,S/D,Colisión,Ninguna,Faltante,Cordón divisorio,Sin restricción
2021,179,2021-03-14,Domingo,20:50:00,Ruta Secundaria 74-s,0.0,2,"Moto/Ciclomotor,Automóvil",Enrique Crippa Y Javier Arrufo,3,2,0,0,1,0,0,"-30.23550,-61.72849",Ruta,74-s,ARRUFÓ,San CRISTÓBAL,Ripio,S/D,XIII,Dentro,Urbana,Ninguna,No existe,Intersección,Resbaladiza,Reducida,Nocturna,Buen Tiempo,Múltiple,S/D,Colisión,Ninguna,Faltante,Cordón divisorio,Sin restricción
2021,181,2021-01-01,Viernes,06:00:00,,0.0,2,"Automóvil,Automóvil",Calle 16 bis Y Calle 5,4,2,0,0,2,0,0,"-32.67721, -61.52309",Avenida,,LAS PAREJAS,Belgrano,Asfalto,No existe,III,Dentro,Urbana,Ninguna,No existe,Intersección,Bueno,Buena,Diurna,Buen Tiempo,Múltiple,S/D,Colisión,Ninguna,Faltante,Cordón divisorio,Sin restricción
2021,182,2021-01-06,Miercoles,12:30:00,,0.0,2,"Moto/Ciclomotor,Automóvil",San Lorenzo Y San Martin,4,1,0,0,3,0,0,"-32.4755, -61.57748",Calle,,LAS ROSAS,Belgrano,Asfalto,No existe,III,S/D,Urbana,Semáforo,Funciona,Intersección,Bueno,Buena,Diurna,Buen Tiempo,Múltiple,S/D,Colisión,Otro,Vertical,Cordón divisorio,Sin restricción
2021,183,2021-01-01,Viernes,03:00:00,,0.0,2,"Moto/Ciclomotor,Automóvil",Barrios Y Bv Villa María,2,1,0,0,0,0,1,"-32.79212, -61.59922",Calle,,ARMSTRONG,Belgrano,Asfalto,Natural,III,Dentro,Urbana,Ninguna,No existe,Intersección,Bueno,Reducida,"Nocturna,Con luz artificial",Buen Tiempo,Múltiple,S/D,Colisión,Ninguna,Horizontal,Cordón divisorio,Sin restricción
2021,184,2021-03-13,Sabado,19:10:00,,0.0,1,Bicicleta,Juárez Celman 440,1,1,0,0,0,0,0,"-32.74531, -61.82761",Calle,,TORTUGAS,Belgrano,Asfalto,S/D,III,S/D,Urbana,Ninguna,No existe,Intersección,Bueno,Buena,Diurna,Buen Tiempo,Múltiple,Ciclista,Colisión,Ninguna,Faltante,Cordón divisorio,Sin restricción
2021,186,2021-03-12,Viernes,20:30:00,Ruta Provincial 15,0.0,2,"Automóvil,Bicicleta", ,2,1,0,0,1,0,0,"-32.76777, -61.61319",Ruta,15,ARMSTRONG,Belgrano,Asfalto,Natural,III,S/D,Rural,Ninguna,No existe,Intersección,Bueno,Reducida,Nocturna,Buen Tiempo,Múltiple,Ciclista,Colisión,Ninguna,S/D,Cordón divisorio,Sin restricción
2021,188,2021-03-14,Domingo,22:15:00,,0.0,2,"Automóvil,Moto/Ciclomotor",Calle 25 Y Calle 14,2,1,0,0,1,0,0,"-32.67818, -61.52435",Calle,,LAS PAREJAS,Belgrano,Ripio,No existe,III,S/D,Urbana,Ninguna,No existe,Intersección,Deteriorada,Reducida,Nocturna,Buen Tiempo,Múltiple,S/D,Colisión,Ninguna,Faltante,Cordón divisorio,Sin restricción
2021,189,2021-03-15,Lunes,18:00:00,,0.0,2,"Bicicleta,Pickup/Utilitario",Uruguay Y A Rossi,2,1,0,0,1,0,0,"-31.4216, -60.33358",Calle,,SANTA ROSA DE CALCHINES,Garay,Asfalto,Pavimento,VII,S/D,Urbana,Ninguna,No existe,Intersección,Bueno,Buena,S/D,Buen Tiempo,Múltiple,Ciclista,Colisión,Ninguna,S/D,Cordón divisorio,Sin restricción
2021,190,2021-01-02,Sabado,19:45:00,,0.0,2,"Moto/Ciclomotor,Moto/Ciclomotor",Ruta pcial 2 Av. San Martin Y Entre Ríos,3,2,0,0,1,0,0,"-31.51644, -60.68089",Avenida,,MONTE VERA,La Capital,Asfalto,Ripio,I,Dentro,Urbana,Ninguna,No existe,Intersección,Bueno,Buena,Atardecer,Buen Tiempo,Múltiple,S/D,Colisión,Ninguna,Vertical,Cordón divisorio,Sin restricción
2021,191,2021-01-01,Viernes,02:15:00,Ruta Secundaria 71-s,5.0,1,Moto/Ciclomotor, ,2,2,0,0,0,0,0,"-30.37876, -61.816",Ruta,71-s,SAN GUILLERMO,San CRISTÓBAL,Asfalto,S/D,XIII,Dentro,S/D,Ninguna,S/D,Intersección,Bueno,Reducida,Nocturna,Buen Tiempo,Múltiple,S/D,Colisión,S/D,S/D,Cordón divisorio,Sin restricción
2021,192,2021-01-04,Lunes,08:40:00,Ruta Nacional 34,347.0,1,Pickup/Utilitario, ,2,2,0,0,0,0,0,"-30.19289, -61.75038",Ruta,34,ARRUFÓ,San CRISTÓBAL,Asfalto,No existe,XIII,Fuera,Rural,Ninguna,No existe,Intersección,Bueno,Buena,Diurna,Buen Tiempo,Múltiple,S/D,Colisión,Ninguna,Vertical,Cordón divisorio,Sin restricción
2021,193,2021-01-05,Martes,22:05:00,,0.0,2,"Automóvil,Moto/Ciclomotor",Azcuénaga Y Salta,3,2,0,0,1,0,0,"-30.3038, -61.22638",Calle,,SAN CRISTÓBAL,San CRISTÓBAL,Ripio,Ripio,XIII,Dentro,Urbana,Ninguna,No existe,Intersección,Bueno,Reducida,Nocturna,Buen Tiempo,Múltiple,S/D,Colisión,Ninguna,Faltante,Cordón divisorio,Sin restricción
2021,194,2021-01-06,Miercoles,09:00:00,,0.0,2,"Moto/Ciclomotor,Otros",Av. Urquiza Y Santiago del Estero,3,2,0,0,1,0,0,"-31.63642, -60.71046",Avenida,,SANTA FE,La Capital,Hormigón,No existe,I,Dentro,Urbana,Ninguna,Funciona,Intersección,Bueno,Buena,Diurna,Buen Tiempo,Múltiple,S/D,Colisión,Ninguna,Faltante,Cordón divisorio,Sin restricción
2021,195,2021-01-06,Miercoles,12:20:00,,0.0,2,"Moto/Ciclomotor,Moto/Ciclomotor",Av. López y Planes Y Cándido Pujato,2,1,0,0,1,0,0,"-31.63162, -60.71392",Avenida,,SANTA FE,La Capital,Hormigón,No existe,I,Dentro,Urbana,Ninguna,No existe,Intersección,Bueno,Buena,Diurna,Buen Tiempo,Múltiple,S/D,Colisión,Ninguna,Faltante,Cordón divisorio,Sin restricción
2021,196,2021-01-05,Martes,19:00:00,,0.0,2,"Moto/Ciclomotor,Automóvil",Av. Freyre Y Salta,2,1,0,0,1,0,0,"-31.64798, -60.71926",Avenida,,SANTA FE,La Capital,Asfalto,S/D,I,Dentro,Urbana,S/D,S/D,Intersección,S/D,S/D,S/D,S/D,Múltiple,S/D,Colisión,Ninguna,S/D,Cordón divisorio,Sin restricción
2021,197,2021-01-04,Lunes,15:30:00,,0.0,2,"Moto/Ciclomotor,Pickup/Utilitario",Hipólito Yrigoyen ,2,1,0,0,1,0,0,"-31.64037, -60.71575",S/D,,SANTA FE,La Capital,Hormigón,No existe,I,S/D,S/D,Ninguna,No existe,Intersección,Con baches,Buena,Diurna,Buen Tiempo,Múltiple,S/D,Colisión,Ninguna,Faltante,Cordón divisorio,Sin restricción
2021,198,2021-01-02,Sabado,16:55:00,,0.0,2,"Moto/Ciclomotor,Automóvil",Francia Y Hipólito Yrigoyen,2,1,0,0,1,0,0,"-31.64083, -60.71316",Calle,,SANTA FE,La Capital,Asfalto,No existe,I,Dentro,Urbana,Ninguna,No existe,Intersección,Con baches,Buena,Diurna,S/D,Múltiple,S/D,Colisión,Ninguna,Faltante,Cordón divisorio,Sin restricción
2021,199,2021-01-08,Viernes,09:15:00,,0.0,2,"Moto/Ciclomotor,Peatón",Av. A del Valle Y Estanislao Zeballos,2,1,0,0,1,0,0,"-31.60589, -60.6928",Calle,,SANTA FE,La Capital,Asfalto,No existe,I,Dentro,Urbana,S/D,No existe,Intersección,Bueno,Buena,Diurna,Buen Tiempo,Múltiple,Peatón,Colisión,Ninguna,S/D,Cordón divisorio,Sin restricción
2021,200,2021-01-08,Viernes,01:00:00,,0.0,2,"Moto/Ciclomotor,Automóvil",Av. Facundo Zuviria Y Pedro Centeno,2,1,0,0,1,0,0,"-31.62641, -60.7052",S/D,,SANTA FE,La Capital,Asfalto,No existe,I,S/D,S/D,Ninguna,No existe,Intersección,Bueno,Buena,"Nocturna,Con luz artificial",Buen Tiempo,Múltiple,S/D,Colisión,Ninguna,S/D,Cordón divisorio,Sin restricción
2021,201,2021-01-05,Martes,15:20:00,,0.0,2,"Moto/Ciclomotor,Pickup/Utilitario",San Jerónimo Y Ángel Cassanello,2,1,0,0,1,0,0,"-31.60889, -60.69693",Calle,,SANTA FE,La Capital,Asfalto,No existe,I,Dentro,Urbana,Ninguna,No existe,Intersección,Bueno,Buena,Diurna,Buen Tiempo,Múltiple,S/D,Colisión,Ninguna,S/D,Cordón divisorio,Sin restricción
2021,202,2021-01-02,Sabado,20:30:00,,0.0,2,"Pickup/Utilitario,Moto/Ciclomotor",San Jerónimo Y Martin Zapata,2,1,0,0,1,0,0,"-31.61978, -60.70012",Calle,,SANTA FE,La Capital,Asfalto,No existe,I,S/D,Urbana,Ninguna,No existe,Intersección,Bueno,Buena,Atardecer,Buen Tiempo,Múltiple,S/D,Colisión,Ninguna,S/D,Cordón divisorio,Sin restricción
2021,203,2021-01-06,Miercoles,,,0.0,2,"Pickup/Utilitario,Moto/Ciclomotor",Baigorria Y Molina,2,1,0,0,1,0,0,"-32.89378, -60.70466",S/D,,ROSARIO,Rosario,Asfalto,Pavimento,II,S/D,S/D,S/D,S/D,Intersección,Bueno,S/D,S/D,Buen Tiempo,Múltiple,S/D,Colisión,Ninguna,S/D,Cordón divisorio,Sin restricción
2021,204,2021-01-04,Lunes,22:20:00,,0.0,2,"Automóvil,Moto/Ciclomotor",Av. Blas Parera Y Lavaisse,4,2,0,0,2,0,0,"-31.60853, -60.71943",Avenida,,SANTA FE,La Capital,Asfalto,S/D,I,S/D,Urbana,Semáforo,No funciona,Intersección,Bueno,Buena,Nocturna,Buen Tiempo,Múltiple,S/D,Colisión,Ninguna,Vertical,Cordón divisorio,Sin restricción
2021,205,2021-01-08,Viernes,15:50:00,,0.0,2,"Automóvil,Moto/Ciclomotor",Córdoba 3800,3,2,0,0,1,0,0,"-31.62865, -60.69717",Calle,,SANTA FE,La Capital,Asfalto,No existe,I,S/D,Urbana,Ninguna,No existe,Intersección,Bueno,Buena,Diurna,Buen Tiempo,Múltiple,S/D,Colisión,S/D,S/D,Cordón divisorio,Sin restricción
2021,206,2021-01-05,Martes,18:45:00,,0.0,2,"Automóvil,Moto/Ciclomotor",Castagnino Y Unión,3,0,0,0,1,0,2,"-32.89943, -60.70143",S/D,,ROSARIO,Rosario,Asfalto,S/D,II,S/D,S/D,S/D,S/D,Intersección,S/D,S/D,S/D,S/D,Múltiple,S/D,Colisión,S/D,S/D,Cordón divisorio,Sin restricción
2021,209,2021-01-02,Sabado,,,0.0,2,"Automóvil,Moto/Ciclomotor",El Ceibo Y Los Chingolos,3,2,0,0,1,0,0,"-32.97283, -60.73788",Calle,,PEREZ,Rosario,Asfalto,No existe,II,S/D,S/D,Ninguna,No existe,Intersección,Bueno,Buena,Atardecer,Buen Tiempo,Múltiple,S/D,Colisión,Ninguna,S/D,Cordón divisorio,Sin restricción
2021,210,2021-01-06,Miercoles,12:00:00,Ruta Nacional 9,0.0,2,"Automóvil,Pickup/Utilitario",Cochet ,3,1,0,0,2,0,0,"-32.92241, -60.80604",Ruta,9,FUNES,Rosario,Asfalto,Natural,II,S/D,S/D,Ninguna,No existe,Intersección,Bueno,Buena,Diurna,Buen Tiempo,Múltiple,S/D,Colisión,Ninguna,Faltante,Cordón divisorio,Sin restricción
2021,211,2021-01-06,Miercoles,13:00:00,Autopista Nacional 9,310.0,2,"Automóvil,Automóvil", ,2,1,0,0,1,0,0,"-32.9223, -60.8068",Autopista,9,FUNES,Rosario,Asfalto,Natural,II,S/D,Rural,Ninguna,No existe,Intersección,Bueno,Buena,Diurna,Buen Tiempo,Múltiple,S/D,Colisión,Ninguna,Faltante,Cordón divisorio,Sin restricción
2021,212,2021-01-05,Martes,10:30:00,Ruta Nacional 9,0.0,2,"Automóvil,Moto/Ciclomotor",Los Pumas ,2,1,0,0,1,0,0,"-32.92296, -60.79967",Ruta,9,FUNES,Rosario,Asfalto,Ripio,II,S/D,Urbana,S/D,No existe,Intersección,Bueno,Buena,Diurna,Buen Tiempo,Múltiple,S/D,Colisión,Ninguna,Faltante,Cordón divisorio,Sin restricción
2021,213,2021-01-07,Jueves,12:45:00,Ruta Nacional 9,0.0,2,"Automóvil,Moto/Ciclomotor", ,2,1,0,0,1,0,0,"-32.9229, -60.80119",Ruta,9,FUNES,Rosario,Asfalto,No existe,II,Dentro,Urbana,Ninguna,No existe,Intersección,Bueno,Buena,Diurna,Buen Tiempo,Múltiple,S/D,Colisión,Ninguna,Faltante,Cordón divisorio,Sin restricción
2021,214,2021-01-06,Miercoles,08:20:00,,0.0,1,Bicicleta,Pedro Ríos Y Esteban de Luca,1,1,0,0,0,0,0,"-32.91962, -60.79489",Calle,,FUNES,Rosario,Asfalto,S/D,II,Dentro,Urbana,S/D,S/D,Intersección,S/D,S/D,S/D,S/D,Múltiple,Ciclista,Colisión,S/D,S/D,Cordón divisorio,Sin restricción
2021,215,2021-01-01,Viernes,01:15:00,,0.0,2,"Moto/Ciclomotor,Automóvil",Belgrano Y La Rioja,3,1,0,0,2,0,0,"-33.02663, -60.62133",Calle,,VILLA GOBERNADOR GÁLVEZ,Rosario,Asfalto,No existe,II,Dentro,Urbana,S/D,No existe,Intersección,Bueno,Buena,Nocturna,S/D,Múltiple,S/D,Colisión,Ninguna,Faltante,Cordón divisorio,Sin restricción
2021,216,2021-01-04,Lunes,18:20:00,,0.0,2,"Moto/Ciclomotor,Automóvil",Soldado Aguirre Y San Nicolas,2,1,0,0,1,0,0,"-33.02935, -60.63987",S/D,,VILLA GOBERNADOR GÁLVEZ,Rosario,Asfalto,No existe,II,S/D,S/D,Ninguna,No existe,Intersección,Bueno,Buena,Diurna,Otro,Múltiple,S/D,Colisión,Ninguna,Faltante,Cordón divisorio,Sin restricción
2021,217,2021-01-08,Viernes,22:25:00,,0.0,2,"Automóvil,Bicicleta",Ing. Mosconi Y P Opicci,2,1,0,0,1,0,0,"-33.02571, -60.63438",S/D,,VILLA GOBERNADOR GÁLVEZ,Rosario,Asfalto,S/D,II,S/D,S/D,Semáforo,S/D,Intersección,Bueno,S/D,S/D,Otro,Múltiple,Ciclista,Colisión,Ninguna,Vertical,Cordón divisorio,Sin restricción
2021,218,2021-01-05,Martes,,,0.0,2,"Automóvil,Automóvil",Marcos Paz Y Soldado Aguirre,2,1,0,0,1,0,0,"-33.02959, -60.64661",S/D,,VILLA GOBERNADOR GÁLVEZ,Rosario,Asfalto,Ripio,II,S/D,S/D,S/D,No existe,Intersección,Deteriorada,Buena,S/D,S/D,Múltiple,S/D,Colisión,Material Suelto,Faltante,Cordón divisorio,Sin restricción
2021,219,2021-01-01,Viernes,05:00:00,,0.0,2,"Moto/Ciclomotor,Moto/Ciclomotor",Pellegrini Y Liniers,2,2,0,0,0,0,0,"-33.03192, -60.64376",S/D,,VILLA GOBERNADOR GÁLVEZ,Rosario,Tierra,No existe,II,S/D,S/D,Ninguna,No existe,Intersección,Deteriorada,Buena,Amanecer,Buen Tiempo,Múltiple,S/D,Colisión,Material Suelto,Faltante,Cordón divisorio,Sin restricción
2021,220,2021-01-03,Domingo,21:50:00,,0.0,2,"Automóvil,Pickup/Utilitario",Garibaldi ,3,1,0,0,2,0,0,"-33.05594, -60.62234",S/D,,ALVEAR,Rosario,Ripio,No existe,II,Dentro,Rural,Ninguna,No existe,Intersección,Resbaladiza,Reducida polvo,Nocturna,Buen Tiempo,Múltiple,S/D,Colisión,Ninguna,Faltante,Cordón divisorio,Sin restricción
2021,224,2021-01-07,Jueves,20:18:00,,0.0,2,"Pickup/Utilitario,Moto/Ciclomotor",Gorriti Y Tte.Agneta,3,2,0,0,0,0,1,"-32.92409, -60.70045",Calle,,ROSARIO,Rosario,Asfalto,No existe,II,Dentro,Urbana,Ninguna,No existe,Intersección,Bueno,Buena,Nocturna,S/D,Múltiple,S/D,Colisión,S/D,Faltante,Cordón divisorio,Sin restricción
2021,225,2021-01-05,Martes,09:15:00,,0.0,2,"Peatón,Automóvil",Mendoza Y Donado,2,1,0,0,1,0,0,"-32.94059, -60.72681",Avenida,,ROSARIO,Rosario,Asfalto,S/D,II,S/D,Urbana,S/D,S/D,Intersección,Bueno,Buena,Diurna,Buen Tiempo,Múltiple,Peatón,Colisión,Ninguna,Vertical,Cordón divisorio,Sin restricción
2021,226,2021-01-07,Jueves,23:00:00,,0.0,2,"Moto/Ciclomotor,Automóvil",Olavarría Bis Y La Republica,2,1,0,0,1,0,0,"-32.91839, -60.70443",Calle,,ROSARIO,Rosario,Asfalto,No existe,II,Dentro,Urbana,Ninguna,No existe,Intersección,Bueno,Reducida p/ objetos,Nocturna,Buen Tiempo,Múltiple,S/D,Colisión,Ninguna,Faltante,Cordón divisorio,Sin restricción
2021,227,2021-01-02,Sabado,22:00:00,,0.0,3,"Automóvil,Moto/Ciclomotor,Moto/Ciclomotor",Av. Pte. Perón Y Gutenberg,3,2,0,0,1,0,0,"-32.95843, -60.69128",Avenida,,ROSARIO,Rosario,Asfalto,Pavimento,II,S/D,Urbana,S/D,Funciona,Intersección,Bueno,Buena,Diurna,S/D,Múltiple,S/D,Colisión,Otro,S/D,Cordón divisorio,Sin restricción
2021,229,2021-01-02,Sabado,20:00:00,,0.0,2,"Moto/Ciclomotor,Automóvil",Güemes Y Maipú,3,2,0,0,1,0,0,"-33.64271, -61.85548",Calle,,MURPHY,General LÓPEZ,Asfalto,No existe,VIII,Dentro,Urbana,Ninguna,No existe,Intersección,Bueno,Buena,Atardecer,Buen Tiempo,Múltiple,S/D,Colisión,Ninguna,S/D,Cordón divisorio,Sin restricción
2021,230,2021-01-02,Sabado,22:00:00,Ruta Provincial 1,62.0,1,Automóvil, ,1,1,0,0,0,0,0,"-31.43109, -60.34967",Ruta,1,SANTA ROSA DE CALCHINES,Garay,Asfalto,Natural,VII,Fuera,Rural,Ninguna,No existe,Intersección,Bueno,Buena,Nocturna,Buen Tiempo,Múltiple,S/D,Colisión,Ninguna,Faltante,Cordón divisorio,Sin restricción
2021,231,2021-01-01,Viernes,03:30:00,,0.0,2,"Moto/Ciclomotor,Otros",La Paz Y 9 de Julio,2,1,0,0,1,0,0,"-31.09531, -60.08571",S/D,,HELVECIA,Garay,Arena,S/D,VII,S/D,S/D,S/D,No existe,Intersección,S/D,S/D,Nocturna,Buen Tiempo,Múltiple,S/D,Colisión,S/D,S/D,Cordón divisorio,Sin restricción
2021,232,2021-01-01,Viernes,06:30:00,Ruta Provincial 1,0.0,1,Moto/Ciclomotor, ,1,1,0,0,0,0,0,"-31.10052, -60.09426",Ruta,1,HELVECIA,Garay,Asfalto,S/D,VII,S/D,Rural,S/D,S/D,Intersección,Bueno,S/D,Diurna,Buen Tiempo,Múltiple,S/D,Colisión,Ninguna,S/D,Cordón divisorio,Sin restricción
2021,233,2021-01-04,Lunes,11:50:00,,0.0,1,Automóvil, ,2,2,0,0,0,0,0,"-31.54365, -60.81232",Camino Rural,,EMPALME SAN CARLOS,Las Colonias,Ripio,Natural,IX,S/D,Rural,Ninguna,S/D,Intersección,Otro,S/D,S/D,Buen Tiempo,Múltiple,S/D,Colisión,Material Suelto,S/D,Cordón divisorio,Sin restricción
2021,234,2021-01-01,Viernes,07:30:00,,0.0,1,Moto/Ciclomotor,Castellanos ,2,2,0,0,0,0,0,"-31.12662, -61.03187",Avenida,,HIPATIA,Las Colonias,Asfalto,No existe,XI,Dentro,Urbana,Ninguna,No existe,Intersección,Bueno,Buena,Diurna,Buen Tiempo,Múltiple,S/D,Colisión,Ninguna,Faltante,Cordón divisorio,Sin restricción
2021,236,2021-01-07,Jueves,07:50:00,Ruta Provincial 4,0.0,3,"Automóvil,Automóvil,Automóvil", ,8,3,0,0,5,0,0,"-31.11514, -60.91291",Ruta,4,SANTO DOMINGO,Las Colonias,Asfalto,Natural,XI,Dentro,S/D,Señal Pare,No existe,Intersección,Bueno,Buena,Diurna,Buen Tiempo,Múltiple,S/D,Colisión,Ninguna,Vertical,Cordón divisorio,Sin restricción
2021,237,2021-01-08,Viernes,11:25:00,,0.0,2,"Moto/Ciclomotor,Automóvil",Manuel Belgrano Y Independencia,2,1,0,0,1,0,0,"-31.75131, -61.09754",Calle,,SAN CARLOS SUR,Las Colonias,Asfalto,No existe,XI,Dentro,Urbana,Ninguna,No existe,Intersección,Bueno,Buena,Diurna,Buen Tiempo,De alcance,S/D,Colisión,Ninguna,S/D,Cordón divisorio,Sin restricción
2021,238,2021-01-03,Domingo,01:00:00,,0.0,1,Moto/Ciclomotor,15 de Agosto Y Rivadavia,2,2,0,0,0,0,0,"-31.13582, -60.99094",Calle,,PROGRESO,Las Colonias,Asfalto,No existe,XI,Dentro,Urbana,Ninguna,No existe,Intersección,Bueno,Buena,Nocturna,Buen Tiempo,Contra objeto fijo,S/D,Colisión,Ninguna,Faltante,Cordón divisorio,Sin restricción