anio_acci,nro_acci,fecha,desc_dia,hora_aprox,desc_ruta,km,cant_participantes,desc_participante,calle_avenida_km,total,heridos_leves,heridos_graves,heridos_gravisimos,ilesos,fallecidos,sin_datos,posicion_XY,desc_tipo_via,desc_ruta_ori,desc_loc,desc_dpto,desc_tipo_calzada,desc_tipo_banquina,desc_unidad_regional,desc_lugar_calzada,desc_zona,desc_prioridad,desc_estado_semaforo,desc_lugar_via,desc_estado_via,desc_estado_visibilidad,desc_luminosidad,desc_estado_clima,desc_tipo_colision,desc_tipo_atropello,desc_tipo_hecho,desc_pres_calzada,desc_senializacion,desc_separacion_via,desc_restriccion
2021,240,2021-01-01,Viernes,10:20:00,,0.0,1,Automóvil,Maipú 1500,2,1,0,0,1,0,0,"-31.45657, -60.92085",Calle,,ESPERANZA,Las Colonias,Asfalto,S/D,XI,S/D,Urbana,Ninguna,No existe,Intersección,Bueno,Buena,Diurna,Buen Tiempo,Otro,S/D,Colisión,Ninguna,Horizontal,Cordón divisorio,Sin restricción
2021,241,2021-01-03,Domingo,19:00:00,,0.0,2,"Moto/Ciclomotor,Automóvil",Rivadavia Y Marcos Avellaneda,2,1,0,0,1,0,0,"-31.45444, -60.92995",Calle,,ESPERANZA,Las Colonias,Hormigón,S/D,XI,S/D,Urbana,Ninguna,S/D,Intersección,Bueno,Buena,S/D,Buen Tiempo,Lateral,S/D,Colisión,Ninguna,Vertical,Cordón divisorio,Sin restricción
2021,244,2021-01-03,Domingo,09:00:00,,0.0,2,"Otros,Otros",Av. Gral. Paz 6971,2,0,0,0,0,0,2,"-31.60751, -60.67722",Avenida,,SANTA FE,La Capital,S/D,S/D,I,Dentro,Urbana,S/D,S/D,Intersección,S/D,S/D,S/D,S/D,S/D,S/D,Colisión,S/D,S/D,Cordón divisorio,Sin restricción
2021,245,2021-01-06,Miercoles,11:30:00,,0.0,2,"Automóvil,Peatón",Alberti Y Alvear,2,1,0,0,0,0,1,"-31.60334, -60.6866",Avenida,,SANTA FE,La Capital,S/D,S/D,I,S/D,Urbana,S/D,S/D,Intersección,S/D,S/D,S/D,S/D,S/D,Peatón,Colisión,S/D,S/D,Cordón divisorio,Sin restricción
2021,247,2021-01-02,Sabado,13:40:00,,0.0,2,"Pickup/Utilitario,Moto/Ciclomotor",Salvador del Carril Y Lavalle,3,2,0,0,1,0,0,"-31.62073, -60.68495",Avenida,,SANTA FE,La Capital,Asfalto,No existe,I,Dentro,Urbana,S/D,No existe,Intersección,Bueno,S/D,Diurna,S/D,S/D,S/D,Colisión,Ninguna,S/D,Cordón divisorio,Sin restricción
2021,248,2021-01-04,Lunes,20:20:00,,0.0,2,"Automóvil,Bicicleta",Alberdi Y Derqui,2,1,0,0,1,0,0,"-31.61879, -60.68665",Calle,,SANTA FE,La Capital,Asfalto,No existe,I,Dentro,Urbana,Ninguna,No existe,Intersección,Bueno,Reducida,Nocturna,Buen Tiempo,Lateral,Ciclista,Colisión,Ninguna,S/D,Cordón divisorio,Sin restricción
2021,249,2021-01-05,Martes,21:15:00,,0.0,2,"Moto/Ciclomotor,Moto/Ciclomotor",Av. Gral. Paz Y Ángel Cassanello,3,2,0,0,1,0,0,"-31.6125, -60.67985",Avenida,,SANTA FE,La Capital,Asfalto,No existe,I,Dentro,Urbana,Ninguna,No existe,Intersección,Bueno,Reducida,Nocturna,Buen Tiempo,Lateral,S/D,Colisión,Ninguna,S/D,Cordón divisorio,Sin restricción
2021,250,2021-01-08,Viernes,11:45:00,,0.0,2,"Pickup/Utilitario,Moto/Ciclomotor",Salvador del Carril Y Avellaneda,2,1,0,0,1,0,0,"-31.62113, -60.68277",Avenida,,SANTA FE,La Capital,Asfalto,No existe,I,Dentro,Urbana,Ninguna,No existe,Intersección,Bueno,Buena,Diurna,Buen Tiempo,Lateral,S/D,Colisión,Ninguna,S/D,Cordón divisorio,Sin restricción
2021,251,2021-01-08,Viernes,14:30:00,,0.0,2,"Automóvil,Camión Chasis",Güemes Y Ángel Cassanello,2,1,0,0,1,0,0,"-31.61218, -60.68137",Calle,,SANTA FE,La Capital,Asfalto,No existe,I,Dentro,Urbana,Ninguna,No existe,Intersección,Bueno,Buena,Diurna,Buen Tiempo,Lateral,S/D,Colisión,Ninguna,S/D,Cordón divisorio,Sin restricción
2021,252,2021-01-08,Viernes,23:00:00,,0.0,2,"Automóvil,Moto/Ciclomotor",Candioti Y Quintana,2,1,0,0,1,0,0,"-31.62447, -60.69169",Calle,,SANTA FE,La Capital,Asfalto,No existe,I,Dentro,Urbana,Ninguna,No existe,Intersección,Bueno,Reducida,Nocturna,Buen Tiempo,Lateral,S/D,Colisión,Ninguna,S/D,Cordón divisorio,Sin restricción
2021,253,2021-01-04,Lunes,19:05:00,,0.0,2,"Automóvil,Moto/Ciclomotor",Gdor. Candioti ,2,1,0,0,1,0,0,"-31.40103, -60.74842",Calle,,SANTA FE,La Capital,Asfalto,No existe,I,Dentro,Urbana,S/D,No existe,Intersección,Bueno,S/D,S/D,S/D,Lateral,S/D,Colisión,S/D,S/D,Cordón divisorio,Sin restricción
2021,254,2021-01-02,Sabado,20:30:00,,0.0,2,"Bicicleta,Automóvil",Castellanos Y Lavalle,2,1,0,0,1,0,0,"-31.63741, -60.68988",S/D,,SANTA FE,La Capital,Asfalto,No existe,I,S/D,S/D,S/D,No existe,Intersección,S/D,S/D,Nocturna,S/D,S/D,Ciclista,Colisión,S/D,S/D,Cordón divisorio,Sin restricción
2021,255,2021-01-02,Sabado,20:20:00,,0.0,2,"Automóvil,Moto/Ciclomotor",Avellaneda Y Ituzaingó,2,1,0,0,1,0,0,"-31.6408, -60.68863",Calle,,SANTA FE,La Capital,Asfalto,No existe,I,Dentro,Urbana,S/D,No existe,Intersección,Bueno,S/D,Nocturna,S/D,Lateral,S/D,Colisión,S/D,S/D,Cordón divisorio,Sin restricción
2021,256,2021-01-07,Jueves,13:30:00,,0.0,2,"Moto/Ciclomotor,Moto/Ciclomotor",Belgrano Y Eva Perón,2,1,0,0,1,0,0,"-31.64538, -60.70111",Calle,,SANTA FE,La Capital,Asfalto,No existe,I,Dentro,Urbana,Ninguna,No existe,Intersección,Con baches,Buena,Diurna,Buen Tiempo,Lateral,S/D,Colisión,Ninguna,Faltante,Cordón divisorio,Sin restricción
2021,257,2021-01-08,Viernes,12:15:00,,0.0,2,"Automóvil,Automóvil",Salta Y San Jerónimo,3,1,0,0,2,0,0,"-31.64997, -60.70901",Calle,,SANTA FE,La Capital,Asfalto,No existe,I,S/D,Urbana,Policía de tránsito,No existe,Intersección,Bueno,Buena,Diurna,Buen Tiempo,Lateral,S/D,Colisión,Ninguna,"Horizontal,Vertical",Cordón divisorio,Sin restricción
2021,258,2021-01-03,Domingo,01:00:00,,0.0,2,"Automóvil,Bicicleta",25 de Mayo Y Irigoyen Freyre,2,1,0,0,1,0,0,"-31.64354, -60.70488",Calle,,SANTA FE,La Capital,Asfalto,Pavimento,I,Dentro,Urbana,Policía de tránsito,No existe,Intersección,Bueno,Buena,"Nocturna,Con luz artificial",Buen Tiempo,S/D,Ciclista,Colisión,Ninguna,Faltante,Cordón divisorio,Sin restricción
2021,259,2021-01-03,Domingo,03:00:00,,0.0,2,"Automóvil,Moto/Ciclomotor",1ro de Mayo Y Cándido Pujato,4,3,0,0,1,0,0,"-31.63345, -60.70661",Calle,,SANTA FE,La Capital,Asfalto,Pavimento,I,Dentro,Urbana,Policía de tránsito,No existe,Intersección,Bueno,Buena,Nocturna,Buen Tiempo,Lateral,S/D,Colisión,Ninguna,Faltante,Cordón divisorio,Sin restricción
2021,261,2021-01-01,Viernes,16:05:00,,0.0,2,"Moto/Ciclomotor,Automóvil",Valparaíso Y San Juan,2,1,0,0,1,0,0,"-32.94237, -60.68281",S/D,,ROSARIO,Rosario,S/D,S/D,II,S/D,S/D,Policía de tránsito,S/D,Intersección,S/D,S/D,S/D,S/D,S/D,S/D,Colisión,S/D,S/D,Cordón divisorio,Sin restricción
2021,262,2021-01-01,Viernes,,,0.0,2,"Bicicleta,Automóvil",Formosa Y Pedernera,2,1,0,0,1,0,0,"-33.04704, -61.1936",S/D,,CASILDA,Caseros,S/D,S/D,IV,S/D,S/D,Policía de tránsito,S/D,Intersección,S/D,S/D,S/D,S/D,S/D,Ciclista,Colisión,S/D,S/D,Cordón divisorio,Sin restricción
2021,263,2021-01-01,Viernes,,,0.0,2,"Automóvil,Moto/Ciclomotor",Boulevard Villada Y Washington,3,2,0,0,1,0,0,"-33.04244, -61.17629",S/D,,CASILDA,Caseros,S/D,S/D,IV,S/D,S/D,Policía de tránsito,S/D,Intersección,S/D,S/D,S/D,S/D,S/D,S/D,Colisión,S/D,S/D,Cordón divisorio,Sin restricción
2021,264,2021-01-01,Viernes,,,0.0,2,"Bicicleta,Pickup/Utilitario", ,2,1,0,0,1,0,0,"-33.04444, -61.165",S/D,,CASILDA,Caseros,S/D,S/D,IV,S/D,S/D,Policía de tránsito,S/D,Intersección,S/D,S/D,S/D,S/D,S/D,Ciclista,Colisión,S/D,S/D,Cordón divisorio,Sin restricción
2021,265,2021-01-01,Viernes,16:10:00,,0.0,2,"Moto/Ciclomotor,Bicicleta",Irigoyen Y Luis Braille,2,1,0,0,1,0,0,"-32.75663, -60.73649",S/D,,SAN LORENZO,San Lorenzo,S/D,S/D,XVII,S/D,S/D,Policía de tránsito,S/D,Intersección,S/D,S/D,S/D,S/D,S/D,Ciclista,Colisión,S/D,S/D,Cordón divisorio,Sin restricción
2021,266,2021-01-01,Viernes,,,0.0,2,"Taxi/Remis,Moto/Ciclomotor",Ing. White Y Lavalle,3,2,0,0,1,0,0,"-32.763, -60.73877",S/D,,SAN LORENZO,San Lorenzo,S/D,S/D,XVII,S/D,S/D,Policía de tránsito,S/D,Intersección,S/D,S/D,S/D,S/D,S/D,S/D,Colisión,S/D,S/D,Cordón divisorio,Sin restricción
2021,267,2021-01-01,Viernes,20:30:00,,0.0,2,"Moto/Ciclomotor,Automóvil",Bv Pellegrini ,2,1,0,0,1,0,0,"-32.89861, -60.90923",S/D,,ROLDÁN,San Lorenzo,S/D,S/D,XVII,S/D,S/D,Policía de tránsito,S/D,Intersección,S/D,S/D,S/D,S/D,S/D,S/D,Colisión,S/D,S/D,Cordón divisorio,Sin restricción
2021,268,2021-01-01,Viernes,23:00:00,,0.0,1,Moto/Ciclomotor, ,1,1,0,0,0,0,0,"-32.95846, -60.69045",S/D,,ROSARIO,Rosario,S/D,S/D,II,S/D,S/D,Policía de tránsito,S/D,Intersección,S/D,S/D,S/D,S/D,S/D,S/D,Colisión,S/D,S/D,Cordón divisorio,Sin restricción
2021,270,2021-01-02,Sabado,,Autopista Provincial Brigadier E.LÓPEZ,0.0,1,Moto/Ciclomotor, ,1,1,0,0,0,0,0,"-32.87603, -60.71534",Autopista,Brigadier E.LÓPEZ,SANTA FE,La Capital,S/D,S/D,I,S/D,S/D,Policía de tránsito,S/D,Intersección,S/D,S/D,S/D,S/D,S/D,S/D,Colisión,S/D,S/D,Cordón divisorio,Sin restricción
2021,271,2021-01-02,Sabado,19:30:00,Ruta Provincial 94,0.0,1,Automóvil, ,2,2,0,0,0,0,0,"-34.00434, -61.60514",Ruta,94,VILLA CAÑAS,General LÓPEZ,S/D,S/D,VIII,S/D,S/D,Policía de tránsito,S/D,Intersección,S/D,S/D,S/D,S/D,S/D,S/D,Colisión,S/D,S/D,Cordón divisorio,Sin restricción
2021,272,2021-01-02,Sabado,,,0.0,2,"Automóvil,Moto/Ciclomotor", ,2,1,0,0,1,0,0,"-31.44971, -60.92879",S/D,,ESPERANZA,Las Colonias,S/D,S/D,XI,S/D,S/D,Policía de tránsito,S/D,Intersección,S/D,S/D,S/D,S/D,S/D,S/D,Colisión,S/D,S/D,Cordón divisorio,Sin restricción
2021,273,2021-01-02,Sabado,,,0.0,2,"Automóvil,Moto/Ciclomotor", ,2,1,0,0,1,0,0,"-31.44971, -60.92879",S/D,,ESPERANZA,Las Colonias,S/D,S/D,XI,S/D,S/D,Policía de tránsito,S/D,Intersección,S/D,S/D,S/D,S/D,S/D,S/D,Colisión,S/D,S/D,Cordón divisorio,Sin restricción
2021,274,2021-01-02,Sabado,,,0.0,2,"Automóvil,Moto/Ciclomotor", ,2,1,0,0,1,0,0,"-31.44971, -60.92879",S/D,,ESPERANZA,Las Colonias,S/D,S/D,XI,S/D,S/D,Policía de tránsito,S/D,Intersección,S/D,S/D,S/D,S/D,S/D,S/D,Colisión,S/D,S/D,Cordón divisorio,Sin restricción
2021,275,2021-01-02,Sabado,,,0.0,2,"Pickup/Utilitario,Pickup/Utilitario", ,3,2,0,0,0,0,1,"-29.23024, -61.76459",S/D,,TOSTADO,9 de Julio,S/D,S/D,XII,S/D,S/D,Policía de tránsito,S/D,Intersección,S/D,S/D,S/D,S/D,S/D,S/D,Colisión,S/D,S/D,Cordón divisorio,Sin restricción
2021,276,2021-01-02,Sabado,17:20:00,,0.0,2,"Automóvil,Automóvil",Capitán Bermúdez Y Bme Mitre,2,1,0,0,1,0,0,"-32.0237, -61.22338",S/D,,GÁLVEZ,San JERÓNIMO,S/D,S/D,XV,S/D,S/D,Policía de tránsito,S/D,Intersección,S/D,S/D,S/D,S/D,S/D,S/D,Colisión,S/D,S/D,Cordón divisorio,Sin restricción
2021,277,2021-01-02,Sabado,,,0.0,2,"Ambulancia,Moto/Ciclomotor",Urquiza Y Av. San Martin,2,1,0,0,1,0,0,"-32.74773, -60.73405",S/D,,SAN LORENZO,San Lorenzo,S/D,S/D,XVII,S/D,S/D,Policía de tránsito,S/D,Intersección,S/D,S/D,S/D,S/D,S/D,S/D,Colisión,S/D,S/D,Cordón divisorio,Sin restricción
2021,281,2021-01-03,Domingo,08:05:00,Ruta Nacional 11,0.0,2,"Moto/Ciclomotor,Moto/Ciclomotor",José de San Martin ,2,2,0,0,0,0,0,"-31.97267, -60.92685",Ruta,11,CORONDA,San JERÓNIMO,S/D,S/D,XV,S/D,S/D,Policía de tránsito,S/D,Intersección,S/D,S/D,S/D,S/D,S/D,S/D,Colisión,S/D,S/D,Cordón divisorio,Sin restricción
2021,282,2021-01-04,Lunes,,,0.0,1,Moto/Ciclomotor, ,1,1,0,0,0,0,0,"-31.64927, -60.72951",S/D,,SANTA FE,La Capital,S/D,S/D,I,S/D,S/D,Policía de tránsito,S/D,Intersección,S/D,S/D,S/D,S/D,S/D,S/D,Colisión,S/D,S/D,Cordón divisorio,Sin restricción
2021,283,2021-01-04,Lunes,,,0.0,2,"Pickup/Utilitario,Pickup/Utilitario", ,2,2,0,0,0,0,0,"-31.44941, -60.93034",S/D,,ESPERANZA,Las Colonias,S/D,S/D,XI,S/D,S/D,Policía de tránsito,S/D,Intersección,S/D,S/D,S/D,S/D,S/D,S/D,Colisión,S/D,S/D,Cordón divisorio,Sin restricción
2021,284,2021-01-04,Lunes,,,0.0,1,Moto/Ciclomotor, ,2,2,0,0,0,0,0,"-31.44941, -60.93034",S/D,,ESPERANZA,Las Colonias,S/D,S/D,XI,S/D,S/D,Policía de tránsito,S/D,Intersección,S/D,S/D,S/D,S/D,Atropello animal,S/D,Colisión,S/D,S/D,Cordón divisorio,Sin restricción
2021,285,2021-01-04,Lunes,13:00:00,,0.0,2,"Automóvil,Moto/Ciclomotor",Tucumán Y Urquiza,2,1,0,0,1,0,0,"-31.44941, -60.93034",S/D,,ROLDÁN,San Lorenzo,S/D,S/D,XVII,S/D,S/D,Policía de tránsito,S/D,Intersección,S/D,S/D,S/D,S/D,S/D,S/D,Colisión,S/D,S/D,Cordón divisorio,Sin restricción
2021,287,2021-01-07,Jueves,16:20:00,Ruta Nacional 9,0.0,2,"Automóvil,Automóvil", ,2,1,0,0,1,0,0,"-32.91893, -60.82564",Ruta,9,FUNES,Rosario,S/D,S/D,II,S/D,S/D,Policía de tránsito,S/D,Intersección,S/D,S/D,S/D,S/D,S/D,S/D,Colisión,S/D,S/D,Cordón divisorio,Sin restricción
2021,288,2021-01-07,Jueves,21:45:00,,0.0,2,"Moto/Ciclomotor,Automóvil", ,2,1,0,0,1,0,0,"-33.74694, -61.96956",S/D,,VENADO TUERTO,General LÓPEZ,S/D,S/D,VIII,S/D,S/D,Policía de tránsito,S/D,Intersección,S/D,S/D,S/D,S/D,S/D,S/D,Colisión,S/D,S/D,Cordón divisorio,Sin restricción
2021,289,2021-01-08,Viernes,18:20:00,,0.0,2,"Moto/Ciclomotor,Pickup/Utilitario",Agustín Justo Y Ituzaingó,2,1,0,0,1,0,0,"-29.88655, -60.28914",S/D,,CALCHAQUÍ,Vera,S/D,S/D,XIX,S/D,S/D,Policía de tránsito,S/D,Intersección,S/D,S/D,S/D,S/D,S/D,S/D,Colisión,S/D,S/D,Cordón divisorio,Sin restricción
2021,290,2021-01-03,Domingo,19:00:00,Autopista Nacional 9,269.0,1,Otros, ,1,1,0,0,0,0,0,"-32.9182, -60.83843",Autopista,9,ROSARIO,Rosario,S/D,S/D,II,S/D,S/D,Policía de tránsito,S/D,Intersección,S/D,S/D,S/D,S/D,S/D,S/D,Colisión,S/D,S/D,Cordón divisorio,Sin restricción
2021,291,2021-03-03,Miercoles,23:00:00,,0.0,1,Moto/Ciclomotor,Avenida Tristán Malbrán ,1,1,0,0,0,0,0,"-29.87823, -61.94941",S/D,,CERES,San CRISTÓBAL,S/D,S/D,XIII,S/D,S/D,Policía de tránsito,S/D,Intersección,S/D,S/D,S/D,S/D,S/D,S/D,Colisión,S/D,S/D,Cordón divisorio,Sin restricción
2021,292,2021-03-02,Martes,12:50:00,Ruta Provincial 2,0.0,2,"Camión c / Acoplado,Pickup/Utilitario", ,3,2,0,0,1,0,0,"-30.30104, -61.22393",Ruta,2,LAS AVISPAS,San CRISTÓBAL,"Tierra,Ripio",Ripio,XIII,Dentro,S/D,Policía de tránsito,No existe,Intersección,Otro,Reducida polvo,Diurna,Buen Tiempo,Otro,S/D,Colisión,Material Suelto,Faltante,Cordón divisorio,Sin restricción
2021,293,2021-03-05,Viernes,12:40:00,,0.0,2,"Moto/Ciclomotor,Automóvil",Calle 15 Y Calle 28,2,1,0,0,1,0,0,"-32.68013, -61.51238",Calle,,LAS PAREJAS,Belgrano,Ripio,No existe,III,Dentro,Urbana,Policía de tránsito,No existe,Intersección,Bueno,Buena,Diurna,Buen Tiempo,Lateral,S/D,Colisión,Ninguna,Faltante,Cordón divisorio,Sin restricción
2021,295,2021-03-06,Sabado,19:15:00,Ruta Provincial 13,0.0,1,Automóvil, ,1,1,0,0,0,0,0,"-30.66311, -61.3243",Ruta,13,CONSTANZA,San CRISTÓBAL,Asfalto,No existe,XIII,S/D,S/D,Policía de tránsito,No existe,Intersección,Con baches,Buena,Atardecer,Buen Tiempo,S/D,S/D,Colisión,Ninguna,Faltante,Cordón divisorio,Sin restricción
2021,296,2021-03-05,Viernes,17:30:00,,0.0,2,"Moto/Ciclomotor,Automóvil",Bv 14 de Diciembre Y San Luis,2,1,0,0,1,0,0,"-32.78085, -61.6079",Calle,,ARMSTRONG,Belgrano,Asfalto,No existe,III,S/D,Urbana,Policía de tránsito,No existe,Intersección,Bueno,Buena,Diurna,Buen Tiempo,De alcance,S/D,Colisión,Ninguna,Vertical,Cordón divisorio,Sin restricción
2021,297,2021-03-05,Viernes,11:30:00,,0.0,2,"Pickup/Utilitario,Moto/Ciclomotor",Cortada 21 bis Y Calle 24,2,1,0,0,1,0,0,"-32.68048, -61.515",Avenida,,LAS PAREJAS,Belgrano,Ripio,No existe,III,Dentro,Urbana,Policía de tránsito,No existe,Intersección,Bueno,Buena,Diurna,Buen Tiempo,Lateral,S/D,Colisión,Ninguna,Faltante,Cordón divisorio,Sin restricción
2021,298,2021-03-07,Domingo,12:40:00,,0.0,1,Moto/Ciclomotor,Calle 5 Y Calle 24,2,1,0,0,1,0,0,"-32.68723, -61.51607",Calle,,LAS PAREJAS,Belgrano,Ripio,Pavimento,III,Dentro,Urbana,Ninguna,No existe,Intersección,Deteriorada,Buena,Diurna,Buen Tiempo,Otro,S/D,Colisión,Ninguna,Faltante,Cordón divisorio,Sin restricción
2021,300,2021-03-06,Sabado,19:55:00,Ruta Nacional 178,800.0,2,"Moto/Ciclomotor,Automóvil", ,6,1,0,0,5,0,0,"-32.47687, -61.58944",Ruta,178,LAS ROSAS,Belgrano,Asfalto,Ripio,III,Dentro,Rural,Ninguna,No existe,Intersección,Bueno,Buena,Atardecer,Buen Tiempo,De alcance,S/D,Colisión,Ninguna,Faltante,Cordón divisorio,Sin restricción
2021,301,2021-03-06,Sabado,22:30:00,Ruta Provincial 1,30.0,1,Moto/Ciclomotor, ,2,2,0,0,0,0,0,"-31.49139, -60.43362",Ruta,1,LOS ZAPALLOS,Garay,S/D,S/D,VII,S/D,Urbana,S/D,S/D,Intersección,S/D,S/D,S/D,S/D,Atropello animal,S/D,Colisión,S/D,S/D,Cordón divisorio,Sin restricción
2021,302,2021-03-07,Domingo,08:45:00,Ruta Provincial 1,78.0,1,Automóvil, ,1,1,0,0,0,0,0,"-31.1339, -60.12964",Ruta,1,CAMPO DEL MEDIO,Garay,Asfalto,Natural,VII,Fuera,Rural,Ninguna,No existe,Intersección,Ahuellamiento,Buena,Diurna,Buen Tiempo,S/D,S/D,Colisión,Ninguna,Faltante,Cordón divisorio,Sin restricción
2021,303,2021-03-07,Domingo,21:20:00,Ruta Provincial 1,35.0,2,"Automóvil,Camión Chasis", ,2,1,0,0,1,0,0,"-31.39365, -60.32091",Ruta,1,SANTA ROSA DE CALCHINES,Garay,Asfalto,Natural,VII,S/D,S/D,Ninguna,No existe,Intersección,Bueno,Buena,Nocturna,Buen Tiempo,Lateral,S/D,Colisión,Ninguna,S/D,Cordón divisorio,Sin restricción
2021,304,2021-03-07,Domingo,,Ruta Provincial 1,37.0,2,"Automóvil,Moto/Ciclomotor", ,3,2,0,0,1,0,0,"-31.42495, -60.34308",Ruta,1,SANTA ROSA DE CALCHINES,Garay,Hormigón,Pavimento,VII,S/D,Urbana,Ninguna,No existe,Intersección,Bueno,Buena,Diurna,Buen Tiempo,S/D,S/D,Colisión,Ninguna,Faltante,Cordón divisorio,Sin restricción
2021,305,2021-01-01,Viernes,16:30:00,Autopista Provincial Brigadier E.LÓPEZ,152.0,1,Automóvil, ,1,1,0,0,0,0,0,"-31.62418, -60.76148",Autopista,Brigadier E.LÓPEZ,SANTA FE,La Capital,S/D,S/D,I,S/D,S/D,S/D,S/D,Intersección,S/D,S/D,S/D,S/D,S/D,S/D,Colisión,S/D,S/D,Cordón divisorio,Sin restricción
2021,306,2021-01-01,Viernes,01:40:00,,0.0,2,"Pickup/Utilitario,Moto/Ciclomotor",Avenida San Martin ,2,1,0,0,1,0,0,"-31.62418, -60.76148",S/D,,VILLA OCAMPO,General Obligado,S/D,S/D,IX,S/D,S/D,S/D,S/D,Intersección,S/D,S/D,S/D,S/D,S/D,S/D,Colisión,S/D,S/D,Cordón divisorio,Sin restricción
2021,307,2021-01-01,Viernes,16:00:00,,0.0,2,"Moto/Ciclomotor,Automóvil",Calle 20 9 de Julio Y Calle 21-Gdor. Iriondo,5,1,0,0,4,0,0,"-29.14732, -59.64776",S/D,,RECONQUISTA,General Obligado,S/D,S/D,IX,S/D,S/D,S/D,S/D,Intersección,S/D,S/D,S/D,S/D,S/D,S/D,Colisión,S/D,S/D,Cordón divisorio,Sin restricción
2021,308,2021-01-01,Viernes,,,0.0,1,Automóvil,Luis Braille Y 3 de Febrero,1,1,0,0,0,0,0,"-32.74397, -60.73724",S/D,,SAN LORENZO,San Lorenzo,S/D,S/D,XVII,S/D,S/D,S/D,S/D,Intersección,S/D,S/D,S/D,S/D,S/D,S/D,Colisión,S/D,S/D,Cordón divisorio,Sin restricción
2021,309,2021-01-01,Viernes,05:30:00,,0.0,1,Pickup/Utilitario,1 DE MAYO Y LAGOMERSINO,1,1,0,0,0,0,0,"-32.70322, -60.81618",S/D,,ALDAO,San Lorenzo,S/D,S/D,XVII,S/D,S/D,S/D,S/D,Intersección,S/D,S/D,S/D,S/D,S/D,S/D,Colisión,S/D,S/D,Cordón divisorio,Sin restricción
2021,310,2021-01-01,Viernes,19:15:00,,0.0,1,Pickup/Utilitario,Calle 101 ,2,2,0,0,0,0,0,"-29.11288, -59.72812",S/D,,RECONQUISTA,General Obligado,S/D,S/D,IX,S/D,S/D,S/D,S/D,Intersección,S/D,S/D,S/D,S/D,S/D,S/D,Colisión,S/D,S/D,Cordón divisorio,Sin restricción
2021,311,2021-01-01,Viernes,05:00:00,,0.0,2,"Automóvil,Peatón",Av. Filipini Y García González,9,9,0,0,0,0,0,"-33.02519, -60.63719",S/D,,VILLA GOBERNADOR GÁLVEZ,Rosario,S/D,S/D,II,S/D,S/D,S/D,S/D,Intersección,S/D,S/D,S/D,S/D,S/D,Peatón,Colisión,S/D,S/D,Cordón divisorio,Sin restricción
2021,313,2021-01-02,Sabado,,,0.0,1,Moto/Ciclomotor,Vera Peñaloza Y Juan B Justo,1,1,0,0,0,0,0,"-31.25565, -61.51692",S/D,,RAFAELA,Castellanos,S/D,S/D,V,S/D,S/D,S/D,S/D,Intersección,S/D,S/D,S/D,S/D,S/D,S/D,Colisión,S/D,S/D,Cordón divisorio,Sin restricción
2021,314,2021-01-02,Sabado,20:00:00,,0.0,2,"Automóvil,Moto/Ciclomotor",27 de setiembre ,2,1,0,0,1,0,0,"-31.23765, -61.50363",S/D,,RAFAELA,Castellanos,S/D,S/D,V,S/D,S/D,S/D,S/D,Intersección,S/D,S/D,S/D,S/D,S/D,S/D,Colisión,S/D,S/D,Cordón divisorio,Sin restricción
2021,315,2021-01-02,Sabado,,S/D Provincial 17,0.0,2,"Pickup/Utilitario,Camión", ,2,1,0,0,1,0,0,"-29.86912, -61.92677",S/D,17,CERES,San CRISTÓBAL,S/D,S/D,V,S/D,S/D,S/D,S/D,Intersección,S/D,S/D,S/D,S/D,S/D,S/D,Colisión,S/D,S/D,Cordón divisorio,Sin restricción
2021,316,2021-01-02,Sabado,11:50:00,,0.0,2,"Moto/Ciclomotor,Pickup/Utilitario",Calle 23-Gral López Y Calle 26 - Bolívar,2,1,0,0,1,0,0,"-29.14802, -59.65156",S/D,,RECONQUISTA,General Obligado,S/D,S/D,IX,S/D,S/D,S/D,S/D,Intersección,S/D,S/D,S/D,S/D,S/D,S/D,Colisión,S/D,S/D,Cordón divisorio,Sin restricción
2021,317,2021-01-02,Sabado,,,0.0,2,"Moto/Ciclomotor,Automóvil",Calle 26 - Bolívar Y Calle 65-Canada,3,2,0,0,1,0,0,"-29.1679, -59.65517",S/D,,RECONQUISTA,General Obligado,S/D,S/D,IX,S/D,S/D,S/D,S/D,Intersección,S/D,S/D,S/D,S/D,S/D,S/D,Colisión,S/D,S/D,Cordón divisorio,Sin restricción
2021,318,2021-01-03,Domingo,10:25:00,,0.0,2,"Moto/Ciclomotor,Automóvil",Calle 45-47 Paraguay 1643,2,1,0,0,1,0,0,"-29.15904, -59.65268",S/D,,RECONQUISTA,General Obligado,S/D,S/D,IX,S/D,S/D,S/D,S/D,Intersección,S/D,S/D,S/D,S/D,S/D,S/D,Colisión,S/D,S/D,Cordón divisorio,Sin restricción
2021,319,2021-01-03,Domingo,18:10:00,Ruta Nacional 33,0.0,1,Automóvil, ,1,1,0,0,0,0,0,"-33.73986, -62.02811",Ruta,33,VENADO TUERTO,General LÓPEZ,S/D,S/D,VIII,S/D,S/D,S/D,S/D,Intersección,S/D,S/D,S/D,S/D,S/D,S/D,Colisión,S/D,S/D,Cordón divisorio,Sin restricción
2021,320,2021-01-03,Domingo,,Ruta Nacional 8,0.0,1,Automóvil, ,2,2,0,0,0,0,0,"-33.7293, -61.99378",Ruta,8,VENADO TUERTO,General LÓPEZ,S/D,S/D,VIII,S/D,S/D,S/D,S/D,Intersección,S/D,S/D,S/D,S/D,S/D,S/D,Colisión,S/D,S/D,Cordón divisorio,Sin restricción
2021,321,2021-01-04,Lunes,08:00:00,Ruta Nacional 34,347.0,1,Pickup/Utilitario, ,2,2,0,0,0,0,0,"-29.52261, -62.27206",Ruta,34,TOSTADO,9 de Julio,S/D,S/D,XII,S/D,S/D,S/D,S/D,Intersección,S/D,S/D,S/D,S/D,S/D,S/D,Colisión,S/D,S/D,Cordón divisorio,Sin restricción
2021,323,2021-01-04,Lunes,17:30:00,,0.0,3,"Pickup/Utilitario,Moto/Ciclomotor,Moto/Ciclomotor",Roca Pte. 2334,3,2,0,0,1,0,0,"-29.15479, -59.64526",S/D,,RECONQUISTA,General Obligado,S/D,S/D,IX,S/D,S/D,S/D,S/D,Intersección,S/D,S/D,S/D,S/D,S/D,S/D,Colisión,S/D,S/D,Cordón divisorio,Sin restricción
2021,326,2021-01-05,Martes,09:10:00,,0.0,2,"Moto/Ciclomotor,Automóvil",Quintana Y Tomas Alva Edison,2,1,0,0,1,0,0,"-33.74061, -61.98397",S/D,,VENADO TUERTO,General LÓPEZ,S/D,S/D,VIII,S/D,S/D,S/D,S/D,Intersección,S/D,S/D,S/D,S/D,S/D,S/D,Colisión,S/D,S/D,Cordón divisorio,Sin restricción