anio_acci,nro_acci,fecha,desc_dia,hora_aprox,desc_ruta,km,cant_participantes,desc_participante,calle_avenida_km,total,heridos_leves,heridos_graves,heridos_gravisimos,ilesos,fallecidos,sin_datos,posicion_XY,desc_tipo_via,desc_ruta_ori,desc_loc,desc_dpto,desc_tipo_calzada,desc_tipo_banquina,desc_unidad_regional,desc_lugar_calzada,desc_zona,desc_prioridad,desc_estado_semaforo,desc_lugar_via,desc_estado_via,desc_estado_visibilidad,desc_luminosidad,desc_estado_clima,desc_tipo_colision,desc_tipo_atropello,desc_tipo_hecho,desc_pres_calzada,desc_senializacion,desc_separacion_via,desc_restriccion
2021,328,2021-01-06,Miercoles,13:59:00,,0.0,2,"Automóvil,Moto/Ciclomotor",Uruguay Y Cabral,5,2,0,0,3,0,0,"-33.7555, -61.95535",S/D,,VENADO TUERTO,General LÓPEZ,S/D,S/D,VIII,S/D,S/D,S/D,S/D,Intersección,S/D,S/D,S/D,S/D,S/D,S/D,Colisión,S/D,S/D,Cordón divisorio,Sin restricción
2021,329,2021-01-06,Miercoles,11:03:00,,0.0,3,"Moto/Ciclomotor,Automóvil,Automóvil",Guillermo Brown Y Juan Lavalle,3,1,0,0,2,0,0,"-33.74229, -61.97427",S/D,,VENADO TUERTO,General LÓPEZ,S/D,S/D,VIII,S/D,S/D,S/D,S/D,Intersección,S/D,S/D,S/D,S/D,S/D,S/D,Colisión,S/D,S/D,Cordón divisorio,Sin restricción
2021,330,2021-01-06,Miercoles,,Autopista Nacional Rosario -Cordoba,0.0,2,"Camión,Automóvil", ,3,3,0,0,0,0,0,"-32.92752, -60.89541",Autopista,Rosario -Cordoba,ROLDÁN,San Lorenzo,S/D,S/D,XVII,S/D,S/D,S/D,S/D,Intersección,S/D,S/D,S/D,S/D,S/D,S/D,Colisión,S/D,S/D,Cordón divisorio,Sin restricción
2021,331,2021-01-06,Miercoles,12:00:00,,0.0,2,"Automóvil,Moto/Ciclomotor",Calle 29-Alte Brown Y Calle 46,3,2,0,0,1,0,0,"-29.14994, -59.66462",S/D,,RECONQUISTA,General Obligado,S/D,S/D,IX,S/D,S/D,S/D,S/D,Intersección,S/D,S/D,S/D,S/D,S/D,S/D,Colisión,S/D,S/D,Cordón divisorio,Sin restricción
2021,332,2021-01-06,Miercoles,,,0.0,2,"Pickup/Utilitario,Moto/Ciclomotor",Calle 13-Iturraspe 940,2,1,0,0,1,0,0,"-29.1429, -59.64769",S/D,,RECONQUISTA,General Obligado,S/D,S/D,IX,S/D,S/D,S/D,S/D,Intersección,S/D,S/D,S/D,S/D,S/D,S/D,Colisión,S/D,S/D,Cordón divisorio,Sin restricción
2021,334,2021-01-07,Jueves,19:10:00,,0.0,2,"Automóvil,Moto/Ciclomotor",Calle 37-Bvard. Lovato Y Calle 12 San Martin,2,1,0,0,1,0,0,"-29.14962, -59.64679",S/D,,RECONQUISTA,General Obligado,S/D,S/D,IX,S/D,S/D,S/D,S/D,Intersección,S/D,S/D,S/D,S/D,S/D,S/D,Colisión,S/D,S/D,Cordón divisorio,Sin restricción
2021,335,2021-01-08,Viernes,08:20:00,,0.0,2,"Moto/Ciclomotor,Moto/Ciclomotor",Italia Y Alvear,3,3,0,0,0,0,0,"-33.7451, -61.95891",S/D,,VENADO TUERTO,General LÓPEZ,S/D,S/D,VIII,S/D,S/D,S/D,S/D,Intersección,S/D,S/D,S/D,S/D,S/D,S/D,Colisión,S/D,S/D,Cordón divisorio,Sin restricción
2021,337,2021-03-09,Martes,17:00:00,,0.0,2,"Pickup/Utilitario,Moto/Ciclomotor",25 de Mayo Y Belgrano,2,1,0,0,1,0,0,"-31.31174, -60.66336",Calle,,LAGUNA PAIVA,La Capital,Ripio,No existe,I,S/D,Urbana,Ninguna,No existe,Intersección,Bueno,Buena,Diurna,Buen Tiempo,Lateral,S/D,Colisión,Ninguna,Faltante,Cordón divisorio,Sin restricción
2021,338,2021-03-15,Lunes,,,0.0,2,"Moto/Ciclomotor,Automóvil",General Paz ,3,2,0,0,1,0,0,"-31.45673, -60.93579",Calle,,ESPERANZA,Las Colonias,Asfalto,Pavimento,XI,Dentro,Urbana,Ninguna,No existe,Intersección,Resbaladiza,Buena,Diurna,Lluvia,Frontal,S/D,Colisión,Agua,Vertical,Cordón divisorio,Sin restricción
2021,339,2021-03-08,Lunes,18:30:00,,0.0,2,"Automóvil,Pickup/Utilitario",Av. Los Colonizadores Y Nicolas Schneider,3,1,0,0,2,0,0,"-31.45042, -60.92403",Avenida,,ESPERANZA,Las Colonias,Asfalto,S/D,XI,Dentro,Urbana,S/D,No existe,Intersección,Bueno,Buena,Diurna,Buen Tiempo,Frontal,S/D,Colisión,Ninguna,S/D,Cordón divisorio,Sin restricción
2021,340,2021-03-15,Lunes,20:25:00,,0.0,2,"Moto/Ciclomotor,Otros",Alvear Y Sargento Cabral,2,1,0,0,0,0,1,"-31.64072, -60.69766",Calle,,SANTA FE,La Capital,Asfalto,No existe,I,Dentro,Urbana,S/D,No existe,Intersección,Bueno,S/D,Diurna,S/D,S/D,S/D,Colisión,S/D,S/D,Cordón divisorio,Sin restricción
2021,341,2021-03-10,Miercoles,17:25:00,,0.0,2,"Automóvil,Moto/Ciclomotor",Av. 7 Jefes Y Domingo Silva,2,1,0,0,1,0,0,"-31.63532, -60.68112",Calle,,SANTA FE,La Capital,Asfalto,No existe,I,Dentro,Urbana,S/D,No existe,Intersección,Bueno,S/D,Atardecer,S/D,Lateral,S/D,Colisión,S/D,S/D,Cordón divisorio,Sin restricción
2021,342,2021-03-09,Martes,12:20:00,,0.0,2,"Moto/Ciclomotor,Automóvil",Rivadavia Y Primera Junta,2,1,0,0,1,0,0,"-31.6482, -60.70582",Avenida,,SANTA FE,La Capital,Asfalto,Pavimento,I,S/D,Urbana,Semáforo,Funciona,Intersección,Bueno,Buena,Diurna,Buen Tiempo,S/D,S/D,Colisión,Ninguna,S/D,Cordón divisorio,Sin restricción
2021,343,2021-03-10,Miercoles,09:20:00,,0.0,2,"Moto/Ciclomotor,Automóvil",1ro de Mayo Y Irigoyen Freyre,2,1,0,0,1,0,0,"-31.64269, -60.70946",Calle,,SANTA FE,La Capital,Asfalto,Pavimento,I,Dentro,Urbana,Ninguna,No existe,Intersección,Bueno,Buena,Amanecer,Buen Tiempo,Lateral,S/D,Colisión,Ninguna,S/D,Cordón divisorio,Sin restricción
2021,344,2021-03-10,Miercoles,20:50:00,,0.0,2,"Peatón,Otros",Rivadavia Y Santiago del Estero,2,1,0,0,0,0,1,"-31.638339984575, -60.701782611103",Calle,,SANTA FE,La Capital,Asfalto,Pavimento,I,Dentro,Urbana,Semáforo,Funciona,Intersección,Bueno,Buena,"Nocturna,Con luz artificial",Buen Tiempo,S/D,Peatón,Colisión,Ninguna,Faltante,Cordón divisorio,Sin restricción
2021,345,2021-03-09,Martes,07:45:00,,0.0,2,"Automóvil,Automóvil",Belgrano Y Junín,2,1,0,0,1,0,0,"-31.63993, -60.69966",Calle,,SANTA FE,La Capital,Asfalto,Pavimento,I,Dentro,Urbana,Ninguna,No existe,Intersección,Bueno,Buena,Diurna,Buen Tiempo,Lateral,S/D,Colisión,Ninguna,Faltante,Cordón divisorio,Sin restricción
2021,346,2021-03-12,Viernes,23:00:00,,0.0,1,Moto/Ciclomotor,1ro de Mayo Y Aragón,1,1,0,0,0,0,0,"-31.263008288722, -60.764627813341",Calle,,NELSON,La Capital,Tierra,No existe,I,S/D,Urbana,Ninguna,No existe,Intersección,Bueno,Buena,Con luz artificial,Buen Tiempo,S/D,S/D,Colisión,Ninguna,Faltante,Cordón divisorio,Sin restricción
2021,347,2021-03-11,Jueves,20:45:00,Ruta Secundaria 69-s,0.0,1,Automóvil, ,5,2,0,0,3,0,0,"-30.85926, -60.98295",Ruta,69-s,LA PELADA,Las Colonias,Tierra,Natural,XI,Fuera,Rural,Ninguna,No existe,Intersección,Otro,Reducida polvo,Nocturna,Buen Tiempo,Contra objeto fijo,S/D,Colisión,Material Suelto,Faltante,Cordón divisorio,Sin restricción
2021,349,2021-03-10,Miercoles,12:00:00,,0.0,2,"Moto/Ciclomotor,Automóvil", ,3,2,0,0,1,0,0,"-31.64244, -60.7244",Calle,,SANTA FE,La Capital,S/D,S/D,I,S/D,Urbana,S/D,S/D,Intersección,S/D,S/D,S/D,S/D,S/D,S/D,Colisión,S/D,S/D,Cordón divisorio,Sin restricción
2021,350,2021-03-12,Viernes,19:00:00,,0.0,2,"Automóvil,Moto/Ciclomotor",Juan de Garay Y San Lorenzo,2,1,0,0,1,0,0,"-31.65065, -60.71868",Calle,,SANTA FE,La Capital,Asfalto,S/D,I,S/D,Urbana,Ninguna,S/D,Intersección,Con baches,Buena,Atardecer,Buen Tiempo,S/D,S/D,Colisión,Ninguna,S/D,Cordón divisorio,Sin restricción
2021,351,2021-03-12,Viernes,12:30:00,,0.0,2,"Automóvil,Moto/Ciclomotor",Av. Freyre Y Uruguay,2,1,0,0,1,0,0,"-31.65913, -60.72258",Avenida,,SANTA FE,La Capital,Asfalto,S/D,I,S/D,Urbana,Ninguna,S/D,Intersección,Con baches,Buena,Diurna,Buen Tiempo,S/D,S/D,Colisión,Ninguna,S/D,Cordón divisorio,Sin restricción
2021,352,2021-03-15,Lunes,18:40:00,,0.0,2,"Moto/Ciclomotor,Automóvil",3 de Febrero Y Francia,3,1,0,0,2,0,0,"-31.65678, -60.71786",Calle,,SANTA FE,La Capital,Asfalto,S/D,I,S/D,Urbana,Ninguna,S/D,Intersección,Con baches,S/D,Atardecer,Buen Tiempo,S/D,S/D,Colisión,Ninguna,S/D,Cordón divisorio,Sin restricción
2021,353,2021-03-09,Martes,07:50:00,,0.0,2,"Moto/Ciclomotor,Pickup/Utilitario",Bv Gálvez Y Belgrano,2,1,0,0,1,0,0,"-31.63665, -60.69869",Avenida,,SANTA FE,La Capital,Asfalto,No existe,I,Dentro,Urbana,S/D,Funciona,Intersección,Bueno,S/D,Diurna,S/D,Lateral,S/D,Colisión,S/D,S/D,Cordón divisorio,Sin restricción
2021,354,2021-03-09,Martes,15:00:00,,0.0,2,"Moto/Ciclomotor,Automóvil",Chacabuco Y Las Heras,2,1,0,0,1,0,0,"-31.63397, -60.69678",Calle,,SANTA FE,La Capital,Asfalto,No existe,I,Dentro,Urbana,S/D,No existe,Intersección,Bueno,S/D,Diurna,S/D,Lateral,S/D,Colisión,S/D,S/D,Cordón divisorio,Sin restricción
2021,355,2021-03-14,Domingo,13:40:00,,0.0,2,"Moto/Ciclomotor,Automóvil",Av. Leandro Alem Y Candioti,2,1,0,0,1,0,0,"-31.64604, -60.69804",Avenida,,SANTA FE,La Capital,Asfalto,No existe,I,Dentro,Urbana,S/D,Funciona,Intersección,Bueno,S/D,Diurna,S/D,Lateral,S/D,Colisión,S/D,S/D,Cordón divisorio,Sin restricción
2021,356,2021-03-11,Jueves,07:00:00,Ruta Provincial 21,0.0,2,"Moto/Ciclomotor,Automóvil",Av. Gral. San Martin Y Av. Juan Domingo Perón,2,1,0,0,1,0,0,"-33.02551, -60.62475",Ruta,21,VILLA GOBERNADOR GÁLVEZ,Rosario,Asfalto,No existe,II,Dentro,Urbana,Ninguna,Funciona,Intersección,Bueno,Buena,Diurna,Buen Tiempo,Lateral,S/D,Colisión,Ninguna,Faltante,Cordón divisorio,Sin restricción
2021,358,2021-03-15,Lunes,09:20:00,,0.0,2,"Automóvil,Moto/Ciclomotor",Junín Y Pje. Descartes Bis,2,1,0,0,1,0,0,"-32.92717, -60.69707",Calle,,ROSARIO,Rosario,Asfalto,No existe,II,S/D,Urbana,Ninguna,No existe,Intersección,S/D,Buena,Diurna,S/D,Lateral,S/D,Colisión,S/D,Faltante,Cordón divisorio,Sin restricción
2021,361,2021-03-11,Jueves,15:45:00,Ruta Nacional 33,782.0,2,"Moto/Ciclomotor,Automóvil", ,2,1,0,0,1,0,0,"-33.00984, -60.7993",Ruta,33,PEREZ,Rosario,Asfalto,Pavimento,II,Dentro,Rural,Ninguna,No existe,Intersección,Bueno,Buena,Diurna,Buen Tiempo,Lateral,S/D,Colisión,Ninguna,S/D,Cordón divisorio,Sin restricción
2021,362,2021-03-15,Lunes,08:55:00,Ruta Nacional 33,0.0,2,"Automóvil,Moto/Ciclomotor",Gral. Bettucci Y Ruta Nac 33,2,1,0,0,1,0,0,"-32.99483, -60.76409",Ruta,33,PEREZ,Rosario,"Asfalto,Ripio",Ripio,II,Dentro,Urbana,Ninguna,Funciona,Intersección,"Bueno,Con baches",Buena,Diurna,Buen Tiempo,Lateral,S/D,Colisión,Ninguna,Vertical,Cordón divisorio,Sin restricción
2021,363,2021-03-09,Martes,17:50:00,Ruta Provincial 21,0.0,2,"Automóvil,Moto/Ciclomotor",SAN JUAN Y RUTA 21,2,1,0,0,1,0,0,"-33.07788, -60.57551",Ruta,21,PUEBLO ESTHER,Rosario,Asfalto,Pavimento,II,Dentro,Urbana,Ninguna,No existe,Intersección,Bueno,Buena,Diurna,Otro,Otro,S/D,Colisión,Otro,Faltante,Cordón divisorio,Sin restricción
2021,364,2021-03-12,Viernes,18:30:00,,0.0,2,"Moto/Ciclomotor,Pickup/Utilitario",Bv San diego Y Buenos Aires,2,1,0,0,1,0,0,"-33.01953, -60.63862",Calle,,VILLA GOBERNADOR GÁLVEZ,Rosario,Asfalto,No existe,II,S/D,Urbana,Ninguna,No existe,Intersección,Con baches,Buena,Diurna,Otro,S/D,S/D,Colisión,Ninguna,Faltante,Cordón divisorio,Sin restricción
2021,365,2021-03-09,Martes,21:40:00,,0.0,1,Moto/Ciclomotor,Av. Juan Domingo Perón Y Fornieles,1,1,0,0,0,0,0,"-33.02171, -60.6215",Avenida,,VILLA GOBERNADOR GÁLVEZ,Rosario,Asfalto,No existe,II,S/D,Urbana,Ninguna,No existe,Intersección,Bueno,Buena,"Nocturna,Con luz artificial",Buen Tiempo,Contra objeto fijo,S/D,Colisión,Ninguna,Faltante,Cordón divisorio,Sin restricción
2021,366,2021-03-09,Martes,20:30:00,,0.0,2,"Peatón,Pickup/Utilitario",Gdor. Freyre Y Gutiérrez,2,1,0,0,1,0,0,"-31.62118, -60.7115",Calle,,SANTA FE,La Capital,Asfalto,No existe,I,S/D,Urbana,Semáforo,Funciona,Intersección,Bueno,Buena,Con luz artificial,Buen Tiempo,S/D,Peatón,Colisión,S/D,S/D,Cordón divisorio,Sin restricción
2021,367,2021-03-09,Martes,12:10:00,,0.0,2,"Pickup/Utilitario,Pickup/Utilitario",Av. Peñaloza Y Fray C Rodríguez,2,1,0,0,1,0,0,"-31.61868, -60.71348",Avenida,,SANTA FE,La Capital,Asfalto,No existe,I,S/D,Urbana,Semáforo,Funciona,Intersección,Bueno,Buena,Diurna,Buen Tiempo,Lateral,S/D,Colisión,Ninguna,Vertical,Cordón divisorio,Sin restricción
2021,368,2021-02-19,Viernes,11:30:00,,0.0,2,"Pickup/Utilitario,Moto/Ciclomotor",CAMINO DE LOS GRANADEROS Y JUAN PABLO II,2,1,0,0,1,0,0,"-32.885167599254,-60.710699585278",Calle,,ROSARIO,Rosario,Asfalto,No existe,II,Dentro,Urbana,Semáforo,Funciona,Intersección,Bueno,Buena,Diurna,Buen Tiempo,S/D,S/D,Colisión,Ninguna,"Horizontal,Vertical",Cordón divisorio,Sin restricción
2021,369,2021-03-15,Lunes,07:00:00,,0.0,2,"Moto/Ciclomotor,Automóvil",Dr. Zavalla 2800,2,1,0,0,1,0,0,"-31.62086, -60.71281",Calle,,SANTA FE,La Capital,Asfalto,No existe,I,S/D,Urbana,Ninguna,No existe,Intersección,Bueno,Buena,Diurna,Buen Tiempo,Lateral,S/D,Colisión,Ninguna,Faltante,Cordón divisorio,Sin restricción
2021,370,2021-03-12,Viernes,12:45:00,,0.0,2,"Moto/Ciclomotor,Automóvil",Francia Y Irigoyen Freyre,3,1,0,0,2,0,0,"-31.64195, -60.71348",Calle,,SANTA FE,La Capital,Asfalto,No existe,I,S/D,Urbana,Ninguna,No existe,Intersección,Bueno,Buena,Diurna,Buen Tiempo,Lateral,S/D,Colisión,Ninguna,Vertical,Cordón divisorio,Sin restricción
2021,372,2021-03-15,Lunes,,,0.0,2,"Moto/Ciclomotor,Moto/Ciclomotor",Domingo Faustino Sarmiento ,2,2,0,0,0,0,0,"-31.43601, -60.92749",Calle,,ESPERANZA,Las Colonias,Asfalto,S/D,XI,S/D,Urbana,S/D,No existe,Intersección,Bueno,Buena,Diurna,Buen Tiempo,S/D,S/D,Colisión,Ninguna,"Horizontal,Vertical",Cordón divisorio,Sin restricción
2021,373,2021-02-01,Lunes,18:10:00,,0.0,2,"Moto/Ciclomotor,Automóvil",Av. de los Trabaj. Ferroviario 1400,3,1,0,0,2,0,0,"-30.306772251195,-61.235889856798",Avenida,,SAN CRISTÓBAL,San CRISTÓBAL,Asfalto,No existe,XIII,Dentro,Urbana,Ninguna,No existe,Intersección,Bueno,Buena,Diurna,Buen Tiempo,De alcance,S/D,Colisión,Ninguna,Faltante,Cordón divisorio,Sin restricción
2021,374,2021-03-02,Martes,13:00:00,,0.0,2,"Automóvil,Automóvil",San Martin Y Hilarion de la Quintana,3,1,0,0,2,0,0,"-33.00095, -60.6488",Calle,,ROSARIO,Rosario,Asfalto,Pavimento,II,S/D,Urbana,Semáforo,Funciona,Intersección,Bueno,Buena,Diurna,Buen Tiempo,Contra objeto fijo,S/D,Colisión,Ninguna,"Horizontal,Vertical",Cordón divisorio,Sin restricción
2021,376,2021-03-01,Lunes,21:10:00,,0.0,1,Otros, ,2,2,0,0,0,0,0,"-32.9587, -60.69303",S/D,,ROSARIO,Rosario,S/D,S/D,II,S/D,S/D,S/D,S/D,Intersección,S/D,S/D,S/D,S/D,S/D,S/D,Colisión,S/D,S/D,Cordón divisorio,Sin restricción
2021,377,2021-03-05,Viernes,17:45:00,,0.0,2,"Moto/Ciclomotor,Taxi/Remis",Balcarce Y Garibaldi,2,1,0,0,1,0,0,"-32.98353, -60.66188",S/D,,ROSARIO,Rosario,Asfalto,S/D,II,S/D,S/D,Ninguna,S/D,Intersección,Bueno,S/D,S/D,S/D,Lateral,S/D,Colisión,Ninguna,Faltante,Cordón divisorio,Sin restricción
2021,378,2021-03-06,Sabado,08:30:00,,0.0,2,"Moto/Ciclomotor,Moto/Ciclomotor",Ayacucho Y Rafael Arrieta,3,3,0,0,0,0,0,"-33.00904, -60.63575",S/D,,ROSARIO,Rosario,Asfalto,No existe,II,S/D,S/D,Ninguna,No existe,Intersección,Bueno,Buena,Diurna,Buen Tiempo,Lateral,S/D,Colisión,Ninguna,Faltante,Cordón divisorio,Sin restricción
2021,379,2021-03-15,Lunes,18:50:00,,0.0,2,"Moto/Ciclomotor,Automóvil",Güemes Y Dr. Romang,2,1,0,0,1,0,0,"-31.45514, -60.92302",Calle,,ESPERANZA,Las Colonias,Asfalto,No existe,XI,S/D,Urbana,S/D,No existe,Intersección,S/D,S/D,Diurna,S/D,S/D,S/D,Colisión,Ninguna,Horizontal,Cordón divisorio,Sin restricción
2021,380,2021-03-08,Lunes,14:40:00,,0.0,2,"Moto/Ciclomotor,Bicicleta",Pres Domingo Faustino Sarmiento Y Gral. Enrique Mosconi,2,2,0,0,0,0,0,"-31.65854, -60.78146",Calle,,SANTO TOMÉ,La Capital,Asfalto,S/D,I,S/D,Urbana,Ninguna,No existe,Intersección,Bueno,Buena,Diurna,Buen Tiempo,S/D,Ciclista,Colisión,Ninguna,Faltante,Cordón divisorio,Sin restricción
2021,381,2021-03-11,Jueves,12:20:00,,0.0,2,"Pickup/Utilitario,Moto/Ciclomotor",Avenida San Martin Y 6 de Caballería,2,1,0,0,1,0,0,"-29.238092986020, -61.770350997075",Avenida,,TOSTADO,9 de Julio,Asfalto,Pavimento,XII,S/D,Urbana,Ninguna,No existe,Intersección,S/D,Buena,Diurna,Buen Tiempo,S/D,S/D,Colisión,S/D,S/D,Cordón divisorio,Sin restricción
2021,383,2021-03-12,Viernes,18:50:00,,0.0,2,"Automóvil,Moto/Ciclomotor",Rivadavia Y Sarmiento,3,2,0,0,1,0,0,"-31.30409, -60.66162",Calle,,LAGUNA PAIVA,La Capital,Asfalto,S/D,I,S/D,Urbana,Ninguna,No existe,Intersección,Bueno,Buena,Atardecer,Buen Tiempo,Frontal,S/D,Colisión,Ninguna,Faltante,Cordón divisorio,Sin restricción
2021,384,2021-03-14,Domingo,22:40:00,,0.0,1,Moto/Ciclomotor,Neuquén Y Baldaccini,1,1,0,0,0,0,0,"-31.52011, -60.67671",Calle,,MONTE VERA,La Capital,Ripio,No existe,I,S/D,Urbana,Ninguna,No existe,Intersección,Bueno,Buena,"Nocturna,Con luz artificial",Buen Tiempo,Atropello animal,S/D,Colisión,Ninguna,Faltante,Cordón divisorio,Sin restricción
2021,385,2021-03-13,Sabado,17:05:00,,0.0,2,"Automóvil,Moto/Ciclomotor",Obispo Gelabert Y Genaro Almaraz,2,1,0,0,1,0,0,"-31.6593, -60.78459",Calle,,SANTO TOMÉ,La Capital,Ripio,No existe,I,S/D,Urbana,Ninguna,S/D,Intersección,Bueno,S/D,S/D,Buen Tiempo,Lateral,S/D,Colisión,Ninguna,Faltante,Cordón divisorio,Sin restricción
2021,388,2021-03-12,Viernes,02:00:00,,0.0,2,"Automóvil,Bicicleta",J.B.Justo Y García del Cossio Bis,2,1,0,0,1,0,0,"-32.91583, -60.74676",Calle,,ROSARIO,Rosario,Asfalto,No existe,II,Dentro,Urbana,Ninguna,No existe,Intersección,S/D,S/D,Nocturna,S/D,S/D,Ciclista,Colisión,S/D,Faltante,Cordón divisorio,Sin restricción
2021,390,2021-03-08,Lunes,10:40:00,Autopista Nacional Rosario -Cordoba,0.0,1,Automóvil, ,5,3,0,0,2,0,0,"-32.94761, -60.78167",Autopista,Rosario -Cordoba,ROSARIO,Rosario,Asfalto,Ripio,II,Dentro,Urbana,S/D,No existe,Intersección,"Con baches,Resbaladiza,Deteriorada",Reducida,Diurna,Lluvia,S/D,S/D,Colisión,Agua,S/D,Cordón divisorio,Sin restricción
2021,391,2021-03-11,Jueves,14:40:00,,0.0,2,"Moto/Ciclomotor,Moto/Ciclomotor",Nicaragua Y Zuviria,2,2,0,0,0,0,0,"-32.9372, -60.72089",Calle,,ROSARIO,Rosario,Asfalto,No existe,II,Dentro,Urbana,S/D,No existe,Intersección,Bueno,Buena,Diurna,Buen Tiempo,Lateral,S/D,Colisión,Ninguna,S/D,Cordón divisorio,Sin restricción
2021,392,2021-03-12,Viernes,11:00:00,,0.0,2,"Automóvil,Pickup/Utilitario",Av. Ntra.Sra.del Rosario Y Rodríguez,2,2,0,0,0,0,0,"-33.00075, -60.67033",Calle,,ROSARIO,Rosario,Asfalto,No existe,II,Dentro,Urbana,Ninguna,No existe,Intersección,Bueno,Buena,Diurna,Buen Tiempo,S/D,S/D,Colisión,Ninguna,Faltante,Cordón divisorio,Sin restricción
2021,393,2021-03-13,Sabado,19:00:00,,0.0,2,"Moto/Ciclomotor,Pickup/Utilitario",Dean Funes Y Crespo,3,2,0,0,1,0,0,"-32.97025, -60.67562",Calle,,ROSARIO,Rosario,Asfalto,No existe,II,S/D,Urbana,Ninguna,No existe,Intersección,Bueno,Buena,Atardecer,Buen Tiempo,S/D,S/D,Colisión,Ninguna,Faltante,Cordón divisorio,Sin restricción
2021,394,2021-03-14,Domingo,12:15:00,,0.0,2,"Moto/Ciclomotor,Automóvil",Pueyrredón Y Av. Jorge Cura,2,1,0,0,1,0,0,"-32.97049, -60.66428",Avenida,,ROSARIO,Rosario,Asfalto,No existe,II,S/D,Urbana,Ninguna,No existe,Intersección,Bueno,Buena,Diurna,Buen Tiempo,Lateral,S/D,Colisión,Ninguna,Faltante,Cordón divisorio,Sin restricción
2021,396,2021-03-06,Sabado,07:05:00,,0.0,1,Moto/Ciclomotor,Av. Ntra.Sra.del Rosario Y Cepeda,2,2,0,0,0,0,0,"-32.99916, -60.62491",Calle,,ROSARIO,Rosario,S/D,No existe,II,Dentro,Urbana,S/D,Funciona,Intersección,S/D,Buena,Diurna,S/D,S/D,S/D,Colisión,S/D,S/D,Cordón divisorio,Sin restricción
2021,397,2021-03-04,Jueves,08:20:00,,0.0,2,"Moto/Ciclomotor,Pickup/Utilitario",Av. Uriburu Y Sarmiento,2,1,0,0,1,0,0,"-32.99074, -60.64933",Calle,,ROSARIO,Rosario,Asfalto,No existe,II,Dentro,Urbana,Ninguna,No existe,Intersección,Bueno,Buena,Diurna,Buen Tiempo,De alcance,S/D,Colisión,Ninguna,Faltante,Cordón divisorio,Sin restricción
2021,398,2021-02-18,Jueves,15:45:00,Ruta Nacional 33,0.0,1,Automóvil,Av. San Lorenzo Y Ruta Nac 33,1,1,0,0,0,0,0,"-33.002296600143,-60.780325912814",Ruta,33,PEREZ,Rosario,Asfalto,Pavimento,II,Dentro,Urbana,Ninguna,No existe,Intersección,Bueno,Buena,Diurna,Buen Tiempo,Contra objeto fijo,S/D,Colisión,Ninguna,Horizontal,Cordón divisorio,Sin restricción
2021,399,2021-02-17,Miercoles,17:15:00,Ruta Nacional 9,0.0,2,"Bicicleta,Automóvil",Candelaria Y Ruta Nacional 9,3,1,0,0,2,0,0,"-32.921094704096,-60.813474949696",Ruta,9,FUNES,Rosario,Asfalto,Natural,II,Dentro,Urbana,Ninguna,No existe,Intersección,Bueno,Buena,Diurna,Buen Tiempo,S/D,S/D,Colisión,Ninguna,Horizontal,Cordón divisorio,Sin restricción
2021,400,2021-02-11,Jueves,20:30:00,,0.0,2,"Moto/Ciclomotor,Moto/Ciclomotor",Elorza Y Gral. Paz,2,1,0,0,1,0,0,"-32.914150466386,-60.813015902875",Calle,,FUNES,Rosario,Asfalto,No existe,II,Dentro,Urbana,Ninguna,No existe,Intersección,Bueno,Buena,Nocturna,Buen Tiempo,S/D,S/D,Colisión,Ninguna,Faltante,Cordón divisorio,Sin restricción
2021,401,2021-02-21,Domingo,20:30:00,,0.0,2,"Automóvil,Moto/Ciclomotor",Montevideo Y Tucumán,2,1,0,0,1,0,0,"-32.914448087839,-60.805343350046",Calle,,FUNES,Rosario,Asfalto,Natural,II,Dentro,Urbana,Ninguna,No existe,Intersección,Bueno,Buena,Nocturna,Buen Tiempo,Lateral,S/D,Colisión,Ninguna,Faltante,Cordón divisorio,Sin restricción
2021,402,2021-02-17,Miercoles,09:30:00,,0.0,2,"Bicicleta,Automóvil",Av. Rosario Y Moreno,2,1,0,0,1,0,0,"-32.916073980527,-60.808383342747",Avenida,,FUNES,Rosario,Asfalto,No existe,II,Dentro,Urbana,Ninguna,No existe,Intersección,Bueno,Buena,Diurna,Buen Tiempo,S/D,Ciclista,Colisión,Ninguna,Faltante,Cordón divisorio,Sin restricción
2021,403,2021-02-25,Jueves,07:00:00,Ruta Nacional 9,0.0,2,"Moto/Ciclomotor,Automóvil",Angelone Y Ruta Nacional 9,3,1,0,0,2,0,0,"-32.921291860914,-60.812274059398",Ruta,9,FUNES,Rosario,Asfalto,Natural,II,Dentro,Urbana,Ninguna,No existe,Intersección,Bueno,Buena,Diurna,Buen Tiempo,S/D,S/D,Colisión,Ninguna,Faltante,Cordón divisorio,Sin restricción
2021,404,2021-02-21,Domingo,19:30:00,Ruta Secundaria 26-s,60.0,2,"Pickup/Utilitario,Automóvil", ,3,1,0,0,2,0,0,"-33.238925, -60.815213",Ruta,26-s,CARMEN DEL SAUCE,Rosario,Asfalto,Ripio,II,Dentro,Urbana,Ninguna,No existe,Intersección,Bueno,Buena,Atardecer,Buen Tiempo,De alcance,S/D,Colisión,Ninguna,Horizontal,Cordón divisorio,Sin restricción
2021,405,2021-02-08,Lunes,16:45:00,,0.0,2,"Moto/Ciclomotor,Pickup/Utilitario",Gaboto Y Larrea,3,2,0,0,1,0,0,"-32.964704442214,-60.69631723122",Calle,,ROSARIO,Rosario,Asfalto,No existe,II,Dentro,Urbana,Ninguna,No existe,Intersección,Bueno,Buena,Diurna,Buen Tiempo,Lateral,S/D,Colisión,Ninguna,Faltante,Cordón divisorio,Sin restricción