anio_acci,nro_acci,fecha,desc_dia,hora_aprox,desc_ruta,km,cant_participantes,desc_participante,calle_avenida_km,total,heridos_leves,heridos_graves,heridos_gravisimos,ilesos,fallecidos,sin_datos,posicion_XY,desc_tipo_via,desc_ruta_ori,desc_loc,desc_dpto,desc_tipo_calzada,desc_tipo_banquina,desc_unidad_regional,desc_lugar_calzada,desc_zona,desc_prioridad,desc_estado_semaforo,desc_lugar_via,desc_estado_via,desc_estado_visibilidad,desc_luminosidad,desc_estado_clima,desc_tipo_colision,desc_tipo_atropello,desc_tipo_hecho,desc_pres_calzada,desc_senializacion,desc_separacion_via,desc_restriccion
2021,406,2021-02-13,Sabado,15:30:00,,0.0,2,"Moto/Ciclomotor,Automóvil",Colombia Y Pje. Volta,2,1,0,0,1,0,0,"-32.95871876555,-60.71518789706",Calle,,ROSARIO,Rosario,Asfalto,No existe,II,Dentro,Urbana,Ninguna,No existe,Intersección,Bueno,Buena,Diurna,Buen Tiempo,Lateral,S/D,Colisión,Ninguna,Faltante,Cordón divisorio,Sin restricción
2021,407,2021-02-04,Jueves,18:05:00,,0.0,2,"Automóvil,Moto/Ciclomotor",Mendoza Y Ravignani,2,1,0,0,1,0,0,"-32.940660724343,-60.726201644583",Avenida,,ROSARIO,Rosario,Asfalto,No existe,II,Dentro,Urbana,Ninguna,No existe,Intersección,Bueno,Buena,Diurna,Buen Tiempo,Lateral,S/D,Colisión,Ninguna,Faltante,Cordón divisorio,Sin restricción
2021,412,2021-02-06,Sabado,19:30:00,,0.0,2,"Automóvil,Moto/Ciclomotor",9 de Julio Y Hipólito Irigoyen,3,2,0,0,1,0,0,"-29.910417392188,-59.829512202463",Calle,,ALEJANDRA,San Javier,Tierra,No existe,XIV,Dentro,Urbana,Ninguna,No existe,Intersección,Bueno,Buena,Atardecer,Buen Tiempo,Frontal,S/D,Colisión,Ninguna,Faltante,Cordón divisorio,Sin restricción
2021,413,2021-02-22,Lunes,04:50:00,Ruta Provincial 1,223.0,1,Moto/Ciclomotor, ,2,2,0,0,0,0,0,"-29.92495536804196,-59.836542606353",Ruta,1,ALEJANDRA,San Javier,Asfalto,Natural,II,Dentro,Rural,Ninguna,No existe,Intersección,Bueno,Buena,Nocturna,Buen Tiempo,S/D,S/D,Colisión,Ninguna,Horizontal,Cordón divisorio,Sin restricción
2021,414,2021-02-28,Domingo,23:30:00,,0.0,1,Moto/Ciclomotor,CAMINO RURAL ,1,1,0,0,0,0,0,"-31.096115112304652,-60.10330438613",Camino Rural,,HELVECIA,Garay,Tierra,No existe,VII,Dentro,Rural,Ninguna,No existe,Intersección,Deteriorada,Buena,Nocturna,Buen Tiempo,S/D,S/D,Colisión,S/D,Faltante,Cordón divisorio,Sin restricción
2021,417,2021-02-27,Sabado,19:30:00,Ruta Provincial 1,0.0,2,"Moto/Ciclomotor,Pickup/Utilitario",Primera Junta Y Ruta Provic 1,3,2,0,0,1,0,0,"-31.41477896701,-60.335213558397",Ruta,1,SANTA ROSA DE CALCHINES,Garay,Asfalto,No existe,VII,Dentro,Urbana,Paso Peatonal,No existe,Intersección,Bueno,Buena,Atardecer,Buen Tiempo,S/D,S/D,Colisión,Ninguna,"Horizontal,Vertical",Cordón divisorio,Sin restricción
2021,418,2021-02-10,Miercoles,18:15:00,Ruta Provincial 1,80.0,2,"Moto/Ciclomotor,Pickup/Utilitario", ,2,1,0,0,1,0,0,"-31.128370445338014, -60.1230035252",Ruta,1,CAMPO DEL MEDIO,Garay,Asfalto,Natural,VII,Dentro,Urbana,Ninguna,No existe,Intersección,Bueno,Buena,Atardecer,Buen Tiempo,S/D,S/D,Colisión,Ninguna,Horizontal,Cordón divisorio,Sin restricción
2021,419,2021-02-16,Martes,09:40:00,,0.0,2,"Moto/Ciclomotor,Automóvil",Carlos Lucente Y Libertad,3,2,0,0,1,0,0,"-33.149525361548,-60.507038070646",Calle,,ARROYO SECO,Rosario,Ripio,No existe,II,Dentro,Urbana,Ninguna,No existe,Intersección,Bueno,Buena,Diurna,Buen Tiempo,S/D,S/D,Colisión,Ninguna,Faltante,Cordón divisorio,Sin restricción
2021,420,2021-02-01,Lunes,21:30:00,,0.0,2,"Automóvil,Moto/Ciclomotor",Cristóbal Colon Y Gálvez,2,1,0,0,1,0,0,"-33.156744822652,-60.503252795989",Calle,,ARROYO SECO,Rosario,Hormigón,No existe,II,Dentro,Urbana,Ninguna,No existe,Intersección,Bueno,Buena,Nocturna,Buen Tiempo,Lateral,S/D,Colisión,Ninguna,Faltante,Cordón divisorio,Sin restricción
2021,421,2021-02-07,Domingo,18:30:00,Autopista Nacional 9,266.0,1,Moto/Ciclomotor, ,2,2,0,0,0,0,0,"-33.16612601280214,-60.533179342746",Autopista,9,ARROYO SECO,Rosario,Asfalto,Natural,II,Dentro,Rural,Ninguna,No existe,Intersección,Bueno,Buena,Diurna,Buen Tiempo,S/D,S/D,Colisión,Ninguna,Horizontal,Cordón divisorio,Sin restricción
2021,422,2021-02-17,Miercoles,,,0.0,2,"Peatón,Taxi/Remis",Albert Sabin Y J.J.Paso,2,1,0,0,1,0,0,"-32.919519220104,-60.689156288744",Avenida,,ROSARIO,Rosario,Asfalto,No existe,II,Dentro,Urbana,Semáforo,Funciona,Intersección,Bueno,S/D,S/D,S/D,S/D,Peatón,Colisión,Ninguna,"Horizontal,Vertical",Cordón divisorio,Sin restricción
2021,424,2021-02-25,Jueves,18:15:00,,0.0,2,"Bicicleta,Moto/Ciclomotor",Bv. Bouchard ,2,1,0,0,1,0,0,"-32.890748035403,-60.746027266429",Avenida,,ROSARIO,Rosario,Asfalto,S/D,II,Dentro,Urbana,Ninguna,S/D,Intersección,S/D,S/D,Diurna,S/D,S/D,Ciclista,Colisión,S/D,S/D,Cordón divisorio,Sin restricción
2021,426,2021-02-03,Miercoles,09:25:00,,0.0,2,"Moto/Ciclomotor,Moto/Ciclomotor",Caseros Y Oroño,3,2,0,0,1,0,0,"-30.321132777298,-61.236215656937",Calle,,SAN CRISTÓBAL,San CRISTÓBAL,Asfalto,No existe,XIII,Dentro,Urbana,Ninguna,No existe,Intersección,Bueno,Reducida,Diurna,Lluvia,Lateral,S/D,Colisión,Agua,Faltante,Cordón divisorio,Sin restricción
2021,428,2021-02-11,Jueves,16:00:00,,0.0,2,"Bicicleta,Automóvil",Centeno Y Pte. Roca,2,1,0,0,1,0,0,"-32.983560988507,-60.654785048849",Calle,,ROSARIO,Rosario,Asfalto,No existe,II,Dentro,Urbana,Ninguna,No existe,Intersección,Bueno,Buena,Diurna,Buen Tiempo,S/D,Ciclista,Colisión,Ninguna,Faltante,Cordón divisorio,Sin restricción
2021,429,2021-02-06,Sabado,16:30:00,Ruta Nacional 34,343.0,2,"Automóvil,Pickup/Utilitario", ,3,1,0,0,2,0,0,"-30.22621, -61.72896",Ruta,34,SAN CRISTÓBAL,San CRISTÓBAL,Asfalto,Natural,XIII,Dentro,Rural,Señal Pare,No existe,Intersección,Bueno,Buena,Diurna,Buen Tiempo,Lateral,S/D,Colisión,Ninguna,"Horizontal,Vertical",Cordón divisorio,Sin restricción
2021,430,2021-02-14,Domingo,14:45:00,,0.0,3,"Bicicleta,Automóvil,Pickup/Utilitario",Av. Uriburu Y Paraguay,3,1,0,0,2,0,0,"-32.990858429232,-60.655165360792",Avenida,,ROSARIO,Rosario,Asfalto,No existe,II,Dentro,Urbana,Paso Peatonal,No existe,Intersección,Bueno,Buena,Diurna,Buen Tiempo,Lateral,Ciclista,Colisión,Ninguna,Horizontal,Cordón divisorio,Sin restricción
2021,432,2021-02-14,Domingo,08:20:00,,0.0,2,"Moto/Ciclomotor,Automóvil",J.Chapo Bis Y Lituania,2,1,0,0,0,0,1,"-32.999391, -60.621050",Calle,,ROSARIO,Rosario,Asfalto,No existe,II,Dentro,Urbana,Ninguna,No existe,Intersección,Bueno,Buena,Diurna,Buen Tiempo,De alcance,S/D,Colisión,Ninguna,Faltante,Cordón divisorio,Sin restricción
2021,434,2021-02-14,Domingo,14:00:00,,0.0,2,"Automóvil,Moto/Ciclomotor",López y Planes Y Salk,2,2,0,0,0,0,0,"-30.364239513874058,-61.91399127244",Calle,,SAN GUILLERMO,San CRISTÓBAL,Ripio,No existe,XIII,Dentro,Urbana,Otra Señal,No existe,Intersección,Resbaladiza,Buena,Diurna,Buen Tiempo,Lateral,S/D,Colisión,Material Suelto,Vertical,Cordón divisorio,Sin restricción
2021,435,2021-02-14,Domingo,07:00:00,,0.0,2,"Peatón,Automóvil",Jujuy 400,2,1,0,0,1,0,0,"-30.349254012107863,-61.91850543022",Calle,,SAN GUILLERMO,San CRISTÓBAL,Arena,No existe,XIII,Dentro,Urbana,Otra Señal,No existe,Intersección,Bueno,Buena,Amanecer,Buen Tiempo,S/D,Peatón,Colisión,Ninguna,Faltante,Cordón divisorio,Sin restricción
2021,437,2021-02-13,Sabado,06:30:00,,0.0,2,"Moto/Ciclomotor,Automóvil",Hilarion de la Quintana Y Rvdo.J.Margis,2,1,0,0,0,0,1,"-33.001122505946,-60.655437354819",Avenida,,ROSARIO,Rosario,Asfalto,No existe,II,Dentro,Urbana,Otra Señal,No existe,Intersección,Bueno,Buena,Amanecer,Buen Tiempo,"Contra objeto fijo,Lateral",S/D,Colisión,Ninguna,Faltante,Cordón divisorio,Sin restricción
2021,439,2021-02-09,Martes,16:15:00,,0.0,2,"Bicicleta,Bicicleta",Bv. Oroño Y Gaboto,2,1,0,0,1,0,0,"-32.970658742437,-60.659958070584",Avenida,,ROSARIO,Rosario,Asfalto,No existe,II,Dentro,Urbana,Otra Señal,Funciona,Intersección,Bueno,Buena,Diurna,Buen Tiempo,De alcance,Ciclista,Colisión,Ninguna,"Horizontal,Vertical",Cordón divisorio,Sin restricción
2021,440,2021-02-20,Sabado,18:20:00,Ruta Provincial 39,178.0,2,"Moto/Ciclomotor,Automóvil", ,4,1,0,0,3,0,0,"-30.23284, -61.68414",Ruta,39,ARRUFÓ,San CRISTÓBAL,Asfalto,Natural,XIII,Dentro,Urbana,Otra Señal,No existe,Intersección,Bueno,Buena,Diurna,Buen Tiempo,Frontal,S/D,Colisión,Ninguna,Faltante,Cordón divisorio,Sin restricción
2021,441,2021-02-11,Jueves,07:30:00,,0.0,2,"Pickup/Utilitario,Camión",JUAN PABLO II Y MENDOZA,2,1,0,0,1,0,0,"-32.93964028358456,-60.721891522407",Calle,,ROSARIO,Rosario,Asfalto,No existe,II,Dentro,Urbana,Otra Señal,Funciona,Intersección,Bueno,Buena,Diurna,Buen Tiempo,De alcance,S/D,Colisión,Ninguna,Vertical,Cordón divisorio,Sin restricción
2021,442,2021-02-25,Jueves,18:50:00,,0.0,2,"Moto/Ciclomotor,Bicicleta",Santa Fe 245,2,2,0,0,0,0,0,"-30.230300124918,-61.730351934074",Calle,,ARRUFÓ,San CRISTÓBAL,Asfalto,No existe,XIII,Dentro,Urbana,Otra Señal,No existe,Intersección,Bueno,Buena,Diurna,Buen Tiempo,S/D,Ciclista,Colisión,Ninguna,Faltante,Cordón divisorio,Sin restricción
2021,443,2021-02-19,Viernes,20:20:00,,0.0,2,"Automóvil,Bicicleta",J.J.Paso Y Mariano Cabal Bis,2,1,0,0,1,0,0,"-32.919904392712,-60.702617735661",Avenida,,ROSARIO,Rosario,Asfalto,No existe,II,Dentro,Urbana,Otra Señal,No existe,Intersección,Bueno,Buena,"Nocturna,Con luz artificial",S/D,S/D,Ciclista,Colisión,Ninguna,Faltante,Cordón divisorio,Sin restricción
2021,448,2021-02-12,Viernes,21:40:00,Autovía Nacional Rosario -Cordoba,300.0,1,Automóvil, ,1,1,0,0,0,0,0,"-32.949338, -60.738223",Autovía,Rosario -Cordoba,ROSARIO,Rosario,Asfalto,Natural,II,Fuera,Rural,Otra Señal,No existe,Intersección,Bueno,Buena,Nocturna,Buen Tiempo,Contra objeto fijo,S/D,Colisión,Ninguna,Faltante,Cordón divisorio,Sin restricción
2021,451,2021-02-02,Martes,15:55:00,,0.0,2,"Automóvil,Moto/Ciclomotor",J.J.Paso Y J.M.de Rosas,2,1,0,0,1,0,0,"-32.919115670183,-60.67533987886",Avenida,,ROSARIO,Rosario,Asfalto,No existe,II,Dentro,Urbana,Otra Señal,No existe,Intersección,Bueno,Buena,Diurna,Buen Tiempo,Lateral,S/D,Colisión,Ninguna,Faltante,Cordón divisorio,Sin restricción
2021,452,2021-02-11,Jueves,09:15:00,,0.0,2,"Pickup/Utilitario,Automóvil",JUAN PABLO II Y VÉLEZ SARSFIELD,2,1,0,0,1,0,0,"-32.926322, -60.722882",Calle,,ROSARIO,Rosario,Asfalto,No existe,II,Dentro,Urbana,Otra Señal,No existe,Intersección,Bueno,Buena,Diurna,Buen Tiempo,Lateral,S/D,Colisión,Ninguna,Vertical,Cordón divisorio,Sin restricción
2021,453,2021-02-19,Viernes,17:00:00,,0.0,2,"Automóvil,Peatón",Bv. 27 de Febrero Bis 7700,2,1,0,0,1,0,0,"-32.959674460241,-60.72554945979",Avenida,,ROSARIO,Rosario,Asfalto,No existe,II,Dentro,Urbana,Otra Señal,No existe,Intersección,Bueno,Buena,Diurna,Buen Tiempo,Contra objeto fijo,Peatón,Colisión,Ninguna,Faltante,Cordón divisorio,Sin restricción
2021,454,2021-02-08,Lunes,23:50:00,,0.0,2,"Automóvil,Moto/Ciclomotor",Av. Pte. Perón Y Matienzo,2,1,0,0,1,0,0,"-32.959066966127,-60.693961976052",Avenida,,ROSARIO,Rosario,Asfalto,No existe,II,Dentro,Urbana,Otra Señal,Funciona,Intersección,Bueno,Buena,Nocturna,Buen Tiempo,De alcance,S/D,Colisión,Ninguna,Faltante,Cordón divisorio,Sin restricción
2021,455,2021-03-07,Domingo,12:15:00,,0.0,2,"Moto/Ciclomotor,Automóvil",Ayacucho Y Esteban de Luca,3,2,0,0,1,0,0,"-32.98352, -60.63584",Calle,,ROSARIO,Rosario,Asfalto,No existe,II,Dentro,Urbana,Otra Señal,No existe,Intersección,Bueno,Buena,Diurna,Buen Tiempo,De alcance,S/D,Colisión,Ninguna,Faltante,Cordón divisorio,Sin restricción
2021,456,2021-03-02,Martes,14:50:00,,0.0,2,"Moto/Ciclomotor,Automóvil",Washington Y Darragueira,3,1,0,0,0,0,2,"-32.90178, -60.69286",S/D,,ROSARIO,Rosario,Asfalto,Pavimento,II,S/D,S/D,Otra Señal,No existe,Intersección,Bueno,Buena,Diurna,Buen Tiempo,Lateral,S/D,Colisión,Ninguna,Faltante,Cordón divisorio,Sin restricción
2021,457,2021-03-03,Miercoles,10:20:00,,0.0,2,"Automóvil,Moto/Ciclomotor",Superi Y Bv. Rondeau,3,1,0,0,0,0,2,"-32.89428, -60.69256",S/D,,ROSARIO,Rosario,Asfalto,Pavimento,II,S/D,S/D,Otra Señal,Funciona,Intersección,Bueno,Buena,Diurna,Buen Tiempo,Lateral,S/D,Colisión,Ninguna,S/D,Cordón divisorio,Sin restricción
2021,459,2021-02-26,Viernes,12:20:00,,0.0,2,"Automóvil,Moto/Ciclomotor",Av. Pellegrini Y Camilo Aldao,2,1,0,0,1,0,0,"-32.948054909744,-60.695670689517",Avenida,,ROSARIO,Rosario,Asfalto,No existe,II,Dentro,Urbana,Otra Señal,Funciona,Intersección,Bueno,Buena,Diurna,Buen Tiempo,Lateral,S/D,Colisión,Ninguna,"Horizontal,Vertical",Cordón divisorio,Sin restricción
2021,460,2021-02-26,Viernes,10:15:00,,0.0,2,"Bicicleta,Automóvil",Bv. 27 De Febrero Y Vera Mujica,2,1,0,0,1,0,0,"-32.962376986337,-60.672206503192",Avenida,,ROSARIO,Rosario,Asfalto,No existe,II,Dentro,Urbana,Otra Señal,Funciona,Intersección,Bueno,Buena,Diurna,Buen Tiempo,S/D,Ciclista,Colisión,Ninguna,"Horizontal,Vertical",Cordón divisorio,Sin restricción
2021,461,2021-02-12,Viernes,19:20:00,,0.0,2,"Automóvil,Bicicleta",Av. Belgrano Y Dr. Borzone,2,1,0,0,1,0,0,"-32.997594926106,-60.771558797223",Avenida,,PEREZ,Rosario,Asfalto,Pavimento,II,Dentro,Urbana,Otra Señal,No existe,Intersección,Bueno,Buena,Diurna,Buen Tiempo,S/D,Ciclista,Colisión,Ninguna,Horizontal,Cordón divisorio,Sin restricción
2021,462,2021-02-23,Martes,20:00:00,,0.0,2,"Pickup/Utilitario,Bicicleta",Malvinas Argentinas 145,2,1,0,0,1,0,0,"-33.002783124792,-60.751489442314",Calle,,PEREZ,Rosario,Asfalto,Pavimento,II,Dentro,Urbana,Otra Señal,No existe,Intersección,Bueno,Buena,Diurna,Buen Tiempo,S/D,Ciclista,Colisión,Ninguna,Faltante,Cordón divisorio,Sin restricción
2021,464,2021-02-16,Martes,15:50:00,Ruta Provincial 21,0.0,2,"Bicicleta,Automóvil",Av. Gral. San Martin Y Av. Leandro Alem,4,1,0,0,3,0,0,"-33.028064999513,-60.621497392707",Ruta,21,VILLA GOBERNADOR GÁLVEZ,Rosario,Asfalto,No existe,II,Dentro,Urbana,Otra Señal,Funciona,Intersección,Bueno,Buena,Diurna,Buen Tiempo,Frontal,Ciclista,Colisión,Ninguna,Faltante,Cordón divisorio,Sin restricción
2021,465,2021-02-12,Viernes,10:00:00,,0.0,2,"Moto/Ciclomotor,Automóvil",Bv. 27 De Febrero Y F.More,3,1,0,0,2,0,0,"-32.958732958853,-60.693026098385",Avenida,,ROSARIO,Rosario,Asfalto,No existe,II,Dentro,Urbana,Otra Señal,Funciona,Intersección,Bueno,Buena,Diurna,Buen Tiempo,Lateral,S/D,Colisión,Ninguna,"Horizontal,Vertical",Cordón divisorio,Sin restricción
2021,466,2021-02-24,Miercoles,13:15:00,Ruta Provincial 21,7.0,2,"Pickup/Utilitario,Moto/Ciclomotor", ,2,1,0,0,1,0,0,"-33.06494693555751, -60.58911518726",Ruta,21,ALVEAR,Rosario,Asfalto,No existe,II,Dentro,Urbana,Otra Señal,No existe,Intersección,Bueno,Buena,Diurna,Buen Tiempo,Frontal,S/D,Colisión,Ninguna,Horizontal,Cordón divisorio,Sin restricción
2021,467,2021-02-26,Viernes,15:15:00,,0.0,2,"Automóvil,Moto/Ciclomotor",Bv. Avellaneda Y Cochabamba,2,1,0,0,1,0,0,"-32.951065854535,-60.682256001566",Avenida,,ROSARIO,Rosario,Asfalto,No existe,II,Dentro,Urbana,Otra Señal,No existe,Intersección,Bueno,Buena,Diurna,Buen Tiempo,Lateral,S/D,Colisión,Ninguna,Horizontal,Cordón divisorio,Sin restricción
2021,468,2021-02-18,Jueves,20:50:00,Ruta Provincial 21,2.0,2,"Moto/Ciclomotor,Bicicleta", ,2,2,0,0,0,0,0,"-33.03577544564807, -60.61545107503",Ruta,21,ALVEAR,Rosario,Asfalto,No existe,II,Dentro,Urbana,Otra Señal,No existe,Intersección,Bueno,Buena,"Nocturna,Con luz artificial",Buen Tiempo,S/D,Ciclista,Colisión,Ninguna,Horizontal,Cordón divisorio,Sin restricción
2021,469,2021-02-13,Sabado,16:30:00,,0.0,1,Automóvil,Avenida América 1877,2,1,0,0,1,0,0,"-33.056455228543,-60.617098690001",Avenida,,ALVEAR,Rosario,Asfalto,No existe,II,Dentro,Urbana,Otra Señal,No existe,Intersección,Bueno,Buena,Diurna,Buen Tiempo,Contra objeto fijo,S/D,Colisión,Ninguna,Faltante,Cordón divisorio,Sin restricción
2021,470,2021-02-27,Sabado,21:30:00,,0.0,2,"Automóvil,Bicicleta",AV CISNEROS  5520,2,1,0,0,1,0,0,"-32.978573, -60.699656",Avenida,,ROSARIO,Rosario,Asfalto,No existe,II,Dentro,Urbana,Otra Señal,No existe,Intersección,Bueno,Buena,"Nocturna,Con luz artificial",Buen Tiempo,S/D,Ciclista,Colisión,Ninguna,Faltante,Cordón divisorio,Sin restricción
2021,471,2021-02-02,Martes,07:00:00,Ruta Nacional 33,0.0,2,"Automóvil,Automóvil",Av. De Las Palmeras Y Av. Pte. Perón,2,1,0,0,1,0,0,"-32.980408449938,-60.736107080896",Ruta,33,ROSARIO,Rosario,Asfalto,No existe,II,Dentro,Urbana,Otra Señal,Funciona,Intersección,Bueno,Buena,Amanecer,Buen Tiempo,De alcance,S/D,Colisión,Ninguna,"Horizontal,Vertical",Cordón divisorio,Sin restricción
2021,472,2021-02-07,Domingo,09:05:00,,0.0,1,Camión Chasis,Barra Y Cerrito,1,1,0,0,0,0,0,"-32.953169408287,-60.706287037744",Calle,,ROSARIO,Rosario,Asfalto,No existe,II,Dentro,Urbana,Otra Señal,No existe,Intersección,Bueno,Buena,Diurna,Buen Tiempo,Contra objeto fijo,S/D,Colisión,Ninguna,Faltante,Cordón divisorio,Sin restricción
2021,474,2021-02-03,Miercoles,17:40:00,,0.0,2,"Automóvil,Moto/Ciclomotor",Alvear Y Corrientes,4,3,0,0,1,0,0,"-33.009926534478,-60.611808361439",Calle,,VILLA GOBERNADOR GÁLVEZ,Rosario,Asfalto,No existe,II,Dentro,Urbana,Otra Señal,No existe,Intersección,Deteriorada,Buena,Diurna,Buen Tiempo,Frontal,S/D,Colisión,Ninguna,Faltante,Cordón divisorio,Sin restricción
2021,475,2021-02-22,Lunes,15:35:00,,0.0,2,"Moto/Ciclomotor,Automóvil",Av. Ntra. Sra. de la Paz Y Corrientes,3,2,0,0,1,0,0,"-33.010003160108,-60.614564526283",Avenida,,VILLA GOBERNADOR GÁLVEZ,Rosario,Asfalto,No existe,II,Dentro,Urbana,Otra Señal,No existe,Intersección,Bueno,Buena,Diurna,Buen Tiempo,S/D,S/D,Colisión,Ninguna,Faltante,Cordón divisorio,Sin restricción
2021,476,2021-02-23,Martes,08:30:00,,0.0,2,"Moto/Ciclomotor,Automóvil",Alberdi Y Chubut,3,2,0,0,1,0,0,"-33.033444359437,-60.622198822614",Calle,,VILLA GOBERNADOR GÁLVEZ,Rosario,Asfalto,No existe,II,Dentro,Urbana,Otra Señal,No existe,Intersección,Bueno,Buena,Diurna,Buen Tiempo,S/D,S/D,Colisión,Ninguna,Faltante,Cordón divisorio,Sin restricción
2021,478,2021-02-08,Lunes,19:30:00,,0.0,2,"Moto/Ciclomotor,Automóvil",Buenos Aires Y Pellegrini,2,1,0,0,1,0,0,"-33.031690381321,-60.638317582006",Calle,,VILLA GOBERNADOR GÁLVEZ,Rosario,Asfalto,No existe,II,Dentro,Urbana,Otra Señal,No existe,Intersección,Bueno,Buena,"Amanecer,Con luz artificial",Buen Tiempo,S/D,S/D,Colisión,Ninguna,Faltante,Cordón divisorio,Sin restricción
2021,479,2021-02-04,Jueves,17:20:00,,0.0,2,"Moto/Ciclomotor,Automóvil",Av. Filipini Y Ing. Mosconi,2,1,0,0,1,0,0,"-33.025731656465,-60.637204289332",Avenida,,VILLA GOBERNADOR GÁLVEZ,Rosario,Asfalto,No existe,II,Dentro,Urbana,Otra Señal,Funciona,Intersección,"Con baches,Deteriorada",Buena,Diurna,Buen Tiempo,S/D,S/D,Colisión,Ninguna,Faltante,Cordón divisorio,Sin restricción
2021,480,2021-02-17,Miercoles,,,0.0,2,"Moto/Ciclomotor,Automóvil",Paraguay Y Urquiza,2,1,0,0,1,0,0,"-32.941957829808,-60.642859371397",Calle,,ROSARIO,Rosario,Asfalto,No existe,II,Dentro,Urbana,Otra Señal,No existe,Intersección,Bueno,Buena,S/D,Buen Tiempo,S/D,S/D,Colisión,Ninguna,Horizontal,Cordón divisorio,Sin restricción
2021,482,2021-02-12,Viernes,19:20:00,,0.0,2,"Moto/Ciclomotor,Automóvil",La Paz Y Sarmiento,2,1,0,0,1,0,0,"-32.964164108165,-60.642613167798",Calle,,ROSARIO,Rosario,Asfalto,No existe,II,Dentro,Urbana,Otra Señal,No existe,Intersección,Bueno,Buena,Diurna,Buen Tiempo,S/D,S/D,Colisión,Ninguna,Faltante,Cordón divisorio,Sin restricción
2021,483,2021-02-04,Jueves,11:30:00,,0.0,2,"Automóvil,Moto/Ciclomotor",Av. Pellegrini Y Tte.Agneta,2,1,0,0,1,0,0,"-32.948160035471,-60.69953149977",Avenida,,ROSARIO,Rosario,Asfalto,No existe,II,Dentro,Urbana,Otra Señal,No existe,Intersección,Bueno,Buena,Diurna,Buen Tiempo,De alcance,S/D,Colisión,Ninguna,Horizontal,Cordón divisorio,Sin restricción
2021,485,2021-02-08,Lunes,09:30:00,,0.0,2,"Pickup/Utilitario,Moto/Ciclomotor",Av. Pte. Perón Y Magallanes,3,2,0,0,1,0,0,"-32.963898293173,-60.703586337717",Avenida,,ROSARIO,Rosario,Asfalto,No existe,II,Dentro,Urbana,Otra Señal,No existe,Intersección,Bueno,Buena,Diurna,Buen Tiempo,De alcance,S/D,Colisión,Ninguna,Horizontal,Cordón divisorio,Sin restricción
2021,486,2021-02-08,Lunes,18:40:00,,0.0,2,"Moto/Ciclomotor,Automóvil",Anderson Y Rivarola,3,1,0,0,2,0,0,"-32.966066376061,-60.721421743509",Avenida,,ROSARIO,Rosario,Asfalto,No existe,II,Dentro,Urbana,Otra Señal,No existe,Intersección,Bueno,Buena,Atardecer,Buen Tiempo,De alcance,S/D,Colisión,Ninguna,Faltante,Cordón divisorio,Sin restricción
2021,488,2021-02-05,Viernes,14:20:00,,0.0,3,"Taxi/Remis,Automóvil,Automóvil",Albert Sabin Y French,4,2,0,0,2,0,0,"-32.921051165895,-60.687646019274",Avenida,,ROSARIO,Rosario,Asfalto,No existe,II,Dentro,Urbana,Otra Señal,Funciona,Intersección,Bueno,Buena,Diurna,Buen Tiempo,"De alcance,Múltiple",S/D,Colisión,Ninguna,"Horizontal,Vertical",Cordón divisorio,Sin restricción
2021,489,2021-02-18,Jueves,12:50:00,,0.0,2,"Moto/Ciclomotor,Automóvil",Av. Luis Carballo Y Echeverria Bis,2,1,0,0,1,0,0,"-32.921932260059,-60.67225002714",Avenida,,ROSARIO,Rosario,Asfalto,No existe,II,Dentro,Urbana,Otra Señal,Funciona,Intersección,Bueno,Buena,Diurna,Buen Tiempo,S/D,Ciclista,Colisión,Ninguna,"Horizontal,Vertical",Cordón divisorio,Sin restricción
2021,490,2021-02-19,Viernes,21:13:00,,0.0,2,"Automóvil,Moto/Ciclomotor",Av. Luis Carballo Y Echeverria Bis,5,2,0,0,3,0,0,"-32.921932260059,-60.67225002714",Avenida,,ROSARIO,Rosario,Asfalto,No existe,II,Dentro,Urbana,Otra Señal,Funciona,Intersección,Bueno,Buena,Diurna,Buen Tiempo,Lateral,S/D,Colisión,Ninguna,"Horizontal,Vertical",Cordón divisorio,Sin restricción
2021,491,2021-02-10,Miercoles,17:20:00,,0.0,2,"Automóvil,Peatón",Dorrego Y San Juan,2,1,0,0,1,0,0,"-32.948170414009,-60.650168883488",Calle,,ROSARIO,Rosario,Asfalto,No existe,II,Dentro,Urbana,Otra Señal,No existe,Intersección,Bueno,Buena,Diurna,Buen Tiempo,S/D,S/D,Colisión,Ninguna,Horizontal,Cordón divisorio,Sin restricción
2021,492,2021-02-20,Sabado,12:35:00,,0.0,2,"Automóvil,Moto/Ciclomotor",Bv. Rondeau Y Freyre,3,2,0,0,1,0,0,"-32.893401629294,-60.693039671797",Avenida,,ROSARIO,Rosario,Asfalto,No existe,II,Dentro,Urbana,Otra Señal,No existe,Intersección,Bueno,Buena,Diurna,Buen Tiempo,Lateral,S/D,Colisión,Ninguna,Faltante,Cordón divisorio,Sin restricción