anio_acci,nro_acci,fecha,desc_dia,hora_aprox,desc_ruta,km,cant_participantes,desc_participante,calle_avenida_km,total,heridos_leves,heridos_graves,heridos_gravisimos,ilesos,fallecidos,sin_datos,posicion_XY,desc_tipo_via,desc_ruta_ori,desc_loc,desc_dpto,desc_tipo_calzada,desc_tipo_banquina,desc_unidad_regional,desc_lugar_calzada,desc_zona,desc_prioridad,desc_estado_semaforo,desc_lugar_via,desc_estado_via,desc_estado_visibilidad,desc_luminosidad,desc_estado_clima,desc_tipo_colision,desc_tipo_atropello,desc_tipo_hecho,desc_pres_calzada,desc_senializacion,desc_separacion_via,desc_restriccion
2021,938,2021-02-12,Viernes,,,0.0,2,"Automóvil,Peatón",Rincón Y 14 de Julio,2,1,0,0,1,0,0,"-31.246914, -61.464215",Calle,,RAFAELA,Castellanos,Asfalto,No existe,V,Dentro,Urbana,Otra Señal,No existe,Intersección,Bueno,S/D,S/D,S/D,Múltiple,Peatón,Colisión,Ninguna,Faltante,Cordón divisorio,Sin restricción
2021,939,2021-02-12,Viernes,20:20:00,Ruta Nacional 8,0.0,2,"Moto/Ciclomotor,Automóvil",Manuel Vicente Manzano Y Ruta Nac 8,2,1,0,0,1,0,0,"-33.731778, -61.992273",Ruta,8,VENADO TUERTO,General LÓPEZ,Asfalto,No existe,VIII,Dentro,Urbana,Otra Señal,No existe,Intersección,Bueno,S/D,Nocturna,S/D,Múltiple,S/D,Colisión,Ninguna,Faltante,Cordón divisorio,Sin restricción
2021,940,2021-02-11,Jueves,,Ruta Nacional 11,0.0,3,"Pickup/Utilitario,Automóvil,Automóvil",Independencia Y Ruta Nacional 11,3,1,0,0,2,0,0,"-30.788584, -60.600395",Ruta,11,SAN JUSTO,San Justo,Asfalto,No existe,XVI,Dentro,Urbana,Otra Señal,No existe,Intersección,Bueno,S/D,S/D,S/D,Múltiple,S/D,Colisión,Ninguna,Faltante,Cordón divisorio,Sin restricción
2021,941,2021-02-11,Jueves,21:40:00,,0.0,2,"Moto/Ciclomotor,Moto/Ciclomotor",Calle 16 Y Calle 29,2,2,0,0,0,0,0,"-28.348892822462,-59.255187181816",Calle,,LAS TOSCAS,General Obligado,Asfalto,No existe,IX,Dentro,Urbana,Otra Señal,No existe,Intersección,Bueno,Buena,"Nocturna,Con luz artificial",Buen Tiempo,Múltiple,S/D,Colisión,Ninguna,Faltante,Cordón divisorio,Sin restricción
2021,942,2021-02-10,Miercoles,20:10:00,,0.0,2,"Moto/Ciclomotor,Automóvil",E López Y Sarmiento,2,1,0,0,1,0,0,"-31.743816797357,-61.098535245187",Calle,,SAN CARLOS CENTRO,Las Colonias,Asfalto,No existe,XI,Dentro,Urbana,Otra Señal,No existe,Intersección,Bueno,Buena,Diurna,Buen Tiempo,Múltiple,S/D,Colisión,Ninguna,Faltante,Cordón divisorio,Sin restricción
2021,943,2021-02-10,Miercoles,11:53:00,,0.0,2,"Moto/Ciclomotor,Bicicleta",Carlos Pellegrini Y Casey,2,2,0,0,0,0,0,"-33.750633486806,-61.964707384521",Calle,,VENADO TUERTO,General LÓPEZ,Asfalto,No existe,VIII,Dentro,Urbana,Otra Señal,No existe,Intersección,Bueno,Buena,Diurna,Buen Tiempo,Múltiple,Ciclista,Colisión,Ninguna,Faltante,Cordón divisorio,Sin restricción
2021,944,2021-02-10,Miercoles,11:35:00,,0.0,2,"Moto/Ciclomotor,Pickup/Utilitario",Calle s n 1300,3,1,0,0,2,0,0,"-33.759199976921096,-61.94445580244",Calle,,VENADO TUERTO,General LÓPEZ,Ripio,No existe,VIII,Dentro,Urbana,Otra Señal,No existe,Intersección,Bueno,Buena,Diurna,Buen Tiempo,Múltiple,S/D,Colisión,Ninguna,Faltante,Cordón divisorio,Sin restricción
2021,945,2021-02-08,Lunes,17:25:00,Ruta Secundaria 7-s,0.0,1,Moto/Ciclomotor,José Aufranc Y Santa Fe,2,2,0,0,0,0,0,"-33.726769657795,-61.970657260888",Ruta,7-s,VENADO TUERTO,General LÓPEZ,Asfalto,No existe,VIII,Dentro,Urbana,Otra Señal,No existe,Intersección,Deteriorada,Buena,Diurna,Buen Tiempo,Múltiple,S/D,Colisión,Ninguna,Faltante,Cordón divisorio,Sin restricción
2021,946,2021-02-09,Martes,12:20:00,,0.0,2,"Automóvil,Moto/Ciclomotor",Av. Dr. Luis Chapuis Y José Aufranc,2,1,0,0,1,0,0,"-33.731629170069,-61.979598361243",Avenida,,VENADO TUERTO,General LÓPEZ,Asfalto,No existe,VIII,Dentro,Urbana,Otra Señal,Funciona,Intersección,Bueno,Buena,Diurna,Buen Tiempo,Múltiple,S/D,Colisión,Ninguna,Vertical,Cordón divisorio,Sin restricción
2021,947,2021-02-08,Lunes,00:25:00,,0.0,1,Bicicleta,Guillermo Brown Y Santa Fe,1,1,0,0,0,0,0,"-33.736262452795,-61.963214447854",Calle,,VENADO TUERTO,General LÓPEZ,Asfalto,No existe,VIII,Dentro,Urbana,Otra Señal,No existe,Intersección,Bueno,Buena,Nocturna,Buen Tiempo,Múltiple,S/D,Colisión,Ninguna,Vertical,Cordón divisorio,Sin restricción
2021,948,2021-02-08,Lunes,16:00:00,Ruta Nacional 9,373.0,1,Automóvil, ,1,1,0,0,0,0,0,"-32.81580217105219, -61.36179788554",Ruta,9,CAÑADA DE GÓMEZ,Iriondo,Asfalto,Natural,X,Dentro,Rural,Otra Señal,No existe,Intersección,Bueno,Buena,Diurna,Buen Tiempo,Múltiple,S/D,Colisión,Ninguna,Horizontal,Cordón divisorio,Sin restricción
2021,949,2021-02-08,Lunes,12:00:00,,0.0,2,"Automóvil,Bicicleta",Calle 12 San Martin Y Calle 25-Rivadavia,2,1,0,0,1,0,0,"-29.150001796155,-59.643189808992",Calle,,RECONQUISTA,General Obligado,Asfalto,No existe,IX,Dentro,Urbana,Otra Señal,No existe,Intersección,Bueno,Buena,Diurna,Buen Tiempo,Múltiple,Ciclista,Colisión,Ninguna,Horizontal,Cordón divisorio,Sin restricción
2021,950,2021-03-08,Lunes,09:45:00,,0.0,2,"Automóvil,Moto/Ciclomotor",Calle 26-Bolivar Y Calle 65-Canada,2,1,0,0,1,0,0,"-29.16787, -59.65516",Calle,,RECONQUISTA,General Obligado,Asfalto,S/D,IX,S/D,Urbana,Otra Señal,S/D,Intersección,S/D,S/D,S/D,S/D,Múltiple,S/D,Colisión,S/D,S/D,Cordón divisorio,Sin restricción
2021,951,2021-03-09,Martes,23:30:00,Ruta Nacional 11,0.0,2,"Moto/Ciclomotor,Automóvil",Ruta Nacional 11 Y Calle 37-Bvard. Lovato,3,2,0,0,1,0,0,"-29.15464, -59.65759",Ruta,11,RECONQUISTA,General Obligado,Asfalto,S/D,IX,S/D,Urbana,Otra Señal,S/D,Intersección,S/D,S/D,S/D,S/D,Múltiple,S/D,Colisión,S/D,S/D,Cordón divisorio,Sin restricción
2021,952,2021-03-09,Martes,09:30:00,,0.0,2,"Pickup/Utilitario,Moto/Ciclomotor",Calle 43-Fuerza Aérea Y Pasaje 44-46,3,1,0,0,2,0,0,"-29.15678, -59.66494",Calle,,RECONQUISTA,General Obligado,Asfalto,S/D,IX,S/D,Urbana,Otra Señal,S/D,Intersección,S/D,S/D,S/D,S/D,Múltiple,S/D,Colisión,S/D,S/D,Cordón divisorio,Sin restricción
2021,953,2021-03-10,Miercoles,,Ruta Provincial 39,1.0,2,"Moto/Ciclomotor,Bicicleta",Ruta Nº39 ,2,1,0,0,0,1,0,"-30.48993, -60.05014",Ruta,39,SAN JAVIER,San Javier,Asfalto,S/D,XIV,S/D,Urbana,Otra Señal,S/D,Intersección,S/D,S/D,S/D,S/D,Múltiple,Ciclista,Colisión,S/D,S/D,Cordón divisorio,Sin restricción
2021,954,2021-03-11,Jueves,,,0.0,2,"Pickup/Utilitario,Peatón",PRESBÍTERO LUIS V. DUSSO 7900,2,1,0,0,1,0,0,"-31.59162, -60.70858",Calle,,SANTA FE,La Capital,Asfalto,S/D,I,S/D,Urbana,Otra Señal,S/D,Intersección,S/D,S/D,S/D,S/D,Múltiple,Peatón,Colisión,S/D,S/D,Cordón divisorio,Sin restricción
2021,955,2021-03-11,Jueves,13:15:00,Ruta Nacional 8,0.0,2,"Automóvil,Automóvil",Ovidio Lagos Av. Y Ruta Nac 8,5,2,0,0,3,0,0,"-33.7633, -61.96754",Ruta,8,VENADO TUERTO,General LÓPEZ,Asfalto,S/D,VIII,S/D,Urbana,Otra Señal,S/D,Intersección,S/D,S/D,S/D,S/D,Múltiple,S/D,Colisión,S/D,S/D,Cordón divisorio,Sin restricción
2021,957,2021-03-13,Sabado,,,0.0,2,"Otros,Automóvil",Belgrano Y Constituyentes,2,1,0,0,1,0,0,"-31.25582, -61.47856",Calle,,RAFAELA,Castellanos,Asfalto,S/D,V,S/D,Urbana,Otra Señal,S/D,Intersección,S/D,S/D,S/D,S/D,Múltiple,S/D,Colisión,S/D,S/D,Cordón divisorio,Sin restricción
2021,958,2021-03-13,Sabado,,Ruta Provincial 70,0.0,1,Moto/Ciclomotor,Av. Luis Fanti ,1,1,0,0,0,0,0,"-31.26054, -61.50238",Ruta,70,RAFAELA,Castellanos,Asfalto,S/D,V,S/D,Urbana,Otra Señal,S/D,Intersección,S/D,S/D,S/D,S/D,Múltiple,S/D,Colisión,S/D,S/D,Cordón divisorio,Sin restricción
2021,959,2021-03-13,Sabado,12:25:00,Ruta Nacional 11,406.0,2,"Automóvil,Tren", ,3,2,0,0,1,0,0,"-32.10551, -60.98109",Ruta,11,SAN FABIÁN,San JERÓNIMO,S/D,S/D,XV,S/D,Urbana,Otra Señal,S/D,Intersección,S/D,S/D,S/D,S/D,Múltiple,S/D,Colisión,S/D,S/D,Cordón divisorio,Sin restricción
2021,960,2021-03-14,Domingo,,,0.0,1,Automóvil,Almafuerte 200,2,2,0,0,0,0,0,"-31.2454, -61.49213",Calle,,RAFAELA,Castellanos,Asfalto,S/D,V,S/D,Urbana,Otra Señal,S/D,Intersección,S/D,S/D,S/D,S/D,Múltiple,S/D,Colisión,S/D,S/D,Cordón divisorio,Sin restricción
2021,961,2021-03-14,Domingo,,,0.0,1,Automóvil,Salta Y Garibaldi,2,2,0,0,0,0,0,"-31.2575, -61.4851",Calle,,RAFAELA,Castellanos,Asfalto,S/D,V,S/D,Urbana,Otra Señal,S/D,Intersección,S/D,S/D,S/D,S/D,Múltiple,S/D,Colisión,S/D,S/D,Cordón divisorio,Sin restricción
2021,962,2021-03-14,Domingo,,,0.0,1,Automóvil,Las Caléndulas Y Los Alelies,1,1,0,0,0,0,0,"-31.2724, -61.50508",Calle,,RAFAELA,Castellanos,S/D,S/D,V,S/D,Urbana,Otra Señal,S/D,Intersección,S/D,S/D,S/D,S/D,Múltiple,S/D,Colisión,S/D,S/D,Cordón divisorio,Sin restricción
2021,963,2021-03-15,Lunes,,Autopista Nacional A008,0.0,2,"Camión c / Acoplado,Camión",Av. Circunvalación Y Av. Uriburu,2,2,0,0,0,0,0,"-32.99234, -60.70182",Autopista,A008,ROSARIO,Rosario,S/D,S/D,II,S/D,Urbana,Otra Señal,S/D,Intersección,S/D,S/D,S/D,S/D,Múltiple,S/D,Colisión,S/D,S/D,Cordón divisorio,Sin restricción
2021,964,2021-03-14,Domingo,,,0.0,2,"Moto/Ciclomotor,Moto/Ciclomotor",Calle 21-Gdor. Iriondo Y Calle 2-Constituyentes,4,3,0,0,1,0,0,"-29.14849, -59.63669",Calle,,RECONQUISTA,General Obligado,S/D,S/D,IX,S/D,Urbana,Otra Señal,S/D,Intersección,S/D,S/D,S/D,S/D,Múltiple,S/D,Colisión,S/D,S/D,Cordón divisorio,Sin restricción
2021,966,2021-03-15,Lunes,,,0.0,2,"Moto/Ciclomotor,Moto/Ciclomotor",Avenida San Martin Y Bv General Obligado,2,2,0,0,0,0,0,"-28.48844, -59.34783",Calle,,VILLA OCAMPO,General Obligado,S/D,S/D,IX,S/D,Urbana,Otra Señal,S/D,Intersección,S/D,S/D,S/D,S/D,Múltiple,S/D,Colisión,S/D,S/D,Cordón divisorio,Sin restricción
2021,967,2021-03-15,Lunes,,Ruta Nacional 11,0.0,2,"Moto/Ciclomotor,Automóvil",Dorrego Y Av. San Martin,2,1,0,0,1,0,0,"-32.78357, -60.7262",Ruta,11,FRAY LUIS BELTRÁN,San Lorenzo,Asfalto,S/D,XVII,S/D,Urbana,Otra Señal,S/D,Intersección,S/D,S/D,S/D,S/D,Múltiple,S/D,Colisión,S/D,S/D,Cordón divisorio,Sin restricción
2021,968,2021-03-12,Viernes,,,0.0,1,Pickup/Utilitario,Av. 27 de Febrero Y Mendoza,1,1,0,0,0,0,0,"-31.64971, -60.70461",Calle,,SANTA FE,La Capital,Asfalto,S/D,I,S/D,Urbana,Otra Señal,S/D,Intersección,S/D,S/D,S/D,S/D,Múltiple,S/D,Colisión,S/D,S/D,Cordón divisorio,Sin restricción
2021,969,2021-03-13,Sabado,,Autopista Nacional Gral. Juan Jose Valle,0.0,2,"Automóvil,Camión Chasis", ,2,0,0,1,1,0,0,"-33.044, -60.66265",Autopista,Gral. Juan Jose Valle,VILLA GOBERNADOR GÁLVEZ,Rosario,S/D,S/D,II,S/D,Urbana,Otra Señal,S/D,Intersección,S/D,S/D,S/D,S/D,Múltiple,S/D,Colisión,S/D,S/D,Cordón divisorio,Sin restricción
2021,970,2021-03-13,Sabado,22:30:00,Autopista Nacional A008,0.0,3,"Automóvil,Automóvil,Automóvil",Av. Circunvalación ,3,1,0,0,2,0,0,"-32.98777, -60.70619",Autopista,A008,ROSARIO,Rosario,Asfalto,No existe,II,S/D,Urbana,Otra Señal,No existe,Intersección,Bueno,Buena,Nocturna,Buen Tiempo,Múltiple,S/D,Colisión,Ninguna,Faltante,Cordón divisorio,Sin restricción
2021,971,2021-03-14,Domingo,20:00:00,Ruta Nacional A008,0.0,2,"Automóvil,Moto/Ciclomotor",Av. Circunvalación Y Mendoza,3,2,0,0,1,0,0,"-32.94048, -60.72249",Ruta,A008,ROSARIO,Rosario,Asfalto,No existe,II,S/D,Urbana,Otra Señal,No existe,Intersección,Bueno,Buena,S/D,Buen Tiempo,Múltiple,S/D,Colisión,Ninguna,S/D,Cordón divisorio,Sin restricción
2021,972,2021-02-25,Jueves,,,0.0,2,"Moto/Ciclomotor,Automóvil",Mitre Y Pedro Centeno,2,1,0,0,1,0,0,"-31.629871342029,-60.688771609336",Calle,,SANTA FE,La Capital,Asfalto,No existe,I,Dentro,Urbana,Otra Señal,No existe,Intersección,Bueno,S/D,S/D,S/D,Múltiple,S/D,Colisión,Ninguna,Faltante,Cordón divisorio,Sin restricción
2021,973,2021-02-06,Sabado,15:50:00,,0.0,2,"Automóvil,Moto/Ciclomotor",Belgrano Y Bv Gálvez,2,1,0,0,1,0,0,"-31.636621893501,-60.698682527402",Avenida,,SANTA FE,La Capital,Asfalto,No existe,I,Dentro,Urbana,Otra Señal,Funciona,Intersección,Bueno,Buena,Diurna,Buen Tiempo,Múltiple,S/D,Colisión,Ninguna,Vertical,Cordón divisorio,Sin restricción
2021,974,2021-02-24,Miercoles,07:50:00,Autovía Nacional 168,0.0,2,"Automóvil,Automóvil",PUENTE Oroño ,2,1,0,0,1,0,0,"-31.640415, -60.683417",Autovía,168,SANTA FE,La Capital,Hormigón,No existe,I,Dentro,Urbana,Otra Señal,No existe,Curva,Bueno,S/D,Amanecer,S/D,Múltiple,S/D,Colisión,Ninguna,Faltante,Cordón divisorio,Sin restricción
2021,975,2021-02-02,Martes,16:50:00,,0.0,2,"Automóvil,Moto/Ciclomotor",9 De Julio Y Gutenberg,3,2,0,0,1,0,0,"-32.945017025207,-60.689150005265",Calle,,ROSARIO,Rosario,Asfalto,No existe,II,Dentro,Urbana,Otra Señal,No existe,Intersección,Bueno,Buena,Diurna,Buen Tiempo,Múltiple,S/D,Colisión,Ninguna,Faltante,Cordón divisorio,Sin restricción
2021,976,2021-03-05,Viernes,12:48:00,,0.0,2,"Moto/Ciclomotor,Pickup/Utilitario",Av. Gral. San Martin 2900,2,2,0,0,0,0,0,"-33.03377, -60.61731",Calle,,VILLA GOBERNADOR GÁLVEZ,Rosario,Asfalto,No existe,II,Dentro,Urbana,Otra Señal,No existe,Recta,Bueno,Buena,Diurna,Buen Tiempo,Múltiple,S/D,Colisión,Ninguna,Faltante,Cordón divisorio,Sin restricción
2021,977,2021-02-26,Viernes,,,0.0,2,"Pickup/Utilitario,Moto/Ciclomotor",Domingo Silva Y Pedro Alejandro Vittori,2,1,0,0,1,0,0,"-31.63136200919,-60.699897522212",Calle,,SANTA FE,La Capital,Asfalto,No existe,I,Dentro,Urbana,Otra Señal,Funciona,Intersección,Bueno,S/D,S/D,S/D,Múltiple,S/D,Colisión,Ninguna,Vertical,Cordón divisorio,Sin restricción
2021,979,2021-02-07,Domingo,,,0.0,2,"Automóvil,Peatón",Obispo Gelabert Y Rivadavia,2,1,0,0,1,0,0,"-31.637269460457,-60.701470228237",Calle,,SANTA FE,La Capital,Asfalto,No existe,I,Dentro,Urbana,Otra Señal,Funciona,Intersección,Bueno,Buena,Diurna,Buen Tiempo,Múltiple,Peatón,Colisión,Ninguna,"Horizontal,Vertical",Cordón divisorio,Sin restricción
2021,980,2021-03-02,Martes,21:00:00,Ruta Provincial 21,0.0,2,"Moto/Ciclomotor,Pickup/Utilitario", ,2,1,0,0,0,0,1,"-33.06379, -60.59057",Ruta,21,PUEBLO ESTHER,Rosario,Asfalto,Natural,II,S/D,S/D,Otra Señal,No existe,Intersección,Bueno,Reducida,Nocturna,Otro,Múltiple,S/D,Colisión,Otro,Faltante,Cordón divisorio,Sin restricción
2021,981,2021-02-01,Lunes,11:00:00,,0.0,2,"Taxi/Remis,Automóvil",4 de Enero Y La Rioja,2,1,0,0,1,0,0,"-31.644465590663,-60.711349343392",Calle,,SANTA FE,La Capital,Asfalto,No existe,I,Dentro,Urbana,Otra Señal,No existe,Intersección,Bueno,Buena,Diurna,Buen Tiempo,Múltiple,S/D,Colisión,Ninguna,Horizontal,Cordón divisorio,Sin restricción
2021,982,2021-02-22,Lunes,19:30:00,,0.0,2,"Moto/Ciclomotor,Automóvil",Maipú 1900,2,1,0,0,1,0,0,"-31.635316662583,-60.694930743786",Calle,,SANTA FE,La Capital,Asfalto,No existe,I,Dentro,Urbana,Otra Señal,No existe,Recta,Bueno,S/D,Atardecer,S/D,Múltiple,S/D,Colisión,Ninguna,Horizontal,Cordón divisorio,Sin restricción
2021,983,2021-03-04,Jueves,13:40:00,Ruta Nacional 9,0.0,2,"Moto/Ciclomotor,Automóvil",Galindo ,2,1,0,0,1,0,0,"-32.91986, -60.82029",Ruta,9,FUNES,Rosario,Asfalto,Ripio,II,Dentro,Urbana,Otra Señal,No existe,Recta,Bueno,Buena,Diurna,Buen Tiempo,Múltiple,S/D,Colisión,Ninguna,Vertical,Cordón divisorio,Sin restricción
2021,984,2021-02-03,Miercoles,12:30:00,,0.0,2,"Automóvil,Moto/Ciclomotor",Moreno Y Zavalia,2,1,0,0,1,0,0,"-31.652530811741,-60.722095935113",Calle,,SANTA FE,La Capital,Asfalto,No existe,I,Dentro,Urbana,Otra Señal,No existe,Intersección,Con baches,Buena,Diurna,Buen Tiempo,Múltiple,S/D,Colisión,Ninguna,Faltante,Cordón divisorio,Sin restricción
2021,985,2021-03-05,Viernes,09:05:00,,0.0,2,"Automóvil,Moto/Ciclomotor",Av. Fuerza Aérea Y Los Pumas,4,1,0,0,3,0,0,"-32.93, -60.83955",Avenida,,FUNES,Rosario,Asfalto,Ripio,II,Dentro,Urbana,Otra Señal,No existe,Recta,Bueno,Buena,Diurna,Buen Tiempo,Múltiple,S/D,Colisión,Ninguna,Vertical,Cordón divisorio,Sin restricción
2021,986,2021-02-03,Miercoles,14:30:00,,0.0,2,"Peatón,Automóvil",Pje Dante Alighieri 3700,2,1,0,0,1,0,0,"-31.660207208153,-60.725611858206",Calle,,SANTA FE,La Capital,Asfalto,Pavimento,I,Dentro,Urbana,Otra Señal,No existe,Intersección,Bueno,Buena,Diurna,Buen Tiempo,Múltiple,Peatón,Colisión,Ninguna,Faltante,Cordón divisorio,Sin restricción
2021,987,2021-03-07,Domingo,01:10:00,,0.0,2,"Bicicleta,Moto/Ciclomotor",Villarino Bv Y French,2,1,0,0,0,0,1,"-33.02569, -60.8793",Calle,,ZAVALLA,Rosario,Ripio,No existe,II,S/D,Urbana,Otra Señal,No existe,Intersección,Con baches,Buena,Nocturna,Buen Tiempo,Múltiple,Ciclista,Colisión,Ninguna,Faltante,Cordón divisorio,Sin restricción
2021,988,2021-02-20,Sabado,18:55:00,,0.0,2,"Moto/Ciclomotor,Automóvil",Avellaneda Y Balcarce,2,1,0,0,0,0,1,"-31.639816634587,-60.688312567809",Calle,,SANTA FE,La Capital,Asfalto,No existe,I,Dentro,Urbana,Otra Señal,No existe,Intersección,Bueno,S/D,Atardecer,S/D,Múltiple,S/D,Colisión,Ninguna,"Horizontal,Vertical",Cordón divisorio,Sin restricción
2021,989,2021-03-03,Miercoles,19:00:00,,0.0,2,"Moto/Ciclomotor,Moto/Ciclomotor",El Jilguero Y Av. Los Talas,2,1,0,0,0,0,1,"-32.9694, -60.73872",Calle,,PEREZ,Rosario,Asfalto,No existe,II,S/D,Urbana,Otra Señal,No existe,Intersección,Bueno,Buena,Atardecer,Buen Tiempo,Múltiple,S/D,Colisión,S/D,Faltante,Cordón divisorio,Sin restricción
2021,990,2021-02-20,Sabado,23:15:00,Autovía Nacional 168,0.0,2,"Pickup/Utilitario,Moto/Ciclomotor",Av. Leandro Alem Y Vélez Sarsfield,2,1,0,0,1,0,0,"-31.6427524756,-60.686573721667",Autovía,168,SANTA FE,La Capital,Asfalto,No existe,I,Dentro,Urbana,Otra Señal,Funciona,Intersección,Bueno,S/D,"Nocturna,Con luz artificial",S/D,Múltiple,S/D,Colisión,Ninguna,"Horizontal,Vertical",Cordón divisorio,Sin restricción
2021,991,2021-03-02,Martes,,,0.0,2,"Bicicleta,Automóvil",El Picaflor 382,2,1,0,0,1,0,0,"-32.97179, -60.73642",Calle,,PEREZ,Rosario,S/D,No existe,II,S/D,Urbana,Otra Señal,No existe,Otro,Otro,Buena,Diurna,Buen Tiempo,Múltiple,Ciclista,Colisión,Ninguna,Faltante,Cordón divisorio,Sin restricción
2021,992,2021-02-06,Sabado,07:30:00,,0.0,2,"Moto/Ciclomotor,Automóvil",Entre Ríos 3300,2,1,0,0,1,0,0,"-31.658500734122,-60.719743453177",Calle,,SANTA FE,La Capital,Asfalto,No existe,I,Dentro,Urbana,Otra Señal,No existe,Intersección,Bueno,Buena,Diurna,Buen Tiempo,Múltiple,S/D,Colisión,Ninguna,Faltante,Cordón divisorio,Sin restricción
2021,995,2021-02-07,Domingo,15:00:00,,0.0,2,"Moto/Ciclomotor,Automóvil",Corrientes 3800,2,1,0,0,1,0,0,"-31.651003187363,-60.724308625108",Calle,,SANTA FE,La Capital,Asfalto,No existe,I,Dentro,Urbana,Otra Señal,No existe,Recta,Bueno,Buena,Diurna,Buen Tiempo,Múltiple,S/D,Colisión,Ninguna,Faltante,Cordón divisorio,Sin restricción
2021,996,2021-03-01,Lunes,,,0.0,2,"Moto/Ciclomotor,Moto/Ciclomotor",Belgrano Manuel Y San Lorenzo,2,1,0,0,1,0,0,"-31.73664, -61.09387",Calle,,SAN CARLOS CENTRO,Las Colonias,Asfalto,No existe,XI,Dentro,Urbana,Otra Señal,No existe,Recta,Bueno,Buena,Diurna,Buen Tiempo,Múltiple,S/D,Colisión,Ninguna,S/D,Cordón divisorio,Sin restricción
2021,997,2021-02-05,Viernes,09:25:00,,0.0,2,"Bicicleta,Peatón",Bv Gálvez Y Rivadavia,2,1,0,0,1,0,0,"-31.636112552683,-60.701113690979",Avenida,,SANTA FE,La Capital,Asfalto,No existe,I,Dentro,Urbana,Otra Señal,Funciona,Intersección,Bueno,S/D,Diurna,S/D,Múltiple,Peatón,Colisión,Ninguna,"Horizontal,Vertical",Cordón divisorio,Sin restricción
2021,998,2021-03-04,Jueves,23:45:00,,0.0,2,"Moto/Ciclomotor,Moto/Ciclomotor",Rodríguez PEÑA ,3,3,0,0,0,0,0,"-31.4525, -60.92696",Calle,,ESPERANZA,Las Colonias,Asfalto,Pavimento,XI,Dentro,Urbana,Otra Señal,No existe,Intersección,Bueno,Reducida,Nocturna,Buen Tiempo,Múltiple,S/D,Colisión,Ninguna,S/D,Cordón divisorio,Sin restricción
2021,999,2021-02-09,Martes,09:55:00,,0.0,2,"Automóvil,Moto/Ciclomotor",Saavedra 1400,2,1,0,0,1,0,0,"-31.657577966878,-60.719456939861",Calle,,SANTA FE,La Capital,Asfalto,No existe,I,Dentro,Urbana,Otra Señal,No existe,Recta,Bueno,Buena,Diurna,Buen Tiempo,Múltiple,S/D,Colisión,Ninguna,Horizontal,Cordón divisorio,Sin restricción
2021,1000,2021-03-02,Martes,18:20:00,,0.0,2,"Moto/Ciclomotor,Automóvil",San Martin Y Gregorio Donnet,2,1,0,0,1,0,0,"-31.44465, -60.92903",Calle,,ESPERANZA,Las Colonias,Asfalto,Pavimento,XI,Dentro,Urbana,Otra Señal,No existe,Cruce,Bueno,Buena,Atardecer,Buen Tiempo,Múltiple,S/D,Colisión,Ninguna,S/D,Cordón divisorio,Sin restricción
2021,1001,2021-02-09,Martes,11:15:00,,0.0,2,"Automóvil,Moto/Ciclomotor",Corrientes Y Dr. Zavalla,2,1,0,0,1,0,0,"-31.651459639806,-60.721739743552",Calle,,SANTA FE,La Capital,Asfalto,Pavimento,I,Dentro,Urbana,Otra Señal,No existe,Intersección,Bueno,Buena,Diurna,Buen Tiempo,Múltiple,S/D,Colisión,Ninguna,Faltante,Cordón divisorio,Sin restricción
2021,1002,2021-02-06,Sabado,17:10:00,,0.0,2,"Automóvil,Moto/Ciclomotor",Uruguay Y 9 de Julio,2,1,0,0,1,0,0,"-31.66087105726,-60.713588342647",Calle,,SANTA FE,La Capital,Asfalto,No existe,I,Dentro,Urbana,Otra Señal,No existe,Intersección,Bueno,S/D,Diurna,S/D,Múltiple,S/D,Colisión,Ninguna,Horizontal,Cordón divisorio,Sin restricción
2021,1003,2021-02-19,Viernes,00:25:00,,0.0,2,"Automóvil,Moto/Ciclomotor",Av. 7 Jefes 7300,2,1,0,0,1,0,0,"-31.63280679964,-60.679522743073",Avenida,,SANTA FE,La Capital,Asfalto,No existe,I,Dentro,Urbana,Otra Señal,No existe,Recta,Bueno,S/D,"Nocturna,Con luz artificial",S/D,Múltiple,S/D,Colisión,Ninguna,Horizontal,Cordón divisorio,Sin restricción
2021,1004,2021-02-07,Domingo,19:00:00,,0.0,2,"Moto/Ciclomotor,Automóvil",La Rioja Y San Luis,2,1,0,0,1,0,0,"-31.64646817384,-60.703120620621",Calle,,SANTA FE,La Capital,Asfalto,No existe,I,Dentro,Urbana,Otra Señal,No existe,Intersección,Bueno,S/D,Diurna,S/D,Múltiple,S/D,Colisión,Ninguna,Faltante,Cordón divisorio,Sin restricción
2021,1005,2021-02-11,Jueves,19:00:00,,0.0,2,"Moto/Ciclomotor,Automóvil",Av. Gral. López Y Saavedra,4,2,0,0,2,0,0,"-31.655471264634,-60.718818661145",Avenida,,SANTA FE,La Capital,Asfalto,No existe,I,Dentro,Urbana,Otra Señal,No existe,Intersección,Bueno,Buena,Atardecer,Buen Tiempo,Múltiple,S/D,Colisión,Ninguna,Horizontal,Cordón divisorio,Sin restricción
2021,1006,2021-02-08,Lunes,10:00:00,,0.0,2,"Bicicleta,Peatón",Av. Urquiza Y Salta,2,1,0,0,0,0,1,"-31.648964299975,-60.714035026289",Avenida,,SANTA FE,La Capital,Asfalto,No existe,I,Dentro,Urbana,Otra Señal,Funciona,Recta,Bueno,S/D,Diurna,S/D,Múltiple,Peatón,Colisión,Ninguna,"Horizontal,Vertical",Cordón divisorio,Sin restricción