anio_acci,nro_acci,fecha,desc_dia,hora_aprox,desc_ruta,km,cant_participantes,desc_participante,calle_avenida_km,total,heridos_leves,heridos_graves,heridos_gravisimos,ilesos,fallecidos,sin_datos,posicion_XY,desc_tipo_via,desc_ruta_ori,desc_loc,desc_dpto,desc_tipo_calzada,desc_tipo_banquina,desc_unidad_regional,desc_lugar_calzada,desc_zona,desc_prioridad,desc_estado_semaforo,desc_lugar_via,desc_estado_via,desc_estado_visibilidad,desc_luminosidad,desc_estado_clima,desc_tipo_colision,desc_tipo_atropello,desc_tipo_hecho,desc_pres_calzada,desc_senializacion,desc_separacion_via,desc_restriccion
2021,1007,2021-02-15,Lunes,08:30:00,Ruta Nacional 11,0.0,1,Moto/Ciclomotor,PUENTE CARRETERO ,1,0,0,1,0,0,0,"-31.66661560535433,-60.745961666107",Ruta,11,SANTA FE,La Capital,Asfalto,No existe,I,Dentro,Urbana,Otra Señal,No existe,Intersección,Con baches,Buena,Diurna,Buen Tiempo,Múltiple,S/D,Colisión,Ninguna,Horizontal,Cordón divisorio,Sin restricción
2021,1008,2021-02-05,Viernes,07:15:00,,0.0,2,"Automóvil,Moto/Ciclomotor",Irigoyen Freyre Y 9 de Julio,2,1,0,0,1,0,0,"-31.64287331191,-60.708201047195",Calle,,SANTA FE,La Capital,Asfalto,No existe,I,Dentro,Urbana,Otra Señal,No existe,Intersección,Bueno,S/D,Diurna,S/D,Múltiple,S/D,Colisión,Ninguna,Horizontal,Cordón divisorio,Sin restricción
2021,1009,2021-02-09,Martes,13:05:00,,0.0,2,"Automóvil,Pickup/Utilitario",San Luis 2600,2,1,0,0,1,0,0,"-31.64646817384,-60.703120620621",Calle,,SANTA FE,La Capital,Asfalto,No existe,I,Dentro,Urbana,Otra Señal,No existe,Recta,Bueno,Buena,Diurna,S/D,Múltiple,S/D,Colisión,Ninguna,Faltante,Cordón divisorio,Sin restricción
2021,1010,2021-02-21,Domingo,11:15:00,,0.0,2,"Moto/Ciclomotor,Moto/Ciclomotor",Juan Diaz de Solís Y Moreno,2,2,0,0,0,0,0,"-31.651347329611,-60.728807753267",Calle,,SANTA FE,La Capital,Asfalto,Pavimento,I,Dentro,Urbana,Otra Señal,No existe,Intersección,Con baches,Buena,Diurna,Buen Tiempo,Múltiple,S/D,Colisión,Ninguna,Faltante,Cordón divisorio,Sin restricción
2021,1011,2021-02-12,Viernes,04:30:00,Ruta Nacional 11,0.0,3,"Moto/Ciclomotor,Moto/Ciclomotor,Moto/Ciclomotor",J J Paso Y 1ro de Mayo,3,2,0,0,1,0,0,"-31.662740620719,-60.715511095969",Ruta,11,SANTA FE,La Capital,Asfalto,No existe,I,Dentro,Urbana,Otra Señal,No existe,Intersección,Bueno,S/D,"Nocturna,Con luz artificial",S/D,Múltiple,S/D,Colisión,Ninguna,"Horizontal,Vertical",Cordón divisorio,Sin restricción
2021,1012,2021-02-25,Jueves,17:00:00,Autopista Nacional A007,0.0,2,"Automóvil,Moto/Ciclomotor",Diego Núñez ,2,1,0,0,1,0,0,"-31.665768027305628,-60.73086619377",Autopista,A007,SANTA FE,La Capital,Asfalto,Pavimento,I,Dentro,Urbana,Otra Señal,No existe,Intersección,Con baches,Buena,Atardecer,Buen Tiempo,Múltiple,S/D,Colisión,Ninguna,"Horizontal,Vertical",Cordón divisorio,Sin restricción
2021,1013,2021-02-07,Domingo,14:00:00,,0.0,2,"Moto/Ciclomotor,Vehículo Oficial",Av. Blas Parera Y Derqui,2,1,0,0,1,0,0,"-31.612433125551,-60.718429758061",Avenida,,SANTA FE,La Capital,Asfalto,No existe,I,Dentro,Urbana,Otra Señal,Funciona,Intersección,Bueno,Buena,Diurna,Buen Tiempo,Múltiple,S/D,Colisión,Ninguna,Faltante,Cordón divisorio,Sin restricción
2021,1014,2021-02-09,Martes,22:00:00,Autopista Nacional A007,0.0,1,Automóvil,Av. Circunvalación ,1,1,0,0,0,0,0,"-31.649851799011252,-60.74126243591",Autopista,A007,SANTA FE,La Capital,Asfalto,No existe,I,Dentro,Urbana,Otra Señal,No existe,Recta,Bueno,Buena,"Nocturna,Con luz artificial",Buen Tiempo,Múltiple,S/D,Colisión,Ninguna,Vertical,Cordón divisorio,Sin restricción
2021,1015,2021-02-07,Domingo,20:05:00,,0.0,2,"Moto/Ciclomotor,Automóvil",Artigas Y Av. López y Planes,2,0,0,0,0,0,2,"-31.621280538539,-60.713544249493",Avenida,,SANTA FE,La Capital,Asfalto,No existe,I,Dentro,Urbana,Otra Señal,Funciona,Intersección,Bueno,Buena,Amanecer,Buen Tiempo,Múltiple,S/D,Colisión,Ninguna,"Horizontal,Vertical",Cordón divisorio,Sin restricción
2021,1016,2021-02-06,Sabado,23:20:00,,0.0,2,"Automóvil,Moto/Ciclomotor",Av. Blas Parera Y Martin Zapata,2,0,0,0,0,0,2,"-31.615809961329,-60.717728526572",Avenida,,SANTA FE,La Capital,Asfalto,No existe,I,Dentro,Urbana,Otra Señal,Funciona,Intersección,Bueno,Buena,"Nocturna,Con luz artificial",Buen Tiempo,Múltiple,S/D,Colisión,Ninguna,"Horizontal,Vertical",Cordón divisorio,Sin restricción
2021,1017,2021-02-11,Jueves,11:30:00,,0.0,2,"Moto/Ciclomotor,Automóvil",San Martin Y Suipacha,2,1,0,0,0,0,1,"-31.640061338434,-60.704621996461",Calle,,SANTA FE,La Capital,Asfalto,No existe,I,Dentro,Urbana,Otra Señal,Funciona,Intersección,Bueno,S/D,Diurna,S/D,Múltiple,S/D,Colisión,Ninguna,"Horizontal,Vertical",Cordón divisorio,Sin restricción
2021,1018,2021-02-13,Sabado,09:15:00,,0.0,2,"Automóvil,Peatón",Santiago del Estero Y 1ro de Mayo,2,1,0,0,1,0,0,"-31.637009395618,-60.707740230083",Calle,,SANTA FE,La Capital,Asfalto,No existe,I,Dentro,Urbana,Otra Señal,No existe,Recta,Bueno,S/D,Diurna,S/D,Múltiple,Peatón,Colisión,Ninguna,Horizontal,Cordón divisorio,Sin restricción
2021,1019,2021-03-06,Sabado,00:40:00,,0.0,3,"Automóvil,Bicicleta,Bicicleta",G Lehmann Y Mariano Moreno,3,2,0,0,1,0,0,"-31.45025, -60.93287",Calle,,ESPERANZA,Las Colonias,Asfalto,S/D,XI,Dentro,Urbana,Otra Señal,No existe,Intersección,Bueno,Buena,"Nocturna,Con luz artificial",Buen Tiempo,Múltiple,Ciclista,Colisión,Ninguna,S/D,Cordón divisorio,Sin restricción
2021,1020,2021-03-02,Martes,05:40:00,Ruta Nacional 11,0.0,1,Pickup/Utilitario, ,4,1,0,0,3,0,0,"-30.77401, -60.5821",Ruta,11,SAN JUSTO,San Justo,Asfalto,Natural,XVI,S/D,Rural,Otra Señal,No existe,Recta,Bueno,Reducida,Nocturna,Buen Tiempo,Múltiple,S/D,Colisión,Ninguna,Faltante,Cordón divisorio,Sin restricción
2021,1021,2021-03-02,Martes,12:15:00,,0.0,2,"Pickup/Utilitario,Moto/Ciclomotor",Santa Fe Y N Figueredo,2,1,0,0,1,0,0,"-30.79042, -60.59741",Calle,,SAN JUSTO,San Justo,Asfalto,No existe,XVI,Dentro,Urbana,Otra Señal,No existe,Intersección,Bueno,Buena,Con luz artificial,Buen Tiempo,Múltiple,S/D,Colisión,Ninguna,Faltante,Cordón divisorio,Sin restricción
2021,1022,2021-03-02,Martes,11:00:00,,0.0,2,"Bicicleta,Automóvil",S Martin 2460,3,2,0,0,1,0,0,"-30.78646, -60.59126",Calle,,SAN JUSTO,San Justo,Asfalto,No existe,XVI,S/D,Urbana,Otra Señal,No existe,Recta,Bueno,Buena,Diurna,Buen Tiempo,Múltiple,Ciclista,Colisión,Ninguna,Faltante,Cordón divisorio,Sin restricción
2021,1025,2021-03-05,Viernes,17:00:00,,0.0,2,"Pickup/Utilitario,Moto/Ciclomotor",Ignacio Asurmendi Y Lavalle,2,1,0,0,1,0,0,"-33.23799, -60.83482",Calle,,ACEBAL,Rosario,Asfalto,No existe,II,S/D,Urbana,Otra Señal,No existe,Recta,Bueno,Buena,Diurna,Buen Tiempo,Múltiple,S/D,Colisión,Ninguna,Faltante,Cordón divisorio,Sin restricción
2021,1027,2021-03-07,Domingo,00:40:00,Ruta Provincial 1,0.0,2,"Moto/Ciclomotor,Automóvil", ,2,1,0,0,1,0,0,"-31.62231, -60.59699",Ruta,1,COLASTINE,La Capital,Asfalto,Ripio,I,Dentro,Urbana,Otra Señal,Funciona,Recta,Bueno,Reducida,Con luz artificial,Buen Tiempo,Múltiple,S/D,Colisión,Ninguna,Vertical,Cordón divisorio,Sin restricción
2021,1028,2021-03-01,Lunes,13:00:00,Ruta Provincial 1,0.0,2,"Moto/Ciclomotor,Automóvil", ,2,1,0,0,1,0,0,"-31.62231, -60.59699",Ruta,1,COLASTINE,La Capital,Asfalto,Ripio,I,Dentro,Urbana,Otra Señal,Funciona,Recta,Bueno,Buena,Atardecer,Buen Tiempo,Múltiple,S/D,Colisión,Ninguna,Vertical,Cordón divisorio,Sin restricción
2021,1030,2021-03-01,Lunes,12:10:00,,0.0,2,"Automóvil,Moto/Ciclomotor",Sarmiento Y Crespo,3,2,0,0,1,0,0,"-31.13768, -60.99152",Calle,,PROGRESO,Las Colonias,Asfalto,No existe,XI,Dentro,Urbana,Otra Señal,No existe,Intersección,Bueno,Buena,Diurna,Buen Tiempo,Múltiple,S/D,Colisión,Ninguna,Horizontal,Cordón divisorio,Sin restricción
2021,1031,2021-03-14,Domingo,15:05:00,,0.0,2,"Moto/Ciclomotor,Moto/Ciclomotor",9 de Julio Y San Martin,3,3,0,0,0,0,0,"-29.45926, -60.21052",Calle,,VERA,Vera,Asfalto,No existe,XIX,Dentro,Urbana,Otra Señal,No existe,Intersección,Bueno,Buena,Diurna,Buen Tiempo,Múltiple,S/D,Colisión,Ninguna,Vertical,Cordón divisorio,Sin restricción
2021,1032,2021-03-09,Martes,12:10:00,,0.0,1,Moto/Ciclomotor,Av. Arronga 1900,1,1,0,0,0,0,0,"-29.4635, -60.20407",Calle,,VERA,Vera,Ripio,No existe,XIX,Dentro,Urbana,Otra Señal,No existe,Recta,Bueno,Buena,Diurna,Buen Tiempo,Múltiple,S/D,Colisión,Otro,Faltante,Cordón divisorio,Sin restricción
2021,1033,2021-03-11,Jueves,21:30:00,,0.0,2,"Moto/Ciclomotor,Moto/Ciclomotor",R S PEÑA Y Salta,2,2,0,0,0,0,0,"-29.89423, -60.28365",Calle,,VERA,Vera,Asfalto,No existe,XIX,S/D,Urbana,Otra Señal,No existe,Intersección,Con baches,Buena,Con luz artificial,Buen Tiempo,Múltiple,S/D,Colisión,Ninguna,Faltante,Cordón divisorio,Sin restricción
2021,1034,2021-03-14,Domingo,14:00:00,Ruta Nacional 11,664.0,1,Automóvil, ,1,1,0,0,0,0,0,"-29.98407, -60.30599",Ruta,11,CALCHAQUÍ,Vera,Tierra,Natural,XIX,Dentro,Rural,Otra Señal,No existe,Recta,Deteriorada,Buena,Diurna,Buen Tiempo,Múltiple,S/D,Colisión,Ninguna,Faltante,Cordón divisorio,Sin restricción
2021,1035,2021-03-12,Viernes,10:30:00,,0.0,2,"Moto/Ciclomotor,Pickup/Utilitario",Roque Sáenz PEÑA ,2,1,0,0,1,0,0,"-29.89004, -60.28286",Calle,,CALCHAQUÍ,Vera,Asfalto,Natural,XIX,Dentro,Urbana,Otra Señal,No existe,Recta,Bueno,Buena,Diurna,Buen Tiempo,Múltiple,S/D,Colisión,Ninguna,Vertical,Cordón divisorio,Sin restricción
2021,1036,2021-03-05,Viernes,23:53:00,,0.0,2,"Automóvil,Moto/Ciclomotor",Gdor. Candioti Y Avellaneda,2,1,0,0,1,0,0,"-31.64169, -60.68887",Calle,,SANTA FE,La Capital,Asfalto,No existe,I,Dentro,Urbana,Otra Señal,No existe,Intersección,Bueno,S/D,Nocturna,S/D,Múltiple,S/D,Colisión,S/D,S/D,Cordón divisorio,Sin restricción
2021,1038,2021-03-07,Domingo,04:30:00,,0.0,2,"Moto/Ciclomotor,Camión Chasis",J J Paso Y 1ro de Mayo,2,1,0,0,1,0,0,"-31.66275, -60.71546",Calle,,SANTA FE,La Capital,S/D,S/D,I,S/D,Urbana,Otra Señal,S/D,S/D,S/D,S/D,S/D,S/D,Múltiple,S/D,Colisión,S/D,S/D,Cordón divisorio,Sin restricción
2021,1039,2021-03-01,Lunes,17:55:00,,0.0,2,"Moto/Ciclomotor,Automóvil",Cruz Roje Argentina Y Corrientes,2,1,0,0,1,0,0,"-31.65407, -60.70611",Calle,,SANTA FE,La Capital,S/D,S/D,I,S/D,Urbana,Otra Señal,S/D,S/D,S/D,S/D,S/D,S/D,Múltiple,S/D,Colisión,S/D,S/D,Cordón divisorio,Sin restricción
2021,1040,2021-02-11,Jueves,17:00:00,,0.0,2,"Moto/Ciclomotor,Automóvil",Av. López y Planes Y Agustín Delgado,2,0,0,0,0,0,2,"-31.617900361815,-60.713233906112",Avenida,,SANTA FE,La Capital,Asfalto,No existe,I,Dentro,Urbana,Otra Señal,Funciona,Intersección,Bueno,Buena,Diurna,Buen Tiempo,Múltiple,S/D,Colisión,Ninguna,Vertical,Cordón divisorio,Sin restricción
2021,1041,2021-02-22,Lunes,14:30:00,,0.0,2,"Moto/Ciclomotor,Pickup/Utilitario",Francia Y Maipú,2,1,0,0,1,0,0,"-31.631870467143,-60.710705361388",Calle,,SANTA FE,La Capital,Asfalto,No existe,I,Dentro,Urbana,Otra Señal,No existe,Intersección,Bueno,Buena,Diurna,Buen Tiempo,Múltiple,S/D,Colisión,Ninguna,Vertical,Cordón divisorio,Sin restricción
2021,1042,2021-02-12,Viernes,08:20:00,,0.0,2,"Moto/Ciclomotor,Transporte de Pasajeros Urbano (> 8 asientos)",Av. Blas Parera Y Fray C Rodríguez,2,0,0,0,0,0,2,"-31.618156592975,-60.716597789388",Avenida,,SANTA FE,La Capital,Asfalto,No existe,I,Dentro,Urbana,Otra Señal,Funciona,Intersección,Bueno,Buena,Diurna,Buen Tiempo,Múltiple,S/D,Colisión,Ninguna,Vertical,Cordón divisorio,Sin restricción
2021,1043,2021-02-19,Viernes,11:45:00,,0.0,2,"Moto/Ciclomotor,Camión c / Acoplado",Av. Blas Parera Y Lavaisse,2,0,0,0,0,0,2,"-31.607939648082,-60.719638710364",Avenida,,SANTA FE,La Capital,Asfalto,No existe,I,Dentro,Urbana,Otra Señal,Funciona,Intersección,Bueno,Buena,Diurna,Buen Tiempo,Múltiple,S/D,Colisión,Ninguna,"Horizontal,Vertical",Cordón divisorio,Sin restricción
2021,1044,2021-02-23,Martes,11:30:00,,0.0,2,"Moto/Ciclomotor,Automóvil",Mendoza 3200,2,1,0,0,1,0,0,"-31.647133168652,-60.714911847244",Calle,,SANTA FE,La Capital,Asfalto,No existe,I,Dentro,Urbana,Otra Señal,Funciona,Intersección,Bueno,Buena,Diurna,Buen Tiempo,Múltiple,S/D,Colisión,Ninguna,"Horizontal,Vertical",Cordón divisorio,Sin restricción
2021,1045,2021-02-23,Martes,22:10:00,,0.0,2,"Moto/Ciclomotor,Automóvil",Av. Freyre 2360,2,1,0,0,1,0,0,"-31.636370018769,-60.715662234625",Avenida,,SANTA FE,La Capital,Asfalto,No existe,I,Dentro,Urbana,Otra Señal,Funciona,Intersección,Bueno,Buena,"Nocturna,Con luz artificial",Buen Tiempo,Múltiple,S/D,Colisión,Ninguna,"Horizontal,Vertical",Cordón divisorio,Sin restricción
2021,1046,2021-02-27,Sabado,16:30:00,,0.0,2,"Moto/Ciclomotor,Automóvil",Av. Blas Parera Y M De Polonia,2,0,0,0,0,0,2,"-31.614064644618,-60.717773095057",Avenida,,SANTA FE,La Capital,Asfalto,No existe,I,Dentro,Urbana,Otra Señal,Funciona,Intersección,Bueno,Buena,Diurna,Buen Tiempo,Múltiple,S/D,Colisión,Ninguna,Horizontal,Cordón divisorio,Sin restricción
2021,1047,2021-02-01,Lunes,18:00:00,,0.0,2,"Bicicleta,Automóvil",Av. Freyre Y Catamarca,2,1,0,0,1,0,0,"-31.642283933159,-60.717652471749",Avenida,,SANTA FE,La Capital,Asfalto,No existe,I,Dentro,Urbana,Otra Señal,No existe,Intersección,Bueno,Buena,Diurna,Buen Tiempo,Múltiple,Ciclista,Colisión,Ninguna,Faltante,Cordón divisorio,Sin restricción
2021,1048,2021-02-03,Miercoles,08:40:00,,0.0,2,"Moto/Ciclomotor,Automóvil",Mendoza Y Pje Esteban Echeverria,2,1,0,0,1,0,0,"-31.646021358603,-60.719378461144",Calle,,SANTA FE,La Capital,Asfalto,Pavimento,I,Dentro,Urbana,Otra Señal,No existe,Intersección,Bueno,Buena,Diurna,Buen Tiempo,Múltiple,S/D,Colisión,Ninguna,Horizontal,Cordón divisorio,Sin restricción
2021,1049,2021-02-03,Miercoles,09:10:00,,0.0,2,"Moto/Ciclomotor,Automóvil",Av. Freyre Y Bernardo de Irigoyen,2,1,0,0,1,0,0,"-33.177932378399,-61.0725891311",Avenida,,SANTA FE,La Capital,Asfalto,Pavimento,I,Dentro,Urbana,Otra Señal,No existe,Intersección,Bueno,Buena,Diurna,Buen Tiempo,Múltiple,S/D,Colisión,Ninguna,Faltante,Cordón divisorio,Sin restricción
2021,1050,2021-02-03,Miercoles,12:00:00,,0.0,2,"Moto/Ciclomotor,Automóvil",Av. Freyre Y Catamarca,3,2,0,0,1,0,0,"-31.642283933159,-60.717652471749",Avenida,,SANTA FE,La Capital,Asfalto,Pavimento,I,Dentro,Urbana,Otra Señal,No existe,Intersección,Bueno,Buena,Diurna,Buen Tiempo,Múltiple,S/D,Colisión,Ninguna,Horizontal,Cordón divisorio,Sin restricción
2021,1051,2021-02-04,Jueves,14:00:00,,0.0,2,"Moto/Ciclomotor,Automóvil",Av. Freyre Y Salta,2,1,0,0,1,0,0,"-31.647938394957,-60.719266716977",Avenida,,SANTA FE,La Capital,Asfalto,Pavimento,I,Dentro,Urbana,Otra Señal,No existe,Intersección,Bueno,Buena,Diurna,Buen Tiempo,Múltiple,S/D,Colisión,Ninguna,Faltante,Cordón divisorio,Sin restricción
2021,1052,2021-02-12,Viernes,11:50:00,,0.0,2,"Moto/Ciclomotor,Moto/Ciclomotor",Av. Freyre Y Lisandro de la Torre,2,1,0,0,1,0,0,"-31.6491268683,-60.719613227291",Avenida,,SANTA FE,La Capital,Asfalto,No existe,I,Dentro,Urbana,Otra Señal,No existe,Intersección,Bueno,Buena,Diurna,Buen Tiempo,Múltiple,S/D,Colisión,Ninguna,"Horizontal,Vertical",Cordón divisorio,Sin restricción
2021,1053,2021-02-24,Miercoles,17:30:00,,0.0,2,"Moto/Ciclomotor,Automóvil",San Juan Y Salta,4,3,0,0,1,0,0,"-31.647427527681,-60.721898347788",Calle,,SANTA FE,La Capital,Asfalto,No existe,I,Dentro,Urbana,Otra Señal,No existe,Intersección,Bueno,Buena,Diurna,Buen Tiempo,Múltiple,S/D,Colisión,Ninguna,"Horizontal,Vertical",Cordón divisorio,Sin restricción
2021,1054,2021-02-21,Domingo,13:00:00,,0.0,2,"Moto/Ciclomotor,Automóvil",Lamadrid Y Mendoza,3,2,0,0,1,0,0,"-31.643839838961,-60.727963812104",Calle,,SANTA FE,La Capital,Asfalto,Pavimento,I,Dentro,Urbana,Otra Señal,Funciona,Intersección,Bueno,Buena,Diurna,Buen Tiempo,Múltiple,S/D,Colisión,Ninguna,Vertical,Cordón divisorio,Sin restricción
2021,1055,2021-02-22,Lunes,08:25:00,,0.0,2,"Moto/Ciclomotor,Automóvil",Av. Pte. Perón Y Santiago del Estero,3,2,0,0,1,0,0,"-31.634765616031,-60.71791622743",Avenida,,SANTA FE,La Capital,Asfalto,No existe,I,Dentro,Urbana,Otra Señal,No existe,Intersección,Bueno,Buena,Diurna,Buen Tiempo,Múltiple,S/D,Colisión,Ninguna,Vertical,Cordón divisorio,Sin restricción
2021,1056,2021-02-13,Sabado,01:50:00,,0.0,2,"Moto/Ciclomotor,Automóvil",Bv Pellegrini Y Francia,2,1,0,0,1,0,0,"-31.633923202711,-60.711327063673",Avenida,,SANTA FE,La Capital,Asfalto,No existe,I,Dentro,Urbana,Otra Señal,Funciona,Intersección,Bueno,Buena,"Nocturna,Con luz artificial",Buen Tiempo,Múltiple,S/D,Colisión,Ninguna,"Horizontal,Vertical",Cordón divisorio,Sin restricción
2021,1057,2021-02-19,Viernes,18:05:00,,0.0,2,"Peatón,Pickup/Utilitario",Av. Freyre Y Primera Junta,2,1,0,0,1,0,0,"-31.644989721279,-60.718405925172",Avenida,,SANTA FE,La Capital,Asfalto,Pavimento,I,Dentro,Urbana,Otra Señal,No existe,Intersección,Bueno,Buena,Diurna,Buen Tiempo,Múltiple,Peatón,Colisión,Ninguna,Vertical,Cordón divisorio,Sin restricción
2021,1058,2021-02-20,Sabado,12:35:00,,0.0,2,"Bicicleta,Automóvil",Av. López y Planes 3500,2,1,0,0,1,0,0,"-31.633206296783,-60.713740689257",Avenida,,SANTA FE,La Capital,Asfalto,Pavimento,I,Dentro,Urbana,Otra Señal,No existe,Intersección,Bueno,Buena,Diurna,Buen Tiempo,Múltiple,Ciclista,Colisión,Ninguna,Vertical,Cordón divisorio,Sin restricción
2021,1059,2021-02-18,Jueves,11:30:00,,0.0,2,"Moto/Ciclomotor,Automóvil",Av. Freyre Y Santiago del Estero,2,1,0,0,1,0,0,"-31.635261068683,-60.715606308254",Avenida,,SANTA FE,La Capital,Asfalto,No existe,I,Dentro,Urbana,Otra Señal,Funciona,Intersección,Bueno,Buena,Diurna,Buen Tiempo,Múltiple,S/D,Colisión,Ninguna,"Horizontal,Vertical",Cordón divisorio,Sin restricción
2021,1060,2021-02-17,Miercoles,09:45:00,,0.0,2,"Moto/Ciclomotor,Automóvil",Gdor. Crespo Y Lamadrid,2,1,0,0,1,0,0,"-31.637555939756,-60.726043802676",Calle,,SANTA FE,La Capital,"Asfalto,Tierra",No existe,I,Dentro,Urbana,Otra Señal,No existe,Intersección,Deteriorada,Buena,Diurna,Buen Tiempo,Múltiple,S/D,Colisión,Material Suelto,Faltante,Cordón divisorio,Sin restricción
2021,1061,2021-02-11,Jueves,19:20:00,,0.0,2,"Moto/Ciclomotor,Pickup/Utilitario",Av. Urquiza 3331,2,1,0,0,1,0,0,"-31.636073590191,-60.710386650462",Avenida,,SANTA FE,La Capital,Asfalto,No existe,I,Dentro,Urbana,Otra Señal,No existe,Recta,Bueno,Buena,"Atardecer,Con luz artificial",Buen Tiempo,Múltiple,S/D,Colisión,Ninguna,Faltante,Cordón divisorio,Sin restricción
2021,1062,2021-02-08,Lunes,07:50:00,,0.0,2,"Moto/Ciclomotor,Pickup/Utilitario",Junín Y Saavedra,2,1,0,0,1,0,0,"-31.636888211904,-60.713310272779",Calle,,SANTA FE,La Capital,Asfalto,No existe,I,Dentro,Urbana,Otra Señal,No existe,Intersección,Bueno,Buena,Diurna,Buen Tiempo,Múltiple,S/D,Colisión,Ninguna,Vertical,Cordón divisorio,Sin restricción
2021,1063,2021-02-16,Martes,14:00:00,,0.0,2,"Moto/Ciclomotor,Moto/Ciclomotor",Av. López y Planes Y Bv Pellegrini,3,1,0,0,2,0,0,"-31.633206296783,-60.713740689257",Avenida,,SANTA FE,La Capital,Asfalto,Pavimento,I,Dentro,Urbana,Otra Señal,Funciona,Intersección,Bueno,Buena,Diurna,Buen Tiempo,Múltiple,S/D,Colisión,Ninguna,"Horizontal,Vertical",Cordón divisorio,Sin restricción
2021,1064,2021-02-14,Domingo,23:10:00,,0.0,2,"Automóvil,Bicicleta",Av. Facundo Zuviria Y Ayacucho,2,1,0,0,1,0,0,"-31.595575445596,-60.700146075038",Avenida,,SANTA FE,La Capital,Asfalto,No existe,I,Dentro,Urbana,Otra Señal,No existe,Intersección,Bueno,Buena,"Nocturna,Con luz artificial",Buen Tiempo,Múltiple,Ciclista,Colisión,Ninguna,Faltante,Cordón divisorio,Sin restricción
2021,1065,2021-02-08,Lunes,16:30:00,,0.0,2,"Moto/Ciclomotor,Moto/Ciclomotor",Av. A del Valle Y Javier de la Rosa,3,2,0,0,1,0,0,"-31.599254746712,-60.691912707173",Avenida,,SANTA FE,La Capital,Asfalto,No existe,I,Dentro,Urbana,Otra Señal,No existe,Intersección,Con baches,Buena,Diurna,Buen Tiempo,Múltiple,S/D,Colisión,Ninguna,Faltante,Cordón divisorio,Sin restricción
2021,1066,2021-02-04,Jueves,10:00:00,,0.0,2,"Moto/Ciclomotor,Taxi/Remis",Alvear Y Derqui,3,1,0,0,2,0,0,"-31.617820159812,-60.690911824008",Calle,,SANTA FE,La Capital,Asfalto,No existe,I,Dentro,Urbana,Otra Señal,No existe,Intersección,Bueno,Buena,Diurna,Buen Tiempo,Múltiple,S/D,Colisión,Ninguna,Faltante,Cordón divisorio,Sin restricción
2021,1067,2021-02-08,Lunes,12:00:00,,0.0,2,"Automóvil,Moto/Ciclomotor",Belgrano Y Pedro de Vega,2,1,0,0,1,0,0,"-31.611965, -60.691422",Calle,,SANTA FE,La Capital,Asfalto,No existe,I,Dentro,Urbana,Otra Señal,No existe,Intersección,Bueno,Buena,Diurna,Buen Tiempo,Múltiple,S/D,Colisión,Ninguna,Faltante,Cordón divisorio,Sin restricción
2021,1068,2021-02-07,Domingo,19:30:00,,0.0,2,"Automóvil,Moto/Ciclomotor",Av. Almte. Brown Y Pedro de Vega,2,1,0,0,1,0,0,"-31.615886803273,-60.672971143861",Avenida,,SANTA FE,La Capital,Asfalto,No existe,I,Dentro,Urbana,Otra Señal,No existe,Intersección,Bueno,Buena,Atardecer,Buen Tiempo,Múltiple,S/D,Colisión,Ninguna,Horizontal,Cordón divisorio,Sin restricción
2021,1069,2021-02-15,Lunes,20:15:00,,0.0,2,"Peatón,Moto/Ciclomotor",Av. Pte. Perón Y Cortada Perú,2,0,0,0,0,0,2,"-31.621184982423,-60.718523340864",Avenida,,SANTA FE,La Capital,Asfalto,No existe,I,Dentro,Urbana,Otra Señal,Funciona,Intersección,Bueno,Buena,Diurna,Buen Tiempo,Múltiple,Peatón,Colisión,Ninguna,Vertical,Cordón divisorio,Sin restricción
2021,1070,2021-02-16,Martes,19:30:00,,0.0,2,"Peatón,Moto/Ciclomotor",Juan Diaz de Solís Y Pedro Centeno,2,0,0,0,0,0,2,"-31.623716345883,-60.719823353354",Calle,,SANTA FE,La Capital,Asfalto,No existe,I,Dentro,Urbana,Otra Señal,No existe,Intersección,Bueno,Buena,Atardecer,Buen Tiempo,Múltiple,Peatón,Colisión,Ninguna,Faltante,Cordón divisorio,Sin restricción
2021,1071,2021-02-09,Martes,13:00:00,,0.0,2,"Automóvil,Automóvil",Salvador del Carril Y Vélez Sarsfield,2,1,0,0,1,0,0,"-31.621467982162,-60.680863143139",Calle,,SANTA FE,La Capital,Asfalto,No existe,I,Dentro,Urbana,Otra Señal,No existe,Paso a Nivel FFCC,Bueno,Buena,Diurna,Buen Tiempo,Múltiple,S/D,Colisión,Ninguna,Vertical,Cordón divisorio,Sin restricción
2021,1072,2021-02-01,Lunes,,,0.0,2,"Moto/Ciclomotor,Automóvil", ,3,2,0,0,1,0,0,"-31.6244477760916,-60.6988397800237",S/D,,SANTA FE,La Capital,S/D,S/D,I,S/D,S/D,Otra Señal,S/D,S/D,S/D,S/D,S/D,S/D,Múltiple,S/D,Colisión,S/D,S/D,Cordón divisorio,Sin restricción