anio_acci,nro_acci,fecha,desc_dia,hora_aprox,desc_ruta,km,cant_participantes,desc_participante,calle_avenida_km,total,heridos_leves,heridos_graves,heridos_gravisimos,ilesos,fallecidos,sin_datos,posicion_XY,desc_tipo_via,desc_ruta_ori,desc_loc,desc_dpto,desc_tipo_calzada,desc_tipo_banquina,desc_unidad_regional,desc_lugar_calzada,desc_zona,desc_prioridad,desc_estado_semaforo,desc_lugar_via,desc_estado_via,desc_estado_visibilidad,desc_luminosidad,desc_estado_clima,desc_tipo_colision,desc_tipo_atropello,desc_tipo_hecho,desc_pres_calzada,desc_senializacion,desc_separacion_via,desc_restriccion
2021,1142,2021-03-06,Sabado,08:50:00,,0.0,2,"Moto/Ciclomotor,Camión Chasis",9 de Julio ,2,1,0,0,1,0,0,"-29.88299, -60.28155",Calle,,CALCHAQUÍ,Vera,Tierra,No existe,XIX,Dentro,Urbana,Otra Señal,No existe,Intersección,Deteriorada,Buena,Diurna,Buen Tiempo,Múltiple,S/D,Colisión,Ninguna,Faltante,Cordón divisorio,Sin restricción
2021,1143,2021-03-02,Martes,11:20:00,,0.0,2,"Automóvil,Moto/Ciclomotor",Alvear Y R S PEÑA,3,1,0,0,2,0,0,"-29.46584, -60.21804",Calle,,VERA,Vera,"Tierra,Ripio",No existe,XIX,Dentro,Urbana,Otra Señal,No existe,Intersección,Otro,Buena,Diurna,Buen Tiempo,Múltiple,S/D,Colisión,Otro,Faltante,Cordón divisorio,Sin restricción
2021,1144,2021-02-08,Lunes,08:32:00,,0.0,1,Moto/Ciclomotor, ,1,1,0,0,0,0,0,"-31.636101, -60.668070",S/D,,SANTA FE,La Capital,S/D,S/D,I,Dentro,Urbana,Otra Señal,S/D,S/D,S/D,Buena,Diurna,Buen Tiempo,Múltiple,S/D,Colisión,S/D,S/D,Cordón divisorio,Sin restricción
2021,1145,2021-03-03,Miercoles,18:30:00,,0.0,2,"Automóvil,Pickup/Utilitario",Belgrano Y A Contini,3,1,0,0,2,0,0,"-31.27245, -60.76137",Calle,,NELSON,La Capital,Ripio,No existe,I,Dentro,Urbana,Otra Señal,No existe,Intersección,Bueno,Buena,Atardecer,Buen Tiempo,Múltiple,S/D,Colisión,Ninguna,S/D,Cordón divisorio,Sin restricción
2021,1146,2021-03-01,Lunes,12:10:00,,0.0,2,"Bicicleta,Camión Chasis",Lehman 900,2,1,0,0,1,0,0,"-31.49034, -60.73063",Calle,,RECREO,La Capital,Hormigón,No existe,I,Dentro,Urbana,Otra Señal,No existe,Recta,Bueno,Buena,Diurna,Buen Tiempo,Múltiple,Ciclista,Colisión,Ninguna,Faltante,Cordón divisorio,Sin restricción
2021,1147,2021-03-07,Domingo,20:00:00,,0.0,1,Moto/Ciclomotor,Av. Pte. Perón Y Iturraspe,2,2,0,0,0,0,0,"-31.62546, -60.71874",Avenida,,SANTA FE,La Capital,Asfalto,No existe,I,S/D,Urbana,Otra Señal,Funciona,Intersección,Bueno,Buena,Nocturna,Buen Tiempo,Múltiple,S/D,Colisión,Ninguna,Vertical,Cordón divisorio,Sin restricción
2021,1148,2021-03-06,Sabado,07:40:00,,0.0,2,"Moto/Ciclomotor,Taxi/Remis",Av. Pte. Perón Y Artigas,2,1,0,0,1,0,0,"-31.62063, -60.71838",Avenida,,SANTA FE,La Capital,Asfalto,No existe,I,S/D,Urbana,Otra Señal,Funciona,Intersección,Bueno,Buena,Diurna,Buen Tiempo,Múltiple,S/D,Colisión,Ninguna,Vertical,Cordón divisorio,Sin restricción
2021,1149,2021-02-12,Viernes,,,0.0,1,Otros,Eusebio Marcilla Y M Oliber,2,2,0,0,0,0,0,"-31.259328373368,-61.50894037201",Calle,,RAFAELA,Castellanos,Asfalto,No existe,V,Dentro,Urbana,Otra Señal,No existe,Intersección,Bueno,Buena,Atardecer,Buen Tiempo,Múltiple,S/D,Colisión,Ninguna,Horizontal,Cordón divisorio,Sin restricción
2021,1150,2021-03-01,Lunes,08:45:00,,0.0,2,"Moto/Ciclomotor,Otros",Av. López y Planes 4400,2,1,0,0,0,0,1,"-31.62507, -60.71353",Avenida,,SANTA FE,La Capital,Asfalto,No existe,I,S/D,Urbana,Otra Señal,Funciona,Recta,Bueno,Buena,Diurna,Buen Tiempo,Múltiple,S/D,Colisión,Ninguna,Vertical,Cordón divisorio,Sin restricción
2021,1151,2021-03-01,Lunes,06:20:00,,0.0,2,"Moto/Ciclomotor,Camión Chasis",Av. Circunvalación ,2,1,0,0,1,0,0,"-31.64741, -60.70379",S/D,,SANTA FE,La Capital,Hormigón,Natural,I,S/D,S/D,Otra Señal,No existe,Recta,Bueno,Buena,Amanecer,Buen Tiempo,Múltiple,S/D,Colisión,Ninguna,Vertical,Cordón divisorio,Sin restricción
2021,1152,2021-02-08,Lunes,,,0.0,2,"Transporte de Pasajeros (H/ 8 asientos),Moto/Ciclomotor", ,2,1,0,0,1,0,0,"-31.660305, -60.730818",Calle,,SANTA FE,La Capital,Asfalto,S/D,I,Dentro,Urbana,Otra Señal,S/D,S/D,S/D,S/D,S/D,S/D,Múltiple,S/D,Colisión,S/D,S/D,Cordón divisorio,Sin restricción
2021,1154,2021-02-24,Miercoles,20:15:00,Autovía Nacional 168,0.0,2,"Automóvil,Moto/Ciclomotor", ,2,1,0,0,1,0,0,"-31.641776, -60.676383",Autovía,168,SANTA FE,La Capital,Asfalto,Natural,I,Dentro,Rural,Otra Señal,No existe,Recta,Bueno,S/D,Nocturna,S/D,Múltiple,S/D,Colisión,Ninguna,Faltante,Cordón divisorio,Sin restricción
2021,1155,2021-03-07,Domingo,03:00:00,,0.0,2,"Moto/Ciclomotor,Automóvil",Salta Y Francia,3,2,0,0,1,0,0,"-31.64875, -60.71533",Calle,,SANTA FE,La Capital,Asfalto,No existe,I,S/D,Urbana,Otra Señal,No existe,Intersección,Con baches,Reducida,Nocturna,Buen Tiempo,Múltiple,S/D,Colisión,Ninguna,Vertical,Cordón divisorio,Sin restricción
2021,1156,2021-03-03,Miercoles,20:00:00,,0.0,2,"Moto/Ciclomotor,Automóvil",Av. Urquiza Y Junín,2,1,0,0,1,0,0,"-31.63745, -60.71086",Avenida,,SANTA FE,La Capital,Asfalto,S/D,I,S/D,Urbana,Otra Señal,Funciona,Intersección,Bueno,Buena,"Nocturna,Con luz artificial",Buen Tiempo,Múltiple,S/D,Colisión,Ninguna,Vertical,Cordón divisorio,Sin restricción
2021,1157,2021-03-05,Viernes,18:50:00,,0.0,2,"Moto/Ciclomotor,Automóvil",Francia Y Catamarca,2,1,0,0,1,0,0,"-31.64309, -60.71373",Calle,,SANTA FE,La Capital,Asfalto,No existe,I,Dentro,Urbana,Otra Señal,No existe,Intersección,Con baches,Buena,Diurna,Buen Tiempo,Múltiple,S/D,Colisión,Ninguna,Faltante,Cordón divisorio,Sin restricción
2021,1158,2021-03-03,Miercoles,20:15:00,,0.0,2,"Moto/Ciclomotor,Automóvil",Roque Sáenz PEÑA Y La Rioja,2,1,0,0,1,0,0,"-31.64134, -60.72439",Calle,,SANTA FE,La Capital,Asfalto,No existe,I,S/D,Urbana,Otra Señal,No existe,Intersección,Con baches,Reducida,"Nocturna,Con luz artificial",Buen Tiempo,Múltiple,S/D,Colisión,Ninguna,Faltante,Cordón divisorio,Sin restricción
2021,1159,2021-03-01,Lunes,10:15:00,,0.0,2,"Moto/Ciclomotor,Automóvil",Vera Mujica Y O'Higgins,2,1,0,0,1,0,0,"-31.66505, -60.72496",Calle,,SANTA FE,La Capital,Asfalto,Pavimento,I,Dentro,Urbana,Otra Señal,No existe,Intersección,Bueno,Buena,Diurna,Buen Tiempo,Múltiple,S/D,Colisión,Ninguna,Faltante,Cordón divisorio,Sin restricción
2021,1160,2021-03-07,Domingo,03:10:00,Ruta Nacional 11,0.0,1,Automóvil,Av. Circunvalación ,1,1,0,0,0,0,0,"-31.6658, -60.74012",Ruta,11,SANTA FE,La Capital,Asfalto,Pavimento,I,Dentro,Urbana,Otra Señal,No existe,Curva,Bueno,Buena,Nocturna,Buen Tiempo,Múltiple,S/D,Colisión,Ninguna,Faltante,Cordón divisorio,Sin restricción
2021,1161,2021-03-04,Jueves,08:20:00,,0.0,2,"Pickup/Utilitario,Bicicleta", ,2,1,0,0,1,0,0,"-31.63975, -60.68427",S/D,,SANTA FE,La Capital,Asfalto,No existe,I,Dentro,Urbana,Otra Señal,No existe,Curva,Bueno,S/D,Diurna,S/D,Múltiple,Ciclista,Colisión,S/D,S/D,Cordón divisorio,Sin restricción
2021,1162,2021-03-03,Miercoles,22:30:00,,0.0,2,"Automóvil,Moto/Ciclomotor",Pres Domingo Faustino Sarmiento 4100,2,1,0,0,1,0,0,"-31.65777, -60.78583",Calle,,SANTO TOMÉ,La Capital,Asfalto,S/D,I,S/D,Urbana,Otra Señal,No existe,Recta,Resbaladiza,Buena,Nocturna,Buen Tiempo,Múltiple,S/D,Colisión,Agua,Faltante,Cordón divisorio,Sin restricción
2021,1163,2021-03-07,Domingo,18:00:00,,0.0,2,"Moto/Ciclomotor,Automóvil",Av. Galicia Y Alberdi,2,0,0,0,0,0,2,"-31.60735, -60.68325",Calle,,SANTA FE,La Capital,S/D,No existe,I,Dentro,Urbana,Otra Señal,No existe,Otro,Otro,Reducida,Amanecer,Otro,Múltiple,S/D,Colisión,Otro,Faltante,Cordón divisorio,Sin restricción
2021,1164,2021-03-07,Domingo,20:45:00,,0.0,2,"Automóvil,Automóvil",Piedras ,2,2,0,0,0,0,0,"-31.60783, -60.67436",Calle,,SANTA FE,La Capital,S/D,Ripio,I,Dentro,Urbana,Otra Señal,No funciona,Otro,Otro,Reducida,Con luz artificial,Otro,Múltiple,S/D,Colisión,S/D,Faltante,Cordón divisorio,Sin restricción
2021,1166,2021-03-01,Lunes,10:15:00,,0.0,1,Moto/Ciclomotor, ,1,1,0,0,0,0,0,"-31.62459, -60.75946",S/D,,SANTO TOMÉ,La Capital,S/D,S/D,I,S/D,S/D,Otra Señal,S/D,S/D,S/D,S/D,S/D,S/D,Múltiple,S/D,Colisión,S/D,S/D,Cordón divisorio,Sin restricción
2021,1168,2021-03-01,Lunes,,,0.0,2,"Moto/Ciclomotor,Moto/Ciclomotor", ,2,1,0,0,0,0,1,"-31.44809, -60.92888",S/D,,ESPERANZA,Las Colonias,S/D,S/D,XI,S/D,S/D,Otra Señal,S/D,S/D,S/D,S/D,S/D,S/D,Múltiple,S/D,Colisión,S/D,S/D,Cordón divisorio,Sin restricción
2021,1169,2021-03-01,Lunes,04:10:00,,0.0,2,"Moto/Ciclomotor,Automóvil",Bv Oroño Y Dorrego,5,2,0,0,3,0,0,"-32.73501, -60.73692",S/D,,SAN LORENZO,San Lorenzo,S/D,S/D,XVII,S/D,S/D,Otra Señal,S/D,S/D,S/D,S/D,S/D,S/D,Múltiple,S/D,Colisión,S/D,S/D,Cordón divisorio,Sin restricción
2021,1170,2021-03-02,Martes,00:30:00,,0.0,2,"Moto/Ciclomotor,Automóvil",Mariano Moreno ,3,2,0,0,0,0,1,"-31.9761, -60.92098",S/D,,CORONDA,San JERÓNIMO,S/D,S/D,XV,S/D,S/D,Otra Señal,S/D,S/D,S/D,S/D,S/D,S/D,Múltiple,S/D,Colisión,S/D,S/D,Cordón divisorio,Sin restricción
2021,1172,2021-03-02,Martes,,,0.0,2,"Moto/Ciclomotor,Automóvil",Av. Peñaloza ,2,1,0,0,1,0,0,"-31.61754, -60.7132",S/D,,SANTA FE,La Capital,S/D,S/D,I,S/D,S/D,Otra Señal,S/D,S/D,S/D,S/D,S/D,S/D,Múltiple,S/D,Colisión,S/D,S/D,Cordón divisorio,Sin restricción
2021,1174,2021-03-04,Jueves,06:40:00,,0.0,2,"Automóvil,Moto/Ciclomotor",Av. Provincias Unidas Y Derqui,2,1,0,0,1,0,0,"-32.93807, -60.71272",S/D,,ROSARIO,Rosario,S/D,S/D,II,S/D,S/D,Otra Señal,S/D,S/D,S/D,S/D,S/D,S/D,Múltiple,S/D,Colisión,S/D,S/D,Cordón divisorio,Sin restricción
2021,1175,2021-03-01,Lunes,,,0.0,2,"Bicicleta,Automóvil",Boulevard Lisandro de la Torre ,2,1,0,0,1,0,0,"-33.04853, -61.17154",S/D,,CASILDA,Caseros,S/D,S/D,IV,S/D,S/D,Otra Señal,S/D,S/D,S/D,S/D,S/D,S/D,Múltiple,Ciclista,Colisión,S/D,S/D,Cordón divisorio,Sin restricción
2021,1176,2021-03-04,Jueves,,,0.0,2,"Moto/Ciclomotor,Automóvil",9 de Julio Y Italia,2,1,0,0,1,0,0,"-32.95212, -60.6497",S/D,,ELORTONDO,General LÓPEZ,S/D,S/D,VIII,S/D,S/D,Otra Señal,S/D,S/D,S/D,S/D,S/D,S/D,Múltiple,S/D,Colisión,S/D,S/D,Cordón divisorio,Sin restricción
2021,1177,2021-03-02,Martes,17:40:00,,0.0,2,"Moto/Ciclomotor,Pickup/Utilitario",Mendoza Y Novarro,2,1,0,0,1,0,0,"-32.4365, -60.81701",S/D,,GABOTO,San JERÓNIMO,S/D,S/D,XV,S/D,S/D,Otra Señal,S/D,S/D,S/D,S/D,S/D,S/D,Múltiple,S/D,Colisión,S/D,S/D,Cordón divisorio,Sin restricción
2021,1178,2021-03-04,Jueves,06:00:00,Ruta Provincial 13,0.0,2,"Otros,Otros", ,2,1,0,0,0,0,1,"-32.22125, -61.68355",Ruta,13,EL TRÉBOL,San MARTÍN,S/D,S/D,XVIII,S/D,S/D,Otra Señal,S/D,S/D,S/D,S/D,S/D,S/D,Múltiple,S/D,Colisión,S/D,S/D,Cordón divisorio,Sin restricción
2021,1180,2021-03-05,Viernes,,,0.0,2,"Moto/Ciclomotor,Automóvil", ,3,2,0,0,1,0,0,"-32.78396, -60.73288",S/D,,FRAY LUIS BELTRÁN,San Lorenzo,S/D,S/D,XVII,S/D,S/D,Otra Señal,S/D,S/D,S/D,S/D,S/D,S/D,Múltiple,S/D,Colisión,S/D,S/D,Cordón divisorio,Sin restricción
2021,1181,2021-03-05,Viernes,,,0.0,2,"Moto/Ciclomotor,Automóvil",Las Heras Y Hernandarias,3,2,0,0,1,0,0,"-31.60857, -60.68929",S/D,,SANTA FE,La Capital,S/D,S/D,I,S/D,S/D,Otra Señal,S/D,S/D,S/D,S/D,S/D,S/D,Múltiple,S/D,Colisión,S/D,S/D,Cordón divisorio,Sin restricción
2021,1182,2021-03-05,Viernes,,,0.0,2,"Automóvil,Moto/Ciclomotor",Boulevard Ovidio Lagos Y La Rioja,2,1,0,0,1,0,0,"-33.05076, -61.15942",S/D,,CASILDA,Caseros,S/D,S/D,IV,S/D,S/D,Otra Señal,S/D,S/D,S/D,S/D,S/D,S/D,Múltiple,S/D,Colisión,S/D,S/D,Cordón divisorio,Sin restricción
2021,1183,2021-03-05,Viernes,18:30:00,,0.0,2,"Moto/Ciclomotor,Automóvil",Boulevard 25 de Mayo ,3,2,0,0,1,0,0,"-33.03641, -61.18406",Camino Rural,,CASILDA,Caseros,S/D,S/D,IV,S/D,S/D,Otra Señal,S/D,S/D,S/D,S/D,S/D,S/D,Múltiple,S/D,Colisión,S/D,S/D,Cordón divisorio,Sin restricción
2021,1184,2021-03-05,Viernes,21:45:00,,0.0,2,"Moto/Ciclomotor,Bicicleta",Presidente Domingo Faustino Sa Y  General Martin Miguel de Guem,2,1,0,0,1,0,0,"-33.03991, -61.16944",S/D,,CASILDA,Caseros,S/D,S/D,IV,S/D,S/D,Otra Señal,S/D,S/D,S/D,S/D,S/D,S/D,Múltiple,Ciclista,Colisión,S/D,S/D,Cordón divisorio,Sin restricción
2021,1185,2021-03-06,Sabado,,Ruta Provincial 2,0.0,2,"Tracción animal / Carro,Otros", ,4,3,0,0,1,0,0,"-31.52537, -60.68398",Ruta,2,MONTE VERA,La Capital,S/D,S/D,I,S/D,S/D,Otra Señal,S/D,S/D,S/D,S/D,S/D,S/D,Múltiple,S/D,Colisión,S/D,S/D,Cordón divisorio,Sin restricción
2021,1187,2021-03-06,Sabado,,,0.0,2,"Moto/Ciclomotor,Pickup/Utilitario", ,2,1,0,0,1,0,0,"-31.44985, -60.93",S/D,,ESPERANZA,Las Colonias,S/D,S/D,XI,S/D,S/D,Otra Señal,S/D,S/D,S/D,S/D,S/D,S/D,Múltiple,S/D,Colisión,S/D,S/D,Cordón divisorio,Sin restricción
2021,1189,2021-03-07,Domingo,08:00:00,,0.0,1,Moto/Ciclomotor, ,1,1,0,0,0,0,0,"-28.10293, -59.97802",S/D,,LOS AMORES,Vera,S/D,S/D,XIX,S/D,S/D,Otra Señal,S/D,S/D,S/D,S/D,S/D,S/D,Múltiple,S/D,Colisión,S/D,S/D,Cordón divisorio,Sin restricción
2021,1190,2021-03-07,Domingo,,,0.0,2,"Bicicleta,Automóvil", ,2,1,0,0,1,0,0,"-32.74665, -60.73406",S/D,,SAN LORENZO,San Lorenzo,S/D,S/D,XVII,S/D,S/D,Otra Señal,S/D,S/D,S/D,S/D,S/D,S/D,Múltiple,Ciclista,Colisión,S/D,S/D,Cordón divisorio,Sin restricción
2021,1191,2021-03-06,Sabado,09:30:00,,0.0,2,"Bicicleta,Automóvil",Boulevard 25 de Mayo Y Buenos Aires,2,1,0,0,1,0,0,"-33.04885, -61.17438",S/D,,CASILDA,Caseros,S/D,S/D,IV,S/D,S/D,Otra Señal,S/D,S/D,S/D,S/D,S/D,S/D,Múltiple,Ciclista,Colisión,S/D,S/D,Cordón divisorio,Sin restricción
2021,1192,2021-03-06,Sabado,19:10:00,,0.0,2,"Automóvil,Moto/Ciclomotor",Hipólito Irigoyen Y Dorrego,3,2,0,0,1,0,0,"-31.89785, -61.85562",S/D,,SAN JORGE,San MARTÍN,S/D,S/D,XVIII,S/D,S/D,Otra Señal,S/D,S/D,S/D,S/D,S/D,S/D,Múltiple,S/D,Colisión,S/D,S/D,Cordón divisorio,Sin restricción
2021,1193,2021-03-05,Viernes,15:00:00,,0.0,2,"Moto/Ciclomotor,Moto/Ciclomotor",Av. Republica Y Balcarce,2,1,0,0,1,0,0,"-32.0301, -61.21272",S/D,,GÁLVEZ,San JERÓNIMO,S/D,S/D,XV,S/D,S/D,Otra Señal,S/D,S/D,S/D,S/D,S/D,S/D,Múltiple,S/D,Colisión,S/D,S/D,Cordón divisorio,Sin restricción
2021,1194,2021-03-06,Sabado,03:45:00,,0.0,2,"Moto/Ciclomotor,Automóvil", ,2,1,0,0,1,0,0,"-32.45686, -60.88833",S/D,,MACIEL,San JERÓNIMO,S/D,S/D,XV,S/D,S/D,Otra Señal,S/D,S/D,S/D,S/D,S/D,S/D,Múltiple,S/D,Colisión,S/D,S/D,Cordón divisorio,Sin restricción
2021,1195,2021-03-07,Domingo,02:25:00,,0.0,2,"Moto/Ciclomotor,Peatón", ,3,2,0,0,1,0,0,"-32.37171, -61.35893",S/D,,SAN GENARO,San JERÓNIMO,S/D,S/D,XV,S/D,S/D,Otra Señal,S/D,S/D,S/D,S/D,S/D,S/D,Múltiple,Peatón,Colisión,S/D,S/D,Cordón divisorio,Sin restricción
2021,1196,2021-03-04,Jueves,08:30:00,,0.0,1,Otros,Av. Circunvalación ,1,1,0,0,0,0,0,"-31.64744, -60.70385",S/D,,SANTA FE,La Capital,S/D,S/D,I,S/D,S/D,Otra Señal,S/D,S/D,S/D,S/D,S/D,S/D,Múltiple,S/D,Colisión,S/D,S/D,Cordón divisorio,Sin restricción
2021,1197,2021-03-06,Sabado,00:10:00,Ruta Provincial 1,2.0,2,"Automóvil,Moto/Ciclomotor", ,2,1,0,0,1,0,0,"-31.58946, -60.56377",Ruta,1,SANTA FE,La Capital,S/D,S/D,I,S/D,S/D,Otra Señal,S/D,S/D,S/D,S/D,S/D,S/D,Múltiple,S/D,Colisión,S/D,S/D,Cordón divisorio,Sin restricción
2021,1198,2021-03-01,Lunes,09:30:00,,0.0,2,"Moto/Ciclomotor,Automóvil",Calle 24 - Olessio Y Calle 27-Gdor Freyre,4,3,0,0,1,0,0,"-29.15026, -59.65063",S/D,,RECONQUISTA,General Obligado,S/D,S/D,IX,S/D,S/D,Otra Señal,S/D,S/D,S/D,S/D,S/D,S/D,Múltiple,S/D,Colisión,S/D,S/D,Cordón divisorio,Sin restricción
2021,1199,2021-03-01,Lunes,09:30:00,,0.0,2,"Moto/Ciclomotor,Moto/Ciclomotor",Calle 4 - Ledesma Y Calle 15-Patricio Diez,2,1,0,0,1,0,0,"-29.14522, -59.63755",S/D,,RECONQUISTA,General Obligado,S/D,S/D,IX,S/D,S/D,Otra Señal,S/D,S/D,S/D,S/D,S/D,S/D,Múltiple,S/D,Colisión,S/D,S/D,Cordón divisorio,Sin restricción
2021,1200,2021-03-01,Lunes,10:05:00,,0.0,2,"Bicicleta,Pickup/Utilitario",PARQUE INDUSTRIAL ,2,1,0,0,1,0,0,"-29.14337, -59.66759",S/D,,RECONQUISTA,General Obligado,S/D,S/D,IX,S/D,S/D,Otra Señal,S/D,S/D,S/D,S/D,S/D,S/D,Múltiple,Ciclista,Colisión,S/D,S/D,Cordón divisorio,Sin restricción
2021,1201,2021-03-01,Lunes,15:20:00,Ruta Nacional A009,0.0,2,"Moto/Ciclomotor,Moto/Ciclomotor",Calle 105-Alicia Moreau ,2,2,0,0,0,0,0,"-29.18329, -59.65231",Ruta,A009,RECONQUISTA,General Obligado,S/D,S/D,IX,S/D,S/D,Otra Señal,S/D,S/D,S/D,S/D,S/D,S/D,Múltiple,S/D,Colisión,S/D,S/D,Cordón divisorio,Sin restricción
2021,1204,2021-03-03,Miercoles,00:40:00,,0.0,2,"Moto/Ciclomotor,Moto/Ciclomotor",Av. Estrugamou Y Nicolas Avellaneda,3,3,0,0,0,0,0,"-33.73962, -61.97333",S/D,,VENADO TUERTO,General LÓPEZ,S/D,S/D,VIII,S/D,S/D,Otra Señal,S/D,S/D,S/D,S/D,S/D,S/D,Múltiple,S/D,Colisión,S/D,S/D,Cordón divisorio,Sin restricción
2021,1205,2021-03-03,Miercoles,23:50:00,,0.0,1,Moto/Ciclomotor,Malvinas 900,1,1,0,0,0,0,0,"-33.7387, -61.94706",S/D,,VENADO TUERTO,General LÓPEZ,S/D,S/D,VIII,S/D,S/D,Otra Señal,S/D,S/D,S/D,S/D,S/D,S/D,Múltiple,S/D,Colisión,S/D,S/D,Cordón divisorio,Sin restricción
2021,1207,2021-03-03,Miercoles,17:55:00,,0.0,2,"Pickup/Utilitario,Moto/Ciclomotor",BV HIPÓLITO YRIGOYEN Y IRINEO FACCIOLI,4,2,0,0,2,0,0,"-29.13479, -59.65489",S/D,,RECONQUISTA,General Obligado,S/D,S/D,IX,S/D,S/D,Otra Señal,S/D,S/D,S/D,S/D,S/D,S/D,Múltiple,S/D,Colisión,S/D,S/D,Cordón divisorio,Sin restricción
2021,1208,2021-03-03,Miercoles,,,0.0,2,"Pickup/Utilitario,Tren",Bv. Avellaneda 4500,2,1,0,0,1,0,0,"-32.98361, -60.68853",S/D,,ROSARIO,Rosario,S/D,S/D,II,S/D,S/D,Otra Señal,S/D,S/D,S/D,S/D,S/D,S/D,Múltiple,S/D,Colisión,S/D,S/D,Cordón divisorio,Sin restricción
2021,1209,2021-03-03,Miercoles,12:00:00,,0.0,1,Bicicleta,Fco Romero 2238,1,1,0,0,0,0,0,"-30.78413, -60.58011",S/D,,SAN JUSTO,San Justo,S/D,S/D,XVI,S/D,S/D,Otra Señal,S/D,S/D,S/D,S/D,S/D,S/D,Múltiple,Ciclista,Colisión,S/D,S/D,Cordón divisorio,Sin restricción
2021,1210,2021-03-04,Jueves,14:25:00,,0.0,2,"Pickup/Utilitario,Automóvil",Los Andes Y Dante Alighieri,2,2,0,0,0,0,0,"-33.75889, -61.96917",S/D,,VENADO TUERTO,General LÓPEZ,S/D,S/D,VIII,S/D,S/D,Otra Señal,S/D,S/D,S/D,S/D,S/D,S/D,Múltiple,S/D,Colisión,S/D,S/D,Cordón divisorio,Sin restricción
2021,1211,2021-03-04,Jueves,,,0.0,2,"Moto/Ciclomotor,Automóvil",Bv Santa Fe ,2,1,0,0,1,0,0,"-31.25622, -61.47129",S/D,,RAFAELA,Castellanos,S/D,S/D,V,S/D,S/D,Otra Señal,S/D,S/D,S/D,S/D,S/D,S/D,Múltiple,S/D,Colisión,S/D,S/D,Cordón divisorio,Sin restricción
2021,1213,2021-03-04,Jueves,,,0.0,1,Taxi/Remis,HIPÓLITO YRIGOYEN 2500,2,1,0,0,1,0,0,"-32.73733, -60.73604",S/D,,SAN LORENZO,San Lorenzo,S/D,S/D,XVII,S/D,S/D,Otra Señal,S/D,S/D,S/D,S/D,S/D,S/D,Múltiple,S/D,Colisión,S/D,S/D,Cordón divisorio,Sin restricción
2021,1215,2021-03-05,Viernes,,Ruta Nacional 11,478.0,1,Automóvil, ,2,2,0,0,0,0,0,"-31.47796, -60.73357",Ruta,11,RECREO,La Capital,S/D,S/D,I,S/D,S/D,Otra Señal,S/D,S/D,S/D,S/D,S/D,S/D,Múltiple,S/D,Colisión,S/D,S/D,Cordón divisorio,Sin restricción
2021,1216,2021-03-05,Viernes,,,0.0,2,"Automóvil,Moto/Ciclomotor",Alvear Y Santa Fe,2,1,0,0,1,0,0,"-28.24148, -59.45481",S/D,,VILLA GUILLERMINA,General Obligado,S/D,S/D,IX,S/D,S/D,Otra Señal,S/D,S/D,S/D,S/D,S/D,S/D,Múltiple,S/D,Colisión,S/D,S/D,Cordón divisorio,Sin restricción
2021,1217,2021-03-06,Sabado,07:00:00,Ruta Provincial 6,0.0,1,Automóvil, ,1,1,0,0,0,0,0,"-31.77893, -61.10566",Ruta,6,SAN CARLOS SUR,Las Colonias,S/D,S/D,XI,S/D,S/D,Otra Señal,S/D,S/D,S/D,S/D,S/D,S/D,Múltiple,S/D,Colisión,S/D,S/D,Cordón divisorio,Sin restricción
2021,1218,2021-03-06,Sabado,20:30:00,,0.0,2,"Automóvil,Moto/Ciclomotor",Alberdi J B Y 25 de Mayo,2,1,0,0,1,0,0,"-30.94453, -61.5631",S/D,,SUNCHALES,Castellanos,S/D,S/D,V,S/D,S/D,Otra Señal,S/D,S/D,S/D,S/D,S/D,S/D,Múltiple,S/D,Colisión,S/D,S/D,Cordón divisorio,Sin restricción
2021,1221,2021-03-06,Sabado,18:00:00,,0.0,2,"Automóvil,Automóvil",HOHELFELDS ,3,1,0,0,2,0,0,"-31.43404, -60.9394",S/D,,ESPERANZA,Las Colonias,S/D,S/D,XI,S/D,S/D,Otra Señal,S/D,S/D,S/D,S/D,S/D,S/D,Múltiple,S/D,Colisión,S/D,S/D,Cordón divisorio,Sin restricción
2021,1222,2021-03-06,Sabado,,,0.0,1,Tractor,Pte. Hipólito Irigoyen ,1,1,0,0,0,0,0,"-32.70207, -60.746",S/D,,PUERTO SAN MARTÍN,San Lorenzo,S/D,S/D,XVII,S/D,S/D,Otra Señal,S/D,S/D,S/D,S/D,S/D,S/D,Múltiple,S/D,Colisión,S/D,S/D,Cordón divisorio,Sin restricción
2021,1223,2021-03-07,Domingo,21:30:00,,0.0,1,Automóvil,Calle 103 Y Calle 120,2,2,0,0,0,0,0,"-29.11135, -59.67539",S/D,,AVELLANEDA,General Obligado,S/D,S/D,IX,S/D,S/D,Otra Señal,S/D,S/D,S/D,S/D,S/D,S/D,Múltiple,S/D,Colisión,S/D,S/D,Cordón divisorio,Sin restricción
2021,1225,2021-03-07,Domingo,,Ruta Nacional 11,0.0,1,Automóvil,Ruta Nac 11 Av. Perón 2871,2,1,0,0,1,0,0,"-32.7515, -60.73441",Ruta,11,SAN LORENZO,San Lorenzo,S/D,S/D,XVII,S/D,S/D,Otra Señal,S/D,S/D,S/D,S/D,S/D,S/D,Múltiple,S/D,Colisión,S/D,S/D,Cordón divisorio,Sin restricción
2021,1227,2021-01-28,Jueves,21:45:00,,0.0,2,"Automóvil,Moto/Ciclomotor",Dr. Zavalla Y Corrientes,3,2,0,0,1,0,0,"-31.65147, -60.72175",Calle,,SANTA FE,La Capital,Asfalto,S/D,I,S/D,Urbana,Otra Señal,S/D,Intersección,Bueno,Buena,"Nocturna,Con luz artificial",Buen Tiempo,Múltiple,S/D,Colisión,Ninguna,Vertical,Cordón divisorio,Sin restricción
2021,1228,2021-01-28,Jueves,11:15:00,,0.0,2,"Moto/Ciclomotor,Automóvil", ,3,2,0,0,1,0,0,"-29.04752, -60.42069",Camino Rural,,FORTÍN OLMOS,Vera,Tierra,Natural,XIX,Dentro,Rural,Otra Señal,No existe,Recta,Con baches,Buena,Diurna,Buen Tiempo,Múltiple,S/D,Colisión,Otro,Faltante,Cordón divisorio,Sin restricción
2021,1229,2021-05-03,Lunes,18:05:00,Ruta Provincial 1,36.0,2,"Moto/Ciclomotor,Pickup/Utilitario", ,5,1,0,0,4,0,0,"-31.39857, -60.32236",Ruta,1,SANTA ROSA DE CALCHINES,Garay,S/D,S/D,VII,Dentro,Rural,Otra Señal,S/D,S/D,S/D,S/D,S/D,S/D,Múltiple,S/D,Colisión,S/D,S/D,Cordón divisorio,Sin restricción
2021,1230,2021-05-01,Sabado,08:41:00,,0.0,2,"Moto/Ciclomotor,Automóvil",San Martin Y Calchines,2,1,0,0,1,0,0,"-31.41704, -60.33366",Calle,,SANTA ROSA DE CALCHINES,Garay,Asfalto,Pavimento,VII,Dentro,Urbana,Otra Señal,No existe,Intersección,Bueno,Buena,Diurna,Buen Tiempo,Múltiple,S/D,Colisión,Ninguna,Faltante,Cordón divisorio,Sin restricción
2021,1231,2021-01-29,Viernes,19:10:00,,0.0,2,"Automóvil,Moto/Ciclomotor",Francia Y Moreno,2,1,0,0,1,0,0,"-31.65349, -60.71674",Calle,,SANTA FE,La Capital,Asfalto,Pavimento,I,S/D,Urbana,Otra Señal,No existe,Intersección,Con baches,Buena,Atardecer,Buen Tiempo,Múltiple,S/D,Colisión,Ninguna,S/D,Cordón divisorio,Sin restricción