anio_acci,nro_acci,fecha,desc_dia,hora_aprox,desc_ruta,km,cant_participantes,desc_participante,calle_avenida_km,total,heridos_leves,heridos_graves,heridos_gravisimos,ilesos,fallecidos,sin_datos,posicion_XY,desc_tipo_via,desc_ruta_ori,desc_loc,desc_dpto,desc_tipo_calzada,desc_tipo_banquina,desc_unidad_regional,desc_lugar_calzada,desc_zona,desc_prioridad,desc_estado_semaforo,desc_lugar_via,desc_estado_via,desc_estado_visibilidad,desc_luminosidad,desc_estado_clima,desc_tipo_colision,desc_tipo_atropello,desc_tipo_hecho,desc_pres_calzada,desc_senializacion,desc_separacion_via,desc_restriccion
2021,1310,2021-05-03,Lunes,,,0.0,2,"Moto/Ciclomotor,Camión Chasis",Av. Eva Perón ,3,1,0,0,1,0,1,"-32.97016, -60.71595",Calle,,ROSARIO,Rosario,Asfalto,No existe,II,Dentro,Urbana,Otra Señal,No existe,Recta,Bueno,Buena,Diurna,Buen Tiempo,S/D,S/D,Colisión,Ninguna,Faltante,Cordón divisorio,Sin restricción
2021,1311,2021-05-12,Miercoles,08:50:00,,0.0,2,"Pickup/Utilitario,Moto/Ciclomotor",Las Heras Y Rivadavia,2,1,0,0,1,0,0,"-33.00025, -60.76672",Calle,,PEREZ,Rosario,Asfalto,No existe,II,Dentro,Urbana,Otra Señal,No existe,Recta,Bueno,Buena,Diurna,Buen Tiempo,Lateral,S/D,Colisión,Ninguna,S/D,Cordón divisorio,Sin restricción
2021,1312,2021-05-06,Jueves,23:30:00,,0.0,2,"Bicicleta,Automóvil",Amenábar Y Alvear,2,1,0,0,0,0,1,"-32.96927, -60.66119",Calle,,ROSARIO,Rosario,Asfalto,Pavimento,II,Dentro,Urbana,Otra Señal,No existe,Intersección,Bueno,Buena,Nocturna,Buen Tiempo,S/D,Ciclista,Colisión,Ninguna,Faltante,Cordón divisorio,Sin restricción
2021,1313,2021-05-15,Sabado,07:30:00,,0.0,2,"Automóvil,Moto/Ciclomotor",Av. Las Palmeras ,2,1,0,0,1,0,0,"-32.97085,-60.73390",Calle,,PEREZ,Rosario,Asfalto,Ripio,II,Dentro,Rural,Otra Señal,No existe,Recta,S/D,Buena,Con luz artificial,Buen Tiempo,S/D,S/D,Colisión,Ninguna,S/D,Cordón divisorio,Sin restricción
2021,1314,2021-05-07,Viernes,09:25:00,,0.0,2,"Bicicleta,Automóvil",Italia Y Av. Arijon,2,2,0,0,0,0,0,"-33.00338, -60.65911",Calle,,ROSARIO,Rosario,Asfalto,No existe,II,S/D,Urbana,Otra Señal,Funciona,Intersección,Bueno,Buena,Diurna,Buen Tiempo,S/D,Ciclista,Colisión,Ninguna,Faltante,Cordón divisorio,Sin restricción
2021,1315,2021-05-05,Miercoles,15:25:00,,0.0,2,"Moto/Ciclomotor,Automóvil",Bv. Seguí Y Callao,2,2,0,0,0,0,0,"-32.97525, -60.66832",Calle,,ROSARIO,Rosario,Asfalto,No existe,II,S/D,Urbana,Otra Señal,No existe,Recta,S/D,Buena,Diurna,Buen Tiempo,Lateral,S/D,Colisión,Ninguna,Faltante,Cordón divisorio,Sin restricción
2021,1316,2021-05-21,Viernes,08:05:00,,0.0,2,"Automóvil,Transporte de Pasajeros Urbano (> 8 asientos)",Av. Arijon Y Serrano,2,1,0,0,1,0,0,"-33.002491580274,-60.631774403881",Avenida,,ROSARIO,Rosario,Asfalto,No existe,II,Dentro,Urbana,Otra Señal,No existe,Intersección,Bueno,Buena,Diurna,Buen Tiempo,Lateral,S/D,Colisión,Ninguna,"Horizontal,Vertical",Cordón divisorio,Sin restricción
2021,1317,2021-04-29,Jueves,12:00:00,,0.0,2,"Automóvil,Bicicleta",1 de Mayo Y Garibaldi,2,1,0,0,1,0,0,"-32.987473471663,-60.639629519909",Calle,,ROSARIO,Rosario,Asfalto,No existe,II,Dentro,Urbana,Otra Señal,No existe,Intersección,Bueno,Buena,Diurna,Buen Tiempo,S/D,Ciclista,Colisión,Ninguna,Faltante,Cordón divisorio,Sin restricción
2021,1318,2021-05-04,Martes,19:50:00,,0.0,2,"Bicicleta,Automóvil",Av. Ovidio Lagos Y Republica de Argelia,2,2,0,0,0,0,0,"-32.98074, -60.67071",Avenida,,ROSARIO,Rosario,Asfalto,No existe,II,S/D,Urbana,Otra Señal,No existe,Intersección,Bueno,Reducida,Atardecer,Buen Tiempo,S/D,Ciclista,Colisión,Ninguna,S/D,Cordón divisorio,Sin restricción
2021,1319,2021-04-01,Jueves,01:20:00,,0.0,2,"Moto/Ciclomotor,Automóvil",Alvear Y Av. Arijon,2,1,0,0,1,0,0,"-33.003576894002,-60.666218892433",Avenida,,ROSARIO,Rosario,Asfalto,No existe,II,Dentro,Urbana,Otra Señal,No existe,Intersección,Bueno,Buena,Diurna,Buen Tiempo,Lateral,S/D,Colisión,Ninguna,Horizontal,Cordón divisorio,Sin restricción
2021,1320,2021-04-01,Jueves,16:30:00,,0.0,1,Automóvil,Av. Ovidio Lagos Y Güemes,2,1,0,0,1,0,0,"-32.931767225891,-60.658790127982",Avenida,,ROSARIO,Rosario,Asfalto,No existe,II,Dentro,Urbana,Otra Señal,Funciona,Intersección,Bueno,Buena,Diurna,Buen Tiempo,Lateral,S/D,Colisión,Ninguna,"Horizontal,Vertical",Cordón divisorio,Sin restricción
2021,1321,2021-04-02,Viernes,12:30:00,,0.0,2,"Moto/Ciclomotor,Automóvil",España Y JUAN PABLO II,2,1,0,0,1,0,0,"-33.015490546807,-60.656835811952",Calle,,ROSARIO,Rosario,Asfalto,No existe,II,Dentro,Urbana,Otra Señal,No existe,Intersección,Bueno,Buena,Diurna,Buen Tiempo,Lateral,S/D,Colisión,Ninguna,Vertical,Cordón divisorio,Sin restricción
2021,1322,2021-04-04,Domingo,04:00:00,,0.0,2,"Pickup/Utilitario,Automóvil",Av. Francia Y Av. Uriburu,2,1,0,0,1,0,0,"-32.991563121583,-60.678271694355",Avenida,,ROSARIO,Rosario,Asfalto,No existe,II,Dentro,Urbana,Otra Señal,Funciona,Intersección,Bueno,Buena,Nocturna,Buen Tiempo,De alcance,S/D,Colisión,Ninguna,"Horizontal,Vertical",Cordón divisorio,Sin restricción
2021,1323,2021-04-05,Lunes,17:35:00,,0.0,2,"Peatón,Automóvil",Av. Battle y Ordoñez Y Mariano Moreno,2,1,0,0,1,0,0,"-33.00927694722,-60.661676958341",Avenida,,ROSARIO,Rosario,Asfalto,No existe,II,Dentro,Urbana,Otra Señal,Funciona,Intersección,Bueno,Buena,Diurna,Buen Tiempo,S/D,Peatón,Colisión,Ninguna,Horizontal,Cordón divisorio,Sin restricción
2021,1324,2021-04-08,Jueves,16:30:00,,0.0,2,"Bicicleta,Automóvil",Cazadores Y Italia,2,1,0,0,1,0,0,"-33.004327460423,-60.659061973689",Calle,,ROSARIO,Rosario,Asfalto,No existe,II,Dentro,Urbana,Otra Señal,No existe,Intersección,Bueno,Buena,Diurna,Buen Tiempo,S/D,Ciclista,Colisión,Ninguna,Faltante,Cordón divisorio,Sin restricción
2021,1325,2021-04-12,Lunes,00:30:00,,0.0,2,"Moto/Ciclomotor,Transporte de Pasajeros Urbano (> 8 asientos)",Dr. Rivas Y Suipacha,3,2,0,0,1,0,0,"-32.97901168090588, -60.67356853152",Calle,,ROSARIO,Rosario,Asfalto,No existe,II,Dentro,Urbana,Otra Señal,No existe,Intersección,Bueno,Buena,Nocturna,Buen Tiempo,Frontal,S/D,Colisión,Ninguna,Faltante,Cordón divisorio,Sin restricción
2021,1326,2021-04-28,Miercoles,19:10:00,,0.0,2,"Peatón,Moto/Ciclomotor",Maipú Y San Martin,2,1,0,0,1,0,0,"-32.47521674896,-61.578739361628",Calle,,LAS ROSAS,Belgrano,Asfalto,No existe,III,Dentro,Urbana,Otra Señal,No existe,Recta,Bueno,S/D,Atardecer,Buen Tiempo,S/D,Peatón,Colisión,Ninguna,Faltante,Cordón divisorio,Sin restricción
2021,1328,2021-04-24,Sabado,13:00:00,,0.0,2,"Bicicleta,Automóvil",Buenos Aires Y Italia,2,1,0,0,1,0,0,"-32.477111274287,-61.575049657093",Calle,,LAS ROSAS,Belgrano,Hormigón,No existe,III,Dentro,Urbana,Otra Señal,No existe,Recta,Bueno,Buena,Diurna,Buen Tiempo,S/D,Ciclista,Colisión,Ninguna,Faltante,Cordón divisorio,Sin restricción
2021,1329,2021-04-14,Miercoles,08:15:00,,0.0,2,"Pickup/Utilitario,Moto/Ciclomotor",Maipú Y Las Tres Lagunas,2,1,0,0,1,0,0,"-32.485358292105,-61.581373714805",Calle,,LAS ROSAS,Belgrano,Hormigón,No existe,III,Dentro,Urbana,Otra Señal,No existe,Intersección,Bueno,Buena,Diurna,Buen Tiempo,Lateral,S/D,Colisión,Ninguna,Faltante,Cordón divisorio,Sin restricción
2021,1330,2021-04-02,Viernes,20:50:00,,0.0,2,"Automóvil,Moto/Ciclomotor",Avenida 13 Y Calle 14,2,1,0,0,1,0,0,"-32.684572847496,-61.520952011909",Avenida,,LAS PAREJAS,Belgrano,Asfalto,No existe,III,Dentro,Urbana,Otra Señal,No existe,Intersección,Bueno,Buena,"Nocturna,Con luz artificial",Buen Tiempo,Lateral,S/D,Colisión,Ninguna,Faltante,Cordón divisorio,Sin restricción
2021,1331,2021-04-13,Martes,20:10:00,,0.0,2,"Bicicleta,Automóvil",Avenida 21 Y Calle 13,2,1,0,0,1,0,0,"-32.679081516872,-61.520261929344",Avenida,,LAS PAREJAS,Belgrano,Hormigón,No existe,III,Dentro,Urbana,Otra Señal,No existe,Rotonda,Bueno,Buena,"Nocturna,Con luz artificial",Buen Tiempo,S/D,Ciclista,Colisión,Ninguna,Horizontal,Cordón divisorio,Sin restricción
2021,1332,2021-04-19,Lunes,09:10:00,Ruta Nacional 178,0.0,2,"Moto/Ciclomotor,Automóvil",Calle 25 Y Ruta 178,2,1,0,0,1,0,0,"-32.679421673,-61.527618012518",Ruta,178,LAS PAREJAS,Belgrano,Asfalto,No existe,III,Dentro,Urbana,Otra Señal,No existe,Recta,Bueno,Buena,Diurna,Buen Tiempo,De alcance,S/D,Colisión,Ninguna,Faltante,Cordón divisorio,Sin restricción
2021,1333,2021-04-20,Martes,18:00:00,,0.0,1,Moto/Ciclomotor,Avenida 18 Y Calle 19,2,2,0,0,0,0,0,"-32.679081516872,-61.520261929344",Avenida,,LAS PAREJAS,Belgrano,Asfalto,No existe,III,Dentro,Urbana,Otra Señal,No existe,Recta,Bueno,Buena,Diurna,Buen Tiempo,S/D,S/D,Colisión,Ninguna,Horizontal,Cordón divisorio,Sin restricción
2021,1334,2021-04-24,Sabado,16:00:00,,0.0,2,"Moto/Ciclomotor,Pickup/Utilitario",Calle 20 Y Calle 25,2,1,0,0,1,0,0,"-32.676613604334,-61.520060212717",Calle,,LAS PAREJAS,Belgrano,Hormigón,No existe,III,Dentro,Urbana,Otra Señal,No existe,Recta,Con baches,Buena,Diurna,Buen Tiempo,Frontal,S/D,Colisión,Ninguna,Faltante,Cordón divisorio,Sin restricción
2021,1335,2021-04-20,Martes,18:30:00,Ruta Nacional 178,0.0,2,"Moto/Ciclomotor,Camión Chasis",Calle 19 Y Ruta 178,3,2,0,0,1,0,0,"-32.682568854715,-61.52629310113",Ruta,178,LAS PAREJAS,Belgrano,Tierra,Natural,III,Dentro,Urbana,Otra Señal,No existe,Intersección,Bueno,Buena,Diurna,Buen Tiempo,Lateral,S/D,Colisión,Ninguna,Faltante,Cordón divisorio,Sin restricción
2021,1336,2021-04-23,Viernes,10:50:00,Ruta Nacional 178,0.0,2,"Pickup/Utilitario,Moto/Ciclomotor",Calle 29 Y Ruta 178,3,1,0,0,2,0,0,"-32.677368108877,-61.528447190499",Ruta,178,LAS PAREJAS,Belgrano,Asfalto,No existe,III,Dentro,Urbana,Otra Señal,No existe,Recta,Bueno,Reducida p/ objetos,Diurna,Buen Tiempo,Frontal,S/D,Colisión,Ninguna,Horizontal,Cordón divisorio,Sin restricción
2021,1337,2021-04-26,Lunes,17:25:00,,0.0,2,"Pickup/Utilitario,Peatón",Avenida 13 Y Calle 6,3,1,0,0,2,0,0,"-32.68657374683,-61.526199371688",Avenida,,LAS PAREJAS,Belgrano,Hormigón,No existe,III,Dentro,Urbana,Otra Señal,No existe,Recta,Bueno,Buena,Diurna,Buen Tiempo,S/D,Peatón,Colisión,Ninguna,Faltante,Cordón divisorio,Sin restricción
2021,1338,2021-04-16,Viernes,19:00:00,,0.0,2,"Bicicleta,Automóvil",Belgrano Y Perú,2,1,0,0,1,0,0,"-32.784188505247,-61.600189692882",Calle,,ARMSTRONG,Belgrano,Asfalto,No existe,III,Dentro,Urbana,Otra Señal,No existe,Recta,Bueno,Buena,Atardecer,Buen Tiempo,De alcance,S/D,Colisión,Ninguna,Faltante,Cordón divisorio,Sin restricción
2021,1341,2021-01-25,Lunes,11:00:00,,0.0,2,"Moto/Ciclomotor,Automóvil",Urquiza Y Lavalle,2,1,0,0,1,0,0,"-32.93584, -60.67686",Calle,,ROSARIO,Rosario,Asfalto,No existe,II,Dentro,Urbana,Otra Señal,No existe,Intersección,Bueno,Buena,Diurna,Buen Tiempo,Lateral,Peatón,Colisión,Ninguna,Faltante,Cordón divisorio,Sin restricción
2021,1343,2021-04-22,Jueves,20:00:00,,0.0,2,"Moto/Ciclomotor,Automóvil",Av. Battle y Ordoñez Y Bv. Oroño,2,1,0,0,0,0,1,"-33.009297518676,-60.664898224387",Avenida,,ROSARIO,Rosario,Asfalto,No existe,II,Dentro,Urbana,Otra Señal,Funciona,Recta,Bueno,Reducida,Nocturna,Buen Tiempo,De alcance,S/D,Colisión,Ninguna,"Horizontal,Vertical",Cordón divisorio,Sin restricción
2021,1344,2021-04-26,Lunes,14:10:00,,0.0,2,"Moto/Ciclomotor,Automóvil",Callao Y Fragata Sarmiento,3,2,0,0,1,0,0,"-32.988908602251,-60.671810867574",Calle,,ROSARIO,Rosario,Asfalto,No existe,II,Dentro,Urbana,Otra Señal,No existe,Intersección,Bueno,Buena,Diurna,Buen Tiempo,Lateral,S/D,Colisión,Ninguna,Faltante,Cordón divisorio,Sin restricción
2021,1345,2021-04-10,Sabado,04:30:00,Ruta Nacional 9,416.0,2,"Pickup/Utilitario,Camión c / Acoplado", ,3,2,0,0,1,0,0,"-32.739402856823006, -61.8064017639",Ruta,9,TORTUGAS,Belgrano,Asfalto,Ripio,III,Dentro,Rural,Otra Señal,No existe,Recta,Deteriorada,Buena,Nocturna,Lluvia,De alcance,S/D,Colisión,Agua,Horizontal,Cordón divisorio,Sin restricción
2021,1346,2021-04-26,Lunes,21:40:00,,0.0,2,"Moto/Ciclomotor,Automóvil",Av. Uriburu Y Bv. Oroño,2,1,0,0,1,0,0,"-32.991608686629,-60.665126116591",Avenida,,ROSARIO,Rosario,Asfalto,No existe,II,Dentro,Urbana,Otra Señal,No existe,Rotonda,Bueno,Reducida,"Nocturna,Con luz artificial",Buen Tiempo,Lateral,S/D,Colisión,Ninguna,Horizontal,Cordón divisorio,Sin restricción
2021,1347,2021-04-02,Viernes,20:00:00,Ruta Provincial 65,93.0,2,"Moto/Ciclomotor,Automóvil",CAMINO RURAL NÚMERO 20 ,6,0,0,0,5,1,0,"-32.42601871490475,-61.864120960235",Ruta,65,BOUQUET,Belgrano,Asfalto,Natural,III,Dentro,Rural,Otra Señal,No existe,Intersección,Bueno,Buena,Nocturna,Buen Tiempo,S/D,S/D,Colisión,Ninguna,Horizontal,Cordón divisorio,Sin restricción
2021,1348,2021-01-25,Lunes,21:15:00,,0.0,2,"Moto/Ciclomotor,Automóvil",Paraguay ,2,1,0,0,1,0,0,"-32.96891, -60.64961",Calle,,ROSARIO,Rosario,Asfalto,No existe,II,Dentro,Urbana,Otra Señal,No existe,Intersección,Bueno,Buena,"Nocturna,Con luz artificial",Buen Tiempo,Lateral,S/D,Colisión,Ninguna,Faltante,Cordón divisorio,Sin restricción
2021,1349,2021-04-27,Martes,22:00:00,,0.0,2,"Moto/Ciclomotor,Automóvil",Bv. Oroño Y Ombú,2,1,0,0,1,0,0,"-33.006460944069,-60.665013058377",Avenida,,ROSARIO,Rosario,Asfalto,No existe,II,Dentro,Urbana,Otra Señal,Funciona,Intersección,Bueno,Buena,"Nocturna,Con luz artificial",Buen Tiempo,Lateral,S/D,Colisión,Ninguna,"Horizontal,Vertical",Cordón divisorio,Sin restricción
2021,1350,2021-04-18,Domingo,18:20:00,Ruta Provincial 65,0.0,2,"Bicicleta,Camión c / Acoplado", ,2,1,0,0,1,0,0,"-32.429379522800446,-61.87757760286",Ruta,65,BOUQUET,Belgrano,Asfalto,Natural,III,Dentro,Rural,Otra Señal,No existe,Recta,Bueno,Buena,Atardecer,Buen Tiempo,S/D,Ciclista,Colisión,Ninguna,Faltante,Cordón divisorio,Sin restricción
2021,1351,2021-04-28,Miercoles,17:35:00,,0.0,2,"Bicicleta,Automóvil",España Y Padre R. Giaccone,3,2,0,0,1,0,0,"-33.008157138118,-60.65740297708",Calle,,ROSARIO,Rosario,Asfalto,No existe,II,Dentro,Urbana,Otra Señal,No existe,Intersección,Bueno,Buena,Diurna,Buen Tiempo,S/D,Ciclista,Colisión,Ninguna,Faltante,Cordón divisorio,Sin restricción
2021,1352,2021-04-13,Martes,12:55:00,,0.0,2,"Moto/Ciclomotor,Pickup/Utilitario",Av. Francia Y Saavedra,2,1,0,0,1,0,0,"-32.972998062468,-60.673592304742",Avenida,,ROSARIO,Rosario,Asfalto,No existe,II,Dentro,Urbana,Otra Señal,No existe,Recta,Bueno,Buena,Diurna,Buen Tiempo,S/D,S/D,Colisión,Ninguna,Faltante,Cordón divisorio,Sin restricción
2021,1353,2021-04-15,Jueves,17:50:00,,0.0,3,"Peatón,Peatón,Moto/Ciclomotor",Bv. Avellaneda 4500,3,2,0,0,1,0,0,"-32.989858664693,-60.68885655645",Avenida,,ROSARIO,Rosario,Asfalto,No existe,II,Dentro,Urbana,Otra Señal,No existe,Intersección,Bueno,Buena,Diurna,Buen Tiempo,S/D,Peatón,Colisión,Ninguna,Faltante,Cordón divisorio,Sin restricción
2021,1354,2021-04-28,Miercoles,16:25:00,,0.0,2,"Moto/Ciclomotor,Moto/Ciclomotor",Garibaldi Y Pje. Laprade,2,1,0,0,1,0,0,"-32.980439915255,-60.678895366611",Calle,,ROSARIO,Rosario,Asfalto,No existe,II,Dentro,Urbana,Otra Señal,No existe,Intersección,Bueno,Buena,Diurna,Buen Tiempo,Lateral,S/D,Colisión,Ninguna,Faltante,Cordón divisorio,Sin restricción
2021,1355,2021-04-16,Viernes,14:10:00,,0.0,2,"Moto/Ciclomotor,Automóvil",Alvear Y Saavedra,4,3,0,0,1,0,0,"-32.974975849677,-60.662584899735",Calle,,ROSARIO,Rosario,Asfalto,No existe,II,Dentro,Urbana,Otra Señal,No existe,Intersección,Bueno,Buena,Diurna,Buen Tiempo,Lateral,S/D,Colisión,Ninguna,Faltante,Cordón divisorio,Sin restricción
2021,1356,2021-04-30,Viernes,10:15:00,,0.0,2,"Moto/Ciclomotor,Automóvil",Pje. 518 Y Pje. 507,2,1,0,0,0,0,1,"-33.011224031837,-60.660950947371",Calle,,ROSARIO,Rosario,Asfalto,No existe,II,Dentro,Urbana,Otra Señal,No existe,Intersección,Bueno,Buena,Diurna,Buen Tiempo,Lateral,S/D,Colisión,Ninguna,Faltante,Cordón divisorio,Sin restricción
2021,1357,2021-04-13,Martes,16:15:00,,0.0,2,"Moto/Ciclomotor,Automóvil",Pte. Quintana Y Vera Mujica,2,1,0,0,1,0,0,"-32.977363944452,-60.675982538919",Calle,,ROSARIO,Rosario,Asfalto,No existe,II,Dentro,Urbana,Otra Señal,No existe,Intersección,Bueno,Buena,Diurna,Buen Tiempo,Lateral,S/D,Colisión,Ninguna,Faltante,Cordón divisorio,Sin restricción
2021,1358,2021-04-17,Sabado,17:10:00,,0.0,2,"Automóvil,Moto/Ciclomotor",Av. Uriburu Y Santiago,4,3,0,0,1,0,0,"-32.991429497647,-60.668289384791",Avenida,,ROSARIO,Rosario,Asfalto,No existe,II,Dentro,Urbana,Otra Señal,No existe,Intersección,Bueno,Buena,Diurna,Buen Tiempo,Lateral,S/D,Colisión,Ninguna,Faltante,Cordón divisorio,Sin restricción
2021,1359,2021-04-30,Viernes,06:50:00,,0.0,2,"Moto/Ciclomotor,Camión",Av. Uriburu Y Bv. Avellaneda,2,1,0,0,1,0,0,"-32.991855217714,-60.688655728241",Avenida,,ROSARIO,Rosario,Asfalto,No existe,II,Dentro,Urbana,Otra Señal,Funciona,Intersección,Bueno,Buena,Diurna,S/D,Lateral,S/D,Colisión,Ninguna,"Horizontal,Vertical",Cordón divisorio,Sin restricción
2021,1360,2021-04-13,Martes,17:40:00,,0.0,2,"Automóvil,Bicicleta",Centeno Y San Nicolas,2,1,0,0,1,0,0,"-32.978680708371,-60.682004443603",Calle,,ROSARIO,Rosario,Asfalto,No existe,II,Dentro,Urbana,Otra Señal,No existe,Intersección,Bueno,Buena,Diurna,Buen Tiempo,S/D,Ciclista,Colisión,Ninguna,Faltante,Cordón divisorio,Sin restricción
2021,1361,2021-04-30,Viernes,20:20:00,,0.0,2,"Automóvil,Pickup/Utilitario",Av. Arijon Y Bv. Oroño,2,1,0,0,1,0,0,"-33.003443019282,-60.664794377157",Avenida,,ROSARIO,Rosario,Asfalto,No existe,II,Dentro,Urbana,Otra Señal,Funciona,Intersección,Bueno,Buena,"Nocturna,Con luz artificial",Buen Tiempo,De alcance,S/D,Colisión,Ninguna,"Horizontal,Vertical",Cordón divisorio,Sin restricción
2021,1362,2021-04-19,Lunes,18:35:00,,0.0,2,"Automóvil,Moto/Ciclomotor",Av. Battle y Ordoñez Y Av. Corrientes,4,3,0,0,1,0,0,"-33.00896612516,-60.653000776955",Avenida,,ROSARIO,Rosario,Asfalto,No existe,II,Dentro,Urbana,Otra Señal,No existe,Intersección,Bueno,Buena,Diurna,Buen Tiempo,Lateral,S/D,Colisión,Ninguna,Faltante,Cordón divisorio,Sin restricción
2021,1364,2021-04-20,Martes,07:30:00,,0.0,2,"Moto/Ciclomotor,Moto/Ciclomotor",Ameghino Y Crespo,2,1,0,0,1,0,0,"-32.981709487102,-60.678505832762",Calle,,ROSARIO,Rosario,Asfalto,No existe,II,Dentro,Urbana,Otra Señal,No existe,Intersección,Bueno,Buena,Diurna,Buen Tiempo,Lateral,S/D,Colisión,Ninguna,Faltante,Cordón divisorio,Sin restricción
2021,1365,2021-04-13,Martes,06:45:00,Ruta Provincial 18,0.0,2,"Moto/Ciclomotor,Automóvil",Av. Ovidio Lagos 6800,2,1,0,0,1,0,0,"-33.017754200396,-60.6791786333",Ruta,18,ROSARIO,Rosario,Asfalto,No existe,II,Dentro,Urbana,Otra Señal,Funciona,Recta,Bueno,Buena,Amanecer,Buen Tiempo,Lateral,S/D,Colisión,Ninguna,Vertical,Cordón divisorio,Sin restricción
2021,1366,2021-04-19,Lunes,16:20:00,,0.0,2,"Moto/Ciclomotor,Automóvil",Bv. Oroño 3500,2,1,0,0,1,0,0,"-32.975196690317,-60.661355401723",Avenida,,ROSARIO,Rosario,Asfalto,No existe,II,Dentro,Urbana,Otra Señal,Funciona,Intersección,Bueno,Buena,Diurna,Buen Tiempo,Lateral,S/D,Colisión,Ninguna,"Horizontal,Vertical",Cordón divisorio,Sin restricción
2021,1367,2021-04-19,Lunes,21:10:00,,0.0,2,"Automóvil,Moto/Ciclomotor",Alsina Y Bv. 27 De Febrero,2,1,0,0,1,0,0,"-32.960827532333,-60.681764685367",Avenida,,ROSARIO,Rosario,Asfalto,No existe,II,Dentro,Urbana,Otra Señal,Funciona,Intersección,Bueno,Buena,"Nocturna,Con luz artificial",Buen Tiempo,Lateral,S/D,Colisión,Ninguna,"Horizontal,Vertical",Cordón divisorio,Sin restricción
2021,1368,2021-04-22,Jueves,10:00:00,,0.0,2,"Moto/Ciclomotor,Automóvil",Pje. 509 Y Pje. 518,2,1,0,0,1,0,0,"-33.012962111168,-60.660871984739",Calle,,ROSARIO,Rosario,Asfalto,No existe,II,Dentro,Urbana,Otra Señal,No existe,Intersección,Bueno,Buena,Diurna,Buen Tiempo,Lateral,S/D,Colisión,Ninguna,Faltante,Cordón divisorio,Sin restricción
2021,1369,2021-04-23,Viernes,16:00:00,,0.0,2,"Pickup/Utilitario,Automóvil",Alvear Y Av. Ntra.Sra.del Rosario,2,1,0,0,0,0,1,"-33.000603281979,-60.6663474163",Avenida,,ROSARIO,Rosario,Asfalto,No existe,II,Dentro,Urbana,Otra Señal,No existe,Intersección,Bueno,Buena,Diurna,Buen Tiempo,Lateral,S/D,Colisión,Ninguna,Faltante,Cordón divisorio,Sin restricción
2021,1370,2021-04-23,Viernes,21:05:00,,0.0,1,Moto/Ciclomotor,Av. Ovidio Lagos Y J.M.Gutierrez,1,1,0,0,0,0,0,"-32.99482740867548,-60.674148014061",Avenida,,ROSARIO,Rosario,Asfalto,No existe,II,Dentro,Urbana,Otra Señal,Funciona,Intersección,Bueno,Reducida,Diurna,Buen Tiempo,Contra objeto fijo,S/D,Colisión,Ninguna,Vertical,Cordón divisorio,Sin restricción
2021,1371,2021-04-02,Viernes,23:05:00,,0.0,2,"Automóvil,Camión Chasis",Av. Provincias Unidas Y Bv. 27 De Febrero,2,1,0,0,1,0,0,"-32.959348242415,-60.711899030022",Avenida,,ROSARIO,Rosario,Asfalto,No existe,II,Dentro,Urbana,Otra Señal,Funciona,Recta,Bueno,Buena,"Nocturna,Con luz artificial",Buen Tiempo,De alcance,S/D,Colisión,Ninguna,"Horizontal,Vertical",Cordón divisorio,Sin restricción
2021,1372,2021-04-23,Viernes,20:35:00,,0.0,2,"Camión,Moto/Ciclomotor",Bv. Avellaneda Y Lamadrid,3,2,0,0,1,0,0,"-32.998373425436,-60.68895128411",Avenida,,ROSARIO,Rosario,Asfalto,No existe,II,Dentro,Urbana,Otra Señal,No existe,Intersección,Bueno,Buena,Nocturna,Buen Tiempo,Lateral,S/D,Colisión,Ninguna,Horizontal,Cordón divisorio,Sin restricción
2021,1373,2021-04-07,Miercoles,15:35:00,,0.0,2,"Moto/Ciclomotor,Moto/Ciclomotor",Av. Pellegrini Y Carriego,2,2,0,0,0,0,0,"-32.948151227108,-60.691378778129",Avenida,,ROSARIO,Rosario,Asfalto,No existe,II,Dentro,Urbana,Otra Señal,No existe,Intersección,Bueno,Buena,Diurna,Buen Tiempo,S/D,S/D,Colisión,Ninguna,Horizontal,Cordón divisorio,Sin restricción
2021,1374,2021-04-25,Domingo,14:30:00,,0.0,2,"Moto/Ciclomotor,Automóvil",Pje. Hutchinson Y Pte. Quintana,2,1,0,0,1,0,0,"-32.977241866046,-60.676664108603",Calle,,ROSARIO,Rosario,Asfalto,No existe,II,Dentro,Urbana,Otra Señal,No existe,Intersección,Bueno,Buena,Diurna,Buen Tiempo,Lateral,S/D,Colisión,Ninguna,Faltante,Cordón divisorio,Sin restricción
2021,1375,2021-04-26,Lunes,06:00:00,,0.0,2,"Moto/Ciclomotor,Automóvil",Av. Ntra.Sra.del Rosario Y Bv. Oroño,2,1,0,0,1,0,0,"-33.000560550609,-60.664925665484",Avenida,,ROSARIO,Rosario,Asfalto,No existe,II,Dentro,Urbana,Otra Señal,Funciona,Intersección,Bueno,Buena,Amanecer,Buen Tiempo,Lateral,S/D,Colisión,Ninguna,"Horizontal,Vertical",Cordón divisorio,Sin restricción