anio_acci,nro_acci,fecha,desc_dia,hora_aprox,desc_ruta,km,cant_participantes,desc_participante,calle_avenida_km,total,heridos_leves,heridos_graves,heridos_gravisimos,ilesos,fallecidos,sin_datos,posicion_XY,desc_tipo_via,desc_ruta_ori,desc_loc,desc_dpto,desc_tipo_calzada,desc_tipo_banquina,desc_unidad_regional,desc_lugar_calzada,desc_zona,desc_prioridad,desc_estado_semaforo,desc_lugar_via,desc_estado_via,desc_estado_visibilidad,desc_luminosidad,desc_estado_clima,desc_tipo_colision,desc_tipo_atropello,desc_tipo_hecho,desc_pres_calzada,desc_senializacion,desc_separacion_via,desc_restriccion
2021,1454,2021-05-13,Jueves,17:30:00,Ruta Nacional 9,0.0,2,"Moto/Ciclomotor,Pickup/Utilitario",Av. Eva Perón 9000,2,1,0,0,1,0,0,"-32.92838, -60.73882",Ruta,9,ROSARIO,Rosario,Asfalto,No existe,II,S/D,Urbana,Otra Señal,Funciona,Recta,S/D,Buena,Diurna,Buen Tiempo,Otro,S/D,Colisión,Ninguna,Faltante,Cordón divisorio,Sin restricción
2021,1455,2021-05-09,Domingo,05:10:00,,0.0,2,"Moto/Ciclomotor,Moto/Ciclomotor",Av. Génova Y Pje. Aguapey Bis,2,1,0,0,0,0,1,"-32.91583, -60.70573",Avenida,,ROSARIO,Rosario,Asfalto,No existe,II,Dentro,Urbana,Otra Señal,No existe,Intersección,Bueno,Buena,Con luz artificial,Buen Tiempo,Otro,S/D,Colisión,Ninguna,Faltante,Cordón divisorio,Sin restricción
2021,1457,2021-04-16,Viernes,13:30:00,,0.0,2,"Pickup/Utilitario,Pickup/Utilitario",Gral. José de San Martin Y Hipólito Irigoyen,2,1,0,0,1,0,0,"-33.155319775379,-60.51221126149",Calle,,ARROYO SECO,Rosario,Asfalto,No existe,II,Dentro,Urbana,Otra Señal,No existe,Intersección,Bueno,Buena,Diurna,Buen Tiempo,De alcance,S/D,Colisión,Ninguna,Faltante,Cordón divisorio,Sin restricción
2021,1458,2021-05-14,Viernes,17:30:00,,0.0,1,Bicicleta,Simón de Iriondo Y Cavour,1,1,0,0,0,0,0,"-31.41967, -60.92129",Calle,,ESPERANZA,Las Colonias,Asfalto,S/D,XI,Dentro,Urbana,Otra Señal,No existe,Intersección,Bueno,Buena,Diurna,S/D,S/D,S/D,Colisión,Ninguna,Faltante,Cordón divisorio,Sin restricción
2021,1461,2021-04-24,Sabado,19:20:00,,0.0,2,"Automóvil,Moto/Ciclomotor",Bv Simón Iriondo Y Mitre,2,1,0,0,1,0,0,"-33.239756124837,-60.831364879037",Avenida,,ACEBAL,Rosario,Asfalto,No existe,II,Dentro,Urbana,Otra Señal,No existe,Intersección,Bueno,Buena,Diurna,Buen Tiempo,Lateral,S/D,Colisión,Ninguna,Faltante,Cordón divisorio,Sin restricción
2021,1462,2021-04-20,Martes,17:25:00,Ruta Provincial 18,13.0,2,"Moto/Ciclomotor,Automóvil", ,5,1,0,0,4,0,0,"-33.149338187722165, -60.7175407509",Ruta,18,MONTE FLORES,Rosario,Asfalto,Natural,II,Dentro,Urbana,Otra Señal,No existe,Recta,Bueno,Buena,Diurna,Buen Tiempo,Lateral,S/D,Colisión,Ninguna,Horizontal,Cordón divisorio,Sin restricción
2021,1464,2021-04-23,Viernes,18:00:00,,0.0,2,"Moto/Ciclomotor,Automóvil",Las Heras Y San Lorenzo,2,1,0,0,1,0,0,"-33.128747229508,-60.795839258128",Calle,,ÁLVAREZ,Rosario,Hormigón,No existe,II,Dentro,Urbana,Otra Señal,No existe,Intersección,Bueno,Buena,Diurna,Buen Tiempo,S/D,S/D,Colisión,Ninguna,Faltante,Cordón divisorio,Sin restricción
2021,1465,2021-04-30,Viernes,01:05:00,Autopista Nacional A012,0.0,2,"Transporte de Pasajeros Larga Distancia (Doble Piso),Camión c / Acoplado",Ruta Provincial 14 ,3,2,0,0,1,0,0,"-33.09187248087258, -60.79093011803",Autopista,A012,PIÑERO,Rosario,Asfalto,Natural,II,Dentro,Urbana,Otra Señal,No existe,Intersección,Bueno,Buena,Diurna,Buen Tiempo,Lateral,S/D,Colisión,Ninguna,Vertical,Cordón divisorio,Sin restricción
2021,1466,2021-05-09,Domingo,18:30:00,Autopista Nacional Rosario -Cordoba,305.0,3,"Automóvil,Automóvil,Pickup/Utilitario", ,5,3,0,0,2,0,0,"-32.94175, -60.80934",Autopista,Rosario -Cordoba,FUNES,Rosario,Asfalto,Natural,II,Dentro,Rural,Otra Señal,No existe,Recta,Bueno,Buena,Diurna,Buen Tiempo,"De alcance,Múltiple",S/D,Colisión,S/D,Vertical,Cordón divisorio,Sin restricción
2021,1467,2021-04-07,Miercoles,14:00:00,,0.0,2,"Moto/Ciclomotor,Bicicleta",25 De Mayo Y Urquiza,2,1,0,0,1,0,0,"-33.236306951048,-60.812342275448",Calle,,CARMEN DEL SAUCE,Rosario,Asfalto,Pavimento,II,Dentro,Urbana,Otra Señal,No existe,Intersección,Bueno,Buena,Diurna,Buen Tiempo,"De alcance,Múltiple",Ciclista,Colisión,Ninguna,Faltante,Cordón divisorio,Sin restricción
2021,1468,2021-04-07,Miercoles,06:30:00,Ruta Provincial 26,0.0,2,"Moto/Ciclomotor,Bicicleta", ,2,1,0,0,1,0,0,"-33.24763298034669,-60.772891044616",Ruta,26,CARMEN DEL SAUCE,Rosario,Asfalto,Natural,II,Dentro,Urbana,Otra Señal,No existe,Intersección,Bueno,Reducida,Amanecer,Buen Tiempo,"De alcance,Múltiple",Ciclista,Colisión,Ninguna,Horizontal,Cordón divisorio,Sin restricción
2021,1469,2021-04-12,Lunes,08:30:00,,0.0,2,"Automóvil,Bicicleta",Av. Los Colonizadores Y Nicolas Schneider,2,1,0,0,1,0,0,"-31.450345885222,-60.924018397717",Avenida,,ESPERANZA,Las Colonias,Asfalto,No existe,XI,Dentro,Urbana,Otra Señal,No existe,Intersección,Bueno,Buena,Diurna,Buen Tiempo,"De alcance,Múltiple",Ciclista,Colisión,Ninguna,Faltante,Cordón divisorio,Sin restricción
2021,1470,2021-04-15,Jueves,19:30:00,,0.0,2,"Bicicleta,Automóvil",Ami Droz Y Domingo Faustino Sarmiento,2,1,0,0,1,0,0,"-31.433534237113,-60.926688039234",Calle,,ESPERANZA,Las Colonias,Asfalto,No existe,XI,Dentro,Urbana,Otra Señal,No existe,Intersección,Bueno,Buena,Diurna,Buen Tiempo,"De alcance,Múltiple",S/D,Colisión,Ninguna,Faltante,Cordón divisorio,Sin restricción
2021,1471,2021-04-15,Jueves,18:00:00,Ruta Provincial 70,0.0,2,"Moto/Ciclomotor,Automóvil",Maipú Y Ruta provincial 70,2,1,0,0,1,0,0,"-31.445649226375,-60.917201800733",Ruta,70,ESPERANZA,Las Colonias,Asfalto,Pavimento,XI,Dentro,Urbana,Otra Señal,No existe,Intersección,Bueno,Buena,Diurna,Buen Tiempo,"De alcance,Múltiple",S/D,Colisión,Ninguna,Horizontal,Cordón divisorio,Sin restricción
2021,1472,2021-04-08,Jueves,12:10:00,,0.0,2,"Moto/Ciclomotor,Automóvil",Gral. Belgrano Y Hipólito Irigoyen,2,1,0,0,1,0,0,"-30.305948251078,-61.233842095913",Calle,,SAN CRISTÓBAL,San CRISTÓBAL,Asfalto,No existe,XIII,Dentro,Urbana,Otra Señal,No existe,Rotonda,Bueno,Buena,Diurna,Buen Tiempo,"De alcance,Múltiple",S/D,Colisión,Ninguna,Vertical,Cordón divisorio,Sin restricción
2021,1473,2021-04-21,Miercoles,18:00:00,,0.0,2,"Automóvil,Moto/Ciclomotor",Castelli Y Dr. Romang,2,1,0,0,1,0,0,"-31.45339152384,-60.922501824952",Calle,,ESPERANZA,Las Colonias,Asfalto,No existe,XI,Dentro,Urbana,Otra Señal,No existe,Intersección,Bueno,Buena,Atardecer,Buen Tiempo,"De alcance,Múltiple",S/D,Colisión,Ninguna,"Horizontal,Vertical",Cordón divisorio,Sin restricción
2021,1475,2021-04-21,Miercoles,,,0.0,2,"Automóvil,Moto/Ciclomotor",Castelli Y Dr. Romang,2,1,0,0,1,0,0,"-31.45339152384,-60.922501824952",Calle,,ESPERANZA,Las Colonias,Asfalto,No existe,XI,Dentro,Urbana,Otra Señal,No existe,Intersección,Bueno,Buena,Diurna,Buen Tiempo,"De alcance,Múltiple",S/D,Colisión,Ninguna,Faltante,Cordón divisorio,Sin restricción
2021,1476,2021-04-26,Lunes,12:10:00,Ruta Provincial 70,0.0,2,"Pickup/Utilitario,Bicicleta",M M T de Hoenfels Y Ruta provincial 70,2,1,0,0,1,0,0,"-31.439890143128,-60.941203262575",Ruta,70,ESPERANZA,Las Colonias,Asfalto,No existe,XI,Dentro,Urbana,Otra Señal,Funciona,Intersección,Bueno,Buena,Diurna,Buen Tiempo,"De alcance,Múltiple",Ciclista,Colisión,Ninguna,"Horizontal,Vertical",Cordón divisorio,Sin restricción
2021,1477,2021-04-08,Jueves,08:30:00,,0.0,2,"Moto/Ciclomotor,Peatón",Teodoro Hertz 736,2,1,0,0,1,0,0,"-29.872644278548,-61.948241963141",Calle,,CERES,San CRISTÓBAL,Asfalto,No existe,XIII,Dentro,Urbana,Otra Señal,No existe,Recta,Bueno,Buena,Diurna,Buen Tiempo,"De alcance,Múltiple",Peatón,Colisión,Ninguna,Faltante,Cordón divisorio,Sin restricción
2021,1478,2021-04-13,Martes,12:10:00,,0.0,2,"Pickup/Utilitario,Moto/Ciclomotor",Dorrego ,2,1,0,0,1,0,0,"-29.8786110482,-61.957008417282",Calle,,CERES,San CRISTÓBAL,Asfalto,No existe,XIII,Dentro,Urbana,Otra Señal,No existe,Recta,Bueno,Buena,Diurna,Buen Tiempo,"De alcance,Múltiple",S/D,Colisión,Ninguna,Faltante,Cordón divisorio,Sin restricción
2021,1479,2021-04-13,Martes,22:40:00,,0.0,1,Moto/Ciclomotor,Caseros 600,3,2,0,0,1,0,0,"-30.31651196315,-61.235081638245",Calle,,SAN CRISTÓBAL,San CRISTÓBAL,Asfalto,No existe,XIII,Dentro,Urbana,Otra Señal,No existe,Intersección,Bueno,Buena,Nocturna,Buen Tiempo,"De alcance,Múltiple",S/D,Colisión,Ninguna,Horizontal,Cordón divisorio,Sin restricción
2021,1480,2021-04-15,Jueves,13:00:00,,0.0,2,"Bicicleta,Moto/Ciclomotor",Av. de los Trabaj. Ferroviario Y Falucho,2,1,0,0,1,0,0,"-30.310756626631,-61.237083360826",Avenida,,SAN CRISTÓBAL,San CRISTÓBAL,Asfalto,No existe,XIII,Dentro,Urbana,Otra Señal,No existe,Intersección,Bueno,Buena,Diurna,Buen Tiempo,"De alcance,Múltiple",Ciclista,Colisión,Ninguna,Faltante,Cordón divisorio,Sin restricción
2021,1481,2021-04-25,Domingo,17:25:00,Ruta Nacional 34,0.0,1,Automóvil,Azcuénaga Y Ruta  NAC 34 / Corrientes,1,1,0,0,0,0,0,"-29.88438963890077,-61.943801343441",Ruta,34,CERES,San CRISTÓBAL,Asfalto,No existe,XIII,Dentro,Urbana,Otra Señal,No existe,Recta,Bueno,Buena,Diurna,Buen Tiempo,"De alcance,Múltiple",S/D,Colisión,Ninguna,Vertical,Cordón divisorio,Sin restricción
2021,1482,2021-04-26,Lunes,18:00:00,,0.0,2,"Moto/Ciclomotor,Peatón",San Juan 877,2,1,0,0,1,0,0,"-29.894528404367,-61.949991515552",Calle,,CERES,San CRISTÓBAL,Tierra,No existe,XIII,Dentro,Urbana,Otra Señal,No existe,Recta,Bueno,Buena,Diurna,Buen Tiempo,"De alcance,Múltiple",Peatón,Colisión,Ninguna,Faltante,Cordón divisorio,Sin restricción
2021,1483,2021-04-28,Miercoles,08:15:00,,0.0,2,"Automóvil,Moto/Ciclomotor",Ameghino Y Cochabamba,2,1,0,0,1,0,0,"-30.30000365826,-61.227203586969",Calle,,SAN CRISTÓBAL,San CRISTÓBAL,Ripio,No existe,XIII,Dentro,Urbana,Otra Señal,No existe,Curva,Con baches,Buena,Diurna,Buen Tiempo,"De alcance,Múltiple",S/D,Colisión,Ninguna,Faltante,Cordón divisorio,Sin restricción
2021,1484,2021-04-23,Viernes,16:20:00,,0.0,2,"Bicicleta,Taxi/Remis",Juan D Perón ,2,1,0,0,1,0,0,"-30.300835229842,-61.238741418293",Calle,,SAN CRISTÓBAL,San CRISTÓBAL,Ripio,No existe,XIII,Dentro,Urbana,Otra Señal,No existe,Recta,Resbaladiza,Buena,Diurna,Buen Tiempo,"De alcance,Múltiple",Ciclista,Colisión,Material Suelto,S/D,Cordón divisorio,Sin restricción
2021,1487,2021-01-25,Lunes,10:00:00,,0.0,2,"Moto/Ciclomotor,Automóvil",Italia ,2,1,0,0,1,0,0,"-32.97164, -60.65463",Calle,,ROSARIO,Rosario,Asfalto,Pavimento,II,Dentro,Urbana,Otra Señal,S/D,Intersección,Bueno,Buena,Diurna,Buen Tiempo,"De alcance,Múltiple",S/D,Colisión,Ninguna,S/D,Cordón divisorio,Sin restricción
2021,1488,2021-01-26,Martes,12:15:00,,0.0,2,"Bicicleta,Otros",Bv. 27 De Febrero Y Bv. Oroño,2,1,0,0,1,0,0,"-32.96496, -60.65877",Avenida,,ROSARIO,Rosario,Asfalto,No existe,II,Dentro,Urbana,Otra Señal,Funciona,Recta,Bueno,Buena,Diurna,Buen Tiempo,"De alcance,Múltiple",Ciclista,Colisión,Ninguna,Vertical,Cordón divisorio,Sin restricción
2021,1489,2021-01-25,Lunes,15:00:00,,0.0,2,"Peatón,Automóvil",Balcarce Y Güemes,2,1,0,0,1,0,0,"-32.95883, -60.693",Calle,,ROSARIO,Rosario,Asfalto,No existe,II,S/D,Urbana,Otra Señal,Funciona,Recta,Bueno,Buena,Diurna,Buen Tiempo,"De alcance,Múltiple",S/D,Colisión,Ninguna,Horizontal,Cordón divisorio,Sin restricción
2021,1490,2021-01-25,Lunes,11:00:00,,0.0,2,"Automóvil,Moto/Ciclomotor",Av. Pellegrini Y San Martin,2,1,0,0,1,0,0,"-32.95883, -60.693",Calle,,ROSARIO,Rosario,Asfalto,S/D,II,S/D,Urbana,Otra Señal,S/D,Intersección,S/D,S/D,Diurna,S/D,"De alcance,Múltiple",S/D,Colisión,S/D,S/D,Cordón divisorio,Sin restricción
2021,1491,2021-01-25,Lunes,,,0.0,2,"Otros,Otros",San Martin Y Av. Pellegrini,2,1,0,0,1,0,0,"-32.95744, -60.63938",Avenida,,ROSARIO,Rosario,Asfalto,S/D,II,S/D,Urbana,Otra Señal,S/D,Recta,S/D,S/D,Diurna,S/D,"De alcance,Múltiple",S/D,Colisión,S/D,S/D,Cordón divisorio,Sin restricción
2021,1492,2021-01-25,Lunes,14:30:00,Autopista Nacional A008,0.0,2,"Moto/Ciclomotor,Camión",Av. Pellegrini Y Av. Circunvalación,2,1,0,0,1,0,0,"-32.94876, -60.72003",Autopista,A008,ROSARIO,Rosario,Asfalto,S/D,II,Dentro,Urbana,Otra Señal,S/D,Intersección,Bueno,Buena,Diurna,Buen Tiempo,"De alcance,Múltiple",S/D,Colisión,Ninguna,S/D,Cordón divisorio,Sin restricción
2021,1493,2021-05-11,Martes,04:40:00,,0.0,2,"Moto/Ciclomotor,Automóvil",Mendoza Y Donado,3,2,0,0,0,0,1,"-32.94069, -60.727",Avenida,,ROSARIO,Rosario,Asfalto,No existe,II,Dentro,Urbana,Otra Señal,Intermitente,Intersección,Bueno,Buena,Con luz artificial,Buen Tiempo,"De alcance,Múltiple",S/D,Colisión,Ninguna,Horizontal,Cordón divisorio,Sin restricción
2021,1494,2021-05-09,Domingo,13:20:00,,0.0,2,"Moto/Ciclomotor,Automóvil",San Lorenzo Y J.Colombres,3,2,0,0,1,0,0,"-32.935, -60.72957",Calle,,ROSARIO,Rosario,Asfalto,No existe,II,Dentro,Urbana,Otra Señal,S/D,Intersección,Bueno,Buena,Diurna,Buen Tiempo,"De alcance,Múltiple",S/D,Colisión,Ninguna,S/D,Cordón divisorio,Sin restricción
2021,1495,2021-05-13,Jueves,16:40:00,,0.0,2,"Peatón,Automóvil",Av. Provincias Unidas Y White,2,1,0,0,1,0,0,"-32.94137, -60.71249",Calle,,ROSARIO,Rosario,Asfalto,No existe,II,Dentro,Urbana,Otra Señal,Funciona,Intersección,Bueno,Buena,Diurna,Buen Tiempo,"De alcance,Múltiple",Peatón,Colisión,Ninguna,S/D,Cordón divisorio,Sin restricción
2021,1497,2021-04-03,Sabado,01:40:00,Ruta Provincial 21,0.0,2,"Automóvil,Automóvil",Brig. Gral. Estanislao López Y José de San Martin,3,1,0,0,2,0,0,"-31.604372262954733,-60.57576745748",Ruta,21,SAN JOSÉ DEL RINCÓN,La Capital,Asfalto,No existe,I,Dentro,Urbana,Otra Señal,Funciona,Intersección,Bueno,Buena,Nocturna,Buen Tiempo,"De alcance,Múltiple",S/D,Colisión,Ninguna,"Horizontal,Vertical",Cordón divisorio,Sin restricción
2021,1498,2021-04-12,Lunes,08:30:00,,0.0,2,"Pickup/Utilitario,Moto/Ciclomotor",Gregorio Gamboa Y Juan de Garay,2,1,0,0,1,0,0,"-31.605246879916,-60.566638716136",Calle,,SAN JOSÉ DEL RINCÓN,La Capital,Asfalto,No existe,I,Dentro,Urbana,Otra Señal,No existe,Intersección,Bueno,Buena,Diurna,Buen Tiempo,"De alcance,Múltiple",S/D,Colisión,Ninguna,Faltante,Cordón divisorio,Sin restricción
2021,1500,2021-04-26,Lunes,08:00:00,Ruta Provincial 2,14.0,2,"Moto/Ciclomotor,Moto/Ciclomotor", ,2,1,0,0,1,0,0,"-31.43525033295353, -60.67387783606",Ruta,2,MONTE VERA,La Capital,Asfalto,Ripio,I,Dentro,Rural,Otra Señal,No existe,Recta,Bueno,Buena,Diurna,Buen Tiempo,"De alcance,Múltiple",S/D,Colisión,Ninguna,Horizontal,Cordón divisorio,Sin restricción
2021,1503,2021-04-18,Domingo,02:50:00,,0.0,2,"Automóvil,Moto/Ciclomotor",AV ARISTÓBULO DEL VALLE Y AVENIDA LOS QUINTEROS,5,2,0,0,3,0,0,"-31.556505560874943,-60.67575082182",Avenida,,ANGEL GALLARDO,La Capital,Asfalto,No existe,I,Dentro,Urbana,Otra Señal,No existe,Intersección,Bueno,Buena,Diurna,Buen Tiempo,"De alcance,Múltiple",S/D,Colisión,Ninguna,Horizontal,Cordón divisorio,Sin restricción
2021,1504,2021-04-06,Martes,11:05:00,Ruta Provincial 2,0.0,2,"Camión c / Acoplado,Moto/Ciclomotor",Av. Córdoba Y Av. L de la Torre,2,1,0,0,1,0,0,"-31.302823143833,-60.656913047389",Ruta,2,LAGUNA PAIVA,La Capital,Asfalto,No existe,I,Dentro,Urbana,Otra Señal,No existe,Intersección,Bueno,Buena,Diurna,Buen Tiempo,"De alcance,Múltiple",S/D,Colisión,Ninguna,Horizontal,Cordón divisorio,Sin restricción
2021,1505,2021-04-23,Viernes,22:15:00,Ruta Provincial 4,0.0,2,"Automóvil,Bicicleta",Pastor Barrios ,3,1,0,0,2,0,0,"-31.299435067378,-60.673736952863",Ruta,4,LAGUNA PAIVA,La Capital,Asfalto,No existe,I,Dentro,Urbana,Otra Señal,No existe,Intersección,Resbaladiza,Buena,Diurna,Lluvia,"De alcance,Múltiple",Ciclista,Colisión,Agua,Horizontal,Cordón divisorio,Sin restricción
2021,1506,2021-04-02,Viernes,18:15:00,,0.0,2,"Automóvil,Moto/Ciclomotor",Las Heras Y Obrero,3,2,0,0,1,0,0,"-31.302730757863,-60.667831045436",Calle,,LAGUNA PAIVA,La Capital,Tierra,No existe,I,Dentro,Urbana,Otra Señal,No existe,Intersección,Bueno,Buena,Diurna,Buen Tiempo,"De alcance,Múltiple",S/D,Colisión,Ninguna,Faltante,Cordón divisorio,Sin restricción
2021,1507,2021-04-17,Sabado,19:40:00,Ruta Provincial 2,29.0,2,"Moto/Ciclomotor,Camión Chasis", ,2,1,0,0,1,0,0,"-31.306222943959543, -60.6767357650",Ruta,2,LAGUNA PAIVA,La Capital,Asfalto,No existe,I,Dentro,Urbana,Otra Señal,No existe,Intersección,Bueno,Buena,Diurna,Buen Tiempo,"De alcance,Múltiple",S/D,Colisión,Ninguna,Horizontal,Cordón divisorio,Sin restricción
2021,1508,2021-04-30,Viernes,17:15:00,,0.0,2,"Moto/Ciclomotor,Automóvil",Ayolas Y L.N.Alem,2,1,0,0,1,0,0,"-32.978537718526,-60.63593525629",Calle,,ROSARIO,Rosario,Asfalto,No existe,II,Dentro,Urbana,Otra Señal,Funciona,Intersección,Bueno,Buena,Diurna,Buen Tiempo,"De alcance,Múltiple",S/D,Colisión,Ninguna,"Horizontal,Vertical",Cordón divisorio,Sin restricción
2021,1509,2021-04-08,Jueves,06:05:00,,0.0,2,"Bicicleta,Automóvil",Dean Funes Y Necochea,2,1,0,0,1,0,0,"-32.978129051274,-60.631518162141",Calle,,ROSARIO,Rosario,Asfalto,No existe,II,Dentro,Urbana,Otra Señal,No existe,Recta,Bueno,Buena,Amanecer,Buen Tiempo,"De alcance,Múltiple",Ciclista,Colisión,Ninguna,Horizontal,Cordón divisorio,Sin restricción
2021,1510,2021-04-06,Martes,20:20:00,,0.0,1,Bicicleta,Callao Y San Juan,1,1,0,0,0,0,0,"-32.946232261648,-60.661018071219",Calle,,ROSARIO,Rosario,Asfalto,No existe,II,Dentro,Urbana,Otra Señal,Funciona,Recta,Bueno,Buena,"Nocturna,Con luz artificial",Buen Tiempo,"De alcance,Múltiple",S/D,Colisión,Ninguna,"Horizontal,Vertical",Cordón divisorio,Sin restricción
2021,1511,2021-04-25,Domingo,09:50:00,,0.0,1,Bicicleta,Bv. 27 De Febrero Y Mariano Moreno,1,1,0,0,0,0,0,"-32.965297666183,-60.655884719874",Avenida,,ROSARIO,Rosario,Asfalto,No existe,II,Dentro,Urbana,Otra Señal,Funciona,Recta,Bueno,Buena,Diurna,Buen Tiempo,"De alcance,Múltiple",S/D,Colisión,Ninguna,"Horizontal,Vertical",Cordón divisorio,Sin restricción
2021,1512,2021-04-26,Lunes,11:00:00,,0.0,2,"Automóvil,Automóvil",Bv. Oroño Y Bv. 27 De Febrero,2,1,0,0,1,0,0,"-32.964828473776,-60.658500919693",Avenida,,ROSARIO,Rosario,Asfalto,No existe,II,Dentro,Urbana,Otra Señal,Funciona,Recta,Bueno,Buena,Diurna,Buen Tiempo,"De alcance,Múltiple",S/D,Colisión,Ninguna,"Horizontal,Vertical",Cordón divisorio,Sin restricción
2021,1513,2021-04-22,Jueves,13:25:00,,0.0,2,"Moto/Ciclomotor,Automóvil",Gálvez Y Pueyrredón,2,1,0,0,1,0,0,"-32.965313449676,-60.66300552901",Calle,,ROSARIO,Rosario,Asfalto,No existe,II,Dentro,Urbana,Otra Señal,No existe,Intersección,Bueno,Buena,Diurna,Buen Tiempo,"De alcance,Múltiple",S/D,Colisión,Ninguna,Faltante,Cordón divisorio,Sin restricción
2021,1514,2021-04-19,Lunes,21:50:00,,0.0,2,"Peatón,Automóvil",Cochabamba Y Italia,2,1,0,0,1,0,0,"-32.956691284832,-60.650895432878",Calle,,ROSARIO,Rosario,Asfalto,No existe,II,Dentro,Urbana,Otra Señal,No existe,Intersección,Bueno,Buena,"Nocturna,Con luz artificial",Buen Tiempo,"De alcance,Múltiple",Peatón,Colisión,Ninguna,Horizontal,Cordón divisorio,Sin restricción
2021,1515,2021-04-07,Miercoles,08:50:00,,0.0,2,"Bicicleta,Automóvil",Entre Ríos Y Pasco,2,1,0,0,0,0,1,"-32.959067636395,-60.644263143374",Calle,,ROSARIO,Rosario,Asfalto,No existe,II,Dentro,Urbana,Otra Señal,No existe,Recta,Bueno,Buena,Diurna,Buen Tiempo,"De alcance,Múltiple",S/D,Colisión,Ninguna,Horizontal,Cordón divisorio,Sin restricción
2021,1516,2021-04-07,Miercoles,14:30:00,,0.0,2,"Moto/Ciclomotor,Moto/Ciclomotor",Av. Pellegrini Y Entre Ríos,2,1,0,0,0,0,1,"-32.956851079379,-60.64370481972",Avenida,,ROSARIO,Rosario,Asfalto,No existe,II,Dentro,Urbana,Otra Señal,Funciona,Intersección,Bueno,Buena,Diurna,Buen Tiempo,"De alcance,Múltiple",S/D,Colisión,Ninguna,"Horizontal,Vertical",Cordón divisorio,Sin restricción
2021,1517,2021-04-06,Martes,16:00:00,,0.0,1,Moto/Ciclomotor,Cerrito Y Laprida,2,1,0,0,1,0,0,"-32.962566901499,-60.638129818078",Calle,,ROSARIO,Rosario,Asfalto,No existe,II,Dentro,Urbana,Otra Señal,No existe,Intersección,Bueno,Buena,Diurna,Buen Tiempo,"De alcance,Múltiple",S/D,Colisión,Ninguna,Vertical,Cordón divisorio,Sin restricción
2021,1518,2021-05-04,Martes,17:10:00,,0.0,2,"Moto/Ciclomotor,Moto/Ciclomotor",Pje. Amazonas Y Castellanos,2,2,0,0,0,0,0,"-32.96848, -60.68227",Calle,,ROSARIO,Rosario,Asfalto,No existe,II,S/D,Urbana,Otra Señal,No existe,Intersección,Bueno,Buena,Diurna,Buen Tiempo,"De alcance,Múltiple",S/D,Colisión,Ninguna,S/D,Cordón divisorio,Sin restricción
2021,1519,2021-04-01,Jueves,20:40:00,,0.0,2,"Moto/Ciclomotor,Pickup/Utilitario",25 de Mayo Y Suipacha,2,1,0,0,1,0,0,"-31.640236606282,-60.703911769392",Calle,,SANTA FE,La Capital,Asfalto,Pavimento,I,Dentro,Urbana,Otra Señal,Funciona,Intersección,Bueno,Buena,"Nocturna,Con luz artificial",Buen Tiempo,"De alcance,Múltiple",S/D,Colisión,Ninguna,Horizontal,Cordón divisorio,Sin restricción
2021,1520,2021-05-02,Domingo,20:30:00,,0.0,2,"Peatón,Moto/Ciclomotor",Acevedo Bis Y Suipacha,2,1,0,0,0,0,1,"-32.9841, -60.67428",S/D,,ROSARIO,Rosario,Asfalto,No existe,II,S/D,S/D,Otra Señal,No existe,Intersección,Bueno,Reducida,Nocturna,Buen Tiempo,"De alcance,Múltiple",Peatón,Colisión,Agua,Faltante,Cordón divisorio,Sin restricción
2021,1521,2021-04-02,Viernes,09:15:00,,0.0,2,"Pickup/Utilitario,Moto/Ciclomotor",Rivadavia Y Suipacha,2,1,0,0,1,0,0,"-31.640564672148,-60.702475325938",Calle,,SANTA FE,La Capital,Asfalto,No existe,I,Dentro,Urbana,Otra Señal,Funciona,Intersección,Bueno,Buena,Diurna,Buen Tiempo,"De alcance,Múltiple",S/D,Colisión,Ninguna,"Horizontal,Vertical",Cordón divisorio,Sin restricción
2021,1522,2021-04-15,Jueves,17:15:00,,0.0,2,"Automóvil,Moto/Ciclomotor",Moreno Y San Jerónimo,2,1,0,0,1,0,0,"-31.654549347523,-60.710324394305",Calle,,SANTA FE,La Capital,Asfalto,No existe,I,Dentro,Urbana,Otra Señal,No existe,Intersección,Bueno,Buena,Diurna,Buen Tiempo,"De alcance,Múltiple",S/D,Colisión,Ninguna,Horizontal,Cordón divisorio,Sin restricción
2021,1523,2021-05-02,Domingo,23:00:00,,0.0,2,"Moto/Ciclomotor,Moto/Ciclomotor",Bv. Oroño Y 24 De Setiembre,2,2,0,0,0,0,0,"-32.97743, -60.66197",Avenida,,ROSARIO,Rosario,Asfalto,No existe,II,S/D,Urbana,Otra Señal,No existe,Intersección,Bueno,Reducida,Nocturna,Buen Tiempo,"De alcance,Múltiple",S/D,Colisión,Ninguna,S/D,Cordón divisorio,Sin restricción