anio_acci,nro_acci,fecha,desc_dia,hora_aprox,desc_ruta,km,cant_participantes,desc_participante,calle_avenida_km,total,heridos_leves,heridos_graves,heridos_gravisimos,ilesos,fallecidos,sin_datos,posicion_XY,desc_tipo_via,desc_ruta_ori,desc_loc,desc_dpto,desc_tipo_calzada,desc_tipo_banquina,desc_unidad_regional,desc_lugar_calzada,desc_zona,desc_prioridad,desc_estado_semaforo,desc_lugar_via,desc_estado_via,desc_estado_visibilidad,desc_luminosidad,desc_estado_clima,desc_tipo_colision,desc_tipo_atropello,desc_tipo_hecho,desc_pres_calzada,desc_senializacion,desc_separacion_via,desc_restriccion
2021,1524,2021-04-15,Jueves,18:50:00,,0.0,2,"Bicicleta,Automóvil",San Jerónimo 2550,2,1,0,0,1,0,0,"-31.645895102662,-60.707874415267",Calle,,SANTA FE,La Capital,Asfalto,No existe,I,Dentro,Urbana,Otra Señal,No existe,Intersección,Bueno,Buena,Atardecer,Buen Tiempo,"De alcance,Múltiple",Ciclista,Colisión,Ninguna,Faltante,Cordón divisorio,Sin restricción
2021,1525,2021-05-01,Sabado,13:00:00,,0.0,2,"Moto/Ciclomotor,Automóvil",Av. Ovidio Lagos Y Av. Battle y Ordoñez,3,2,0,0,1,0,0,"-33.00976, -60.67727",Avenida,,ROSARIO,Rosario,Asfalto,Pavimento,II,Dentro,Urbana,Otra Señal,Funciona,Intersección,Bueno,Buena,Diurna,Buen Tiempo,"De alcance,Múltiple",S/D,Colisión,Ninguna,Vertical,Cordón divisorio,Sin restricción
2021,1526,2021-01-24,Domingo,19:00:00,Autopista Nacional A008,0.0,2,"Moto/Ciclomotor,Automóvil",Av. Circunvalación Y Av. Ovidio Lagos,2,1,0,0,1,0,0,"-33.00695, -60.67685",Autopista,A008,ROSARIO,Rosario,Asfalto,Natural,II,Dentro,Urbana,Otra Señal,No existe,Recta,Bueno,Buena,Atardecer,Buen Tiempo,"De alcance,Múltiple",S/D,Colisión,Ninguna,S/D,Cordón divisorio,Sin restricción
2021,1527,2021-04-21,Miercoles,18:00:00,,0.0,2,"Peatón,Automóvil",Av. Corrientes Y Ocampo,3,1,0,0,2,0,0,"-32.965699638291,-60.647396361355",Avenida,,ROSARIO,Rosario,Asfalto,No existe,II,Dentro,Urbana,Otra Señal,No existe,Intersección,Bueno,Buena,Diurna,Buen Tiempo,"De alcance,Múltiple",Peatón,Colisión,Ninguna,Horizontal,Cordón divisorio,Sin restricción
2021,1528,2021-04-04,Domingo,21:00:00,,0.0,2,"Moto/Ciclomotor,Automóvil",25 de Mayo Y Bv Pellegrini,2,1,0,0,1,0,0,"-31.635648, -60.702515",Avenida,,SANTA FE,La Capital,Asfalto,No existe,I,Dentro,Urbana,Otra Señal,Funciona,Intersección,Bueno,Buena,"Nocturna,Con luz artificial",Buen Tiempo,"De alcance,Múltiple",S/D,Colisión,Ninguna,"Horizontal,Vertical",Cordón divisorio,Sin restricción
2021,1529,2021-01-31,Domingo,11:35:00,,0.0,2,"Pickup/Utilitario,Moto/Ciclomotor",15 de Agosto Y Güemes,2,1,0,0,1,0,0,"-31.54969, -61.08244",Calle,,SAN JERÓNIMO NORTE,Las Colonias,Asfalto,No existe,XI,Dentro,Urbana,Otra Señal,No existe,Intersección,Bueno,Buena,Diurna,Buen Tiempo,"De alcance,Múltiple",S/D,Colisión,S/D,S/D,Cordón divisorio,Sin restricción
2021,1530,2021-01-28,Jueves,14:30:00,,0.0,2,"Automóvil,Moto/Ciclomotor",Falucho Y Irigoyen,2,1,0,0,1,0,0,"-32.73729, -60.73603",Calle,,SAN LORENZO,San Lorenzo,S/D,S/D,XVII,Dentro,Urbana,Otra Señal,No existe,Intersección,Bueno,Buena,Diurna,S/D,"De alcance,Múltiple",S/D,Colisión,S/D,S/D,Cordón divisorio,Sin restricción
2021,1531,2021-05-03,Lunes,09:30:00,,0.0,2,"Moto/Ciclomotor,Pickup/Utilitario",Bv. Seguí Y Italia,2,1,0,0,1,0,0,"-32.97743, -60.65609",Avenida,,ROSARIO,Rosario,Asfalto,No existe,II,Dentro,Urbana,Otra Señal,No existe,Intersección,Bueno,Buena,Diurna,Buen Tiempo,"De alcance,Múltiple",S/D,Colisión,Ninguna,Faltante,Cordón divisorio,Sin restricción
2021,1532,2021-04-26,Lunes,17:10:00,,0.0,2,"Moto/Ciclomotor,Automóvil",Pueyrredón Y Rioja,2,1,0,0,1,0,0,"-32.944136393997,-60.65764406939",Calle,,ROSARIO,Rosario,Asfalto,No existe,II,Dentro,Urbana,Otra Señal,No existe,Recta,Bueno,Buena,Diurna,Buen Tiempo,"De alcance,Múltiple",S/D,Colisión,Ninguna,Horizontal,Cordón divisorio,Sin restricción
2021,1533,2021-04-06,Martes,09:25:00,,0.0,2,"Automóvil,Moto/Ciclomotor",Irigoyen Freyre Y Rivadavia,2,1,0,0,1,0,0,"-31.643751773044,-60.703458598972",Calle,,SANTA FE,La Capital,Asfalto,No existe,I,Dentro,Urbana,Otra Señal,Funciona,Intersección,Bueno,Buena,Diurna,Buen Tiempo,"De alcance,Múltiple",S/D,Colisión,Ninguna,"Horizontal,Vertical",Cordón divisorio,Sin restricción
2021,1534,2021-04-10,Sabado,11:20:00,,0.0,2,"Automóvil,Moto/Ciclomotor",Bv. Oroño 1203,2,1,0,0,1,0,0,"-32.948861238639,-60.65472043833",Avenida,,ROSARIO,Rosario,Asfalto,No existe,II,Dentro,Urbana,Otra Señal,Funciona,Recta,Bueno,Buena,Diurna,Buen Tiempo,"De alcance,Múltiple",S/D,Colisión,Ninguna,"Horizontal,Vertical",Cordón divisorio,Sin restricción
2021,1535,2021-04-10,Sabado,09:30:00,,0.0,2,"Taxi/Remis,Automóvil",Mendoza Y Mariano Moreno,5,2,0,0,3,0,0,"-32.949315332297,-60.651866619123",Calle,,ROSARIO,Rosario,Asfalto,No existe,II,Dentro,Urbana,Otra Señal,No existe,Intersección,Bueno,Buena,Diurna,Buen Tiempo,"De alcance,Múltiple",S/D,Colisión,Ninguna,Horizontal,Cordón divisorio,Sin restricción
2021,1537,2021-04-06,Martes,10:45:00,,0.0,2,"Bicicleta,Automóvil",San Martin Y Suipacha,2,1,0,0,1,0,0,"-31.640061338434,-60.704621996461",Calle,,SANTA FE,La Capital,Asfalto,No existe,I,Dentro,Urbana,Otra Señal,Funciona,Intersección,Bueno,Buena,Diurna,Buen Tiempo,"De alcance,Múltiple",Ciclista,Colisión,Ninguna,Faltante,Cordón divisorio,Sin restricción
2021,1540,2021-04-07,Miercoles,14:30:00,,0.0,2,"Automóvil,Moto/Ciclomotor",Bv Gálvez Y San Jerónimo,2,1,0,0,1,0,0,"-31.635182, -60.704632",Avenida,,SANTA FE,La Capital,Asfalto,No existe,I,Dentro,Urbana,Otra Señal,Funciona,Intersección,Bueno,Buena,Diurna,Buen Tiempo,"De alcance,Múltiple",S/D,Colisión,Ninguna,"Horizontal,Vertical",Cordón divisorio,Sin restricción
2021,1541,2021-05-03,Lunes,12:30:00,,0.0,2,"Bicicleta,Automóvil",San Martin Y Gaboto,3,1,0,0,2,0,0,"-32.97368, -60.6433",Avenida,,ROSARIO,Rosario,Asfalto,No existe,II,S/D,Urbana,Otra Señal,No existe,Intersección,Bueno,Buena,Diurna,Buen Tiempo,"De alcance,Múltiple",Ciclista,Colisión,Ninguna,Faltante,Cordón divisorio,Sin restricción
2021,1542,2021-04-08,Jueves,20:30:00,,0.0,2,"Taxi/Remis,Transporte de Pasajeros Urbano (> 8 asientos)",España Y Santa Fe,2,1,0,0,1,0,0,"-32.943562443563,-60.646177400864",Calle,,ROSARIO,Rosario,Asfalto,No existe,II,Dentro,Urbana,Otra Señal,Funciona,Intersección,Bueno,Buena,Diurna,Buen Tiempo,"De alcance,Múltiple",S/D,Colisión,Ninguna,"Horizontal,Vertical",Cordón divisorio,Sin restricción
2021,1543,2021-01-31,Domingo,00:00:00,,0.0,2,"Moto/Ciclomotor,Bicicleta",Av. San Martin ,2,1,0,0,1,0,0,"-32.78922, -60.72443",Avenida,,FRAY LUIS BELTRÁN,San Lorenzo,Hormigón,No existe,XVII,S/D,Urbana,Otra Señal,No existe,Intersección,S/D,Buena,Nocturna,S/D,"De alcance,Múltiple",Ciclista,Colisión,S/D,Faltante,Cordón divisorio,Sin restricción
2021,1544,2021-01-24,Domingo,14:30:00,Ruta Nacional 11,0.0,2,"Moto/Ciclomotor,Moto/Ciclomotor",Estrada ,3,3,0,0,0,0,0,"-32.79709, -60.7221",Ruta,11,FRAY LUIS BELTRÁN,San Lorenzo,Asfalto,Pavimento,XVII,Dentro,Urbana,Otra Señal,No existe,Intersección,Bueno,Buena,Nocturna,S/D,"De alcance,Múltiple",S/D,Colisión,S/D,Horizontal,Cordón divisorio,Sin restricción
2021,1545,2021-04-08,Jueves,13:00:00,,0.0,2,"Bicicleta,Otros",Av. Leandro Alem Y Tucumán,2,1,0,0,1,0,0,"-31.647570939738,-60.704299115771",Avenida,,SANTA FE,La Capital,Asfalto,No existe,I,Dentro,Urbana,Otra Señal,Funciona,Intersección,Bueno,Buena,Diurna,Buen Tiempo,"De alcance,Múltiple",Ciclista,Colisión,Ninguna,Vertical,Cordón divisorio,Sin restricción
2021,1546,2021-04-01,Jueves,06:40:00,,0.0,2,"Automóvil,Bicicleta",Av. Pellegrini Y Pueyrredón,2,1,0,0,1,0,0,"-32.9537671197,-60.660087784849",Avenida,,ROSARIO,Rosario,Asfalto,No existe,II,Dentro,Urbana,Otra Señal,No existe,Recta,Bueno,Buena,Diurna,Buen Tiempo,"De alcance,Múltiple",Ciclista,Colisión,Ninguna,"Horizontal,Vertical",Cordón divisorio,Sin restricción
2021,1547,2021-05-06,Jueves,11:30:00,,0.0,2,"Moto/Ciclomotor,Automóvil",Sarmiento Y Pte. Quintana,3,1,0,0,2,0,0,"-32.98252, -60.64727",Calle,,ROSARIO,Rosario,Asfalto,No existe,II,Dentro,Urbana,Otra Señal,No existe,Intersección,Bueno,Buena,Diurna,Buen Tiempo,"De alcance,Múltiple",S/D,Colisión,Ninguna,Faltante,Cordón divisorio,Sin restricción
2021,1548,2021-01-28,Jueves,15:10:00,,0.0,2,"Automóvil,Automóvil",Brasil Y Puerto Argentino,2,1,0,0,1,0,0,"-32.82067, -60.71067",Calle,,CAPITÁN BERMÚDEZ,San Lorenzo,Asfalto,Pavimento,XVII,Dentro,Urbana,Otra Señal,No existe,Cruce,Bueno,Buena,Atardecer,S/D,"De alcance,Múltiple",S/D,Colisión,Ninguna,Faltante,Cordón divisorio,Sin restricción
2021,1549,2021-04-14,Miercoles,18:30:00,,0.0,2,"Bicicleta,Automóvil",Dorrego Y 3 De Febrero,2,1,0,0,1,0,0,"-32.950788364481,-60.650830884511",Calle,,ROSARIO,Rosario,Asfalto,No existe,II,Dentro,Urbana,Otra Señal,No existe,Intersección,Bueno,Buena,Diurna,Buen Tiempo,"De alcance,Múltiple",Ciclista,Colisión,Ninguna,Vertical,Cordón divisorio,Sin restricción
2021,1550,2021-05-06,Jueves,12:15:00,,0.0,2,"Moto/Ciclomotor,Automóvil",Reg.11 de Infantería Y Pavón,2,1,0,0,1,0,0,"-32.9984, -60.63421",Calle,,ROSARIO,Rosario,Asfalto,No existe,II,S/D,Urbana,Otra Señal,No existe,Recta,Bueno,Buena,Diurna,Buen Tiempo,"De alcance,Múltiple",S/D,Colisión,Ninguna,Faltante,Cordón divisorio,Sin restricción
2021,1551,2021-04-02,Viernes,22:20:00,,0.0,2,"Moto/Ciclomotor,Automóvil",Rioja Y Sarmiento,2,1,0,0,1,0,0,"-32.947654747168,-60.638508700428",Calle,,ROSARIO,Rosario,Asfalto,No existe,II,Dentro,Urbana,Otra Señal,No existe,Intersección,Bueno,Buena,Nocturna,Buen Tiempo,"De alcance,Múltiple",S/D,Colisión,Ninguna,Horizontal,Cordón divisorio,Sin restricción
2021,1552,2021-01-30,Sabado,00:00:00,Ruta Nacional 11,0.0,2,"Automóvil,Moto/Ciclomotor",Ruta Nac 11 ,2,1,0,0,1,0,0,"-32.74775, -60.73402",Ruta,11,SAN LORENZO,San Lorenzo,Asfalto,Ripio,XVII,Dentro,Urbana,Otra Señal,S/D,Intersección,S/D,S/D,S/D,S/D,"De alcance,Múltiple",S/D,Colisión,Agua,S/D,Cordón divisorio,Sin restricción
2021,1554,2021-05-05,Miercoles,14:40:00,,0.0,2,"Moto/Ciclomotor,Automóvil",Laprida Y Reg.11 de Infantería,2,1,0,0,1,0,0,"-32.99876, -60.64712",Calle,,ROSARIO,Rosario,Asfalto,No existe,II,Dentro,Urbana,Otra Señal,No existe,Recta,Bueno,Buena,Diurna,Buen Tiempo,"De alcance,Múltiple",S/D,Colisión,Ninguna,Faltante,Cordón divisorio,Sin restricción
2021,1556,2021-04-08,Jueves,09:35:00,,0.0,2,"Automóvil,Automóvil",Primera Junta Y San Jerónimo,2,1,0,0,1,0,0,"-31.647606951946,-60.70838452599",Calle,,SANTA FE,La Capital,Asfalto,No existe,I,Dentro,Urbana,Otra Señal,No existe,Intersección,Bueno,Buena,Diurna,Buen Tiempo,"De alcance,Múltiple",S/D,Colisión,Ninguna,Horizontal,Cordón divisorio,Sin restricción
2021,1557,2021-04-17,Sabado,09:00:00,,0.0,2,"Moto/Ciclomotor,Automóvil",1 de Mayo Y Ocampo,2,1,0,0,1,0,0,"-32.967967764363,-60.634711569358",Calle,,ROSARIO,Rosario,Asfalto,No existe,II,Dentro,Urbana,Otra Señal,No existe,Intersección,Bueno,Buena,Diurna,Buen Tiempo,"De alcance,Múltiple",S/D,Colisión,Ninguna,Faltante,Cordón divisorio,Sin restricción
2021,1559,2021-04-08,Jueves,17:30:00,,0.0,2,"Automóvil,Moto/Ciclomotor",Av. Facundo Zuviria Y Pje Irala,2,1,0,0,1,0,0,"-31.631487279235,-60.704994781604",Avenida,,SANTA FE,La Capital,Asfalto,No existe,I,Dentro,Urbana,Otra Señal,No existe,Intersección,Bueno,Buena,Diurna,Buen Tiempo,"De alcance,Múltiple",S/D,Colisión,Ninguna,Faltante,Cordón divisorio,Sin restricción
2021,1560,2021-04-07,Miercoles,19:50:00,Ruta Nacional 9,0.0,2,"Automóvil,Bicicleta",Moreno Y Ruta Nacional 9,2,1,0,0,1,0,0,"-32.92165875434871,-60.809712409973",Ruta,9,FUNES,Rosario,Asfalto,Pavimento,II,Dentro,Urbana,Otra Señal,No existe,Recta,Bueno,Buena,Nocturna,Buen Tiempo,"De alcance,Múltiple",Ciclista,Colisión,Ninguna,Faltante,Cordón divisorio,Sin restricción
2021,1561,2021-04-17,Sabado,12:05:00,,0.0,2,"Moto/Ciclomotor,Automóvil",1 de Mayo Y San Juan,2,1,0,0,1,0,0,"-32.951779626682,-60.630688517376",Calle,,ROSARIO,Rosario,Asfalto,No existe,II,Dentro,Urbana,Otra Señal,No existe,Intersección,Bueno,Buena,Diurna,Buen Tiempo,"De alcance,Múltiple",S/D,Colisión,Ninguna,"Horizontal,Vertical",Cordón divisorio,Sin restricción
2021,1562,2021-04-07,Miercoles,09:55:00,,0.0,2,"Taxi/Remis,Pickup/Utilitario",Ituzaingó 1362,4,2,0,0,2,0,0,"-32.960062737449,-60.645425347665",Calle,,ROSARIO,Rosario,Asfalto,No existe,II,Dentro,Urbana,Otra Señal,No existe,Recta,Bueno,Buena,Diurna,Buen Tiempo,"De alcance,Múltiple",S/D,Colisión,Ninguna,Faltante,Cordón divisorio,Sin restricción
2021,1563,2021-04-12,Lunes,09:00:00,,0.0,2,"Moto/Ciclomotor,Pickup/Utilitario",9 de Julio Y Amenábar,2,1,0,0,1,0,0,"-31.658687907801,-60.712907414074",Calle,,SANTA FE,La Capital,Asfalto,No existe,I,Dentro,Urbana,Otra Señal,No existe,Intersección,Bueno,Buena,Diurna,Buen Tiempo,"De alcance,Múltiple",S/D,Colisión,Ninguna,Horizontal,Cordón divisorio,Sin restricción
2021,1564,2021-04-18,Domingo,19:15:00,,0.0,2,"Moto/Ciclomotor,Automóvil",Av. Pellegrini Y Crespo,4,2,0,0,2,0,0,"-32.951818121869,-60.670948896831",Avenida,,ROSARIO,Rosario,Asfalto,No existe,II,Dentro,Urbana,Otra Señal,Funciona,Intersección,Bueno,Buena,Atardecer,Buen Tiempo,"De alcance,Múltiple",S/D,Colisión,Ninguna,"Horizontal,Vertical",Cordón divisorio,Sin restricción
2021,1565,2021-04-09,Viernes,18:45:00,,0.0,2,"Automóvil,Automóvil",San Luis Y Sarmiento,2,1,0,0,1,0,0,"-32.949021130318,-60.638842769151",Calle,,ROSARIO,Rosario,Asfalto,No existe,II,Dentro,Urbana,Otra Señal,No existe,Intersección,Bueno,Buena,Diurna,Buen Tiempo,"De alcance,Múltiple",S/D,Colisión,Ninguna,Horizontal,Cordón divisorio,Sin restricción
2021,1566,2021-01-27,Miercoles,07:00:00,,0.0,2,"Moto/Ciclomotor,Automóvil",Juan M De Rosas Y Dr. Ghio,2,1,0,0,1,0,0,"-32.74956, -60.74118",Calle,,SAN LORENZO,San Lorenzo,S/D,S/D,XVII,S/D,S/D,Otra Señal,S/D,Intersección,S/D,S/D,Diurna,S/D,"De alcance,Múltiple",S/D,Colisión,S/D,S/D,Cordón divisorio,Sin restricción
2021,1567,2021-04-16,Viernes,07:50:00,,0.0,2,"Moto/Ciclomotor,Automóvil",4 de Enero Y Mendoza,2,1,0,0,1,0,0,"-31.647792424713,-60.712328756575",Calle,,SANTA FE,La Capital,Asfalto,No existe,I,Dentro,Urbana,Otra Señal,No existe,Intersección,Bueno,Buena,Diurna,Buen Tiempo,"De alcance,Múltiple",S/D,Colisión,Ninguna,Faltante,Cordón divisorio,Sin restricción
2021,1568,2021-01-25,Lunes,19:00:00,Autopista Provincial Brigadier E.LÓPEZ,16.0,2,"Automóvil,Camión Chasis", ,4,2,0,0,2,0,0,"-32.76028, -60.75399",Autopista,Brigadier E.LÓPEZ,SAN LORENZO,San Lorenzo,Asfalto,S/D,XVII,Dentro,Rural,Otra Señal,S/D,Recta,S/D,S/D,Atardecer,S/D,"De alcance,Múltiple",S/D,Colisión,S/D,S/D,Cordón divisorio,Sin restricción
2021,1569,2021-04-14,Miercoles,14:45:00,,0.0,2,"Automóvil,Automóvil",Av. Pellegrini Y Gutenberg,5,3,0,0,2,0,0,"-32.948529, -60.690045",Avenida,,ROSARIO,Rosario,Asfalto,No existe,II,Dentro,Urbana,Otra Señal,Funciona,Intersección,Bueno,Buena,Diurna,Buen Tiempo,"De alcance,Múltiple",S/D,Colisión,Ninguna,"Horizontal,Vertical",Cordón divisorio,Sin restricción
2021,1571,2021-01-27,Miercoles,21:45:00,,0.0,2,"Pickup/Utilitario,Moto/Ciclomotor",Bv C Pellegrini Y Gdor. Cabal,2,1,0,0,1,0,0,"-30.79359, -60.59508",Avenida,,SAN JUSTO,San Justo,Asfalto,No existe,XVI,Dentro,Urbana,Otra Señal,No existe,Intersección,Bueno,Buena,"Nocturna,Con luz artificial",Buen Tiempo,"De alcance,Múltiple",S/D,Colisión,Ninguna,S/D,Cordón divisorio,Sin restricción
2021,1572,2021-04-17,Sabado,14:35:00,,0.0,2,"Peatón,Moto/Ciclomotor",9 de Julio Y Santiago del Estero,2,1,0,0,1,0,0,"-31.637282170803,-60.706524795783",Calle,,SANTA FE,La Capital,Asfalto,No existe,I,Dentro,Urbana,Otra Señal,Funciona,Intersección,Bueno,Buena,Diurna,Buen Tiempo,"De alcance,Múltiple",Peatón,Colisión,Ninguna,"Horizontal,Vertical",Cordón divisorio,Sin restricción
2021,1573,2021-01-25,Lunes,22:10:00,,0.0,2,"Moto/Ciclomotor,Pickup/Utilitario",Zeballos Y Gob. Candioti,2,1,0,0,1,0,0,"-30.36043, -60.3978",Calle,,GOBERNADOR CRESPO,San Justo,Asfalto,Ripio,XVI,Dentro,Urbana,Otra Señal,S/D,Intersección,S/D,Buena,Nocturna,Buen Tiempo,"De alcance,Múltiple",S/D,Colisión,Agua,Faltante,Cordón divisorio,Sin restricción
2021,1574,2021-04-26,Lunes,13:15:00,,0.0,2,"Camión c / Acoplado,Pickup/Utilitario", ,3,2,0,0,1,0,0,"-30.228023529052738,-61.87817573547",Camino Rural,,VILLA TRINIDAD,San CRISTÓBAL,Tierra,No existe,XIII,Dentro,Rural,Otra Señal,No existe,Recta,Bueno,Reducida polvo,Diurna,Buen Tiempo,"De alcance,Múltiple",S/D,Colisión,Ninguna,Faltante,Cordón divisorio,Sin restricción
2021,1575,2021-04-18,Domingo,19:30:00,,0.0,2,"Automóvil,Automóvil", ,3,1,0,0,2,0,0,"-32.949644, -60.644762",Calle,,ROSARIO,Rosario,S/D,S/D,II,Dentro,Urbana,Otra Señal,S/D,S/D,S/D,S/D,Nocturna,S/D,"De alcance,Múltiple",S/D,Colisión,S/D,S/D,Cordón divisorio,Sin restricción
2021,1576,2021-04-22,Jueves,13:20:00,,0.0,2,"Bicicleta,Automóvil",9 de Julio Y Mendoza,2,1,0,0,1,0,0,"-31.648482664405,-60.709840745804",Calle,,SANTA FE,La Capital,Asfalto,No existe,I,Dentro,Urbana,Otra Señal,No existe,Intersección,Bueno,Buena,Diurna,Buen Tiempo,"De alcance,Múltiple",Ciclista,Colisión,Ninguna,Faltante,Cordón divisorio,Sin restricción
2021,1577,2021-04-27,Martes,17:45:00,,0.0,2,"Moto/Ciclomotor,Bicicleta",Bv. Oroño Y San Juan,2,2,0,0,0,0,0,"-32.947469036392,-60.654120073271",Avenida,,ROSARIO,Rosario,Asfalto,No existe,II,Dentro,Urbana,Otra Señal,Funciona,Intersección,Bueno,Buena,Diurna,Buen Tiempo,"De alcance,Múltiple",Ciclista,Colisión,Ninguna,"Horizontal,Vertical",Cordón divisorio,Sin restricción
2021,1579,2021-04-28,Miercoles,11:00:00,,0.0,2,"Automóvil,Bicicleta",Italia Y Rioja,2,1,0,0,1,0,0,"-32.945828150629,-60.648159497029",Calle,,ROSARIO,Rosario,Asfalto,No existe,II,Dentro,Urbana,Otra Señal,No existe,Intersección,Bueno,Buena,Diurna,Buen Tiempo,"De alcance,Múltiple",Ciclista,Colisión,Ninguna,Horizontal,Cordón divisorio,Sin restricción
2021,1580,2021-04-23,Viernes,20:10:00,,0.0,2,"Peatón,Automóvil",San Luis 2771,2,1,0,0,1,0,0,"-31.64430216207,-60.702466047482",Calle,,SANTA FE,La Capital,Asfalto,No existe,I,Dentro,Urbana,Otra Señal,No existe,Recta,Bueno,Buena,"Nocturna,Con luz artificial",Buen Tiempo,"De alcance,Múltiple",Peatón,Colisión,Ninguna,Faltante,Cordón divisorio,Sin restricción
2021,1581,2021-04-04,Domingo,05:20:00,,0.0,2,"Automóvil,Automóvil",Casilda Y Suiza,2,1,0,0,1,0,0,"-32.928412937012,-60.687551573651",Calle,,ROSARIO,Rosario,Asfalto,No existe,II,Dentro,Urbana,Otra Señal,No existe,Intersección,Bueno,Buena,Diurna,Buen Tiempo,"De alcance,Múltiple",S/D,Colisión,Ninguna,Faltante,Cordón divisorio,Sin restricción
2021,1582,2021-04-04,Domingo,15:40:00,,0.0,2,"Moto/Ciclomotor,Automóvil",Molina 1900,2,1,0,0,1,0,0,"-32.898348913254,-60.704473609176",Calle,,ROSARIO,Rosario,Asfalto,No existe,II,Dentro,Urbana,Otra Señal,No existe,Intersección,Bueno,Buena,Diurna,Buen Tiempo,"De alcance,Múltiple",S/D,Colisión,Ninguna,Horizontal,Cordón divisorio,Sin restricción
2021,1583,2021-04-27,Martes,22:50:00,,0.0,2,"Moto/Ciclomotor,Automóvil",Bv. Bouchard Y Pje. Caracas,2,1,0,0,1,0,0,"-32.89038940857,-60.733066513689",Avenida,,ROSARIO,Rosario,Asfalto,No existe,II,Dentro,Urbana,Otra Señal,S/D,Intersección,Bueno,S/D,Nocturna,S/D,"De alcance,Múltiple",S/D,Colisión,Ninguna,S/D,Cordón divisorio,Sin restricción
2021,1584,2021-04-27,Martes,06:55:00,,0.0,2,"Moto/Ciclomotor,Camión c / Acoplado",Albert Sabin Y J.J.Paso,2,1,0,0,1,0,0,"-32.919519220104,-60.689156288744",Avenida,,ROSARIO,Rosario,Asfalto,No existe,II,Dentro,Urbana,Otra Señal,Funciona,Intersección,Bueno,Buena,Diurna,Buen Tiempo,"De alcance,Múltiple",S/D,Colisión,Ninguna,"Horizontal,Vertical",Cordón divisorio,Sin restricción
2021,1585,2021-04-17,Sabado,19:50:00,,0.0,2,"Pickup/Utilitario,Moto/Ciclomotor",Bv. Bouchard Y Gazcon,2,1,0,0,1,0,0,"-32.890236073343,-60.727548317054",Avenida,,ROSARIO,Rosario,Asfalto,No existe,II,Dentro,Urbana,Otra Señal,No existe,Intersección,Bueno,Buena,Nocturna,S/D,"De alcance,Múltiple",S/D,Colisión,Ninguna,S/D,Cordón divisorio,Sin restricción
2021,1587,2021-04-27,Martes,23:00:00,,0.0,2,"Moto/Ciclomotor,Automóvil",Bv. J.Granel Y Nicolas Laguna,3,2,0,0,1,0,0,"-32.890186108052,-60.724008492015",Avenida,,ROSARIO,Rosario,Asfalto,No existe,II,Dentro,Urbana,Otra Señal,No existe,Intersección,Bueno,Buena,"Nocturna,Con luz artificial",Buen Tiempo,"De alcance,Múltiple",S/D,Colisión,Ninguna,Vertical,Cordón divisorio,Sin restricción
2021,1588,2021-05-06,Jueves,19:00:00,,0.0,3,"Vehículo Oficial,Automóvil,Automóvil",Italia Y Gaboto,3,1,0,0,2,0,0,"-32.97162, -60.65459",Calle,,ROSARIO,Rosario,Asfalto,No existe,II,Dentro,Urbana,Otra Señal,No existe,Intersección,Bueno,Buena,Atardecer,Buen Tiempo,"De alcance,Múltiple",S/D,Colisión,Ninguna,S/D,Cordón divisorio,Sin restricción
2021,1590,2021-05-07,Viernes,18:50:00,,0.0,2,"Moto/Ciclomotor,Automóvil",San Martin Y Av. Battle y Ordoñez,3,2,0,0,1,0,0,"-32.98137, -60.64461",S/D,,ROSARIO,Rosario,Asfalto,No existe,II,S/D,S/D,Otra Señal,No existe,Rotonda,Bueno,Buena,Atardecer,Buen Tiempo,"De alcance,Múltiple",S/D,Colisión,Ninguna,Faltante,Cordón divisorio,Sin restricción
2021,1591,2021-05-08,Sabado,09:15:00,,0.0,1,Moto/Ciclomotor,Humberto I Y F.More,1,1,0,0,0,0,0,"-32.92998, -60.69389",Calle,,ROSARIO,Rosario,Asfalto,No existe,II,S/D,Urbana,Otra Señal,No existe,Intersección,Con baches,Buena,Diurna,S/D,"De alcance,Múltiple",S/D,Colisión,S/D,Faltante,Cordón divisorio,Sin restricción
2021,1593,2021-01-29,Viernes,07:45:00,,0.0,2,"Moto/Ciclomotor,Automóvil",Francia Y Tucumán,2,1,0,0,1,0,0,"-32.9587, -60.69303",Calle,,SANTA FE,La Capital,Hormigón,No existe,I,Dentro,Urbana,Otra Señal,No existe,Intersección,Bueno,Buena,Diurna,Lluvia,"De alcance,Múltiple",S/D,Colisión,Agua,Faltante,Cordón divisorio,Sin restricción