anio_acci,nro_acci,fecha,desc_dia,hora_aprox,desc_ruta,km,cant_participantes,desc_participante,calle_avenida_km,total,heridos_leves,heridos_graves,heridos_gravisimos,ilesos,fallecidos,sin_datos,posicion_XY,desc_tipo_via,desc_ruta_ori,desc_loc,desc_dpto,desc_tipo_calzada,desc_tipo_banquina,desc_unidad_regional,desc_lugar_calzada,desc_zona,desc_prioridad,desc_estado_semaforo,desc_lugar_via,desc_estado_via,desc_estado_visibilidad,desc_luminosidad,desc_estado_clima,desc_tipo_colision,desc_tipo_atropello,desc_tipo_hecho,desc_pres_calzada,desc_senializacion,desc_separacion_via,desc_restriccion
2021,1659,2021-05-11,Martes,14:00:00,,0.0,2,"Peatón,Automóvil",Av. Arijon Y Mariano Moreno,2,1,0,0,1,0,0,"-33.00345, -60.66193",Avenida,,ROSARIO,Rosario,Asfalto,Ripio,II,S/D,Urbana,Otra Señal,Funciona,Intersección,Bueno,Buena,Diurna,Buen Tiempo,"De alcance,Múltiple",Peatón,Colisión,Ninguna,S/D,Cordón divisorio,Sin restricción
2021,1660,2021-05-10,Lunes,15:00:00,,0.0,2,"Taxi/Remis,Pickup/Utilitario",Hilarion de la Quintana Y Dorrego,2,1,0,0,1,0,0,"-33.0014, -60.66062",Calle,,ROSARIO,Rosario,Asfalto,No existe,II,Dentro,Urbana,Otra Señal,No existe,Intersección,Bueno,Buena,Diurna,Buen Tiempo,"De alcance,Múltiple",S/D,Colisión,Ninguna,Faltante,Cordón divisorio,Sin restricción
2021,1661,2021-03-01,Lunes,10:30:00,Autopista Nacional A008,0.0,2,"Automóvil,Automóvil",Av. de Circunvalación Y Nogues,2,1,0,0,1,0,0,"-33.01306, -60.61623",Autopista,A008,VILLA GOBERNADOR GÁLVEZ,Rosario,Asfalto,No existe,II,S/D,Urbana,Otra Señal,No existe,Recta,Bueno,Buena,Diurna,S/D,"De alcance,Múltiple",S/D,Colisión,Ninguna,Faltante,Cordón divisorio,Sin restricción
2021,1662,2021-05-06,Jueves,06:35:00,,0.0,2,"Taxi/Remis,Moto/Ciclomotor",Casilda Y Iguazú,2,1,0,0,1,0,0,"-32.92838, -60.68569",Calle,,ROSARIO,Rosario,Asfalto,No existe,II,Dentro,Urbana,Otra Señal,S/D,Intersección,Bueno,Buena,Amanecer,Buen Tiempo,"De alcance,Múltiple",S/D,Colisión,Ninguna,S/D,Cordón divisorio,Sin restricción
2021,1663,2021-05-04,Martes,12:50:00,,0.0,2,"Automóvil,Moto/Ciclomotor",Albert Sabin Y Casilda,3,2,0,0,1,0,0,"-32.92816, -60.67793",Avenida,,ROSARIO,Rosario,Asfalto,S/D,II,Dentro,Urbana,Otra Señal,S/D,Intersección,Bueno,S/D,S/D,Buen Tiempo,"De alcance,Múltiple",S/D,Colisión,Ninguna,Horizontal,Cordón divisorio,Sin restricción
2021,1664,2021-05-06,Jueves,13:50:00,,0.0,2,"Peatón,Moto/Ciclomotor",Santa Fe Y Entre Ríos,2,1,0,0,1,0,0,"-32.94454, -60.64055",Calle,,ROSARIO,Rosario,Asfalto,S/D,II,S/D,Urbana,Otra Señal,Funciona,Intersección,S/D,S/D,Diurna,S/D,"De alcance,Múltiple",Peatón,Colisión,S/D,Vertical,Cordón divisorio,Sin restricción
2021,1665,2021-05-05,Miercoles,19:20:00,,0.0,2,"Moto/Ciclomotor,Automóvil",Pte. Roca Y San Juan,2,1,0,0,1,0,0,"-32.94894, -60.64604",Calle,,ROSARIO,Rosario,Asfalto,S/D,II,S/D,Urbana,Otra Señal,S/D,Recta,S/D,S/D,Con luz artificial,S/D,"De alcance,Múltiple",S/D,Colisión,S/D,S/D,Cordón divisorio,Sin restricción
2021,1667,2021-03-13,Sabado,18:30:00,Autopista Nacional A008,0.0,2,"Moto/Ciclomotor,Moto/Ciclomotor",Av. Circunvalación Y San Martin,2,2,0,0,0,0,0,"-33.01576, -60.63486",Autopista,A008,ROSARIO,Rosario,Asfalto,No existe,II,Dentro,Urbana,Otra Señal,No existe,Intersección,Bueno,Buena,Diurna,Buen Tiempo,"De alcance,Múltiple",S/D,Colisión,Ninguna,Faltante,Cordón divisorio,Sin restricción
2021,1668,2021-05-03,Lunes,08:45:00,,0.0,2,"Bicicleta,Automóvil",Buenos Aires Y 3 De Febrero,2,1,0,0,1,0,0,"-32.95373, -60.63433",Calle,,ROSARIO,Rosario,Asfalto,Pavimento,II,S/D,Urbana,Otra Señal,S/D,Intersección,Bueno,S/D,Diurna,S/D,"De alcance,Múltiple",Ciclista,Colisión,S/D,S/D,Cordón divisorio,Sin restricción
2021,1669,2021-03-11,Jueves,18:15:00,,0.0,2,"Moto/Ciclomotor,Peatón",Av. Tte. Gral. Sánchez Y Ayolas,2,1,0,0,1,0,0,"-32.98049, -60.62505",Avenida,,ROSARIO,Rosario,Asfalto,No existe,II,Dentro,Urbana,Otra Señal,No existe,Cruce,Bueno,Buena,Atardecer,Buen Tiempo,"De alcance,Múltiple",Peatón,Colisión,Ninguna,Horizontal,Cordón divisorio,Sin restricción
2021,1670,2021-03-13,Sabado,19:00:00,Autopista Nacional A008,0.0,1,Automóvil,Av. Circunvalación ,3,3,0,0,0,0,0,"-32.9349, -60.72274",Autopista,A008,ROSARIO,Rosario,Asfalto,S/D,II,S/D,Urbana,Otra Señal,No existe,Recta,Bueno,Buena,Diurna,Buen Tiempo,"De alcance,Múltiple",S/D,Colisión,S/D,S/D,Cordón divisorio,Sin restricción
2021,1671,2021-05-14,Viernes,09:00:00,Autopista Nacional A008,0.0,2,"Bicicleta,Automóvil",Av. Circunvalación Y Rivarola,2,1,0,0,1,0,0,"-32.96605, -60.71921",Autopista,A008,ROSARIO,Rosario,Asfalto,No existe,II,Dentro,Urbana,Otra Señal,No existe,Recta,Otro,Buena,Diurna,Buen Tiempo,"De alcance,Múltiple",Ciclista,Colisión,Ninguna,Faltante,Cordón divisorio,Sin restricción
2021,1672,2021-05-07,Viernes,12:50:00,,0.0,2,"Moto/Ciclomotor,Pickup/Utilitario",Sarmiento Y Virasoro,2,1,0,0,1,0,0,"-32.96992, -60.6441",Calle,,ROSARIO,Rosario,Asfalto,No existe,II,Dentro,Urbana,Otra Señal,No existe,Curva,Bueno,Buena,Diurna,Buen Tiempo,"De alcance,Múltiple",S/D,Colisión,Ninguna,Vertical,Cordón divisorio,Sin restricción
2021,1673,2021-05-14,Viernes,23:30:00,,0.0,2,"Moto/Ciclomotor,Automóvil",Dr. Rivas Y Necochea,2,1,0,0,1,0,0,"-32.98616, -60.63358",Calle,,ROSARIO,Rosario,Asfalto,S/D,II,S/D,Urbana,Otra Señal,S/D,Intersección,S/D,S/D,S/D,S/D,"De alcance,Múltiple",S/D,Colisión,S/D,S/D,Cordón divisorio,Sin restricción
2021,1674,2021-05-11,Martes,05:30:00,,0.0,2,"Moto/Ciclomotor,Automóvil",Gaboto Y Pje. Santafesino,2,1,0,0,1,0,0,"-32.97642, -60.62764",Calle,,ROSARIO,Rosario,Asfalto,S/D,II,S/D,Urbana,Otra Señal,S/D,Intersección,S/D,S/D,S/D,S/D,"De alcance,Múltiple",S/D,Colisión,S/D,S/D,Cordón divisorio,Sin restricción
2021,1675,2021-05-14,Viernes,18:25:00,,0.0,1,Moto/Ciclomotor,Necochea 3700,2,2,0,0,0,0,0,"-32.9827, -60.6327",Calle,,ROSARIO,Rosario,Asfalto,S/D,II,S/D,Urbana,Otra Señal,S/D,Recta,S/D,S/D,S/D,S/D,"De alcance,Múltiple",S/D,Colisión,S/D,S/D,Cordón divisorio,Sin restricción
2021,1676,2021-05-12,Miercoles,16:15:00,,0.0,2,"Moto/Ciclomotor,Automóvil",Av. Arijon Y Buenos Aires,3,1,0,0,2,0,0,"-33.00293, -60.64489",Calle,,ROSARIO,Rosario,Asfalto,No existe,II,Dentro,Urbana,Otra Señal,No existe,Intersección,Bueno,Buena,Diurna,Buen Tiempo,"De alcance,Múltiple",S/D,Colisión,Ninguna,S/D,Cordón divisorio,Sin restricción
2021,1677,2021-05-05,Miercoles,20:00:00,,0.0,2,"Moto/Ciclomotor,Taxi/Remis",Rueda Y Paraguay,2,1,0,0,1,0,0,"-32.97011, -60.64994",Calle,,ROSARIO,Rosario,Asfalto,No existe,II,Dentro,Urbana,Otra Señal,No existe,Intersección,Resbaladiza,Reducida,Nocturna,S/D,"De alcance,Múltiple",S/D,Colisión,Fluidos,Vertical,Cordón divisorio,Sin restricción
2021,1678,2021-05-05,Miercoles,18:30:00,,0.0,2,"Automóvil,Moto/Ciclomotor",Reg. 12 de Infantería Y Lamadrid,2,2,0,0,0,0,0,"-31.59362, -60.71297",Calle,,SANTA FE,La Capital,Asfalto,No existe,I,Dentro,Urbana,Otra Señal,Funciona,Intersección,Bueno,Buena,Diurna,Buen Tiempo,"De alcance,Múltiple",S/D,Colisión,Ninguna,S/D,Cordón divisorio,Sin restricción
2021,1679,2021-05-10,Lunes,16:00:00,,0.0,2,"Moto/Ciclomotor,Automóvil",Saavedra Y Italia,3,2,0,0,1,0,0,"-32.97622, -60.65581",Calle,,ROSARIO,Rosario,Asfalto,No existe,II,Dentro,Urbana,Otra Señal,No existe,Intersección,Bueno,Buena,Diurna,Buen Tiempo,"De alcance,Múltiple",S/D,Colisión,Ninguna,S/D,Cordón divisorio,Sin restricción
2021,1680,2021-05-03,Lunes,19:00:00,,0.0,2,"Automóvil,Moto/Ciclomotor",Juan de Garay Y Av. Gral. San Martin,2,1,0,0,1,0,0,"-31.65253, -60.70837",Avenida,,GOBERNADOR CRESPO,San Justo,Asfalto,Ripio,XVI,S/D,Urbana,Otra Señal,No existe,Intersección,Bueno,Buena,Con luz artificial,Buen Tiempo,"De alcance,Múltiple",S/D,Colisión,Ninguna,Faltante,Cordón divisorio,Sin restricción
2021,1681,2021-05-15,Sabado,16:00:00,,0.0,2,"Moto/Ciclomotor,Automóvil",Av. Bermúdez 5900,2,1,0,0,1,0,0,"-33.00508, -60.64246",Avenida,,ROSARIO,Rosario,Asfalto,No existe,II,S/D,Urbana,Otra Señal,No existe,Recta,Bueno,Buena,Diurna,Buen Tiempo,"De alcance,Múltiple",S/D,Colisión,Ninguna,Faltante,Cordón divisorio,Sin restricción
2021,1682,2021-05-01,Sabado,08:15:00,,0.0,2,"Pickup/Utilitario,Moto/Ciclomotor",A Belotti Y 9 de Julio,2,1,0,0,1,0,0,"-30.79068, -60.57907",Calle,,SAN JUSTO,San Justo,Asfalto,No existe,XVI,Dentro,Urbana,Otra Señal,No existe,Intersección,Bueno,Buena,Diurna,Buen Tiempo,"De alcance,Múltiple",S/D,Colisión,Ninguna,Faltante,Cordón divisorio,Sin restricción
2021,1683,2021-05-14,Viernes,06:00:00,,0.0,2,"Moto/Ciclomotor,Taxi/Remis",Grandoli Y Pje. Spiro Bis,2,1,0,0,1,0,0,"-32.98534, -60.62813",Calle,,ROSARIO,Rosario,Asfalto,No existe,II,Dentro,Urbana,Otra Señal,No existe,Recta,Bueno,Buena,Con luz artificial,Buen Tiempo,"De alcance,Múltiple",S/D,Colisión,Ninguna,Faltante,Cordón divisorio,Sin restricción
2021,1685,2021-05-15,Sabado,19:30:00,,0.0,2,"Bicicleta,Automóvil",Av. Castro Barros Y Av. Ntra.Sra.del Rosario,2,1,0,0,1,0,0,"-32.99928, -60.62957",Avenida,,ROSARIO,Rosario,Asfalto,No existe,II,Dentro,Urbana,Otra Señal,Funciona,Intersección,Bueno,Buena,Diurna,Buen Tiempo,"De alcance,Múltiple",Ciclista,Colisión,Ninguna,Faltante,Cordón divisorio,Sin restricción
2021,1686,2021-05-14,Viernes,16:40:00,Ruta Provincial 2,0.0,2,"Automóvil,Moto/Ciclomotor",Ruta pcial 2 Av. San Martin Y Rio Negro,3,2,0,0,1,0,0,"-31.52049, -60.68226",Ruta,2,MONTE VERA,La Capital,Asfalto,Ripio,I,S/D,Urbana,Otra Señal,Funciona,Intersección,Bueno,Buena,Diurna,Buen Tiempo,"De alcance,Múltiple",S/D,Colisión,Ninguna,Vertical,Cordón divisorio,Sin restricción
2021,1687,2021-05-03,Lunes,11:30:00,,0.0,2,"Bicicleta,Pickup/Utilitario",R E De San Martin Y Gdor. Cabal,2,1,0,0,1,0,0,"-30.78582, -60.5933",Calle,,SAN JUSTO,San Justo,Hormigón,No existe,XVI,Dentro,Urbana,Otra Señal,No existe,Intersección,Bueno,Buena,Diurna,Buen Tiempo,"De alcance,Múltiple",Ciclista,Colisión,Ninguna,Faltante,Cordón divisorio,Sin restricción
2021,1688,2021-05-03,Lunes,10:50:00,,0.0,1,Moto/Ciclomotor,Cno San Roque 2100,1,1,0,0,0,0,0,"-30.784, -60.58505",Calle,,SAN JUSTO,San Justo,Hormigón,No existe,XVI,Dentro,Urbana,Otra Señal,No existe,Recta,Bueno,Buena,Diurna,Buen Tiempo,"De alcance,Múltiple",S/D,Colisión,Ninguna,Faltante,Cordón divisorio,Sin restricción
2021,1689,2021-05-02,Domingo,08:00:00,Ruta Nacional 11,0.0,2,"Bicicleta,Pickup/Utilitario", ,3,1,0,0,2,0,0,"-31.51426, -60.7261",Ruta,11,RECREO,La Capital,Tierra,Natural,I,Fuera,Urbana,Otra Señal,No existe,Recta,Con baches,Buena,Diurna,Buen Tiempo,"De alcance,Múltiple",Ciclista,Colisión,Ninguna,Horizontal,Cordón divisorio,Sin restricción
2021,1690,2021-05-01,Sabado,03:00:00,,0.0,1,Automóvil, ,1,1,0,0,0,0,0,"-31.51842, -60.6781",Avenida,,MONTE VERA,La Capital,Asfalto,Natural,I,Fuera,Urbana,Otra Señal,No existe,Recta,Bueno,Buena,Nocturna,Buen Tiempo,"De alcance,Múltiple",S/D,Colisión,Ninguna,Horizontal,Cordón divisorio,Sin restricción
2021,1691,2021-05-01,Sabado,13:20:00,,0.0,1,Moto/Ciclomotor,Dr. E Puccio 5655,1,1,0,0,0,0,0,"-31.51941, -60.67791",Calle,,MONTE VERA,La Capital,Ripio,No existe,I,Dentro,Urbana,Otra Señal,No existe,Recta,Bueno,Buena,Diurna,Buen Tiempo,"De alcance,Múltiple",S/D,Colisión,Ninguna,Faltante,Cordón divisorio,Sin restricción
2021,1692,2021-05-06,Jueves,19:00:00,,0.0,2,"Moto/Ciclomotor,Pickup/Utilitario",Calle 60 ,2,1,0,0,1,0,0,"-31.55565, -60.52122",Calle,,ARROYO LEYES,La Capital,Arena,No existe,I,Dentro,Urbana,Otra Señal,No existe,Otro,Otro,Buena,Atardecer,Buen Tiempo,"De alcance,Múltiple",S/D,Colisión,Ninguna,Faltante,Cordón divisorio,Sin restricción
2021,1693,2021-05-02,Domingo,,Ruta Provincial 1,0.0,2,"Moto/Ciclomotor,Peatón", ,2,1,0,0,1,0,0,"-31.60522, -60.57664",Ruta,1,SAN JOSÉ DEL RINCÓN,La Capital,Asfalto,No existe,I,Dentro,Urbana,Otra Señal,No existe,Recta,Bueno,Buena,Diurna,Buen Tiempo,"De alcance,Múltiple",Peatón,Colisión,Ninguna,Faltante,Cordón divisorio,Sin restricción
2021,1694,2021-05-02,Domingo,18:25:00,,0.0,2,"Automóvil,Moto/Ciclomotor",Lisandro de La Torre Y Avenida Nuestra Señora del Luj,2,1,0,0,1,0,0,"-31.67863, -60.77342",Calle,,SANTO TOMÉ,La Capital,Asfalto,Pavimento,I,S/D,Urbana,Otra Señal,Funciona,Intersección,Bueno,Buena,Atardecer,Buen Tiempo,"De alcance,Múltiple",S/D,Colisión,Ninguna,S/D,Cordón divisorio,Sin restricción
2021,1695,2021-05-06,Jueves,10:00:00,,0.0,2,"Moto/Ciclomotor,Automóvil",Simón de Iriondo Y Santiago Del Estero,2,1,0,0,1,0,0,"-31.67635, -60.76085",Calle,,SANTO TOMÉ,La Capital,Asfalto,Pavimento,I,Dentro,Urbana,Otra Señal,Funciona,Intersección,Bueno,Buena,Diurna,Buen Tiempo,"De alcance,Múltiple",S/D,Colisión,Ninguna,Vertical,Cordón divisorio,Sin restricción
2021,1696,2021-05-07,Viernes,15:30:00,,0.0,2,"Moto/Ciclomotor,Pickup/Utilitario",Mariano Candioti ,2,1,0,0,1,0,0,"-31.68464, -60.7579",Calle,,SANTO TOMÉ,La Capital,Asfalto,S/D,I,Dentro,Urbana,Otra Señal,No existe,Intersección,Bueno,Buena,Diurna,Buen Tiempo,"De alcance,Múltiple",S/D,Colisión,Ninguna,Faltante,Cordón divisorio,Sin restricción
2021,1697,2021-05-01,Sabado,12:20:00,,0.0,2,"Moto/Ciclomotor,Automóvil",Ruta 11 Avenida Richieri 3500,3,2,0,0,1,0,0,"-31.68534, -60.78476",Avenida,,SANTO TOMÉ,La Capital,Asfalto,Natural,I,Dentro,Urbana,Otra Señal,No existe,Recta,Bueno,Buena,Diurna,Buen Tiempo,"De alcance,Múltiple",S/D,Colisión,Ninguna,Faltante,Cordón divisorio,Sin restricción
2021,1698,2021-05-10,Lunes,18:45:00,,0.0,2,"Moto/Ciclomotor,Otros",Martin Zapata Y Pedro Alejandro Vittori,3,1,0,0,0,0,2,"-31.62023, -60.6978",Calle,,SANTA FE,La Capital,Asfalto,No existe,I,S/D,Urbana,Otra Señal,No existe,Intersección,Bueno,Buena,Diurna,Buen Tiempo,"De alcance,Múltiple",S/D,Colisión,Ninguna,S/D,Cordón divisorio,Sin restricción
2021,1699,2021-05-14,Viernes,18:45:00,Ruta Provincial 1,0.0,2,"Automóvil,Moto/Ciclomotor", ,2,1,0,0,1,0,0,"-31.62224, -60.59724",Ruta,1,COLASTINE,La Capital,Asfalto,Pavimento,I,Dentro,Urbana,Otra Señal,Funciona,Recta,Bueno,Reducida,Atardecer,Buen Tiempo,"De alcance,Múltiple",S/D,Colisión,Ninguna,Vertical,Cordón divisorio,Sin restricción
2021,1700,2021-05-06,Jueves,13:00:00,,0.0,2,"Moto/Ciclomotor,Automóvil",Juan de Garay ,3,1,0,0,2,0,0,"-31.49898, -60.72994",S/D,,RECREO,La Capital,S/D,Ripio,I,S/D,Urbana,Otra Señal,No existe,S/D,S/D,Buena,Con luz artificial,Buen Tiempo,"De alcance,Múltiple",S/D,Colisión,S/D,S/D,Cordón divisorio,Sin restricción
2021,1701,2021-05-12,Miercoles,14:25:00,Ruta Nacional 168,745.0,2,"Automóvil,Otros", ,2,1,0,0,0,0,1,"-31.63889, -60.62842",Ruta,168,LA GUARDIA,La Capital,Hormigón,No existe,I,Dentro,Urbana,Otra Señal,No existe,Recta,Bueno,Buena,Diurna,Buen Tiempo,"De alcance,Múltiple",S/D,Colisión,Ninguna,Faltante,Cordón divisorio,Sin restricción
2021,1702,2021-05-05,Miercoles,19:30:00,,0.0,2,"Pickup/Utilitario,Moto/Ciclomotor",Las Heras Y Derqui,3,2,0,0,1,0,0,"-31.61764, -60.69194",Calle,,SANTA FE,La Capital,Asfalto,No existe,I,Dentro,Urbana,Otra Señal,No existe,Intersección,Bueno,Reducida,Atardecer,Buen Tiempo,"De alcance,Múltiple",S/D,Colisión,Ninguna,S/D,Cordón divisorio,Sin restricción
2021,1703,2021-05-14,Viernes,17:40:00,,0.0,2,"Pickup/Utilitario,Moto/Ciclomotor",De Los Lapachos Y De los Duendes,2,1,0,0,1,0,0,"-31.60981, -60.58745",Calle,,SAN JOSÉ DEL RINCÓN,La Capital,Arena,Natural,I,Dentro,Urbana,Otra Señal,No existe,Recta,Bueno,Buena,Diurna,Buen Tiempo,"De alcance,Múltiple",S/D,Colisión,Ninguna,S/D,Cordón divisorio,Sin restricción
2021,1704,2021-05-06,Jueves,16:00:00,,0.0,2,"Automóvil,Moto/Ciclomotor",Avellaneda Y J Castelli,2,1,0,0,1,0,0,"-31.60969, -60.67938",Calle,,SANTA FE,La Capital,Asfalto,No existe,I,Dentro,Urbana,Otra Señal,No existe,Intersección,Bueno,Buena,Diurna,Buen Tiempo,"De alcance,Múltiple",S/D,Colisión,Ninguna,S/D,Cordón divisorio,Sin restricción
2021,1705,2021-05-14,Viernes,09:00:00,,0.0,2,"Moto/Ciclomotor,Automóvil",Balcarce Y General Manuel Belgrano,3,1,0,0,2,0,0,"-31.67767, -60.76341",Calle,,SANTO TOMÉ,La Capital,Asfalto,S/D,I,Dentro,Urbana,Otra Señal,S/D,Intersección,Bueno,Buena,Diurna,Buen Tiempo,"De alcance,Múltiple",S/D,Colisión,Ninguna,Vertical,Cordón divisorio,Sin restricción
2021,1706,2021-01-26,Martes,11:45:00,,0.0,2,"Moto/Ciclomotor,Pickup/Utilitario",Av. López y Planes Y Juan Del Campillo,2,1,0,0,1,0,0,"-31.62768, -60.71374",Avenida,,SANTA FE,La Capital,Asfalto,No existe,I,Dentro,Urbana,Otra Señal,No existe,Intersección,Bueno,Buena,Diurna,Buen Tiempo,"De alcance,Múltiple",S/D,Colisión,Ninguna,Vertical,Cordón divisorio,Sin restricción
2021,1707,2021-01-27,Miercoles,15:10:00,,0.0,2,"Moto/Ciclomotor,Automóvil",Av. Blas Parera Y Martin Zapata,3,2,0,0,1,0,0,"-31.6198, -60.69998",Avenida,,SANTA FE,La Capital,Asfalto,No existe,I,Dentro,Urbana,Otra Señal,No existe,Intersección,Bueno,Buena,Diurna,Buen Tiempo,"De alcance,Múltiple",S/D,Colisión,Ninguna,Vertical,Cordón divisorio,Sin restricción
2021,1708,2021-05-14,Viernes,13:20:00,,0.0,2,"Moto/Ciclomotor,Automóvil",Balcarce Y Hipólito Irigoyen,2,1,0,0,1,0,0,"-31.67733, -60.76552",Calle,,SANTO TOMÉ,La Capital,Asfalto,No existe,I,Dentro,Urbana,Otra Señal,Funciona,Intersección,Bueno,Buena,Diurna,Buen Tiempo,"De alcance,Múltiple",S/D,Colisión,Ninguna,Vertical,Cordón divisorio,Sin restricción
2021,1709,2021-05-04,Martes,19:30:00,,0.0,2,"Automóvil,Bicicleta",Padilla Y Necochea,3,2,0,0,1,0,0,"-31.62379, -60.6904",Calle,,SANTA FE,La Capital,Asfalto,No existe,I,Dentro,Urbana,Otra Señal,No existe,Intersección,Bueno,Reducida,Atardecer,Buen Tiempo,"De alcance,Múltiple",Ciclista,Colisión,Ninguna,S/D,Cordón divisorio,Sin restricción
2021,1711,2021-01-24,Domingo,02:30:00,,0.0,1,Moto/Ciclomotor,Av. López y Planes 4100,2,2,0,0,0,0,0,"-31.6198, -60.69998",Avenida,,SANTA FE,La Capital,Asfalto,No existe,I,Dentro,Urbana,Otra Señal,No existe,Recta,Bueno,Buena,Diurna,Buen Tiempo,"De alcance,Múltiple",S/D,Colisión,Ninguna,Horizontal,Cordón divisorio,Sin restricción
2021,1712,2021-01-16,Sabado,21:20:00,,0.0,2,"Moto/Ciclomotor,Automóvil",Av. Eva Perón Y Valparaíso,2,1,0,0,1,0,0,"-32.93858, -60.68186",Calle,,ROSARIO,Rosario,Asfalto,No existe,II,S/D,Urbana,Otra Señal,No existe,Intersección,Bueno,Buena,Nocturna,Buen Tiempo,"De alcance,Múltiple",S/D,Colisión,Ninguna,Faltante,Cordón divisorio,Sin restricción
2021,1715,2021-05-03,Lunes,03:00:00,,0.0,1,Moto/Ciclomotor,Av. A del Valle 9300,1,1,0,0,0,0,0,"-31.58206, -60.68955",S/D,,SANTA FE,La Capital,Asfalto,Pavimento,I,S/D,S/D,Otra Señal,No existe,Recta,Con baches,Reducida p/ objetos,Nocturna,Buen Tiempo,"De alcance,Múltiple",S/D,Colisión,"Material Suelto,Otro",Horizontal,Cordón divisorio,Sin restricción
2021,1716,2021-01-26,Martes,23:15:00,,0.0,2,"Bicicleta,Moto/Ciclomotor",Camino de los Granaderos ,2,1,0,0,1,0,0,"-32.95883, -60.693",Calle,,ROSARIO,Rosario,S/D,S/D,II,Dentro,Urbana,Otra Señal,S/D,Intersección,S/D,S/D,Nocturna,S/D,"De alcance,Múltiple",Ciclista,Colisión,S/D,S/D,Cordón divisorio,Sin restricción
2021,1717,2021-01-16,Sabado,16:40:00,,0.0,2,"Bicicleta,Transporte de Pasajeros Urbano (> 8 asientos)",San Lorenzo Y Dorrego,2,1,0,0,1,0,0,"-32.94217, -60.64863",Calle,,ROSARIO,Rosario,Asfalto,No existe,II,Dentro,Urbana,Otra Señal,No existe,Intersección,Bueno,Buena,Diurna,Buen Tiempo,"De alcance,Múltiple",Ciclista,Colisión,Ninguna,Vertical,Cordón divisorio,Sin restricción
2021,1718,2021-05-15,Sabado,10:20:00,,0.0,2,"Moto/Ciclomotor,Automóvil",Mariano Moreno Y Vicente López y Planes,2,1,0,0,1,0,0,"-31.67833,-60.76921",Calle,,SANTO TOMÉ,La Capital,Asfalto,No existe,I,Dentro,Urbana,Otra Señal,No existe,Intersección,Bueno,Buena,Diurna,Buen Tiempo,"De alcance,Múltiple",S/D,Colisión,Ninguna,Vertical,Cordón divisorio,Sin restricción
2021,1719,2021-05-02,Domingo,12:20:00,,0.0,2,"Moto/Ciclomotor,Moto/Ciclomotor",Av. Urquiza Y Leumann,2,1,0,0,1,0,0,"-31.61679, -60.70477",Calle,,SANTA FE,La Capital,Asfalto,S/D,I,S/D,Urbana,Otra Señal,S/D,Recta,Bueno,S/D,S/D,S/D,"De alcance,Múltiple",S/D,Colisión,Ninguna,Faltante,Cordón divisorio,Sin restricción
2021,1720,2021-01-16,Sabado,00:20:00,Autopista Nacional A008,21.0,2,"Bicicleta,Automóvil",Av. Circunvalación ,2,1,0,0,1,0,0,"-33.01645, -60.65237",Autopista,A008,ROSARIO,Rosario,Asfalto,Natural,II,Dentro,Urbana,Otra Señal,No existe,Recta,Bueno,Buena,"Nocturna,Con luz artificial",Buen Tiempo,"De alcance,Múltiple",Ciclista,Colisión,Ninguna,Vertical,Cordón divisorio,Sin restricción
2021,1721,2021-01-24,Domingo,,Autopista Nacional Rosario -Cordoba,303.0,2,"Pickup/Utilitario,Automóvil", ,5,2,0,0,3,0,0,"-32.94076, -60.81422",Autopista,Rosario -Cordoba,ROSARIO,Rosario,Asfalto,Natural,II,S/D,Rural,Otra Señal,No existe,Recta,Bueno,Buena,Diurna,Buen Tiempo,"De alcance,Múltiple",S/D,Colisión,Ninguna,Faltante,Cordón divisorio,Sin restricción
2021,1722,2021-05-07,Viernes,13:45:00,,0.0,2,"Pickup/Utilitario,Moto/Ciclomotor",Av. López y Planes Y Cándido Pujato,2,1,0,0,1,0,0,"-31.63158, -60.71394",Avenida,,SANTA FE,La Capital,Asfalto,No existe,I,Dentro,Urbana,Otra Señal,No existe,Intersección,Bueno,Buena,Diurna,Buen Tiempo,"De alcance,Múltiple",S/D,Colisión,Ninguna,Vertical,Cordón divisorio,Sin restricción
2021,1723,2021-01-16,Sabado,21:15:00,Ruta Secundaria 18-s,1.0,2,"Moto/Ciclomotor,Automóvil", ,3,1,0,0,2,0,0,"-32.7097, -60.77755",Ruta,18-s,PUERTO SAN MARTÍN,San Lorenzo,Asfalto,Natural,XVII,Dentro,Urbana,Otra Señal,No existe,Intersección,Bueno,Buena,Nocturna,Buen Tiempo,"De alcance,Múltiple",S/D,Colisión,Ninguna,Faltante,Cordón divisorio,Sin restricción
2021,1724,2021-05-04,Martes,09:40:00,,0.0,2,"Automóvil,Moto/Ciclomotor",Junín Y Francia,2,1,0,0,1,0,0,"-31.63718, -60.71216",Calle,,SANTA FE,La Capital,Asfalto,No existe,I,Dentro,Urbana,Otra Señal,No existe,Intersección,Bueno,Buena,Diurna,S/D,"De alcance,Múltiple",S/D,Colisión,Ninguna,Horizontal,Cordón divisorio,Sin restricción
2021,1725,2021-01-16,Sabado,22:30:00,,0.0,1,Moto/Ciclomotor,Buenos Aires Y Belgrano,1,1,0,0,0,0,0,"-32.71227, -60.73407",Calle,,PUERTO SAN MARTÍN,San Lorenzo,Asfalto,S/D,XVII,Dentro,Urbana,Otra Señal,No existe,Intersección,Bueno,Buena,Nocturna,Buen Tiempo,"De alcance,Múltiple",S/D,Colisión,S/D,Faltante,Cordón divisorio,Sin restricción