anio_acci,nro_acci,fecha,desc_dia,hora_aprox,desc_ruta,km,cant_participantes,desc_participante,calle_avenida_km,total,heridos_leves,heridos_graves,heridos_gravisimos,ilesos,fallecidos,sin_datos,posicion_XY,desc_tipo_via,desc_ruta_ori,desc_loc,desc_dpto,desc_tipo_calzada,desc_tipo_banquina,desc_unidad_regional,desc_lugar_calzada,desc_zona,desc_prioridad,desc_estado_semaforo,desc_lugar_via,desc_estado_via,desc_estado_visibilidad,desc_luminosidad,desc_estado_clima,desc_tipo_colision,desc_tipo_atropello,desc_tipo_hecho,desc_pres_calzada,desc_senializacion,desc_separacion_via,desc_restriccion
2021,1726,2021-05-06,Jueves,,,0.0,2,"Automóvil,Pickup/Utilitario",Av. Freyre Y Junín,4,2,0,0,2,0,0,"-31.63634, -60.71588",Avenida,,SANTA FE,La Capital,Asfalto,No existe,I,Dentro,Urbana,Otra Señal,S/D,Intersección,Bueno,Buena,Diurna,Buen Tiempo,"De alcance,Múltiple",S/D,Colisión,Ninguna,Vertical,Cordón divisorio,Sin restricción
2021,1727,2021-01-16,Sabado,00:50:00,,0.0,2,"Automóvil,Moto/Ciclomotor",Rivadavia Y Avellaneda,5,3,0,0,2,0,0,"-32.78516, -60.72665",Calle,,FRAY LUIS BELTRÁN,San Lorenzo,Asfalto,No existe,XVII,S/D,Urbana,Otra Señal,No existe,Intersección,Con baches,S/D,Nocturna,S/D,"De alcance,Múltiple",S/D,Colisión,S/D,S/D,Cordón divisorio,Sin restricción
2021,1728,2021-05-15,Sabado,00:30:00,Ruta Nacional 11,0.0,2,"Moto/Ciclomotor,Automóvil",Sam Juan Y Ruta Nacional 11,4,1,0,0,3,0,0,"-31.54312, -60.72395",Ruta,11,RECREO,La Capital,Asfalto,Ripio,I,S/D,Urbana,Otra Señal,No existe,Recta,Bueno,Reducida,Diurna,Buen Tiempo,"De alcance,Múltiple",S/D,Colisión,Ninguna,Faltante,Cordón divisorio,Sin restricción
2021,1729,2021-05-04,Martes,20:35:00,,0.0,2,"Automóvil,Moto/Ciclomotor",Lamadrid Y Primera Junta,2,1,0,0,1,0,0,"-31.64267, -60.72761",Calle,,SANTA FE,La Capital,Asfalto,No existe,I,Dentro,Urbana,Otra Señal,No existe,Intersección,Bueno,Buena,Nocturna,Buen Tiempo,"De alcance,Múltiple",S/D,Colisión,Agua,S/D,Cordón divisorio,Sin restricción
2021,1730,2021-01-25,Lunes,20:30:00,,0.0,2,"Moto/Ciclomotor,Automóvil",Maipú ,2,1,0,0,1,0,0,"-32.95883, -60.693",Calle,,ROSARIO,Rosario,Asfalto,No existe,II,Dentro,Urbana,Otra Señal,No existe,Recta,Bueno,Buena,"Nocturna,Con luz artificial",Buen Tiempo,"De alcance,Múltiple",S/D,Colisión,Ninguna,Faltante,Cordón divisorio,Sin restricción
2021,1731,2021-05-03,Lunes,21:00:00,,0.0,2,"Pickup/Utilitario,Moto/Ciclomotor",Av. Freyre Y Primera Junta,2,1,0,0,1,0,0,"-31.64507, -60.7184",Avenida,,SANTA FE,La Capital,Asfalto,No existe,I,Dentro,Urbana,Otra Señal,No existe,Intersección,Bueno,Buena,Nocturna,Buen Tiempo,"De alcance,Múltiple",S/D,Colisión,Ninguna,Vertical,Cordón divisorio,Sin restricción
2021,1732,2021-01-16,Sabado,10:20:00,,0.0,2,"Automóvil,Bicicleta",San Martin Y Buenos Aires,2,1,0,0,1,0,0,"-29.46353, -60.21133",Calle,,VERA,Vera,Asfalto,No existe,XIX,S/D,Urbana,Otra Señal,No existe,Intersección,Bueno,Buena,Diurna,Buen Tiempo,"De alcance,Múltiple",Ciclista,Colisión,Ninguna,Vertical,Cordón divisorio,Sin restricción
2021,1733,2021-01-16,Sabado,11:08:00,,0.0,2,"Moto/Ciclomotor,Automóvil",Av. López y Planes 4500,2,1,0,0,1,0,0,"-31.62377, -60.71344",Avenida,,SANTA FE,La Capital,Asfalto,No existe,I,Dentro,Urbana,Otra Señal,No existe,Recta,Bueno,Buena,Diurna,Buen Tiempo,"De alcance,Múltiple",S/D,Colisión,Ninguna,Horizontal,Cordón divisorio,Sin restricción
2021,1734,2021-05-03,Lunes,08:45:00,,0.0,2,"Automóvil,Bicicleta", ,2,1,0,0,1,0,0,"-31.61385, -60.69612",Calle,,SANTA FE,La Capital,Asfalto,No existe,I,Dentro,Urbana,Otra Señal,No existe,Recta,Bueno,Buena,Diurna,Buen Tiempo,"De alcance,Múltiple",Ciclista,Colisión,Ninguna,Vertical,Cordón divisorio,Sin restricción
2021,1735,2021-01-16,Sabado,23:00:00,,0.0,2,"Bicicleta,Camión c / Semirremolque",Av. Filipini Y Bordabhere,2,1,0,0,1,0,0,"-33.02803, -60.63711",Calle,,VILLA GOBERNADOR GÁLVEZ,Rosario,Asfalto,No existe,II,S/D,Urbana,Otra Señal,No existe,Intersección,Con baches,Buena,"Nocturna,Con luz artificial",S/D,"De alcance,Múltiple",Ciclista,Colisión,Ninguna,Faltante,Cordón divisorio,Sin restricción
2021,1736,2021-01-27,Miercoles,18:20:00,Autopista Nacional Rosario -Cordoba,298.0,2,"Moto/Ciclomotor,Automóvil", ,2,1,0,0,1,0,0,"-32.94973, -60.73748",Autopista,Rosario -Cordoba,ROSARIO,Rosario,Asfalto,S/D,II,S/D,Rural,Otra Señal,No existe,Recta,Bueno,Buena,Diurna,Buen Tiempo,"De alcance,Múltiple",S/D,Colisión,S/D,Horizontal,Cordón divisorio,Sin restricción
2021,1737,2021-01-16,Sabado,22:00:00,,0.0,2,"Moto/Ciclomotor,Taxi/Remis",José Ingenieros Y Ottone Bis,4,1,0,0,3,0,0,"-32.91672, -60.70099",Calle,,ROSARIO,Rosario,Asfalto,No existe,II,Dentro,Urbana,Otra Señal,No existe,Intersección,Bueno,Buena,"Nocturna,Con luz artificial",Buen Tiempo,"De alcance,Múltiple",S/D,Colisión,Ninguna,Faltante,Cordón divisorio,Sin restricción
2021,1739,2021-01-16,Sabado,13:00:00,Ruta Nacional 33,767.0,2,"Moto/Ciclomotor,Automóvil", ,2,1,0,0,1,0,0,"-32.97361, -60.72279",Ruta,33,ROSARIO,Rosario,Asfalto,Pavimento,II,Dentro,Urbana,Otra Señal,Funciona,Recta,Bueno,Buena,Diurna,Buen Tiempo,"De alcance,Múltiple",S/D,Colisión,Ninguna,Vertical,Cordón divisorio,Sin restricción
2021,1740,2021-01-28,Jueves,08:50:00,,0.0,2,"Pickup/Utilitario,Automóvil",La Republica Y Venezuela,2,1,0,0,1,0,0,"-32.91895, -60.72539",Calle,,ROSARIO,Rosario,Asfalto,No existe,II,Dentro,Urbana,Otra Señal,No existe,Recta,Bueno,Buena,Diurna,Buen Tiempo,"De alcance,Múltiple",S/D,Colisión,Ninguna,Faltante,Cordón divisorio,Sin restricción
2021,1741,2021-01-16,Sabado,19:30:00,,0.0,2,"Moto/Ciclomotor,Automóvil",Mariano Moreno Y Khantuta,3,2,0,0,1,0,0,"-33.01232, -60.66147",Calle,,ROSARIO,Rosario,Asfalto,Pavimento,II,Dentro,Urbana,Otra Señal,No existe,Intersección,Bueno,Buena,Atardecer,Buen Tiempo,"De alcance,Múltiple",S/D,Colisión,Ninguna,Faltante,Cordón divisorio,Sin restricción
2021,1742,2021-05-15,Sabado,19:00:00,Ruta Nacional 11,0.0,2,"Moto/Ciclomotor,Pickup/Utilitario",9 de Julio ,2,1,0,0,1,0,0,"-31.26837, -60.75925",Ruta,11,NELSON,La Capital,Asfalto,Natural,I,S/D,Urbana,Otra Señal,No existe,Intersección,Bueno,Buena,Atardecer,Buen Tiempo,"De alcance,Múltiple",S/D,Colisión,Ninguna,Horizontal,Cordón divisorio,Sin restricción
2021,1743,2021-05-09,Domingo,21:00:00,,0.0,2,"Pickup/Utilitario,Moto/Ciclomotor",Don Guanella Y Sebastián Gaboto,2,1,0,0,1,0,0,"-31.59617, -60.71514",Calle,,SANTA FE,La Capital,Asfalto,No existe,I,S/D,Urbana,Otra Señal,No existe,Recta,Bueno,Buena,Nocturna,Buen Tiempo,"De alcance,Múltiple",S/D,Colisión,Ninguna,Horizontal,Cordón divisorio,Sin restricción
2021,1744,2021-05-14,Viernes,16:00:00,,0.0,2,"Moto/Ciclomotor,Automóvil",Necochea Y J P López,2,1,0,0,1,0,0,"-31.61014, -60.68636",Calle,,SANTA FE,La Capital,Asfalto,No existe,I,S/D,Urbana,Otra Señal,No existe,Intersección,Bueno,Buena,Diurna,Buen Tiempo,"De alcance,Múltiple",S/D,Colisión,Ninguna,S/D,Cordón divisorio,Sin restricción
2021,1745,2021-01-28,Jueves,08:05:00,,0.0,2,"Automóvil,Bicicleta",Ecuador Y Arévalo,2,1,0,0,1,0,0,"-32.93074, -60.71535",Calle,,ROSARIO,Rosario,Asfalto,No existe,II,S/D,Urbana,Otra Señal,No existe,Intersección,Bueno,Buena,Diurna,Buen Tiempo,"De alcance,Múltiple",S/D,Colisión,Ninguna,Faltante,Cordón divisorio,Sin restricción
2021,1746,2021-05-11,Martes,15:00:00,,0.0,2,"Moto/Ciclomotor,Pickup/Utilitario",Salvador del Carril Y Avellaneda,3,1,0,0,2,0,0,"-31.62113, -60.68282",Avenida,,SANTA FE,La Capital,Asfalto,No existe,I,Dentro,Urbana,Otra Señal,No existe,Intersección,Bueno,Buena,Diurna,Buen Tiempo,"De alcance,Múltiple",S/D,Colisión,Ninguna,S/D,Cordón divisorio,Sin restricción
2021,1747,2021-05-10,Lunes,14:30:00,,0.0,2,"Moto/Ciclomotor,Pickup/Utilitario",J M Zuviria Y Avellaneda,2,2,0,0,0,0,0,"-31.62059, -60.68265",Calle,,SANTA FE,La Capital,Asfalto,No existe,I,Dentro,Urbana,Otra Señal,No existe,Intersección,Bueno,Buena,Diurna,Buen Tiempo,"De alcance,Múltiple",S/D,Colisión,Ninguna,S/D,Cordón divisorio,Sin restricción
2021,1748,2021-01-29,Viernes,08:40:00,,0.0,2,"Automóvil,Bicicleta",Donado Y Bv. Argentino,2,1,0,0,1,0,0,"-32.9242, -60.72761",Calle,,ROSARIO,Rosario,Asfalto,No existe,II,S/D,Urbana,Otra Señal,No existe,Intersección,Bueno,Buena,Diurna,Buen Tiempo,"De alcance,Múltiple",S/D,Colisión,Ninguna,Vertical,Cordón divisorio,Sin restricción
2021,1749,2021-01-26,Martes,20:00:00,,0.0,2,"Moto/Ciclomotor,Transporte de Pasajeros Urbano (> 8 asientos)",Italia Y Av. Ntra.Sra.del Rosario,2,1,0,0,1,0,0,"-32.95883, -60.693",Calle,,ROSARIO,Rosario,Asfalto,Pavimento,II,Dentro,Urbana,Otra Señal,Funciona,Intersección,Bueno,Buena,Atardecer,Buen Tiempo,"De alcance,Múltiple",S/D,Colisión,Ninguna,Faltante,Cordón divisorio,Sin restricción
2021,1750,2021-01-29,Viernes,17:40:00,,0.0,2,"Moto/Ciclomotor,Taxi/Remis",Santiago ,2,1,0,0,1,0,0,"-32.95883, -60.693",Calle,,ROSARIO,Rosario,Asfalto,No existe,II,Dentro,Urbana,Otra Señal,No existe,Intersección,Bueno,Buena,Diurna,Buen Tiempo,"De alcance,Múltiple",S/D,Colisión,Ninguna,Faltante,Cordón divisorio,Sin restricción
2021,1751,2021-05-11,Martes,,,0.0,2,"Bicicleta,Pickup/Utilitario",Av. Galicia Y Rivadavia,2,1,0,0,1,0,0,"-31.60569, -60.69212",Avenida,,SANTA FE,La Capital,Asfalto,No existe,I,Dentro,Urbana,Otra Señal,No existe,Intersección,Bueno,S/D,S/D,Buen Tiempo,"De alcance,Múltiple",Ciclista,Colisión,Ninguna,S/D,Cordón divisorio,Sin restricción
2021,1752,2021-05-10,Lunes,11:40:00,,0.0,2,"Transporte de Pasajeros Urbano (> 8 asientos),Bicicleta",Av. Gral. Paz Y Quintana,2,1,0,0,1,0,0,"-31.62498, -60.68925",Calle,,SANTA FE,La Capital,Asfalto,No existe,I,S/D,Urbana,Otra Señal,No existe,Recta,Bueno,Buena,Diurna,Buen Tiempo,"De alcance,Múltiple",Ciclista,Colisión,Ninguna,S/D,Cordón divisorio,Sin restricción
2021,1753,2021-01-29,Viernes,22:25:00,,0.0,2,"Otros,Automóvil",Bv. Avellaneda ,2,1,0,0,1,0,0,"-32.95883, -60.693",Avenida,,ROSARIO,Rosario,Asfalto,Pavimento,II,Dentro,Urbana,Otra Señal,Funciona,Intersección,Deteriorada,Reducida,Nocturna,Buen Tiempo,"De alcance,Múltiple",S/D,Colisión,Ninguna,Horizontal,Cordón divisorio,Sin restricción
2021,1755,2021-05-10,Lunes,13:50:00,,0.0,2,"Automóvil,Moto/Ciclomotor",Av. A del Valle Y Padre Genesio,2,1,0,0,1,0,0,"-31.60027, -60.69173",Avenida,,SANTA FE,La Capital,Asfalto,No existe,I,S/D,Urbana,Otra Señal,Funciona,Intersección,Bueno,Buena,Diurna,Buen Tiempo,"De alcance,Múltiple",S/D,Colisión,Ninguna,"Horizontal,Vertical",Cordón divisorio,Sin restricción
2021,1756,2021-01-16,Sabado,22:30:00,,0.0,1,Moto/Ciclomotor,Domingo Faustino Sarmiento Y Estanislao Zeballos,3,0,0,0,0,0,3,"-31.43849, -60.92822",Calle,,ESPERANZA,Las Colonias,Asfalto,No existe,XI,S/D,Urbana,Otra Señal,S/D,Intersección,Bueno,Buena,Nocturna,Buen Tiempo,"De alcance,Múltiple",S/D,Colisión,Ninguna,S/D,Cordón divisorio,Sin restricción
2021,1757,2021-01-16,Sabado,19:20:00,,0.0,2,"Automóvil,Moto/Ciclomotor",Av. Facundo Zuviria Y Pje Irala,2,1,0,0,1,0,0,"-31.63117, -60.70503",Avenida,,SANTA FE,La Capital,Asfalto,Pavimento,I,Dentro,Urbana,Otra Señal,No existe,Intersección,Bueno,Buena,Atardecer,Buen Tiempo,"De alcance,Múltiple",S/D,Colisión,Ninguna,Faltante,Cordón divisorio,Sin restricción
2021,1758,2021-05-08,Sabado,16:45:00,,0.0,2,"Moto/Ciclomotor,Automóvil",1ro de Mayo Y Alfonsina Storni,2,1,0,0,1,0,0,"-31.58364, -60.69271",Calle,,SANTA FE,La Capital,Asfalto,S/D,I,S/D,Urbana,Otra Señal,S/D,Intersección,Bueno,S/D,S/D,Buen Tiempo,"De alcance,Múltiple",S/D,Colisión,Ninguna,Faltante,Cordón divisorio,Sin restricción
2021,1759,2021-05-14,Viernes,14:45:00,,0.0,2,"Moto/Ciclomotor,Automóvil",Francia Y Gdor. Crespo,3,2,0,0,1,0,0,"-31.6396, -60.71284",Calle,,SANTA FE,La Capital,Asfalto,No existe,I,Dentro,Urbana,Otra Señal,No existe,Intersección,Bueno,Buena,Diurna,Buen Tiempo,"De alcance,Múltiple",S/D,Colisión,Ninguna,S/D,Cordón divisorio,Sin restricción
2021,1760,2021-01-17,Domingo,23:50:00,Ruta Nacional 11,150.0,2,"Automóvil,Moto/Ciclomotor", ,5,1,0,0,4,0,0,"-31.66349, -60.73192",Ruta,11,SANTA FE,La Capital,Asfalto,Pavimento,I,S/D,Urbana,Otra Señal,No existe,Cruce,Con baches,Buena,"Nocturna,Con luz artificial",Buen Tiempo,"De alcance,Múltiple",S/D,Colisión,Ninguna,Vertical,Cordón divisorio,Sin restricción
2021,1761,2021-05-12,Miercoles,19:15:00,,0.0,2,"Automóvil,Bicicleta",Tucumán Y Juan Diaz de Solís,3,2,0,0,1,0,0,"-31.64203, -60.72602",Calle,,SANTA FE,La Capital,Asfalto,No existe,I,Dentro,Urbana,Otra Señal,No existe,Intersección,Bueno,Buena,Diurna,Buen Tiempo,"De alcance,Múltiple",Ciclista,Colisión,Ninguna,S/D,Cordón divisorio,Sin restricción
2021,1763,2021-01-17,Domingo,15:35:00,Autopista Nacional A008,17.0,2,"Bicicleta,Automóvil", ,2,1,0,0,0,0,1,"-33.00088, -60.6895",Autopista,A008,ROSARIO,Rosario,Asfalto,Pavimento,II,Dentro,Urbana,Otra Señal,No existe,Recta,Bueno,Buena,Diurna,Buen Tiempo,"De alcance,Múltiple",Ciclista,Colisión,Ninguna,Faltante,Cordón divisorio,Sin restricción
2021,1764,2021-01-17,Domingo,20:55:00,,0.0,1,Automóvil,Fray PEÑA Y Bv Oroño,4,2,0,0,2,0,0,"-32.73368, -60.74371",Calle,,SAN LORENZO,San Lorenzo,S/D,Natural,XVII,S/D,Urbana,Otra Señal,No existe,Intersección,S/D,S/D,Nocturna,S/D,"De alcance,Múltiple",S/D,Colisión,S/D,S/D,Cordón divisorio,Sin restricción
2021,1765,2021-01-17,Domingo,10:10:00,,0.0,2,"Moto/Ciclomotor,Pickup/Utilitario",Bv Luis Sanguinetti Y Belgrano,3,2,0,0,1,0,0,"-32.78617, -61.60066",Calle,,ARMSTRONG,Belgrano,Hormigón,No existe,III,Dentro,Urbana,Otra Señal,No existe,Intersección,Bueno,Buena,Diurna,Buen Tiempo,"De alcance,Múltiple",S/D,Colisión,S/D,S/D,Cordón divisorio,Sin restricción
2021,1766,2021-01-30,Sabado,05:45:00,,0.0,2,"Moto/Ciclomotor,Automóvil",España ,2,1,0,0,1,0,0,"-32.95883, -60.693",Calle,,ROSARIO,Rosario,Asfalto,Pavimento,II,Dentro,Urbana,Otra Señal,No existe,Recta,Bueno,Buena,Diurna,Buen Tiempo,"De alcance,Múltiple",S/D,Colisión,Ninguna,Faltante,Cordón divisorio,Sin restricción
2021,1767,2021-01-17,Domingo,06:30:00,,0.0,2,"Moto/Ciclomotor,Automóvil",Av. A del Valle Y Juan Del Campillo,2,1,0,0,0,0,1,"-31.63022, -60.70098",Avenida,,SANTA FE,La Capital,Asfalto,No existe,I,Dentro,Urbana,Otra Señal,No existe,Intersección,Bueno,Buena,Amanecer,Buen Tiempo,"De alcance,Múltiple",S/D,Colisión,Ninguna,S/D,Cordón divisorio,Sin restricción
2021,1768,2021-01-17,Domingo,22:40:00,Ruta Secundaria 26-s,52.0,1,Automóvil, ,2,2,0,0,0,0,0,"-33.24058, -60.98824",Ruta,26-s,ARMINDA,Rosario,Tierra,No existe,II,S/D,Rural,Otra Señal,No existe,Recta,Deteriorada,Reducida,Nocturna,Buen Tiempo,"De alcance,Múltiple",S/D,Colisión,Ninguna,Faltante,Cordón divisorio,Sin restricción
2021,1769,2021-01-17,Domingo,19:25:00,Autopista Nacional A012,5.0,1,Automóvil, ,2,1,0,0,1,0,0,"-33.08758, -60.63548",Autopista,A012,ALVEAR,Rosario,Ripio,No existe,II,Dentro,Rural,Otra Señal,No existe,Recta,Resbaladiza,Buena,Diurna,Buen Tiempo,"De alcance,Múltiple",S/D,Colisión,Ninguna,Faltante,Cordón divisorio,Sin restricción
2021,1770,2021-05-10,Lunes,16:20:00,,0.0,2,"Automóvil,Moto/Ciclomotor",Av. López y Planes Y Cándido Pujato,3,1,0,0,2,0,0,"-31.63157, -60.71391",Avenida,,SANTA FE,La Capital,Asfalto,No existe,I,Dentro,Urbana,Otra Señal,No existe,Recta,Bueno,Buena,Diurna,Buen Tiempo,"De alcance,Múltiple",S/D,Colisión,Ninguna,Vertical,Cordón divisorio,Sin restricción
2021,1771,2021-01-17,Domingo,19:00:00,,0.0,2,"Moto/Ciclomotor,Moto/Ciclomotor",Pueyrredón 6071,2,1,0,0,1,0,0,"-33.00761, -60.66892",Calle,,ROSARIO,Rosario,Asfalto,No existe,II,Dentro,Urbana,Otra Señal,No existe,Recta,Bueno,Buena,Atardecer,Buen Tiempo,"De alcance,Múltiple",S/D,Colisión,Ninguna,Faltante,Cordón divisorio,Sin restricción
2021,1772,2021-05-07,Viernes,15:30:00,,0.0,2,"Bicicleta,Automóvil",Iturraspe Y Av. Circunvalación,2,0,0,0,0,0,2,"-31.62794, -60.73094",S/D,,SANTA FE,La Capital,Asfalto,No existe,I,S/D,Urbana,Otra Señal,Funciona,Intersección,Bueno,Buena,Diurna,Buen Tiempo,"De alcance,Múltiple",Ciclista,Colisión,Ninguna,S/D,Cordón divisorio,Sin restricción
2021,1773,2021-01-17,Domingo,00:30:00,,0.0,2,"Moto/Ciclomotor,Automóvil",Av. Battle y Ordoñez Y Balcarce,2,1,0,0,1,0,0,"-33.00939, -60.66323",Calle,,ROSARIO,Rosario,Asfalto,Pavimento,II,Dentro,Urbana,Otra Señal,Intermitente,Intersección,Bueno,Buena,Nocturna,Buen Tiempo,"De alcance,Múltiple",S/D,Colisión,Ninguna,S/D,Cordón divisorio,Sin restricción
2021,1774,2021-01-18,Lunes,15:00:00,,0.0,2,"Moto/Ciclomotor,Automóvil",La Paz Y Pje Diego de Leiva,2,1,0,0,1,0,0,"-31.62784, -60.71519",Calle,,SANTA FE,La Capital,Asfalto,No existe,I,Dentro,Urbana,Otra Señal,No existe,Intersección,Bueno,Buena,Diurna,Buen Tiempo,"De alcance,Múltiple",S/D,Colisión,Ninguna,Horizontal,Cordón divisorio,Sin restricción
2021,1775,2021-01-18,Lunes,08:30:00,,0.0,2,"Automóvil,Pickup/Utilitario",Amenábar Y Mariano Moreno,3,1,0,0,2,0,0,"-32.96996, -60.65705",Calle,,ROSARIO,Rosario,Asfalto,No existe,II,Dentro,Urbana,Otra Señal,No existe,Paso a Nivel FFCC,Bueno,Buena,Diurna,Buen Tiempo,"De alcance,Múltiple",S/D,Colisión,Ninguna,Faltante,Cordón divisorio,Sin restricción
2021,1777,2021-01-18,Lunes,09:00:00,,0.0,2,"Moto/Ciclomotor,Automóvil",Av. Arijon Y Av. Corrientes,2,1,0,0,1,0,0,"-33.00315, -60.65325",Avenida,,ROSARIO,Rosario,Asfalto,No existe,II,S/D,Urbana,Otra Señal,Funciona,Intersección,Bueno,Buena,Diurna,Buen Tiempo,"De alcance,Múltiple",S/D,Colisión,Ninguna,"Horizontal,Vertical",Cordón divisorio,Sin restricción
2021,1778,2021-01-18,Lunes,15:20:00,,0.0,2,"Moto/Ciclomotor,Automóvil",L.N.Alem Y Garay,3,2,0,0,1,0,0,"-32.97624, -60.63541",Calle,,ROSARIO,Rosario,Asfalto,Pavimento,II,S/D,Urbana,Otra Señal,S/D,Intersección,Bueno,Buena,Diurna,Buen Tiempo,"De alcance,Múltiple",S/D,Colisión,Ninguna,S/D,Cordón divisorio,Sin restricción
2021,1779,2021-05-14,Viernes,07:30:00,Autopista Nacional A007,0.0,2,"Moto/Ciclomotor,Automóvil",Av. Circunvalación ,2,1,0,0,0,0,1,"-31.60626, -60.7248",Autopista,A007,SANTA FE,La Capital,Asfalto,No existe,I,S/D,Urbana,Otra Señal,No existe,Curva,Bueno,Buena,Diurna,Buen Tiempo,"De alcance,Múltiple",S/D,Colisión,Ninguna,Vertical,Cordón divisorio,Sin restricción
2021,1780,2021-05-01,Sabado,23:45:00,,0.0,2,"Moto/Ciclomotor,Moto/Ciclomotor",Moreno Y Roque Sáenz PEÑA,2,2,0,0,0,0,0,"-31.65161, -60.72747",Calle,,SANTA FE,La Capital,Asfalto,No existe,I,Dentro,Urbana,Otra Señal,No existe,Intersección,Bueno,Reducida,Nocturna,Buen Tiempo,"De alcance,Múltiple",S/D,Colisión,Ninguna,Faltante,Cordón divisorio,Sin restricción
2021,1782,2021-05-02,Domingo,22:45:00,,0.0,2,"Moto/Ciclomotor,Automóvil",Av. J J Paso Y Francia,2,1,0,0,1,0,0,"-31.66233, -60.71993",Avenida,,SANTA FE,La Capital,Asfalto,No existe,I,Dentro,Urbana,Otra Señal,No existe,Intersección,Bueno,Reducida,Nocturna,Buen Tiempo,"De alcance,Múltiple",S/D,Colisión,Ninguna,Faltante,Cordón divisorio,Sin restricción
2021,1783,2021-05-07,Viernes,19:15:00,,0.0,2,"Moto/Ciclomotor,Automóvil",Juan de Garay Y San José,2,1,0,0,1,0,0,"-31.64972, -60.72393",Calle,,SANTA FE,La Capital,Asfalto,No existe,I,Dentro,Urbana,Otra Señal,No existe,Intersección,Con baches,Reducida,Atardecer,Buen Tiempo,"De alcance,Múltiple",S/D,Colisión,Ninguna,Faltante,Cordón divisorio,Sin restricción
2021,1784,2021-01-18,Lunes,12:00:00,,0.0,2,"Moto/Ciclomotor,Taxi/Remis",Ocampo Y Sarmiento,2,1,0,0,0,0,1,"-32.96646, -60.64322",Calle,,ROSARIO,Rosario,Asfalto,No existe,II,Dentro,Urbana,Otra Señal,No existe,Intersección,Bueno,Buena,Diurna,Buen Tiempo,"De alcance,Múltiple",S/D,Colisión,Ninguna,Faltante,Cordón divisorio,Sin restricción
2021,1785,2021-05-04,Martes,11:50:00,,0.0,2,"Automóvil,Moto/Ciclomotor",Belgrano 3000,2,1,0,0,1,0,0,"-31.64213, -60.7003",Calle,,SANTA FE,La Capital,Asfalto,Pavimento,I,Dentro,Urbana,Otra Señal,No existe,Recta,Bueno,Buena,Diurna,Buen Tiempo,"De alcance,Múltiple",S/D,Colisión,Ninguna,Vertical,Cordón divisorio,Sin restricción
2021,1786,2021-01-18,Lunes,15:45:00,,0.0,2,"Moto/Ciclomotor,Automóvil",Mitre Y San Lorenzo,2,1,0,0,0,0,1,"-32.94385, -60.63894",Calle,,ROSARIO,Rosario,Asfalto,No existe,II,Dentro,Urbana,Otra Señal,No existe,Intersección,Bueno,Buena,Diurna,Buen Tiempo,"De alcance,Múltiple",S/D,Colisión,Ninguna,Horizontal,Cordón divisorio,Sin restricción
2021,1787,2021-01-18,Lunes,11:00:00,,0.0,2,"Moto/Ciclomotor,Taxi/Remis",Montevideo Y Sarmiento,2,1,0,0,1,0,0,"-32.95616, -60.64058",Calle,,ROSARIO,Rosario,Asfalto,S/D,II,S/D,Urbana,Otra Señal,S/D,Intersección,S/D,S/D,Diurna,S/D,"De alcance,Múltiple",S/D,Colisión,S/D,S/D,Cordón divisorio,Sin restricción
2021,1788,2021-05-15,Sabado,21:00:00,Ruta Nacional 11,0.0,2,"Moto/Ciclomotor,Automóvil", ,2,1,0,0,1,0,0,"-31.66687, -60.74756",Ruta,11,SANTA FE,La Capital,Asfalto,No existe,I,S/D,Urbana,Otra Señal,No existe,Puente,Bueno,Reducida,Nocturna,Buen Tiempo,"De alcance,Múltiple",S/D,Colisión,Ninguna,Faltante,Cordón divisorio,Sin restricción
2021,1789,2021-05-04,Martes,06:50:00,,0.0,2,"Bicicleta,Automóvil",25 de Mayo Y Moreno,2,1,0,0,1,0,0,"-31.65494, -60.70776",Calle,,SANTA FE,La Capital,S/D,S/D,I,S/D,Urbana,Otra Señal,S/D,S/D,S/D,S/D,S/D,S/D,"De alcance,Múltiple",Ciclista,Colisión,S/D,S/D,Cordón divisorio,Sin restricción
2021,1791,2021-05-14,Viernes,15:30:00,,0.0,2,"Pickup/Utilitario,Automóvil",Vélez Sarsfield Y Pedro Ferre,2,1,0,0,1,0,0,"-31.63021, -60.68302",Calle,,SANTA FE,La Capital,Asfalto,Pavimento,I,Dentro,Urbana,Otra Señal,No existe,Cruce,Bueno,Buena,Diurna,Buen Tiempo,"De alcance,Múltiple",S/D,Colisión,Ninguna,Faltante,Cordón divisorio,Sin restricción
2021,1792,2021-05-07,Viernes,16:00:00,,0.0,2,"Automóvil,Peatón",1ro de Mayo Y Lisandro de la Torre,2,1,0,0,1,0,0,"-31.65075, -60.71194",S/D,,SANTA FE,La Capital,Asfalto,No existe,I,S/D,Urbana,Otra Señal,No existe,Intersección,Bueno,Buena,Diurna,Buen Tiempo,"De alcance,Múltiple",Peatón,Colisión,Ninguna,Faltante,Cordón divisorio,Sin restricción