anio_acci,nro_acci,fecha,desc_dia,hora_aprox,desc_ruta,km,cant_participantes,desc_participante,calle_avenida_km,total,heridos_leves,heridos_graves,heridos_gravisimos,ilesos,fallecidos,sin_datos,posicion_XY,desc_tipo_via,desc_ruta_ori,desc_loc,desc_dpto,desc_tipo_calzada,desc_tipo_banquina,desc_unidad_regional,desc_lugar_calzada,desc_zona,desc_prioridad,desc_estado_semaforo,desc_lugar_via,desc_estado_via,desc_estado_visibilidad,desc_luminosidad,desc_estado_clima,desc_tipo_colision,desc_tipo_atropello,desc_tipo_hecho,desc_pres_calzada,desc_senializacion,desc_separacion_via,desc_restriccion
2021,1793,2021-05-09,Domingo,18:00:00,,0.0,2,"Automóvil,Moto/Ciclomotor",San Luis Y Balcarce,2,1,0,0,1,0,0,"-31.6373, -60.70002",Calle,,SANTA FE,La Capital,Asfalto,No existe,I,Dentro,Urbana,Otra Señal,No existe,Intersección,Bueno,Buena,Diurna,Buen Tiempo,"De alcance,Múltiple",S/D,Colisión,Ninguna,"Horizontal,Vertical",Cordón divisorio,Sin restricción
2021,1794,2021-05-07,Viernes,17:40:00,,0.0,2,"Automóvil,Moto/Ciclomotor",E Aleman Y Saavedra,2,1,0,0,1,0,0,"-29.46221, -60.20505",Calle,,VERA,Vera,Tierra,No existe,XIX,Dentro,Urbana,Otra Señal,No existe,Intersección,Con baches,Buena,Diurna,Buen Tiempo,"De alcance,Múltiple",S/D,Colisión,Otro,Faltante,Cordón divisorio,Sin restricción
2021,1795,2021-05-06,Jueves,18:00:00,,0.0,1,Moto/Ciclomotor,Presbítero José Houriet Y San Martin,2,2,0,0,0,0,0,"-29.46251, -60.21106",Calle,,VERA,Vera,Asfalto,No existe,XIX,Dentro,Urbana,Otra Señal,No existe,Intersección,Bueno,Buena,Diurna,Buen Tiempo,"De alcance,Múltiple",S/D,Colisión,Ninguna,Vertical,Cordón divisorio,Sin restricción
2021,1797,2021-05-01,Sabado,10:15:00,,0.0,2,"Moto/Ciclomotor,Moto/Ciclomotor",Estanislao López Y Leiva M,2,1,0,0,0,0,1,"-29.46671, -60.21949",Calle,,VERA,Vera,Tierra,No existe,XIX,Dentro,Urbana,Otra Señal,No existe,Intersección,Bueno,Buena,Diurna,Buen Tiempo,"De alcance,Múltiple",S/D,Colisión,Ninguna,Faltante,Cordón divisorio,Sin restricción
2021,1798,2021-01-18,Lunes,00:10:00,,0.0,1,Moto/Ciclomotor,Dorrego 300,2,2,0,0,0,0,0,"-32.78269, -60.73162",Calle,,FRAY LUIS BELTRÁN,San Lorenzo,Asfalto,Pavimento,XVII,S/D,Urbana,Otra Señal,No existe,Recta,Bueno,S/D,Nocturna,S/D,"De alcance,Múltiple",S/D,Colisión,S/D,Faltante,Cordón divisorio,Sin restricción
2021,1799,2021-01-18,Lunes,07:00:00,Ruta Provincial 1,1.0,2,"Pickup/Utilitario,Moto/Ciclomotor", ,2,1,0,0,1,0,0,"-31.63468, -60.61997",Ruta,1,COLASTINE,La Capital,Asfalto,No existe,I,S/D,Urbana,Otra Señal,Funciona,Recta,Bueno,Buena,Diurna,Buen Tiempo,"De alcance,Múltiple",S/D,Colisión,Ninguna,Vertical,Cordón divisorio,Sin restricción
2021,1800,2021-01-18,Lunes,08:05:00,,0.0,2,"Otros,Otros",9 de Julio Y Tucumán,2,0,0,0,0,0,2,"-31.64623, -60.70916",Calle,,SANTA FE,La Capital,S/D,S/D,I,S/D,Urbana,Otra Señal,S/D,Intersección,S/D,S/D,Amanecer,S/D,"De alcance,Múltiple",S/D,Colisión,S/D,S/D,Cordón divisorio,Sin restricción
2021,1801,2021-01-18,Lunes,05:15:00,,0.0,2,"Bicicleta,Automóvil",Soldado Aguirre Y Liniers,2,1,0,0,1,0,0,"-33.02946, -60.6439",Calle,,VILLA GOBERNADOR GÁLVEZ,Rosario,"Asfalto,Tierra",Ripio,II,S/D,Urbana,Otra Señal,No existe,Intersección,Bueno,Buena,Nocturna,Buen Tiempo,"De alcance,Múltiple",Ciclista,Colisión,Material Suelto,Faltante,Cordón divisorio,Sin restricción
2021,1802,2021-01-18,Lunes,15:30:00,,0.0,2,"Transporte de Pasajeros Urbano (> 8 asientos),Moto/Ciclomotor",Tarragona Y Fresno,2,1,0,0,1,0,0,"-32.909, -60.73545",Calle,,ROSARIO,Rosario,Asfalto,No existe,II,Dentro,Urbana,Otra Señal,No existe,Intersección,S/D,S/D,Diurna,S/D,"De alcance,Múltiple",S/D,Colisión,S/D,Faltante,Cordón divisorio,Sin restricción
2021,1803,2021-01-18,Lunes,19:45:00,,0.0,2,"Moto/Ciclomotor,Pickup/Utilitario",Santiago Y Centeno,2,1,0,0,1,0,0,"-32.98161, -60.66568",Calle,,ROSARIO,Rosario,Asfalto,Pavimento,II,Dentro,Urbana,Otra Señal,No existe,Intersección,Bueno,Buena,Atardecer,Buen Tiempo,"De alcance,Múltiple",S/D,Colisión,Ninguna,Faltante,Cordón divisorio,Sin restricción
2021,1804,2021-03-11,Jueves,14:00:00,,0.0,2,"Automóvil,Moto/Ciclomotor",Bv San Martin Y A Castellanos,2,1,0,0,1,0,0,"-32.7851, -61.59897",Calle,,ARMSTRONG,Belgrano,Asfalto,No existe,III,Dentro,Urbana,Otra Señal,No existe,Intersección,Bueno,Buena,Diurna,Buen Tiempo,"De alcance,Múltiple",S/D,Colisión,Ninguna,Vertical,Cordón divisorio,Sin restricción
2021,1806,2021-05-11,Martes,16:00:00,,0.0,1,Moto/Ciclomotor,Calle 25 1000,1,1,0,0,0,0,0,"-32.68083, -61.53402",Calle,,LAS PAREJAS,Belgrano,Asfalto,No existe,III,Dentro,Urbana,Otra Señal,No existe,Recta,Bueno,Buena,Diurna,Buen Tiempo,"De alcance,Múltiple",S/D,Colisión,Ninguna,Faltante,Cordón divisorio,Sin restricción
2021,1808,2021-05-15,Sabado,17:30:00,,0.0,2,"Moto/Ciclomotor,Automóvil",San Lorenzo Y San Martin,2,1,0,0,1,0,0,"-32.47547, -61.57749",Calle,,LAS ROSAS,Belgrano,Asfalto,No existe,III,Dentro,Urbana,Otra Señal,No existe,Intersección,Bueno,Buena,Diurna,S/D,"De alcance,Múltiple",S/D,Colisión,Ninguna,Faltante,Cordón divisorio,Sin restricción
2021,1810,2021-05-12,Miercoles,,,0.0,2,"Moto/Ciclomotor,Pickup/Utilitario",Av. Arijon Y Av. Castro Barros,2,1,0,0,1,0,0,"-33.00242, -60.62942",Calle,,ROSARIO,Rosario,Asfalto,No existe,II,S/D,Urbana,Otra Señal,No existe,Intersección,S/D,S/D,S/D,Otro,"De alcance,Múltiple",S/D,Colisión,S/D,S/D,Cordón divisorio,Sin restricción
2021,1811,2021-05-06,Jueves,10:00:00,,0.0,2,"Automóvil,Bicicleta",Dr. Ricardo Fischer Y Bv 14 de Diciembre,2,1,0,0,1,0,0,"-32.78146, -61.60515",Calle,,ARMSTRONG,Belgrano,Asfalto,No existe,III,Dentro,Urbana,Otra Señal,No existe,Intersección,Bueno,Buena,Diurna,Buen Tiempo,"De alcance,Múltiple",Ciclista,Colisión,Ninguna,Faltante,Cordón divisorio,Sin restricción
2021,1812,2021-04-27,Martes,07:40:00,,0.0,2,"Bicicleta,Automóvil",Ituzaingó Y Sarmiento,2,1,0,0,1,0,0,"-31.639578917902,-60.693908301583",Calle,,SANTA FE,La Capital,Asfalto,No existe,I,Dentro,Urbana,Otra Señal,No existe,Intersección,Bueno,S/D,Diurna,S/D,"De alcance,Múltiple",Ciclista,Colisión,S/D,Horizontal,Cordón divisorio,Sin restricción
2021,1813,2021-01-28,Jueves,13:10:00,,0.0,2,"Automóvil,Bicicleta",Viamonte Y Valparaíso,2,1,0,0,1,0,0,"-32.95751, -60.68668",Calle,,ROSARIO,Rosario,Asfalto,S/D,II,Dentro,Urbana,Otra Señal,No existe,Intersección,Bueno,Buena,Diurna,Buen Tiempo,"De alcance,Múltiple",S/D,Colisión,Ninguna,S/D,Cordón divisorio,Sin restricción
2021,1814,2021-05-08,Sabado,14:40:00,,0.0,2,"Moto/Ciclomotor,Pickup/Utilitario",Av. Gral. López Y Saavedra,4,3,0,0,1,0,0,"-31.65553, -60.71887",Calle,,SANTA FE,La Capital,Asfalto,No existe,I,Dentro,Urbana,Otra Señal,No existe,Intersección,Bueno,Buena,Diurna,Buen Tiempo,"De alcance,Múltiple",S/D,Colisión,Ninguna,Faltante,Cordón divisorio,Sin restricción
2021,1815,2021-05-03,Lunes,13:30:00,,0.0,2,"Moto/Ciclomotor,Pickup/Utilitario",Calle 22 Y Calle 7,2,1,0,0,1,0,0,"-32.68775, -61.51937",Calle,,LAS PAREJAS,Belgrano,Ripio,No existe,III,Dentro,Urbana,Otra Señal,No existe,Intersección,Bueno,Buena,Diurna,Buen Tiempo,"De alcance,Múltiple",S/D,Colisión,Ninguna,Faltante,Cordón divisorio,Sin restricción
2021,1816,2021-04-01,Jueves,14:50:00,,0.0,2,"Automóvil,Moto/Ciclomotor",Av. J J Paso Y Dr. Zavalla,2,1,0,0,1,0,0,"-31.661169871083,-60.7245772784",Avenida,,SANTA FE,La Capital,Asfalto,No existe,I,Dentro,Urbana,Otra Señal,Funciona,Intersección,Bueno,Buena,Diurna,Buen Tiempo,"De alcance,Múltiple",S/D,Colisión,Ninguna,Vertical,Cordón divisorio,Sin restricción
2021,1817,2021-01-26,Martes,11:50:00,,0.0,2,"Moto/Ciclomotor,Moto/Ciclomotor",Cochabamba Y Valparaíso,3,1,0,0,2,0,0,"-32.95883, -60.693",Calle,,ROSARIO,Rosario,Asfalto,S/D,II,Dentro,Urbana,Otra Señal,No existe,Intersección,Bueno,Buena,Diurna,Buen Tiempo,"De alcance,Múltiple",S/D,Colisión,Ninguna,Faltante,Cordón divisorio,Sin restricción
2021,1818,2021-04-24,Sabado,21:15:00,,0.0,2,"Moto/Ciclomotor,Automóvil",Sarmiento Y Vélez Sarsfield,2,1,0,0,1,0,0,"-31.659793, -60.773578",Calle,,SANTA FE,La Capital,Asfalto,No existe,I,Dentro,Urbana,Otra Señal,No existe,Intersección,Bueno,S/D,Nocturna,S/D,"De alcance,Múltiple",S/D,Colisión,Ninguna,Faltante,Cordón divisorio,Sin restricción
2021,1820,2021-05-04,Martes,17:40:00,Ruta Provincial 13,0.0,1,Moto/Ciclomotor, ,2,2,0,0,0,0,0,"-32.43993, -61.58635",Ruta,13,LAS ROSAS,Belgrano,Asfalto,Natural,III,Fuera,Rural,Otra Señal,No existe,Recta,Bueno,Buena,Diurna,S/D,"De alcance,Múltiple",S/D,Colisión,Ninguna,Faltante,Cordón divisorio,Sin restricción
2021,1821,2021-04-04,Domingo,09:10:00,Ruta Nacional 11,0.0,2,"Automóvil,Pickup/Utilitario",PUENTE CARRETERO ,5,3,0,0,2,0,0,"-31.666583260403566, -60.7460383258",Ruta,11,SANTA FE,La Capital,Asfalto,No existe,I,Dentro,Urbana,Otra Señal,No existe,Recta,Bueno,Buena,Diurna,Buen Tiempo,"De alcance,Múltiple",S/D,Colisión,Ninguna,Horizontal,Cordón divisorio,Sin restricción
2021,1822,2021-05-10,Lunes,09:35:00,Ruta Nacional 11,0.0,2,"Moto/Ciclomotor,Automóvil", ,3,2,0,0,1,0,0,"-31.66682, -60.74748",Ruta,11,SANTA FE,La Capital,Asfalto,No existe,I,S/D,Urbana,Otra Señal,No existe,Recta,Bueno,Buena,Diurna,Buen Tiempo,"De alcance,Múltiple",S/D,Colisión,Ninguna,Faltante,Cordón divisorio,Sin restricción
2021,1823,2021-05-02,Domingo,18:50:00,Ruta Provincial 65,0.0,1,Automóvil,Uruguay ,2,1,0,0,1,0,0,"-32.46243, -61.57982",Ruta,65,LAS ROSAS,Belgrano,Asfalto,Natural,III,Fuera,Urbana,Otra Señal,S/D,Cruce,Bueno,Buena,"Nocturna,Con luz artificial",Buen Tiempo,"De alcance,Múltiple",S/D,Colisión,Ninguna,S/D,Cordón divisorio,Sin restricción
2021,1824,2021-05-10,Lunes,10:00:00,,0.0,2,"Moto/Ciclomotor,Automóvil",Av. Gral. López Y Saavedra,3,2,0,0,1,0,0,"-31.65553, -60.71887",Avenida,,SANTA FE,La Capital,Asfalto,No existe,I,Dentro,Urbana,Otra Señal,No existe,Intersección,Bueno,Buena,Diurna,Buen Tiempo,"De alcance,Múltiple",S/D,Colisión,Ninguna,Faltante,Cordón divisorio,Sin restricción
2021,1825,2021-04-21,Miercoles,09:30:00,,0.0,2,"Automóvil,Bicicleta",Candioti Y Luciano Molinas,2,1,0,0,1,0,0,"-31.633526, -60.694387",Calle,,SANTA FE,La Capital,Asfalto,No existe,I,Dentro,Urbana,Otra Señal,No existe,Intersección,Bueno,S/D,Diurna,S/D,"De alcance,Múltiple",Ciclista,Colisión,Ninguna,Horizontal,Cordón divisorio,Sin restricción
2021,1826,2021-04-06,Martes,11:40:00,,0.0,2,"Automóvil,Moto/Ciclomotor",Av. J J Paso Y San Lorenzo,2,1,0,0,1,0,0,"-31.661779100901,-60.722104195939",Avenida,,SANTA FE,La Capital,Asfalto,No existe,I,Dentro,Urbana,Otra Señal,Funciona,Intersección,Bueno,Buena,Diurna,Buen Tiempo,"De alcance,Múltiple",S/D,Colisión,Ninguna,"Horizontal,Vertical",Cordón divisorio,Sin restricción
2021,1827,2021-04-06,Martes,17:45:00,,0.0,2,"Pickup/Utilitario,Moto/Ciclomotor",Av. Freyre Y Moreno,2,1,0,0,1,0,0,"-31.652777802587,-60.720679829976",Avenida,,SANTA FE,La Capital,Asfalto,No existe,I,Dentro,Urbana,Otra Señal,Funciona,Intersección,Bueno,Buena,Diurna,Buen Tiempo,"De alcance,Múltiple",S/D,Colisión,Ninguna,Vertical,Cordón divisorio,Sin restricción
2021,1828,2021-04-01,Jueves,11:00:00,,0.0,2,"Automóvil,Automóvil",Avellaneda Y Bv Gálvez,2,1,0,0,1,0,0,"-31.638907202263,-60.688047606013",Avenida,,SANTA FE,La Capital,Asfalto,No existe,I,Dentro,Urbana,Otra Señal,Funciona,Intersección,Bueno,S/D,Diurna,S/D,"De alcance,Múltiple",S/D,Colisión,Ninguna,"Horizontal,Vertical",Cordón divisorio,Sin restricción
2021,1830,2021-01-25,Lunes,23:30:00,,0.0,2,"Moto/Ciclomotor,Moto/Ciclomotor",Méjico Y Riobamba,3,2,0,0,1,0,0,"-32.95883, -60.693",Calle,,ROSARIO,Rosario,Asfalto,S/D,II,Dentro,Urbana,Otra Señal,S/D,Recta,Bueno,S/D,Nocturna,Buen Tiempo,"De alcance,Múltiple",S/D,Colisión,S/D,Faltante,Cordón divisorio,Sin restricción
2021,1831,2021-05-10,Lunes,15:00:00,,0.0,2,"Peatón,Automóvil",Av. J J Paso Y Dr. Zavalla,2,1,0,0,1,0,0,"-31.6612, -60.72459",Avenida,,SANTA FE,La Capital,Asfalto,No existe,I,Dentro,Urbana,Otra Señal,No existe,Cruce,Bueno,Buena,Diurna,Buen Tiempo,"De alcance,Múltiple",Peatón,Colisión,Ninguna,Vertical,Cordón divisorio,Sin restricción
2021,1832,2021-04-06,Martes,19:00:00,Ruta Nacional 11,0.0,3,"Automóvil,Automóvil,Moto/Ciclomotor",PUENTE CARRETERO ,3,2,0,0,1,0,0,"-31.666545309842707, -60.7457534517",Ruta,11,SANTA FE,La Capital,Asfalto,No existe,I,Dentro,Urbana,Otra Señal,No existe,Recta,Bueno,Buena,Atardecer,Buen Tiempo,"De alcance,Múltiple",S/D,Colisión,Ninguna,Horizontal,Cordón divisorio,Sin restricción
2021,1833,2021-04-10,Sabado,16:15:00,,0.0,1,Moto/Ciclomotor,Av. Gral. López Y Av. Urquiza,2,1,0,0,1,0,0,"-31.655896459682,-60.716175586575",Avenida,,SANTA FE,La Capital,Asfalto,No existe,I,Dentro,Urbana,Otra Señal,Funciona,Intersección,Resbaladiza,Buena,Diurna,Buen Tiempo,"De alcance,Múltiple",S/D,Colisión,Ninguna,"Horizontal,Vertical",Cordón divisorio,Sin restricción
2021,1834,2021-04-16,Viernes,16:45:00,,0.0,2,"Automóvil,Pickup/Utilitario",Av. 7 Jefes 3500,2,1,0,0,1,0,0,"-31.639566, -60.683074",Avenida,,SANTA FE,La Capital,Asfalto,No existe,I,Dentro,Urbana,Otra Señal,No existe,Intersección,Bueno,S/D,Diurna,S/D,"De alcance,Múltiple",S/D,Colisión,Ninguna,Horizontal,Cordón divisorio,Sin restricción
2021,1835,2021-04-12,Lunes,09:30:00,,0.0,2,"Automóvil,Bicicleta",Jujuy Y San José,3,2,0,0,1,0,0,"-31.659651491421,-60.726742754706",Calle,,SANTA FE,La Capital,Asfalto,No existe,I,Dentro,Urbana,Otra Señal,No existe,Intersección,Bueno,Buena,Diurna,Buen Tiempo,"De alcance,Múltiple",Ciclista,Colisión,Ninguna,Vertical,Cordón divisorio,Sin restricción
2021,1836,2021-01-30,Sabado,22:10:00,,0.0,2,"Moto/Ciclomotor,Otros",Boulevard General B Mitre Y Dr. Romang,3,2,0,0,1,0,0,"-32.95883, -60.693",Calle,,HELVECIA,Garay,Asfalto,S/D,VII,S/D,Urbana,Otra Señal,S/D,Intersección,S/D,S/D,Nocturna,S/D,"De alcance,Múltiple",S/D,Colisión,S/D,S/D,Cordón divisorio,Sin restricción
2021,1837,2021-04-14,Miercoles,11:30:00,,0.0,2,"Automóvil,Moto/Ciclomotor",Monseñor Zaspe Y San José,2,1,0,0,1,0,0,"-31.653320107554,-60.725243828324",Calle,,SANTA FE,La Capital,Asfalto,No existe,I,Dentro,Urbana,Otra Señal,No existe,Intersección,Bueno,Buena,Diurna,Buen Tiempo,"De alcance,Múltiple",S/D,Colisión,Ninguna,Faltante,Cordón divisorio,Sin restricción
2021,1838,2021-04-12,Lunes,16:00:00,,0.0,2,"Bicicleta,Automóvil",Candioti Y Gdor. Candioti,2,1,0,0,1,0,0,"-31.640069, -60.696289",Calle,,SANTA FE,La Capital,Asfalto,No existe,I,Dentro,Urbana,Otra Señal,No existe,Intersección,Bueno,S/D,Diurna,S/D,"De alcance,Múltiple",Ciclista,Colisión,S/D,Horizontal,Cordón divisorio,Sin restricción
2021,1839,2021-04-18,Domingo,23:25:00,Ruta Nacional 11,0.0,1,Moto/Ciclomotor,PUENTE CARRETERO ,1,1,0,0,0,0,0,"-31.666561412011347, -60.7458436355",Ruta,11,SANTA FE,La Capital,Asfalto,No existe,I,Dentro,Rural,Otra Señal,No existe,Recta,Bueno,Buena,Nocturna,Buen Tiempo,"De alcance,Múltiple",S/D,Colisión,Ninguna,Horizontal,Cordón divisorio,Sin restricción
2021,1840,2021-05-11,Martes,10:15:00,,0.0,2,"Moto/Ciclomotor,Pickup/Utilitario",Uruguay Y San Lorenzo,3,2,0,0,1,0,0,"-31.65932, -60.72131",Calle,,SANTA FE,La Capital,Asfalto,No existe,I,S/D,Urbana,Otra Señal,No existe,Intersección,Bueno,Buena,Diurna,Buen Tiempo,"De alcance,Múltiple",S/D,Colisión,Ninguna,Faltante,Cordón divisorio,Sin restricción
2021,1841,2021-04-21,Miercoles,14:00:00,,0.0,2,"Automóvil,Moto/Ciclomotor",Av. Urquiza Y Corrientes,3,2,0,0,1,0,0,"-31.652547413013,-60.715143061534",Avenida,,SANTA FE,La Capital,Asfalto,No existe,I,Dentro,Urbana,Otra Señal,Funciona,Intersección,Bueno,Buena,Diurna,Buen Tiempo,"De alcance,Múltiple",S/D,Colisión,Ninguna,"Horizontal,Vertical",Cordón divisorio,Sin restricción
2021,1842,2021-04-12,Lunes,09:10:00,,0.0,2,"Pickup/Utilitario,Moto/Ciclomotor",Domingo Silva Y Güemes,2,1,0,0,1,0,0,"-31.633966805629,-60.687731901729",Calle,,SANTA FE,La Capital,Asfalto,No existe,I,Dentro,Urbana,Otra Señal,No existe,Intersección,Bueno,S/D,Diurna,S/D,"De alcance,Múltiple",S/D,Colisión,S/D,Faltante,Cordón divisorio,Sin restricción
2021,1843,2021-04-22,Jueves,12:15:00,,0.0,2,"Automóvil,Moto/Ciclomotor",Amenábar Y Dr. Zavalla,2,1,0,0,1,0,0,"-31.656901964062,-60.723379120572",Calle,,SANTA FE,La Capital,Asfalto,No existe,I,Dentro,Urbana,Otra Señal,No existe,Intersección,Bueno,Buena,Diurna,Buen Tiempo,"De alcance,Múltiple",S/D,Colisión,Ninguna,Horizontal,Cordón divisorio,Sin restricción
2021,1844,2021-01-30,Sabado,,,0.0,2,"Moto/Ciclomotor,Automóvil",San Martin Y A Gaminara,3,2,0,0,1,0,0,"-31.74022, -61.09619",Calle,,SAN CARLOS CENTRO,Las Colonias,Asfalto,No existe,XI,Dentro,Urbana,Otra Señal,No existe,Intersección,Bueno,Buena,Diurna,Buen Tiempo,"De alcance,Múltiple",S/D,Colisión,Ninguna,Faltante,Cordón divisorio,Sin restricción
2021,1845,2021-05-12,Miercoles,15:30:00,,0.0,2,"Moto/Ciclomotor,Automóvil",3 de Febrero Y Dr. Zavalla,4,3,0,0,1,0,0,"-31.65597, -60.72312",Calle,,SANTA FE,La Capital,Asfalto,No existe,I,Dentro,Urbana,Otra Señal,No existe,Intersección,Bueno,Buena,Diurna,Buen Tiempo,"De alcance,Múltiple",S/D,Colisión,Ninguna,Faltante,Cordón divisorio,Sin restricción
2021,1846,2021-04-23,Viernes,09:30:00,,0.0,2,"Automóvil,Peatón",Moreno Y Sebastián Gaboto,2,1,0,0,1,0,0,"-31.650887102311,-60.73122369757",Calle,,SANTA FE,La Capital,Asfalto,No existe,II,Dentro,Urbana,Otra Señal,No existe,Intersección,Bueno,Buena,Diurna,Buen Tiempo,"De alcance,Múltiple",Peatón,Colisión,Ninguna,Faltante,Cordón divisorio,Sin restricción
2021,1847,2021-04-11,Domingo,22:00:00,Autopista Nacional A007,0.0,2,"Automóvil,Automóvil",Av. Leandro Alem Y Calchines,2,0,0,0,0,0,2,"-31.644022, -60.688259",Autopista,A007,SANTA FE,La Capital,Asfalto,No existe,I,Dentro,Urbana,Otra Señal,Funciona,Intersección,Bueno,S/D,Nocturna,S/D,"De alcance,Múltiple",S/D,Colisión,Ninguna,"Horizontal,Vertical",Cordón divisorio,Sin restricción
2021,1848,2021-01-18,Lunes,19:00:00,,0.0,2,"Pickup/Utilitario,Bicicleta",Adolfo Albrech 1900,2,1,0,0,1,0,0,"-31.58464, -60.94332",Calle,,FRANCK,Las Colonias,Asfalto,Pavimento,XI,S/D,Urbana,Otra Señal,No existe,Recta,Bueno,Buena,Diurna,Buen Tiempo,"De alcance,Múltiple",Ciclista,Colisión,Ninguna,Vertical,Cordón divisorio,Sin restricción
2021,1849,2021-05-13,Jueves,13:20:00,,0.0,2,"Automóvil,Pickup/Utilitario",Av. J J Paso Y Dr. Zavalla,4,3,0,0,1,0,0,"-31.6612, -60.72458",Avenida,,SANTA FE,La Capital,Asfalto,No existe,I,S/D,Urbana,Otra Señal,No existe,Rotonda,Bueno,Buena,Diurna,Buen Tiempo,"De alcance,Múltiple",S/D,Colisión,Ninguna,Vertical,Cordón divisorio,Sin restricción
2021,1850,2021-04-24,Sabado,13:10:00,,0.0,2,"Moto/Ciclomotor,Automóvil",Moreno Y San Lorenzo,2,1,0,0,1,0,0,"-31.653010508135,-60.719395393264",Calle,,SANTA FE,La Capital,Asfalto,No existe,I,Dentro,Urbana,Otra Señal,No existe,Intersección,Bueno,Buena,Diurna,Buen Tiempo,"De alcance,Múltiple",S/D,Colisión,Ninguna,Faltante,Cordón divisorio,Sin restricción
2021,1851,2021-04-09,Viernes,,,0.0,2,"Moto/Ciclomotor,Automóvil",Bv Gálvez Y Las Heras,2,0,0,1,1,0,0,"-31.636853166479,-60.697619606638",Avenida,,SANTA FE,La Capital,Asfalto,No existe,I,Dentro,Urbana,Otra Señal,Funciona,Intersección,Bueno,S/D,Nocturna,S/D,"De alcance,Múltiple",S/D,Colisión,S/D,"Horizontal,Vertical",Cordón divisorio,Sin restricción
2021,1852,2021-01-18,Lunes,,,0.0,2,"Automóvil,Moto/Ciclomotor",San Luis Y Sarmiento,2,1,0,0,1,0,0,"-31.74675, -61.09926",Calle,,SAN CARLOS CENTRO,Las Colonias,Ripio,Natural,XI,Dentro,Urbana,Otra Señal,No existe,Intersección,Bueno,Buena,Diurna,Buen Tiempo,"De alcance,Múltiple",S/D,Colisión,Ninguna,Faltante,Cordón divisorio,Sin restricción
2021,1853,2021-01-18,Lunes,20:45:00,,0.0,2,"Moto/Ciclomotor,Automóvil",Marcos Avellaneda Y General Paz,4,2,0,0,0,0,2,"-31.45337, -60.93476",Calle,,ESPERANZA,Las Colonias,Asfalto,No existe,XI,S/D,Urbana,Otra Señal,S/D,Intersección,Bueno,Buena,Nocturna,Buen Tiempo,"De alcance,Múltiple",S/D,Colisión,Ninguna,S/D,Cordón divisorio,Sin restricción
2021,1854,2021-01-24,Domingo,21:00:00,,0.0,1,Moto/Ciclomotor,Ruta provincial 70 ,1,1,0,0,0,0,0,"-31.45403, -60.8849",Calle,,ESPERANZA,Las Colonias,Asfalto,No existe,XI,S/D,Urbana,Otra Señal,S/D,Recta,Bueno,S/D,Con luz artificial,S/D,"De alcance,Múltiple",S/D,Colisión,Ninguna,S/D,Cordón divisorio,Sin restricción
2021,1855,2021-04-27,Martes,19:30:00,,0.0,2,"Moto/Ciclomotor,Moto/Ciclomotor",Corrientes Y Juan Diaz de Solís,3,3,0,0,0,0,0,"-31.650257960861,-60.728482975533",Calle,,SANTA FE,La Capital,Asfalto,No existe,I,Dentro,Urbana,Otra Señal,No existe,Intersección,Bueno,Buena,Nocturna,Buen Tiempo,"De alcance,Múltiple",S/D,Colisión,Ninguna,Faltante,Cordón divisorio,Sin restricción
2021,1856,2021-04-24,Sabado,09:30:00,,0.0,2,"Moto/Ciclomotor,Automóvil",9 de Julio Y Hipólito Yrigoyen,2,1,0,0,1,0,0,"-31.641778, -60.707887",Calle,,SANTA FE,La Capital,Asfalto,No existe,I,Dentro,Urbana,Otra Señal,No existe,Intersección,Bueno,Buena,Diurna,Buen Tiempo,"De alcance,Múltiple",S/D,Colisión,Ninguna,Horizontal,Cordón divisorio,Sin restricción
2021,1857,2021-01-18,Lunes,12:00:00,,0.0,2,"Moto/Ciclomotor,Automóvil",Javier de la Rosa Y Candioti,2,0,0,0,1,0,1,"-31.60081, -60.68475",Calle,,SANTA FE,La Capital,S/D,S/D,I,Dentro,Urbana,Otra Señal,No existe,Intersección,S/D,S/D,Diurna,S/D,"De alcance,Múltiple",S/D,Colisión,Fluidos,Faltante,Cordón divisorio,Sin restricción
2021,1858,2021-04-28,Miercoles,17:00:00,,0.0,2,"Peatón,Automóvil",Av. Urquiza Y Moreno,2,1,0,0,1,0,0,"-31.653677309833,-60.715483817532",Avenida,,SANTA FE,La Capital,Asfalto,No existe,I,Dentro,Urbana,Otra Señal,Funciona,Intersección,Bueno,Buena,Diurna,Buen Tiempo,"De alcance,Múltiple",Peatón,Colisión,Ninguna,"Horizontal,Vertical",Cordón divisorio,Sin restricción
2021,1859,2021-04-25,Domingo,11:20:00,,0.0,2,"Automóvil,Moto/Ciclomotor",25 de Mayo Y Bv Pellegrini,2,1,0,0,1,0,0,"-31.635802538923,-60.702550206979",Avenida,,SANTA FE,La Capital,Asfalto,No existe,I,Dentro,Urbana,Otra Señal,Funciona,Intersección,Bueno,Buena,Diurna,Buen Tiempo,"De alcance,Múltiple",S/D,Colisión,Ninguna,"Horizontal,Vertical",Cordón divisorio,Sin restricción