anio_acci,nro_acci,fecha,desc_dia,hora_aprox,desc_ruta,km,cant_participantes,desc_participante,calle_avenida_km,total,heridos_leves,heridos_graves,heridos_gravisimos,ilesos,fallecidos,sin_datos,posicion_XY,desc_tipo_via,desc_ruta_ori,desc_loc,desc_dpto,desc_tipo_calzada,desc_tipo_banquina,desc_unidad_regional,desc_lugar_calzada,desc_zona,desc_prioridad,desc_estado_semaforo,desc_lugar_via,desc_estado_via,desc_estado_visibilidad,desc_luminosidad,desc_estado_clima,desc_tipo_colision,desc_tipo_atropello,desc_tipo_hecho,desc_pres_calzada,desc_senializacion,desc_separacion_via,desc_restriccion
2021,1989,2021-01-20,Miercoles,00:50:00,Ruta Provincial 10,210.0,1,Moto/Ciclomotor, ,1,1,0,0,0,0,0,"-31.15757, -61.20473",Ruta,10,FELICIA,Las Colonias,Asfalto,Natural,XI,S/D,Rural,Otra Señal,S/D,Intersección,Bueno,Buena,Nocturna,Buen Tiempo,"De alcance,Múltiple",S/D,Colisión,Ninguna,Horizontal,Cordón divisorio,Sin restricción
2021,1990,2021-05-18,Martes,08:40:00,Ruta Nacional 9,0.0,2,"Moto/Ciclomotor,Camión Chasis",Moreno ,2,1,0,0,1,0,0,"-32.92168, -60.80971",Ruta,9,FUNES,Rosario,Asfalto,Ripio,II,Dentro,Urbana,Otra Señal,No existe,Intersección,Bueno,Buena,Diurna,Buen Tiempo,"De alcance,Múltiple",S/D,Colisión,Ninguna,Vertical,Cordón divisorio,Sin restricción
2021,1991,2021-05-15,Sabado,13:35:00,,0.0,2,"Automóvil,Moto/Ciclomotor",Sarmiento Y Av. Del Huerto,2,1,0,0,1,0,0,"-32.93992, -60.63656",Calle,,ROSARIO,Rosario,Asfalto,S/D,II,Dentro,Urbana,Otra Señal,S/D,Intersección,S/D,S/D,Diurna,S/D,"De alcance,Múltiple",S/D,Colisión,S/D,S/D,Cordón divisorio,Sin restricción
2021,1992,2021-04-06,Martes,18:30:00,,0.0,2,"Moto/Ciclomotor,Pickup/Utilitario",Av. López y Planes Y Fray C Rodríguez,2,1,0,0,1,0,0,"-31.618742312868,-60.713461647208",Avenida,,SANTA FE,La Capital,Asfalto,No existe,I,Dentro,Urbana,Otra Señal,Funciona,Intersección,Bueno,Buena,Atardecer,Buen Tiempo,"De alcance,Múltiple",S/D,Colisión,Ninguna,"Horizontal,Vertical",Cordón divisorio,Sin restricción
2021,1994,2021-04-07,Miercoles,17:00:00,,0.0,2,"Moto/Ciclomotor,Automóvil",Av. Pte. Perón Y Padre Catena,2,1,0,0,0,0,1,"-31.629908791951,-60.717989595436",Avenida,,SANTA FE,La Capital,Asfalto,No existe,I,Dentro,Urbana,Otra Señal,Funciona,Intersección,Bueno,Buena,Atardecer,Buen Tiempo,"De alcance,Múltiple",S/D,Colisión,Ninguna,Vertical,Cordón divisorio,Sin restricción
2021,1996,2021-04-07,Miercoles,16:50:00,,0.0,2,"Automóvil,Pickup/Utilitario",Francia Y Juan Del Campillo,2,0,0,0,0,0,2,"-31.628304923982,-60.709671671306",Calle,,SANTA FE,La Capital,Asfalto,No existe,I,Dentro,Urbana,Otra Señal,Funciona,Intersección,Bueno,Buena,Diurna,Buen Tiempo,"De alcance,Múltiple",S/D,Colisión,Ninguna,Horizontal,Cordón divisorio,Sin restricción
2021,1997,2021-01-20,Miercoles,20:30:00,,0.0,2,"Moto/Ciclomotor,Automóvil",Córdoba 900,2,1,0,0,1,0,0,"-31.74209, -61.0967",Calle,,SAN CARLOS CENTRO,Las Colonias,Ripio,No existe,XI,Dentro,Urbana,Otra Señal,No existe,Intersección,Bueno,Buena,Atardecer,Buen Tiempo,"De alcance,Múltiple",S/D,Colisión,Ninguna,Vertical,Cordón divisorio,Sin restricción
2021,1998,2021-04-10,Sabado,05:25:00,,0.0,2,"Moto/Ciclomotor,Automóvil",Av. Peñaloza Y Martin Zapata,2,0,0,0,0,0,2,"-31.616925853631,-60.713326592832",Avenida,,SANTA FE,La Capital,Asfalto,No existe,I,Dentro,Urbana,Otra Señal,No existe,Intersección,Bueno,Buena,Diurna,Buen Tiempo,"De alcance,Múltiple",S/D,Colisión,Ninguna,Vertical,Cordón divisorio,Sin restricción
2021,1999,2021-04-10,Sabado,,Autopista Provincial Brigadier E.LÓPEZ,0.0,2,"Moto/Ciclomotor,Automóvil",Av. López y Planes Y Iturraspe,2,1,0,0,1,0,0,"-31.626410682333,-60.713783660889",Autopista,Brigadier E.LÓPEZ,SANTA FE,La Capital,Asfalto,No existe,I,Dentro,Urbana,Otra Señal,Funciona,Intersección,Bueno,Buena,Diurna,Buen Tiempo,"De alcance,Múltiple",S/D,Colisión,Ninguna,"Horizontal,Vertical",Cordón divisorio,Sin restricción
2021,2000,2021-05-18,Martes,09:00:00,Autopista Nacional Rosario -Cordoba,0.0,2,"Moto/Ciclomotor,Pickup/Utilitario", ,2,1,0,0,1,0,0,"-32.93491, -60.85448",Autopista,Rosario -Cordoba,FUNES,Rosario,Asfalto,Natural,II,Dentro,Urbana,Otra Señal,No existe,Intersección,Bueno,Buena,Diurna,Buen Tiempo,"De alcance,Múltiple",S/D,Colisión,Ninguna,Vertical,Cordón divisorio,Sin restricción
2021,2001,2021-05-17,Lunes,,,0.0,2,"Moto/Ciclomotor,Automóvil",Av. San Martin 2500,2,1,0,0,1,0,0,"-32.84589, -60.70706",Avenida,,GRANADERO BAIGORRIA,Rosario,Asfalto,Pavimento,II,Dentro,Urbana,Otra Señal,No existe,Intersección,Bueno,Buena,Nocturna,Buen Tiempo,"De alcance,Múltiple",S/D,Colisión,Ninguna,Faltante,Cordón divisorio,Sin restricción
2021,2002,2021-04-14,Miercoles,08:30:00,,0.0,2,"Bicicleta,Automóvil",Av. López y Planes Y Juan Del Campillo,2,1,0,0,1,0,0,"-31.627587240916,-60.713845344486",Avenida,,SANTA FE,La Capital,Asfalto,No existe,I,Dentro,Urbana,Otra Señal,Funciona,Intersección,Bueno,Buena,Diurna,Buen Tiempo,"De alcance,Múltiple",Ciclista,Colisión,Ninguna,"Horizontal,Vertical",Cordón divisorio,Sin restricción
2021,2003,2021-04-16,Viernes,19:15:00,,0.0,2,"Moto/Ciclomotor,Automóvil",Av. Battle y Ordoñez Y Salva,4,3,0,0,1,0,0,"-33.008615970611594,-60.63998222351",Avenida,,ROSARIO,Rosario,Asfalto,No existe,II,Dentro,Urbana,Otra Señal,No existe,Intersección,Bueno,Buena,Atardecer,Buen Tiempo,"De alcance,Múltiple",S/D,Colisión,Ninguna,Faltante,Cordón divisorio,Sin restricción
2021,2004,2021-05-08,Sabado,15:45:00,,0.0,2,"Moto/Ciclomotor,Automóvil",Bv. 27 De Febrero Y San Martin,2,1,0,0,1,0,0,"-32.96792, -60.642",Avenida,,ROSARIO,Rosario,Asfalto,No existe,II,Dentro,Urbana,Otra Señal,Funciona,Intersección,Bueno,Buena,Diurna,Buen Tiempo,"De alcance,Múltiple",S/D,Colisión,Ninguna,Vertical,Cordón divisorio,Sin restricción
2021,2005,2021-04-15,Jueves,18:45:00,,0.0,2,"Bicicleta,Moto/Ciclomotor",Francia Y Iturraspe,2,1,0,0,0,0,1,"-31.627400133762,-60.709390762278",Calle,,SANTA FE,La Capital,Asfalto,No existe,I,Dentro,Urbana,Otra Señal,Funciona,Intersección,Bueno,Buena,Atardecer,Buen Tiempo,"De alcance,Múltiple",S/D,Colisión,Ninguna,Vertical,Cordón divisorio,Sin restricción
2021,2006,2021-04-03,Sabado,17:30:00,,0.0,2,"Moto/Ciclomotor,Automóvil",Centeno Y España,2,1,0,0,1,0,0,"-32.98331269304,-60.656172489409",Calle,,ROSARIO,Rosario,Asfalto,No existe,II,Dentro,Urbana,Otra Señal,No existe,Intersección,Bueno,Buena,Diurna,Buen Tiempo,"De alcance,Múltiple",S/D,Colisión,Ninguna,Faltante,Cordón divisorio,Sin restricción
2021,2007,2021-04-19,Lunes,17:00:00,,0.0,2,"Moto/Ciclomotor,Pickup/Utilitario",Martin Zapata ,2,1,0,0,0,0,1,"-31.614807009521,-60.720869230869",Calle,,SANTA FE,La Capital,Asfalto,No existe,I,Dentro,Urbana,Otra Señal,Funciona,Intersección,Bueno,Buena,Diurna,Buen Tiempo,"De alcance,Múltiple",S/D,Colisión,Ninguna,Vertical,Cordón divisorio,Sin restricción
2021,2008,2021-04-21,Miercoles,14:30:00,,0.0,2,"Moto/Ciclomotor,Pickup/Utilitario",Av. López y Planes Y Gutiérrez,2,1,0,0,1,0,0,"-31.620762737181,-60.713408557452",Avenida,,SANTA FE,La Capital,Asfalto,No existe,I,Dentro,Urbana,Otra Señal,No existe,Intersección,Bueno,Buena,Diurna,Buen Tiempo,"De alcance,Múltiple",S/D,Colisión,Ninguna,Horizontal,Cordón divisorio,Sin restricción
2021,2009,2021-04-22,Jueves,06:45:00,,0.0,2,"Moto/Ciclomotor,Automóvil",Av. Pte. Perón Y Ecuador,2,1,0,0,0,0,1,"-31.619593418352,-60.718490033087",Avenida,,SANTA FE,La Capital,Asfalto,No existe,I,Dentro,Urbana,Otra Señal,Funciona,Intersección,Bueno,Buena,Diurna,Buen Tiempo,"De alcance,Múltiple",S/D,Colisión,Ninguna,Faltante,Cordón divisorio,Sin restricción
2021,2010,2021-04-22,Jueves,,,0.0,2,"Moto/Ciclomotor,Automóvil",Av. Blas Parera Y Derqui,2,1,0,0,1,0,0,"-31.612433125551,-60.718429758061",Avenida,,SANTA FE,La Capital,Asfalto,No existe,I,Dentro,Urbana,Otra Señal,Funciona,Intersección,Bueno,Buena,Diurna,Buen Tiempo,"De alcance,Múltiple",S/D,Colisión,Ninguna,"Horizontal,Vertical",Cordón divisorio,Sin restricción
2021,2011,2021-04-08,Jueves,14:45:00,,0.0,2,"Moto/Ciclomotor,Automóvil",Chacabuco Y Dean Funes,3,2,0,0,1,0,0,"-32.978374028406,-60.630144400089",Calle,,ROSARIO,Rosario,Asfalto,No existe,II,Dentro,Urbana,Otra Señal,No existe,Intersección,Bueno,Buena,"Diurna,Con luz artificial",Buen Tiempo,"De alcance,Múltiple",S/D,Colisión,Ninguna,Faltante,Cordón divisorio,Sin restricción
2021,2012,2021-04-10,Sabado,20:30:00,,0.0,2,"Moto/Ciclomotor,Automóvil",Garay Y Pte. Roca,2,1,0,0,1,0,0,"-32.973235313882,-60.652183167251",Calle,,ROSARIO,Rosario,Asfalto,No existe,II,Dentro,Urbana,Otra Señal,No existe,Intersección,Bueno,Buena,Nocturna,Buen Tiempo,"De alcance,Múltiple",S/D,Colisión,Ninguna,Faltante,Cordón divisorio,Sin restricción
2021,2013,2021-04-03,Sabado,09:35:00,,0.0,2,"Automóvil,Automóvil",Bv. Seguí Y Sarmiento,2,1,0,0,1,0,0,"-32.978962429421,-60.646343767061",Avenida,,ROSARIO,Rosario,Asfalto,No existe,II,Dentro,Urbana,Otra Señal,No existe,Intersección,Bueno,Buena,Diurna,Buen Tiempo,"De alcance,Múltiple",S/D,Colisión,Ninguna,Horizontal,Cordón divisorio,Sin restricción
2021,2014,2021-04-20,Martes,12:50:00,,0.0,2,"Moto/Ciclomotor,Transporte de Pasajeros Urbano (> 8 asientos)",Esteban de Luca Y Paraguay,2,1,0,0,1,0,0,"-32.99510410352,-60.655051432009",Calle,,ROSARIO,Rosario,Asfalto,No existe,II,Dentro,Urbana,Otra Señal,No existe,Intersección,Bueno,Buena,Diurna,Buen Tiempo,"De alcance,Múltiple",S/D,Colisión,Ninguna,Faltante,Cordón divisorio,Sin restricción
2021,2015,2021-01-20,Miercoles,20:10:00,,0.0,2,"Pickup/Utilitario,Moto/Ciclomotor",Necochea Y Ricardo Aldao,3,2,0,0,1,0,0,"-31.61196, -60.68689",Calle,,SANTA FE,La Capital,Asfalto,No existe,I,Dentro,Urbana,Otra Señal,No existe,Intersección,Bueno,Reducida,Nocturna,Buen Tiempo,"De alcance,Múltiple",S/D,Colisión,Ninguna,S/D,Cordón divisorio,Sin restricción
2021,2016,2021-05-11,Martes,09:00:00,,0.0,2,"Moto/Ciclomotor,Pickup/Utilitario",Bv. 27 De Febrero Y Av. Gob.Caesar,2,1,0,0,1,0,0,"-32.96409, -60.66271",Avenida,,ROSARIO,Rosario,Asfalto,No existe,II,Dentro,Urbana,Otra Señal,No existe,Intersección,Bueno,Buena,Diurna,Buen Tiempo,"De alcance,Múltiple",S/D,Colisión,Ninguna,Faltante,Cordón divisorio,Sin restricción
2021,2017,2021-01-20,Miercoles,13:20:00,,0.0,2,"Moto/Ciclomotor,Taxi/Remis",J M Zuviria Y Alvear,2,1,0,0,1,0,0,"-31.61875, -60.69117",Calle,,SANTA FE,La Capital,Asfalto,No existe,I,Dentro,Urbana,Otra Señal,No existe,Intersección,Bueno,Buena,Diurna,Buen Tiempo,"De alcance,Múltiple",S/D,Colisión,Ninguna,S/D,Cordón divisorio,Sin restricción
2021,2018,2021-01-20,Miercoles,17:00:00,,0.0,2,"Automóvil,Moto/Ciclomotor",Candioti Y Necochea,2,1,0,0,1,0,0,"-31.6403, -60.69523",Calle,,SANTA FE,La Capital,Asfalto,No existe,I,Dentro,Urbana,Otra Señal,Funciona,Intersección,Bueno,S/D,Diurna,S/D,"De alcance,Múltiple",S/D,Colisión,S/D,S/D,Cordón divisorio,Sin restricción
2021,2019,2021-01-20,Miercoles,19:15:00,,0.0,2,"Automóvil,Moto/Ciclomotor",San Jerónimo Y Monseñor Zaspe,2,1,0,0,1,0,0,"-31.65566, -60.71062",Calle,,SANTA FE,La Capital,Asfalto,Pavimento,I,Dentro,Urbana,Otra Señal,No existe,Intersección,Bueno,Buena,Atardecer,Buen Tiempo,"De alcance,Múltiple",S/D,Colisión,Ninguna,Faltante,Cordón divisorio,Sin restricción
2021,2020,2021-05-14,Viernes,13:50:00,,0.0,2,"Moto/Ciclomotor,Pickup/Utilitario",Paraguay Y Cochabamba,2,1,0,0,1,0,0,"-32.95746, -60.64675",Calle,,ROSARIO,Rosario,Asfalto,No existe,II,Dentro,Urbana,Otra Señal,No existe,Intersección,Bueno,Buena,Diurna,Buen Tiempo,"De alcance,Múltiple",S/D,Colisión,Ninguna,Faltante,Cordón divisorio,Sin restricción
2021,2021,2021-02-26,Viernes,10:35:00,,0.0,2,"Moto/Ciclomotor,Otros",6 de Caballería Y Carlos Silvestre Begnis,2,1,0,0,1,0,0,"-29.238121475586,-61.766590670642",Calle,,TOSTADO,9 de Julio,"Asfalto,Ripio",Natural,XII,Dentro,Urbana,Otra Señal,No existe,Intersección,Bueno,Buena,Diurna,Buen Tiempo,"De alcance,Múltiple",S/D,Colisión,Ninguna,Faltante,Cordón divisorio,Sin restricción
2021,2022,2021-04-08,Jueves,19:15:00,,0.0,2,"Automóvil,Moto/Ciclomotor",Ayacucho Y Marco Polo,3,2,0,0,1,0,0,"-33.010543107636,-60.635639844118",Calle,,ROSARIO,Rosario,Asfalto,No existe,II,Dentro,Urbana,Otra Señal,No existe,Intersección,Bueno,Buena,Amanecer,Buen Tiempo,"De alcance,Múltiple",S/D,Colisión,Ninguna,Horizontal,Cordón divisorio,Sin restricción
2021,2023,2021-05-15,Sabado,12:30:00,,0.0,2,"Moto/Ciclomotor,Pickup/Utilitario",Gálvez Y Mariano Moreno,2,1,0,0,1,0,0,"-32.96655, -60.65626",Calle,,ROSARIO,Rosario,Asfalto,No existe,II,Dentro,Urbana,Otra Señal,No existe,Intersección,Bueno,Buena,Diurna,Buen Tiempo,"De alcance,Múltiple",S/D,Colisión,Ninguna,Faltante,Cordón divisorio,Sin restricción
2021,2024,2021-05-11,Martes,08:15:00,,0.0,2,"Moto/Ciclomotor,Automóvil",Bv Belgrano Y Sgto. Cabral,3,2,0,0,1,0,0,"-29.88832, -60.28525",Avenida,,CALCHAQUÍ,Vera,Asfalto,No existe,XIX,Dentro,Urbana,Otra Señal,No existe,Intersección,Bueno,Buena,Diurna,Buen Tiempo,"De alcance,Múltiple",S/D,Colisión,Ninguna,Vertical,Cordón divisorio,Sin restricción
2021,2025,2021-04-21,Miercoles,20:30:00,,0.0,2,"Moto/Ciclomotor,Automóvil",Av. Ntra.Sra.del Rosario Y Salva,2,1,0,0,1,0,0,"-32.999596528994,-60.640343480229",Avenida,,ROSARIO,Rosario,Asfalto,No existe,II,Dentro,Urbana,Otra Señal,Funciona,Intersección,Bueno,Buena,"Nocturna,Con luz artificial",Buen Tiempo,"De alcance,Múltiple",S/D,Colisión,Ninguna,Horizontal,Cordón divisorio,Sin restricción
2021,2026,2021-04-02,Viernes,16:20:00,,0.0,2,"Automóvil,Moto/Ciclomotor",Medrano 1800,3,2,0,0,1,0,0,"-32.89827110179,-60.700654078011",Calle,,ROSARIO,Rosario,Asfalto,No existe,II,Dentro,Urbana,Otra Señal,No existe,Intersección,Bueno,Buena,Diurna,Buen Tiempo,"De alcance,Múltiple",S/D,Colisión,Ninguna,Faltante,Cordón divisorio,Sin restricción
2021,2027,2021-01-21,Jueves,11:50:00,,0.0,2,"Moto/Ciclomotor,Automóvil",San Martin Y J.M.Gutierrez,2,1,0,0,1,0,0,"-32.99396, -60.64745",Calle,,ROSARIO,Rosario,Asfalto,No existe,II,S/D,Urbana,Otra Señal,Funciona,Intersección,Bueno,Buena,Diurna,Buen Tiempo,"De alcance,Múltiple",S/D,Colisión,Ninguna,"Horizontal,Vertical",Cordón divisorio,Sin restricción
2021,2028,2021-04-23,Viernes,14:15:00,,0.0,2,"Moto/Ciclomotor,Automóvil",Domingo Silva Y San Jerónimo,2,1,0,0,1,0,0,"-31.630635385278,-60.703296625122",Calle,,SANTA FE,La Capital,Asfalto,No existe,I,Dentro,Urbana,Otra Señal,No existe,Intersección,Bueno,Buena,Diurna,Buen Tiempo,"De alcance,Múltiple",S/D,Colisión,Ninguna,Horizontal,Cordón divisorio,Sin restricción
2021,2029,2021-05-08,Sabado,14:25:00,,0.0,1,Moto/Ciclomotor, ,2,2,0,0,0,0,0,"-29.88468, -60.28703",Calle,,CALCHAQUÍ,Vera,Asfalto,No existe,XIX,Dentro,Urbana,Otra Señal,No existe,Intersección,Bueno,Buena,Diurna,Buen Tiempo,"De alcance,Múltiple",S/D,Colisión,Ninguna,Faltante,Cordón divisorio,Sin restricción
2021,2030,2021-05-08,Sabado,13:50:00,,0.0,2,"Moto/Ciclomotor,Pickup/Utilitario",Mitre ,3,2,0,0,1,0,0,"-29.88493, -60.28525",Calle,,CALCHAQUÍ,Vera,Asfalto,No existe,XIX,Dentro,Urbana,Otra Señal,No existe,Intersección,Bueno,Buena,Diurna,Buen Tiempo,"De alcance,Múltiple",S/D,Colisión,Ninguna,Faltante,Cordón divisorio,Sin restricción
2021,2031,2021-04-30,Viernes,13:30:00,Ruta Nacional 34,370.0,2,"Moto/Ciclomotor,Automóvil", ,5,1,0,0,4,0,0,"-30.003721117973328,-61.83104127645",Ruta,34,HERSILIA,San CRISTÓBAL,Asfalto,Ripio,XIII,Dentro,Urbana,Otra Señal,No existe,Intersección,Bueno,Buena,Diurna,Buen Tiempo,"De alcance,Múltiple",S/D,Colisión,Ninguna,Horizontal,Cordón divisorio,Sin restricción
2021,2032,2021-01-21,Jueves,19:30:00,,0.0,2,"Moto/Ciclomotor,Automóvil",F.Frias Y Pje. Magnano,2,1,0,0,1,0,0,"-33.01169, -60.63906",Calle,,ROSARIO,Rosario,Asfalto,No existe,II,S/D,Urbana,Otra Señal,No existe,Intersección,Bueno,Buena,Atardecer,Buen Tiempo,"De alcance,Múltiple",S/D,Colisión,Ninguna,Faltante,Cordón divisorio,Sin restricción
2021,2035,2021-04-27,Martes,18:50:00,,0.0,2,"Moto/Ciclomotor,Automóvil",Ayacucho Y Centeno,2,1,0,0,1,0,0,"-32.986858983876,-60.636349044186",Calle,,ROSARIO,Rosario,Asfalto,No existe,II,Dentro,Urbana,Otra Señal,No existe,Intersección,Bueno,Buena,Atardecer,Buen Tiempo,"De alcance,Múltiple",S/D,Colisión,Ninguna,Faltante,Cordón divisorio,Sin restricción
2021,2038,2021-04-26,Lunes,10:30:00,,0.0,2,"Moto/Ciclomotor,Automóvil",Av. A del Valle 4806,2,1,0,0,1,0,0,"-31.623660850991,-60.699539810715",Avenida,,SANTA FE,La Capital,Asfalto,No existe,I,Dentro,Urbana,Otra Señal,No existe,Intersección,Bueno,Buena,Diurna,Buen Tiempo,"De alcance,Múltiple",S/D,Colisión,Ninguna,"Horizontal,Vertical",Cordón divisorio,Sin restricción
2021,2040,2021-04-23,Viernes,14:00:00,,0.0,2,"Moto/Ciclomotor,Automóvil", ,3,2,0,0,1,0,0,"-31.625621, -60.713614",Calle,,SANTA FE,La Capital,S/D,S/D,I,Dentro,Urbana,Otra Señal,S/D,Intersección,S/D,S/D,S/D,S/D,"De alcance,Múltiple",S/D,Colisión,S/D,S/D,Cordón divisorio,Sin restricción
2021,2041,2021-04-26,Lunes,12:00:00,,0.0,2,"Moto/Ciclomotor,Automóvil",Av. A del Valle Y Espora,2,1,0,0,1,0,0,"-31.603982319017,-60.692395502687",Avenida,,SANTA FE,La Capital,Asfalto,No existe,I,Dentro,Urbana,Otra Señal,No existe,Intersección,Bueno,Buena,Diurna,Buen Tiempo,"De alcance,Múltiple",S/D,Colisión,Ninguna,Faltante,Cordón divisorio,Sin restricción
2021,2042,2021-01-21,Jueves,08:00:00,,0.0,2,"Automóvil,Moto/Ciclomotor",Moreno Y Monteagudo,2,1,0,0,1,0,0,"-32.77824, -60.73339",Calle,,FRAY LUIS BELTRÁN,San Lorenzo,Tierra,Ripio,XVII,S/D,Urbana,Otra Señal,No existe,Intersección,Con baches,S/D,Nocturna,S/D,"De alcance,Múltiple",S/D,Colisión,Material Suelto,Faltante,Cordón divisorio,Sin restricción
2021,2046,2021-04-01,Jueves,12:00:00,,0.0,2,"Moto/Ciclomotor,Automóvil",Av. Urquiza Y Estanislao Zeballos,2,1,0,0,1,0,0,"-31.60405228457,-60.701063025396",Avenida,,SANTA FE,La Capital,Asfalto,No existe,I,Dentro,Urbana,Otra Señal,No existe,Intersección,Bueno,Buena,Diurna,Buen Tiempo,"De alcance,Múltiple",S/D,Colisión,Ninguna,Faltante,Cordón divisorio,Sin restricción
2021,2047,2021-01-21,Jueves,17:40:00,Ruta Provincial 23,46.0,2,"Automóvil,Camión c / Acoplado", ,2,1,0,0,1,0,0,"-30.23636, -61.86956",Ruta,23,VILLA TRINIDAD,San CRISTÓBAL,Asfalto,Natural,XIII,Dentro,Urbana,Otra Señal,No existe,Intersección,Bueno,Buena,Diurna,Buen Tiempo,"De alcance,Múltiple",S/D,Colisión,Ninguna,Faltante,Cordón divisorio,Sin restricción
2021,2048,2021-04-03,Sabado,13:50:00,,0.0,2,"Moto/Ciclomotor,Automóvil", ,3,1,0,0,2,0,0,"-31.623635368725974, -60.6994061593",Calle,,SANTA FE,La Capital,Asfalto,S/D,I,Dentro,Urbana,Otra Señal,S/D,Intersección,S/D,S/D,Diurna,Buen Tiempo,"De alcance,Múltiple",S/D,Colisión,Ninguna,Faltante,Cordón divisorio,Sin restricción
2021,2049,2021-04-04,Domingo,13:40:00,,0.0,2,"Moto/Ciclomotor,Moto/Ciclomotor",9 de Julio Y Estanislao Zeballos,3,2,0,0,1,0,0,"-31.60491744609,-60.697054725151",Calle,,SANTA FE,La Capital,Asfalto,No existe,I,Dentro,Urbana,Otra Señal,No existe,Intersección,Bueno,Buena,Diurna,Buen Tiempo,"De alcance,Múltiple",S/D,Colisión,Ninguna,Faltante,Cordón divisorio,Sin restricción
2021,2050,2021-04-05,Lunes,04:30:00,,0.0,2,"Moto/Ciclomotor,Automóvil",Av. Urquiza Y Risso,3,2,0,0,1,0,0,"-31.599482649928,-60.699743292745",Avenida,,SANTA FE,La Capital,Asfalto,No existe,I,Dentro,Urbana,Otra Señal,No existe,Intersección,Bueno,Buena,"Nocturna,Con luz artificial",Buen Tiempo,"De alcance,Múltiple",S/D,Colisión,Ninguna,Faltante,Cordón divisorio,Sin restricción
2021,2052,2021-01-21,Jueves,21:20:00,,0.0,2,"Moto/Ciclomotor,Automóvil",Güemes Y Juan B Alberdi,3,2,0,0,1,0,0,"-31.30619, -60.66935",Calle,,LAGUNA PAIVA,La Capital,Ripio,No existe,I,S/D,Urbana,Otra Señal,No existe,Intersección,Bueno,Buena,"Nocturna,Con luz artificial",Buen Tiempo,"De alcance,Múltiple",S/D,Colisión,Ninguna,Faltante,Cordón divisorio,Sin restricción
2021,2053,2021-04-22,Jueves,15:00:00,,0.0,2,"Automóvil,Moto/Ciclomotor",P Cullen Y Reg. 12 de Infantería,2,1,0,0,1,0,0,"-31.602938162228,-60.670896990237",Calle,,SANTA FE,La Capital,Asfalto,No existe,I,Dentro,Urbana,Otra Señal,No existe,Intersección,Bueno,Reducida,"Nocturna,Con luz artificial",Buen Tiempo,"De alcance,Múltiple",S/D,Colisión,Ninguna,Faltante,Cordón divisorio,Sin restricción
2021,2054,2021-01-21,Jueves,07:45:00,,0.0,2,"Bicicleta,Moto/Ciclomotor",Av. Pte. Perón Y Fray C Rodríguez,2,1,0,0,1,0,0,"-31.61788, -60.7184",Avenida,,SANTA FE,La Capital,Asfalto,No existe,I,Dentro,Urbana,Otra Señal,Funciona,Intersección,Bueno,Buena,Diurna,Buen Tiempo,"De alcance,Múltiple",Ciclista,Colisión,Ninguna,Horizontal,Cordón divisorio,Sin restricción
2021,2055,2021-04-24,Sabado,12:45:00,Ruta Nacional 11,0.0,2,"Automóvil,Moto/Ciclomotor",Av. Blas Parera Y Don Guanella,2,1,0,0,1,0,0,"-31.594368301904,-60.723380092765",Ruta,11,SANTA FE,La Capital,Asfalto,No existe,I,Dentro,Urbana,Otra Señal,Funciona,Intersección,Bueno,Buena,Diurna,Buen Tiempo,"De alcance,Múltiple",S/D,Colisión,Ninguna,"Horizontal,Vertical",Cordón divisorio,Sin restricción
2021,2056,2021-01-21,Jueves,,,0.0,2,"Moto/Ciclomotor,Automóvil",Av. López y Planes Y Iturraspe,2,1,0,0,1,0,0,"-31.62594, -60.71377",Avenida,,SANTA FE,La Capital,Asfalto,S/D,I,Dentro,Urbana,Otra Señal,Funciona,Intersección,Bueno,Buena,Diurna,Buen Tiempo,"De alcance,Múltiple",S/D,Colisión,Ninguna,Horizontal,Cordón divisorio,Sin restricción
2021,2057,2021-04-05,Lunes,22:50:00,,0.0,2,"Moto/Ciclomotor,Automóvil",Av. Facundo Zuviria Y Iturraspe,3,2,0,0,1,0,0,"-31.628316388797,-60.705160588783",Avenida,,SANTA FE,La Capital,Asfalto,No existe,I,Dentro,Urbana,Otra Señal,Funciona,Intersección,Bueno,Buena,"Nocturna,Con luz artificial",Buen Tiempo,"De alcance,Múltiple",S/D,Colisión,Ninguna,"Horizontal,Vertical",Cordón divisorio,Sin restricción
2021,2058,2021-04-24,Sabado,14:40:00,,0.0,2,"Automóvil,Moto/Ciclomotor",Av. Peñaloza Y Javier de la Rosa,2,1,0,0,1,0,0,"-31.594810715455,-60.712051689202",Avenida,,SANTA FE,La Capital,Asfalto,No existe,I,Dentro,Urbana,Otra Señal,No existe,Intersección,Bueno,Buena,Diurna,Buen Tiempo,"De alcance,Múltiple",S/D,Colisión,Ninguna,Faltante,Cordón divisorio,Sin restricción