anio_acci,nro_acci,fecha,desc_dia,hora_aprox,desc_ruta,km,cant_participantes,desc_participante,calle_avenida_km,total,heridos_leves,heridos_graves,heridos_gravisimos,ilesos,fallecidos,sin_datos,posicion_XY,desc_tipo_via,desc_ruta_ori,desc_loc,desc_dpto,desc_tipo_calzada,desc_tipo_banquina,desc_unidad_regional,desc_lugar_calzada,desc_zona,desc_prioridad,desc_estado_semaforo,desc_lugar_via,desc_estado_via,desc_estado_visibilidad,desc_luminosidad,desc_estado_clima,desc_tipo_colision,desc_tipo_atropello,desc_tipo_hecho,desc_pres_calzada,desc_senializacion,desc_separacion_via,desc_restriccion
2021,2059,2021-01-21,Jueves,19:50:00,,0.0,2,"Automóvil,Moto/Ciclomotor",Av. Pte. Perón Y Bolivia,2,1,0,0,1,0,0,"-31.623, -60.71851",Avenida,,SANTA FE,La Capital,Asfalto,No existe,I,S/D,Urbana,Otra Señal,Intermitente,Intersección,Bueno,Buena,Diurna,Buen Tiempo,"De alcance,Múltiple",S/D,Colisión,Ninguna,Horizontal,Cordón divisorio,Sin restricción
2021,2060,2021-04-06,Martes,10:00:00,,0.0,2,"Bicicleta,Taxi/Remis",Av. A del Valle Y Córdoba,2,1,0,0,1,0,0,"-31.628323590032,-60.700575690349",Avenida,,SANTA FE,La Capital,Asfalto,No existe,I,Dentro,Urbana,Otra Señal,No existe,Intersección,Bueno,Buena,Diurna,Buen Tiempo,"De alcance,Múltiple",Ciclista,Colisión,Ninguna,Faltante,Cordón divisorio,Sin restricción
2021,2061,2021-01-25,Lunes,,,0.0,3,"Automóvil,Automóvil,Automóvil", ,3,3,0,0,0,0,0,"-31.44906, -60.92984",S/D,,ESPERANZA,Las Colonias,S/D,S/D,XI,S/D,S/D,Otra Señal,S/D,Intersección,S/D,S/D,S/D,S/D,"De alcance,Múltiple",S/D,Colisión,S/D,S/D,Cordón divisorio,Sin restricción
2021,2062,2021-01-15,Viernes,16:35:00,Ruta Provincial 15,155.0,2,"Pickup/Utilitario,Camión c / Acoplado", ,2,0,0,0,1,1,0,"-32.97255, -61.74802",Ruta,15,TORTUGAS,Belgrano,Asfalto,Natural,III,Dentro,Rural,Otra Señal,No existe,Intersección,Bueno,Buena,Diurna,Buen Tiempo,"De alcance,Múltiple",S/D,Colisión,Otro,Vertical,Cordón divisorio,Sin restricción
2021,2064,2021-04-24,Sabado,16:15:00,,0.0,2,"Automóvil,Moto/Ciclomotor",Av. Peñaloza Y Risso,2,1,0,0,1,0,0,"-31.596816474662,-60.712203923452",Avenida,,SANTA FE,La Capital,Asfalto,No existe,I,Dentro,Urbana,Otra Señal,No existe,Intersección,Bueno,Buena,Diurna,Buen Tiempo,"De alcance,Múltiple",S/D,Colisión,Ninguna,Faltante,Cordón divisorio,Sin restricción
2021,2065,2021-04-09,Viernes,10:00:00,,0.0,2,"Automóvil,Automóvil",Av. Facundo Zuviria Y Gutiérrez,2,1,0,0,1,0,0,"-31.622448429401,-60.705427244491",Avenida,,SANTA FE,La Capital,Asfalto,No existe,I,Dentro,Urbana,Otra Señal,No existe,Intersección,Bueno,Buena,Diurna,Buen Tiempo,"De alcance,Múltiple",S/D,Colisión,Ninguna,"Horizontal,Vertical",Cordón divisorio,Sin restricción
2021,2066,2021-01-26,Martes,,Ruta Provincial 66,0.0,1,Moto/Ciclomotor, ,2,1,0,0,1,0,0,"-32.03932, -61.79915",Ruta,66,CARLOS PELLEGRINI,San MARTÍN,Asfalto,Pavimento,XVIII,Dentro,Rural,Otra Señal,No existe,Intersección,S/D,S/D,Diurna,S/D,"De alcance,Múltiple",S/D,Colisión,S/D,S/D,Cordón divisorio,Sin restricción
2021,2067,2021-01-30,Sabado,05:30:00,Ruta Provincial 21,18.0,2,"Moto/Ciclomotor,Pickup/Utilitario",Juan B Justo Bis ,2,0,0,0,1,1,0,"-33.14829, -60.51123",Ruta,21,ARROYO SECO,Rosario,Asfalto,No existe,II,Dentro,Rural,Otra Señal,Funciona,Intersección,Bueno,Buena,Nocturna,Buen Tiempo,"De alcance,Múltiple",S/D,Colisión,Ninguna,Vertical,Cordón divisorio,Sin restricción
2021,2068,2021-04-16,Viernes,19:30:00,,0.0,2,"Bicicleta,Transporte de Pasajeros Urbano (> 8 asientos)",Av. Facundo Zuviria Y Pedro Centeno,2,1,0,0,1,0,0,"-31.626345246727,-60.705272199027",Avenida,,SANTA FE,La Capital,Asfalto,No existe,I,Dentro,Urbana,Otra Señal,No existe,Intersección,Bueno,Buena,Atardecer,Buen Tiempo,"De alcance,Múltiple",Ciclista,Colisión,Ninguna,Faltante,Cordón divisorio,Sin restricción
2021,2069,2021-04-17,Sabado,21:00:00,,0.0,2,"Bicicleta,Automóvil",1ro de Mayo Y Gorostiaga,2,1,0,0,1,0,0,"-31.611033437321,-60.700082599646",Calle,,SANTA FE,La Capital,Asfalto,No existe,I,Dentro,Urbana,Otra Señal,No existe,Intersección,Bueno,Buena,"Nocturna,Con luz artificial",Buen Tiempo,"De alcance,Múltiple",Ciclista,Colisión,Ninguna,Horizontal,Cordón divisorio,Sin restricción
2021,2070,2021-04-21,Miercoles,15:00:00,,0.0,2,"Automóvil,Moto/Ciclomotor",Av. Peñaloza Y Reg. 12 de Infantería,2,1,0,0,1,0,0,"-31.593822618937,-60.712154803106",Avenida,,SANTA FE,La Capital,Asfalto,No existe,I,Dentro,Urbana,Otra Señal,Funciona,Intersección,Bueno,Buena,Diurna,Buen Tiempo,"De alcance,Múltiple",S/D,Colisión,Ninguna,"Horizontal,Vertical",Cordón divisorio,Sin restricción
2021,2071,2021-04-19,Lunes,12:30:00,,0.0,2,"Automóvil,Otros",Av. A del Valle Y Diagonal Martínez,2,1,0,0,1,0,0,"-31.619109483175,-60.698430451977",Avenida,,SANTA FE,La Capital,Asfalto,No existe,I,Dentro,Urbana,Otra Señal,No existe,Intersección,Bueno,Buena,Diurna,Buen Tiempo,"De alcance,Múltiple",S/D,Colisión,Ninguna,Faltante,Cordón divisorio,Sin restricción
2021,2072,2021-04-17,Sabado,19:00:00,,0.0,2,"Moto/Ciclomotor,Automóvil",Av. Blas Parera Y Reg. 12 de Infantería,4,1,0,0,3,0,0,"-31.591828944623,-60.72429290452",Avenida,,SANTA FE,La Capital,Asfalto,No existe,I,Dentro,Urbana,Otra Señal,No existe,Intersección,Bueno,Buena,Atardecer,Buen Tiempo,"De alcance,Múltiple",S/D,Colisión,Ninguna,"Horizontal,Vertical",Cordón divisorio,Sin restricción
2021,2073,2021-04-20,Martes,19:45:00,,0.0,2,"Automóvil,Automóvil",Alberti Y Av. A del Valle,2,1,0,0,1,0,0,"-31.602131181859,-60.691997198135",Avenida,,SANTA FE,La Capital,Asfalto,No existe,I,Dentro,Urbana,Otra Señal,Funciona,Intersección,Bueno,Buena,Diurna,Buen Tiempo,"De alcance,Múltiple",S/D,Colisión,Ninguna,Faltante,Cordón divisorio,Sin restricción
2021,2074,2021-01-06,Miercoles,23:10:00,Autopista Nacional A008,14.0,2,"Moto/Ciclomotor,Camión c / Acoplado",Ayolas Y Av. Circunvalación,2,0,0,0,1,1,0,"-32.98049, -60.6251",Autopista,A008,ROSARIO,Rosario,Asfalto,S/D,II,Dentro,Urbana,Otra Señal,No existe,Intersección,Con baches,Buena,Nocturna,Buen Tiempo,"De alcance,Múltiple",S/D,Colisión,Ninguna,Faltante,Cordón divisorio,Sin restricción
2021,2075,2021-04-14,Miercoles,12:30:00,,0.0,2,"Moto/Ciclomotor,Pickup/Utilitario",Av. Peñaloza Y Risso,2,1,0,0,1,0,0,"-31.596816474662,-60.712203923452",Avenida,,SANTA FE,La Capital,Asfalto,No existe,I,Dentro,Urbana,Otra Señal,No existe,Intersección,Bueno,Buena,Diurna,Buen Tiempo,"De alcance,Múltiple",S/D,Colisión,Ninguna,Faltante,Cordón divisorio,Sin restricción
2021,2077,2021-01-10,Domingo,02:30:00,Autopista Nacional Gral. Juan Jose Valle,279.0,2,"Pickup/Utilitario,Camión c / Acoplado", ,2,0,0,0,1,1,0,"-33.09043, -60.62416",Autopista,Gral. Juan Jose Valle,ALVEAR,Rosario,Asfalto,No existe,II,Dentro,Rural,Otra Señal,No existe,Intersección,Bueno,Buena,Nocturna,Buen Tiempo,"De alcance,Múltiple",S/D,Colisión,Ninguna,Faltante,Cordón divisorio,Sin restricción
2021,2078,2021-04-21,Miercoles,11:35:00,,0.0,2,"Moto/Ciclomotor,Automóvil",Pje Parpal Y San Jerónimo,2,1,0,0,1,0,0,"-31.609507453892,-60.697125807211",Calle,,SANTA FE,La Capital,Asfalto,No existe,I,Dentro,Urbana,Otra Señal,No existe,Intersección,Bueno,Buena,Diurna,Buen Tiempo,"De alcance,Múltiple",S/D,Colisión,Ninguna,Faltante,Cordón divisorio,Sin restricción
2021,2079,2021-04-03,Sabado,03:30:00,,0.0,1,Moto/Ciclomotor,Av. Peñaloza Y Reg. 12 de Infantería,2,1,0,0,1,0,0,"-31.593822618937,-60.712154803106",Avenida,,SANTA FE,La Capital,Asfalto,No existe,I,Dentro,Urbana,Otra Señal,Funciona,Intersección,Bueno,Buena,"Nocturna,Con luz artificial",Buen Tiempo,"De alcance,Múltiple",S/D,Colisión,Ninguna,"Horizontal,Vertical",Cordón divisorio,Sin restricción
2021,2080,2021-04-21,Miercoles,13:40:00,,0.0,2,"Automóvil,Camión Chasis",9 de Julio Y Pedro Diaz Colodrero,3,1,0,0,2,0,0,"-31.624928786628,-60.702921691862",Calle,,SANTA FE,La Capital,Asfalto,No existe,I,Dentro,Urbana,Otra Señal,No existe,Intersección,Bueno,Buena,Diurna,Buen Tiempo,"De alcance,Múltiple",S/D,Colisión,Ninguna,Faltante,Cordón divisorio,Sin restricción
2021,2081,2021-04-17,Sabado,,Ruta Nacional 11,0.0,2,"Moto/Ciclomotor,Automóvil",Gral. Facundo Quiroga Y Juan de Garay,2,1,0,0,1,0,0,"-31.49229884147646,-60.732486248016",Ruta,11,RECREO,La Capital,Asfalto,Natural,I,Dentro,Urbana,Otra Señal,No existe,Intersección,Bueno,Buena,Diurna,Buen Tiempo,"De alcance,Múltiple",S/D,Colisión,Ninguna,Faltante,Cordón divisorio,Sin restricción
2021,2082,2021-04-22,Jueves,11:15:00,,0.0,2,"Taxi/Remis,Peatón",Av. A del Valle Y Quintana,2,0,0,0,1,0,1,"-31.622797537868,-60.699343317909",Avenida,,SANTA FE,La Capital,Asfalto,No existe,I,Dentro,Urbana,Otra Señal,No existe,Intersección,Bueno,Buena,Diurna,Buen Tiempo,"De alcance,Múltiple",Peatón,Colisión,Ninguna,Vertical,Cordón divisorio,Sin restricción
2021,2083,2021-01-26,Martes,,Ruta Secundaria 292-s,0.0,2,"Pickup/Utilitario,Camión",Ruta Prov. 292 ,3,1,0,0,2,0,0,"-28.66571, -61.59057",Ruta,292-s,VILLA MINETTI,9 de Julio,S/D,Ripio,XII,Dentro,Rural,Otra Señal,No existe,Intersección,S/D,S/D,S/D,S/D,"De alcance,Múltiple",S/D,Colisión,S/D,S/D,Cordón divisorio,Sin restricción
2021,2084,2021-04-20,Martes,07:30:00,Ruta Provincial 5,0.0,2,"Moto/Ciclomotor,Automóvil", ,2,1,0,0,1,0,0,"-31.533797, -60.712259",Ruta,5,SANTA FE,La Capital,Asfalto,Natural,I,Dentro,Rural,Otra Señal,No existe,Intersección,Bueno,Buena,Diurna,Buen Tiempo,"De alcance,Múltiple",S/D,Colisión,Ninguna,Faltante,Cordón divisorio,Sin restricción
2021,2085,2021-01-26,Martes,,,0.0,2,"Automóvil,Peatón",Gral. López 482,2,1,0,0,1,0,0,"-34.18388, -61.5316",Calle,,TEODELINA,General LÓPEZ,Asfalto,S/D,VIII,Dentro,Urbana,Otra Señal,S/D,Intersección,S/D,S/D,S/D,S/D,"De alcance,Múltiple",Peatón,Colisión,S/D,S/D,Cordón divisorio,Sin restricción
2021,2086,2021-01-21,Jueves,23:55:00,,0.0,2,"Moto/Ciclomotor,Automóvil",F.More Bis Y Vélez Sarsfield,3,2,0,0,1,0,0,"-32.92543, -60.69401",Calle,,ROSARIO,Rosario,Asfalto,No existe,II,Dentro,Urbana,Otra Señal,No existe,Intersección,S/D,S/D,Nocturna,S/D,"De alcance,Múltiple",S/D,Colisión,S/D,Faltante,Cordón divisorio,Sin restricción
2021,2087,2021-01-27,Miercoles,,Ruta Provincial 14,0.0,1,Camión, ,1,1,0,0,0,0,0,"-33.51945, -61.45006",Ruta,14,FIRMAT,General LÓPEZ,S/D,Ripio,VIII,Dentro,Rural,Otra Señal,No existe,Intersección,S/D,S/D,S/D,S/D,"De alcance,Múltiple",S/D,Colisión,S/D,S/D,Cordón divisorio,Sin restricción
2021,2088,2021-04-23,Viernes,23:45:00,Ruta Nacional 11,451.0,2,"Moto/Ciclomotor,Moto/Ciclomotor",Ruta Nac 11 ,3,2,0,0,1,0,0,"-31.771799, -60.839930",Ruta,11,SAUCE VIEJO,La Capital,Asfalto,Natural,I,Dentro,Urbana,Otra Señal,No existe,Intersección,Bueno,Buena,Nocturna,Buen Tiempo,"De alcance,Múltiple",S/D,Colisión,Ninguna,Faltante,Cordón divisorio,Sin restricción
2021,2089,2021-04-26,Lunes,19:30:00,Ruta Nacional 11,0.0,2,"Camión Chasis,Moto/Ciclomotor",Ruta Nacional 11 Y Salta,2,1,0,0,1,0,0,"-31.55623197555542,-60.728336870670",Ruta,11,RECREO,La Capital,Asfalto,No existe,I,Dentro,Urbana,Otra Señal,No existe,Intersección,Bueno,Buena,Diurna,Buen Tiempo,"De alcance,Múltiple",S/D,Colisión,Ninguna,Faltante,Cordón divisorio,Sin restricción
2021,2090,2021-01-28,Jueves,,,0.0,2,"Moto/Ciclomotor,Automóvil",Colon Y San Martin,3,2,0,0,1,0,0,"-29.89512, -60.28514",Calle,,CALCHAQUÍ,Vera,Asfalto,S/D,XIX,Dentro,Urbana,Otra Señal,No existe,Intersección,S/D,S/D,S/D,S/D,"De alcance,Múltiple",S/D,Colisión,S/D,S/D,Cordón divisorio,Sin restricción
2021,2094,2021-05-18,Martes,20:45:00,,0.0,2,"Moto/Ciclomotor,Automóvil",General Manuel Belgrano 2570,2,1,0,0,1,0,0,"-31.44512, -60.92836",Calle,,ESPERANZA,Las Colonias,Asfalto,S/D,XI,S/D,Urbana,Otra Señal,S/D,Intersección,Bueno,S/D,Con luz artificial,Buen Tiempo,"De alcance,Múltiple",S/D,Colisión,S/D,S/D,Cordón divisorio,Sin restricción
2021,2095,2021-01-21,Jueves,19:40:00,,0.0,2,"Moto/Ciclomotor,Automóvil",Solís Y Gorriti,2,1,0,0,1,0,0,"-32.92409, -60.70403",Calle,,ROSARIO,Rosario,Asfalto,No existe,II,S/D,Urbana,Otra Señal,No existe,Intersección,Bueno,Buena,Diurna,S/D,"De alcance,Múltiple",S/D,Colisión,S/D,Faltante,Cordón divisorio,Sin restricción
2021,2096,2021-01-21,Jueves,12:00:00,,0.0,2,"Moto/Ciclomotor,Automóvil",Av. Provincias Unidas Y Bielsa,2,1,0,0,1,0,0,"-32.92381, -60.71339",Avenida,,ROSARIO,Rosario,Asfalto,No existe,II,Dentro,Urbana,Otra Señal,No existe,Intersección,Bueno,Buena,Diurna,Buen Tiempo,"De alcance,Múltiple",S/D,Colisión,Ninguna,Faltante,Cordón divisorio,Sin restricción
2021,2098,2021-05-16,Domingo,12:40:00,,0.0,2,"Automóvil,Otros",Sarmiento Y Libertad,5,1,0,0,4,0,0,"-31.66211, -60.75885",Calle,,SAN CARLOS SUR,Las Colonias,Asfalto,No existe,XI,S/D,Urbana,Otra Señal,No existe,Intersección,Bueno,Buena,Diurna,Buen Tiempo,"De alcance,Múltiple",S/D,Colisión,Ninguna,"Horizontal,Vertical",Cordón divisorio,Sin restricción
2021,2099,2021-01-21,Jueves,,,0.0,2,"Moto/Ciclomotor,Pickup/Utilitario",Ayacucho Y Belgrano,2,1,0,0,1,0,0,"-31.59831, -60.68741",Calle,,SANTA FE,La Capital,S/D,No existe,I,Dentro,Urbana,Otra Señal,No existe,Intersección,S/D,S/D,Diurna,S/D,"De alcance,Múltiple",S/D,Colisión,Ninguna,Faltante,Cordón divisorio,Sin restricción
2021,2100,2021-01-22,Viernes,14:10:00,,0.0,1,Moto/Ciclomotor,P Fournier 800,1,1,0,0,0,0,0,"-32.72879, -60.73527",Calle,,SAN LORENZO,San Lorenzo,Hormigón,No existe,XVII,S/D,Urbana,Otra Señal,No existe,Intersección,Bueno,Buena,Diurna,S/D,"De alcance,Múltiple",S/D,Colisión,S/D,S/D,Cordón divisorio,Sin restricción
2021,2101,2021-01-22,Viernes,19:00:00,,0.0,2,"Automóvil,Moto/Ciclomotor",Av. Gral. López Y Saavedra,3,1,0,0,2,0,0,"-31.65552, -60.71886",Avenida,,SANTA FE,La Capital,Asfalto,Pavimento,I,S/D,Urbana,Otra Señal,No existe,Intersección,Bueno,Buena,Atardecer,Buen Tiempo,"De alcance,Múltiple",S/D,Colisión,Ninguna,Vertical,Cordón divisorio,Sin restricción
2021,2102,2021-01-23,Sabado,03:20:00,Ruta Provincial 23,29.0,2,"Moto/Ciclomotor,Camión c / Acoplado", ,2,0,0,0,1,1,0,"-30.38615, -61.91651",Ruta,23,SAN GUILLERMO,San CRISTÓBAL,Asfalto,Natural,XIII,S/D,Rural,Otra Señal,No existe,Intersección,Bueno,Reducida,Nocturna,Buen Tiempo,"De alcance,Múltiple",S/D,Colisión,Ninguna,Vertical,Cordón divisorio,Sin restricción
2021,2103,2021-05-16,Domingo,20:35:00,,0.0,2,"Moto/Ciclomotor,Moto/Ciclomotor",Avenida Libertador Y Juan De Garay,3,3,0,0,0,0,0,"-31.12143, -60.88518",Avenida,,SANTO DOMINGO,Las Colonias,Hormigón,No existe,XI,S/D,Urbana,Otra Señal,No existe,Intersección,Bueno,Reducida,Nocturna,Buen Tiempo,"De alcance,Múltiple",S/D,Colisión,Ninguna,Faltante,Cordón divisorio,Sin restricción
2021,2104,2021-01-22,Viernes,14:30:00,,0.0,2,"Moto/Ciclomotor,Bicicleta",Av. Uriburu Y Pje. Humboldt,2,1,0,0,1,0,0,"-32.99066, -60.64803",Calle,,ROSARIO,Rosario,Asfalto,No existe,II,S/D,Urbana,Otra Señal,No existe,Intersección,Bueno,Buena,Diurna,Buen Tiempo,"De alcance,Múltiple",Ciclista,Colisión,Ninguna,Faltante,Cordón divisorio,Sin restricción
2021,2105,2021-01-22,Viernes,20:30:00,,0.0,2,"Automóvil,Moto/Ciclomotor",Tucumán Y Paraguay,3,2,0,0,1,0,0,"-32.94081, -60.64256",Calle,,ROSARIO,Rosario,S/D,S/D,II,S/D,Urbana,Otra Señal,S/D,Intersección,S/D,S/D,Nocturna,S/D,"De alcance,Múltiple",S/D,Colisión,S/D,S/D,Cordón divisorio,Sin restricción
2021,2106,2021-01-28,Jueves,16:20:00,,0.0,1,Moto/Ciclomotor,Nazareno C Rossi Y Sgo de Liniers,1,1,0,0,0,0,0,"-32.02036, -61.22027",Calle,,GÁLVEZ,San JERÓNIMO,S/D,S/D,XV,Dentro,Urbana,Otra Señal,S/D,Intersección,S/D,S/D,Diurna,S/D,"De alcance,Múltiple",S/D,Colisión,S/D,S/D,Cordón divisorio,Sin restricción
2021,2107,2021-01-22,Viernes,10:30:00,,0.0,2,"Peatón,Transporte de Pasajeros Urbano (> 8 asientos)",Dr. Esteban Laurencio Maradona Y Luis Jiménez de Asua,2,0,0,0,1,1,0,"-31.6395, -60.66117",Calle,,SANTA FE,La Capital,Asfalto,Natural,I,Dentro,Urbana,Otra Señal,No existe,Intersección,Bueno,Buena,Diurna,Buen Tiempo,"De alcance,Múltiple",Peatón,Colisión,Ninguna,Faltante,Cordón divisorio,Sin restricción
2021,2109,2021-04-02,Viernes,12:30:00,Autopista Nacional A008,0.0,2,"Moto/Ciclomotor,Transporte de Pasajeros Larga Distancia (Doble Piso)",Av. Circunvalación Y Av. Eva Perón,2,1,0,0,1,0,0,"-32.930939663003,-60.724560656901",Autopista,A008,ROSARIO,Rosario,Asfalto,No existe,II,Fuera,Urbana,Otra Señal,Funciona,Intersección,Bueno,Buena,Diurna,Buen Tiempo,"De alcance,Múltiple",S/D,Colisión,Ninguna,"Horizontal,Vertical",Cordón divisorio,Sin restricción
2021,2110,2021-01-29,Viernes,,Ruta Provincial 80,0.0,1,Automóvil, ,1,1,0,0,0,0,0,"-32.00784, -61.20506",Ruta,80,GÁLVEZ,San JERÓNIMO,Asfalto,Pavimento,XV,Dentro,Urbana,Otra Señal,No existe,Intersección,S/D,S/D,Diurna,S/D,"De alcance,Múltiple",S/D,Colisión,S/D,S/D,Cordón divisorio,Sin restricción
2021,2111,2021-01-12,Martes,21:35:00,Ruta Provincial 1,87.0,1,Automóvil, ,1,0,0,0,0,1,0,"-31.0861, -60.093",Ruta,1,HELVECIA,Garay,Asfalto,Pavimento,VII,Dentro,Rural,Otra Señal,No existe,Intersección,Bueno,S/D,Nocturna,Buen Tiempo,"De alcance,Múltiple",S/D,Colisión,Ninguna,Faltante,Cordón divisorio,Sin restricción
2021,2112,2021-01-22,Viernes,23:45:00,,0.0,2,"Bicicleta,Automóvil",Paraguay Y Ituzaingó,2,1,0,0,1,0,0,"-32.95976, -60.64732",Calle,,ROSARIO,Rosario,Asfalto,No existe,II,Dentro,Urbana,Otra Señal,No existe,Intersección,Bueno,Buena,"Nocturna,Con luz artificial",Buen Tiempo,"De alcance,Múltiple",Ciclista,Colisión,Ninguna,Faltante,Cordón divisorio,Sin restricción
2021,2113,2021-04-29,Jueves,15:50:00,Ruta Nacional 11,0.0,2,"Moto/Ciclomotor,Automóvil",Mariano Candioti Y Ruta 11 Avenida Richieri,2,1,0,0,1,0,0,"-31.69006347656252,-60.758975744247",Ruta,11,SANTO TOMÉ,La Capital,"Asfalto,Tierra",No existe,I,Dentro,Urbana,Otra Señal,No existe,Intersección,Bueno,Buena,Diurna,Buen Tiempo,"De alcance,Múltiple",S/D,Colisión,Ninguna,Faltante,Cordón divisorio,Sin restricción
2021,2114,2021-01-22,Viernes,20:45:00,,0.0,2,"Moto/Ciclomotor,Automóvil",Bv. Oroño Y Jujuy,3,2,0,0,1,0,0,"-32.93558, -60.65114",Calle,,ROSARIO,Rosario,Asfalto,S/D,II,S/D,Urbana,Otra Señal,S/D,Intersección,S/D,S/D,Nocturna,S/D,"De alcance,Múltiple",S/D,Colisión,S/D,S/D,Cordón divisorio,Sin restricción
2021,2116,2021-05-16,Domingo,20:20:00,Ruta Provincial 4,0.0,2,"Automóvil,Camión c / Acoplado", ,4,1,0,0,3,0,0,"-30.59842, -61.13255",Ruta,4,SAN CRISTÓBAL,San CRISTÓBAL,Hormigón,Natural,XIII,Dentro,Rural,Otra Señal,No existe,Intersección,Deteriorada,Reducida,Nocturna,Buen Tiempo,"De alcance,Múltiple",S/D,Colisión,Ninguna,Vertical,Cordón divisorio,Sin restricción
2021,2117,2021-04-05,Lunes,18:30:00,,0.0,2,"Moto/Ciclomotor,Bicicleta",Gral. Enrique Mosconi Y Pres Domingo Faustino Sarmiento,2,1,0,0,1,0,0,"-31.658485048629,-60.781443745448",Calle,,SANTO TOMÉ,La Capital,Tierra,No existe,I,Dentro,Urbana,Otra Señal,No existe,Intersección,Bueno,Buena,Atardecer,Buen Tiempo,"De alcance,Múltiple",Ciclista,Colisión,Ninguna,Faltante,Cordón divisorio,Sin restricción
2021,2119,2021-01-22,Viernes,21:15:00,Autopista Nacional A012,42.0,2,"Bicicleta,Automóvil", ,3,1,0,0,1,0,1,"-32.90242, -60.89352",Autopista,A012,ROLDÁN,San Lorenzo,Asfalto,S/D,XVII,S/D,Urbana,Otra Señal,No existe,Intersección,Bueno,Buena,Nocturna,Buen Tiempo,"De alcance,Múltiple",Ciclista,Colisión,S/D,Faltante,Cordón divisorio,Sin restricción
2021,2120,2021-04-27,Martes,19:20:00,Autopista Nacional A008,0.0,2,"Moto/Ciclomotor,Moto/Ciclomotor",Av. Circunvalación 3000,2,2,0,0,0,0,0,"-32.96516418457028,-60.719579458236",Autopista,A008,ROSARIO,Rosario,Asfalto,Pavimento,II,Dentro,Urbana,Otra Señal,No existe,Intersección,Bueno,Buena,Diurna,Buen Tiempo,"De alcance,Múltiple",S/D,Colisión,Ninguna,Horizontal,Cordón divisorio,Sin restricción
2021,2121,2021-01-01,Viernes,09:10:00,,0.0,2,"Moto/Ciclomotor,Automóvil",12 de septiembre Y Gobernador Crespo,2,0,0,0,1,1,0,"-31.67955, -60.77564",Calle,,SANTO TOMÉ,La Capital,Asfalto,No existe,I,S/D,Urbana,Otra Señal,No existe,Intersección,S/D,Buena,Diurna,Buen Tiempo,"De alcance,Múltiple",S/D,Colisión,Ninguna,S/D,Cordón divisorio,Sin restricción
2021,2122,2021-04-11,Domingo,06:00:00,Autopista Nacional A008,0.0,2,"Moto/Ciclomotor,Automóvil",Av. Circunvalación Y España,3,2,0,0,0,0,1,"-33.015883791032,-60.656822045429",Autopista,A008,ROSARIO,Rosario,Asfalto,No existe,II,Dentro,Urbana,Otra Señal,No existe,Intersección,Bueno,Reducida,Amanecer,Buen Tiempo,"De alcance,Múltiple",S/D,Colisión,Ninguna,Faltante,Cordón divisorio,Sin restricción
2021,2123,2021-04-08,Jueves,11:00:00,,0.0,2,"Automóvil,Bicicleta",Juan José Paso Y Republica de Chile,2,1,0,0,1,0,0,"-31.654434792332,-60.773470980666",Calle,,SANTO TOMÉ,La Capital,Asfalto,No existe,I,Dentro,Urbana,Otra Señal,No existe,Intersección,Bueno,Buena,"Nocturna,Con luz artificial",Buen Tiempo,"De alcance,Múltiple",Ciclista,Colisión,Ninguna,Faltante,Cordón divisorio,Sin restricción
2021,2124,2021-01-22,Viernes,,,0.0,2,"Peatón,Moto/Ciclomotor",Bv San Martin 726,3,1,0,0,0,0,2,"-32.90028, -60.90765",Calle,,ROLDÁN,San Lorenzo,Asfalto,No existe,XVII,S/D,Urbana,Otra Señal,No existe,Intersección,Bueno,Buena,Nocturna,Buen Tiempo,"De alcance,Múltiple",Peatón,Colisión,Ninguna,S/D,Cordón divisorio,Sin restricción
2021,2126,2021-01-30,Sabado,,,0.0,1,Pickup/Utilitario, ,1,1,0,0,0,0,0,"-32.05312, -61.60225",S/D,,CAÑADA ROSQUÍN,San MARTÍN,S/D,S/D,XVIII,S/D,S/D,Otra Señal,S/D,Intersección,S/D,S/D,S/D,S/D,"De alcance,Múltiple",S/D,Colisión,S/D,S/D,Cordón divisorio,Sin restricción
2021,2127,2021-04-04,Domingo,19:55:00,Autopista Nacional A008,0.0,2,"Moto/Ciclomotor,Automóvil",Av. Circunvalación Y Bv. Oroño,2,1,0,0,1,0,0,"-33.012041208594,-60.664481113831",Autopista,A008,ROSARIO,Rosario,Asfalto,Pavimento,II,Dentro,Urbana,Otra Señal,Funciona,Intersección,Bueno,Buena,Atardecer,Buen Tiempo,"De alcance,Múltiple",S/D,Colisión,Ninguna,"Horizontal,Vertical",Cordón divisorio,Sin restricción