anio_acci,nro_acci,fecha,desc_dia,hora_aprox,desc_ruta,km,cant_participantes,desc_participante,calle_avenida_km,total,heridos_leves,heridos_graves,heridos_gravisimos,ilesos,fallecidos,sin_datos,posicion_XY,desc_tipo_via,desc_ruta_ori,desc_loc,desc_dpto,desc_tipo_calzada,desc_tipo_banquina,desc_unidad_regional,desc_lugar_calzada,desc_zona,desc_prioridad,desc_estado_semaforo,desc_lugar_via,desc_estado_via,desc_estado_visibilidad,desc_luminosidad,desc_estado_clima,desc_tipo_colision,desc_tipo_atropello,desc_tipo_hecho,desc_pres_calzada,desc_senializacion,desc_separacion_via,desc_restriccion
2021,2129,2021-04-02,Viernes,16:40:00,Autopista Nacional A008,0.0,2,"Moto/Ciclomotor,Automóvil",Av. Circunvalación Y España,4,3,0,0,1,0,0,"-33.015883791032,-60.656822045429",Autopista,A008,ROSARIO,Rosario,Asfalto,Pavimento,II,Dentro,Urbana,Otra Señal,No existe,Intersección,Bueno,Buena,Diurna,Buen Tiempo,"De alcance,Múltiple",S/D,Colisión,Ninguna,Horizontal,Cordón divisorio,Sin restricción
2021,2130,2021-04-19,Lunes,18:35:00,,0.0,2,"Moto/Ciclomotor,Automóvil",José De San Martin Y 4 de enero,2,1,0,0,1,0,0,"-31.662017512306,-60.776718040163",Calle,,SANTO TOMÉ,La Capital,Asfalto,No existe,I,Dentro,Urbana,Otra Señal,No existe,Intersección,Bueno,Buena,Diurna,Buen Tiempo,"De alcance,Múltiple",S/D,Colisión,Ninguna,Faltante,Cordón divisorio,Sin restricción
2021,2131,2021-01-22,Viernes,15:25:00,,0.0,2,"Moto/Ciclomotor,Pickup/Utilitario",Av. Pte. Perón Y Cándido Pujato,2,1,0,0,1,0,0,"-31.63113, -60.71761",Avenida,,SANTA FE,La Capital,Hormigón,No existe,I,Dentro,Urbana,Otra Señal,No existe,Intersección,Bueno,Buena,Diurna,Buen Tiempo,"De alcance,Múltiple",S/D,Colisión,Ninguna,Faltante,Cordón divisorio,Sin restricción
2021,2132,2021-01-01,Viernes,01:55:00,Autopista Nacional A007,7.0,2,"Bicicleta,Automóvil",Av. Mar Argentino Y N. Rodríguez PEÑA,2,0,0,0,0,1,1,"-31.66783, -60.73042",Autopista,A007,SANTA FE,La Capital,Asfalto,S/D,I,S/D,Urbana,Otra Señal,S/D,Intersección,S/D,S/D,Nocturna,S/D,"De alcance,Múltiple",Ciclista,Colisión,S/D,S/D,Cordón divisorio,Sin restricción
2021,2133,2021-01-22,Viernes,09:35:00,,0.0,2,"Bicicleta,Automóvil",Pres Domingo Faustino Sarmiento Y Juan José Paso,2,1,0,0,1,0,0,"-31.65962, -60.77453",Calle,,SANTO TOMÉ,La Capital,Asfalto,No existe,I,S/D,Urbana,Otra Señal,No existe,Intersección,Bueno,Buena,Diurna,Buen Tiempo,"De alcance,Múltiple",Ciclista,Colisión,Ninguna,Faltante,Cordón divisorio,Sin restricción
2021,2135,2021-01-31,Domingo,04:00:00,Ruta Provincial 5,0.0,2,"Automóvil,Automóvil", ,3,1,0,0,2,0,0,"-31.53956, -60.68849",Ruta,5,MONTE VERA,La Capital,Asfalto,S/D,I,Dentro,Rural,Otra Señal,No existe,Intersección,S/D,S/D,Nocturna,S/D,"De alcance,Múltiple",S/D,Colisión,S/D,S/D,Cordón divisorio,Sin restricción
2021,2136,2021-01-22,Viernes,21:20:00,,0.0,2,"Moto/Ciclomotor,Automóvil",Molina Y Superi,2,1,0,0,1,0,0,"-32.89657, -60.70459",Calle,,ROSARIO,Rosario,Asfalto,Pavimento,II,S/D,Urbana,Otra Señal,No existe,Intersección,Con baches,Buena,Nocturna,Buen Tiempo,"De alcance,Múltiple",S/D,Colisión,Agua,Vertical,Cordón divisorio,Sin restricción
2021,2137,2021-04-15,Jueves,15:45:00,,0.0,2,"Moto/Ciclomotor,Automóvil",Dr. Zavalla Y Gdor. Crespo,2,1,0,0,1,0,0,"-31.638485219215,-60.718002780482",Calle,,SANTA FE,La Capital,Asfalto,No existe,I,Dentro,Urbana,Otra Señal,No existe,Intersección,Bueno,Buena,Diurna,Buen Tiempo,"De alcance,Múltiple",S/D,Colisión,Ninguna,Faltante,Cordón divisorio,Sin restricción
2021,2138,2021-04-23,Viernes,15:20:00,,0.0,2,"Automóvil,Moto/Ciclomotor",Juan José Paso Y Pres Domingo Faustino Sarmiento,2,1,0,0,1,0,0,"-31.65960043234,-60.774520683393",Calle,,SANTO TOMÉ,La Capital,Asfalto,No existe,I,Dentro,Urbana,Otra Señal,No existe,Intersección,Bueno,Buena,Diurna,Lluvia,"De alcance,Múltiple",S/D,Colisión,Agua,Faltante,Cordón divisorio,Sin restricción
2021,2139,2021-04-23,Viernes,09:40:00,,0.0,2,"Automóvil,Moto/Ciclomotor",Diaz y Clucellas Y Simón de Iriondo,3,1,0,0,1,0,1,"-31.494104180227,-60.734584637431",Calle,,RECREO,La Capital,Asfalto,No existe,I,Dentro,Urbana,Otra Señal,No existe,Intersección,Bueno,Buena,Diurna,Buen Tiempo,"De alcance,Múltiple",S/D,Colisión,Ninguna,Faltante,Cordón divisorio,Sin restricción
2021,2140,2021-01-22,Viernes,18:50:00,,0.0,2,"Moto/Ciclomotor,Automóvil",Cavour Y Hohenfels,5,3,0,0,2,0,0,"-31.41699, -60.93387",Calle,,ESPERANZA,Las Colonias,Tierra,Natural,XI,S/D,Rural,Otra Señal,S/D,Intersección,Ahuellamiento,Buena,Atardecer,Buen Tiempo,"De alcance,Múltiple",S/D,Colisión,Ninguna,Faltante,Cordón divisorio,Sin restricción
2021,2141,2021-01-02,Sabado,12:50:00,Autopista Nacional A008,8.0,1,Moto/Ciclomotor,Av. Circunvalación Y Av. Eva Perón,1,0,0,0,0,1,0,"-32.93216, -60.72391",Autopista,A008,ROSARIO,Rosario,Asfalto,S/D,II,S/D,Urbana,Otra Señal,S/D,Intersección,S/D,Buena,Diurna,Buen Tiempo,"De alcance,Múltiple",S/D,Colisión,S/D,S/D,Cordón divisorio,Sin restricción
2021,2143,2021-04-08,Jueves,13:15:00,,0.0,2,"Moto/Ciclomotor,Peatón",EX COMBATIENTES DE MALVINAS Y SAN FRANCISCO DE ASIS,3,1,0,0,2,0,0,"-31.615848, -60.597811",Calle,,COLASTINE,La Capital,Asfalto,No existe,I,Dentro,Urbana,Otra Señal,No existe,Intersección,Bueno,Buena,Diurna,Buen Tiempo,"De alcance,Múltiple",Peatón,Colisión,Ninguna,Faltante,Cordón divisorio,Sin restricción
2021,2144,2021-01-31,Domingo,00:30:00,Ruta Nacional 33,0.0,1,Camión, ,1,1,0,0,0,0,0,"-33.00024, -60.77617",Ruta,33,PEREZ,Rosario,Asfalto,S/D,II,Dentro,Rural,Otra Señal,No existe,Intersección,S/D,S/D,S/D,S/D,"De alcance,Múltiple",S/D,Colisión,S/D,S/D,Cordón divisorio,Sin restricción
2021,2146,2021-01-03,Domingo,06:45:00,Ruta Nacional 9,384.5,1,Moto/Ciclomotor,s/n ,2,0,0,0,0,1,1,"-32.79499, -61.48288",Ruta,9,CAÑADA DE GÓMEZ,Iriondo,S/D,S/D,X,S/D,Rural,Otra Señal,S/D,Intersección,S/D,S/D,Nocturna,S/D,"De alcance,Múltiple",S/D,Colisión,S/D,S/D,Cordón divisorio,Sin restricción
2021,2147,2021-04-09,Viernes,17:05:00,Ruta Provincial 1,1.5,1,Moto/Ciclomotor, ,1,1,0,0,0,0,0,"-31.628588, -60.608754",Ruta,1,COLASTINE,La Capital,Asfalto,Natural,I,Dentro,Urbana,Otra Señal,Funciona,Intersección,Bueno,Buena,Diurna,Buen Tiempo,"De alcance,Múltiple",S/D,Colisión,Ninguna,Vertical,Cordón divisorio,Sin restricción
2021,2148,2021-05-18,Martes,19:20:00,,0.0,2,"Bicicleta,Moto/Ciclomotor",Calle 24 Y Calle 5,2,1,0,0,1,0,0,"-32.67783, -61.51546",Calle,,LAS PAREJAS,Belgrano,Ripio,No existe,III,Dentro,Urbana,Otra Señal,No existe,Intersección,Bueno,Buena,Nocturna,Buen Tiempo,"De alcance,Múltiple",Ciclista,Colisión,Ninguna,Faltante,Cordón divisorio,Sin restricción
2021,2149,2021-04-03,Sabado,18:00:00,Ruta Provincial 1,0.0,1,Moto/Ciclomotor,IBIRA PITA Y RP 1,1,1,0,0,0,0,0,"-31.621843, -60.596374",Ruta,1,COLASTINE,La Capital,Asfalto,Natural,I,Dentro,Urbana,Otra Señal,No existe,Intersección,Bueno,Buena,Diurna,Buen Tiempo,"De alcance,Múltiple",S/D,Colisión,Ninguna,Faltante,Cordón divisorio,Sin restricción
2021,2150,2021-01-31,Domingo,,,0.0,3,"Moto/Ciclomotor,Moto/Ciclomotor,Automóvil", ,3,2,0,0,1,0,0,"-31.44865, -60.93057",S/D,,ESPERANZA,Las Colonias,S/D,S/D,XI,S/D,S/D,Otra Señal,S/D,Intersección,S/D,S/D,S/D,S/D,"De alcance,Múltiple",S/D,Colisión,S/D,S/D,Cordón divisorio,Sin restricción
2021,2151,2021-05-16,Domingo,15:30:00,,0.0,2,"Moto/Ciclomotor,Otros",Calle 24 Y Calle 7,2,1,0,0,1,0,0,"-32.67789, -61.51547",Calle,,LAS PAREJAS,Belgrano,Tierra,No existe,III,S/D,Urbana,Otra Señal,No existe,Intersección,Bueno,Buena,Diurna,Buen Tiempo,"De alcance,Múltiple",S/D,Colisión,Ninguna,Faltante,Cordón divisorio,Sin restricción
2021,2152,2021-01-31,Domingo,18:20:00,,0.0,2,"Moto/Ciclomotor,Otros",Av. A del Valle Y Vieytes,3,2,0,0,1,0,0,"-31.6031, -60.69201",Avenida,,SANTA FE,La Capital,Asfalto,S/D,I,S/D,S/D,Otra Señal,S/D,Intersección,S/D,S/D,Atardecer,S/D,"De alcance,Múltiple",S/D,Colisión,S/D,S/D,Cordón divisorio,Sin restricción
2021,2153,2021-04-02,Viernes,02:40:00,Ruta Provincial Brigadier E.LÓPEZ,149.0,1,Automóvil, ,1,1,0,0,0,0,0,"-31.690252, -60.815656",Ruta,Brigadier E.LÓPEZ,SANTO TOMÉ,La Capital,Asfalto,Natural,I,Dentro,Urbana,Otra Señal,No existe,Intersección,Bueno,Buena,Nocturna,Buen Tiempo,"De alcance,Múltiple",S/D,Colisión,Ninguna,S/D,Cordón divisorio,Sin restricción
2021,2154,2021-04-28,Miercoles,09:20:00,Ruta Nacional A008,0.0,2,"Automóvil,Bicicleta",Av. Circunvalación ,2,1,0,0,1,0,0,"-32.93585300445553,-60.722723007202",Ruta,A008,ROSARIO,Rosario,Asfalto,No existe,II,Dentro,Urbana,Otra Señal,Funciona,Intersección,Bueno,Buena,Diurna,Buen Tiempo,"De alcance,Múltiple",Ciclista,Colisión,Ninguna,Vertical,Cordón divisorio,Sin restricción
2021,2155,2021-01-22,Viernes,19:00:00,,0.0,2,"Moto/Ciclomotor,Automóvil",Gorriti Y Av. Peñaloza,2,1,0,0,1,0,0,"-31.58632, -60.71162",Avenida,,SANTA FE,La Capital,Asfalto,S/D,I,Dentro,Urbana,Otra Señal,Funciona,Intersección,Bueno,Buena,Diurna,Buen Tiempo,"De alcance,Múltiple",S/D,Colisión,Ninguna,Vertical,Cordón divisorio,Sin restricción
2021,2156,2021-04-30,Viernes,,Ruta Provincial 70,3.0,2,"Camión,Camión", ,2,1,0,0,1,0,0,"-31.406459, -61.057694",Ruta,70,HUMBOLDT,Las Colonias,Asfalto,Natural,XI,Dentro,Urbana,Otra Señal,No existe,Intersección,Bueno,S/D,S/D,Buen Tiempo,"De alcance,Múltiple",S/D,Colisión,Ninguna,Horizontal,Cordón divisorio,Sin restricción
2021,2157,2021-05-16,Domingo,19:20:00,,0.0,2,"Automóvil,Moto/Ciclomotor",Rivadavia Y 25 de Mayo,4,1,0,0,3,0,0,"-29.46053, -60.20954",Calle,,VERA,Vera,Asfalto,No existe,XIX,Dentro,Urbana,Otra Señal,No existe,Intersección,Bueno,Reducida,Nocturna,Buen Tiempo,"De alcance,Múltiple",S/D,Colisión,Ninguna,Vertical,Cordón divisorio,Sin restricción
2021,2158,2021-05-16,Domingo,19:15:00,,0.0,1,Moto/Ciclomotor,Buenos Aires 2000,1,1,0,0,0,0,0,"-29.463, -60.21497",Calle,,VERA,Vera,Asfalto,No existe,XIX,Dentro,Urbana,Otra Señal,No existe,Intersección,Bueno,Reducida,Atardecer,Buen Tiempo,"De alcance,Múltiple",S/D,Colisión,Ninguna,Vertical,Cordón divisorio,Sin restricción
2021,2159,2021-01-04,Lunes,05:25:00,Ruta Nacional 7,386.0,3,"Automóvil,Pickup/Utilitario,Automóvil", ,7,4,0,0,0,3,0,"-34.3783, -62.2923",Ruta,7,AARON CASTELLANOS,General LÓPEZ,Asfalto,Natural,VIII,S/D,Rural,Otra Señal,No existe,Intersección,Bueno,S/D,Nocturna,S/D,"De alcance,Múltiple",S/D,Colisión,S/D,Faltante,Cordón divisorio,Sin restricción
2021,2160,2021-04-01,Jueves,,Ruta Nacional 11,462.0,2,"Moto/Ciclomotor,Camión",PUENTE CARRETERO ,2,1,0,0,1,0,0,"-31.666618, -60.746230",Ruta,11,SANTA FE,La Capital,Asfalto,No existe,I,Dentro,Urbana,Otra Señal,No existe,Intersección,Bueno,Buena,S/D,Buen Tiempo,"De alcance,Múltiple",S/D,Colisión,Ninguna,Horizontal,Cordón divisorio,Sin restricción
2021,2161,2021-04-30,Viernes,15:30:00,,0.0,2,"Pickup/Utilitario,Moto/Ciclomotor",José Ingenieros Y Sarratea Bis,2,1,0,0,1,0,0,"-32.917836212445,-60.741490862562",Calle,,ROSARIO,Rosario,Asfalto,No existe,II,Dentro,Urbana,Otra Señal,No existe,Intersección,Bueno,Buena,Diurna,S/D,"De alcance,Múltiple",S/D,Colisión,Ninguna,Faltante,Cordón divisorio,Sin restricción
2021,2162,2021-05-17,Lunes,,,0.0,2,"Automóvil,Moto/Ciclomotor",Juan de Garay Y 25 de Mayo,2,1,0,0,1,0,0,"-30.22481, -60.35941",Calle,,SANTA FE,La Capital,Asfalto,Pavimento,I,Dentro,Urbana,Otra Señal,No existe,Intersección,Bueno,Buena,S/D,Buen Tiempo,"De alcance,Múltiple",S/D,Colisión,Ninguna,Faltante,Cordón divisorio,Sin restricción
2021,2163,2021-04-01,Jueves,13:00:00,,0.0,2,"Automóvil,Automóvil",Salta Y Santiago de Chile,5,3,0,0,2,0,0,"-31.646889014028,-60.724624614482",Calle,,SANTA FE,La Capital,Asfalto,No existe,I,Dentro,Urbana,Otra Señal,No existe,Intersección,Bueno,Buena,Diurna,Buen Tiempo,"De alcance,Múltiple",S/D,Colisión,Ninguna,Faltante,Cordón divisorio,Sin restricción
2021,2164,2021-04-30,Viernes,10:00:00,,0.0,2,"Automóvil,Automóvil",Catamarca Y Crespo,2,2,0,0,0,0,0,"-32.935220029135,-60.666767370964",Calle,,ROSARIO,Rosario,Asfalto,No existe,II,Dentro,Urbana,Otra Señal,Funciona,Intersección,Bueno,Buena,Diurna,Buen Tiempo,"De alcance,Múltiple",S/D,Colisión,Ninguna,"Horizontal,Vertical",Cordón divisorio,Sin restricción
2021,2165,2021-05-16,Domingo,17:30:00,,0.0,2,"Automóvil,Moto/Ciclomotor",Bv Gálvez Y Alberdi,2,1,0,0,1,0,0,"-31.63785, -60.69224",Calle,,SANTA FE,La Capital,Asfalto,Pavimento,I,Dentro,Urbana,Otra Señal,Funciona,Intersección,Bueno,Buena,Diurna,Buen Tiempo,"De alcance,Múltiple",S/D,Colisión,Ninguna,"Horizontal,Vertical",Cordón divisorio,Sin restricción
2021,2166,2021-01-06,Miercoles,,,0.0,2,"Peatón,Tren",GRANADEROS A CABALLOS Y CRESPO,2,0,0,0,1,1,0,"-33.04087, -60.64902",Calle,,VILLA GOBERNADOR GÁLVEZ,Rosario,S/D,S/D,II,S/D,Urbana,Otra Señal,S/D,Intersección,S/D,S/D,S/D,S/D,"De alcance,Múltiple",Peatón,Colisión,S/D,S/D,Cordón divisorio,Sin restricción
2021,2167,2021-04-30,Viernes,09:40:00,,0.0,1,Pickup/Utilitario,J.M.de Rosas 3147,1,1,0,0,0,0,0,"-32.97456395774,-60.638051776913",Calle,,ROSARIO,Rosario,Asfalto,No existe,II,Dentro,Urbana,Otra Señal,No existe,Intersección,Bueno,S/D,Diurna,S/D,"De alcance,Múltiple",S/D,Colisión,Ninguna,Faltante,Cordón divisorio,Sin restricción
2021,2168,2021-05-18,Martes,10:45:00,,0.0,2,"Bicicleta,Automóvil",Zavalia Y Independencia,2,1,0,0,1,0,0,"-31.66712, -60.72465",Calle,,SANTA FE,La Capital,Asfalto,No existe,I,Dentro,Urbana,Otra Señal,No existe,Intersección,Bueno,Buena,Diurna,S/D,"De alcance,Múltiple",Ciclista,Colisión,Ninguna,Faltante,Cordón divisorio,Sin restricción
2021,2169,2021-04-01,Jueves,07:15:00,,0.0,2,"Peatón,Automóvil",Garibaldi Y Vera Mujica,2,1,0,0,1,0,0,"-32.9808061754,-60.676850802088",Calle,,ROSARIO,Rosario,Asfalto,No existe,II,Dentro,Urbana,Otra Señal,No existe,Intersección,Bueno,Buena,Diurna,Buen Tiempo,"De alcance,Múltiple",Peatón,Colisión,Ninguna,Faltante,Cordón divisorio,Sin restricción
2021,2170,2021-01-07,Jueves,04:00:00,Ruta Nacional 34,223.0,1,Moto/Ciclomotor,Pbro Emiliano Cerdán Y Ruta Nac 34 Gral. Güemes,1,0,0,0,0,1,0,"-31.23176, -61.50075",Ruta,34,RAFAELA,Castellanos,Asfalto,No existe,V,S/D,Urbana,Otra Señal,Funciona,Intersección,Bueno,S/D,Nocturna,S/D,"De alcance,Múltiple",S/D,Colisión,Ninguna,Vertical,Cordón divisorio,Sin restricción
2021,2171,2021-05-18,Martes,08:15:00,,0.0,2,"Moto/Ciclomotor,Automóvil",Moreno Y Dr. Zavalla,3,2,0,0,1,0,0,"-31.65258, -60.7221",Calle,,SANTA FE,La Capital,Asfalto,No existe,I,Dentro,Urbana,Otra Señal,No existe,Intersección,Bueno,Buena,Diurna,Buen Tiempo,"De alcance,Múltiple",S/D,Colisión,Ninguna,Faltante,Cordón divisorio,Sin restricción
2021,2172,2021-04-01,Jueves,09:20:00,,0.0,2,"Peatón,Automóvil",Av. Sorrento Y Pacheco,2,1,0,0,1,0,0,"-32.907244993606,-60.693360533576",Avenida,,ROSARIO,Rosario,Asfalto,No existe,II,Dentro,Urbana,Otra Señal,Funciona,Intersección,Bueno,Buena,Diurna,Buen Tiempo,"De alcance,Múltiple",Peatón,Colisión,Ninguna,"Horizontal,Vertical",Cordón divisorio,Sin restricción
2021,2173,2021-01-10,Domingo,19:41:00,Ruta Secundaria 67-s,87.0,1,Automóvil, ,4,2,0,0,0,2,0,"-31.32554, -61.68793",Ruta,67-s,SANGUIER,Castellanos,Tierra,S/D,V,S/D,Rural,Otra Señal,S/D,Intersección,S/D,S/D,Nocturna,S/D,"De alcance,Múltiple",S/D,Colisión,S/D,S/D,Cordón divisorio,Sin restricción
2021,2174,2021-04-30,Viernes,,,0.0,1,Moto/Ciclomotor,Av. Peñaloza Y Pedro de Vega,1,1,0,0,0,0,0,"-31.607209370996,-60.713168197239",Avenida,,SANTA FE,La Capital,Asfalto,No existe,I,Dentro,Urbana,Otra Señal,No existe,Intersección,Bueno,S/D,S/D,S/D,"De alcance,Múltiple",S/D,Colisión,Ninguna,Vertical,Cordón divisorio,Sin restricción
2021,2175,2021-05-19,Miercoles,20:50:00,,0.0,2,"Moto/Ciclomotor,Otros",Juan de Garay Y Francia,2,1,0,0,1,0,0,"-31.65115, -60.71606",Calle,,SANTA FE,La Capital,Asfalto,No existe,I,S/D,Urbana,Otra Señal,No existe,Intersección,Bueno,Reducida,Nocturna,Buen Tiempo,"De alcance,Múltiple",S/D,Colisión,Ninguna,Faltante,Cordón divisorio,Sin restricción
2021,2176,2021-01-10,Domingo,19:40:00,Autovía Nacional 19,119.0,2,"Automóvil,Moto/Ciclomotor", ,4,0,0,0,3,1,0,"-31.43748, -61.97517",Autovía,19,JOSEFINA,Castellanos,Hormigón,Pavimento,V,S/D,Rural,Otra Señal,No existe,Intersección,Bueno,Reducida,Atardecer,Viento Fuerte,"De alcance,Múltiple",S/D,Colisión,Ninguna,S/D,Cordón divisorio,Sin restricción
2021,2177,2021-04-01,Jueves,,,0.0,2,"Moto/Ciclomotor,Automóvil", ,2,1,0,0,1,0,0,"-31.726582251074618,-61.09077082288",S/D,,SAN CARLOS CENTRO,Las Colonias,S/D,S/D,XI,S/D,S/D,Otra Señal,S/D,Intersección,S/D,S/D,S/D,S/D,"De alcance,Múltiple",S/D,Colisión,S/D,S/D,Cordón divisorio,Sin restricción
2021,2178,2021-05-18,Martes,10:00:00,,0.0,2,"Moto/Ciclomotor,Pickup/Utilitario",Av. J J Paso Y Dr. Zavalla,3,2,0,0,1,0,0,"-31.66124, -60.72459",Avenida,,SANTA FE,La Capital,Asfalto,No existe,I,Dentro,Urbana,Otra Señal,No existe,Intersección,Bueno,Buena,Diurna,Buen Tiempo,"De alcance,Múltiple",S/D,Colisión,Ninguna,Vertical,Cordón divisorio,Sin restricción
2021,2180,2021-04-30,Viernes,,,0.0,2,"Automóvil,Automóvil",Pje Ingenieros Y Quintana,2,1,0,0,1,0,0,"-31.621774894654,-60.70409420104",Calle,,SANTA FE,La Capital,Asfalto,No existe,I,Dentro,Urbana,Otra Señal,No existe,Intersección,Bueno,S/D,Diurna,S/D,"De alcance,Múltiple",S/D,Colisión,Ninguna,Faltante,Cordón divisorio,Sin restricción
2021,2181,2021-04-01,Jueves,,,0.0,2,"Bicicleta,Automóvil", ,2,1,0,0,1,0,0,"-31.448825188884307,-60.93028956909",S/D,,ESPERANZA,Las Colonias,S/D,S/D,XI,S/D,S/D,Otra Señal,S/D,Intersección,S/D,S/D,S/D,S/D,"De alcance,Múltiple",S/D,Colisión,S/D,S/D,Cordón divisorio,Sin restricción
2021,2182,2021-05-18,Martes,15:00:00,,0.0,2,"Peatón,Pickup/Utilitario",Av. Pte. Perón Y Juan Del Campillo,2,1,0,0,1,0,0,"-31.62679, -60.71885",Avenida,,SANTA FE,La Capital,Asfalto,No existe,I,S/D,Urbana,Otra Señal,Funciona,Intersección,Bueno,Buena,Diurna,Buen Tiempo,"De alcance,Múltiple",Peatón,Colisión,Ninguna,Vertical,Cordón divisorio,Sin restricción
2021,2184,2021-04-29,Jueves,21:55:00,,0.0,1,Moto/Ciclomotor,AURELIA ,1,1,0,0,0,0,0,"-32.373811034251,-61.082268821799",Calle,,ESTACIÓN DÍAZ,San JERÓNIMO,Asfalto,No existe,XV,Dentro,Urbana,Otra Señal,No existe,Intersección,Bueno,Buena,Nocturna,S/D,"De alcance,Múltiple",S/D,Colisión,Ninguna,Faltante,Cordón divisorio,Sin restricción
2021,2185,2021-05-18,Martes,18:00:00,,0.0,2,"Peatón,Moto/Ciclomotor",Av. López y Planes Y Juan Del Campillo,2,1,0,0,1,0,0,"-31.62775, -60.7137",Avenida,,SANTA FE,La Capital,Asfalto,No existe,I,S/D,Urbana,Otra Señal,Funciona,Intersección,Bueno,Buena,Diurna,Buen Tiempo,"De alcance,Múltiple",Peatón,Colisión,Ninguna,Vertical,Cordón divisorio,Sin restricción
2021,2186,2021-04-02,Viernes,13:40:00,,0.0,2,"Camión,Moto/Ciclomotor",Montevideo Y Valparaíso,2,1,0,0,1,0,0,"-32.948304491534,-60.684290389195",Calle,,ROSARIO,Rosario,Asfalto,No existe,II,Dentro,Urbana,Otra Señal,No existe,Intersección,Bueno,Buena,Diurna,Buen Tiempo,"De alcance,Múltiple",S/D,Colisión,Ninguna,Faltante,Cordón divisorio,Sin restricción
2021,2187,2021-04-29,Jueves,13:50:00,,0.0,2,"Moto/Ciclomotor,Automóvil",Bme Mitre Y Moreno,2,1,0,0,1,0,0,"-32.0278131291,-61.220368780661",Calle,,GÁLVEZ,San JERÓNIMO,Asfalto,No existe,XV,Dentro,Urbana,Otra Señal,No existe,Intersección,Bueno,S/D,Diurna,S/D,"De alcance,Múltiple",S/D,Colisión,Ninguna,Faltante,Cordón divisorio,Sin restricción
2021,2188,2021-04-02,Viernes,,,0.0,2,"Taxi/Remis,Bicicleta",Entre Ríos Y San Lorenzo,2,1,0,0,1,0,0,"-32.943604097427,-60.640380989915",Calle,,ROSARIO,Rosario,Asfalto,No existe,II,Dentro,Urbana,Otra Señal,No existe,Intersección,Bueno,Buena,Diurna,Buen Tiempo,"De alcance,Múltiple",Ciclista,Colisión,Ninguna,"Horizontal,Vertical",Cordón divisorio,Sin restricción
2021,2189,2021-05-18,Martes,,,0.0,2,"Moto/Ciclomotor,Automóvil",Brasil Y Artigas,2,1,0,0,1,0,0,"-31.62073, -60.71771",Calle,,SANTA FE,La Capital,Asfalto,No existe,I,S/D,Urbana,Otra Señal,Funciona,Intersección,Bueno,Buena,S/D,Buen Tiempo,"De alcance,Múltiple",S/D,Colisión,Ninguna,Vertical,Cordón divisorio,Sin restricción
2021,2190,2021-05-17,Lunes,08:20:00,,0.0,2,"Pickup/Utilitario,Moto/Ciclomotor",Mendoza Y Saavedra,4,2,0,0,2,0,0,"-31.64685, -60.71618",Calle,,SANTA FE,La Capital,Asfalto,No existe,I,Dentro,Urbana,Otra Señal,No existe,Intersección,Bueno,S/D,Diurna,Buen Tiempo,"De alcance,Múltiple",Peatón,Colisión,Ninguna,Vertical,Cordón divisorio,Sin restricción
2021,2191,2021-04-02,Viernes,18:45:00,,0.0,2,"Automóvil,Moto/Ciclomotor",Brigadier General Estanislao L Y España,2,1,0,0,1,0,0,"-33.039291522524,-61.172977138846",Calle,,CASILDA,Caseros,Asfalto,No existe,IV,Dentro,Urbana,Otra Señal,No existe,Intersección,Bueno,Buena,Diurna,Buen Tiempo,"De alcance,Múltiple",S/D,Colisión,Ninguna,Faltante,Cordón divisorio,Sin restricción
2021,2192,2021-04-29,Jueves,18:00:00,,0.0,2,"Peatón,Automóvil",Mitre ,2,1,0,0,0,0,1,"-31.974840580643,-60.936233109123",Calle,,CORONDA,San JERÓNIMO,S/D,S/D,XV,Dentro,Urbana,Otra Señal,S/D,Intersección,S/D,S/D,Diurna,S/D,"De alcance,Múltiple",Peatón,Colisión,S/D,S/D,Cordón divisorio,Sin restricción
2021,2193,2021-05-17,Lunes,10:45:00,,0.0,2,"Pickup/Utilitario,Moto/Ciclomotor",Tucumán 3300,2,1,0,0,1,0,0,"-31.64361, -60.71987",Calle,,SANTA FE,La Capital,Asfalto,No existe,I,Dentro,Urbana,Otra Señal,No existe,Intersección,Bueno,Buena,Diurna,Buen Tiempo,"De alcance,Múltiple",S/D,Colisión,Ninguna,Vertical,Cordón divisorio,Sin restricción
2021,2194,2021-05-17,Lunes,16:00:00,,0.0,2,"Moto/Ciclomotor,Automóvil",Av. A del Valle Y French,4,2,0,0,2,0,0,"-31.59252, -60.69213",Avenida,,SANTA FE,La Capital,Asfalto,No existe,I,Dentro,Urbana,Otra Señal,Funciona,Intersección,Bueno,Buena,Diurna,Buen Tiempo,"De alcance,Múltiple",S/D,Colisión,Ninguna,S/D,Cordón divisorio,Sin restricción
2021,2195,2021-01-12,Martes,10:40:00,,0.0,2,"Automóvil,Otros",Pasaje Almte. Guillermo Brown Y Centenario,2,0,0,0,1,1,0,"-31.66576, -60.7618",Calle,,SANTO TOMÉ,La Capital,Asfalto,No existe,I,S/D,Urbana,Otra Señal,No existe,Intersección,Bueno,S/D,Diurna,S/D,"De alcance,Múltiple",Ciclista,Colisión,Ninguna,Faltante,Cordón divisorio,Sin restricción