anio_acci,nro_acci,fecha,desc_dia,hora_aprox,desc_ruta,km,cant_participantes,desc_participante,calle_avenida_km,total,heridos_leves,heridos_graves,heridos_gravisimos,ilesos,fallecidos,sin_datos,posicion_XY,desc_tipo_via,desc_ruta_ori,desc_loc,desc_dpto,desc_tipo_calzada,desc_tipo_banquina,desc_unidad_regional,desc_lugar_calzada,desc_zona,desc_prioridad,desc_estado_semaforo,desc_lugar_via,desc_estado_via,desc_estado_visibilidad,desc_luminosidad,desc_estado_clima,desc_tipo_colision,desc_tipo_atropello,desc_tipo_hecho,desc_pres_calzada,desc_senializacion,desc_separacion_via,desc_restriccion
2021,2196,2021-04-02,Viernes,18:30:00,,0.0,2,"Automóvil,Moto/Ciclomotor",General Bartolomé Mitre Y Tucumán,2,1,0,0,1,0,0,"-33.049572852302,-61.166390311512",Calle,,CASILDA,Caseros,Asfalto,No existe,II,Dentro,Urbana,Otra Señal,No existe,Intersección,Bueno,Buena,Diurna,Buen Tiempo,"De alcance,Múltiple",S/D,Colisión,Ninguna,Faltante,Cordón divisorio,Sin restricción
2021,2197,2021-01-23,Sabado,18:15:00,,0.0,2,"Automóvil,Moto/Ciclomotor",Mitre B Y Presbítero José Houriet,2,1,0,0,1,0,0,"-29.4619, -60.21478",Calle,,VERA,Vera,Asfalto,S/D,XIX,Dentro,Urbana,Otra Señal,No existe,Intersección,Bueno,Buena,Diurna,Buen Tiempo,"De alcance,Múltiple",S/D,Colisión,Ninguna,Vertical,Cordón divisorio,Sin restricción
2021,2198,2021-05-18,Martes,21:10:00,,0.0,2,"Moto/Ciclomotor,Automóvil",Pedro Centeno Y Alvear,2,1,0,0,1,0,0,"-31.62878, -60.69409",Calle,,SANTA FE,La Capital,Asfalto,No existe,I,S/D,Urbana,Otra Señal,No existe,Intersección,Bueno,Buena,"Nocturna,Con luz artificial",Buen Tiempo,"De alcance,Múltiple",S/D,Colisión,Ninguna,S/D,Cordón divisorio,Sin restricción
2021,2199,2021-05-17,Lunes,17:00:00,,0.0,2,"Automóvil,Moto/Ciclomotor",Ayacucho Y Pavón,2,1,0,0,1,0,0,"-31.587, -60.7399",S/D,,SANTA FE,La Capital,Hormigón,No existe,I,S/D,Urbana,Otra Señal,No existe,Intersección,Bueno,Buena,Diurna,Buen Tiempo,"De alcance,Múltiple",S/D,Colisión,Ninguna,Vertical,Cordón divisorio,Sin restricción
2021,2200,2021-01-23,Sabado,05:55:00,Ruta Nacional 11,19.0,2,"Moto/Ciclomotor,Automóvil", ,2,1,0,0,0,0,1,"-32.71623, -60.75465",Ruta,11,SAN LORENZO,San Lorenzo,Asfalto,Ripio,XVII,Dentro,Urbana,Otra Señal,No existe,Intersección,Con baches,Buena,Nocturna,Buen Tiempo,"De alcance,Múltiple",S/D,Colisión,Ninguna,Faltante,Cordón divisorio,Sin restricción
2021,2203,2021-05-16,Domingo,23:55:00,,0.0,2,"Moto/Ciclomotor,Moto/Ciclomotor",Centenario Y Balcarce,2,2,0,0,0,0,0,"-31.67753, -60.76449",Calle,,SANTO TOMÉ,La Capital,Asfalto,Pavimento,I,Dentro,Urbana,Otra Señal,No existe,Intersección,Bueno,Buena,Nocturna,Buen Tiempo,"De alcance,Múltiple",S/D,Colisión,Ninguna,Vertical,Cordón divisorio,Sin restricción
2021,2205,2021-01-23,Sabado,01:20:00,,0.0,2,"Pickup/Utilitario,Moto/Ciclomotor",Mitre Y Bv Centenario,3,2,0,0,1,0,0,"-33.23928, -60.8338",Avenida,,ACEBAL,Rosario,Hormigón,No existe,II,Dentro,Urbana,Otra Señal,No existe,Intersección,Bueno,Buena,Nocturna,Buen Tiempo,"De alcance,Múltiple",S/D,Colisión,Ninguna,Faltante,Cordón divisorio,Sin restricción
2021,2206,2021-01-23,Sabado,07:00:00,Autopista Nacional A007,4.0,2,"Peatón,Otros", ,2,1,0,0,0,0,1,"-31.6509, -60.70524",Autopista,A007,SANTA FE,La Capital,S/D,S/D,I,S/D,Urbana,Otra Señal,S/D,Intersección,S/D,S/D,Amanecer,S/D,"De alcance,Múltiple",Peatón,Colisión,S/D,S/D,Cordón divisorio,Sin restricción
2021,2207,2021-04-29,Jueves,09:15:00,Ruta Provincial 65,46.0,2,"Camión,Bicicleta",Ruta Prov. 65 ,2,1,0,0,1,0,0,"-32.361431121826136,-61.34827852249",Ruta,65,SAN GENARO,San JERÓNIMO,Asfalto,Ripio,XV,Dentro,Rural,Otra Señal,No existe,Intersección,S/D,S/D,Diurna,S/D,"De alcance,Múltiple",Ciclista,Colisión,S/D,S/D,Cordón divisorio,Sin restricción
2021,2208,2021-01-23,Sabado,01:10:00,,0.0,2,"Moto/Ciclomotor,Taxi/Remis",J.J.Paso Y Tte.Agneta,2,1,0,0,1,0,0,"-32.91985, -60.7006",Avenida,,ROSARIO,Rosario,Asfalto,No existe,II,Dentro,Urbana,Otra Señal,Funciona,Intersección,Bueno,S/D,Nocturna,S/D,"De alcance,Múltiple",S/D,Colisión,S/D,Vertical,Cordón divisorio,Sin restricción
2021,2210,2021-04-29,Jueves,07:40:00,Ruta Nacional 11,0.0,2,"Automóvil,Camión c / Acoplado",Ruta Nac 11 ,2,1,0,0,1,0,0,"-32.352708578109706,-60.94252467155",Ruta,11,MONJE,San JERÓNIMO,Asfalto,No existe,XV,Dentro,Rural,Otra Señal,No existe,Intersección,Bueno,Buena,Diurna,S/D,"De alcance,Múltiple",S/D,Colisión,Ninguna,"Horizontal,Vertical",Cordón divisorio,Sin restricción
2021,2213,2021-05-01,Sabado,,,0.0,1,Moto/Ciclomotor, ,2,1,0,0,1,0,0,"-31.67242, -60.76918",S/D,,SANTO TOMÉ,La Capital,S/D,S/D,I,S/D,S/D,Otra Señal,S/D,Intersección,S/D,S/D,S/D,S/D,"De alcance,Múltiple",S/D,Colisión,S/D,S/D,Cordón divisorio,Sin restricción
2021,2214,2021-01-15,Viernes,05:20:00,Ruta Nacional 8,369.0,2,"Bicicleta,Moto/Ciclomotor",Leoncio de la Barrera Y Ruta Nac 8,2,1,0,0,0,1,0,"-33.73962, -61.9861",Ruta,8,VENADO TUERTO,General LÓPEZ,Asfalto,S/D,VIII,S/D,Urbana,Otra Señal,S/D,Intersección,S/D,Reducida,Nocturna,Lluvia,"De alcance,Múltiple",Ciclista,Colisión,Agua,S/D,Cordón divisorio,Sin restricción
2021,2215,2021-01-23,Sabado,22:05:00,,0.0,2,"Moto/Ciclomotor,Moto/Ciclomotor",Olavarría Bis Y Av. Génova,2,1,0,0,1,0,0,"-32.9158, -60.70456",Calle,,ROSARIO,Rosario,Asfalto,No existe,II,S/D,Urbana,Otra Señal,No existe,Intersección,Bueno,Buena,Nocturna,S/D,"De alcance,Múltiple",S/D,Colisión,S/D,Faltante,Cordón divisorio,Sin restricción
2021,2216,2021-05-01,Sabado,,,0.0,2,"Moto/Ciclomotor,Moto/Ciclomotor",San Juan Y Juan M. de Pueyrredón,3,3,0,0,0,0,0,"-33.46337, -61.4821",S/D,,FIRMAT,General LÓPEZ,S/D,S/D,VIII,S/D,S/D,Otra Señal,S/D,Intersección,S/D,S/D,S/D,S/D,"De alcance,Múltiple",S/D,Colisión,S/D,S/D,Cordón divisorio,Sin restricción
2021,2218,2021-01-23,Sabado,09:45:00,,0.0,2,"Bicicleta,Automóvil",Candioti Y Pedro Centeno,2,1,0,0,1,0,0,"-31.62901, -60.69305",Calle,,SANTA FE,La Capital,Asfalto,No existe,I,Dentro,Urbana,Otra Señal,No existe,Intersección,Bueno,Buena,Diurna,Buen Tiempo,"De alcance,Múltiple",Ciclista,Colisión,Ninguna,S/D,Cordón divisorio,Sin restricción
2021,2219,2021-04-02,Viernes,03:40:00,,0.0,1,Moto/Ciclomotor,Mitre 2000,1,1,0,0,0,0,0,"-31.976307306296,-60.928376897674",Calle,,CORONDA,San JERÓNIMO,Tierra,No existe,XV,Dentro,Urbana,Otra Señal,No existe,Intersección,Bueno,Buena,"Nocturna,Con luz artificial",Buen Tiempo,"De alcance,Múltiple",S/D,Colisión,Ninguna,S/D,Cordón divisorio,Sin restricción
2021,2220,2021-01-16,Sabado,14:20:00,Ruta Provincial 1,145.0,2,"Moto/Ciclomotor,Automóvil",Ruta Nº 1 ,2,0,0,0,1,1,0,"-30.59337, -59.94448",Ruta,1,SAN JAVIER,San Javier,Asfalto,S/D,XIV,S/D,Rural,Otra Señal,S/D,Intersección,S/D,Reducida,Diurna,Lluvia,"De alcance,Múltiple",S/D,Colisión,Agua,S/D,Cordón divisorio,Sin restricción
2021,2221,2021-01-23,Sabado,16:00:00,,0.0,2,"Automóvil,Moto/Ciclomotor",Alvear Y Quintana,3,2,0,0,1,0,0,"-31.6242, -60.69276",Calle,,SANTA FE,La Capital,Asfalto,No existe,I,Dentro,Urbana,Otra Señal,No existe,Intersección,Bueno,Buena,Diurna,Buen Tiempo,"De alcance,Múltiple",S/D,Colisión,Ninguna,S/D,Cordón divisorio,Sin restricción
2021,2223,2021-01-23,Sabado,21:30:00,,0.0,2,"Automóvil,Moto/Ciclomotor",Las Heras Y Salvador del Carril,2,1,0,0,1,0,0,"-31.61937, -60.69249",Calle,,SANTA FE,La Capital,Asfalto,No existe,I,Dentro,Urbana,Otra Señal,No existe,Intersección,Bueno,Reducida,Nocturna,Buen Tiempo,"De alcance,Múltiple",S/D,Colisión,Ninguna,S/D,Cordón divisorio,Sin restricción
2021,2224,2021-01-23,Sabado,23:00:00,,0.0,2,"Moto/Ciclomotor,Automóvil",Av. Gral. Paz Y Derqui,2,1,0,0,0,0,1,"-31.61909, -60.68508",Avenida,,SANTA FE,La Capital,Asfalto,No existe,I,Dentro,Urbana,Otra Señal,No existe,Intersección,Bueno,Reducida,Nocturna,Buen Tiempo,"De alcance,Múltiple",S/D,Colisión,Ninguna,S/D,Cordón divisorio,Sin restricción
2021,2225,2021-04-03,Sabado,05:20:00,Ruta Nacional 11,0.0,1,Moto/Ciclomotor,Av. L de la Torre-Ruta Nac 11 Y Sáenz PEÑA,3,3,0,0,0,0,0,"-31.980621814727805,-60.92831432819",Ruta,11,CORONDA,San JERÓNIMO,Asfalto,Ripio,XV,Dentro,Urbana,Otra Señal,Funciona,Intersección,Bueno,Buena,Nocturna,Buen Tiempo,"De alcance,Múltiple",S/D,Colisión,Ninguna,"Horizontal,Vertical",Cordón divisorio,Sin restricción
2021,2226,2021-04-29,Jueves,,,0.0,1,Automóvil,BANDERA Y CAMELIAS,1,1,0,0,0,0,0,"-31.716469, -60.797606",Calle,,SANTO TOMÉ,La Capital,S/D,S/D,I,Dentro,Urbana,Otra Señal,S/D,Intersección,S/D,S/D,S/D,S/D,"De alcance,Múltiple",S/D,Colisión,S/D,S/D,Cordón divisorio,Sin restricción
2021,2227,2021-01-23,Sabado,12:30:00,,0.0,2,"Pickup/Utilitario,Automóvil",Av. 27 de Febrero Y Juan de Garay,3,1,0,0,2,0,0,"-31.65295, -60.70569",Avenida,,SANTA FE,La Capital,Hormigón,No existe,I,S/D,Urbana,Otra Señal,Funciona,Intersección,Bueno,Buena,Diurna,Buen Tiempo,"De alcance,Múltiple",S/D,Colisión,Ninguna,"Horizontal,Vertical",Cordón divisorio,Sin restricción
2021,2229,2021-04-04,Domingo,,,0.0,2,"Moto/Ciclomotor,Pickup/Utilitario",J B Justo Y Manuel Roca,2,1,0,0,1,0,0,"-34.261612962261,-62.71506851798",Calle,,RUFINO,General LÓPEZ,Asfalto,No existe,VIII,Dentro,Urbana,Otra Señal,S/D,Intersección,Bueno,Buena,S/D,Buen Tiempo,"De alcance,Múltiple",S/D,Colisión,Ninguna,S/D,Cordón divisorio,Sin restricción
2021,2230,2021-04-28,Miercoles,14:10:00,,0.0,2,"Moto/Ciclomotor,Automóvil",General José de San Martin 2300,2,1,0,0,1,0,0,"-33.044813505709,-61.171567688729",Calle,,CASILDA,Caseros,Asfalto,No existe,IV,Dentro,Urbana,Otra Señal,No existe,Intersección,Bueno,S/D,Diurna,S/D,"De alcance,Múltiple",S/D,Colisión,Ninguna,Faltante,Cordón divisorio,Sin restricción
2021,2232,2021-04-04,Domingo,17:30:00,,0.0,2,"Pickup/Utilitario,Moto/Ciclomotor",Belgrano Y Vélez Sarsfield,2,1,0,0,1,0,0,"-32.054045163546,-61.77885178854",Calle,,CARLOS PELLEGRINI,San MARTÍN,Asfalto,No existe,XVIII,Dentro,Urbana,Otra Señal,No existe,Intersección,Bueno,Buena,Diurna,Buen Tiempo,"De alcance,Múltiple",S/D,Colisión,Ninguna,Faltante,Cordón divisorio,Sin restricción
2021,2233,2021-04-27,Martes,09:20:00,Ruta Provincial 80,0.0,2,"Automóvil,Pickup/Utilitario",Avda. Jorge Newbery Y Luisa de Larrechea,4,1,0,0,3,0,0,"-32.036242808005,-61.209227786723",Ruta,80,GÁLVEZ,San JERÓNIMO,Asfalto,S/D,XV,Dentro,Urbana,Otra Señal,S/D,Intersección,S/D,S/D,S/D,S/D,"De alcance,Múltiple",S/D,Colisión,S/D,S/D,Cordón divisorio,Sin restricción
2021,2234,2021-05-02,Domingo,19:10:00,,0.0,2,"Moto/Ciclomotor,Moto/Ciclomotor",Güemes Y Sáenz PEÑA,3,3,0,0,0,0,0,"-31.98127, -60.92474",S/D,,CORONDA,San JERÓNIMO,S/D,S/D,XV,S/D,S/D,Otra Señal,S/D,Intersección,S/D,S/D,S/D,S/D,"De alcance,Múltiple",S/D,Colisión,S/D,S/D,Cordón divisorio,Sin restricción
2021,2237,2021-05-07,Viernes,,,0.0,2,"Moto/Ciclomotor,Automóvil", ,2,1,0,0,1,0,0,,S/D,,ESPERANZA,Las Colonias,S/D,S/D,XI,S/D,S/D,Otra Señal,S/D,Intersección,S/D,S/D,S/D,S/D,"De alcance,Múltiple",S/D,Colisión,S/D,S/D,Cordón divisorio,Sin restricción
2021,2238,2021-05-03,Lunes,,,0.0,2,"Bicicleta,Automóvil", ,3,2,0,0,1,0,0,"-31.44985, -60.93",S/D,,ESPERANZA,Las Colonias,S/D,S/D,XI,S/D,S/D,Otra Señal,S/D,Intersección,S/D,S/D,S/D,S/D,"De alcance,Múltiple",Ciclista,Colisión,S/D,S/D,Cordón divisorio,Sin restricción
2021,2239,2021-04-05,Lunes,,,0.0,2,"Otros,Moto/Ciclomotor",Cerrito Y Matienzo,3,1,0,0,0,0,2,"-32.952836349118,-60.694204065803",Calle,,ROSARIO,Rosario,Asfalto,No existe,II,Dentro,Urbana,Otra Señal,No existe,Intersección,Bueno,Buena,Diurna,Buen Tiempo,"De alcance,Múltiple",S/D,Colisión,Ninguna,Faltante,Cordón divisorio,Sin restricción
2021,2240,2021-05-03,Lunes,,,0.0,2,"Moto/Ciclomotor,Automóvil", ,2,1,0,0,1,0,0,"-31.44985, -60.93",S/D,,ESPERANZA,Las Colonias,S/D,S/D,XI,S/D,S/D,Otra Señal,S/D,Intersección,S/D,S/D,S/D,S/D,"De alcance,Múltiple",S/D,Colisión,S/D,S/D,Cordón divisorio,Sin restricción
2021,2241,2021-04-27,Martes,05:30:00,Ruta Nacional 34,92.0,1,Camión c / Acoplado, ,1,1,0,0,0,0,0,"-32.310039, -61.408036",Ruta,34,CENTENO,San JERÓNIMO,Asfalto,No existe,XV,Dentro,Urbana,Otra Señal,No existe,Intersección,Bueno,S/D,Nocturna,S/D,"De alcance,Múltiple",S/D,Colisión,Ninguna,Faltante,Cordón divisorio,Sin restricción
2021,2242,2021-01-22,Viernes,20:30:00,,0.0,2,"Bicicleta,Otros",Av. San Martin Y Justo José de Urquiza,2,1,0,0,0,0,1,"-32.85543, -60.70415",Avenida,,GRANADERO BAIGORRIA,Rosario,Asfalto,Pavimento,II,S/D,Urbana,Otra Señal,No existe,Intersección,Bueno,Buena,Nocturna,Buen Tiempo,"De alcance,Múltiple",Ciclista,Colisión,Ninguna,Vertical,Cordón divisorio,Sin restricción
2021,2243,2021-04-27,Martes,,,0.0,2,"Automóvil,Camión", ,4,3,0,0,1,0,0,"-33.45793939517908,-61.488735987735",S/D,,FIRMAT,General LÓPEZ,S/D,S/D,VIII,S/D,S/D,Otra Señal,S/D,Intersección,S/D,S/D,S/D,S/D,"De alcance,Múltiple",S/D,Colisión,S/D,S/D,Cordón divisorio,Sin restricción
2021,2244,2021-01-24,Domingo,06:35:00,,0.0,3,"Moto/Ciclomotor,Pickup/Utilitario,Automóvil",Av. Provincias Unidas Y Bv. Seguí,4,1,0,0,2,1,0,"-32.97105, -60.71133",Calle,,ROSARIO,Rosario,Asfalto,S/D,II,S/D,Urbana,Otra Señal,Funciona,Intersección,S/D,S/D,Nocturna,S/D,"De alcance,Múltiple",S/D,Colisión,S/D,Vertical,Cordón divisorio,Sin restricción
2021,2245,2021-04-05,Lunes,04:00:00,,0.0,3,"Peatón,Automóvil,Automóvil",Av. Uriburu 3460,3,1,0,0,0,0,2,"-32.991824395886,-60.680957647427",Avenida,,ROSARIO,Rosario,Asfalto,No existe,II,Dentro,Urbana,Otra Señal,No existe,Intersección,Bueno,Buena,Diurna,Buen Tiempo,"De alcance,Múltiple",Peatón,Colisión,Ninguna,Horizontal,Cordón divisorio,Sin restricción
2021,2246,2021-04-27,Martes,10:50:00,,0.0,2,"Automóvil,Moto/Ciclomotor",Buenos Aires Y Washington,3,2,0,0,1,0,0,"-33.047705733665,-61.172248310473",Calle,,CASILDA,Caseros,Asfalto,No existe,IV,Dentro,Urbana,Otra Señal,No existe,Intersección,Bueno,Buena,Diurna,S/D,"De alcance,Múltiple",S/D,Colisión,Ninguna,Faltante,Cordón divisorio,Sin restricción
2021,2248,2021-04-05,Lunes,,,0.0,2,"Moto/Ciclomotor,Moto/Ciclomotor", ,3,3,0,0,0,0,0,"-31.445435, -60.929599",S/D,,ESPERANZA,Las Colonias,S/D,S/D,XI,S/D,S/D,Otra Señal,S/D,Intersección,S/D,S/D,S/D,S/D,"De alcance,Múltiple",S/D,Colisión,S/D,S/D,Cordón divisorio,Sin restricción
2021,2249,2021-04-05,Lunes,19:00:00,Ruta Nacional 11,0.0,1,Moto/Ciclomotor,Av. L de la Torre-Ruta Nac 11 2400,1,1,0,0,0,0,0,"-31.979298392409,-60.928142518469",Ruta,11,CORONDA,San JERÓNIMO,Asfalto,No existe,XV,Dentro,Urbana,Otra Señal,No existe,Intersección,Bueno,Buena,Diurna,Buen Tiempo,"De alcance,Múltiple",S/D,Colisión,Ninguna,"Horizontal,Vertical",Cordón divisorio,Sin restricción
2021,2250,2021-04-27,Martes,11:30:00,,0.0,2,"Moto/Ciclomotor,Vehículo Oficial",Urquiza 1700,3,1,0,0,2,0,0,"-32.94145971999,-60.645646052416",Calle,,ROSARIO,Rosario,Asfalto,No existe,II,Dentro,Urbana,Otra Señal,Funciona,Intersección,Bueno,S/D,Diurna,S/D,"De alcance,Múltiple",S/D,Colisión,Ninguna,"Horizontal,Vertical",Cordón divisorio,Sin restricción
2021,2251,2021-04-05,Lunes,12:15:00,,0.0,2,"Moto/Ciclomotor,Camión",Bme Mitre Y Nazareno C Rossi,3,2,0,0,1,0,0,"-32.022499733999,-61.224341529441",Calle,,GÁLVEZ,San JERÓNIMO,Asfalto,No existe,XV,Dentro,Urbana,Otra Señal,No existe,Intersección,Bueno,Buena,Diurna,Buen Tiempo,"De alcance,Múltiple",S/D,Colisión,Ninguna,Faltante,Cordón divisorio,Sin restricción
2021,2252,2021-04-27,Martes,19:30:00,,0.0,2,"Moto/Ciclomotor,Moto/Ciclomotor",Córdoba Y Pres Domingo Faustino Sarmiento,2,1,0,0,1,0,0,"-31.660798664384,-60.767255461414",Calle,,SANTO TOMÉ,La Capital,Asfalto,No existe,II,Dentro,Urbana,Otra Señal,No existe,Intersección,Bueno,S/D,Diurna,Buen Tiempo,"De alcance,Múltiple",S/D,Colisión,Ninguna,Faltante,Cordón divisorio,Sin restricción
2021,2253,2021-04-26,Lunes,,,0.0,2,"Bicicleta,Automóvil", ,2,1,0,0,1,0,0,"-31.448825188884307,-60.93028956909",S/D,,ESPERANZA,Las Colonias,S/D,S/D,XI,S/D,S/D,Otra Señal,S/D,Intersección,S/D,S/D,S/D,S/D,"De alcance,Múltiple",Ciclista,Colisión,S/D,S/D,Cordón divisorio,Sin restricción
2021,2254,2021-04-26,Lunes,,,0.0,1,Moto/Ciclomotor, ,1,1,0,0,0,0,0,"-31.448825188884307,-60.93028956909",S/D,,ESPERANZA,Las Colonias,S/D,S/D,XI,S/D,S/D,Otra Señal,S/D,Intersección,S/D,S/D,S/D,S/D,"De alcance,Múltiple",S/D,Colisión,S/D,S/D,Cordón divisorio,Sin restricción
2021,2255,2021-01-20,Miercoles,21:50:00,,0.0,1,Moto/Ciclomotor,COLECTORA RN 34 ,1,0,0,0,0,1,0,"-32.28842, -61.42031",Camino Rural,,CENTENO,San JERÓNIMO,Tierra,S/D,XV,S/D,Rural,Otra Señal,S/D,Intersección,S/D,S/D,Nocturna,S/D,"De alcance,Múltiple",S/D,Colisión,S/D,S/D,Cordón divisorio,Sin restricción
2021,2256,2021-01-20,Miercoles,20:00:00,,0.0,2,"Moto/Ciclomotor,Pickup/Utilitario",Av. Peñaloza Y Llerena,3,0,0,0,2,1,0,"-31.61016, -60.71302",Avenida,,SANTA FE,La Capital,Asfalto,No existe,I,S/D,Urbana,Otra Señal,No existe,Intersección,Bueno,S/D,Nocturna,S/D,"De alcance,Múltiple",S/D,Colisión,Ninguna,Faltante,Cordón divisorio,Sin restricción
2021,2257,2021-01-21,Jueves,02:00:00,,0.0,2,"Moto/Ciclomotor,Vehículo Oficial",J.B.Justo 7600,3,1,0,0,1,1,0,"-32.91528, -60.72561",Calle,,ROSARIO,Rosario,S/D,S/D,II,S/D,Urbana,Otra Señal,S/D,Intersección,S/D,S/D,Nocturna,S/D,"De alcance,Múltiple",S/D,Colisión,S/D,S/D,Cordón divisorio,Sin restricción
2021,2258,2021-04-05,Lunes,11:55:00,,0.0,2,"Moto/Ciclomotor,Automóvil",Pbro. d Balbiano Y Salta,2,1,0,0,1,0,0,"-32.035480665865,-61.222878752346",Avenida,,GÁLVEZ,San JERÓNIMO,Asfalto,No existe,XV,Dentro,Urbana,Otra Señal,Funciona,Intersección,Bueno,Buena,Diurna,Buen Tiempo,"De alcance,Múltiple",S/D,Colisión,Ninguna,"Horizontal,Vertical",Cordón divisorio,Sin restricción
2021,2259,2021-04-05,Lunes,00:10:00,,0.0,2,"Automóvil,Moto/Ciclomotor", ,2,1,0,0,1,0,0,"-32.0543780058874,-61.6019758886814",S/D,,CAÑADA ROSQUÍN,San MARTÍN,S/D,S/D,XVIII,S/D,S/D,Otra Señal,S/D,Intersección,S/D,S/D,S/D,S/D,"De alcance,Múltiple",S/D,Colisión,S/D,S/D,Cordón divisorio,Sin restricción
2021,2261,2021-04-06,Martes,,,0.0,2,"Moto/Ciclomotor,Automóvil",Chacabuco Y Dante Alighieri,5,1,0,0,3,0,1,"-33.052864279404,-61.176882784184",Calle,,CASILDA,Caseros,Asfalto,No existe,IV,Dentro,Urbana,Otra Señal,No existe,Intersección,Bueno,Buena,Diurna,Buen Tiempo,"De alcance,Múltiple",S/D,Colisión,Ninguna,S/D,Cordón divisorio,Sin restricción
2021,2262,2021-04-26,Lunes,,,0.0,1,Moto/Ciclomotor, ,2,2,0,0,0,0,0,"-31.419775, -60.920854",S/D,,LA ORILLA,Las Colonias,S/D,S/D,XI,S/D,S/D,Otra Señal,S/D,Intersección,S/D,S/D,S/D,S/D,"De alcance,Múltiple",S/D,Colisión,S/D,S/D,Cordón divisorio,Sin restricción
2021,2263,2021-01-29,Viernes,12:00:00,,0.0,2,"Moto/Ciclomotor,Transporte de Pasajeros Urbano (> 8 asientos)",Padre Genesio Y Talcahuano,2,0,0,0,1,1,0,"-31.60522, -60.66919",Calle,,SANTA FE,La Capital,Asfalto,No existe,I,S/D,Urbana,Otra Señal,No existe,Intersección,Otro,Reducida,Diurna,S/D,"De alcance,Múltiple",S/D,Colisión,Otro,Faltante,Cordón divisorio,Sin restricción
2021,2264,2021-04-24,Sabado,12:15:00,,0.0,2,"Automóvil,Moto/Ciclomotor",Urquiza 1246,3,2,0,0,1,0,0,"-29.698623065295,-60.255954703905",Calle,,MARGARITA,Vera,S/D,S/D,XIX,Dentro,Urbana,Otra Señal,S/D,Intersección,S/D,S/D,Diurna,S/D,"De alcance,Múltiple",S/D,Colisión,S/D,S/D,Cordón divisorio,Sin restricción
2021,2265,2021-04-01,Jueves,19:30:00,,0.0,2,"Bicicleta,Moto/Ciclomotor",Estanislao López 1160,2,1,0,0,1,0,0,"-32.047074863104,-61.60526913262",Calle,,CAÑADA ROSQUÍN,San MARTÍN,Tierra,No existe,XVIII,Dentro,Urbana,Otra Señal,No existe,Intersección,Bueno,Buena,Diurna,Buen Tiempo,"De alcance,Múltiple",Ciclista,Colisión,Ninguna,Faltante,Cordón divisorio,Sin restricción
2021,2266,2021-04-25,Domingo,,,0.0,1,Moto/Ciclomotor, ,2,2,0,0,0,0,0,"-31.672596279305644,-61.07458255771",S/D,,SAN CARLOS NORTE,Las Colonias,S/D,S/D,XI,S/D,S/D,Otra Señal,S/D,Intersección,S/D,S/D,S/D,S/D,"De alcance,Múltiple",S/D,Colisión,S/D,S/D,Cordón divisorio,Sin restricción
2021,2267,2021-04-07,Miercoles,,Autopista Provincial Brigadier E.LÓPEZ,152.5,1,Automóvil, ,1,1,0,0,0,0,0,"-31.624726, -60.762664",Autopista,Brigadier E.LÓPEZ,SANTO TOMÉ,La Capital,Asfalto,Natural,I,Dentro,Urbana,Otra Señal,No existe,Intersección,Bueno,Buena,Diurna,Buen Tiempo,"De alcance,Múltiple",S/D,Colisión,Ninguna,"Horizontal,Vertical",Cordón divisorio,Sin restricción
2021,2268,2021-04-24,Sabado,18:40:00,,0.0,2,"Moto/Ciclomotor,Bicicleta",Sarmiento 900,2,1,0,0,1,0,0,"-32.026555305016,-61.223167649181",Calle,,GÁLVEZ,San JERÓNIMO,S/D,No existe,XV,Dentro,Urbana,Otra Señal,No existe,Intersección,S/D,S/D,S/D,S/D,"De alcance,Múltiple",Ciclista,Colisión,S/D,S/D,Cordón divisorio,Sin restricción
2021,2269,2021-04-24,Sabado,15:00:00,Ruta Nacional 11,0.0,2,"Bicicleta,Automóvil", ,2,1,0,0,0,0,1,"-31.97270393371582,-60.963306427001",Ruta,11,CORONDA,San JERÓNIMO,Asfalto,Natural,XV,Dentro,Urbana,Otra Señal,No existe,Intersección,Bueno,Buena,Diurna,Buen Tiempo,"De alcance,Múltiple",Ciclista,Colisión,Ninguna,Faltante,Cordón divisorio,Sin restricción
2021,2270,2021-04-07,Miercoles,,,0.0,2,"Moto/Ciclomotor,Pickup/Utilitario",DEMETRIO GÓMEZ Y DEMETRIO GONZALES,2,1,0,0,1,0,0,"-31.650781, -60.691788",Calle,,ALTO VERDE,La Capital,Asfalto,No existe,I,Dentro,Urbana,Otra Señal,No existe,Intersección,Bueno,Buena,Diurna,Buen Tiempo,"De alcance,Múltiple",S/D,Colisión,Ninguna,Horizontal,Cordón divisorio,Sin restricción
2021,2271,2021-04-24,Sabado,,,0.0,2,"Automóvil,Moto/Ciclomotor", ,2,1,0,0,1,0,0,"-34.187874971176655,-61.52985383199",S/D,,TEODELINA,General LÓPEZ,S/D,S/D,VIII,S/D,S/D,Otra Señal,S/D,Intersección,S/D,S/D,S/D,S/D,"De alcance,Múltiple",S/D,Colisión,S/D,S/D,Cordón divisorio,Sin restricción
2021,2272,2021-04-07,Miercoles,,,0.0,2,"Moto/Ciclomotor,Automóvil",Belgrano Y Pedro Diaz Colodrero,2,1,0,0,1,0,0,"-31.626460871204,-60.695702829713",Calle,,SANTA FE,La Capital,Asfalto,No existe,I,Dentro,Urbana,Otra Señal,No existe,Intersección,Bueno,Buena,Diurna,Buen Tiempo,"De alcance,Múltiple",S/D,Colisión,Ninguna,Faltante,Cordón divisorio,Sin restricción
2021,2274,2021-04-24,Sabado,17:15:00,,0.0,2,"Moto/Ciclomotor,Peatón",Buenos Aires 3200,2,1,0,0,1,0,0,"-33.050489450781,-61.177268712053",Calle,,CASILDA,Caseros,Asfalto,No existe,IV,Dentro,Urbana,Otra Señal,No existe,Intersección,Bueno,Buena,Diurna,S/D,"De alcance,Múltiple",Peatón,Colisión,Ninguna,Faltante,Cordón divisorio,Sin restricción