anio_acci,nro_acci,fecha,desc_dia,hora_aprox,desc_ruta,km,cant_participantes,desc_participante,calle_avenida_km,total,heridos_leves,heridos_graves,heridos_gravisimos,ilesos,fallecidos,sin_datos,posicion_XY,desc_tipo_via,desc_ruta_ori,desc_loc,desc_dpto,desc_tipo_calzada,desc_tipo_banquina,desc_unidad_regional,desc_lugar_calzada,desc_zona,desc_prioridad,desc_estado_semaforo,desc_lugar_via,desc_estado_via,desc_estado_visibilidad,desc_luminosidad,desc_estado_clima,desc_tipo_colision,desc_tipo_atropello,desc_tipo_hecho,desc_pres_calzada,desc_senializacion,desc_separacion_via,desc_restriccion
2021,2350,2021-04-04,Domingo,,Ruta Nacional 9,0.0,2,"Camión c / Semirremolque,Moto/Ciclomotor",Buenos Aires Y Ruta Nacional 9,3,2,0,0,1,0,0,"-32.90698707103731,-60.900617837905",Ruta,9,ROLDÁN,San Lorenzo,Asfalto,No existe,XVII,Dentro,Urbana,Otra Señal,No existe,Intersección,Bueno,Buena,Diurna,Buen Tiempo,"De alcance,Múltiple",S/D,Colisión,Ninguna,Horizontal,Cordón divisorio,Sin restricción
2021,2351,2021-01-27,Miercoles,09:35:00,,0.0,2,"Peatón,Transporte de Pasajeros Urbano (> 8 asientos)",Almafuerte Y Alberdi,2,0,0,0,1,1,0,"-32.91731364506664, -60.68394936972",Calle,,ROSARIO,Rosario,Asfalto,No existe,II,Dentro,Urbana,Otra Señal,Funciona,Intersección,Bueno,S/D,Diurna,S/D,"De alcance,Múltiple",Peatón,Colisión,Ninguna,"Horizontal,Vertical",Cordón divisorio,Sin restricción
2021,2352,2021-05-07,Viernes,20:05:00,,0.0,2,"Moto/Ciclomotor,Camión",Capitán Bermúdez Y M Ghandy,2,1,0,0,1,0,0,"-32.02307, -61.22203",S/D,,GÁLVEZ,San JERÓNIMO,S/D,S/D,XV,S/D,S/D,Otra Señal,S/D,Intersección,S/D,S/D,S/D,S/D,"De alcance,Múltiple",S/D,Colisión,S/D,S/D,Cordón divisorio,Sin restricción
2021,2354,2021-04-27,Martes,,,0.0,2,"Automóvil,Automóvil", ,4,3,0,0,1,0,0,"-32.74440905393891,-60.737784965745",S/D,,SAN LORENZO,San Lorenzo,S/D,S/D,XVII,S/D,S/D,Otra Señal,S/D,Intersección,S/D,S/D,S/D,S/D,"De alcance,Múltiple",S/D,Colisión,S/D,S/D,Cordón divisorio,Sin restricción
2021,2355,2021-02-06,Sabado,23:30:00,Ruta Provincial 6,27.0,1,Automóvil,San Martin ,1,0,0,0,0,1,0,"-31.77743, -61.10552",Ruta,6,SAN CARLOS SUR,Las Colonias,Hormigón,Natural,XI,S/D,Rural,Otra Señal,No existe,Intersección,Bueno,Reducida,Nocturna,Buen Tiempo,"De alcance,Múltiple",S/D,Colisión,Ninguna,"Horizontal,Vertical",Cordón divisorio,Sin restricción
2021,2356,2021-04-08,Jueves,04:20:00,Ruta Nacional 11,0.0,2,"Automóvil,Moto/Ciclomotor",La Paz Y Ruta Nac 11,4,2,0,0,2,0,0,"-32.708013456844,-60.760972246146",Ruta,11,PUERTO SAN MARTÍN,San Lorenzo,Asfalto,Ripio,XVII,Dentro,Urbana,Otra Señal,No existe,Intersección,Ahuellamiento,Reducida,Nocturna,Buen Tiempo,"De alcance,Múltiple",S/D,Colisión,Ninguna,Horizontal,Cordón divisorio,Sin restricción
2021,2357,2021-01-27,Miercoles,,,0.0,2,"Automóvil,Automóvil",Cafferata Y E.Zeballos,3,2,0,0,1,0,0,"-32.95883, -60.693",Calle,,ROSARIO,Rosario,Asfalto,S/D,II,Dentro,Urbana,Otra Señal,S/D,Intersección,S/D,S/D,S/D,S/D,"De alcance,Múltiple",S/D,Colisión,S/D,S/D,Cordón divisorio,Sin restricción
2021,2358,2021-01-27,Miercoles,,,0.0,2,"Moto/Ciclomotor,Moto/Ciclomotor",Francia F Y Biedma,2,1,0,0,1,0,0,"-32.95883, -60.693",Calle,,ROSARIO,Rosario,Asfalto,S/D,II,Dentro,Urbana,Otra Señal,S/D,Intersección,S/D,S/D,Diurna,S/D,"De alcance,Múltiple",S/D,Colisión,S/D,S/D,Cordón divisorio,Sin restricción
2021,2359,2021-01-27,Miercoles,,,0.0,2,"Moto/Ciclomotor,Automóvil",Santa Cruz ,2,1,0,0,1,0,0,"-33.75394, -61.94297",Calle,,VENADO TUERTO,General LÓPEZ,Asfalto,S/D,VIII,Dentro,Urbana,Otra Señal,S/D,Intersección,S/D,S/D,Diurna,S/D,"De alcance,Múltiple",S/D,Colisión,S/D,S/D,Cordón divisorio,Sin restricción
2021,2360,2021-01-28,Jueves,,,0.0,2,"Moto/Ciclomotor,Automóvil",Calle 19-Habegger Y Calle 22- 25 de Mayo,2,1,0,0,1,0,0,"-29.1461, -59.64884",Calle,,RECONQUISTA,General Obligado,Asfalto,S/D,IX,Dentro,Urbana,Otra Señal,S/D,Intersección,S/D,S/D,S/D,S/D,"De alcance,Múltiple",S/D,Colisión,S/D,S/D,Cordón divisorio,Sin restricción
2021,2361,2021-04-27,Martes,09:30:00,,0.0,2,"Moto/Ciclomotor,Automóvil",Av. Carlos A Poucel Y Dr. Ghio,2,1,0,0,1,0,0,"-32.74955213069918,-60.738494396209",Avenida,,SAN LORENZO,San Lorenzo,Asfalto,No existe,XVII,Dentro,Urbana,Otra Señal,Funciona,Intersección,Bueno,S/D,Diurna,S/D,"De alcance,Múltiple",S/D,Colisión,Ninguna,Vertical,Cordón divisorio,Sin restricción
2021,2362,2021-02-13,Sabado,10:00:00,,0.0,1,Pickup/Utilitario,Av. Sarmiento ,1,0,0,0,0,1,0,"-29.9802, -61.77356",Camino Rural,,HERSILIA,San CRISTÓBAL,Tierra,No existe,XIII,Fuera,Rural,Otra Señal,No existe,Intersección,Bueno,Buena,Diurna,Buen Tiempo,"De alcance,Múltiple",S/D,Colisión,Ninguna,Faltante,Cordón divisorio,Sin restricción
2021,2365,2021-01-28,Jueves,,,0.0,2,"Moto/Ciclomotor,Automóvil",Bv C Pellegrini Y Belgrano,2,1,0,0,1,0,0,"-30.79408, -60.59213",Calle,,SAN JUSTO,San Justo,Asfalto,S/D,XVI,Dentro,Urbana,Otra Señal,S/D,Intersección,S/D,S/D,S/D,S/D,"De alcance,Múltiple",S/D,Colisión,S/D,S/D,Cordón divisorio,Sin restricción
2021,2366,2021-04-27,Martes,,Ruta Nacional 11,0.0,2,"Moto/Ciclomotor,Automóvil",Av. San Martin Y Bv Oroño,6,1,0,0,5,0,0,"-32.735377, -60.733928",Ruta,11,SAN LORENZO,San Lorenzo,Asfalto,No existe,XVII,Dentro,Urbana,Otra Señal,Funciona,Intersección,Bueno,S/D,S/D,S/D,"De alcance,Múltiple",S/D,Colisión,Ninguna,"Horizontal,Vertical",Cordón divisorio,Sin restricción
2021,2369,2021-01-28,Jueves,,,0.0,2,"Automóvil,Peatón",Junín ,2,1,0,0,1,0,0,"-33.73851, -61.98012",Calle,,VENADO TUERTO,General LÓPEZ,S/D,S/D,VIII,Dentro,Urbana,Otra Señal,S/D,Intersección,S/D,S/D,S/D,S/D,"De alcance,Múltiple",S/D,Colisión,S/D,S/D,Cordón divisorio,Sin restricción
2021,2370,2021-04-23,Viernes,,,0.0,2,"Automóvil,Moto/Ciclomotor",Dorrego Y Moreno,2,1,0,0,1,0,0,"-32.752291749588,-60.737398739058",Calle,,SAN LORENZO,San Lorenzo,Asfalto,No existe,XVII,Dentro,Urbana,Otra Señal,No existe,Intersección,S/D,S/D,S/D,S/D,"De alcance,Múltiple",S/D,Colisión,S/D,Faltante,Cordón divisorio,Sin restricción
2021,2371,2021-04-09,Viernes,,,0.0,2,"Automóvil,Moto/Ciclomotor", ,3,2,0,0,1,0,0,"-32.74440905393891,-60.737784965745",S/D,,SAN LORENZO,San Lorenzo,S/D,S/D,XVII,S/D,S/D,Otra Señal,S/D,Intersección,S/D,S/D,S/D,S/D,"De alcance,Múltiple",S/D,Colisión,S/D,S/D,Cordón divisorio,Sin restricción
2021,2372,2021-01-28,Jueves,,,0.0,2,"Automóvil,Moto/Ciclomotor",Calle 23 Y Calle 10,2,1,0,0,1,0,0,"-28.35219, -59.25938",Calle,,LAS TOSCAS,General Obligado,Asfalto,S/D,IX,Dentro,Urbana,Otra Señal,S/D,Intersección,S/D,S/D,Diurna,S/D,"De alcance,Múltiple",S/D,Colisión,S/D,S/D,Cordón divisorio,Sin restricción
2021,2373,2021-01-30,Sabado,,,0.0,2,"Moto/Ciclomotor,Automóvil",Calle 44-27 de Abril Y Calle 57-Prof Roberto Roveda,2,1,0,0,1,0,0,"-29.1643, -59.66523",Calle,,RECONQUISTA,General Obligado,Asfalto,S/D,IX,Dentro,Urbana,Otra Señal,S/D,Intersección,S/D,S/D,S/D,S/D,"De alcance,Múltiple",S/D,Colisión,S/D,S/D,Cordón divisorio,Sin restricción
2021,2374,2021-04-09,Viernes,12:45:00,,0.0,1,Moto/Ciclomotor,San Carlos Y San Juan,3,2,0,0,0,0,1,"-32.751472930596,-60.732494297284",Calle,,SAN LORENZO,San Lorenzo,Asfalto,No existe,XVII,Dentro,Urbana,Otra Señal,No existe,Intersección,Bueno,Buena,Diurna,Buen Tiempo,"De alcance,Múltiple",S/D,Colisión,Ninguna,Faltante,Cordón divisorio,Sin restricción
2021,2375,2021-01-30,Sabado,17:00:00,,0.0,2,"Moto/Ciclomotor,Automóvil",Calle 2-Constituyentes Y Calle 4 - Ledesma,2,1,0,0,1,0,0,"-29.15544, -59.63895",Calle,,RECONQUISTA,General Obligado,Asfalto,S/D,IX,Dentro,Urbana,Otra Señal,S/D,Intersección,S/D,S/D,Diurna,S/D,"De alcance,Múltiple",S/D,Colisión,S/D,S/D,Cordón divisorio,Sin restricción
2021,2376,2021-01-31,Domingo,18:55:00,,0.0,2,"Moto/Ciclomotor,Pickup/Utilitario",Calle 33-Pueyrredon Y Calle 8-Chacabuco,2,1,0,0,1,0,0,"-29.15455, -59.64128",Calle,,RECONQUISTA,General Obligado,Asfalto,S/D,IX,Dentro,Urbana,Otra Señal,S/D,Intersección,S/D,S/D,Atardecer,S/D,"De alcance,Múltiple",S/D,Colisión,S/D,S/D,Cordón divisorio,Sin restricción
2021,2377,2021-04-09,Viernes,15:30:00,Autopista Provincial Brigadier E.LÓPEZ,16.0,3,"Automóvil,Automóvil,Camión c / Acoplado", ,4,2,0,0,2,0,0,"-32.75145347004368, -60.75814090081",Autopista,Brigadier E.LÓPEZ,SAN LORENZO,San Lorenzo,Asfalto,No existe,XVII,Dentro,Rural,Otra Señal,No existe,Intersección,Bueno,Buena,Diurna,Lluvia,"De alcance,Múltiple",S/D,Colisión,Agua,Horizontal,Cordón divisorio,Sin restricción
2021,2378,2021-04-16,Viernes,13:00:00,,0.0,2,"Moto/Ciclomotor,Pickup/Utilitario",Av. San Lorenzo Y Urquiza,2,1,0,0,1,0,0,"-32.812770712725,-60.717402025683",Avenida,,CAPITÁN BERMÚDEZ,San Lorenzo,Asfalto,No existe,XVII,Dentro,Urbana,Otra Señal,No existe,Intersección,Bueno,Buena,Diurna,Buen Tiempo,"De alcance,Múltiple",S/D,Colisión,Ninguna,Horizontal,Cordón divisorio,Sin restricción
2021,2379,2021-04-24,Sabado,08:23:00,,0.0,2,"Automóvil,Automóvil",Av. Carlos A Poucel Y L N Alem,3,3,0,0,0,0,0,"-32.738586230169,-60.738155350127",Avenida,,SAN LORENZO,San Lorenzo,Asfalto,No existe,XVII,Dentro,Urbana,Otra Señal,No existe,Intersección,Bueno,Buena,Diurna,S/D,"De alcance,Múltiple",S/D,Colisión,Ninguna,Faltante,Cordón divisorio,Sin restricción
2021,2380,2021-04-24,Sabado,18:10:00,Ruta Nacional 11,0.0,2,"Moto/Ciclomotor,Pickup/Utilitario",Granadero Baigorria Y Ruta Nac 11,3,2,0,0,1,0,0,"-32.732930007157,-60.742423772328",Ruta,11,SAN LORENZO,San Lorenzo,Asfalto,No existe,XVII,Dentro,Urbana,Otra Señal,No existe,Intersección,Bueno,S/D,Diurna,S/D,"De alcance,Múltiple",S/D,Colisión,Ninguna,Faltante,Cordón divisorio,Sin restricción
2021,2381,2021-04-22,Jueves,11:40:00,,0.0,1,Bicicleta,EL ARROYO Y FALUCHO,1,1,0,0,0,0,0,"-32.711866, -60.736292",Calle,,PUERTO SAN MARTÍN,San Lorenzo,Asfalto,No existe,XVII,Dentro,Urbana,Otra Señal,No existe,Intersección,Bueno,S/D,Diurna,S/D,"De alcance,Múltiple",S/D,Colisión,Ninguna,Faltante,Cordón divisorio,Sin restricción
2021,2383,2021-02-15,Lunes,06:10:00,,0.0,1,Moto/Ciclomotor,Maipú 890,1,0,0,0,0,1,0,"-30.31331, -61.23909",Calle,,SAN CRISTÓBAL,San CRISTÓBAL,Asfalto,No existe,XIII,S/D,Urbana,Otra Señal,No existe,Intersección,Bueno,Buena,"Amanecer,Con luz artificial",Buen Tiempo,"De alcance,Múltiple",S/D,Colisión,Ninguna,Faltante,Cordón divisorio,Sin restricción
2021,2385,2021-04-18,Domingo,,,0.0,2,"Pickup/Utilitario,Moto/Ciclomotor",Santiago Y 9 de Julio,3,2,0,0,1,0,0,"-32.819332199675046,-60.71970310006",Calle,,CAPITÁN BERMÚDEZ,San Lorenzo,S/D,S/D,XVII,Dentro,Urbana,Otra Señal,S/D,Intersección,S/D,S/D,S/D,S/D,"De alcance,Múltiple",S/D,Colisión,S/D,S/D,Cordón divisorio,Sin restricción
2021,2387,2021-04-18,Domingo,05:30:00,,0.0,1,Moto/Ciclomotor,Avda. Argentina Y Catamarca,1,1,0,0,0,0,0,"-31.837563545395,-60.86838850582",Avenida,,DESVÍO ARIJÓN,San JERÓNIMO,Asfalto,No existe,XV,Dentro,Urbana,Otra Señal,S/D,Intersección,Bueno,S/D,Amanecer,Buen Tiempo,"De alcance,Múltiple",S/D,Colisión,Ninguna,S/D,Cordón divisorio,Sin restricción
2021,2389,2021-02-20,Sabado,02:00:00,Autopista Nacional Rosario -Cordoba,379.0,2,"Pickup/Utilitario,Camión c / Acoplado", ,2,0,0,0,1,1,0,"-32.81471, -61.57611",Autopista,Rosario -Cordoba,ARMSTRONG,Belgrano,Asfalto,Natural,III,Dentro,Rural,Otra Señal,No existe,Intersección,Bueno,Buena,Nocturna,Buen Tiempo,"De alcance,Múltiple",S/D,Colisión,Ninguna,Faltante,Cordón divisorio,Sin restricción
2021,2390,2021-03-24,Miercoles,18:55:00,Autopista Nacional A008,0.0,2,"Automóvil,Moto/Ciclomotor",Av. Circunvalación Y Mendoza,2,1,0,0,1,0,0,"-32.94051, -60.7224",Autopista,A008,ROSARIO,Rosario,Asfalto,No existe,II,Dentro,Urbana,Otra Señal,Funciona,Intersección,Bueno,Buena,Diurna,Lluvia,"De alcance,Múltiple",S/D,Colisión,Agua,S/D,Cordón divisorio,Sin restricción
2021,2391,2021-04-18,Domingo,07:00:00,,0.0,1,Automóvil,Av. Santa Fe Y Lehman,1,1,0,0,0,0,0,"-31.90287211776,-61.28318666596",Avenida,,LÓPEZ,San JERÓNIMO,S/D,No existe,XV,Dentro,Urbana,Otra Señal,S/D,Intersección,S/D,S/D,Amanecer,S/D,"De alcance,Múltiple",S/D,Colisión,S/D,S/D,Cordón divisorio,Sin restricción
2021,2392,2021-03-27,Sabado,11:15:00,,0.0,2,"Moto/Ciclomotor,Automóvil",Cristóbal Colon Y Vera Mujica,2,1,0,0,1,0,0,"-31.66798, -60.72812",Calle,,SANTA FE,La Capital,Asfalto,S/D,I,Dentro,Urbana,Otra Señal,No existe,Intersección,Bueno,Buena,Diurna,Buen Tiempo,"De alcance,Múltiple",S/D,Colisión,Ninguna,Faltante,Cordón divisorio,Sin restricción
2021,2393,2021-02-21,Domingo,03:30:00,Ruta Provincial 13,2.0,1,Automóvil, ,2,1,0,0,0,1,0,"-32.44516, -61.58411",Ruta,13,LAS ROSAS,Belgrano,Asfalto,Natural,III,Fuera,Rural,Otra Señal,No existe,Intersección,Bueno,Reducida,Nocturna,Buen Tiempo,"De alcance,Múltiple",S/D,Colisión,Otro,Faltante,Cordón divisorio,Sin restricción
2021,2394,2021-03-24,Miercoles,12:10:00,,0.0,1,Cuatriciclo, ,1,1,0,0,0,0,0,"-29.04876, -60.42065",Camino Rural,,FORTÍN OLMOS,Vera,Tierra,Natural,XIX,S/D,Rural,Otra Señal,No existe,Intersección,Ahuellamiento,Buena,Diurna,Buen Tiempo,"De alcance,Múltiple",S/D,Colisión,Ninguna,Faltante,Cordón divisorio,Sin restricción
2021,2396,2021-04-18,Domingo,21:40:00,Ruta Nacional 11,420.0,2,"Moto/Ciclomotor,Bicicleta", ,3,1,0,0,2,0,0,"-31.994110, -60.930322",Ruta,11,CORONDA,San JERÓNIMO,Asfalto,Natural,XV,Dentro,Rural,Otra Señal,No existe,Intersección,Bueno,Buena,Nocturna,Buen Tiempo,"De alcance,Múltiple",Ciclista,Colisión,Ninguna,Horizontal,Cordón divisorio,Sin restricción
2021,2397,2021-02-21,Domingo,18:20:00,Ruta Provincial 1,127.0,2,"Automóvil,Moto/Ciclomotor", ,2,0,0,0,1,1,0,"-30.68631, -59.98607",Ruta,1,COLONIA FRANCESA,San Javier,Asfalto,Natural,XIV,Dentro,Rural,Otra Señal,No existe,Intersección,Ahuellamiento,Buena,Diurna,Buen Tiempo,"De alcance,Múltiple",S/D,Colisión,Ninguna,S/D,Cordón divisorio,Sin restricción
2021,2398,2021-04-18,Domingo,23:20:00,,0.0,2,"Automóvil,Moto/Ciclomotor",RIO CORONDA ,3,1,0,0,2,0,0,"-32.233490, -60.950940",Camino Rural,,BARRANCAS,San JERÓNIMO,S/D,S/D,XV,Dentro,Rural,Otra Señal,S/D,Intersección,S/D,S/D,Nocturna,S/D,"De alcance,Múltiple",S/D,Colisión,S/D,S/D,Cordón divisorio,Sin restricción
2021,2399,2021-04-16,Viernes,15:25:00,,0.0,2,"Pickup/Utilitario,Automóvil", ,5,4,0,0,1,0,0,"-32.007863, -62.054005",Camino Rural,,LANDETA,San MARTÍN,Ripio,No existe,XVIII,Dentro,Urbana,Otra Señal,No existe,Intersección,Bueno,Buena,Diurna,S/D,"De alcance,Múltiple",S/D,Colisión,Ninguna,S/D,Cordón divisorio,Sin restricción
2021,2400,2021-04-18,Domingo,21:30:00,Ruta Nacional 11,0.0,2,"Moto/Ciclomotor,Pickup/Utilitario",Luciano Molinas ,2,1,0,0,1,0,0,"-31.999374, -60.930159",Ruta,11,CORONDA,San JERÓNIMO,Asfalto,Natural,XV,Dentro,Rural,Otra Señal,No existe,Intersección,Bueno,S/D,Nocturna,S/D,"De alcance,Múltiple",S/D,Colisión,Ninguna,Faltante,Cordón divisorio,Sin restricción
2021,2401,2021-02-27,Sabado,06:10:00,Ruta Provincial 10,138.0,2,"Camión c / Acoplado,Automóvil",Ruta Prov. 10 ,2,1,0,0,0,1,0,"-31.78335, -61.31414",Ruta,10,SANTA CLARA DE BUENA VISTA,Las Colonias,Asfalto,Natural,XI,Dentro,Rural,Otra Señal,No existe,Intersección,Bueno,Buena,Amanecer,Buen Tiempo,"De alcance,Múltiple",S/D,Colisión,Ninguna,Vertical,Cordón divisorio,Sin restricción
2021,2402,2021-03-24,Miercoles,,,0.0,2,"Pickup/Utilitario,Moto/Ciclomotor",Agustín Justo Y 9 de Julio,2,1,0,0,1,0,0,"-29.88223, -60.2872",Calle,,CALCHAQUÍ,Vera,Asfalto,No existe,XIX,Dentro,Urbana,Otra Señal,No existe,Intersección,Bueno,Buena,Diurna,Buen Tiempo,"De alcance,Múltiple",S/D,Colisión,Ninguna,Faltante,Cordón divisorio,Sin restricción
2021,2403,2021-05-16,Domingo,,,0.0,2,"Moto/Ciclomotor,Moto/Ciclomotor",Av. San Martin Y Santa Fe,2,2,0,0,0,0,0,"-32.7902, -60.72415",S/D,,FRAY LUIS BELTRÁN,San Lorenzo,S/D,S/D,XVII,S/D,S/D,Otra Señal,S/D,Intersección,S/D,S/D,S/D,S/D,"De alcance,Múltiple",S/D,Colisión,S/D,S/D,Cordón divisorio,Sin restricción
2021,2405,2021-02-28,Domingo,23:50:00,Ruta Provincial 70,37.0,2,"Automóvil,Moto/Ciclomotor",Ruta Nac nro. 70 ,2,1,0,0,0,1,0,"-31.38781, -61.09738",Ruta,70,HUMBOLDT,Las Colonias,Asfalto,Natural,XI,Dentro,Rural,Otra Señal,No existe,Intersección,Bueno,Reducida,Nocturna,Buen Tiempo,"De alcance,Múltiple",S/D,Colisión,Ninguna,Vertical,Cordón divisorio,Sin restricción
2021,2406,2021-03-24,Miercoles,06:45:00,,0.0,2,"Moto/Ciclomotor,Otros",Dorrego Y Pje. Quintanilla,2,1,0,0,1,0,0,"-32.95883, -60.693",Calle,,ROSARIO,Rosario,Asfalto,No existe,II,Dentro,Urbana,Otra Señal,No existe,Intersección,Bueno,Buena,Amanecer,Buen Tiempo,"De alcance,Múltiple",S/D,Colisión,Ninguna,Faltante,Cordón divisorio,Sin restricción
2021,2407,2021-05-16,Domingo,,Ruta Nacional 34,0.0,2,"Camión,Moto/Ciclomotor", ,2,1,0,0,1,0,0,"-32.77656, -60.9056",Ruta,34,LUIS PALACIOS,San Lorenzo,S/D,S/D,XVII,S/D,S/D,Otra Señal,S/D,Intersección,S/D,S/D,S/D,S/D,"De alcance,Múltiple",S/D,Colisión,S/D,S/D,Cordón divisorio,Sin restricción
2021,2408,2021-04-27,Martes,08:30:00,Autopista Nacional A008,12.0,1,Moto/Ciclomotor, ,2,2,0,0,0,0,0,"-33.016082, -60.655796",Autopista,A008,ROSARIO,Rosario,Asfalto,No existe,II,Dentro,Urbana,Otra Señal,No existe,Intersección,Bueno,S/D,Diurna,S/D,"De alcance,Múltiple",S/D,Colisión,Ninguna,"Horizontal,Vertical",Cordón divisorio,Sin restricción
2021,2409,2021-02-27,Sabado,03:15:00,,0.0,2,"Moto/Ciclomotor,Moto/Ciclomotor",Salta Y Italia,2,1,0,0,0,1,0,"-32.47508, -61.58576",Calle,,LAS ROSAS,Belgrano,Asfalto,No existe,III,S/D,Urbana,Otra Señal,No existe,Intersección,Bueno,Buena,Nocturna,Buen Tiempo,"De alcance,Múltiple",S/D,Colisión,Ninguna,Vertical,Cordón divisorio,Sin restricción
2021,2410,2021-05-17,Lunes,,,0.0,2,"Moto/Ciclomotor,Automóvil",Avenida San Martin ,4,2,0,0,2,0,0,,S/D,,TOSTADO,9 de Julio,S/D,S/D,XII,S/D,S/D,Otra Señal,S/D,Intersección,S/D,S/D,S/D,S/D,"De alcance,Múltiple",S/D,Colisión,S/D,S/D,Cordón divisorio,Sin restricción
2021,2411,2021-04-07,Miercoles,08:30:00,Autopista Nacional Rosario -Cordoba,371.0,2,"Automóvil,Pickup/Utilitario", ,3,2,0,0,1,0,0,"-32.828918829993135, -61.4943300805",Autopista,Rosario -Cordoba,ARMSTRONG,Belgrano,Asfalto,Pavimento,III,Dentro,Rural,Otra Señal,No existe,Intersección,Bueno,Buena,Diurna,Buen Tiempo,"De alcance,Múltiple",S/D,Colisión,Ninguna,Horizontal,Cordón divisorio,Sin restricción
2021,2412,2021-04-15,Jueves,,Autopista Provincial Brigadier E.LÓPEZ,19.0,2,"Camión c / Acoplado,Otros", ,2,1,0,0,1,0,0,"-32.729965, -60.764166",Autopista,Brigadier E.LÓPEZ,SAN LORENZO,San Lorenzo,Asfalto,Natural,XVII,Dentro,Rural,Otra Señal,No existe,Intersección,Bueno,S/D,S/D,S/D,"De alcance,Múltiple",S/D,Colisión,Ninguna,Faltante,Cordón divisorio,Sin restricción
2021,2413,2021-02-01,Lunes,17:30:00,Ruta Provincial 1,91.0,2,"Moto/Ciclomotor,Moto/Ciclomotor", ,2,0,0,1,0,1,0,"-31.05286, -60.08961",Ruta,1,HELVECIA,Garay,Asfalto,S/D,VII,S/D,Rural,Otra Señal,No existe,Intersección,Bueno,Buena,Diurna,Buen Tiempo,"De alcance,Múltiple",S/D,Colisión,Ninguna,S/D,Cordón divisorio,Sin restricción
2021,2414,2021-04-10,Sabado,,,0.0,2,"Automóvil,Moto/Ciclomotor",Av. Blas Parera Y Gorriti,5,4,0,0,1,0,0,"-31.583146564061,-60.726253732054",Avenida,,SANTA FE,La Capital,Asfalto,No existe,I,Dentro,Urbana,Otra Señal,Funciona,Intersección,Bueno,Buena,S/D,Buen Tiempo,"De alcance,Múltiple",S/D,Colisión,Ninguna,"Horizontal,Vertical",Cordón divisorio,Sin restricción
2021,2415,2021-04-13,Martes,,Ruta Nacional 11,0.0,1,Automóvil, ,1,1,0,0,0,0,0,"-31.565879, -60.730451",Ruta,11,SANTA FE,La Capital,Asfalto,No existe,I,Fuera,Urbana,Otra Señal,No existe,Intersección,Bueno,S/D,S/D,S/D,"De alcance,Múltiple",S/D,Colisión,Ninguna,Faltante,Cordón divisorio,Sin restricción
2021,2416,2021-04-13,Martes,,Ruta Nacional A007,0.0,1,Pickup/Utilitario, ,2,2,0,0,0,0,0,"-31.66384220123293,-60.733376741409",Ruta,A007,SANTA FE,La Capital,Asfalto,No existe,I,Fuera,Urbana,Otra Señal,No existe,Intersección,Bueno,S/D,S/D,S/D,"De alcance,Múltiple",S/D,Colisión,Ninguna,Faltante,Cordón divisorio,Sin restricción
2021,2417,2021-04-11,Domingo,,Ruta Nacional 11,315.0,1,Automóvil, ,1,1,0,0,0,0,0,"-32.867376, -60.700509",Ruta,11,ROSARIO,Rosario,Asfalto,Natural,II,Dentro,Urbana,Otra Señal,No existe,Intersección,Bueno,S/D,Nocturna,Buen Tiempo,"De alcance,Múltiple",S/D,Colisión,Ninguna,Horizontal,Cordón divisorio,Sin restricción
2021,2418,2021-03-25,Jueves,16:00:00,,0.0,2,"Moto/Ciclomotor,Automóvil",Italia Y Ameghino,3,2,0,0,1,0,0,"-32.98537, -60.65808",Calle,,ROSARIO,Rosario,Asfalto,No existe,II,Dentro,Urbana,Otra Señal,No existe,Intersección,Bueno,S/D,Diurna,Buen Tiempo,"De alcance,Múltiple",S/D,Colisión,Ninguna,Faltante,Cordón divisorio,Sin restricción
2021,2419,2021-03-24,Miercoles,11:15:00,,0.0,2,"Moto/Ciclomotor,Automóvil",San Martin Y Gaboto,3,1,0,0,2,0,0,"-32.95883, -60.693",Calle,,ROSARIO,Rosario,Asfalto,No existe,II,Dentro,Urbana,Otra Señal,Funciona,Intersección,Bueno,Reducida,Diurna,Buen Tiempo,"De alcance,Múltiple",S/D,Colisión,Agua,Faltante,Cordón divisorio,Sin restricción
2021,2420,2021-04-30,Viernes,08:00:00,,0.0,2,"Moto/Ciclomotor,Automóvil",Caseros Y Las Heras,3,1,0,0,2,0,0,"-33.745186680883,-61.954651173698",Calle,,VENADO TUERTO,General LÓPEZ,Asfalto,No existe,VIII,Dentro,Urbana,Otra Señal,No existe,Intersección,Bueno,S/D,Diurna,S/D,"De alcance,Múltiple",S/D,Colisión,Ninguna,Faltante,Cordón divisorio,Sin restricción
2021,2421,2021-04-01,Jueves,18:00:00,Ruta Nacional 11,0.0,1,Moto/Ciclomotor,Pasaje 21-23- México Y Ruta Nacional 11,1,1,0,0,0,0,0,"-29.146919779653,-59.656627758766",Ruta,11,RECONQUISTA,General Obligado,Asfalto,No existe,IX,Dentro,Urbana,Otra Señal,No existe,Intersección,Bueno,Buena,Diurna,Buen Tiempo,"De alcance,Múltiple",S/D,Colisión,Ninguna,Horizontal,Cordón divisorio,Sin restricción
2021,2422,2021-04-30,Viernes,20:05:00,,0.0,2,"Moto/Ciclomotor,Pickup/Utilitario",Las Heras Y Republica Argentina,2,1,0,0,1,0,0,"-33.743490239,-61.950496464949",Calle,,VENADO TUERTO,General LÓPEZ,Asfalto,No existe,VIII,Dentro,Urbana,Otra Señal,No existe,Intersección,Bueno,S/D,"Nocturna,Con luz artificial",S/D,"De alcance,Múltiple",S/D,Colisión,Ninguna,Faltante,Cordón divisorio,Sin restricción