anio_acci,nro_acci,fecha,desc_dia,hora_aprox,desc_ruta,km,cant_participantes,desc_participante,calle_avenida_km,total,heridos_leves,heridos_graves,heridos_gravisimos,ilesos,fallecidos,sin_datos,posicion_XY,desc_tipo_via,desc_ruta_ori,desc_loc,desc_dpto,desc_tipo_calzada,desc_tipo_banquina,desc_unidad_regional,desc_lugar_calzada,desc_zona,desc_prioridad,desc_estado_semaforo,desc_lugar_via,desc_estado_via,desc_estado_visibilidad,desc_luminosidad,desc_estado_clima,desc_tipo_colision,desc_tipo_atropello,desc_tipo_hecho,desc_pres_calzada,desc_senializacion,desc_separacion_via,desc_restriccion
2021,2423,2021-04-01,Jueves,,,0.0,2,"Automóvil,Moto/Ciclomotor",F Dentesano Y Urquiza,2,1,0,0,0,0,1,"-31.25155326971,-61.481966032398",Calle,,RAFAELA,Castellanos,Asfalto,No existe,V,Dentro,Urbana,Otra Señal,Funciona,Intersección,Bueno,Buena,Amanecer,Buen Tiempo,"De alcance,Múltiple",S/D,Colisión,Ninguna,"Horizontal,Vertical",Cordón divisorio,Sin restricción
2021,2424,2021-04-30,Viernes,,,0.0,2,"Moto/Ciclomotor,Automóvil",José Hernández Y Rivadavia,2,1,0,0,1,0,0,"-28.486210957182,-59.365775027865",Calle,,VILLA OCAMPO,General Obligado,S/D,S/D,IX,Dentro,Urbana,Otra Señal,S/D,Intersección,S/D,S/D,S/D,S/D,"De alcance,Múltiple",S/D,Colisión,S/D,S/D,Cordón divisorio,Sin restricción
2021,2425,2021-04-01,Jueves,,,0.0,2,"Pickup/Utilitario,Moto/Ciclomotor",25 de Mayo Y Av. Dr. E Salva,2,1,0,0,1,0,0,"-31.243125214643,-61.49061939104",Avenida,,RAFAELA,Castellanos,Asfalto,No existe,V,Dentro,Urbana,Otra Señal,No existe,Intersección,Bueno,Buena,Nocturna,Buen Tiempo,"De alcance,Múltiple",S/D,Colisión,Ninguna,Faltante,Cordón divisorio,Sin restricción
2021,2426,2021-02-01,Lunes,01:15:00,,0.0,1,Moto/Ciclomotor,Calle 4 - Ledesma Y Calle 25-Rivadavia,1,0,0,0,0,1,0,"-29.1505, -59.63823",Calle,,RECONQUISTA,General Obligado,Asfalto,No existe,IX,S/D,Urbana,Otra Señal,No existe,Intersección,Bueno,S/D,Nocturna,S/D,"De alcance,Múltiple",S/D,Colisión,S/D,Faltante,Cordón divisorio,Sin restricción
2021,2427,2021-02-06,Sabado,13:30:00,Ruta Nacional 11,318.0,2,"Moto/Ciclomotor,Vehículo Oficial",Av. San Martin Y Julio Argentino Roca,3,1,0,0,1,1,0,"-32.83848, -60.70931",Ruta,11,GRANADERO BAIGORRIA,Rosario,Asfalto,S/D,II,S/D,Urbana,Otra Señal,Funciona,Intersección,S/D,Buena,Diurna,Buen Tiempo,"De alcance,Múltiple",S/D,Colisión,Ninguna,Vertical,Cordón divisorio,Sin restricción
2021,2428,2021-04-02,Viernes,,,0.0,3,"Automóvil,Automóvil,Automóvil",Av. Luis Carballo Y Bv. Avellaneda,3,1,0,0,0,0,2,"-32.921931622257,-60.674894827049",Avenida,,ROSARIO,Rosario,Asfalto,No existe,II,Dentro,Urbana,Otra Señal,Funciona,Intersección,Bueno,Buena,Atardecer,Buen Tiempo,"De alcance,Múltiple",S/D,Colisión,Ninguna,"Horizontal,Vertical",Cordón divisorio,Sin restricción
2021,2429,2021-03-26,Viernes,17:50:00,,0.0,2,"Automóvil,Moto/Ciclomotor",Mitre Y Garibaldi,3,2,0,0,1,0,0,"-32.98575, -60.64948",Calle,,ROSARIO,Rosario,Asfalto,No existe,II,Dentro,Urbana,Otra Señal,No existe,Intersección,Bueno,Buena,Diurna,Buen Tiempo,"De alcance,Múltiple",S/D,Colisión,Ninguna,S/D,Cordón divisorio,Sin restricción
2021,2430,2021-03-27,Sabado,11:35:00,,0.0,2,"Moto/Ciclomotor,Automóvil",Centeno Y San Martin,2,1,0,0,1,0,0,"-32.95883, -60.693",Calle,,ROSARIO,Rosario,Asfalto,No existe,II,Dentro,Urbana,Otra Señal,No existe,Intersección,Bueno,S/D,Diurna,Buen Tiempo,"De alcance,Múltiple",S/D,Colisión,Ninguna,S/D,Cordón divisorio,Sin restricción
2021,2431,2021-02-07,Domingo,19:00:00,,0.0,1,Moto/Ciclomotor,Soler Y Saavedra,1,0,0,0,0,1,0,"-31.45934, -60.94022",Calle,,ESPERANZA,Las Colonias,Asfalto,S/D,XI,S/D,Urbana,Otra Señal,S/D,Intersección,S/D,S/D,Atardecer,Buen Tiempo,"De alcance,Múltiple",S/D,Colisión,Ninguna,S/D,Cordón divisorio,Sin restricción
2021,2432,2021-03-31,Miercoles,13:00:00,,0.0,2,"Bicicleta,Automóvil",San Lorenzo Y Entre Ríos,2,1,0,0,1,0,0,"-32.98575, -60.64948",Calle,,ROSARIO,Rosario,S/D,S/D,II,Dentro,Urbana,Otra Señal,S/D,Intersección,S/D,S/D,Diurna,S/D,"De alcance,Múltiple",Ciclista,Colisión,S/D,S/D,Cordón divisorio,Sin restricción
2021,2434,2021-04-02,Viernes,22:15:00,,0.0,2,"Automóvil,Moto/Ciclomotor",Av. Gral. López Y R Godoy,2,1,0,0,1,0,0,"-31.612645020912,-60.674612883775",Avenida,,SANTA FE,La Capital,Asfalto,No existe,II,Dentro,Urbana,Otra Señal,No existe,Intersección,Bueno,Buena,Nocturna,Buen Tiempo,"De alcance,Múltiple",S/D,Colisión,Ninguna,Faltante,Cordón divisorio,Sin restricción
2021,2435,2021-03-26,Viernes,17:40:00,,0.0,2,"Automóvil,Bicicleta",San Juan Y Av. Corrientes,2,1,0,0,1,0,0,"-32.94943, -60.64328",Calle,,ROSARIO,Rosario,S/D,S/D,II,S/D,Urbana,Otra Señal,S/D,Intersección,S/D,S/D,Diurna,S/D,"De alcance,Múltiple",S/D,Colisión,S/D,S/D,Cordón divisorio,Sin restricción
2021,2436,2021-04-30,Viernes,,,0.0,1,Camión, ,1,1,0,0,0,0,0,"-31.400333, -61.708594",Camino Rural,,CLUCELLAS,Castellanos,Arena,S/D,V,Fuera,Rural,Otra Señal,S/D,Intersección,S/D,S/D,S/D,S/D,"De alcance,Múltiple",S/D,Colisión,S/D,S/D,Cordón divisorio,Sin restricción
2021,2437,2021-02-08,Lunes,15:50:00,Ruta Provincial 40,3.2,2,"Bicicleta,Pickup/Utilitario", ,2,0,0,0,1,1,0,"-29.15155, -59.68696",Ruta,40,RECONQUISTA,General Obligado,Asfalto,S/D,IX,S/D,Rural,Otra Señal,S/D,Intersección,S/D,Buena,Diurna,Buen Tiempo,"De alcance,Múltiple",Ciclista,Colisión,S/D,S/D,Cordón divisorio,Sin restricción
2021,2438,2021-04-02,Viernes,,Ruta Secundaria 36-s,0.0,1,Pickup/Utilitario,RUTA 50 S ,2,2,0,0,0,0,0,"-31.785496473312403,-60.97492039203",Ruta,36-s,MATILDE,Las Colonias,Ripio,No existe,XI,Dentro,Rural,Otra Señal,No existe,Intersección,Bueno,Buena,Nocturna,Buen Tiempo,"De alcance,Múltiple",S/D,Colisión,Ninguna,Faltante,Cordón divisorio,Sin restricción
2021,2439,2021-04-29,Jueves,22:15:00,,0.0,2,"Moto/Ciclomotor,Pickup/Utilitario",Mariano Moreno Y López,2,1,0,0,1,0,0,"-33.743430304078,-61.971852954155",Calle,,VENADO TUERTO,General LÓPEZ,Asfalto,No existe,VIII,Dentro,Urbana,Otra Señal,No existe,Intersección,Bueno,S/D,"Nocturna,Con luz artificial",S/D,"De alcance,Múltiple",S/D,Colisión,Ninguna,Faltante,Cordón divisorio,Sin restricción
2021,2440,2021-04-02,Viernes,,Ruta Secundaria 36-s,0.0,1,Automóvil,RUTA 50 S ,2,2,0,0,0,0,0,"-31.785496473312403,-60.97492039203",Ruta,36-s,MATILDE,Las Colonias,Ripio,No existe,XI,Dentro,Rural,Otra Señal,No existe,Intersección,Bueno,Buena,Nocturna,Buen Tiempo,"De alcance,Múltiple",S/D,Colisión,Ninguna,Faltante,Cordón divisorio,Sin restricción
2021,2441,2021-04-29,Jueves,09:00:00,,0.0,2,"Vehículo Oficial,Moto/Ciclomotor",BV 27 DE FEBRERO  Y COLECTORA,3,1,0,0,2,0,0,"-32.959622, -60.720356",Avenida,,ROSARIO,Rosario,Asfalto,No existe,II,Dentro,Urbana,Otra Señal,Funciona,Intersección,Bueno,S/D,Diurna,S/D,"De alcance,Múltiple",S/D,Colisión,Ninguna,"Horizontal,Vertical",Cordón divisorio,Sin restricción
2021,2444,2021-02-14,Domingo,01:00:00,Ruta Nacional 33,745.8,2,"Moto/Ciclomotor,Automóvil", ,3,0,0,0,1,2,0,"-33.03789, -61.12992",Ruta,33,CASILDA,Caseros,Asfalto,Pavimento,IV,S/D,Urbana,Otra Señal,No existe,Intersección,Bueno,S/D,Nocturna,S/D,"De alcance,Múltiple",S/D,Colisión,Ninguna,Faltante,Cordón divisorio,Sin restricción
2021,2448,2021-04-03,Sabado,,,0.0,2,"Automóvil,Moto/Ciclomotor",1ro de Mayo Y E Zeballos,2,1,0,0,1,0,0,"-30.947311842276,-61.562294096626",Calle,,SUNCHALES,Castellanos,Asfalto,No existe,V,Dentro,Urbana,Otra Señal,No existe,Intersección,Bueno,Buena,S/D,Buen Tiempo,"De alcance,Múltiple",S/D,Colisión,Ninguna,Faltante,Cordón divisorio,Sin restricción
2021,2450,2021-03-29,Lunes,21:00:00,,0.0,2,"Moto/Ciclomotor,Automóvil",Av. Corrientes Y Av. Corrientes,2,1,0,0,1,0,0,"-32.95306, -60.64423",Calle,,ROSARIO,Rosario,Asfalto,S/D,II,Dentro,Urbana,Otra Señal,S/D,Intersección,S/D,S/D,Nocturna,S/D,"De alcance,Múltiple",S/D,Colisión,S/D,S/D,Cordón divisorio,Sin restricción
2021,2451,2021-04-03,Sabado,,,0.0,2,"Automóvil,Automóvil",Balcarce Y San Luis,4,4,0,0,0,0,0,"-31.637295509578,-60.700010476516",Calle,,SANTA FE,La Capital,Asfalto,No existe,I,Dentro,Urbana,Otra Señal,No existe,Intersección,Bueno,Buena,Diurna,Buen Tiempo,"De alcance,Múltiple",S/D,Colisión,Ninguna,"Horizontal,Vertical",Cordón divisorio,Sin restricción
2021,2452,2021-04-03,Sabado,12:20:00,,0.0,2,"Automóvil,Automóvil",Calle 23-Gral López Y Calle 8-Chacabuco,2,1,0,0,1,0,0,"-29.149191918331,-59.6406026706",Calle,,RECONQUISTA,General Obligado,Asfalto,No existe,IX,Dentro,Urbana,Otra Señal,No existe,Intersección,Bueno,Buena,Diurna,Buen Tiempo,"De alcance,Múltiple",S/D,Colisión,Ninguna,Faltante,Cordón divisorio,Sin restricción
2021,2453,2021-04-29,Jueves,16:50:00,,0.0,2,"Moto/Ciclomotor,Pickup/Utilitario",Calle 24-Alessio Y Calle 9-Mariano Moreno,3,2,0,0,1,0,0,"-29.140596, -59.649421",Calle,,RECONQUISTA,General Obligado,Asfalto,No existe,IX,Dentro,Urbana,Otra Señal,No existe,Intersección,Bueno,S/D,Diurna,S/D,"De alcance,Múltiple",S/D,Colisión,Ninguna,Faltante,Cordón divisorio,Sin restricción
2021,2454,2021-04-03,Sabado,,Ruta Nacional 11,0.0,2,"Automóvil,Camión",Calle 13 Y Ruta Nacional 11,4,2,0,0,2,0,0,"-29.119310672277,-59.652542885546",Ruta,11,AVELLANEDA,General Obligado,Asfalto,No existe,IX,Dentro,Urbana,Otra Señal,No existe,Intersección,Bueno,Buena,S/D,Buen Tiempo,"De alcance,Múltiple",S/D,Colisión,Ninguna,"Horizontal,Vertical",Cordón divisorio,Sin restricción
2021,2455,2021-04-29,Jueves,09:45:00,,0.0,2,"Automóvil,Moto/Ciclomotor",Calle 13-Iturraspe Y Calle 12 San Martin,2,1,0,0,1,0,0,"-29.143521572421,-59.642297548549",Avenida,,RECONQUISTA,General Obligado,Asfalto,No existe,IX,Dentro,Urbana,Otra Señal,No existe,Intersección,Bueno,Buena,Diurna,S/D,"De alcance,Múltiple",S/D,Colisión,Ninguna,Horizontal,Cordón divisorio,Sin restricción
2021,2456,2021-04-04,Domingo,08:30:00,Ruta Nacional 33,715.0,2,"Automóvil,Camión", ,4,3,0,0,1,0,0,"-33.22823524475094,-61.345939636230",Ruta,33,CHABAS,Caseros,Asfalto,Natural,IV,Dentro,Rural,Otra Señal,No existe,Intersección,Bueno,Buena,Diurna,Buen Tiempo,"De alcance,Múltiple",S/D,Colisión,Ninguna,Horizontal,Cordón divisorio,Sin restricción
2021,2457,2021-04-29,Jueves,,,0.0,2,"Moto/Ciclomotor,Automóvil",Av. Roque Sáenz PEÑA Y 1ro de Mayo,2,1,0,0,1,0,0,"-31.247322, -61.478392",Avenida,,RAFAELA,Castellanos,Asfalto,No existe,V,Dentro,Urbana,Otra Señal,No existe,Intersección,Bueno,S/D,S/D,S/D,"De alcance,Múltiple",S/D,Colisión,Ninguna,"Horizontal,Vertical",Cordón divisorio,Sin restricción
2021,2458,2021-04-04,Domingo,00:25:00,,0.0,1,Moto/Ciclomotor,Calle 28 - San Lorenzo Y Calle 29-Alte Brown,1,1,0,0,0,0,0,"-29.151074921799,-59.653309653537",Calle,,RECONQUISTA,General Obligado,Asfalto,No existe,IX,Dentro,Urbana,Otra Señal,No existe,Intersección,Bueno,Buena,Diurna,Buen Tiempo,"De alcance,Múltiple",S/D,Colisión,Ninguna,Faltante,Cordón divisorio,Sin restricción
2021,2460,2021-02-21,Domingo,21:10:00,Ruta Nacional 7,425.0,2,"Moto/Ciclomotor,Automóvil",Ruta Nacional 7 ,2,0,0,0,1,1,0,"-34.27996, -62.71777",Ruta,7,RUFINO,General LÓPEZ,Asfalto,S/D,VIII,S/D,Urbana,Otra Señal,S/D,Intersección,S/D,S/D,Nocturna,S/D,"De alcance,Múltiple",S/D,Colisión,S/D,S/D,Cordón divisorio,Sin restricción
2021,2461,2021-05-16,Domingo,,,0.0,2,"Moto/Ciclomotor,Pickup/Utilitario",Av. Blas Parera Y Callejón Aguirre,2,1,0,0,1,0,0,"-31.5803, -60.72696",S/D,,SANTA FE,La Capital,S/D,S/D,I,S/D,S/D,Otra Señal,S/D,Intersección,S/D,S/D,S/D,S/D,"De alcance,Múltiple",S/D,Colisión,S/D,S/D,Cordón divisorio,Sin restricción
2021,2462,2021-04-04,Domingo,06:20:00,,0.0,1,Moto/Ciclomotor,Calle 62 900,1,1,0,0,0,0,0,"-29.143461991252,-59.672597608248",Calle,,RECONQUISTA,General Obligado,S/D,No existe,IX,Dentro,Urbana,Otra Señal,S/D,Intersección,S/D,Buena,Diurna,S/D,"De alcance,Múltiple",S/D,Colisión,S/D,S/D,Cordón divisorio,Sin restricción
2021,2463,2021-02-20,Sabado,11:15:00,Ruta Secundaria 81-s,0.0,2,"Moto/Ciclomotor,Camión c / Acoplado", ,3,0,0,0,1,2,0,"-31.0666, -61.71972",Ruta,81-s,COLONIA BIGAND,Castellanos,Tierra,S/D,IV,S/D,Rural,Otra Señal,S/D,Intersección,S/D,S/D,Diurna,S/D,"De alcance,Múltiple",S/D,Colisión,S/D,S/D,Cordón divisorio,Sin restricción
2021,2464,2021-04-04,Domingo,12:35:00,,0.0,2,"Automóvil,Moto/Ciclomotor",Calle 33-Pueyrredon Y Calle 4 - Ledesma,2,1,0,0,1,0,0,"-29.154803524336,-59.638882113383",Calle,,RECONQUISTA,General Obligado,"Asfalto,Tierra",No existe,IX,Dentro,Urbana,Otra Señal,No existe,Intersección,Bueno,Buena,Diurna,Buen Tiempo,"De alcance,Múltiple",S/D,Colisión,Ninguna,Faltante,Cordón divisorio,Sin restricción
2021,2465,2021-05-17,Lunes,21:30:00,Ruta Provincial 80,0.0,2,"Bicicleta,Pickup/Utilitario", ,2,1,0,0,1,0,0,"-32.0149, -61.24913",Ruta,80,GÁLVEZ,San JERÓNIMO,S/D,S/D,XV,S/D,S/D,Otra Señal,S/D,Intersección,S/D,S/D,S/D,S/D,"De alcance,Múltiple",Ciclista,Colisión,S/D,S/D,Cordón divisorio,Sin restricción
2021,2470,2021-04-05,Lunes,08:00:00,Ruta Nacional 33,0.0,2,"Automóvil,Pickup/Utilitario",Alberto de Brouckere Y Ruta Nac 33,5,3,0,0,2,0,0,"-33.698128853258,-61.951918379168",Ruta,33,VENADO TUERTO,General LÓPEZ,Asfalto,Ripio,VIII,Dentro,Urbana,Otra Señal,No existe,Intersección,Bueno,Buena,Diurna,Buen Tiempo,"De alcance,Múltiple",S/D,Colisión,Ninguna,"Horizontal,Vertical",Cordón divisorio,Sin restricción
2021,2471,2021-04-28,Miercoles,12:10:00,Ruta Nacional 11,0.0,2,"Moto/Ciclomotor,Moto/Ciclomotor",IRENEO FACCIOLI Y RUTA 11,2,1,0,0,1,0,0,"-29.134777, -59.654952",Ruta,11,RECONQUISTA,General Obligado,Asfalto,Pavimento,IX,Dentro,Urbana,Otra Señal,Funciona,Intersección,Bueno,Buena,Diurna,Buen Tiempo,"De alcance,Múltiple",S/D,Colisión,Ninguna,"Horizontal,Vertical",Cordón divisorio,Sin restricción
2021,2472,2021-05-17,Lunes,16:40:00,,0.0,2,"Bicicleta,Pickup/Utilitario",Entre Ríos Y Ayacucho,2,1,0,0,1,0,0,"-32.02764, -61.2106",S/D,,GÁLVEZ,San JERÓNIMO,S/D,S/D,XV,S/D,S/D,Otra Señal,S/D,Intersección,S/D,S/D,S/D,S/D,"De alcance,Múltiple",Ciclista,Colisión,S/D,S/D,Cordón divisorio,Sin restricción
2021,2473,2021-04-05,Lunes,,,0.0,2,"Pickup/Utilitario,Moto/Ciclomotor",Bv G L Lehmann 400,2,1,0,0,1,0,0,"-31.24902806147,-61.49095092691",Avenida,,RAFAELA,Castellanos,Asfalto,No existe,V,Dentro,Urbana,Otra Señal,No existe,Intersección,Bueno,Buena,Diurna,Buen Tiempo,"De alcance,Múltiple",S/D,Colisión,Ninguna,Faltante,Cordón divisorio,Sin restricción
2021,2474,2021-04-06,Martes,08:25:00,Ruta Secundaria 4-s,0.0,2,"Moto/Ciclomotor,Pickup/Utilitario",Laprida Y Liniers Santiago,2,1,0,0,1,0,0,"-33.743810583319,-61.95417757279",Ruta,4-s,VENADO TUERTO,General LÓPEZ,Asfalto,No existe,VIII,Dentro,Urbana,Otra Señal,No existe,Intersección,Bueno,Buena,Diurna,Buen Tiempo,"De alcance,Múltiple",S/D,Colisión,Ninguna,Faltante,Cordón divisorio,Sin restricción
2021,2475,2021-04-06,Martes,19:45:00,Ruta Nacional 11,763.0,2,"Camión,Moto/Ciclomotor", ,4,3,0,0,1,0,0,"-29.282037, -59.833760",Ruta,11,BERNA,General Obligado,Asfalto,No existe,IX,Dentro,Urbana,Otra Señal,No existe,Intersección,Bueno,Buena,Diurna,Buen Tiempo,"De alcance,Múltiple",S/D,Colisión,Ninguna,Horizontal,Cordón divisorio,Sin restricción
2021,2476,2021-02-25,Jueves,06:25:00,Ruta Nacional 11,418.0,2,"Bicicleta,Pickup/Utilitario",Av. L de la Torre-Ruta Nac 11 ,6,0,0,0,5,1,0,"-32.01207, -60.92973",Ruta,11,CORONDA,San JERÓNIMO,Asfalto,Natural,XV,S/D,Rural,Otra Señal,No existe,Intersección,Bueno,Buena,Nocturna,Buen Tiempo,"De alcance,Múltiple",Ciclista,Colisión,S/D,Faltante,Cordón divisorio,Sin restricción
2021,2477,2021-05-17,Lunes,06:30:00,Ruta Provincial 30,0.0,1,Pickup/Utilitario, ,2,2,0,0,0,0,0,"-28.11062, -59.97776",Ruta,30,LOS AMORES,Vera,S/D,S/D,XIX,S/D,S/D,Otra Señal,S/D,Intersección,S/D,S/D,S/D,S/D,"De alcance,Múltiple",S/D,Colisión,S/D,S/D,Cordón divisorio,Sin restricción
2021,2478,2021-04-27,Martes,,,0.0,2,"Bicicleta,Automóvil", ,2,1,0,0,1,0,0,"-30.866359, -61.360392",S/D,,HUMBERTO 1°,Castellanos,S/D,S/D,V,S/D,S/D,Otra Señal,S/D,Intersección,S/D,S/D,S/D,S/D,"De alcance,Múltiple",Ciclista,Colisión,S/D,S/D,Cordón divisorio,Sin restricción
2021,2479,2021-05-18,Martes,10:15:00,,0.0,2,"Automóvil,Moto/Ciclomotor",San Martin Y I Doratto,2,1,0,0,1,0,0,"-32.03531, -61.21853",S/D,,GÁLVEZ,San JERÓNIMO,S/D,S/D,XV,S/D,S/D,Otra Señal,S/D,Intersección,S/D,S/D,S/D,S/D,"De alcance,Múltiple",S/D,Colisión,S/D,S/D,Cordón divisorio,Sin restricción
2021,2480,2021-04-27,Martes,,Ruta Secundaria 280-s,0.0,2,"Camión,Pickup/Utilitario",AV SAN MARTIN Y R P 280,2,1,0,0,1,0,0,"-30.975975, -61.742292",Ruta,280-s,COLONIA ALDAO,Castellanos,S/D,S/D,V,Dentro,Urbana,Otra Señal,S/D,Intersección,S/D,S/D,S/D,S/D,"De alcance,Múltiple",S/D,Colisión,S/D,S/D,Cordón divisorio,Sin restricción
2021,2481,2021-04-06,Martes,,Ruta Provincial 65,0.0,2,"Pickup/Utilitario,Pickup/Utilitario", ,2,2,0,0,0,0,0,"-32.351301, -61.303247",Ruta,65,SAN GENARO NORTE,San JERÓNIMO,"Asfalto,Tierra",Ripio,XV,Dentro,Urbana,Otra Señal,No existe,Intersección,Bueno,Buena,Diurna,Buen Tiempo,"De alcance,Múltiple",S/D,Colisión,Ninguna,Horizontal,Cordón divisorio,Sin restricción
2021,2482,2021-04-27,Martes,18:05:00,Ruta Nacional 11,0.0,2,"Automóvil,Moto/Ciclomotor",Calle 23 Y Ruta Nacional 11,3,2,0,0,1,0,0,"-29.124793, -59.653363",Ruta,11,AVELLANEDA,General Obligado,Asfalto,Natural,IX,Dentro,Urbana,Otra Señal,No existe,Intersección,Bueno,Buena,Diurna,S/D,"De alcance,Múltiple",S/D,Colisión,Ninguna,Faltante,Cordón divisorio,Sin restricción
2021,2483,2021-02-26,Viernes,18:35:00,,0.0,2,"Moto/Ciclomotor,Moto/Ciclomotor",Av. Fray Luis Beltrán Y Yapeyu,4,3,0,0,0,1,0,"-32.78831, -60.73476",Avenida,,FRAY LUIS BELTRÁN,San Lorenzo,Hormigón,No existe,XVII,S/D,Urbana,Otra Señal,No existe,Intersección,Bueno,S/D,Diurna,S/D,"De alcance,Múltiple",S/D,Colisión,Ninguna,Faltante,Cordón divisorio,Sin restricción
2021,2484,2021-04-06,Martes,18:30:00,Ruta Nacional 11,477.0,2,"Automóvil,Moto/Ciclomotor", ,2,1,0,0,1,0,0,"-29.132849, -59.654526",Ruta,11,RECONQUISTA,General Obligado,Asfalto,No existe,IX,Dentro,Urbana,Otra Señal,No existe,Intersección,Bueno,Buena,Diurna,Buen Tiempo,"De alcance,Múltiple",S/D,Colisión,Ninguna,Horizontal,Cordón divisorio,Sin restricción
2021,2485,2021-04-27,Martes,13:25:00,,0.0,2,"Moto/Ciclomotor,Automóvil",Calle 11-13 Y Calle 20-9 de Julio,2,1,0,0,1,0,0,"-29.142993261048,-59.647206603875",Calle,,RECONQUISTA,General Obligado,Asfalto,No existe,IX,Dentro,Urbana,Otra Señal,No existe,Intersección,Bueno,Buena,Diurna,Buen Tiempo,"De alcance,Múltiple",S/D,Colisión,Ninguna,Faltante,Cordón divisorio,Sin restricción
2021,2486,2021-04-27,Martes,,,0.0,1,Moto/Ciclomotor,Bv G L Lehmann Y Nicasio Oroño,1,1,0,0,0,0,0,"-31.239425, -61.488693",Avenida,,RAFAELA,Castellanos,Asfalto,No existe,V,Dentro,Urbana,Otra Señal,No existe,Intersección,Bueno,S/D,S/D,S/D,"De alcance,Múltiple",S/D,Colisión,Ninguna,"Horizontal,Vertical",Cordón divisorio,Sin restricción
2021,2487,2021-04-06,Martes,05:30:00,Ruta Nacional 9,350.0,3,"Camión c / Acoplado,Camión c / Acoplado,Automóvil", ,4,1,0,0,3,0,0,"-32.865391947872645, -61.1342813147",Ruta,9,CARCARAÑÁ,San Lorenzo,Asfalto,Natural,XVII,Dentro,Urbana,Otra Señal,No existe,Intersección,Bueno,Buena,Diurna,Niebla,"De alcance,Múltiple",S/D,Colisión,Ninguna,Horizontal,Cordón divisorio,Sin restricción
2021,2488,2021-02-26,Viernes,20:30:00,Ruta Nacional 34,155.5,2,"Automóvil,Camión c / Acoplado",Ruta Nac 34 Gral. Güemes ,2,0,0,0,1,1,0,"-31.29673, -61.51614",Ruta,34,RAFAELA,Castellanos,Asfalto,Pavimento,V,S/D,Rural,Otra Señal,No existe,Intersección,Bueno,S/D,Nocturna,S/D,"De alcance,Múltiple",S/D,Colisión,Ninguna,Faltante,Cordón divisorio,Sin restricción
2021,2489,2021-04-27,Martes,21:15:00,Ruta Nacional 8,0.0,1,Moto/Ciclomotor,Alvear Y Ruta Nac 8,1,1,0,0,0,0,0,"-33.75382214784622,-61.974963247776",Ruta,8,VENADO TUERTO,General LÓPEZ,Asfalto,No existe,VIII,Dentro,Urbana,Otra Señal,No existe,Intersección,Bueno,S/D,Nocturna,S/D,"De alcance,Múltiple",S/D,Colisión,Ninguna,Faltante,Cordón divisorio,Sin restricción
2021,2490,2021-04-27,Martes,20:45:00,,0.0,1,Moto/Ciclomotor,Falucho Y Uruguay,2,2,0,0,0,0,0,"-33.754745005181,-61.954123566132",Calle,,VENADO TUERTO,General LÓPEZ,Asfalto,No existe,VIII,Dentro,Urbana,Otra Señal,Funciona,Intersección,Bueno,S/D,Nocturna,S/D,"De alcance,Múltiple",S/D,Colisión,Ninguna,"Horizontal,Vertical",Cordón divisorio,Sin restricción
2021,2491,2021-04-25,Domingo,,,0.0,1,Moto/Ciclomotor,Av. Gral. Paz Y Salvador del Carril,1,1,0,0,0,0,0,"-31.620530, -60.686131",Avenida,,SANTA FE,La Capital,Asfalto,No existe,I,Dentro,Urbana,Otra Señal,Funciona,Intersección,Bueno,S/D,S/D,S/D,"De alcance,Múltiple",S/D,Colisión,Ninguna,"Horizontal,Vertical",Cordón divisorio,Sin restricción
2021,2492,2021-04-07,Miercoles,10:35:00,,0.0,2,"Bicicleta,Automóvil",Calle 20 9 de Julio Y Calle 31-Newbery,2,1,0,0,1,0,0,"-29.152686482103,-59.648545583364",Calle,,RECONQUISTA,General Obligado,Asfalto,No existe,IX,Dentro,Urbana,Otra Señal,No existe,Intersección,Bueno,Buena,Diurna,Buen Tiempo,"De alcance,Múltiple",Ciclista,Colisión,Ninguna,Faltante,Cordón divisorio,Sin restricción
2021,2494,2021-04-07,Miercoles,09:50:00,,0.0,2,"Moto/Ciclomotor,Moto/Ciclomotor", ,3,1,0,0,0,0,2,"-28.4915738592731,-59.6134623498414",S/D,,VILLA ANA,General Obligado,S/D,S/D,IX,S/D,S/D,Otra Señal,S/D,Intersección,S/D,S/D,S/D,S/D,"De alcance,Múltiple",S/D,Colisión,S/D,S/D,Cordón divisorio,Sin restricción
2021,2495,2021-04-25,Domingo,,Ruta Provincial 70,0.0,2,"Bicicleta,Pickup/Utilitario",Bv Pte. Roca Y Perú,2,1,0,0,1,0,0,"-31.250380709811,-61.505265927575",Ruta,70,RAFAELA,Castellanos,Asfalto,No existe,V,Dentro,Urbana,Otra Señal,No existe,Intersección,Bueno,S/D,Diurna,S/D,"De alcance,Múltiple",Ciclista,Colisión,Ninguna,Faltante,Cordón divisorio,Sin restricción
2021,2496,2021-04-25,Domingo,,,0.0,2,"Automóvil,Moto/Ciclomotor",A Aguado Y Alfonsina Storni,3,2,0,0,1,0,0,"-31.261790604774,-61.48880791706",Calle,,RAFAELA,Castellanos,Asfalto,S/D,V,Dentro,Urbana,Otra Señal,No existe,Intersección,Bueno,Buena,S/D,S/D,"De alcance,Múltiple",S/D,Colisión,Ninguna,Vertical,Cordón divisorio,Sin restricción