anio_acci,nro_acci,fecha,desc_dia,hora_aprox,desc_ruta,km,cant_participantes,desc_participante,calle_avenida_km,total,heridos_leves,heridos_graves,heridos_gravisimos,ilesos,fallecidos,sin_datos,posicion_XY,desc_tipo_via,desc_ruta_ori,desc_loc,desc_dpto,desc_tipo_calzada,desc_tipo_banquina,desc_unidad_regional,desc_lugar_calzada,desc_zona,desc_prioridad,desc_estado_semaforo,desc_lugar_via,desc_estado_via,desc_estado_visibilidad,desc_luminosidad,desc_estado_clima,desc_tipo_colision,desc_tipo_atropello,desc_tipo_hecho,desc_pres_calzada,desc_senializacion,desc_separacion_via,desc_restriccion
2021,2498,2021-05-01,Sabado,,Ruta Nacional 33,0.0,2,"Camión c / Acoplado,Automóvil", ,7,6,0,0,1,0,0,"-33.73515, -62.01918",Ruta,33,VENADO TUERTO,General LÓPEZ,S/D,S/D,VIII,S/D,S/D,Otra Señal,S/D,Intersección,S/D,S/D,S/D,S/D,"De alcance,Múltiple",S/D,Colisión,S/D,S/D,Cordón divisorio,Sin restricción
2021,2499,2021-04-08,Jueves,20:40:00,,0.0,2,"Moto/Ciclomotor,Moto/Ciclomotor",Calle 47-Islas Malvinas Y Calle 5-Colon,2,2,0,0,0,0,0,"-29.159260838843,-59.668720530353",Calle,,RECONQUISTA,General Obligado,Asfalto,No existe,IX,Dentro,Urbana,Otra Señal,S/D,Intersección,Bueno,S/D,Nocturna,Buen Tiempo,"De alcance,Múltiple",S/D,Colisión,S/D,S/D,Cordón divisorio,Sin restricción
2021,2500,2021-03-25,Jueves,22:30:00,,0.0,2,"Moto/Ciclomotor,Automóvil",Gutenberg Y 3 De Febrero,2,1,0,0,1,0,0,"-32.94402, -60.68889",Calle,,ROSARIO,Rosario,Asfalto,S/D,II,Dentro,Urbana,Otra Señal,S/D,Intersección,S/D,S/D,Nocturna,S/D,"De alcance,Múltiple",S/D,Colisión,S/D,S/D,Cordón divisorio,Sin restricción
2021,2502,2021-05-01,Sabado,11:35:00,,0.0,2,"Pickup/Utilitario,Moto/Ciclomotor",Miguel de Azcuénaga Y 9 de Julio,2,1,0,0,1,0,0,"-33.74631, -61.97258",S/D,,VENADO TUERTO,General LÓPEZ,S/D,S/D,VIII,S/D,S/D,Otra Señal,S/D,Intersección,S/D,S/D,S/D,S/D,"De alcance,Múltiple",S/D,Colisión,S/D,S/D,Cordón divisorio,Sin restricción
2021,2503,2021-04-25,Domingo,,Ruta Provincial 70,0.0,2,"Moto/Ciclomotor,Automóvil",Bv Santa Fe Y M Aragón,3,1,0,0,2,0,0,"-31.256400355293,-61.470190301103",Ruta,70,RAFAELA,Castellanos,Asfalto,No existe,V,Dentro,Urbana,Otra Señal,No existe,Intersección,Bueno,S/D,S/D,S/D,"De alcance,Múltiple",S/D,Colisión,Ninguna,Faltante,Cordón divisorio,Sin restricción
2021,2504,2021-04-08,Jueves,17:30:00,Ruta Provincial 32,40.0,1,Pickup/Utilitario, ,1,1,0,0,0,0,0,"-28.498372, -59.502994",Ruta,32,VILLA ANA,General Obligado,Asfalto,S/D,IX,Dentro,Rural,Otra Señal,S/D,Intersección,S/D,S/D,S/D,S/D,"De alcance,Múltiple",S/D,Colisión,S/D,Horizontal,Cordón divisorio,Sin restricción
2021,2505,2021-03-27,Sabado,19:45:00,,0.0,2,"Automóvil,Moto/Ciclomotor",Iguazú Y Pje. Gral. Savio,3,1,0,0,2,0,0,"-32.92025, -60.68618",Calle,,ROSARIO,Rosario,Asfalto,S/D,II,Dentro,Urbana,Otra Señal,S/D,Intersección,S/D,S/D,Nocturna,Buen Tiempo,"De alcance,Múltiple",S/D,Colisión,S/D,S/D,Cordón divisorio,Sin restricción
2021,2506,2021-05-01,Sabado,12:48:00,,0.0,2,"Moto/Ciclomotor,Pickup/Utilitario",Jujuy Y Santa Fe,3,2,0,0,1,0,0,"-33.74064, -61.95979",S/D,,VENADO TUERTO,General LÓPEZ,S/D,S/D,VIII,S/D,S/D,Otra Señal,S/D,Intersección,S/D,S/D,S/D,S/D,"De alcance,Múltiple",S/D,Colisión,S/D,S/D,Cordón divisorio,Sin restricción
2021,2507,2021-05-01,Sabado,20:20:00,,0.0,1,Moto/Ciclomotor,Balcarce 2277,3,3,0,0,0,0,0,"-33.72932, -61.9698",S/D,,VENADO TUERTO,General LÓPEZ,S/D,S/D,VIII,S/D,S/D,Otra Señal,S/D,Intersección,S/D,S/D,S/D,S/D,"De alcance,Múltiple",S/D,Colisión,S/D,S/D,Cordón divisorio,Sin restricción
2021,2508,2021-03-26,Viernes,20:30:00,,0.0,2,"Moto/Ciclomotor,Pickup/Utilitario",Av. Génova 1400,2,1,0,0,1,0,0,"-32.95883, -60.693",Calle,,ROSARIO,Rosario,Asfalto,S/D,II,Dentro,Urbana,Otra Señal,S/D,Intersección,Bueno,S/D,Nocturna,Buen Tiempo,"De alcance,Múltiple",S/D,Colisión,Ninguna,S/D,Cordón divisorio,Sin restricción
2021,2509,2021-04-25,Domingo,,,0.0,2,"Moto/Ciclomotor,Automóvil",E Poggi Y J Scosiroli,2,1,0,0,1,0,0,"-31.232602826973,-61.50712485547",Calle,,RAFAELA,Castellanos,Asfalto,No existe,V,Dentro,Urbana,Otra Señal,No existe,Intersección,Bueno,S/D,S/D,S/D,"De alcance,Múltiple",S/D,Colisión,Ninguna,Faltante,Cordón divisorio,Sin restricción
2021,2510,2021-04-08,Jueves,05:45:00,Autopista Nacional Rosario -Cordoba,282.0,3,"Camión,Automóvil,Automóvil", ,4,3,0,0,1,0,0,"-32.949430, -60.728690",Autopista,Rosario -Cordoba,ROSARIO,Rosario,Asfalto,Pavimento,II,Dentro,Rural,Otra Señal,Funciona,Intersección,Bueno,Reducida,Atardecer,Lluvia,"De alcance,Múltiple",S/D,Colisión,"Agua,Otro",Horizontal,Cordón divisorio,Sin restricción
2021,2511,2021-04-24,Sabado,11:15:00,,0.0,2,"Moto/Ciclomotor,Automóvil",Gral. José de San Martin Y Quintana,2,1,0,0,1,0,0,"-33.735064738882,-61.973883904405",Avenida,,VENADO TUERTO,General LÓPEZ,Asfalto,No existe,VIII,Dentro,Urbana,Otra Señal,No existe,Intersección,Bueno,S/D,Diurna,S/D,"De alcance,Múltiple",S/D,Colisión,Ninguna,Faltante,Cordón divisorio,Sin restricción
2021,2512,2021-03-25,Jueves,,,0.0,2,"Moto/Ciclomotor,Otros",Casiano Casas Y Larrechea,3,1,0,0,2,0,0,"-32.8981, -60.69964",Calle,,ROSARIO,Rosario,Asfalto,S/D,II,S/D,Urbana,Otra Señal,S/D,Intersección,Bueno,Reducida,Nocturna,S/D,"De alcance,Múltiple",S/D,Colisión,Fluidos,S/D,Cordón divisorio,Sin restricción
2021,2513,2021-04-24,Sabado,11:15:00,,0.0,2,"Moto/Ciclomotor,Automóvil",Guillermo Brown Y Juan Lavalle,3,1,0,0,2,0,0,"-33.742251961947,-61.974237397031",Calle,,VENADO TUERTO,General LÓPEZ,Asfalto,No existe,VIII,Dentro,Urbana,Otra Señal,No existe,Intersección,Bueno,S/D,Diurna,S/D,"De alcance,Múltiple",S/D,Colisión,Ninguna,Vertical,Cordón divisorio,Sin restricción
2021,2514,2021-04-09,Viernes,11:20:00,,0.0,2,"Moto/Ciclomotor,Pickup/Utilitario",España Y Maipú,2,1,0,0,1,0,0,"-33.744374017712,-61.96212613719",Calle,,VENADO TUERTO,General LÓPEZ,Asfalto,No existe,VIII,Dentro,Urbana,Otra Señal,No existe,Intersección,Bueno,Buena,Diurna,Buen Tiempo,"De alcance,Múltiple",S/D,Colisión,Ninguna,Faltante,Cordón divisorio,Sin restricción
2021,2515,2021-04-09,Viernes,20:35:00,,0.0,2,"Automóvil,Moto/Ciclomotor",Chaco Y Jujuy,2,1,0,0,1,0,0,"-33.736994586378,-61.953143680808",Calle,,VENADO TUERTO,General LÓPEZ,Asfalto,No existe,VIII,Dentro,Urbana,Otra Señal,Funciona,Intersección,Bueno,Buena,Diurna,Buen Tiempo,"De alcance,Múltiple",S/D,Colisión,Ninguna,Vertical,Cordón divisorio,Sin restricción
2021,2516,2021-04-24,Sabado,15:20:00,,0.0,2,"Automóvil,Moto/Ciclomotor",Dean Funes Y Italia,5,2,0,0,3,0,0,"-33.736466771108,-61.96566812345",Calle,,VENADO TUERTO,General LÓPEZ,Asfalto,No existe,VIII,Dentro,Urbana,Otra Señal,No existe,Intersección,Bueno,S/D,Diurna,S/D,"De alcance,Múltiple",S/D,Colisión,Ninguna,Faltante,Cordón divisorio,Sin restricción
2021,2518,2021-04-09,Viernes,20:00:00,,0.0,2,"Moto/Ciclomotor,Moto/Ciclomotor",Avenida San Martin ,3,3,0,0,0,0,0,"-28.488767740184,-59.362632124214",Avenida,,VILLA OCAMPO,General Obligado,S/D,No existe,IX,Dentro,Urbana,Otra Señal,S/D,Intersección,S/D,S/D,S/D,S/D,"De alcance,Múltiple",S/D,Colisión,S/D,S/D,Cordón divisorio,Sin restricción
2021,2519,2021-05-01,Sabado,,,0.0,2,"Bicicleta,Pickup/Utilitario",Leandro N Alem Y Tucumán,2,1,0,0,1,0,0,"-31.24934, -61.4838",S/D,,RAFAELA,Castellanos,S/D,S/D,V,S/D,S/D,Otra Señal,S/D,Intersección,S/D,S/D,S/D,S/D,"De alcance,Múltiple",Ciclista,Colisión,S/D,S/D,Cordón divisorio,Sin restricción
2021,2521,2021-05-01,Sabado,,,0.0,2,"Moto/Ciclomotor,Pickup/Utilitario",Eloy Gaitan Y Hermana Fortunata,5,4,0,0,1,0,0,"-31.24669, -61.50784",S/D,,RAFAELA,Castellanos,S/D,S/D,V,S/D,S/D,Otra Señal,S/D,Intersección,S/D,S/D,S/D,S/D,"De alcance,Múltiple",S/D,Colisión,S/D,S/D,Cordón divisorio,Sin restricción
2021,2522,2021-04-09,Viernes,21:00:00,Ruta Nacional 11,407.0,1,Pickup/Utilitario, ,1,1,0,0,0,0,0,"-32.103660, -60.981030",Ruta,11,AROCENA,San JERÓNIMO,Asfalto,No existe,XV,Dentro,Rural,Otra Señal,No existe,Intersección,Bueno,Buena,Nocturna,Buen Tiempo,"De alcance,Múltiple",S/D,Colisión,Ninguna,Horizontal,Cordón divisorio,Sin restricción
2021,2524,2021-04-09,Viernes,17:30:00,,0.0,2,"Pickup/Utilitario,Moto/Ciclomotor",Calle 44-27 de Abril Y Calle 57-Prof Roberto Roveda,3,2,0,0,1,0,0,"-29.162797291441,-59.665013915601",Calle,,RECONQUISTA,General Obligado,S/D,S/D,IX,Dentro,Urbana,Otra Señal,S/D,Intersección,S/D,S/D,Diurna,Buen Tiempo,"De alcance,Múltiple",S/D,Colisión,S/D,S/D,Cordón divisorio,Sin restricción
2021,2525,2021-03-28,Domingo,22:30:00,,0.0,2,"Moto/Ciclomotor,Automóvil",Cazadores Y Mariano Moreno,2,1,0,0,1,0,0,"-33.00444, -60.6619",Calle,,ROSARIO,Rosario,Asfalto,No existe,II,Dentro,Urbana,Otra Señal,No existe,Intersección,S/D,Buena,Nocturna,Buen Tiempo,"De alcance,Múltiple",S/D,Colisión,Ninguna,Faltante,Cordón divisorio,Sin restricción
2021,2526,2021-05-01,Sabado,,,0.0,2,"Moto/Ciclomotor,Automóvil", ,2,1,0,0,1,0,0,"-31.69849, -61.56705",S/D,,SAN VICENTE.,Castellanos,S/D,S/D,V,S/D,S/D,Otra Señal,S/D,Intersección,S/D,S/D,S/D,S/D,"De alcance,Múltiple",S/D,Colisión,S/D,S/D,Cordón divisorio,Sin restricción
2021,2527,2021-05-01,Sabado,19:50:00,,0.0,1,Moto/Ciclomotor,Calle 21 ,1,1,0,0,0,0,0,"-31.69849, -61.56705",S/D,,AVELLANEDA,General Obligado,S/D,S/D,IX,S/D,S/D,Otra Señal,S/D,Intersección,S/D,S/D,S/D,S/D,"De alcance,Múltiple",S/D,Colisión,S/D,S/D,Cordón divisorio,Sin restricción
2021,2528,2021-03-27,Sabado,18:55:00,,0.0,2,"Moto/Ciclomotor,Pickup/Utilitario",Pte. Roca ,4,2,0,0,2,0,0,"-32.95883, -60.693",Calle,,ROSARIO,Rosario,Asfalto,No existe,II,Dentro,Urbana,Otra Señal,No existe,Intersección,Bueno,Buena,Diurna,Buen Tiempo,"De alcance,Múltiple",S/D,Colisión,Ninguna,Faltante,Cordón divisorio,Sin restricción
2021,2530,2021-04-09,Viernes,06:45:00,Ruta Nacional 11,0.0,1,Moto/Ciclomotor, ,1,1,0,0,0,0,0,"-29.164288, -59.660312",Ruta,11,RECONQUISTA,General Obligado,Asfalto,No existe,IX,Dentro,Urbana,Otra Señal,No existe,Intersección,Bueno,Buena,Diurna,Buen Tiempo,"De alcance,Múltiple",S/D,Colisión,Ninguna,Horizontal,Cordón divisorio,Sin restricción
2021,2531,2021-04-10,Sabado,19:00:00,,0.0,2,"Pickup/Utilitario,Moto/Ciclomotor",25 de Mayo Y 9 de Julio,2,1,0,0,1,0,0,"-28.490612348632,-59.352967377159",Calle,,VILLA OCAMPO,General Obligado,S/D,No existe,IX,Dentro,Urbana,Otra Señal,S/D,Intersección,S/D,Buena,S/D,S/D,"De alcance,Múltiple",S/D,Colisión,S/D,S/D,Cordón divisorio,Sin restricción
2021,2532,2021-04-23,Viernes,17:30:00,,0.0,2,"Automóvil,Bicicleta",Av. Aristóbulo del Valle Y 1ro de Mayo,2,1,0,0,1,0,0,"-31.247198398201,-61.478376500376",Avenida,,RAFAELA,Castellanos,Asfalto,No existe,V,Dentro,Urbana,Otra Señal,No existe,Intersección,Bueno,Reducida,Diurna,S/D,"De alcance,Múltiple",Ciclista,Colisión,Ninguna,"Horizontal,Vertical",Cordón divisorio,Sin restricción
2021,2533,2021-04-11,Domingo,17:45:00,,0.0,1,Moto/Ciclomotor,Saavedra 1700,2,2,0,0,0,0,0,"-32.823764132176,-61.407593004273",Calle,,CAÑADA DE GÓMEZ,Iriondo,S/D,No existe,X,Dentro,Urbana,Otra Señal,S/D,Intersección,S/D,S/D,S/D,S/D,"De alcance,Múltiple",S/D,Colisión,S/D,S/D,Cordón divisorio,Sin restricción
2021,2535,2021-04-23,Viernes,23:00:00,,0.0,2,"Automóvil,Moto/Ciclomotor",Jujuy Y Perillo N - Calle 18,2,1,0,0,1,0,0,"-33.735212, -61.949807",Calle,,VENADO TUERTO,General LÓPEZ,"Asfalto,Tierra",No existe,VIII,Dentro,Urbana,Otra Señal,No existe,Intersección,Bueno,S/D,"Nocturna,Con luz artificial",Buen Tiempo,"De alcance,Múltiple",S/D,Colisión,Ninguna,Faltante,Cordón divisorio,Sin restricción
2021,2536,2021-03-26,Viernes,14:53:00,,0.0,2,"Automóvil,Bicicleta",Lamadrid Y Pueyrredón,2,1,0,0,1,0,0,"-32.95883, -60.693",Calle,,ROSARIO,Rosario,Asfalto,S/D,II,Dentro,Urbana,Otra Señal,S/D,Intersección,Bueno,Buena,Diurna,Buen Tiempo,"De alcance,Múltiple",Ciclista,Colisión,S/D,Faltante,Cordón divisorio,Sin restricción
2021,2537,2021-04-23,Viernes,21:15:00,,0.0,2,"Automóvil,Moto/Ciclomotor",2 de Abril Y 3 de Febrero,2,1,0,0,1,0,0,"-33.758480, -61.962320",Calle,,VENADO TUERTO,General LÓPEZ,Asfalto,No existe,VIII,Dentro,Urbana,Otra Señal,No existe,Intersección,Bueno,S/D,Nocturna,S/D,"De alcance,Múltiple",S/D,Colisión,Ninguna,Faltante,Cordón divisorio,Sin restricción
2021,2539,2021-04-22,Jueves,17:30:00,Ruta Nacional 9,0.0,1,Automóvil,Av. Santa Fe Y Sarmiento,1,1,0,0,0,0,0,"-32.811174885631,-61.389708796758",Ruta,9,CAÑADA DE GÓMEZ,Iriondo,Asfalto,No existe,X,Dentro,Urbana,Otra Señal,No existe,Intersección,Bueno,S/D,Diurna,S/D,"De alcance,Múltiple",S/D,Colisión,Ninguna,Faltante,Cordón divisorio,Sin restricción
2021,2540,2021-04-21,Miercoles,12:20:00,,0.0,1,Bicicleta,Ayacucho Y Rivadavia,1,1,0,0,0,0,0,"-32.818392574803,-61.38438103053",Calle,,CAÑADA DE GÓMEZ,Iriondo,Asfalto,No existe,X,Dentro,Urbana,Otra Señal,No existe,Intersección,Bueno,S/D,Diurna,S/D,"De alcance,Múltiple",S/D,Colisión,Ninguna,Faltante,Cordón divisorio,Sin restricción
2021,2541,2021-04-21,Miercoles,11:00:00,,0.0,2,"Moto/Ciclomotor,Automóvil",Calle 4 Y Calle 17,3,1,0,0,2,0,0,"-28.355451654627,-59.262520917259",Calle,,LAS TOSCAS,General Obligado,Asfalto,No existe,IX,Dentro,Urbana,Otra Señal,No existe,Intersección,Bueno,Buena,Diurna,Buen Tiempo,"De alcance,Múltiple",S/D,Colisión,Ninguna,Faltante,Cordón divisorio,Sin restricción
2021,2542,2021-04-21,Miercoles,17:15:00,,0.0,2,"Moto/Ciclomotor,Automóvil",Calle 6 Y Calle 19,5,1,0,0,3,0,1,"-28.354357629569,-59.261268822815",Calle,,LAS TOSCAS,General Obligado,Asfalto,No existe,IX,Dentro,Urbana,Otra Señal,No existe,Intersección,Bueno,Buena,Atardecer,Buen Tiempo,"De alcance,Múltiple",S/D,Colisión,Ninguna,Faltante,Cordón divisorio,Sin restricción
2021,2543,2021-02-28,Domingo,21:15:00,Ruta Provincial 1,288.0,2,"Moto/Ciclomotor,Automóvil",Ruta Provincial 1 ,3,1,0,0,1,1,0,"-29.3595, -59.73014",Ruta,1,LOS LAURELES,General Obligado,Asfalto,Natural,IX,S/D,Rural,Otra Señal,No existe,Intersección,Bueno,S/D,Nocturna,S/D,"De alcance,Múltiple",S/D,Colisión,Ninguna,Faltante,Cordón divisorio,Sin restricción
2021,2544,2021-05-02,Domingo,09:50:00,,0.0,2,"Automóvil,Moto/Ciclomotor",Calle 15-Patricio Diez Y Calle 22- 25 de Mayo,2,1,0,0,1,0,0,"-29.14398, -59.64858",S/D,,RECONQUISTA,General Obligado,S/D,S/D,IX,S/D,S/D,Otra Señal,S/D,Intersección,S/D,S/D,S/D,S/D,"De alcance,Múltiple",S/D,Colisión,S/D,S/D,Cordón divisorio,Sin restricción
2021,2545,2021-04-11,Domingo,22:00:00,,0.0,2,"Moto/Ciclomotor,Automóvil",Formosa Y Malvinas,3,1,0,0,2,0,0,"-33.73983339775,-61.949183709297",Calle,,VENADO TUERTO,General LÓPEZ,Asfalto,No existe,VIII,Dentro,Urbana,Otra Señal,No existe,Intersección,Bueno,Buena,Nocturna,Buen Tiempo,"De alcance,Múltiple",S/D,Colisión,Ninguna,Faltante,Cordón divisorio,Sin restricción
2021,2546,2021-04-11,Domingo,18:45:00,,0.0,2,"Automóvil,Moto/Ciclomotor",Entre Ríos Y Salta,2,1,0,0,1,0,0,"-33.739750570705,-61.955844089564",Calle,,VENADO TUERTO,General LÓPEZ,Asfalto,No existe,VIII,Dentro,Urbana,Otra Señal,No existe,Intersección,Bueno,Buena,Atardecer,Buen Tiempo,"De alcance,Múltiple",S/D,Colisión,Ninguna,Faltante,Cordón divisorio,Sin restricción
2021,2547,2021-02-07,Domingo,18:00:00,Ruta Nacional 34,38.0,1,Moto/Ciclomotor,Av. L V López  Ruta Nacional34 ,1,0,0,0,0,1,0,"-32.69787, -61.04626",Ruta,34,SALTO GRANDE,Iriondo,Asfalto,Natural,X,S/D,Rural,Otra Señal,No existe,Intersección,Bueno,S/D,Diurna,S/D,"De alcance,Múltiple",S/D,Colisión,Ninguna,Horizontal,Cordón divisorio,Sin restricción
2021,2549,2021-04-11,Domingo,19:07:00,,0.0,2,"Automóvil,Moto/Ciclomotor",Juan José Castelli 2400,2,1,0,0,1,0,0,"-33.730907383042,-61.975703528919",Calle,,VENADO TUERTO,General LÓPEZ,Asfalto,No existe,VIII,Dentro,Urbana,Otra Señal,No existe,Intersección,Bueno,Buena,Diurna,Buen Tiempo,"De alcance,Múltiple",S/D,Colisión,Ninguna,Vertical,Cordón divisorio,Sin restricción
2021,2550,2021-04-21,Miercoles,20:00:00,Ruta Nacional 11,0.0,2,"Automóvil,Peatón",Calle 37-Bvard. Lovato Y Ruta Nacional 11,3,2,0,0,1,0,0,"-29.15466785430905,-59.657542705535",Ruta,11,RECONQUISTA,General Obligado,Asfalto,No existe,IX,Dentro,Urbana,Otra Señal,Funciona,Intersección,Bueno,S/D,Nocturna,S/D,"De alcance,Múltiple",Peatón,Colisión,Ninguna,"Horizontal,Vertical",Cordón divisorio,Sin restricción
2021,2551,2021-05-03,Lunes,07:50:00,,0.0,2,"Automóvil,Bicicleta",Mariano Moreno Y Iturraspe,2,1,0,0,1,0,0,"-33.75197, -61.96517",S/D,,VENADO TUERTO,General LÓPEZ,S/D,S/D,VIII,S/D,S/D,Otra Señal,S/D,Intersección,S/D,S/D,S/D,S/D,"De alcance,Múltiple",Ciclista,Colisión,S/D,S/D,Cordón divisorio,Sin restricción
2021,2552,2021-04-11,Domingo,15:07:00,,0.0,1,Moto/Ciclomotor,9 de Julio Y Italia,1,1,0,0,0,0,0,"-33.74073318263,-61.962366881073",Calle,,VENADO TUERTO,General LÓPEZ,Asfalto,No existe,VIII,Dentro,Urbana,Otra Señal,No existe,Intersección,Bueno,Buena,Diurna,Buen Tiempo,"De alcance,Múltiple",S/D,Colisión,Ninguna,Faltante,Cordón divisorio,Sin restricción
2021,2553,2021-05-03,Lunes,11:40:00,,0.0,1,Bicicleta,Leandro N Alem Y Brett S,1,1,0,0,0,0,0,"-33.76173, -61.95608",S/D,,VENADO TUERTO,General LÓPEZ,S/D,S/D,VIII,S/D,S/D,Otra Señal,S/D,Intersección,S/D,S/D,S/D,S/D,"De alcance,Múltiple",Ciclista,Colisión,S/D,S/D,Cordón divisorio,Sin restricción
2021,2554,2021-02-20,Sabado,01:40:00,Autopista Nacional A008,29.0,1,Automóvil,Av. Circunvalación Y Bv. 27 De Febrero,1,0,0,0,0,1,0,"-32.95958, -60.72086",Autopista,A008,ROSARIO,Rosario,Asfalto,No existe,II,S/D,Urbana,Otra Señal,No existe,Intersección,Bueno,S/D,Nocturna,S/D,"De alcance,Múltiple",S/D,Colisión,Ninguna,Faltante,Cordón divisorio,Sin restricción
2021,2555,2021-05-03,Lunes,18:55:00,,0.0,2,"Moto/Ciclomotor,Moto/Ciclomotor",Bartolomé Mitre Y Cornelio Saavedra,2,2,0,0,0,0,0,"-33.74763, -61.96114",S/D,,VENADO TUERTO,General LÓPEZ,S/D,S/D,VIII,S/D,S/D,Otra Señal,S/D,Intersección,S/D,S/D,S/D,S/D,"De alcance,Múltiple",S/D,Colisión,S/D,S/D,Cordón divisorio,Sin restricción
2021,2556,2021-04-11,Domingo,03:50:00,Ruta Nacional 11,889.0,1,Moto/Ciclomotor, ,1,1,0,0,0,0,0,"-28.373896, -59.266355",Ruta,11,LAS TOSCAS,General Obligado,Asfalto,Natural,IX,Dentro,Rural,Otra Señal,No existe,Intersección,Bueno,Buena,Diurna,Buen Tiempo,"De alcance,Múltiple",S/D,Colisión,Ninguna,Horizontal,Cordón divisorio,Sin restricción
2021,2557,2021-03-26,Viernes,18:00:00,,0.0,2,"Moto/Ciclomotor,Moto/Ciclomotor",Libertad Y Av. Juan Domingo Perón,2,2,0,0,0,0,0,"-33.02071, -60.62056",Avenida,,VILLA GOBERNADOR GÁLVEZ,Rosario,Asfalto,No existe,II,S/D,Urbana,Otra Señal,No existe,Intersección,Con baches,Buena,Diurna,Otro,"De alcance,Múltiple",S/D,Colisión,Ninguna,Faltante,Cordón divisorio,Sin restricción
2021,2559,2021-04-20,Martes,17:00:00,,0.0,2,"Pickup/Utilitario,Moto/Ciclomotor",Corrientes Y Falucho,2,1,0,0,1,0,0,"-31.255511326055,-61.503384382931",Calle,,RAFAELA,Castellanos,Asfalto,No existe,V,Dentro,Urbana,Otra Señal,No existe,Intersección,Bueno,S/D,Diurna,S/D,"De alcance,Múltiple",S/D,Colisión,Ninguna,Horizontal,Cordón divisorio,Sin restricción
2021,2560,2021-03-29,Lunes,18:30:00,,0.0,2,"Automóvil,Moto/Ciclomotor",Junín ,3,0,0,0,2,1,0,"-32.9267, -60.67853",Avenida,,ROSARIO,Rosario,Asfalto,No existe,II,Dentro,Urbana,Otra Señal,No existe,Intersección,S/D,S/D,Diurna,S/D,"De alcance,Múltiple",S/D,Colisión,S/D,Faltante,Cordón divisorio,Sin restricción
2021,2561,2021-02-09,Martes,23:55:00,Ruta Nacional 11,654.0,2,"Pickup/Utilitario,Transporte de Pasajeros Larga Distancia (Doble Piso)",Ruta Nacional 11 ,34,7,0,0,26,1,0,"-30.06438, -60.32108",Ruta,11,PEDRO GÓMEZ CELLO,San Justo,Asfalto,Natural,XVI,S/D,Rural,Otra Señal,No existe,Intersección,Bueno,S/D,Nocturna,S/D,"De alcance,Múltiple",S/D,Colisión,Ninguna,Faltante,Cordón divisorio,Sin restricción
2021,2562,2021-03-27,Sabado,14:00:00,,0.0,2,"Pickup/Utilitario,Automóvil",Yapeyu Y Rivadavia,3,2,0,0,1,0,0,"-32.99845, -60.76804",Calle,,PEREZ,Rosario,Asfalto,No existe,II,Dentro,Urbana,Otra Señal,No existe,Intersección,Bueno,Buena,Diurna,Lluvia,"De alcance,Múltiple",S/D,Colisión,Ninguna,S/D,Cordón divisorio,Sin restricción
2021,2564,2021-04-12,Lunes,08:00:00,,0.0,2,"Vehículo Oficial,Automóvil",Av. Urquiza Y Uruguay,2,2,0,0,0,0,0,"-31.660109680242,-60.717488962509",Avenida,,SANTA FE,La Capital,Asfalto,No existe,I,Dentro,Urbana,Otra Señal,No existe,Intersección,Bueno,Buena,Diurna,Buen Tiempo,"De alcance,Múltiple",S/D,Colisión,Ninguna,Horizontal,Cordón divisorio,Sin restricción
2021,2565,2021-04-13,Martes,07:05:00,,0.0,2,"Automóvil,Moto/Ciclomotor", ,2,1,0,0,1,0,0,"-33.763509267312,-61.965567827796",Calle,,VENADO TUERTO,General LÓPEZ,Asfalto,No existe,VIII,Dentro,Urbana,Otra Señal,No existe,Intersección,Bueno,Buena,Amanecer,Buen Tiempo,"De alcance,Múltiple",S/D,Colisión,Ninguna,Vertical,Cordón divisorio,Sin restricción
2021,2566,2021-04-13,Martes,14:50:00,,0.0,2,"Automóvil,Moto/Ciclomotor",Alberdi Juan Bautista Y Falucho,2,1,0,0,1,0,0,"-33.751025315769,-61.957065881766",Calle,,VENADO TUERTO,General LÓPEZ,Asfalto,No existe,VIII,Dentro,Urbana,Otra Señal,No existe,Intersección,Bueno,Buena,Diurna,Buen Tiempo,"De alcance,Múltiple",S/D,Colisión,Ninguna,Faltante,Cordón divisorio,Sin restricción
2021,2568,2021-04-19,Lunes,,,0.0,1,Moto/Ciclomotor,Bv H Irigoyen 700,1,1,0,0,0,0,0,"-31.259045563567,-61.493394248563",Avenida,,RAFAELA,Castellanos,Asfalto,No existe,V,Dentro,Urbana,Otra Señal,No existe,Intersección,Bueno,S/D,"Nocturna,Con luz artificial",S/D,"De alcance,Múltiple",S/D,Colisión,Ninguna,Faltante,Cordón divisorio,Sin restricción
2021,2570,2021-03-30,Martes,12:55:00,,0.0,2,"Moto/Ciclomotor,Pickup/Utilitario",Bv San Martin Y Piacenza,2,1,0,0,1,0,0,"-33.13151, -60.8015",Avenida,,ÁLVAREZ,Rosario,Asfalto,Pavimento,II,Dentro,Urbana,Otra Señal,No existe,Intersección,Bueno,Buena,Diurna,Buen Tiempo,"De alcance,Múltiple",S/D,Colisión,Ninguna,Faltante,Cordón divisorio,Sin restricción