anio_acci,nro_acci,fecha,desc_dia,hora_aprox,desc_ruta,km,cant_participantes,desc_participante,calle_avenida_km,total,heridos_leves,heridos_graves,heridos_gravisimos,ilesos,fallecidos,sin_datos,posicion_XY,desc_tipo_via,desc_ruta_ori,desc_loc,desc_dpto,desc_tipo_calzada,desc_tipo_banquina,desc_unidad_regional,desc_lugar_calzada,desc_zona,desc_prioridad,desc_estado_semaforo,desc_lugar_via,desc_estado_via,desc_estado_visibilidad,desc_luminosidad,desc_estado_clima,desc_tipo_colision,desc_tipo_atropello,desc_tipo_hecho,desc_pres_calzada,desc_senializacion,desc_separacion_via,desc_restriccion
2021,2571,2021-04-13,Martes,19:30:00,,0.0,2,"Moto/Ciclomotor,Automóvil",Leandro N Alem Y Uruguay,2,1,0,0,1,0,0,"-33.757543262092,-61.959269781138",Calle,,VENADO TUERTO,General LÓPEZ,Asfalto,No existe,VIII,Dentro,Urbana,Otra Señal,No existe,Intersección,Bueno,Buena,Diurna,Buen Tiempo,"De alcance,Múltiple",S/D,Colisión,Ninguna,Faltante,Cordón divisorio,Sin restricción
2021,2573,2021-05-03,Lunes,16:00:00,,0.0,2,"Automóvil,Moto/Ciclomotor",Calle 31-Newbery Y Calle 18 - Gral. Belgrano,3,2,0,0,1,0,0,"-29.15285, -59.64726",S/D,,RECONQUISTA,General Obligado,S/D,S/D,IX,S/D,S/D,Otra Señal,S/D,Intersección,S/D,S/D,S/D,S/D,"De alcance,Múltiple",S/D,Colisión,S/D,S/D,Cordón divisorio,Sin restricción
2021,2574,2021-05-03,Lunes,10:00:00,Ruta Nacional 9,0.0,2,"Automóvil,Camión",RUTA 91 ,3,2,0,0,1,0,0,"-32.82024, -61.33559",Ruta,9,CAÑADA DE GÓMEZ,Iriondo,S/D,S/D,X,S/D,S/D,Otra Señal,S/D,Intersección,S/D,S/D,S/D,S/D,"De alcance,Múltiple",S/D,Colisión,S/D,S/D,Cordón divisorio,Sin restricción
2021,2575,2021-04-18,Domingo,,Ruta Nacional 33,0.0,2,"Pickup/Utilitario,Peatón", ,2,1,0,0,0,0,1,"-33.460128307342494,-61.50990843772",Ruta,33,FIRMAT,General LÓPEZ,Asfalto,Natural,VIII,Dentro,Rural,Otra Señal,No existe,Intersección,Bueno,S/D,Atardecer,S/D,"De alcance,Múltiple",Peatón,Colisión,S/D,S/D,Cordón divisorio,Sin restricción
2021,2576,2021-01-28,Jueves,,,0.0,2,"Moto/Ciclomotor,Camión",La Paz Y Barra,2,0,0,0,1,1,0,"-32.95556, -60.70622",Calle,,ROSARIO,Rosario,Asfalto,No existe,II,S/D,Urbana,Otra Señal,No existe,Intersección,Bueno,S/D,S/D,S/D,"De alcance,Múltiple",S/D,Colisión,Ninguna,Faltante,Cordón divisorio,Sin restricción
2021,2578,2021-04-18,Domingo,17:05:00,,0.0,2,"Moto/Ciclomotor,Moto/Ciclomotor",Brigadier Estanislao López Y Gardel,3,3,0,0,0,0,0,"-31.237586455101,-61.476710199025",Calle,,RAFAELA,Castellanos,Asfalto,No existe,V,Dentro,Urbana,Otra Señal,No existe,Intersección,Bueno,S/D,Diurna,Buen Tiempo,"De alcance,Múltiple",S/D,Colisión,Ninguna,Faltante,Cordón divisorio,Sin restricción
2021,2579,2021-04-18,Domingo,,,0.0,1,Pickup/Utilitario,Av. Doctor E Salva 600,1,1,0,0,0,0,0,"-31.242120593501,-61.496365745469",Avenida,,RAFAELA,Castellanos,Asfalto,No existe,V,Dentro,Urbana,Otra Señal,Funciona,Intersección,Bueno,S/D,Diurna,Buen Tiempo,"De alcance,Múltiple",S/D,Colisión,Ninguna,"Horizontal,Vertical",Cordón divisorio,Sin restricción
2021,2580,2021-03-30,Martes,10:00:00,,0.0,2,"Bicicleta,Automóvil",Belgrano Manuel Y 9 de Julio,2,1,0,0,1,0,0,"-31.730761355001,-61.092488325706",Calle,,SAN CARLOS CENTRO,Las Colonias,Asfalto,No existe,XI,Dentro,Urbana,Otra Señal,No existe,Intersección,S/D,Buena,Diurna,S/D,"De alcance,Múltiple",Ciclista,Colisión,S/D,Faltante,Cordón divisorio,Sin restricción
2021,2581,2021-03-30,Martes,08:10:00,,0.0,2,"Moto/Ciclomotor,Automóvil",Rivadavia 958,2,1,0,0,1,0,0,"-31.73134, -61.09119",Calle,,SAN CARLOS CENTRO,Las Colonias,Asfalto,No existe,XI,Dentro,Urbana,Otra Señal,No existe,Intersección,Bueno,Buena,Diurna,Buen Tiempo,"De alcance,Múltiple",S/D,Colisión,S/D,Faltante,Cordón divisorio,Sin restricción
2021,2583,2021-03-30,Martes,13:00:00,,0.0,2,"Bicicleta,Pickup/Utilitario",Nicolas Schneider Y Gregorio Donnet,2,1,0,0,1,0,0,"-31.44614, -60.92259",Calle,,ESPERANZA,Las Colonias,Hormigón,S/D,XI,S/D,Urbana,Otra Señal,S/D,Intersección,Bueno,S/D,Diurna,Buen Tiempo,"De alcance,Múltiple",S/D,Colisión,Ninguna,Vertical,Cordón divisorio,Sin restricción
2021,2584,2021-04-18,Domingo,,,0.0,1,Automóvil,Av. Belgrano 1100,1,1,0,0,0,0,0,"-32.958007, -60.621993",Avenida,,ROSARIO,Rosario,Asfalto,No existe,II,Dentro,Urbana,Otra Señal,No existe,Intersección,Bueno,S/D,Diurna,S/D,"De alcance,Múltiple",S/D,Colisión,Ninguna,Horizontal,Cordón divisorio,Sin restricción
2021,2585,2021-04-17,Sabado,20:40:00,,0.0,2,"Moto/Ciclomotor,Moto/Ciclomotor",Bv. López Y Edison,2,2,0,0,0,0,0,"-32.822957589546,-61.396694126572",Avenida,,CAÑADA DE GÓMEZ,Iriondo,Asfalto,No existe,X,Dentro,Urbana,Otra Señal,No existe,Intersección,Bueno,S/D,"Nocturna,Con luz artificial",S/D,"De alcance,Múltiple",S/D,Colisión,Ninguna,S/D,Cordón divisorio,Sin restricción
2021,2586,2021-01-31,Domingo,14:40:00,Ruta Provincial 6,0.0,2,"Moto/Ciclomotor,Camión Chasis",Soler ,2,1,0,0,1,0,0,"-31.46651, -60.91606",Ruta,6,ESPERANZA,Las Colonias,Asfalto,Natural,XI,S/D,Urbana,Otra Señal,S/D,Intersección,Bueno,Buena,Diurna,Buen Tiempo,"De alcance,Múltiple",S/D,Colisión,Ninguna,Faltante,Cordón divisorio,Sin restricción
2021,2587,2021-04-17,Sabado,20:15:00,,0.0,2,"Moto/Ciclomotor,Automóvil",Calle 25-Rivadavia Y Calle 28-San lorenzo,2,1,0,0,1,0,0,"-29.148908845931,-59.653008601059",Calle,,RECONQUISTA,General Obligado,Asfalto,No existe,IX,Dentro,Urbana,Otra Señal,No existe,Intersección,Bueno,Buena,Nocturna,Buen Tiempo,"De alcance,Múltiple",S/D,Colisión,Ninguna,Faltante,Cordón divisorio,Sin restricción
2021,2588,2021-04-17,Sabado,20:40:00,,0.0,2,"Pickup/Utilitario,Moto/Ciclomotor",Calle 37-Bvard. Lovato Y Calle 10-Ludueña,3,2,0,0,1,0,0,"-29.156352281570403,-59.64284420013",Avenida,,RECONQUISTA,General Obligado,Asfalto,No existe,IX,Dentro,Urbana,Otra Señal,No existe,Intersección,S/D,Buena,Nocturna,S/D,"De alcance,Múltiple",S/D,Colisión,Ninguna,Faltante,Cordón divisorio,Sin restricción
2021,2589,2021-04-17,Sabado,10:00:00,,0.0,2,"Moto/Ciclomotor,Automóvil",Calle 30-Lucas Funes Y Calle 15-Patricio Diez,3,1,0,0,2,0,0,"-29.143406651633,-59.653499827849",Calle,,RECONQUISTA,General Obligado,Asfalto,No existe,IX,Dentro,Urbana,Otra Señal,No existe,Intersección,S/D,Buena,Diurna,Buen Tiempo,"De alcance,Múltiple",S/D,Colisión,Ninguna,Faltante,Cordón divisorio,Sin restricción
2021,2590,2021-04-17,Sabado,16:45:00,,0.0,1,Moto/Ciclomotor,Santa Fe 3700,2,2,0,0,0,0,0,"-33.715731126527,-61.979250062732",Calle,,VENADO TUERTO,General LÓPEZ,Asfalto,Natural,VIII,Dentro,Urbana,Otra Señal,No existe,Intersección,Bueno,S/D,Diurna,S/D,"De alcance,Múltiple",S/D,Colisión,Ninguna,Faltante,Cordón divisorio,Sin restricción
2021,2591,2021-05-04,Martes,,,0.0,2,"Automóvil,Moto/Ciclomotor",Av. Doctor E Salva Y Nicanor Álvarez,2,1,0,0,1,0,0,"-31.24001, -61.50858",S/D,,RAFAELA,Castellanos,S/D,S/D,V,S/D,S/D,Otra Señal,S/D,Intersección,S/D,S/D,S/D,S/D,"De alcance,Múltiple",S/D,Colisión,S/D,S/D,Cordón divisorio,Sin restricción
2021,2593,2021-04-17,Sabado,13:15:00,,0.0,2,"Pickup/Utilitario,Bicicleta",AV MARCONI Y SAN MARTIN,2,1,0,0,1,0,0,"-33.744338, -61.966665",Avenida,,VENADO TUERTO,General LÓPEZ,Asfalto,No existe,VIII,Dentro,Urbana,Otra Señal,No existe,Intersección,Bueno,S/D,Diurna,Buen Tiempo,"De alcance,Múltiple",Ciclista,Colisión,Ninguna,Faltante,Cordón divisorio,Sin restricción
2021,2594,2021-05-05,Miercoles,,Ruta Nacional 19,0.0,1,Camión,RUTA 34 ,1,1,0,0,0,0,0,"-31.53352, -61.52829",Ruta,19,RAFAELA,Castellanos,S/D,S/D,V,S/D,S/D,Otra Señal,S/D,Intersección,S/D,S/D,S/D,S/D,"De alcance,Múltiple",S/D,Colisión,S/D,S/D,Cordón divisorio,Sin restricción
2021,2595,2021-04-13,Martes,17:25:00,,0.0,2,"Moto/Ciclomotor,Automóvil",Bartolomé Mitre 1500,2,1,0,0,1,0,0,"-28.485073918195,-59.354236829843",Calle,,VILLA OCAMPO,General Obligado,Asfalto,No existe,IX,Dentro,Urbana,Otra Señal,S/D,Intersección,S/D,Buena,Diurna,Buen Tiempo,"De alcance,Múltiple",S/D,Colisión,Ninguna,S/D,Cordón divisorio,Sin restricción
2021,2596,2021-04-17,Sabado,08:50:00,,0.0,1,Moto/Ciclomotor,Falucho Y Turner S,1,1,0,0,0,0,0,"-33.758363043209,-61.951335173773",Calle,,VENADO TUERTO,General LÓPEZ,Asfalto,No existe,VIII,Dentro,Urbana,Otra Señal,No existe,Intersección,Bueno,Buena,Diurna,S/D,"De alcance,Múltiple",S/D,Colisión,Ninguna,Faltante,Cordón divisorio,Sin restricción
2021,2597,2021-04-17,Sabado,08:25:00,,0.0,2,"Automóvil,Moto/Ciclomotor",Chacabuco Y Mariano Moreno,2,1,0,0,1,0,0,"-33.748678646545,-61.967748772082",Calle,,VENADO TUERTO,General LÓPEZ,Asfalto,No existe,VIII,Dentro,Urbana,Otra Señal,No existe,Intersección,Bueno,S/D,Diurna,Buen Tiempo,"De alcance,Múltiple",S/D,Colisión,Ninguna,Faltante,Cordón divisorio,Sin restricción
2021,2598,2021-04-14,Miercoles,08:15:00,Ruta Nacional 8,362.0,2,"Moto/Ciclomotor,Automóvil", ,2,1,0,0,1,0,0,"-33.787614, -61.948578",Ruta,8,VENADO TUERTO,General LÓPEZ,Asfalto,No existe,VIII,Dentro,Urbana,Otra Señal,No existe,Intersección,Bueno,Buena,Diurna,Buen Tiempo,"De alcance,Múltiple",S/D,Colisión,Ninguna,Horizontal,Cordón divisorio,Sin restricción
2021,2599,2021-04-14,Miercoles,17:05:00,,0.0,2,"Automóvil,Moto/Ciclomotor",Almafuerte Y José Aufranc,2,1,0,0,1,0,0,"-33.728307133977,-61.973437857447",Calle,,VENADO TUERTO,General LÓPEZ,Tierra,No existe,VIII,Dentro,Urbana,Otra Señal,No existe,Intersección,Bueno,Buena,Diurna,Buen Tiempo,"De alcance,Múltiple",S/D,Colisión,Ninguna,Faltante,Cordón divisorio,Sin restricción
2021,2600,2021-01-16,Sabado,,,0.0,2,"Moto/Ciclomotor,Automóvil", ,2,1,0,0,1,0,0,"-31.44898, -60.93036",S/D,,ESPERANZA,Las Colonias,S/D,S/D,XI,S/D,S/D,Otra Señal,S/D,Intersección,S/D,S/D,S/D,S/D,"De alcance,Múltiple",S/D,Colisión,S/D,S/D,Cordón divisorio,Sin restricción
2021,2601,2021-04-14,Miercoles,,,0.0,2,"Moto/Ciclomotor,Moto/Ciclomotor",Av. Italia Y Edison,2,1,0,0,0,0,1,"-31.241713127549,-61.475053119545",Avenida,,RAFAELA,Castellanos,Asfalto,No existe,V,Dentro,Urbana,Otra Señal,No existe,Intersección,Bueno,Buena,S/D,Buen Tiempo,"De alcance,Múltiple",S/D,Colisión,Ninguna,Vertical,Cordón divisorio,Sin restricción
2021,2602,2021-04-14,Miercoles,,,0.0,2,"Pickup/Utilitario,Moto/Ciclomotor",Ciudad de Casilda Y Gral. Juan Pablo López,2,1,0,0,1,0,0,"-31.260184933747,-61.513743556702",Calle,,RAFAELA,Castellanos,Asfalto,No existe,V,Dentro,Urbana,Otra Señal,No existe,Intersección,Bueno,Buena,S/D,Buen Tiempo,"De alcance,Múltiple",S/D,Colisión,Ninguna,Faltante,Cordón divisorio,Sin restricción
2021,2603,2021-04-17,Sabado,08:05:00,Ruta Nacional 8,0.0,1,Moto/Ciclomotor,2 de Abril Y Ruta Nac 8,1,1,0,0,0,0,0,"-33.761888, -61.968665",Ruta,8,VENADO TUERTO,General LÓPEZ,Asfalto,No existe,VIII,Dentro,Urbana,Otra Señal,No existe,Intersección,Bueno,S/D,Diurna,Otro,"De alcance,Múltiple",S/D,Colisión,Ninguna,Faltante,Cordón divisorio,Sin restricción
2021,2606,2021-04-14,Miercoles,12:20:00,,0.0,2,"Automóvil,Moto/Ciclomotor",C. Peralta Y Mitre,2,1,0,0,1,0,0,"-32.812294513952,-61.387121115459",Calle,,CAÑADA DE GÓMEZ,Iriondo,Asfalto,No existe,X,Dentro,Urbana,Otra Señal,No existe,Intersección,Bueno,Buena,Diurna,Buen Tiempo,"De alcance,Múltiple",S/D,Colisión,Ninguna,Horizontal,Cordón divisorio,Sin restricción
2021,2607,2021-04-14,Miercoles,,,0.0,2,"Moto/Ciclomotor,Automóvil",Ciudad de Esperanza Y Pbro A Zurbriggen,2,1,0,0,1,0,0,"-31.228036217853,-61.479872553329",Calle,,RAFAELA,Castellanos,"Asfalto,Tierra",No existe,V,Dentro,Urbana,Otra Señal,No existe,Intersección,Bueno,Buena,Diurna,Buen Tiempo,"De alcance,Múltiple",S/D,Colisión,Ninguna,Faltante,Cordón divisorio,Sin restricción
2021,2608,2021-01-17,Domingo,14:20:00,,0.0,2,"Moto/Ciclomotor,Automóvil",Elorza Y Av. Rosario,2,1,0,0,1,0,0,"-32.91524, -60.81329",Avenida,,FUNES,Rosario,S/D,S/D,II,S/D,Urbana,Otra Señal,S/D,Intersección,S/D,S/D,Diurna,S/D,"De alcance,Múltiple",S/D,Colisión,S/D,S/D,Cordón divisorio,Sin restricción
2021,2609,2021-04-16,Viernes,11:30:00,,0.0,2,"Automóvil,Peatón",Calle 9-Mariano Moreno 144,2,1,0,0,1,0,0,"-29.141857483834,-59.637626798224",Calle,,RECONQUISTA,General Obligado,Asfalto,No existe,VIII,Dentro,Urbana,Otra Señal,No existe,Intersección,Bueno,S/D,Diurna,S/D,"De alcance,Múltiple",Peatón,Colisión,Ninguna,Faltante,Cordón divisorio,Sin restricción
2021,2610,2021-05-06,Jueves,10:45:00,Ruta Nacional 8,0.0,2,"Automóvil,Moto/Ciclomotor",Martin de Pueyrredón ,3,2,0,0,1,0,0,"-33.74694, -61.96956",Ruta,8,VENADO TUERTO,General LÓPEZ,S/D,S/D,VIII,S/D,S/D,Otra Señal,S/D,Intersección,S/D,S/D,S/D,S/D,"De alcance,Múltiple",S/D,Colisión,S/D,S/D,Cordón divisorio,Sin restricción
2021,2611,2021-01-17,Domingo,15:00:00,,0.0,2,"Automóvil,Automóvil",Andreu Y Piazza,3,1,0,0,2,0,0,"-33.01963, -60.61363",Calle,,VILLA GOBERNADOR GÁLVEZ,Rosario,S/D,S/D,II,S/D,Urbana,Otra Señal,S/D,Intersección,S/D,S/D,Diurna,S/D,"De alcance,Múltiple",S/D,Colisión,S/D,S/D,Cordón divisorio,Sin restricción
2021,2612,2021-05-06,Jueves,13:00:00,,0.0,2,"Automóvil,Moto/Ciclomotor",Lisandro de la Torre Y Iturraspe,2,1,0,0,1,0,0,"-33.75426, -61.96935",S/D,,VENADO TUERTO,General LÓPEZ,S/D,S/D,VIII,S/D,S/D,Otra Señal,S/D,Intersección,S/D,S/D,S/D,S/D,"De alcance,Múltiple",S/D,Colisión,S/D,S/D,Cordón divisorio,Sin restricción
2021,2613,2021-01-17,Domingo,,,0.0,2,"Moto/Ciclomotor,Moto/Ciclomotor",Av. Gral. San Martin Y Moreno,4,2,0,0,2,0,0,"-33.0246, -60.62588",Avenida,,VILLA GOBERNADOR GÁLVEZ,Rosario,S/D,S/D,II,S/D,Urbana,Otra Señal,S/D,Intersección,S/D,S/D,S/D,S/D,"De alcance,Múltiple",S/D,Colisión,S/D,S/D,Cordón divisorio,Sin restricción
2021,2614,2021-01-17,Domingo,21:00:00,,0.0,2,"Moto/Ciclomotor,Automóvil",Catamarca Y General Justo José De Urquiza,3,2,0,0,1,0,0,"-33.04812, -61.15257",Calle,,CASILDA,Caseros,S/D,S/D,IV,S/D,Urbana,Otra Señal,S/D,Intersección,S/D,S/D,Nocturna,S/D,"De alcance,Múltiple",S/D,Colisión,S/D,S/D,Cordón divisorio,Sin restricción
2021,2615,2021-04-16,Viernes,,,0.0,2,"Automóvil,Bicicleta",AV LUIS CARBALLO Y PJE 718,2,1,0,0,1,0,0,"-32.921639, -60.667773",Avenida,,ROSARIO,Rosario,Asfalto,No existe,II,Dentro,Urbana,Otra Señal,No existe,Intersección,Bueno,S/D,Nocturna,S/D,"De alcance,Múltiple",Ciclista,Colisión,Ninguna,Faltante,Cordón divisorio,Sin restricción
2021,2616,2021-04-15,Jueves,12:30:00,Autopista Nacional 11,0.0,1,Automóvil,Gorostiaga ,1,1,0,0,0,0,0,"-31.606710418727,-60.725698950002",Autopista,11,SANTA FE,La Capital,Asfalto,No existe,I,Dentro,Urbana,Otra Señal,No existe,Intersección,Bueno,Buena,Diurna,Buen Tiempo,"De alcance,Múltiple",S/D,Colisión,Ninguna,Horizontal,Cordón divisorio,Sin restricción
2021,2617,2021-04-16,Viernes,20:05:00,,0.0,4,"Automóvil,Moto/Ciclomotor,Bicicleta,Bicicleta",Calle 1 Y Calle 12,4,3,0,0,1,0,0,"-29.11208510398866,-59.657810926437",Avenida,,AVELLANEDA,General Obligado,Asfalto,No existe,IX,Dentro,Urbana,Otra Señal,No existe,Intersección,Bueno,S/D,Nocturna,S/D,"De alcance,Múltiple",S/D,Colisión,Ninguna,Faltante,Cordón divisorio,Sin restricción
2021,2618,2021-04-15,Jueves,15:40:00,,0.0,2,"Pickup/Utilitario,Moto/Ciclomotor",9 de Julio Y Juan Lavalle,2,1,0,0,1,0,0,"-33.745733969568,-61.971528051278",Calle,,VENADO TUERTO,General LÓPEZ,Asfalto,No existe,VIII,Dentro,Urbana,Otra Señal,No existe,Intersección,Bueno,Buena,Diurna,Buen Tiempo,"De alcance,Múltiple",S/D,Colisión,Ninguna,Faltante,Cordón divisorio,Sin restricción
2021,2619,2021-04-15,Jueves,15:55:00,,0.0,1,Bicicleta,Almafuerte Y Bartolomé Mitre,1,1,0,0,0,0,0,"-33.746526006804,-61.95914859404",Calle,,VENADO TUERTO,General LÓPEZ,Asfalto,No existe,VIII,Dentro,Urbana,Otra Señal,No existe,Intersección,Bueno,Buena,Diurna,Buen Tiempo,"De alcance,Múltiple",S/D,Colisión,Ninguna,Faltante,Cordón divisorio,Sin restricción
2021,2620,2021-04-15,Jueves,16:05:00,,0.0,2,"Pickup/Utilitario,Moto/Ciclomotor",Av. Estrugamou Y Guillermo Brown,2,1,0,0,1,0,0,"-33.741100468211,-61.97212329767",Avenida,,VENADO TUERTO,General LÓPEZ,Asfalto,No existe,VIII,Dentro,Urbana,Otra Señal,Funciona,Intersección,Bueno,Buena,Diurna,Buen Tiempo,"De alcance,Múltiple",S/D,Colisión,Ninguna,Vertical,Cordón divisorio,Sin restricción
2021,2621,2021-04-15,Jueves,16:44:00,Ruta Secundaria 4-s,0.0,2,"Pickup/Utilitario,Moto/Ciclomotor",Alvear Y Lisandro de la Torre,2,1,0,0,1,0,0,"-33.751818241429,-61.971241118419",Ruta,4-s,VENADO TUERTO,General LÓPEZ,Asfalto,No existe,VIII,Dentro,Urbana,Otra Señal,No existe,Intersección,Bueno,Buena,Diurna,Buen Tiempo,"De alcance,Múltiple",S/D,Colisión,Ninguna,Faltante,Cordón divisorio,Sin restricción
2021,2622,2021-04-16,Viernes,13:00:00,,0.0,1,Moto/Ciclomotor,Leandro N Alem Y Turner S,1,1,0,0,0,0,0,"-33.761157076294,-61.956470636158",Calle,,VENADO TUERTO,General LÓPEZ,Asfalto,No existe,VIII,Dentro,Urbana,Otra Señal,S/D,Intersección,S/D,S/D,Diurna,S/D,"De alcance,Múltiple",S/D,Colisión,S/D,Faltante,Cordón divisorio,Sin restricción
2021,2623,2021-04-16,Viernes,17:45:00,,0.0,2,"Automóvil,Moto/Ciclomotor",Santa Fe Y Maipú,2,1,0,0,1,0,0,"-33.74235111693,-61.95839548327",Calle,,VENADO TUERTO,General LÓPEZ,Asfalto,No existe,VIII,Dentro,Urbana,Otra Señal,No existe,Intersección,Bueno,S/D,Diurna,Buen Tiempo,"De alcance,Múltiple",S/D,Colisión,Ninguna,Faltante,Cordón divisorio,Sin restricción
2021,2624,2021-04-16,Viernes,10:45:00,,0.0,2,"Automóvil,Camión",Alvear Y Miguel de Azcuénaga,3,1,0,0,2,0,0,"-33.75065752257,-61.969137395404",Calle,,VENADO TUERTO,General LÓPEZ,Asfalto,No existe,VIII,Dentro,Urbana,Otra Señal,No existe,Intersección,Bueno,S/D,Diurna,S/D,"De alcance,Múltiple",S/D,Colisión,Ninguna,Faltante,Cordón divisorio,Sin restricción
2021,2625,2021-04-07,Miercoles,,,0.0,3,"Automóvil,Automóvil,Automóvil", ,4,1,0,0,0,0,3,"-31.638757, -60.716662",Avenida,,SANTA FE,La Capital,Asfalto,S/D,I,Dentro,Urbana,Otra Señal,S/D,Intersección,S/D,S/D,S/D,S/D,"De alcance,Múltiple",S/D,Colisión,S/D,S/D,Cordón divisorio,Sin restricción
2021,2626,2021-04-15,Jueves,,Ruta Nacional A009,6.0,1,Bicicleta, ,1,1,0,0,0,0,0,"-29.218365, -59.602843",Ruta,A009,RECONQUISTA,General Obligado,Asfalto,Natural,IX,Dentro,Rural,Otra Señal,No existe,Intersección,Bueno,S/D,Diurna,S/D,"De alcance,Múltiple",S/D,Colisión,Ninguna,Faltante,Cordón divisorio,Sin restricción
2021,2627,2021-06-03,Jueves,08:25:00,,0.0,2,"Pickup/Utilitario,Moto/Ciclomotor",General Manuel Belgrano Y Pringles,2,1,0,0,1,0,0,"-31.459258163756,-60.932443688023",Calle,,ESPERANZA,Las Colonias,Asfalto,No existe,XI,Dentro,Urbana,Otra Señal,No existe,Intersección,Bueno,Buena,Diurna,Buen Tiempo,"De alcance,Múltiple",S/D,Colisión,Ninguna,Faltante,Cordón divisorio,Sin restricción
2021,2628,2021-01-18,Lunes,,Ruta Nacional 11,133.0,2,"Bicicleta,Automóvil", ,2,1,0,0,1,0,0,"-31.76206, -60.83209",Ruta,11,SAUCE VIEJO,La Capital,S/D,S/D,I,S/D,Urbana,Otra Señal,S/D,Intersección,S/D,S/D,S/D,S/D,"De alcance,Múltiple",Ciclista,Colisión,S/D,S/D,Cordón divisorio,Sin restricción
2021,2629,2021-06-02,Miercoles,11:45:00,,0.0,2,"Automóvil,Bicicleta",Almirante Brown Y Las Heras,2,1,0,0,1,0,0,"-31.461036429509,-60.92849486999",Calle,,ESPERANZA,Las Colonias,Asfalto,No existe,XI,Dentro,Urbana,Otra Señal,No existe,Intersección,Bueno,Buena,Diurna,Buen Tiempo,"De alcance,Múltiple",Ciclista,Colisión,Ninguna,Faltante,Cordón divisorio,Sin restricción
2021,2630,2021-06-03,Jueves,18:30:00,,0.0,2,"Automóvil,Moto/Ciclomotor",1 de Mayo Y Pringles,2,1,0,0,1,0,0,"-31.460684639693,-60.926013696895",Calle,,ESPERANZA,Las Colonias,Asfalto,No existe,XI,Dentro,Urbana,Otra Señal,No existe,Intersección,Bueno,Buena,Diurna,Buen Tiempo,"De alcance,Múltiple",S/D,Colisión,Ninguna,Vertical,Cordón divisorio,Sin restricción
2021,2631,2021-01-18,Lunes,,,0.0,2,"Moto/Ciclomotor,Moto/Ciclomotor",Roque Sáenz PEÑA Y 25 de Mayo,3,3,0,0,0,0,0,"-29.88756, -60.28242",Calle,,CALCHAQUÍ,Vera,S/D,S/D,XIX,S/D,Urbana,Otra Señal,S/D,Intersección,S/D,S/D,S/D,S/D,"De alcance,Múltiple",S/D,Colisión,S/D,S/D,Cordón divisorio,Sin restricción
2021,2632,2021-06-28,Lunes,08:30:00,,0.0,2,"Moto/Ciclomotor,Moto/Ciclomotor",Av. Urquiza Y Suipacha,2,1,0,0,1,0,0,"-31.638587106515,-60.711077950976",Avenida,,SANTA FE,La Capital,Asfalto,No existe,I,Dentro,Urbana,Otra Señal,Funciona,Intersección,Bueno,Buena,Diurna,Buen Tiempo,"De alcance,Múltiple",S/D,Colisión,Ninguna,Vertical,Cordón divisorio,Sin restricción
2021,2633,2021-06-05,Sabado,23:00:00,,0.0,2,"Automóvil,Moto/Ciclomotor",Av. Los Colonizadores Y Dalmacio Vélez Sarsfield,2,1,0,0,1,0,0,"-31.452831809338,-60.913775126076",Avenida,,ESPERANZA,Las Colonias,Asfalto,No existe,XI,Dentro,Urbana,Otra Señal,No existe,Intersección,Bueno,Buena,Nocturna,Buen Tiempo,"De alcance,Múltiple",S/D,Colisión,Ninguna,Faltante,Cordón divisorio,Sin restricción
2021,2634,2021-06-09,Miercoles,12:10:00,,0.0,2,"Moto/Ciclomotor,Pickup/Utilitario",Alberdi Y Pueyrredón,2,1,0,0,1,0,0,"-31.446153317444,-60.926375670961",Calle,,ESPERANZA,Las Colonias,Asfalto,No existe,XI,Dentro,Urbana,Otra Señal,No existe,Intersección,Bueno,Buena,Diurna,Buen Tiempo,"De alcance,Múltiple",S/D,Colisión,Ninguna,Vertical,Cordón divisorio,Sin restricción
2021,2635,2021-01-19,Martes,19:40:00,,0.0,2,"Moto/Ciclomotor,Vehículo Oficial",Domingo Faustino Sarmiento Y Av. Eva Perón,4,2,0,0,2,0,0,"-33.75075, -61.9519",Avenida,,VENADO TUERTO,General LÓPEZ,S/D,S/D,VIII,S/D,Urbana,Otra Señal,S/D,Intersección,S/D,S/D,Atardecer,S/D,"De alcance,Múltiple",S/D,Colisión,S/D,S/D,Cordón divisorio,Sin restricción
2021,2636,2021-06-27,Domingo,00:10:00,,0.0,2,"Bicicleta,Automóvil",Hipólito Yrigoyen Y San Martin,2,1,0,0,1,0,0,"-31.642208645865,-60.705270691672",Calle,,SANTA FE,La Capital,Asfalto,No existe,I,Dentro,Urbana,Otra Señal,No existe,Intersección,Bueno,Buena,"Nocturna,Con luz artificial",Buen Tiempo,"De alcance,Múltiple",Ciclista,Colisión,Ninguna,Faltante,Cordón divisorio,Sin restricción
2021,2637,2021-06-06,Domingo,10:00:00,,0.0,2,"Moto/Ciclomotor,Pickup/Utilitario",Bartolomé Mitre Y G Alvear,2,1,0,0,1,0,0,"-31.455897981025,-60.939343389713",Calle,,ESPERANZA,Las Colonias,Asfalto,No existe,XI,Dentro,Urbana,Otra Señal,No existe,Intersección,Bueno,Buena,Diurna,Buen Tiempo,"De alcance,Múltiple",S/D,Colisión,Ninguna,Vertical,Cordón divisorio,Sin restricción