anio_acci,nro_acci,fecha,desc_dia,hora_aprox,desc_ruta,km,cant_participantes,desc_participante,calle_avenida_km,total,heridos_leves,heridos_graves,heridos_gravisimos,ilesos,fallecidos,sin_datos,posicion_XY,desc_tipo_via,desc_ruta_ori,desc_loc,desc_dpto,desc_tipo_calzada,desc_tipo_banquina,desc_unidad_regional,desc_lugar_calzada,desc_zona,desc_prioridad,desc_estado_semaforo,desc_lugar_via,desc_estado_via,desc_estado_visibilidad,desc_luminosidad,desc_estado_clima,desc_tipo_colision,desc_tipo_atropello,desc_tipo_hecho,desc_pres_calzada,desc_senializacion,desc_separacion_via,desc_restriccion
2021,2638,2021-06-15,Martes,15:10:00,,0.0,2,"Camión Chasis,Moto/Ciclomotor",Colon Y General Manuel Belgrano,2,1,0,0,1,0,0,"-31.439798710182,-60.926528786863",Calle,,ESPERANZA,Las Colonias,Asfalto,No existe,XI,Dentro,Urbana,Otra Señal,No existe,Intersección,Bueno,Buena,Diurna,Buen Tiempo,"De alcance,Múltiple",S/D,Colisión,Ninguna,Faltante,Cordón divisorio,Sin restricción
2021,2639,2021-01-19,Martes,16:45:00,,0.0,2,"Moto/Ciclomotor,Automóvil",Av. De Las Palmeras Y Cno Limite de Municipio,2,1,0,0,1,0,0,"-32.98711, -60.7346",Calle,,ROSARIO,Rosario,S/D,S/D,II,S/D,Urbana,Otra Señal,S/D,Intersección,S/D,S/D,Diurna,S/D,"De alcance,Múltiple",S/D,Colisión,S/D,S/D,Cordón divisorio,Sin restricción
2021,2640,2021-06-18,Viernes,18:00:00,,0.0,2,"Moto/Ciclomotor,Otros",Av. Leandro Alem Y Tucumán,2,1,0,0,0,0,1,"-31.647570939738,-60.704299115771",Avenida,,SANTA FE,La Capital,Asfalto,No existe,I,Dentro,Urbana,Otra Señal,Funciona,Intersección,Bueno,Buena,Atardecer,Buen Tiempo,"De alcance,Múltiple",S/D,Colisión,Ninguna,Faltante,Cordón divisorio,Sin restricción
2021,2641,2021-06-15,Martes,18:30:00,,0.0,2,"Automóvil,Moto/Ciclomotor",General Manuel Belgrano Y Oroño,2,1,0,0,1,0,0,"-31.43563693809,-60.925246693187",Calle,,ESPERANZA,Las Colonias,Asfalto,No existe,XI,Dentro,Urbana,Otra Señal,No existe,Intersección,Bueno,Buena,Diurna,Buen Tiempo,"De alcance,Múltiple",S/D,Colisión,Ninguna,Faltante,Cordón divisorio,Sin restricción
2021,2642,2021-06-23,Miercoles,10:00:00,,0.0,2,"Moto/Ciclomotor,Pickup/Utilitario",Irigoyen Freyre Y 9 de Julio,2,1,0,0,1,0,0,"-31.64287331191,-60.708201047195",Calle,,SANTA FE,La Capital,Asfalto,No existe,I,Dentro,Urbana,Otra Señal,No existe,Intersección,Bueno,Buena,Diurna,Buen Tiempo,"De alcance,Múltiple",S/D,Colisión,Ninguna,Faltante,Cordón divisorio,Sin restricción
2021,2643,2021-06-17,Jueves,18:00:00,,0.0,2,"Automóvil,Bicicleta",Alberdi Y Chacabuco,2,1,0,0,1,0,0,"-31.448245276729,-60.927043213837",Calle,,ESPERANZA,Las Colonias,Asfalto,No existe,XI,Dentro,Urbana,Otra Señal,No existe,Intersección,Bueno,Buena,Diurna,Buen Tiempo,"De alcance,Múltiple",Ciclista,Colisión,Ninguna,Faltante,Cordón divisorio,Sin restricción
2021,2644,2021-03-31,Miercoles,19:50:00,,0.0,2,"Moto/Ciclomotor,Bicicleta",Av. Gral. San Martin 300,2,2,0,0,0,0,0,"-30.36331, -60.40233",Calle,,GOBERNADOR CRESPO,San Justo,Asfalto,No existe,XVI,S/D,Urbana,Otra Señal,No existe,Intersección,Bueno,Buena,Con luz artificial,Buen Tiempo,"De alcance,Múltiple",S/D,Colisión,Ninguna,Faltante,Cordón divisorio,Sin restricción
2021,2645,2021-01-19,Martes,09:10:00,Autopista Provincial Brigadier E.LÓPEZ,58.0,2,"Automóvil,Automóvil", ,2,2,0,0,0,0,0,"-32.40426, -60.93596",Autopista,Brigadier E.LÓPEZ,MACIEL,San JERÓNIMO,S/D,S/D,XV,S/D,Rural,Otra Señal,S/D,Intersección,S/D,S/D,Diurna,S/D,"De alcance,Múltiple",S/D,Colisión,S/D,S/D,Cordón divisorio,Sin restricción
2021,2647,2021-01-20,Miercoles,22:00:00,,0.0,2,"Moto/Ciclomotor,Automóvil",San Martin 1115,2,1,0,0,1,0,0,"-32.95074, -60.63765",Calle,,ROSARIO,Rosario,S/D,S/D,II,S/D,Urbana,Otra Señal,S/D,Intersección,S/D,S/D,Nocturna,S/D,"De alcance,Múltiple",S/D,Colisión,S/D,S/D,Cordón divisorio,Sin restricción
2021,2648,2021-06-08,Martes,17:00:00,,0.0,2,"Moto/Ciclomotor,Automóvil",La Rioja Y 9 de Julio,2,1,0,0,1,0,0,"-31.645070402688,-60.70881332602",Calle,,SANTA FE,La Capital,Asfalto,No existe,I,Dentro,Urbana,Otra Señal,No existe,Intersección,Bueno,Buena,Atardecer,Buen Tiempo,"De alcance,Múltiple",S/D,Colisión,Ninguna,Faltante,Cordón divisorio,Sin restricción
2021,2649,2021-06-15,Martes,16:20:00,,0.0,2,"Moto/Ciclomotor,Automóvil",Obispo Gelabert Y San Martin,2,1,0,0,1,0,0,"-31.636802361792,-60.703590749164",Calle,,SANTA FE,La Capital,Asfalto,No existe,I,Dentro,Urbana,Otra Señal,No existe,Intersección,Bueno,Buena,Diurna,Buen Tiempo,"De alcance,Múltiple",S/D,Colisión,Ninguna,Faltante,Cordón divisorio,Sin restricción
2021,2650,2021-01-20,Miercoles,,Ruta Provincial 13,32.0,2,"Otros,Automóvil", ,4,0,0,0,0,0,4,"-32.20809, -61.71478",Ruta,13,EL TRÉBOL,San MARTÍN,S/D,S/D,XVIII,S/D,Urbana,Otra Señal,S/D,Intersección,S/D,S/D,S/D,S/D,"De alcance,Múltiple",S/D,Colisión,S/D,S/D,Cordón divisorio,Sin restricción
2021,2652,2021-06-11,Viernes,13:50:00,,0.0,2,"Automóvil,Automóvil",Av. Leandro Alem Y Tucumán,2,1,0,0,1,0,0,"-31.647570939738,-60.704299115771",Avenida,,SANTA FE,La Capital,Asfalto,Ripio,I,Dentro,Urbana,Otra Señal,Funciona,Intersección,Bueno,S/D,Diurna,S/D,"De alcance,Múltiple",S/D,Colisión,Ninguna,"Horizontal,Vertical",Cordón divisorio,Sin restricción
2021,2653,2021-06-20,Domingo,17:45:00,,0.0,2,"Moto/Ciclomotor,Moto/Ciclomotor",Castelli Y Mariano Moreno,2,1,0,0,1,0,0,"-31.451041999174,-60.933114464568",Calle,,ESPERANZA,Las Colonias,Asfalto,No existe,XI,Dentro,Urbana,Otra Señal,No existe,Intersección,Bueno,Buena,Diurna,Buen Tiempo,"De alcance,Múltiple",S/D,Colisión,Ninguna,Horizontal,Cordón divisorio,Sin restricción
2021,2654,2021-06-28,Lunes,21:15:00,,0.0,2,"Moto/Ciclomotor,Automóvil",Suipacha Y 9 de Julio,2,1,0,0,1,0,0,"-31.639492566132,-60.707179262185",Calle,,SANTA FE,La Capital,Asfalto,No existe,I,Dentro,Urbana,Otra Señal,Funciona,Intersección,Bueno,Buena,Nocturna,Buen Tiempo,"De alcance,Múltiple",S/D,Colisión,Ninguna,"Horizontal,Vertical",Cordón divisorio,Sin restricción
2021,2656,2021-06-26,Sabado,10:30:00,,0.0,2,"Camión Chasis,Moto/Ciclomotor",Colon Y General Paz,2,1,0,0,1,0,0,"-31.438897267266,-60.930206683422",Calle,,ESPERANZA,Las Colonias,Asfalto,No existe,XI,Dentro,Urbana,Otra Señal,No existe,Intersección,Bueno,Buena,Diurna,Buen Tiempo,"De alcance,Múltiple",S/D,Colisión,Ninguna,Faltante,Cordón divisorio,Sin restricción
2021,2657,2021-03-31,Miercoles,10:30:00,,0.0,2,"Moto/Ciclomotor,Automóvil",25 de Mayo Y B de Tucumán,2,1,0,0,1,0,0,"-32.98575, -60.64948",Calle,,SAN JUSTO,San Justo,Asfalto,S/D,XVI,S/D,S/D,Otra Señal,No existe,Intersección,Bueno,Buena,Diurna,Buen Tiempo,"De alcance,Múltiple",S/D,Colisión,Ninguna,Faltante,Cordón divisorio,Sin restricción
2021,2658,2021-06-01,Martes,12:50:00,,0.0,2,"Moto/Ciclomotor,Taxi/Remis",Av. Freyre Y La Rioja,2,1,0,0,1,0,0,"-31.642878113739,-60.717836245617",Avenida,,SANTA FE,La Capital,Asfalto,No existe,I,Dentro,Urbana,Otra Señal,No existe,Intersección,Bueno,Buena,Diurna,S/D,"De alcance,Múltiple",S/D,Colisión,Ninguna,Vertical,Cordón divisorio,Sin restricción
2021,2659,2021-06-26,Sabado,,,0.0,2,"Pickup/Utilitario,Moto/Ciclomotor",Cullen Y Domingo Faustino Sarmiento,2,1,0,0,1,0,0,"-31.452125024971,-60.932383536729",Calle,,ESPERANZA,Las Colonias,Asfalto,No existe,XI,Dentro,Urbana,Otra Señal,No existe,Intersección,Bueno,Buena,Diurna,Buen Tiempo,"De alcance,Múltiple",S/D,Colisión,Ninguna,Faltante,Cordón divisorio,Sin restricción
2021,2661,2021-03-24,Miercoles,14:50:00,,0.0,2,"Automóvil,Moto/Ciclomotor",Calfucura Y Ituzaingó,2,1,0,0,1,0,0,"-32.85288, -60.71591",Calle,,GRANADERO BAIGORRIA,Rosario,Asfalto,No existe,II,Dentro,Urbana,Otra Señal,No existe,Intersección,Bueno,Buena,Diurna,Buen Tiempo,"De alcance,Múltiple",S/D,Colisión,Ninguna,S/D,Cordón divisorio,Sin restricción
2021,2662,2021-06-02,Miercoles,08:25:00,,0.0,2,"Automóvil,Bicicleta",Francia Y Mariano Comas,2,1,0,0,1,0,0,"-31.631190778938,-60.7104893845",Calle,,SANTA FE,La Capital,Asfalto,No existe,I,Dentro,Urbana,Otra Señal,No existe,Intersección,Con baches,Buena,Diurna,Buen Tiempo,"De alcance,Múltiple",Ciclista,Colisión,Ninguna,Faltante,Cordón divisorio,Sin restricción
2021,2663,2021-06-18,Viernes,15:25:00,,0.0,2,"Moto/Ciclomotor,Automóvil",9 de Julio Y Alberdi,3,2,0,0,1,0,0,"-31.586922798738,-60.940908312672",Calle,,FRANCK,Las Colonias,Asfalto,No existe,XI,Dentro,Urbana,Otra Señal,No existe,Intersección,Bueno,Buena,Diurna,Buen Tiempo,"De alcance,Múltiple",S/D,Colisión,Ninguna,Horizontal,Cordón divisorio,Sin restricción
2021,2664,2021-04-06,Martes,11:10:00,,0.0,2,"Moto/Ciclomotor,Automóvil",Av. Urquiza Y Gdor. Crespo,2,1,0,0,1,0,0,"-31.639826, -60.711468",Avenida,,SANTA FE,La Capital,Asfalto,No existe,I,Dentro,Urbana,Otra Señal,Funciona,Intersección,Bueno,Buena,Diurna,Buen Tiempo,"De alcance,Múltiple",S/D,Colisión,Ninguna,"Horizontal,Vertical",Cordón divisorio,Sin restricción
2021,2666,2021-06-03,Jueves,11:20:00,,0.0,2,"Moto/Ciclomotor,Automóvil",Santiago del Estero Y Francia,2,1,0,0,1,0,0,"-31.636084503127,-60.711886375315",Calle,,SANTA FE,La Capital,Asfalto,No existe,I,Dentro,Urbana,Otra Señal,No existe,Intersección,Bueno,Buena,Diurna,Buen Tiempo,"De alcance,Múltiple",S/D,Colisión,Ninguna,Vertical,Cordón divisorio,Sin restricción
2021,2667,2021-06-04,Viernes,14:30:00,,0.0,2,"Automóvil,Moto/Ciclomotor",Av. Urquiza 2100,2,1,0,0,1,0,0,"-31.650152758761,-60.71438674545",Avenida,,SANTA FE,La Capital,Asfalto,No existe,I,Dentro,Urbana,Otra Señal,Funciona,Intersección,Bueno,Buena,Diurna,Buen Tiempo,"De alcance,Múltiple",S/D,Colisión,Ninguna,Vertical,Cordón divisorio,Sin restricción
2021,2668,2021-06-07,Lunes,11:32:00,,0.0,2,"Bicicleta,Otros",Av. Freyre Y Junín,2,1,0,0,0,0,1,"-31.636323569481,-60.715904322143",Avenida,,SANTA FE,La Capital,Asfalto,No existe,I,Dentro,Urbana,Otra Señal,Funciona,Intersección,Bueno,Buena,Diurna,Buen Tiempo,"De alcance,Múltiple",Ciclista,Colisión,Ninguna,Vertical,Cordón divisorio,Sin restricción
2021,2669,2021-06-18,Viernes,09:30:00,,0.0,2,"Bicicleta,Moto/Ciclomotor",Lamadrid Y Salvador Caputo,2,1,0,0,1,0,0,"-31.635764, -60.725511",Calle,,SANTA FE,La Capital,Asfalto,No existe,I,Dentro,Urbana,Otra Señal,No existe,Intersección,Bueno,S/D,Nocturna,Buen Tiempo,"De alcance,Múltiple",Ciclista,Colisión,Ninguna,Faltante,Cordón divisorio,Sin restricción
2021,2670,2021-01-21,Jueves,,,0.0,2,"Pickup/Utilitario,Moto/Ciclomotor", ,2,1,0,0,1,0,0,"-31.44898, -60.93036",S/D,,ESPERANZA,Las Colonias,S/D,S/D,XI,S/D,S/D,Otra Señal,S/D,Intersección,S/D,S/D,S/D,S/D,"De alcance,Múltiple",S/D,Colisión,S/D,S/D,Cordón divisorio,Sin restricción
2021,2671,2021-03-19,Viernes,09:35:00,,0.0,3,"Moto/Ciclomotor,Automóvil,Automóvil",Almafuerte Y Av. del Libertador,3,0,0,0,2,1,0,"-33.0331, -60.63153",Avenida,,VILLA GOBERNADOR GÁLVEZ,Rosario,Asfalto,No existe,II,S/D,Urbana,Otra Señal,No existe,Intersección,Con baches,Buena,Diurna,Otro,"De alcance,Múltiple",S/D,Colisión,Ninguna,Faltante,Cordón divisorio,Sin restricción
2021,2672,2021-06-29,Martes,12:10:00,,0.0,2,"Automóvil,Automóvil",Av. San Martin Y Rivadavia,4,3,0,0,1,0,0,"-31.394371478326,-61.08048903277",Avenida,,HUMBOLDT,Las Colonias,Asfalto,No existe,XI,Dentro,Urbana,Otra Señal,No existe,Intersección,Bueno,Buena,Diurna,Buen Tiempo,"De alcance,Múltiple",S/D,Colisión,Ninguna,Faltante,Cordón divisorio,Sin restricción
2021,2674,2021-03-07,Domingo,04:30:00,Ruta Nacional 11,726.0,2,"Pickup/Utilitario,Moto/Ciclomotor",Ruta Nacional 11 726,4,0,0,0,3,1,0,"-29.45141, -60.16586",Ruta,11,VERA,Vera,Asfalto,Natural,XIX,Dentro,Rural,Otra Señal,No existe,Intersección,Bueno,Reducida,Nocturna,Buen Tiempo,"De alcance,Múltiple",S/D,Colisión,Ninguna,Vertical,Cordón divisorio,Sin restricción
2021,2676,2021-05-07,Viernes,13:55:00,,0.0,2,"Moto/Ciclomotor,Otros",Calle 19-Habegger ,2,1,0,0,0,0,1,"-29.14543, -59.65618",S/D,,RECONQUISTA,General Obligado,S/D,S/D,IX,S/D,S/D,Otra Señal,S/D,Intersección,S/D,S/D,S/D,S/D,"De alcance,Múltiple",S/D,Colisión,S/D,S/D,Cordón divisorio,Sin restricción
2021,2677,2021-06-29,Martes,15:30:00,,0.0,2,"Moto/Ciclomotor,Moto/Ciclomotor",Cesar M Pittier Y Mariano Moreno,2,1,0,0,1,0,0,"-31.43249796791,-60.927193220513",Calle,,ESPERANZA,Las Colonias,Asfalto,No existe,XI,Dentro,Urbana,Otra Señal,No existe,Intersección,Bueno,Buena,Diurna,Buen Tiempo,"De alcance,Múltiple",S/D,Colisión,Ninguna,Faltante,Cordón divisorio,Sin restricción
2021,2678,2021-05-07,Viernes,18:20:00,,0.0,2,"Moto/Ciclomotor,Moto/Ciclomotor",Roca Pte. Y Calle 53-Chubut,2,2,0,0,0,0,0,"-29.16225, -59.65907",S/D,,RECONQUISTA,General Obligado,S/D,S/D,IX,S/D,S/D,Otra Señal,S/D,Intersección,S/D,S/D,S/D,S/D,"De alcance,Múltiple",S/D,Colisión,S/D,S/D,Cordón divisorio,Sin restricción
2021,2679,2021-06-19,Sabado,20:50:00,,0.0,2,"Automóvil,Bicicleta",Av. Pte. Perón Y Gdor. Crespo,2,1,0,0,0,0,1,"-31.638359531885,-60.718702806996",Avenida,,SANTA FE,La Capital,Asfalto,No existe,I,Dentro,Urbana,Otra Señal,No existe,Intersección,Bueno,Buena,Nocturna,Buen Tiempo,"De alcance,Múltiple",Ciclista,Colisión,Ninguna,Vertical,Cordón divisorio,Sin restricción
2021,2680,2021-01-21,Jueves,19:15:00,,0.0,2,"Moto/Ciclomotor,Pickup/Utilitario",ALVEAR Y LAVALLE,2,1,0,0,1,0,0,"-32.16057, -61.11156",Calle,,IRIGOYEN,San JERÓNIMO,S/D,S/D,XV,S/D,Urbana,Otra Señal,S/D,Intersección,S/D,S/D,Atardecer,S/D,"De alcance,Múltiple",S/D,Colisión,S/D,S/D,Cordón divisorio,Sin restricción
2021,2681,2021-06-09,Miercoles,13:20:00,,0.0,2,"Automóvil,Moto/Ciclomotor",Av. Urquiza Y Cándido Pujato,2,1,0,0,1,0,0,"-31.632774678383,-60.709468444352",Avenida,,SANTA FE,La Capital,Asfalto,No existe,I,Dentro,Urbana,Otra Señal,No existe,Intersección,Bueno,Buena,Diurna,Buen Tiempo,"De alcance,Múltiple",S/D,Colisión,Ninguna,Vertical,Cordón divisorio,Sin restricción
2021,2682,2021-01-22,Viernes,,,0.0,2,"Moto/Ciclomotor,Pickup/Utilitario", ,2,1,0,0,1,0,0,"-34.18627, -61.52854",S/D,,TEODELINA,General LÓPEZ,S/D,S/D,VIII,S/D,S/D,Otra Señal,S/D,Intersección,S/D,S/D,S/D,S/D,"De alcance,Múltiple",S/D,Colisión,S/D,S/D,Cordón divisorio,Sin restricción
2021,2683,2021-05-06,Jueves,,,0.0,2,"Peatón,Moto/Ciclomotor", ,2,1,0,0,0,0,1,"-32.91834, -60.8102",S/D,,FUNES,Rosario,S/D,S/D,II,S/D,S/D,Otra Señal,S/D,Intersección,S/D,S/D,S/D,S/D,"De alcance,Múltiple",Peatón,Colisión,S/D,S/D,Cordón divisorio,Sin restricción
2021,2684,2021-01-22,Viernes,,,0.0,2,"Moto/Ciclomotor,Automóvil", ,2,1,0,0,1,0,0,"-31.44898, -60.93036",S/D,,ESPERANZA,Las Colonias,S/D,S/D,XI,S/D,S/D,Otra Señal,S/D,Intersección,S/D,S/D,S/D,S/D,"De alcance,Múltiple",S/D,Colisión,S/D,S/D,Cordón divisorio,Sin restricción
2021,2685,2021-05-06,Jueves,,Ruta Provincial 10,0.0,2,"Camión c / Acoplado,Camión c / Acoplado",RUTA 19 ,2,2,0,0,0,0,0,"-31.5918, -61.27775",Ruta,10,SANTA CLARA DE BUENA VISTA,Las Colonias,S/D,S/D,XI,S/D,S/D,Otra Señal,S/D,Intersección,S/D,S/D,S/D,S/D,"De alcance,Múltiple",S/D,Colisión,S/D,S/D,Cordón divisorio,Sin restricción
2021,2686,2021-06-11,Viernes,18:30:00,,0.0,2,"Moto/Ciclomotor,Automóvil",Calle 59 Y Diagonal 8,2,1,0,0,1,0,0,"-31.700078009275202, -60.7691562869",Calle,,SAUCE VIEJO,La Capital,Tierra,No existe,I,Dentro,Urbana,Otra Señal,No existe,Intersección,Bueno,Buena,Diurna,Buen Tiempo,"De alcance,Múltiple",S/D,Colisión,Ninguna,Faltante,Cordón divisorio,Sin restricción
2021,2687,2021-01-22,Viernes,,,0.0,2,"Moto/Ciclomotor,Pickup/Utilitario", ,2,1,0,0,1,0,0,"-31.44898, -60.93036",S/D,,ESPERANZA,Las Colonias,S/D,S/D,XI,S/D,S/D,Otra Señal,S/D,Intersección,S/D,S/D,S/D,S/D,"De alcance,Múltiple",S/D,Colisión,S/D,S/D,Cordón divisorio,Sin restricción
2021,2688,2021-03-08,Lunes,20:15:00,Ruta Provincial 18,1.0,2,"Pickup/Utilitario,Moto/Ciclomotor",AV. OVIDIO LAGOS  Y 5 DE AGOSTO,3,0,0,0,1,2,0,"-33.01772, -60.67909",Ruta,18,ROSARIO,Rosario,Asfalto,No existe,II,Dentro,Urbana,Otra Señal,Funciona,Intersección,Bueno,Buena,Con luz artificial,Buen Tiempo,"De alcance,Múltiple",S/D,Colisión,Ninguna,Vertical,Cordón divisorio,Sin restricción
2021,2689,2021-04-19,Lunes,10:40:00,,0.0,2,"Moto/Ciclomotor,Moto/Ciclomotor",La Rioja Y Santiago de Chile,2,1,0,0,1,0,0,"-31.641626816804,-60.723028913118",Calle,,SANTA FE,La Capital,Asfalto,No existe,I,Dentro,Urbana,Otra Señal,No existe,Intersección,Bueno,Buena,Diurna,Buen Tiempo,"De alcance,Múltiple",S/D,Colisión,Ninguna,Horizontal,Cordón divisorio,Sin restricción
2021,2692,2021-01-23,Sabado,17:35:00,Ruta Nacional 11,13.0,2,"Moto/Ciclomotor,Automóvil", ,3,1,0,0,2,0,0,"-32.75691, -60.73417",Ruta,11,SAN LORENZO,San Lorenzo,S/D,S/D,XVII,S/D,Urbana,Otra Señal,S/D,Intersección,S/D,S/D,Diurna,S/D,"De alcance,Múltiple",S/D,Colisión,S/D,S/D,Cordón divisorio,Sin restricción
2021,2693,2021-06-17,Jueves,13:35:00,Ruta Provincial 4,72.0,1,Automóvil, ,2,1,0,0,1,0,0,"-30.84784996225941, -60.97860544651",Ruta,4,LA PELADA,Las Colonias,Asfalto,Natural,XI,Dentro,Urbana,Otra Señal,No existe,Intersección,Bueno,Buena,Diurna,Buen Tiempo,"De alcance,Múltiple",S/D,Colisión,Ninguna,Horizontal,Cordón divisorio,Sin restricción
2021,2694,2021-03-09,Martes,08:35:00,Ruta Provincial 10,143.0,1,Camión c / Acoplado,Ruta Prov. 10 ,1,0,0,0,0,1,0,"-31.72951, -61.30538",Ruta,10,SANTA CLARA DE BUENA VISTA,Las Colonias,Asfalto,Natural,XI,Dentro,Rural,Otra Señal,No existe,Intersección,Bueno,Buena,Diurna,Buen Tiempo,"De alcance,Múltiple",S/D,Colisión,Ninguna,Faltante,Cordón divisorio,Sin restricción
2021,2695,2021-06-21,Lunes,11:15:00,,0.0,2,"Automóvil,Peatón",La Paz Y Pje Diego de Leiva,2,1,0,0,1,0,0,"-31.627805378647,-60.715153976533",Calle,,SANTA FE,La Capital,Asfalto,No existe,I,Dentro,Urbana,Otra Señal,No existe,Intersección,Bueno,Buena,Diurna,Buen Tiempo,"De alcance,Múltiple",Peatón,Colisión,Ninguna,Faltante,Cordón divisorio,Sin restricción
2021,2696,2021-01-24,Domingo,16:40:00,Ruta Provincial 64,110.0,1,Moto/Ciclomotor, ,2,2,0,0,0,0,0,"-31.74132, -61.99895",Ruta,64,CRISPI,San MARTÍN,S/D,S/D,XVIII,S/D,Rural,Otra Señal,S/D,Intersección,S/D,S/D,Diurna,S/D,"De alcance,Múltiple",S/D,Colisión,S/D,S/D,Cordón divisorio,Sin restricción
2021,2698,2021-06-20,Domingo,16:45:00,,0.0,1,Moto/Ciclomotor,Crespo 353,1,1,0,0,0,0,0,"-31.136630859747,-60.991361426172",Calle,,PROGRESO,Las Colonias,Asfalto,No existe,XI,Dentro,Urbana,Otra Señal,No existe,Intersección,Bueno,Buena,Diurna,Buen Tiempo,"De alcance,Múltiple",S/D,Colisión,Ninguna,Faltante,Cordón divisorio,Sin restricción
2021,2699,2021-06-22,Martes,18:45:00,,0.0,2,"Automóvil,Moto/Ciclomotor",Francia Y Tucumán,2,1,0,0,1,0,0,"-31.644913624124,-60.714288697159",Calle,,SANTA FE,La Capital,Asfalto,No existe,I,Dentro,Urbana,Otra Señal,No existe,Intersección,Bueno,Buena,Diurna,Buen Tiempo,"De alcance,Múltiple",S/D,Colisión,Ninguna,Faltante,Cordón divisorio,Sin restricción
2021,2700,2021-06-22,Martes,16:00:00,,0.0,2,"Moto/Ciclomotor,Automóvil",Av. Freyre Y Hipólito Yrigoyen,3,2,0,0,1,0,0,"-31.640087005045,-60.717018923535",Avenida,,SANTA FE,La Capital,Asfalto,No existe,I,Dentro,Urbana,Otra Señal,No existe,Intersección,Bueno,Buena,Diurna,Buen Tiempo,"De alcance,Múltiple",S/D,Colisión,Ninguna,Faltante,Cordón divisorio,Sin restricción
2021,2701,2021-03-12,Viernes,12:15:00,Ruta Secundaria 50-s,1.0,2,"Bicicleta,Pickup/Utilitario",Mariano Moreno ,6,0,0,0,5,1,0,"-31.57542, -60.97619",Ruta,50-s,FRANCK,Las Colonias,Asfalto,Natural,XI,S/D,Rural,Otra Señal,No existe,Intersección,Bueno,Buena,Diurna,Buen Tiempo,"De alcance,Múltiple",Ciclista,Colisión,Ninguna,Horizontal,Cordón divisorio,Sin restricción
2021,2702,2021-06-24,Jueves,11:45:00,,0.0,2,"Moto/Ciclomotor,Automóvil",Dr. Zavalla Y Suipacha,2,1,0,0,1,0,0,"-31.637174, -60.717651",Calle,,SANTA FE,La Capital,Asfalto,No existe,I,Dentro,Urbana,Otra Señal,No existe,Intersección,Bueno,Buena,Diurna,Buen Tiempo,"De alcance,Múltiple",S/D,Colisión,Ninguna,Vertical,Cordón divisorio,Sin restricción
2021,2703,2021-06-25,Viernes,20:10:00,,0.0,2,"Moto/Ciclomotor,Automóvil",Av. Freyre Y Eva Perón,2,1,0,0,1,0,0,"-31.644053, -60.705078",Avenida,,SANTA FE,La Capital,Asfalto,No existe,I,Dentro,Urbana,Otra Señal,Funciona,Intersección,Bueno,Buena,Nocturna,Buen Tiempo,"De alcance,Múltiple",S/D,Colisión,Ninguna,Vertical,Cordón divisorio,Sin restricción
2021,2704,2021-06-26,Sabado,16:00:00,,0.0,2,"Moto/Ciclomotor,Pickup/Utilitario",Corrientes Y Dr. Zavalla,2,1,0,0,1,0,0,"-31.651459639806,-60.721739743552",Calle,,SANTA FE,La Capital,Asfalto,No existe,I,Dentro,Urbana,Otra Señal,No existe,Intersección,Bueno,Buena,Diurna,Buen Tiempo,"De alcance,Múltiple",S/D,Colisión,Ninguna,Faltante,Cordón divisorio,Sin restricción
2021,2705,2021-06-26,Sabado,21:35:00,,0.0,2,"Automóvil,Bicicleta",Francia Y Hipólito Yrigoyen,2,1,0,0,1,0,0,"-31.640830233396,-60.713134806374",Calle,,SANTA FE,La Capital,Asfalto,No existe,I,Dentro,Urbana,Otra Señal,No existe,Intersección,Bueno,Buena,Diurna,Buen Tiempo,"De alcance,Múltiple",Ciclista,Colisión,Ninguna,Horizontal,Cordón divisorio,Sin restricción
2021,2706,2021-06-28,Lunes,17:00:00,,0.0,2,"Automóvil,Automóvil",Alfonso Duran Y Santiago de Chile,2,1,0,0,1,0,0,"-31.64362552569,-60.723624181677",Avenida,,SANTA FE,La Capital,Asfalto,No existe,I,Dentro,Urbana,Otra Señal,No existe,Intersección,Bueno,Buena,Diurna,Buen Tiempo,"De alcance,Múltiple",S/D,Colisión,Ninguna,Faltante,Cordón divisorio,Sin restricción
2021,2707,2021-06-29,Martes,14:00:00,,0.0,2,"Peatón,Moto/Ciclomotor",Av. Mosconi Y Lisandro de la Torre,3,0,0,0,2,1,0,"-31.647261066566,-60.729761567929",Avenida,,SANTA FE,La Capital,Asfalto,No existe,I,Dentro,Urbana,Otra Señal,No existe,Intersección,Bueno,Buena,Diurna,Buen Tiempo,"De alcance,Múltiple",Peatón,Colisión,Ninguna,Faltante,Cordón divisorio,Sin restricción
2021,2708,2021-06-30,Miercoles,14:00:00,,0.0,2,"Moto/Ciclomotor,Automóvil",Francia Y Hipólito Yrigoyen,2,1,0,0,1,0,0,"-31.640830233396,-60.713134806374",Calle,,SANTA FE,La Capital,Asfalto,No existe,I,Dentro,Urbana,Otra Señal,No existe,Intersección,Bueno,Buena,Diurna,Buen Tiempo,"De alcance,Múltiple",S/D,Colisión,Ninguna,Faltante,Cordón divisorio,Sin restricción