anio_acci,nro_acci,fecha,desc_dia,hora_aprox,desc_ruta,km,cant_participantes,desc_participante,calle_avenida_km,total,heridos_leves,heridos_graves,heridos_gravisimos,ilesos,fallecidos,sin_datos,posicion_XY,desc_tipo_via,desc_ruta_ori,desc_loc,desc_dpto,desc_tipo_calzada,desc_tipo_banquina,desc_unidad_regional,desc_lugar_calzada,desc_zona,desc_prioridad,desc_estado_semaforo,desc_lugar_via,desc_estado_via,desc_estado_visibilidad,desc_luminosidad,desc_estado_clima,desc_tipo_colision,desc_tipo_atropello,desc_tipo_hecho,desc_pres_calzada,desc_senializacion,desc_separacion_via,desc_restriccion
2021,2709,2021-06-30,Miercoles,10:10:00,,0.0,2,"Peatón,Moto/Ciclomotor",Mendoza Y Santiago de Chile,2,1,0,0,1,0,0,"-31.644867915966,-60.724002773899",Calle,,SANTA FE,La Capital,Asfalto,No existe,I,Dentro,Urbana,Otra Señal,No existe,Intersección,Bueno,Buena,Diurna,Buen Tiempo,"De alcance,Múltiple",Ciclista,Colisión,Ninguna,Horizontal,Cordón divisorio,Sin restricción
2021,2710,2021-06-12,Sabado,15:25:00,,0.0,2,"Moto/Ciclomotor,Automóvil",Dorrego Y Ituzaingó,2,1,0,0,1,0,0,"-31.640957227493,-60.687519811582",Calle,,SANTA FE,La Capital,Asfalto,No existe,I,Dentro,Urbana,Otra Señal,No existe,Intersección,Bueno,Buena,Diurna,Buen Tiempo,"De alcance,Múltiple",S/D,Colisión,Ninguna,Horizontal,Cordón divisorio,Sin restricción
2021,2711,2021-03-31,Miercoles,14:00:00,,0.0,2,"Peatón,Pickup/Utilitario",Av. López y Planes Y Gutiérrez,3,0,0,0,2,1,0,"-31.62073, -60.71355",Avenida,,SANTA FE,La Capital,Asfalto,No existe,I,S/D,Urbana,Otra Señal,Funciona,Intersección,Bueno,Buena,Diurna,Buen Tiempo,"De alcance,Múltiple",Peatón,Colisión,Ninguna,Vertical,Cordón divisorio,Sin restricción
2021,2712,2021-05-16,Domingo,,Ruta Secundaria 83-s,0.0,2,"Moto/Ciclomotor,Moto/Ciclomotor", ,3,3,0,0,0,0,0,"-29.04713, -60.40192",Ruta,83-s,FORTÍN OLMOS,Vera,S/D,S/D,XIX,S/D,S/D,Otra Señal,S/D,Intersección,S/D,S/D,S/D,S/D,"De alcance,Múltiple",S/D,Colisión,S/D,S/D,Cordón divisorio,Sin restricción
2021,2713,2021-03-26,Viernes,18:55:00,,0.0,2,"Bicicleta,Pickup/Utilitario", ,3,1,0,0,2,0,0,"-31.64079, -60.62928",Calle,,LA GUARDIA,La Capital,Asfalto,Natural,I,Dentro,Urbana,Otra Señal,No existe,Intersección,Bueno,Buena,Diurna,Buen Tiempo,"De alcance,Múltiple",Ciclista,Colisión,Ninguna,Faltante,Cordón divisorio,Sin restricción
2021,2714,2021-03-31,Miercoles,12:20:00,Ruta Provincial 1,2.7,2,"Automóvil,Automóvil", ,2,1,0,0,1,0,0,"-31.62565, -60.60336",Ruta,1,COLASTINE,La Capital,Asfalto,Pavimento,I,Dentro,Urbana,Otra Señal,No existe,Intersección,Bueno,Buena,Diurna,Buen Tiempo,"De alcance,Múltiple",S/D,Colisión,Ninguna,Faltante,Cordón divisorio,Sin restricción
2021,2717,2021-05-16,Domingo,12:00:00,,0.0,2,"Moto/Ciclomotor,Automóvil",Ciudad de Súnchales Y Juan B Justo,2,1,0,0,1,0,0,"-31.25644, -61.51213",S/D,,RAFAELA,Castellanos,S/D,S/D,V,S/D,S/D,Otra Señal,S/D,Intersección,S/D,S/D,S/D,S/D,"De alcance,Múltiple",S/D,Colisión,S/D,S/D,Cordón divisorio,Sin restricción
2021,2718,2021-03-05,Viernes,03:30:00,,0.0,1,Moto/Ciclomotor,Av. Gral. Urquiza Y Puente Arroyo Ludueña ,1,0,0,0,0,1,0,"-32.93119, -60.7663",Avenida,,ROSARIO,Rosario,Asfalto,No existe,II,Dentro,Urbana,Otra Señal,No existe,Intersección,Bueno,Buena,Diurna,Buen Tiempo,"De alcance,Múltiple",S/D,Colisión,Ninguna,Faltante,Cordón divisorio,Sin restricción
2021,2719,2021-05-16,Domingo,,,0.0,2,"Bicicleta,Automóvil",Bv Santa Fe Y Aconcagua,2,1,0,0,1,0,0,"-31.25731, -61.46462",S/D,,RAFAELA,Castellanos,S/D,S/D,V,S/D,S/D,Otra Señal,S/D,Intersección,S/D,S/D,S/D,S/D,"De alcance,Múltiple",Ciclista,Colisión,S/D,S/D,Cordón divisorio,Sin restricción
2021,2720,2021-05-16,Domingo,,,0.0,2,"Automóvil,Moto/Ciclomotor",Las Heras Y Aaron Castellanos,3,2,0,0,1,0,0,"-31.25747, -61.48011",S/D,,RAFAELA,Castellanos,S/D,S/D,V,S/D,S/D,Otra Señal,S/D,Intersección,S/D,S/D,S/D,S/D,"De alcance,Múltiple",S/D,Colisión,S/D,S/D,Cordón divisorio,Sin restricción
2021,2721,2021-05-16,Domingo,,,0.0,2,"Moto/Ciclomotor,Automóvil",Saavedra Y Las Heras,3,1,0,0,2,0,0,"-31.25574, -61.49044",S/D,,RAFAELA,Castellanos,S/D,S/D,V,S/D,S/D,Otra Señal,S/D,Intersección,S/D,S/D,S/D,S/D,"De alcance,Múltiple",S/D,Colisión,S/D,S/D,Cordón divisorio,Sin restricción
2021,2722,2021-03-25,Jueves,13:20:00,,0.0,2,"Bicicleta,Otros",9 de Julio Y Salta,2,1,0,0,1,0,0,"-31.64964, -60.71019",Calle,,SANTA FE,La Capital,S/D,S/D,I,S/D,Urbana,Otra Señal,S/D,Intersección,S/D,S/D,Diurna,S/D,"De alcance,Múltiple",S/D,Colisión,S/D,S/D,Cordón divisorio,Sin restricción
2021,2723,2021-03-04,Jueves,01:10:00,Autopista Nacional Rosario -Cordoba,370.0,2,"Camión c / Acoplado,Camión c / Acoplado", ,2,0,0,0,1,1,0,"-32.8448, -61.40437",Autopista,Rosario -Cordoba,CAÑADA DE GÓMEZ,Iriondo,Asfalto,Natural,X,S/D,Rural,Otra Señal,No existe,Intersección,S/D,S/D,Nocturna,S/D,"De alcance,Múltiple",S/D,Colisión,Ninguna,Faltante,Cordón divisorio,Sin restricción
2021,2724,2021-03-29,Lunes,13:10:00,,0.0,1,Moto/Ciclomotor,Bv Gálvez Y San Luis,1,1,0,0,0,0,0,"-31.63643, -60.69974",Avenida,,SANTA FE,La Capital,Asfalto,No existe,I,Dentro,Urbana,Otra Señal,Funciona,Intersección,Bueno,S/D,Diurna,S/D,"De alcance,Múltiple",S/D,Colisión,S/D,S/D,Cordón divisorio,Sin restricción
2021,2726,2021-03-26,Viernes,14:20:00,,0.0,2,"Automóvil,Automóvil",Vera Y Dr. Zavalla,3,1,0,0,2,0,0,"-31.64093, -60.71873",Calle,,SANTA FE,La Capital,Asfalto,No existe,I,Dentro,Urbana,Otra Señal,No existe,Intersección,Bueno,Buena,Diurna,Buen Tiempo,"De alcance,Múltiple",S/D,Colisión,Ninguna,Faltante,Cordón divisorio,Sin restricción
2021,2727,2021-03-05,Viernes,03:30:00,Ruta Nacional 11,892.5,2,"Moto/Ciclomotor,Camión c / Semirremolque",Ruta Nacional 11 ,2,0,0,0,1,1,0,"-28.34024, -59.26394",Ruta,11,LAS TOSCAS,General Obligado,Asfalto,Natural,IX,S/D,Rural,Otra Señal,No existe,Intersección,Bueno,S/D,Nocturna,S/D,"De alcance,Múltiple",S/D,Colisión,Ninguna,Faltante,Cordón divisorio,Sin restricción
2021,2728,2021-03-25,Jueves,13:45:00,,0.0,2,"Bicicleta,Camión Chasis",Francia 3547,2,1,0,0,1,0,0,"-31.6198, -60.69998",Calle,,SANTA FE,La Capital,Asfalto,No existe,I,S/D,Urbana,Otra Señal,No existe,Intersección,Con baches,Buena,Diurna,Buen Tiempo,"De alcance,Múltiple",S/D,Colisión,Ninguna,Faltante,Cordón divisorio,Sin restricción
2021,2729,2021-01-16,Sabado,21:30:00,Ruta Nacional 178,187.0,1,Pickup/Utilitario, ,4,1,0,0,3,0,0,"-32.60875, -61.54689",Ruta,178,LAS PAREJAS,Belgrano,S/D,S/D,III,S/D,Rural,Otra Señal,S/D,Intersección,S/D,S/D,Nocturna,S/D,"De alcance,Múltiple",S/D,Colisión,S/D,S/D,Cordón divisorio,Sin restricción
2021,2731,2021-03-05,Viernes,21:40:00,Ruta Nacional 33,557.5,2,"Automóvil,Camión c / Acoplado",Ruta Nacional 33 ,4,2,0,0,1,1,0,"-34.1753, -62.50319",Ruta,33,RUFINO,General LÓPEZ,Asfalto,Natural,VIII,S/D,Rural,Otra Señal,No existe,Intersección,Bueno,S/D,Nocturna,S/D,"De alcance,Múltiple",S/D,Colisión,Ninguna,Faltante,Cordón divisorio,Sin restricción
2021,2732,2021-03-24,Miercoles,11:35:00,,0.0,2,"Moto/Ciclomotor,Pickup/Utilitario",Primera Junta Y San Juan,2,1,0,0,1,0,0,"-31.64435, -60.72111",Calle,,SANTA FE,La Capital,Asfalto,No existe,I,S/D,Urbana,Otra Señal,No existe,Intersección,Con baches,Buena,Diurna,Buen Tiempo,"De alcance,Múltiple",S/D,Colisión,Ninguna,Faltante,Cordón divisorio,Sin restricción
2021,2733,2021-05-16,Domingo,15:00:00,Ruta Secundaria 100-s,0.0,2,"Moto/Ciclomotor,Moto/Ciclomotor", ,2,2,0,0,0,0,0,"-28.30835, -59.30303",Ruta,100-s,LAS TOSCAS,General Obligado,S/D,S/D,IX,S/D,S/D,Otra Señal,S/D,Intersección,S/D,S/D,S/D,S/D,"De alcance,Múltiple",S/D,Colisión,S/D,S/D,Cordón divisorio,Sin restricción
2021,2734,2021-03-30,Martes,,,0.0,2,"Moto/Ciclomotor,Peatón",Ing. Mosconi Y San Lorenzo,2,1,0,0,1,0,0,"-33.026, -60.64541",Calle,,VILLA GOBERNADOR GÁLVEZ,Rosario,Asfalto,S/D,II,Dentro,Urbana,Otra Señal,No existe,Intersección,Bueno,Buena,Nocturna,Buen Tiempo,"De alcance,Múltiple",Peatón,Colisión,Material Suelto,Faltante,Cordón divisorio,Sin restricción
2021,2735,2021-05-16,Domingo,16:50:00,,0.0,2,"Moto/Ciclomotor,Pickup/Utilitario",Calle 21-Gdor. Iriondo Y Calle 28 - San Lorenzo,2,1,0,0,1,0,0,"-28.30835, -59.30303",S/D,,RECONQUISTA,General Obligado,S/D,S/D,IX,S/D,S/D,Otra Señal,S/D,Intersección,S/D,S/D,S/D,S/D,"De alcance,Múltiple",S/D,Colisión,S/D,S/D,Cordón divisorio,Sin restricción
2021,2736,2021-01-17,Domingo,10:20:00,,0.0,2,"Moto/Ciclomotor,Automóvil",Calle 47-Islas Malvinas Y Calle 64 La Pampa,2,1,0,0,1,0,0,"-29.15871, -59.67397",Calle,,RECONQUISTA,General Obligado,S/D,S/D,IX,S/D,Urbana,Otra Señal,S/D,Intersección,S/D,S/D,Diurna,S/D,"De alcance,Múltiple",S/D,Colisión,S/D,S/D,Cordón divisorio,Sin restricción
2021,2737,2021-03-10,Miercoles,08:30:00,,0.0,2,"Moto/Ciclomotor,Camión",Av. Galicia Y Lavalle,2,1,0,0,0,1,0,"-31.60757, -60.6811",Calle,,SANTA FE,La Capital,Asfalto,No existe,I,S/D,Urbana,Otra Señal,No existe,Intersección,Bueno,Buena,Diurna,Buen Tiempo,"De alcance,Múltiple",S/D,Colisión,S/D,S/D,Cordón divisorio,Sin restricción
2021,2738,2021-05-16,Domingo,12:15:00,,0.0,2,"Moto/Ciclomotor,Automóvil",Libertad Y Sarmiento,2,1,0,0,1,0,0,"-31.75664, -61.10349",S/D,,SAN CARLOS SUR,Las Colonias,S/D,S/D,XI,S/D,S/D,Otra Señal,S/D,Intersección,S/D,S/D,S/D,S/D,"De alcance,Múltiple",S/D,Colisión,S/D,S/D,Cordón divisorio,Sin restricción
2021,2739,2021-01-17,Domingo,,Autopista Nacional A008,0.0,1,Camión,Av. Circunvalación Y Av. Uriburu,2,2,0,0,0,0,0,"-32.99232, -60.70151",Autopista,A008,ROSARIO,Rosario,S/D,S/D,II,S/D,Urbana,Otra Señal,S/D,Intersección,S/D,S/D,S/D,S/D,"De alcance,Múltiple",S/D,Colisión,S/D,S/D,Cordón divisorio,Sin restricción
2021,2740,2021-03-31,Miercoles,19:00:00,,0.0,2,"Moto/Ciclomotor,Pickup/Utilitario",San Martin Y Sarmiento,2,1,0,0,1,0,0,"-33.23969, -60.83805",Calle,,ACEBAL,Rosario,Asfalto,No existe,II,Dentro,Urbana,Otra Señal,No existe,Intersección,Bueno,Buena,Diurna,Buen Tiempo,"De alcance,Múltiple",S/D,Colisión,Ninguna,Faltante,Cordón divisorio,Sin restricción
2021,2741,2021-01-18,Lunes,09:50:00,,0.0,2,"Moto/Ciclomotor,Automóvil",Calle 33-Pueyrredon Y Calle 18-Belgrano,2,1,0,0,1,0,0,"-29.15388, -59.64742",Calle,,RECONQUISTA,General Obligado,S/D,S/D,IX,S/D,Urbana,Otra Señal,S/D,Intersección,S/D,S/D,Diurna,S/D,"De alcance,Múltiple",S/D,Colisión,S/D,S/D,Cordón divisorio,Sin restricción
2021,2742,2021-03-29,Lunes,10:00:00,,0.0,2,"Bicicleta,Automóvil",Gorostiaga Y Av. Blas Parera,2,1,0,0,1,0,0,"-32.98575, -60.64948",Avenida,,SANTA FE,La Capital,Asfalto,No existe,I,Dentro,Urbana,Otra Señal,Funciona,Intersección,S/D,S/D,Diurna,Buen Tiempo,"De alcance,Múltiple",S/D,Colisión,Ninguna,Vertical,Cordón divisorio,Sin restricción
2021,2743,2021-01-18,Lunes,,Ruta Nacional 11,17.0,1,Automóvil, ,4,4,0,0,0,0,0,"-32.73129, -60.74267",Ruta,11,SAN LORENZO,San Lorenzo,S/D,S/D,XVII,S/D,Urbana,Otra Señal,S/D,Intersección,S/D,S/D,S/D,S/D,"De alcance,Múltiple",S/D,Colisión,S/D,S/D,Cordón divisorio,Sin restricción
2021,2744,2021-01-18,Lunes,14:32:00,,0.0,2,"Transporte de Pasajeros Urbano (> 8 asientos),Automóvil",Italia Y Carlos Pellegrini,3,1,0,0,2,0,0,"-33.74679, -61.95759",Calle,,VENADO TUERTO,General LÓPEZ,S/D,S/D,VIII,S/D,Urbana,Otra Señal,S/D,Intersección,S/D,S/D,Diurna,S/D,"De alcance,Múltiple",S/D,Colisión,S/D,S/D,Cordón divisorio,Sin restricción
2021,2745,2021-03-26,Viernes,17:10:00,,0.0,2,"Moto/Ciclomotor,Automóvil",Av. López y Planes Y Pedro Centeno,3,2,0,0,1,0,0,"-32.98575, -60.64948",Avenida,,SANTA FE,La Capital,Asfalto,No existe,I,S/D,Urbana,Otra Señal,Funciona,Intersección,Bueno,Buena,Diurna,Buen Tiempo,"De alcance,Múltiple",S/D,Colisión,Ninguna,Vertical,Cordón divisorio,Sin restricción
2021,2746,2021-03-14,Domingo,22:30:00,,0.0,1,Moto/Ciclomotor, ,1,0,0,0,0,1,0,"-30.86519, -61.59783",Camino Rural,,SUNCHALES,Castellanos,Tierra,S/D,V,S/D,Rural,Otra Señal,S/D,Intersección,S/D,S/D,Nocturna,S/D,"De alcance,Múltiple",S/D,Colisión,S/D,S/D,Cordón divisorio,Sin restricción
2021,2747,2021-01-18,Lunes,11:05:00,,0.0,2,"Peatón,Pickup/Utilitario",Maipú Y Casey,2,1,0,0,1,0,0,"-33.74725, -61.96736",Calle,,VENADO TUERTO,General LÓPEZ,S/D,S/D,VIII,S/D,Urbana,Otra Señal,S/D,Intersección,S/D,S/D,Diurna,S/D,"De alcance,Múltiple",Peatón,Colisión,S/D,S/D,Cordón divisorio,Sin restricción
2021,2748,2021-05-17,Lunes,18:10:00,,0.0,2,"Camión,Moto/Ciclomotor",Calle 37-Bvard. Lovato Y Calle 30-Lucas Funes,2,1,0,0,1,0,0,"-29.15493, -59.65506",S/D,,RECONQUISTA,General Obligado,S/D,S/D,IX,S/D,S/D,Otra Señal,S/D,Intersección,S/D,S/D,S/D,S/D,"De alcance,Múltiple",S/D,Colisión,S/D,S/D,Cordón divisorio,Sin restricción
2021,2749,2021-01-19,Martes,17:50:00,,0.0,2,"Moto/Ciclomotor,Automóvil",Bartolomé Mitre Y Bv General Obligado,2,1,0,0,1,0,0,"-28.48507, -59.34782",Avenida,,VILLA OCAMPO,General Obligado,S/D,S/D,IX,S/D,Urbana,Otra Señal,S/D,Intersección,S/D,S/D,Diurna,S/D,"De alcance,Múltiple",S/D,Colisión,S/D,S/D,Cordón divisorio,Sin restricción
2021,2750,2021-05-17,Lunes,08:30:00,,0.0,2,"Pickup/Utilitario,Moto/Ciclomotor",Calle 75-Lisandro de la Torre Y Calle 44-27 de Abril,2,1,0,0,1,0,0,"-29.17081, -59.66617",S/D,,RECONQUISTA,General Obligado,S/D,S/D,IX,S/D,S/D,Otra Señal,S/D,Intersección,S/D,S/D,S/D,S/D,"De alcance,Múltiple",S/D,Colisión,S/D,S/D,Cordón divisorio,Sin restricción
2021,2751,2021-03-14,Domingo,01:20:00,Ruta Provincial 40,4.0,2,"Bicicleta,Pickup/Utilitario", ,2,0,0,0,1,1,0,"-29.14873, -59.71303",Ruta,40,RECONQUISTA,General Obligado,Asfalto,S/D,IX,S/D,Rural,Otra Señal,S/D,Intersección,S/D,S/D,Nocturna,S/D,"De alcance,Múltiple",Ciclista,Colisión,S/D,S/D,Cordón divisorio,Sin restricción
2021,2752,2021-01-19,Martes,,Ruta Nacional 11,614.0,2,"Moto/Ciclomotor,Camión", ,2,1,0,0,1,0,0,"-28.04773, -59.2248",Ruta,11,FLORENCIA,General Obligado,S/D,S/D,IX,S/D,Urbana,Otra Señal,S/D,Intersección,S/D,S/D,S/D,S/D,"De alcance,Múltiple",S/D,Colisión,S/D,S/D,Cordón divisorio,Sin restricción
2021,2753,2021-03-30,Martes,08:40:00,,0.0,2,"Otros,Otros",Av. Galicia Y Güemes,2,1,0,0,1,0,0,"-31.6079, -60.68007",Avenida,,SANTA FE,La Capital,S/D,No existe,I,Dentro,Urbana,Otra Señal,No existe,Intersección,Otro,Reducida,Diurna,Otro,"De alcance,Múltiple",S/D,Colisión,Otro,Faltante,Cordón divisorio,Sin restricción
2021,2754,2021-03-16,Martes,13:15:00,,0.0,2,"Bicicleta,Camión",Av. Pte. Perón Y Bv. Seguí,2,0,0,0,1,1,0,"-32.9707, -60.71582",Avenida,,ROSARIO,Rosario,Asfalto,No existe,II,S/D,Urbana,Otra Señal,No existe,Intersección,Bueno,S/D,Diurna,S/D,"De alcance,Múltiple",Ciclista,Colisión,S/D,Horizontal,Cordón divisorio,Sin restricción
2021,2756,2021-03-30,Martes,11:45:00,,0.0,2,"Moto/Ciclomotor,Pickup/Utilitario", ,3,2,0,0,1,0,0,"-32.98575, -60.64948",Calle,,SANTA FE,La Capital,Asfalto,S/D,I,S/D,Urbana,Otra Señal,S/D,Intersección,S/D,S/D,Diurna,S/D,"De alcance,Múltiple",S/D,Colisión,S/D,S/D,Cordón divisorio,Sin restricción
2021,2757,2021-01-19,Martes,,Ruta Nacional 11,475.0,2,"Bicicleta,Automóvil", ,2,1,0,0,1,0,0,"-29.15723, -59.65796",Ruta,11,RECONQUISTA,General Obligado,S/D,S/D,IX,S/D,Urbana,Otra Señal,S/D,Intersección,S/D,S/D,Atardecer,S/D,"De alcance,Múltiple",Ciclista,Colisión,S/D,S/D,Cordón divisorio,Sin restricción
2021,2758,2021-05-17,Lunes,02:30:00,,0.0,1,Automóvil,Sargento Cabral Y Falucho,1,1,0,0,0,0,0,"-32.73823, -60.73046",S/D,,SAN LORENZO,San Lorenzo,S/D,S/D,XVII,S/D,S/D,Otra Señal,S/D,Intersección,S/D,S/D,S/D,S/D,"De alcance,Múltiple",S/D,Colisión,S/D,S/D,Cordón divisorio,Sin restricción
2021,2759,2021-03-24,Miercoles,19:10:00,,0.0,2,"Pickup/Utilitario,Moto/Ciclomotor",Dr. Zavalla Y Jujuy,3,2,0,0,1,0,0,"-31.607, -60.66969",Calle,,SANTA FE,La Capital,Asfalto,S/D,I,S/D,Urbana,Otra Señal,No existe,Intersección,Bueno,Buena,Atardecer,Lluvia,"De alcance,Múltiple",S/D,Colisión,Agua,S/D,Cordón divisorio,Sin restricción
2021,2760,2021-03-26,Viernes,15:20:00,,0.0,2,"Automóvil,Moto/Ciclomotor",J J Paso Y San Lorenzo,2,1,0,0,1,0,0,"-31.66166, -60.72199",Avenida,,SANTA FE,La Capital,Asfalto,S/D,I,S/D,Urbana,Otra Señal,Funciona,Intersección,Resbaladiza,Buena,Diurna,Lluvia,"De alcance,Múltiple",S/D,Colisión,Agua,S/D,Cordón divisorio,Sin restricción
2021,2761,2021-03-30,Martes,12:00:00,,0.0,2,"Pickup/Utilitario,Moto/Ciclomotor",3 de Febrero Y San Juan,3,2,0,0,1,0,0,"-32.98575, -60.64948",Calle,,SANTA FE,La Capital,Asfalto,S/D,I,S/D,Urbana,Otra Señal,No existe,Intersección,Bueno,Buena,Diurna,Buen Tiempo,"De alcance,Múltiple",S/D,Colisión,Ninguna,S/D,Cordón divisorio,Sin restricción
2021,2763,2021-03-18,Jueves,11:00:00,Ruta Provincial 31,27.0,1,Pickup/Utilitario, ,2,1,0,0,0,1,0,"-28.88417, -59.6966",Ruta,31,LANTERI,General Obligado,Asfalto,S/D,IX,S/D,Rural,Otra Señal,S/D,Intersección,Con baches,S/D,Diurna,S/D,"De alcance,Múltiple",S/D,Colisión,S/D,S/D,Cordón divisorio,Sin restricción
2021,2765,2021-03-31,Miercoles,19:00:00,Ruta Nacional 11,0.0,1,Camión Chasis, ,2,1,0,0,1,0,0,"-31.66684, -60.74741",Ruta,11,SANTA FE,La Capital,Asfalto,S/D,I,S/D,Urbana,Otra Señal,No existe,Intersección,Bueno,Buena,Diurna,Buen Tiempo,"De alcance,Múltiple",S/D,Colisión,Ninguna,Faltante,Cordón divisorio,Sin restricción
2021,2766,2021-01-20,Miercoles,,Autopista Nacional A008,0.0,2,"Taxi/Remis,Automóvil",Av. Circunvalación Y Ayacucho,5,3,0,0,1,0,1,"-33.01574, -60.63486",Autopista,A008,ROSARIO,Rosario,S/D,S/D,II,S/D,Urbana,Otra Señal,S/D,Intersección,S/D,S/D,S/D,S/D,"De alcance,Múltiple",S/D,Colisión,S/D,S/D,Cordón divisorio,Sin restricción
2021,2767,2021-03-25,Jueves,12:10:00,Ruta Provincial 2,0.0,2,"Moto/Ciclomotor,Automóvil",Ruta 2 Y L de la Torre,2,1,0,0,1,0,0,"-30.31366, -61.23768",Ruta,2,SAN CRISTÓBAL,San CRISTÓBAL,Ripio,S/D,XIII,Dentro,Urbana,Otra Señal,No existe,Intersección,Bueno,Buena,Diurna,Buen Tiempo,"De alcance,Múltiple",S/D,Colisión,Ninguna,S/D,Cordón divisorio,Sin restricción
2021,2768,2021-01-20,Miercoles,11:45:00,,0.0,2,"Moto/Ciclomotor,Pickup/Utilitario",Calle 4 Y Calle 11,2,1,0,0,1,0,0,"-29.11694, -59.66355",Calle,,AVELLANEDA,General Obligado,S/D,S/D,IX,S/D,Urbana,Otra Señal,S/D,Intersección,S/D,S/D,Diurna,S/D,"De alcance,Múltiple",S/D,Colisión,S/D,S/D,Cordón divisorio,Sin restricción
2021,2769,2021-01-20,Miercoles,19:00:00,Ruta Provincial 40,5.0,2,"Moto/Ciclomotor,Moto/Ciclomotor", ,3,3,0,0,0,0,0,"-29.14841, -59.71561",Ruta,40,RECONQUISTA,General Obligado,S/D,S/D,IX,S/D,Rural,Otra Señal,S/D,Intersección,S/D,S/D,Atardecer,S/D,"De alcance,Múltiple",S/D,Colisión,S/D,S/D,Cordón divisorio,Sin restricción
2021,2770,2021-03-30,Martes,16:45:00,,0.0,2,"Automóvil,Moto/Ciclomotor",Azcuénaga Y Chacabuco,3,2,0,0,1,0,0,"-32.98575, -60.64948",Calle,,SAN CRISTÓBAL,San CRISTÓBAL,Ripio,Natural,XIII,S/D,Urbana,Otra Señal,No existe,Intersección,Bueno,Buena,Diurna,Buen Tiempo,"De alcance,Múltiple",S/D,Colisión,Ninguna,Faltante,Cordón divisorio,Sin restricción
2021,2773,2021-05-17,Lunes,16:30:00,,0.0,2,"Moto/Ciclomotor,Automóvil",Av. San Martin Y Rivadavia,2,1,0,0,0,0,1,"-32.75059, -60.73416",S/D,,SAN LORENZO,San Lorenzo,S/D,S/D,XVII,S/D,S/D,Otra Señal,S/D,Intersección,S/D,S/D,S/D,S/D,"De alcance,Múltiple",S/D,Colisión,S/D,S/D,Cordón divisorio,Sin restricción
2021,2777,2021-05-18,Martes,09:00:00,,0.0,2,"Moto/Ciclomotor,Automóvil",Calle 27-Gdor Freyre ,2,1,0,0,1,0,0,"-29.15039, -59.64967",S/D,,RECONQUISTA,General Obligado,S/D,S/D,IX,S/D,S/D,Otra Señal,S/D,Intersección,S/D,S/D,S/D,S/D,"De alcance,Múltiple",S/D,Colisión,S/D,S/D,Cordón divisorio,Sin restricción
2021,2778,2021-05-18,Martes,19:20:00,,0.0,2,"Bicicleta,Pickup/Utilitario",Calle 302 Y Calle 312,2,1,0,0,1,0,0,"-29.1034, -59.66286",S/D,,AVELLANEDA,General Obligado,S/D,S/D,IX,S/D,S/D,Otra Señal,S/D,Intersección,S/D,S/D,S/D,S/D,"De alcance,Múltiple",Ciclista,Colisión,S/D,S/D,Cordón divisorio,Sin restricción
2021,2779,2021-01-20,Miercoles,12:00:00,,0.0,2,"Bicicleta,Camión",San Martin Y Ayolas,2,1,0,0,1,0,0,"-32.97703, -60.6443",Calle,,ROSARIO,Rosario,S/D,S/D,II,S/D,Urbana,Otra Señal,S/D,Intersección,S/D,S/D,Diurna,S/D,"De alcance,Múltiple",Ciclista,Colisión,S/D,S/D,Cordón divisorio,Sin restricción
2021,2780,2021-01-20,Miercoles,00:00:00,,0.0,1,Moto/Ciclomotor,Bv Roque Sáenz PEÑA 2536,1,1,0,0,0,0,0,"-30.78935, -60.59884",Calle,,SAN JUSTO,San Justo,S/D,S/D,XVI,S/D,Urbana,Otra Señal,S/D,Intersección,S/D,S/D,Nocturna,S/D,"De alcance,Múltiple",S/D,Colisión,S/D,S/D,Cordón divisorio,Sin restricción
2021,2781,2021-01-21,Jueves,11:30:00,,0.0,2,"Moto/Ciclomotor,Pickup/Utilitario",Santa Fe Y J B Justo,3,2,0,0,1,0,0,"-30.94665, -61.56358",Calle,,SUNCHALES,Castellanos,S/D,S/D,V,S/D,Urbana,Otra Señal,S/D,Intersección,S/D,S/D,Diurna,S/D,"De alcance,Múltiple",S/D,Colisión,S/D,S/D,Cordón divisorio,Sin restricción
2021,2782,2021-01-21,Jueves,,,0.0,3,"Bicicleta,Bicicleta,Pickup/Utilitario",Roca Y Dentesano,3,2,0,0,1,0,0,"-30.94158, -61.55836",Calle,,SUNCHALES,Castellanos,S/D,S/D,V,S/D,Urbana,Otra Señal,S/D,Intersección,S/D,S/D,Atardecer,S/D,"De alcance,Múltiple",Ciclista,Colisión,S/D,S/D,Cordón divisorio,Sin restricción
2021,2783,2021-01-22,Viernes,08:00:00,,0.0,2,"Bicicleta,Automóvil",Calle 44-27 de Abril Y Calle 35-España,2,1,0,0,1,0,0,"-29.15326, -59.66392",Calle,,RECONQUISTA,General Obligado,S/D,S/D,IX,S/D,Urbana,Otra Señal,S/D,Intersección,S/D,S/D,Amanecer,S/D,"De alcance,Múltiple",Ciclista,Colisión,S/D,S/D,Cordón divisorio,Sin restricción
2021,2785,2021-01-23,Sabado,20:30:00,,0.0,2,"Moto/Ciclomotor,Automóvil",Gral. José de San Martin Y Roque Sáenz PEÑA,3,2,0,0,1,0,0,"-33.73686, -61.97247",Calle,,VENADO TUERTO,General LÓPEZ,S/D,S/D,VIII,S/D,Urbana,Otra Señal,S/D,Intersección,S/D,S/D,Nocturna,S/D,"De alcance,Múltiple",S/D,Colisión,S/D,S/D,Cordón divisorio,Sin restricción
2021,2786,2021-01-23,Sabado,02:40:00,Ruta Secundaria 98-s,44.0,1,Moto/Ciclomotor, ,1,1,0,0,0,0,0,"-28.95909, -60.08234",Ruta,98-s,GARABATO,Vera,S/D,S/D,XIX,S/D,Rural,Otra Señal,S/D,Intersección,S/D,S/D,Nocturna,S/D,"De alcance,Múltiple",S/D,Colisión,S/D,S/D,Cordón divisorio,Sin restricción
2021,2787,2021-01-23,Sabado,,Ruta Provincial 6,66.0,2,"Moto/Ciclomotor,Camión", ,2,1,0,0,1,0,0,"-31.45068, -60.91154",Ruta,6,ESPERANZA,Las Colonias,S/D,S/D,XI,S/D,Urbana,Otra Señal,S/D,Intersección,S/D,S/D,Diurna,S/D,"De alcance,Múltiple",S/D,Colisión,S/D,S/D,Cordón divisorio,Sin restricción