anio_acci,nro_acci,fecha,desc_dia,hora_aprox,desc_ruta,km,cant_participantes,desc_participante,calle_avenida_km,total,heridos_leves,heridos_graves,heridos_gravisimos,ilesos,fallecidos,sin_datos,posicion_XY,desc_tipo_via,desc_ruta_ori,desc_loc,desc_dpto,desc_tipo_calzada,desc_tipo_banquina,desc_unidad_regional,desc_lugar_calzada,desc_zona,desc_prioridad,desc_estado_semaforo,desc_lugar_via,desc_estado_via,desc_estado_visibilidad,desc_luminosidad,desc_estado_clima,desc_tipo_colision,desc_tipo_atropello,desc_tipo_hecho,desc_pres_calzada,desc_senializacion,desc_separacion_via,desc_restriccion
2021,2788,2021-01-23,Sabado,,Ruta Provincial 6,67.0,1,Automóvil, ,1,1,0,0,0,0,0,"-31.44022, -60.9137",Ruta,6,ESPERANZA,Las Colonias,S/D,S/D,XI,S/D,Urbana,Otra Señal,S/D,Intersección,S/D,S/D,S/D,S/D,"De alcance,Múltiple",S/D,Colisión,S/D,S/D,Cordón divisorio,Sin restricción
2021,2789,2021-01-23,Sabado,14:10:00,,0.0,2,"Moto/Ciclomotor,Moto/Ciclomotor",Calle 15 Y Calle 16,3,1,0,0,2,0,0,"-28.35653, -59.25506",Calle,,LAS TOSCAS,General Obligado,S/D,S/D,IX,S/D,Urbana,Otra Señal,S/D,Intersección,S/D,S/D,Diurna,S/D,"De alcance,Múltiple",S/D,Colisión,S/D,S/D,Cordón divisorio,Sin restricción
2021,2790,2021-01-20,Miercoles,20:35:00,Ruta Nacional 168,4.0,1,Bicicleta, ,1,1,0,0,0,0,0,"-31.64161, -60.67115",Ruta,168,SANTA FE,La Capital,S/D,S/D,I,S/D,Rural,Otra Señal,S/D,Intersección,S/D,S/D,Nocturna,S/D,"De alcance,Múltiple",S/D,Colisión,S/D,S/D,Cordón divisorio,Sin restricción
2021,2791,2021-01-21,Jueves,19:00:00,Ruta Nacional 11,454.0,2,"Automóvil,Automóvil", ,2,0,0,0,0,0,2,"-31.71014, -60.80474",Ruta,11,SAUCE VIEJO,La Capital,S/D,S/D,I,S/D,Urbana,Otra Señal,S/D,Intersección,S/D,S/D,Atardecer,S/D,"De alcance,Múltiple",S/D,Colisión,S/D,S/D,Cordón divisorio,Sin restricción
2021,2792,2021-01-23,Sabado,22:45:00,Autopista Provincial Brigadier E.LÓPEZ,4.0,2,"Automóvil,Automóvil", ,3,1,0,0,2,0,0,"-32.85165, -60.7373",Autopista,Brigadier E.LÓPEZ,GRANADERO BAIGORRIA,Rosario,S/D,S/D,II,S/D,Rural,Otra Señal,S/D,Intersección,S/D,S/D,Nocturna,S/D,"De alcance,Múltiple",S/D,Colisión,S/D,S/D,Cordón divisorio,Sin restricción
2021,2794,2021-03-24,Miercoles,,,0.0,2,"Bicicleta,Automóvil", ,2,1,0,0,1,0,0,"-31.44906, -60.92984",Calle,,ESPERANZA,Las Colonias,S/D,S/D,XI,Dentro,Urbana,Otra Señal,S/D,Intersección,S/D,S/D,S/D,S/D,"De alcance,Múltiple",Ciclista,Colisión,S/D,S/D,Cordón divisorio,Sin restricción
2021,2795,2021-03-24,Miercoles,,,0.0,2,"Moto/Ciclomotor,Moto/Ciclomotor", ,3,3,0,0,0,0,0,"-31.44906, -60.92984",Calle,,ESPERANZA,Las Colonias,S/D,S/D,XI,Dentro,Urbana,Otra Señal,S/D,Intersección,S/D,S/D,S/D,S/D,"De alcance,Múltiple",S/D,Colisión,S/D,S/D,Cordón divisorio,Sin restricción
2021,2796,2021-03-25,Jueves,,,0.0,2,"Automóvil,Moto/Ciclomotor", ,2,1,0,0,1,0,0,"-31.44906, -60.92984",S/D,,ESPERANZA,Las Colonias,Asfalto,S/D,XI,S/D,S/D,Otra Señal,S/D,Intersección,S/D,S/D,S/D,S/D,"De alcance,Múltiple",S/D,Colisión,S/D,S/D,Cordón divisorio,Sin restricción
2021,2797,2021-03-26,Viernes,,,0.0,1,Moto/Ciclomotor, ,1,1,0,0,0,0,0,"-32.98575, -60.64948",Calle,,SANTA FE,La Capital,S/D,S/D,I,Dentro,Urbana,Otra Señal,S/D,Intersección,S/D,S/D,S/D,S/D,"De alcance,Múltiple",S/D,Colisión,S/D,S/D,Cordón divisorio,Sin restricción
2021,2798,2021-03-26,Viernes,08:30:00,,0.0,1,Moto/Ciclomotor, ,1,1,0,0,0,0,0,"-32.95883, -60.693",Calle,,ROSARIO,Rosario,S/D,S/D,II,Dentro,Urbana,Otra Señal,S/D,Intersección,S/D,S/D,Diurna,S/D,"De alcance,Múltiple",S/D,Colisión,S/D,S/D,Cordón divisorio,Sin restricción
2021,2799,2021-03-26,Viernes,21:00:00,,0.0,2,"Moto/Ciclomotor,Automóvil",2 de Junio Y Santa Fe Bis,2,1,0,0,1,0,0,"-32.03794, -61.20829",Calle,,GÁLVEZ,San JERÓNIMO,Asfalto,S/D,XV,Dentro,Urbana,Otra Señal,S/D,Intersección,S/D,S/D,Nocturna,S/D,"De alcance,Múltiple",S/D,Colisión,S/D,S/D,Cordón divisorio,Sin restricción
2021,2800,2021-03-26,Viernes,,Ruta Nacional 33,759.0,1,Pickup/Utilitario, ,2,2,0,0,0,0,0,"-33.01715, -61.0139",Ruta,33,PUJATO,San Lorenzo,Asfalto,S/D,XVII,Dentro,Rural,Otra Señal,No existe,Intersección,S/D,S/D,S/D,S/D,"De alcance,Múltiple",S/D,Colisión,S/D,S/D,Cordón divisorio,Sin restricción
2021,2801,2021-03-25,Jueves,11:50:00,,0.0,2,"Moto/Ciclomotor,Automóvil",L de la Torre Y R S PEÑA,2,1,0,0,1,0,0,"-29.46372, -60.21764",Calle,,VERA,Vera,Asfalto,No existe,XIX,Dentro,Urbana,Otra Señal,No existe,Intersección,Bueno,Buena,Diurna,Buen Tiempo,"De alcance,Múltiple",S/D,Colisión,Material Suelto,Vertical,Cordón divisorio,Sin restricción
2021,2802,2021-03-27,Sabado,,,0.0,1,Moto/Ciclomotor, ,1,1,0,0,0,0,0,"-32.71299, -60.73536",Calle,,PUERTO SAN MARTÍN,San Lorenzo,Asfalto,S/D,XVII,Dentro,Urbana,Otra Señal,S/D,Intersección,S/D,S/D,S/D,S/D,"De alcance,Múltiple",S/D,Colisión,S/D,S/D,Cordón divisorio,Sin restricción
2021,2803,2021-05-18,Martes,12:15:00,,0.0,1,Moto/Ciclomotor,San Martin ,1,1,0,0,0,0,0,"-31.73446, -61.09475",S/D,,SAN CARLOS CENTRO,Las Colonias,S/D,S/D,XI,S/D,S/D,Otra Señal,S/D,Intersección,S/D,S/D,S/D,S/D,"De alcance,Múltiple",S/D,Colisión,S/D,S/D,Cordón divisorio,Sin restricción
2021,2804,2021-05-18,Martes,11:15:00,,0.0,2,"Moto/Ciclomotor,Automóvil",Miguel de Azcuénaga Y López,2,1,0,0,1,0,0,"-33.74459, -61.97395",S/D,,VENADO TUERTO,General LÓPEZ,S/D,S/D,VIII,S/D,S/D,Otra Señal,S/D,Intersección,S/D,S/D,S/D,S/D,"De alcance,Múltiple",S/D,Colisión,S/D,S/D,Cordón divisorio,Sin restricción
2021,2805,2021-05-18,Martes,12:24:00,,0.0,2,"Bicicleta,Automóvil",Gral. Manuel Belgrano Y Guillermo Brown,2,1,0,0,1,0,0,"-33.74054, -61.97108",S/D,,VENADO TUERTO,General LÓPEZ,S/D,S/D,VIII,S/D,S/D,Otra Señal,S/D,Intersección,S/D,S/D,S/D,S/D,"De alcance,Múltiple",Ciclista,Colisión,S/D,S/D,Cordón divisorio,Sin restricción
2021,2806,2021-05-18,Martes,13:24:00,,0.0,2,"Pickup/Utilitario,Moto/Ciclomotor",Gral. Manuel Belgrano Y Martin de Pueyrredón,3,2,0,0,1,0,0,"-33.74319, -61.96901",S/D,,VENADO TUERTO,General LÓPEZ,S/D,S/D,VIII,S/D,S/D,Otra Señal,S/D,Intersección,S/D,S/D,S/D,S/D,"De alcance,Múltiple",S/D,Colisión,S/D,S/D,Cordón divisorio,Sin restricción
2021,2808,2021-05-18,Martes,,Ruta Nacional 178,0.0,1,Automóvil, ,1,1,0,0,0,0,0,"-32.6676, -61.52816",Ruta,178,LAS PAREJAS,Belgrano,S/D,S/D,III,S/D,S/D,Otra Señal,S/D,Intersección,S/D,S/D,S/D,S/D,"De alcance,Múltiple",S/D,Colisión,S/D,S/D,Cordón divisorio,Sin restricción
2021,2809,2021-03-16,Martes,13:00:00,Ruta Provincial 39,142.0,1,Pickup/Utilitario, ,4,1,0,0,3,0,0,"-30.28457, -61.33335",Ruta,39,SAN CRISTÓBAL,San CRISTÓBAL,Asfalto,Natural,XIII,S/D,Rural,Otra Señal,No existe,Intersección,S/D,Buena,Diurna,Lluvia,"De alcance,Múltiple",S/D,Colisión,Agua,Faltante,Cordón divisorio,Sin restricción
2021,2810,2021-03-16,Martes,08:45:00,,0.0,2,"Automóvil,Moto/Ciclomotor",Monseñor Zaspe Y San José,2,1,0,0,1,0,0,"-31.65334, -60.72519",Calle,,SANTA FE,La Capital,Asfalto,S/D,I,S/D,Urbana,Otra Señal,S/D,Intersección,Con baches,S/D,Amanecer,Buen Tiempo,"De alcance,Múltiple",S/D,Colisión,Ninguna,S/D,Cordón divisorio,Sin restricción
2021,2811,2021-03-27,Sabado,,,0.0,1,Moto/Ciclomotor,Bv. Europa Y San Lorenzo,1,1,0,0,0,0,0,"-32.20696, -61.70489",Avenida,,EL TRÉBOL,San MARTÍN,Asfalto,No existe,XVIII,Dentro,Urbana,Otra Señal,S/D,Intersección,S/D,S/D,S/D,S/D,"De alcance,Múltiple",S/D,Colisión,S/D,S/D,Cordón divisorio,Sin restricción
2021,2812,2021-03-16,Martes,18:40:00,,0.0,2,"Moto/Ciclomotor,Automóvil",Corrientes Y San José,2,1,0,0,1,0,0,"-31.65101, -60.72428",Calle,,SANTA FE,La Capital,Asfalto,S/D,I,S/D,Urbana,Otra Señal,S/D,Intersección,Con baches,Buena,Atardecer,Buen Tiempo,"De alcance,Múltiple",S/D,Colisión,Ninguna,S/D,Cordón divisorio,Sin restricción
2021,2813,2021-03-27,Sabado,,,0.0,1,Bicicleta, ,1,1,0,0,0,0,0,"-31.607, -60.66969",S/D,,ESPERANZA,Las Colonias,S/D,S/D,XI,S/D,S/D,Otra Señal,S/D,Intersección,S/D,S/D,S/D,S/D,"De alcance,Múltiple",Ciclista,Colisión,S/D,S/D,Cordón divisorio,Sin restricción
2021,2814,2021-03-27,Sabado,,Ruta Provincial 91,20.0,2,"Automóvil,Camión", ,2,0,0,0,1,1,0,"-32.60159, -61.0645",Ruta,91,SALTO GRANDE,Iriondo,Asfalto,Natural,X,S/D,Rural,Otra Señal,No existe,Intersección,Bueno,S/D,Nocturna,S/D,"De alcance,Múltiple",S/D,Colisión,Ninguna,Faltante,Cordón divisorio,Sin restricción
2021,2817,2021-04-03,Sabado,19:15:00,Autopista Provincial Brigadier E.LÓPEZ,154.5,1,Pickup/Utilitario,Av. Circunvalación ,1,0,0,0,0,1,0,"-31.62826, -60.73054",Autopista,Brigadier E.LÓPEZ,SANTA FE,La Capital,Asfalto,Natural,I,S/D,Rural,Otra Señal,Funciona,Intersección,Bueno,Buena,Atardecer,Buen Tiempo,"De alcance,Múltiple",S/D,Colisión,Ninguna,Vertical,Cordón divisorio,Sin restricción
2021,2818,2021-04-12,Lunes,20:20:00,Ruta Provincial 6,46.0,1,Automóvil,San Martin ,1,0,0,0,0,1,0,"-31.7073, -61.08786",Ruta,6,SAN CARLOS CENTRO,Las Colonias,Asfalto,Natural,XI,Fuera,Rural,Otra Señal,No existe,Intersección,Bueno,Reducida,Nocturna,Buen Tiempo,"De alcance,Múltiple",S/D,Colisión,Ninguna,Horizontal,Cordón divisorio,Sin restricción
2021,2819,2021-03-07,Domingo,16:20:00,Ruta Nacional 11,0.0,2,"Moto/Ciclomotor,Pickup/Utilitario", ,2,1,0,0,1,0,0,"-32.67337, -60.78739",Ruta,11,TIMBÚES,San Lorenzo,S/D,S/D,XVII,S/D,Urbana,Otra Señal,S/D,Intersección,S/D,S/D,S/D,S/D,"De alcance,Múltiple",S/D,Colisión,S/D,S/D,Cordón divisorio,Sin restricción
2021,2820,2021-03-16,Martes,19:40:00,Ruta Nacional 11,318.0,2,"Bicicleta,Moto/Ciclomotor",Av. San Lorenzo ,2,1,0,0,0,1,0,"-32.83513, -60.71055",Ruta,11,CAPITÁN BERMÚDEZ,San Lorenzo,Asfalto,No existe,XVII,S/D,Urbana,Otra Señal,No existe,Intersección,Bueno,Buena,Nocturna,Lluvia,"De alcance,Múltiple",Ciclista,Colisión,Ninguna,Vertical,Cordón divisorio,Sin restricción
2021,2821,2021-03-09,Martes,20:20:00,,0.0,2,"Pickup/Utilitario,Moto/Ciclomotor",Eva Perón Y General López,3,2,0,0,1,0,0,"-32.72708, -60.73393",Calle,,SAN LORENZO,San Lorenzo,Asfalto,Pavimento,XVII,S/D,Urbana,Otra Señal,No existe,Intersección,Bueno,Buena,Nocturna,Buen Tiempo,"De alcance,Múltiple",S/D,Colisión,Ninguna,Faltante,Cordón divisorio,Sin restricción
2021,2822,2021-03-28,Domingo,10:20:00,,0.0,2,"Moto/Ciclomotor,Pickup/Utilitario",6 de Caballería ,2,1,0,0,1,0,0,"-29.23811, -61.7666",Calle,,TOSTADO,9 de Julio,S/D,S/D,XII,Dentro,Urbana,Otra Señal,S/D,Intersección,S/D,S/D,Diurna,S/D,"De alcance,Múltiple",S/D,Colisión,S/D,S/D,Cordón divisorio,Sin restricción
2021,2823,2021-04-20,Martes,22:50:00,Ruta Nacional A012,51.0,3,"Camión c / Acoplado,Camión c / Acoplado,Camión c / Acoplado", ,3,0,0,0,2,1,0,"-32.83207, -60.8627",Ruta,A012,LUIS PALACIOS,San Lorenzo,Asfalto,Ripio,XVII,Dentro,Rural,Otra Señal,No existe,Intersección,Bueno,Buena,Nocturna,Buen Tiempo,"De alcance,Múltiple",S/D,Colisión,Ninguna,Faltante,Cordón divisorio,Sin restricción
2021,2824,2021-04-23,Viernes,07:15:00,Ruta Provincial 70,35.5,4,"Pickup/Utilitario,Bicicleta,Bicicleta,Bicicleta",Ruta Nac nro. 70 ,4,2,0,0,1,1,0,"-31.38492, -61.11277",Ruta,70,HUMBOLDT,Las Colonias,Asfalto,Natural,XI,Dentro,Rural,Otra Señal,No existe,Intersección,Bueno,Buena,Diurna,Buen Tiempo,"De alcance,Múltiple",Ciclista,Colisión,Ninguna,Faltante,Cordón divisorio,Sin restricción
2021,2826,2021-03-03,Miercoles,17:50:00,,0.0,2,"Moto/Ciclomotor,Automóvil",Dorrego Y Silverio Córdoba,2,2,0,0,0,0,0,"-32.73615, -60.73685",S/D,,SAN LORENZO,San Lorenzo,Hormigón,S/D,XVII,S/D,Urbana,Otra Señal,S/D,Intersección,Bueno,Buena,Diurna,Buen Tiempo,"De alcance,Múltiple",S/D,Colisión,Ninguna,S/D,Cordón divisorio,Sin restricción
2021,2827,2021-04-23,Viernes,19:30:00,Ruta Provincial 2,226.0,2,"Moto/Ciclomotor,Transporte de Pasajeros Larga Distancia (> 8 asientos)",Ruta 2 ,8,2,0,0,5,1,0,"-30.33382, -61.2272",Ruta,2,SAN CRISTÓBAL,San CRISTÓBAL,Asfalto,Natural,XIII,Dentro,Rural,Otra Señal,No existe,Intersección,Bueno,Reducida,Nocturna,Buen Tiempo,"De alcance,Múltiple",S/D,Colisión,Ninguna,Vertical,Cordón divisorio,Sin restricción
2021,2828,2021-03-28,Domingo,,,0.0,2,"Moto/Ciclomotor,Moto/Ciclomotor",San Juan Y San Lorenzo,3,3,0,0,0,0,0,"-32.2093, -61.70549",Calle,,EL TRÉBOL,San MARTÍN,S/D,S/D,XVIII,Dentro,Urbana,Otra Señal,S/D,Intersección,S/D,S/D,S/D,S/D,"De alcance,Múltiple",S/D,Colisión,S/D,S/D,Cordón divisorio,Sin restricción
2021,2829,2021-03-29,Lunes,11:45:00,,0.0,2,"Moto/Ciclomotor,Pickup/Utilitario",Belgrano Y San Jerónimo,3,2,0,0,1,0,0,"-31.97533, -60.92224",Calle,,CORONDA,San JERÓNIMO,S/D,S/D,XV,Dentro,Urbana,Otra Señal,S/D,Intersección,S/D,S/D,Diurna,S/D,"De alcance,Múltiple",S/D,Colisión,S/D,S/D,Cordón divisorio,Sin restricción
2021,2830,2021-03-06,Sabado,21:40:00,Autovía Nacional Rosario -Cordoba,0.0,2,"Bicicleta,Pickup/Utilitario", ,2,1,0,0,1,0,0,"-32.92766, -60.89841",Autovía,Rosario -Cordoba,ROLDÁN,San Lorenzo,Asfalto,No existe,XVII,S/D,S/D,Otra Señal,No existe,Intersección,Bueno,Buena,Con luz artificial,Buen Tiempo,"De alcance,Múltiple",Ciclista,Colisión,Ninguna,"Horizontal,Vertical",Cordón divisorio,Sin restricción
2021,2831,2021-03-02,Martes,13:10:00,,0.0,2,"Moto/Ciclomotor,Automóvil",Falucho Y Córdoba,3,1,0,0,2,0,0,"-32.71647, -60.73735",Calle,,PUERTO SAN MARTÍN,San Lorenzo,Asfalto,No existe,XVII,Dentro,Urbana,Otra Señal,No existe,Intersección,Bueno,Buena,Diurna,Buen Tiempo,"De alcance,Múltiple",S/D,Colisión,Ninguna,Horizontal,Cordón divisorio,Sin restricción
2021,2832,2021-03-02,Martes,23:30:00,,0.0,2,"Moto/Ciclomotor,Automóvil",San Luis Y Pitón,2,1,0,0,1,0,0,"-32.71024, -60.7392",Calle,,PUERTO SAN MARTÍN,San Lorenzo,Asfalto,No existe,XVII,Dentro,Urbana,Otra Señal,No existe,Intersección,Bueno,Buena,Nocturna,Buen Tiempo,"De alcance,Múltiple",S/D,Colisión,Ninguna,Horizontal,Cordón divisorio,Sin restricción
2021,2833,2021-03-30,Martes,18:20:00,,0.0,2,"Peatón,Moto/Ciclomotor",Iriondo 5300,2,1,0,0,1,0,0,"-32.99961, -60.68213",Calle,,ROSARIO,Rosario,Asfalto,S/D,II,Dentro,Urbana,Otra Señal,No existe,Intersección,S/D,S/D,Diurna,S/D,"De alcance,Múltiple",Peatón,Colisión,S/D,S/D,Cordón divisorio,Sin restricción
2021,2834,2021-03-30,Martes,07:20:00,,0.0,2,"Bicicleta,Pickup/Utilitario",Lisandro de la Torre Y Avda. 25 de Mayo,2,1,0,0,1,0,0,"-32.03091, -61.22369",Avenida,,GÁLVEZ,San JERÓNIMO,Asfalto,S/D,XV,Dentro,Urbana,Otra Señal,S/D,Intersección,S/D,S/D,Diurna,S/D,"De alcance,Múltiple",Ciclista,Colisión,S/D,S/D,Cordón divisorio,Sin restricción
2021,2835,2021-03-30,Martes,,,0.0,2,"Moto/Ciclomotor,Automóvil",Arenales Y  Remedios de Escalada de San M,2,1,0,0,1,0,0,"-33.05485, -61.19202",Calle,,CASILDA,Caseros,S/D,S/D,IV,Dentro,Urbana,Otra Señal,S/D,Intersección,S/D,S/D,S/D,S/D,"De alcance,Múltiple",S/D,Colisión,S/D,S/D,Cordón divisorio,Sin restricción
2021,2836,2021-04-25,Domingo,18:55:00,,0.0,2,"Moto/Ciclomotor,Pickup/Utilitario",French Y Donado,4,1,0,0,2,1,0,"-32.92185, -60.72768",Calle,,ROSARIO,Rosario,Asfalto,No existe,II,Dentro,Urbana,Otra Señal,No existe,Intersección,Bueno,Buena,"Diurna,Con luz artificial",Buen Tiempo,"De alcance,Múltiple",S/D,Colisión,Ninguna,Vertical,Cordón divisorio,Sin restricción
2021,2837,2021-03-31,Miercoles,,Ruta Provincial 20,0.0,2,"Moto/Ciclomotor,Automóvil",F Vicente Solano Y Bvard 20 de Junio,2,1,0,0,1,0,0,"-32.028, -61.2154",Ruta,20,GÁLVEZ,San JERÓNIMO,Asfalto,S/D,XV,Dentro,Urbana,Otra Señal,S/D,Intersección,S/D,S/D,Diurna,S/D,"De alcance,Múltiple",S/D,Colisión,S/D,S/D,Cordón divisorio,Sin restricción
2021,2839,2021-03-24,Miercoles,11:00:00,,0.0,2,"Pickup/Utilitario,Moto/Ciclomotor",Urquiza Y Rodriguez,4,2,0,0,2,0,0,"-32.74734, -60.75485",Calle,,SAN LORENZO,San Lorenzo,Asfalto,S/D,XVII,Dentro,Urbana,Otra Señal,S/D,Intersección,S/D,S/D,Diurna,S/D,"De alcance,Múltiple",S/D,Colisión,S/D,S/D,Cordón divisorio,Sin restricción
2021,2840,2021-03-27,Sabado,22:20:00,,0.0,1,Moto/Ciclomotor,Rivadavia Y Rev. 7 Jefes,1,1,0,0,0,0,0,"-32.74734, -60.75485",Calle,,SAN LORENZO,San Lorenzo,S/D,S/D,XVII,Dentro,Urbana,Otra Señal,S/D,Intersección,S/D,S/D,Nocturna,S/D,"De alcance,Múltiple",S/D,Colisión,S/D,S/D,Cordón divisorio,Sin restricción
2021,2841,2021-03-30,Martes,07:50:00,,0.0,2,"Bicicleta,Moto/Ciclomotor",Dorrego ,2,2,0,0,0,0,0,"-32.74734, -60.75485",Calle,,SAN LORENZO,San Lorenzo,S/D,S/D,XVII,Dentro,Urbana,Otra Señal,S/D,Intersección,S/D,S/D,Diurna,S/D,"De alcance,Múltiple",Ciclista,Colisión,S/D,S/D,Cordón divisorio,Sin restricción
2021,2842,2021-03-05,Viernes,17:30:00,,0.0,2,"Automóvil,Pickup/Utilitario",25 de Mayo Y Jujuy,4,1,0,0,3,0,0,"-32.71366, -60.73148",Calle,,PUERTO SAN MARTÍN,San Lorenzo,Asfalto,No existe,XVII,Dentro,Urbana,Otra Señal,No existe,Intersección,Bueno,Buena,Diurna,Buen Tiempo,"De alcance,Múltiple",S/D,Colisión,Ninguna,Horizontal,Cordón divisorio,Sin restricción
2021,2843,2021-04-30,Viernes,19:40:00,Ruta Provincial 1,73.0,2,"Automóvil,Pickup/Utilitario",Ruta Prov. 1 ,2,0,0,0,0,2,0,"-31.19161, -60.15806",Ruta,1,CAYASTA,Garay,Asfalto,Natural,VIII,Dentro,Rural,Otra Señal,No existe,Intersección,Bueno,Reducida,Nocturna,Buen Tiempo,"De alcance,Múltiple",S/D,Colisión,S/D,Faltante,Cordón divisorio,Sin restricción
2021,2844,2021-06-03,Jueves,13:30:00,,0.0,2,"Otros,Peatón",Av. Peñaloza Y Gorostiaga,2,1,0,0,0,0,1,"-31.608151787742,-60.713170112366",Avenida,,SANTA FE,La Capital,Asfalto,No existe,I,Dentro,Urbana,Otra Señal,No existe,Intersección,Bueno,Buena,Diurna,Buen Tiempo,"De alcance,Múltiple",Peatón,Colisión,Ninguna,"Horizontal,Vertical",Cordón divisorio,Sin restricción
2021,2846,2021-03-08,Lunes,10:00:00,,0.0,1,Moto/Ciclomotor,Córdoba Y San Juan,1,1,0,0,0,0,0,"-32.716, -60.74012",Avenida,,PUERTO SAN MARTÍN,San Lorenzo,Asfalto,No existe,XVII,Dentro,Urbana,Otra Señal,No existe,Intersección,Bueno,Buena,Diurna,Buen Tiempo,"De alcance,Múltiple",S/D,Colisión,Ninguna,Horizontal,Cordón divisorio,Sin restricción
2021,2847,2021-06-04,Viernes,14:50:00,,0.0,2,"Moto/Ciclomotor,Automóvil",Francia Y Juan Del Campillo,2,1,0,0,1,0,0,"-31.628304923982,-60.709671671306",Calle,,SANTA FE,La Capital,Asfalto,No existe,I,Dentro,Urbana,Otra Señal,No existe,Intersección,Bueno,Buena,Diurna,Buen Tiempo,"De alcance,Múltiple",S/D,Colisión,Ninguna,"Horizontal,Vertical",Cordón divisorio,Sin restricción
2021,2848,2021-04-02,Viernes,13:15:00,,0.0,2,"Moto/Ciclomotor,Automóvil",Salta Y Brown,3,0,0,0,2,1,0,"-32.7448, -60.74155",Calle,,SAN LORENZO,San Lorenzo,Asfalto,No existe,XVII,S/D,Urbana,Otra Señal,No existe,Intersección,S/D,Buena,Diurna,Buen Tiempo,"De alcance,Múltiple",S/D,Colisión,Ninguna,Faltante,Cordón divisorio,Sin restricción
2021,2849,2021-03-28,Domingo,19:10:00,,0.0,2,"Automóvil,Moto/Ciclomotor",Av. San Martin Y F S M de Oro,2,1,0,0,1,0,0,"-32.78273, -60.72646",Avenida,,FRAY LUIS BELTRÁN,San Lorenzo,Asfalto,Pavimento,XVII,Dentro,Urbana,Otra Señal,No existe,Intersección,Bueno,Buena,Nocturna,Buen Tiempo,"De alcance,Múltiple",S/D,Colisión,Ninguna,Faltante,Cordón divisorio,Sin restricción
2021,2850,2021-06-06,Domingo,19:15:00,,0.0,1,Moto/Ciclomotor,Av. Pte. Perón Y Fray C Rodríguez,2,2,0,0,0,0,0,"-31.617989304914,-60.718282738076",Avenida,,SANTA FE,La Capital,Asfalto,No existe,I,Dentro,Urbana,Otra Señal,Funciona,Intersección,Bueno,Buena,Atardecer,Buen Tiempo,"De alcance,Múltiple",S/D,Colisión,Ninguna,"Horizontal,Vertical",Cordón divisorio,Sin restricción
2021,2851,2021-06-09,Miercoles,12:00:00,,0.0,2,"Peatón,Moto/Ciclomotor",Av. López y Planes Y Quintana,2,2,0,0,0,0,0,"-31.61980243342,-60.713380152743",Avenida,,SANTA FE,La Capital,Asfalto,No existe,I,Dentro,Urbana,Otra Señal,Funciona,Intersección,Bueno,Buena,Diurna,Buen Tiempo,"De alcance,Múltiple",Peatón,Colisión,Ninguna,Horizontal,Cordón divisorio,Sin restricción
2021,2852,2021-06-11,Viernes,19:40:00,,0.0,2,"Moto/Ciclomotor,Automóvil",Av. Blas Parera Y Lavaisse,3,2,0,0,1,0,0,"-31.607939648082,-60.719638710364",Avenida,,SANTA FE,La Capital,Asfalto,No existe,I,Dentro,Urbana,Otra Señal,Funciona,Intersección,Bueno,Buena,Atardecer,Buen Tiempo,"De alcance,Múltiple",S/D,Colisión,Ninguna,"Horizontal,Vertical",Cordón divisorio,Sin restricción
2021,2853,2021-04-03,Sabado,03:45:00,Ruta Nacional 33,621.0,2,"Moto/Ciclomotor,Camión c / Acoplado",Ruta Nac 33 ,2,0,0,0,1,1,0,"-33.77115, -62.08643",Ruta,33,VENADO TUERTO,General LÓPEZ,Asfalto,Pavimento,VIII,S/D,Rural,Otra Señal,No existe,Intersección,Bueno,S/D,Nocturna,S/D,"De alcance,Múltiple",S/D,Colisión,Ninguna,Faltante,Cordón divisorio,Sin restricción
2021,2854,2021-03-25,Jueves,06:45:00,Ruta Nacional 11,0.0,1,Moto/Ciclomotor,Av. San Martin Y French,1,1,0,0,0,0,0,"-32.77992, -60.72734",Ruta,11,FRAY LUIS BELTRÁN,San Lorenzo,Asfalto,No existe,XVII,Dentro,Urbana,Otra Señal,No existe,Intersección,Bueno,Buena,Amanecer,Lluvia,"De alcance,Múltiple",S/D,Colisión,Agua,Faltante,Cordón divisorio,Sin restricción
2021,2855,2021-06-14,Lunes,11:35:00,,0.0,1,Transporte de Pasajeros Urbano (> 8 asientos),Av. Blas Parera Y Martin Zapata,2,1,0,0,1,0,0,"-31.615809961329,-60.717728526572",Avenida,,SANTA FE,La Capital,Asfalto,No existe,I,Dentro,Urbana,Otra Señal,Funciona,Intersección,Bueno,Buena,Diurna,Buen Tiempo,"De alcance,Múltiple",S/D,Colisión,Ninguna,"Horizontal,Vertical",Cordón divisorio,Sin restricción
2021,2856,2021-03-09,Martes,23:00:00,,0.0,2,"Bicicleta,Moto/Ciclomotor",25 de Mayo Y Corrientes,2,1,0,0,1,0,0,"-32.75554, -60.74143",Calle,,SAN LORENZO,San Lorenzo,Asfalto,S/D,XVII,Dentro,Urbana,Otra Señal,S/D,Intersección,S/D,S/D,Nocturna,S/D,"De alcance,Múltiple",Ciclista,Colisión,S/D,S/D,Cordón divisorio,Sin restricción
2021,2857,2021-03-14,Domingo,12:15:00,Ruta Nacional 11,0.0,2,"Peatón,Automóvil", ,2,1,0,0,1,0,0,"-32.75554, -60.74143",Ruta,11,SAN LORENZO,San Lorenzo,S/D,S/D,XVII,Dentro,Urbana,Otra Señal,S/D,Intersección,S/D,S/D,Diurna,S/D,"De alcance,Múltiple",Peatón,Colisión,S/D,S/D,Cordón divisorio,Sin restricción
2021,2858,2021-04-03,Sabado,06:40:00,Ruta Nacional 33,737.5,1,Automóvil, Ruta Nac 33 ,1,0,0,0,0,1,0,"-33.07495, -61.19739",Ruta,33,CASILDA,Caseros,Asfalto,Natural,IV,S/D,Rural,Otra Señal,No existe,Intersección,Bueno,S/D,Nocturna,S/D,"De alcance,Múltiple",S/D,Colisión,Ninguna,Faltante,Cordón divisorio,Sin restricción