anio_acci,nro_acci,fecha,desc_dia,hora_aprox,desc_ruta,km,cant_participantes,desc_participante,calle_avenida_km,total,heridos_leves,heridos_graves,heridos_gravisimos,ilesos,fallecidos,sin_datos,posicion_XY,desc_tipo_via,desc_ruta_ori,desc_loc,desc_dpto,desc_tipo_calzada,desc_tipo_banquina,desc_unidad_regional,desc_lugar_calzada,desc_zona,desc_prioridad,desc_estado_semaforo,desc_lugar_via,desc_estado_via,desc_estado_visibilidad,desc_luminosidad,desc_estado_clima,desc_tipo_colision,desc_tipo_atropello,desc_tipo_hecho,desc_pres_calzada,desc_senializacion,desc_separacion_via,desc_restriccion
2021,2859,2021-06-16,Miercoles,17:20:00,,0.0,2,"Moto/Ciclomotor,Automóvil",José Diaz Y Padre Catena,3,2,0,0,1,0,0,"-31.630377728077,-60.71959532861",Calle,,SANTA FE,La Capital,"Asfalto,Tierra",No existe,I,Dentro,Urbana,Otra Señal,No existe,Intersección,Bueno,Buena,Atardecer,Buen Tiempo,"De alcance,Múltiple",S/D,Colisión,Ninguna,S/D,Cordón divisorio,Sin restricción
2021,2860,2021-04-04,Domingo,19:20:00,Ruta Secundaria 80-s,94.0,2,"Moto/Ciclomotor,Moto/Ciclomotor",Ruta Prov. 13 ,2,1,0,0,0,1,0,"-30.86553, -61.37484",Ruta,80-s,HUMBERTO 1°,Castellanos,Asfalto,Natural,V,S/D,Rural,Otra Señal,No existe,Intersección,Bueno,Reducida,Nocturna,Buen Tiempo,"De alcance,Múltiple",S/D,Colisión,Ninguna,Vertical,Cordón divisorio,Sin restricción
2021,2861,2021-03-14,Domingo,19:50:00,,0.0,2,"Peatón,Tren",Ángel Marino Gervaso ,2,1,0,0,1,0,0,"-32.82036, -60.72465",Calle,,CAPITÁN BERMÚDEZ,San Lorenzo,S/D,No existe,XVII,Dentro,Urbana,Otra Señal,No existe,Intersección,Con baches,Reducida,Nocturna,Buen Tiempo,"De alcance,Múltiple",Peatón,Colisión,Ninguna,Vertical,Cordón divisorio,Sin restricción
2021,2862,2021-06-17,Jueves,13:30:00,,0.0,2,"Moto/Ciclomotor,Pickup/Utilitario",Francia Y Pedro Centeno,2,1,0,0,1,0,0,"-31.62557690677,-60.708849937189",Calle,,SANTA FE,La Capital,Asfalto,No existe,I,Dentro,Urbana,Otra Señal,No existe,Intersección,Bueno,Buena,Diurna,Buen Tiempo,"De alcance,Múltiple",S/D,Colisión,Ninguna,Faltante,Cordón divisorio,Sin restricción
2021,2864,2021-06-19,Sabado,10:20:00,Ruta Nacional 11,0.0,2,"Moto/Ciclomotor,Pickup/Utilitario",Gorostiaga 4400,2,1,0,0,1,0,0,"-31.606272,-60.724362",Ruta,11,SANTA FE,La Capital,Asfalto,Natural,I,Dentro,Urbana,Otra Señal,No existe,Intersección,Bueno,Buena,Diurna,Buen Tiempo,"De alcance,Múltiple",S/D,Colisión,Ninguna,Horizontal,Cordón divisorio,Sin restricción
2021,2865,2021-06-23,Miercoles,07:30:00,,0.0,2,"Moto/Ciclomotor,Camión Chasis",Av. López y Planes Y Ecuador,2,0,0,0,1,0,1,"-31.620144294763,-60.713530309409",Avenida,,SANTA FE,La Capital,Asfalto,No existe,I,Dentro,Urbana,Otra Señal,No existe,Intersección,Bueno,Buena,Amanecer,Buen Tiempo,"De alcance,Múltiple",S/D,Colisión,Ninguna,Horizontal,Cordón divisorio,Sin restricción
2021,2866,2021-03-11,Jueves,21:15:00,,0.0,2,"Pickup/Utilitario,Transporte de Pasajeros Urbano (> 8 asientos)",Av. San Lorenzo Y José Hernández,2,1,0,0,1,0,0,"-32.80401, -60.72002",Calle,,CAPITÁN BERMÚDEZ,San Lorenzo,Asfalto,No existe,XVII,S/D,Urbana,Otra Señal,No existe,Intersección,Bueno,Reducida,Nocturna,Buen Tiempo,"De alcance,Múltiple",S/D,Colisión,Ninguna,Faltante,Cordón divisorio,Sin restricción
2021,2867,2021-04-04,Domingo,01:40:00,,0.0,1,Moto/Ciclomotor,Pasaje 18-20 Y Calle 119,1,0,0,0,0,1,0,"-29.18881, -59.65364",Calle,,RECONQUISTA,General Obligado,Asfalto,S/D,IX,S/D,Urbana,Otra Señal,S/D,Intersección,S/D,S/D,Nocturna,S/D,"De alcance,Múltiple",S/D,Colisión,S/D,S/D,Cordón divisorio,Sin restricción
2021,2868,2021-06-23,Miercoles,17:45:00,,0.0,2,"Bicicleta,Automóvil",Pedro Ferre Y Saavedra,2,0,0,0,1,0,1,"-31.624642955061,-60.709759809888",Calle,,SANTA FE,La Capital,Asfalto,No existe,I,Dentro,Urbana,Otra Señal,No existe,Intersección,Bueno,Buena,Diurna,Buen Tiempo,"De alcance,Múltiple",S/D,Colisión,Ninguna,Faltante,Cordón divisorio,Sin restricción
2021,2869,2021-06-24,Jueves,17:00:00,,0.0,2,"Bicicleta,Moto/Ciclomotor",Av. Peñaloza Y Diagonal Goyena,2,1,0,0,1,0,0,"-31.615948395912,-60.71313997937",Avenida,,SANTA FE,La Capital,Asfalto,No existe,I,Dentro,Urbana,Otra Señal,No existe,Intersección,Bueno,Buena,Diurna,Buen Tiempo,"De alcance,Múltiple",Ciclista,Colisión,Ninguna,"Horizontal,Vertical",Cordón divisorio,Sin restricción
2021,2870,2021-01-07,Jueves,06:15:00,,0.0,2,"Moto/Ciclomotor,Automóvil",Av. San Lorenzo Y Chacabuco,2,1,0,0,1,0,0,"-32.81029, -60.71814",Calle,,CAPITÁN BERMÚDEZ,San Lorenzo,Asfalto,S/D,XVII,Dentro,Urbana,Otra Señal,Intermitente,Intersección,Bueno,Buena,Amanecer,Buen Tiempo,"De alcance,Múltiple",S/D,Colisión,Ninguna,S/D,Cordón divisorio,Sin restricción
2021,2871,2021-06-25,Viernes,08:35:00,,0.0,2,"Bicicleta,Automóvil",Iturraspe Y San Lorenzo,2,1,0,0,1,0,0,"-31.62687674247,-60.711879488808",Calle,,SANTA FE,La Capital,Asfalto,No existe,I,Dentro,Urbana,Otra Señal,No existe,Intersección,Bueno,Buena,Diurna,Buen Tiempo,"De alcance,Múltiple",Ciclista,Colisión,Ninguna,Faltante,Cordón divisorio,Sin restricción
2021,2872,2021-03-10,Miercoles,15:00:00,,0.0,2,"Moto/Ciclomotor,Pickup/Utilitario",25 de Mayo Y Jujuy,2,1,0,0,1,0,0,"-32.8269, -60.71738",Calle,,CAPITÁN BERMÚDEZ,San Lorenzo,Asfalto,Pavimento,XVII,Dentro,Urbana,Otra Señal,No existe,Intersección,Bueno,Buena,Diurna,Buen Tiempo,"De alcance,Múltiple",S/D,Colisión,Ninguna,S/D,Cordón divisorio,Sin restricción
2021,2873,2021-06-26,Sabado,08:00:00,,0.0,2,"Moto/Ciclomotor,Pickup/Utilitario",Av. Urquiza Y Iturraspe,2,1,0,0,1,0,0,"-31.627710135017,-60.707970208497",Avenida,,SANTA FE,La Capital,Asfalto,No existe,I,Dentro,Urbana,Otra Señal,No existe,Intersección,Bueno,Buena,Diurna,Buen Tiempo,"De alcance,Múltiple",S/D,Colisión,Ninguna,"Horizontal,Vertical",Cordón divisorio,Sin restricción
2021,2874,2021-04-06,Martes,18:30:00,Ruta Nacional 9,386.0,2,"Automóvil,Camión c / Acoplado", ,2,0,0,0,1,1,0,"-32.79219, -61.49861",Ruta,9,CAÑADA DE GÓMEZ,Iriondo,Asfalto,Natural,X,S/D,Rural,Otra Señal,No existe,Intersección,S/D,S/D,Diurna,S/D,"De alcance,Múltiple",S/D,Colisión,"Ninguna,S/D",Faltante,Cordón divisorio,Sin restricción
2021,2875,2021-06-29,Martes,17:00:00,,0.0,2,"Moto/Ciclomotor,Automóvil",Av. Blas Parera 5800,2,1,0,0,1,0,0,"-31.609991593448,-60.718879949386",Avenida,,SANTA FE,La Capital,Asfalto,No existe,I,Dentro,Urbana,Otra Señal,No existe,Intersección,Bueno,Buena,Diurna,Buen Tiempo,"De alcance,Múltiple",S/D,Colisión,Ninguna,Horizontal,Cordón divisorio,Sin restricción
2021,2876,2021-06-30,Miercoles,06:10:00,,0.0,2,"Moto/Ciclomotor,Automóvil",Av. López y Planes 4300,2,1,0,0,1,0,0,"-31.625640671317,-60.713593335222",Avenida,,SANTA FE,La Capital,Asfalto,No existe,I,Dentro,Urbana,Otra Señal,Funciona,Intersección,Bueno,Buena,Diurna,Buen Tiempo,"De alcance,Múltiple",S/D,Colisión,Ninguna,"Horizontal,Vertical",Cordón divisorio,Sin restricción
2021,2877,2021-06-14,Lunes,07:55:00,,0.0,2,"Moto/Ciclomotor,Automóvil",Candioti Y Gdor. Candioti,2,1,0,0,1,0,0,"-31.640021387062,-60.696288684246",Calle,,SANTA FE,La Capital,Asfalto,No existe,I,Dentro,Urbana,Otra Señal,No existe,Intersección,Bueno,S/D,Diurna,S/D,"De alcance,Múltiple",S/D,Colisión,Ninguna,Horizontal,Cordón divisorio,Sin restricción
2021,2879,2021-06-06,Domingo,18:08:00,,0.0,2,"Automóvil,Automóvil",Balcarce Y Lavalle,2,1,0,0,1,0,0,"-31.639354290426,-60.690427979204",Calle,,SANTA FE,La Capital,Asfalto,No existe,I,Dentro,Urbana,Otra Señal,No existe,Intersección,Bueno,S/D,Diurna,S/D,"De alcance,Múltiple",S/D,Colisión,Ninguna,"Horizontal,Vertical",Cordón divisorio,Sin restricción
2021,2880,2021-06-18,Viernes,09:00:00,,0.0,2,"Automóvil,Peatón",Dr. Zavalla Y Gorriti,2,1,0,0,1,0,0,"-31.588171534274,-60.703383077146",Calle,,SANTA FE,La Capital,Asfalto,No existe,I,Dentro,Urbana,Otra Señal,No existe,Intersección,Bueno,Buena,Diurna,Buen Tiempo,"De alcance,Múltiple",Peatón,Colisión,Ninguna,Vertical,Cordón divisorio,Sin restricción
2021,2881,2021-06-02,Miercoles,16:10:00,,0.0,2,"Moto/Ciclomotor,Automóvil",Republica de Siria ,2,1,0,0,1,0,0,"-31.612690974721623, -60.6928349084",Calle,,SANTA FE,La Capital,Asfalto,No existe,I,Dentro,Urbana,Otra Señal,No existe,Intersección,Bueno,Buena,Diurna,Buen Tiempo,"De alcance,Múltiple",S/D,Colisión,Ninguna,Faltante,Cordón divisorio,Sin restricción
2021,2882,2021-06-02,Miercoles,12:00:00,,0.0,2,"Moto/Ciclomotor,Automóvil",Alvear Y Ituzaingó,2,1,0,0,1,0,0,"-31.638880626074,-60.697102406416",Calle,,SANTA FE,La Capital,Asfalto,No existe,I,Dentro,Urbana,Otra Señal,Funciona,Intersección,Bueno,S/D,S/D,S/D,"De alcance,Múltiple",S/D,Colisión,Ninguna,"Horizontal,Vertical",Cordón divisorio,Sin restricción
2021,2883,2021-06-03,Jueves,19:00:00,,0.0,2,"Moto/Ciclomotor,Automóvil",Las Heras Y Lavaisse,2,1,0,0,1,0,0,"-31.613951284303,-60.690904320614",Calle,,SANTA FE,La Capital,Asfalto,No existe,I,Dentro,Urbana,Otra Señal,No existe,Intersección,Bueno,Buena,Diurna,Buen Tiempo,"De alcance,Múltiple",S/D,Colisión,Ninguna,Faltante,Cordón divisorio,Sin restricción
2021,2884,2021-06-05,Sabado,23:55:00,,0.0,2,"Moto/Ciclomotor,Moto/Ciclomotor",Av. Gral. Paz Y Regis Martínez,2,2,0,0,0,0,0,"-31.62157570653,-60.686850295173",Avenida,,SANTA FE,La Capital,Asfalto,No existe,I,Dentro,Urbana,Otra Señal,No existe,Intersección,Bueno,Buena,Nocturna,Buen Tiempo,"De alcance,Múltiple",S/D,Colisión,Ninguna,"Horizontal,Vertical",Cordón divisorio,Sin restricción
2021,2886,2021-03-16,Martes,12:35:00,Ruta Nacional 11,15.0,2,"Moto/Ciclomotor,Automóvil", ,3,0,0,0,0,0,3,"-32.73388, -60.74249",Ruta,11,SAN LORENZO,San Lorenzo,S/D,S/D,XVII,S/D,Urbana,Otra Señal,S/D,Intersección,S/D,S/D,Diurna,S/D,"De alcance,Múltiple",S/D,Colisión,S/D,S/D,Cordón divisorio,Sin restricción
2021,2887,2021-03-16,Martes,,,0.0,2,"Bicicleta,Moto/Ciclomotor",Curupaiti Y M de Iriondo,2,1,0,0,1,0,0,"-32.75342, -60.74341",Calle,,SAN LORENZO,San Lorenzo,S/D,S/D,XVII,S/D,Urbana,Otra Señal,S/D,Intersección,S/D,S/D,S/D,S/D,"De alcance,Múltiple",Ciclista,Colisión,S/D,S/D,Cordón divisorio,Sin restricción
2021,2888,2021-04-14,Miercoles,14:30:00,Ruta Provincial 70,79.0,1,Moto/Ciclomotor,Bv Santa Fe Y Liniers,2,1,0,0,0,1,0,"-31.25549, -61.47553",Ruta,70,RAFAELA,Castellanos,Asfalto,No existe,V,S/D,Urbana,Otra Señal,Funciona,Intersección,S/D,S/D,Diurna,S/D,"De alcance,Múltiple",S/D,Colisión,Ninguna,"Horizontal,Vertical",Cordón divisorio,Sin restricción
2021,2889,2021-06-22,Martes,08:20:00,,0.0,2,"Automóvil,Moto/Ciclomotor",AV ARISTÓBULO DEL VALLE Y AV LOS QUINTEROS,2,1,0,0,1,0,0,"-31.55647337436678,-60.675736069679",Avenida,,MONTE VERA,La Capital,Asfalto,No existe,I,Dentro,Urbana,Otra Señal,No existe,Intersección,Resbaladiza,Reducida,"Diurna,Con luz artificial",Niebla,"De alcance,Múltiple",S/D,Colisión,Agua,S/D,Cordón divisorio,Sin restricción
2021,2890,2021-03-16,Martes,11:15:00,,0.0,2,"Pickup/Utilitario,Moto/Ciclomotor",Av. A del Valle Y Boneo,2,2,0,0,0,0,0,"-31.60495, -60.69244",Calle,,SANTA FE,La Capital,S/D,No existe,I,Dentro,Urbana,Otra Señal,No existe,Intersección,S/D,S/D,Diurna,S/D,"De alcance,Múltiple",S/D,Colisión,S/D,Faltante,Cordón divisorio,Sin restricción
2021,2891,2021-06-10,Jueves,21:30:00,,0.0,2,"Bicicleta,Automóvil",Av. Peñaloza Y Ayacucho,2,1,0,0,1,0,0,"-31.592912086185,-60.712095195325",Avenida,,SANTA FE,La Capital,Asfalto,Pavimento,I,Dentro,Urbana,Otra Señal,No existe,Intersección,Bueno,Reducida p/ objetos,Nocturna,Buen Tiempo,"De alcance,Múltiple",Ciclista,Colisión,Ninguna,Horizontal,Cordón divisorio,Sin restricción
2021,2892,2021-03-16,Martes,,,0.0,2,"Moto/Ciclomotor,Bicicleta",Gdor. Crespo Y San José,2,2,0,0,0,0,0,"-31.63856, -60.72093",Calle,,SANTA FE,La Capital,Asfalto,No existe,I,S/D,Urbana,Otra Señal,No existe,Intersección,Bueno,S/D,S/D,Buen Tiempo,"De alcance,Múltiple",Ciclista,Colisión,Ninguna,Faltante,Cordón divisorio,Sin restricción
2021,2893,2021-03-25,Jueves,,Ruta Nacional 8,0.0,1,Moto/Ciclomotor,2 de Abril Y Ruta Nac 8,1,1,0,0,0,0,0,"-33.7619, -61.96864",Ruta,8,VENADO TUERTO,General LÓPEZ,Asfalto,S/D,VIII,Dentro,Urbana,Otra Señal,S/D,Intersección,S/D,S/D,S/D,S/D,"De alcance,Múltiple",S/D,Colisión,S/D,S/D,Cordón divisorio,Sin restricción
2021,2894,2021-06-08,Martes,17:45:00,,0.0,2,"Moto/Ciclomotor,Automóvil",Av. Gral. Paz Y Ricardo Aldao,2,1,0,0,1,0,0,"-31.613276265706,-60.680571661005",Avenida,,SANTA FE,La Capital,Asfalto,No existe,I,Dentro,Urbana,Otra Señal,No existe,Intersección,Bueno,Buena,Diurna,Buen Tiempo,"De alcance,Múltiple",S/D,Colisión,Ninguna,Faltante,Cordón divisorio,Sin restricción
2021,2895,2021-06-03,Jueves,18:30:00,,0.0,2,"Bicicleta,Automóvil",Av. Peñaloza Y Ayacucho,2,1,0,0,1,0,0,"-31.592921984968,-60.71193722878",Avenida,,SANTA FE,La Capital,Asfalto,Pavimento,I,Dentro,Urbana,Otra Señal,No existe,Intersección,Bueno,Buena,Atardecer,Buen Tiempo,"De alcance,Múltiple",Ciclista,Colisión,Ninguna,Horizontal,Cordón divisorio,Sin restricción
2021,2896,2021-06-28,Lunes,09:00:00,Ruta Provincial 2,0.0,2,"Moto/Ciclomotor,Automóvil",Ruta pcial 2 Av. San Martin ,2,1,0,0,1,0,0,"-31.52634143829342,-60.684185028076",Ruta,2,MONTE VERA,La Capital,Asfalto,Ripio,I,Dentro,Urbana,Otra Señal,No existe,Intersección,Bueno,Reducida,Amanecer,Otro,"De alcance,Múltiple",S/D,Colisión,Ninguna,Faltante,Cordón divisorio,Sin restricción
2021,2897,2021-06-02,Miercoles,14:20:00,,0.0,2,"Automóvil,Moto/Ciclomotor",Don Guanella Y Estrada,3,2,0,0,1,0,0,"-31.595841031987,-60.71649537238",Calle,,SANTA FE,La Capital,Hormigón,No existe,I,Dentro,Urbana,Otra Señal,No existe,Intersección,Bueno,Buena,Diurna,Buen Tiempo,"De alcance,Múltiple",S/D,Colisión,Ninguna,Vertical,Cordón divisorio,Sin restricción
2021,2898,2021-03-16,Martes,12:35:00,,0.0,2,"Moto/Ciclomotor,Pickup/Utilitario",Dr. Zavalla Y Salvador Caputo,2,1,0,0,1,0,0,"-31.63716, -60.71765",Calle,,SANTA FE,La Capital,Asfalto,No existe,I,S/D,Urbana,Otra Señal,No existe,Intersección,Con baches,Buena,Diurna,Buen Tiempo,"De alcance,Múltiple",S/D,Colisión,Ninguna,Faltante,Cordón divisorio,Sin restricción
2021,2899,2021-03-25,Jueves,,,0.0,2,"Moto/Ciclomotor,Moto/Ciclomotor",Ballesteros Y Sarmiento,2,2,0,0,0,0,0,"-32.81899, -61.39156",Calle,,CAÑADA DE GÓMEZ,Iriondo,Asfalto,S/D,X,Dentro,Urbana,Otra Señal,S/D,Intersección,S/D,S/D,S/D,S/D,"De alcance,Múltiple",S/D,Colisión,S/D,S/D,Cordón divisorio,Sin restricción
2021,2900,2021-03-07,Domingo,05:15:00,,0.0,1,Automóvil,Eva Perón 2800,2,1,0,0,1,0,0,"-32.72683, -60.73597",S/D,,SAN LORENZO,San Lorenzo,S/D,S/D,XVII,S/D,S/D,Otra Señal,S/D,Intersección,S/D,S/D,S/D,S/D,"De alcance,Múltiple",S/D,Colisión,S/D,S/D,Cordón divisorio,Sin restricción
2021,2901,2021-06-11,Viernes,18:40:00,,0.0,2,"Moto/Ciclomotor,Pickup/Utilitario",Azopardo Y Don Guanella,4,1,0,0,3,0,0,"-31.594993660277,-60.720440016985",Calle,,SANTA FE,La Capital,Asfalto,No existe,I,Dentro,Urbana,Otra Señal,No existe,Intersección,Bueno,Buena,Diurna,Buen Tiempo,"De alcance,Múltiple",S/D,Colisión,Ninguna,Faltante,Cordón divisorio,Sin restricción
2021,2902,2021-03-16,Martes,19:00:00,,0.0,2,"Bicicleta,Automóvil",Domingo Silva Y San Lorenzo,2,1,0,0,1,0,0,"-31.62872, -60.71239",Calle,,SANTA FE,La Capital,Asfalto,No existe,I,S/D,Urbana,Otra Señal,Funciona,Intersección,Bueno,Buena,Atardecer,Buen Tiempo,"De alcance,Múltiple",Ciclista,Colisión,Ninguna,Vertical,Cordón divisorio,Sin restricción
2021,2903,2021-04-15,Jueves,22:00:00,,0.0,1,Moto/Ciclomotor,Boulevard 25 de Mayo Y Dante Alighieri,1,0,0,0,0,1,0,"-33.05071, -61.17296",Avenida,,CASILDA,Caseros,Asfalto,No existe,IV,S/D,Urbana,Otra Señal,No existe,Intersección,Bueno,S/D,Nocturna,S/D,"De alcance,Múltiple",S/D,Colisión,Ninguna,Faltante,Cordón divisorio,Sin restricción
2021,2904,2021-05-17,Lunes,17:00:00,,0.0,2,"Peatón,Automóvil",San Lorenzo Y Galapeti,2,1,0,0,1,0,0,"-32.77184, -60.78066",Calle,,RICARDONE,San Lorenzo,S/D,S/D,XVII,Dentro,Urbana,Otra Señal,S/D,Intersección,S/D,S/D,S/D,S/D,"De alcance,Múltiple",Peatón,Colisión,S/D,S/D,Cordón divisorio,Sin restricción
2021,2905,2021-06-04,Viernes,18:30:00,Ruta Provincial 38,0.0,2,"Automóvil,Moto/Ciclomotor",Av. Pte. Perón 2300,2,1,0,0,1,0,0,"-31.306749469371,-60.658069491366",Ruta,38,LAGUNA PAIVA,La Capital,Asfalto,No existe,I,Dentro,Urbana,Otra Señal,No existe,Intersección,Bueno,Buena,"Atardecer,Con luz artificial",Buen Tiempo,"De alcance,Múltiple",S/D,Colisión,Ninguna,Faltante,Cordón divisorio,Sin restricción
2021,2906,2021-03-26,Viernes,,Ruta Nacional 168,0.0,2,"Moto/Ciclomotor,Automóvil", ,3,2,0,0,1,0,0,"-31.63997, -60.65664",Ruta,168,SANTA FE,La Capital,Asfalto,S/D,I,Fuera,Urbana,Otra Señal,S/D,Intersección,S/D,S/D,Amanecer,S/D,"De alcance,Múltiple",S/D,Colisión,S/D,S/D,Cordón divisorio,Sin restricción
2021,2907,2021-03-16,Martes,12:40:00,,0.0,2,"Moto/Ciclomotor,Automóvil",Av. Pte. Perón Y Pje Irala,2,1,0,0,1,0,0,"-31.63042, -60.71781",Avenida,,SANTA FE,La Capital,Asfalto,No existe,I,S/D,Urbana,Otra Señal,Funciona,Intersección,Bueno,Buena,Diurna,Buen Tiempo,"De alcance,Múltiple",S/D,Colisión,Ninguna,Vertical,Cordón divisorio,Sin restricción
2021,2908,2021-06-26,Sabado,09:00:00,,0.0,2,"Pickup/Utilitario,Moto/Ciclomotor",French Y San Martin,2,0,0,0,0,0,2,"-31.59269854148,-60.691037157762",Calle,,SANTA FE,La Capital,Asfalto,No existe,I,Dentro,Urbana,Otra Señal,No existe,Intersección,Otro,Reducida,Diurna,Otro,"De alcance,Múltiple",S/D,Colisión,Otro,Faltante,Cordón divisorio,Sin restricción
2021,2909,2021-03-26,Viernes,,,0.0,2,"Moto/Ciclomotor,Automóvil",Hipólito Vieytes ,2,1,0,0,1,0,0,"-32.74734, -60.75485",Calle,,RAFAELA,Castellanos,S/D,S/D,V,Dentro,Urbana,Otra Señal,S/D,Intersección,S/D,S/D,S/D,S/D,"De alcance,Múltiple",S/D,Colisión,S/D,S/D,Cordón divisorio,Sin restricción
2021,2910,2021-03-16,Martes,08:45:00,,0.0,2,"Moto/Ciclomotor,Taxi/Remis",Av. Urquiza Y Tucumán,2,1,0,0,1,0,0,"-31.64523, -60.71294",Calle,,SANTA FE,La Capital,S/D,S/D,I,S/D,Urbana,Otra Señal,S/D,Intersección,S/D,S/D,Diurna,S/D,"De alcance,Múltiple",S/D,Colisión,S/D,S/D,Cordón divisorio,Sin restricción
2021,2912,2021-06-19,Sabado,12:00:00,,0.0,2,"Moto/Ciclomotor,Pickup/Utilitario",Piedras Y Reg. 12 de Infantería,2,1,0,0,1,0,0,"-31.602516668338,-60.673017222893",Calle,,SANTA FE,La Capital,Asfalto,No existe,I,Dentro,Urbana,Otra Señal,No existe,Intersección,Otro,Reducida,Diurna,Otro,"De alcance,Múltiple",S/D,Colisión,Otro,Faltante,Cordón divisorio,Sin restricción
2021,2913,2021-06-19,Sabado,20:10:00,,0.0,1,Moto/Ciclomotor,Sarmiento 1568,1,1,0,0,0,0,0,"-31.303956165236,-60.664965447129",Calle,,LAGUNA PAIVA,La Capital,Asfalto,No existe,I,Dentro,Urbana,Otra Señal,No existe,Intersección,Bueno,Buena,"Nocturna,Con luz artificial",Buen Tiempo,"De alcance,Múltiple",S/D,Colisión,Ninguna,Faltante,Cordón divisorio,Sin restricción
2021,2914,2021-03-16,Martes,20:30:00,Ruta Nacional 9,297.0,2,"Automóvil,Moto/Ciclomotor", ,3,2,0,0,1,0,0,"-32.91664, -60.8418",Ruta,9,FUNES,Rosario,S/D,Ripio,II,Dentro,Urbana,Otra Señal,No existe,Intersección,Bueno,Buena,Nocturna,Buen Tiempo,"De alcance,Múltiple",S/D,Colisión,Ninguna,Faltante,Cordón divisorio,Sin restricción
2021,2915,2021-06-02,Miercoles,14:10:00,,0.0,2,"Moto/Ciclomotor,Camión Chasis",Ayacucho Y Javier de la Rosa,2,1,0,0,1,0,0,"-31.547280270924,-60.723027150219",Calle,,RECREO,La Capital,Asfalto,No existe,I,Dentro,Urbana,Otra Señal,No existe,Intersección,Bueno,Buena,Diurna,Buen Tiempo,"De alcance,Múltiple",S/D,Colisión,Ninguna,Horizontal,Cordón divisorio,Sin restricción
2021,2916,2021-04-17,Sabado,11:00:00,Ruta Nacional 33,601.0,2,"Moto/Ciclomotor,Camión c / Acoplado", ,2,0,0,0,1,1,0,"-33.89103, -62.22923",Ruta,33,SAN EDUARDO,General LÓPEZ,Asfalto,Natural,VIII,S/D,Rural,Otra Señal,No existe,Intersección,Bueno,Buena,Diurna,Buen Tiempo,"De alcance,Múltiple",S/D,Colisión,Ninguna,Faltante,Cordón divisorio,Sin restricción
2021,2917,2021-03-27,Sabado,,Ruta Nacional 34,0.0,1,Automóvil, ,3,2,0,0,1,0,0,"-31.29385, -61.51542",Ruta,34,RAFAELA,Castellanos,Asfalto,S/D,III,Fuera,Rural,Otra Señal,No existe,Intersección,S/D,S/D,Nocturna,S/D,"De alcance,Múltiple",S/D,Colisión,S/D,S/D,Cordón divisorio,Sin restricción
2021,2918,2021-06-09,Miercoles,16:50:00,Ruta Nacional 11,0.0,2,"Pickup/Utilitario,Moto/Ciclomotor",Juan de Garay Y Ruta Nacional 11,3,1,0,0,2,0,0,"-31.505643031297,-60.727553821259",Ruta,11,RECREO,La Capital,Ripio,Ripio,I,Dentro,Urbana,Otra Señal,Intermitente,Intersección,Bueno,Buena,Diurna,Buen Tiempo,"De alcance,Múltiple",S/D,Colisión,Ninguna,"Horizontal,Vertical",Cordón divisorio,Sin restricción
2021,2919,2021-06-29,Martes,14:50:00,,0.0,2,"Automóvil,Moto/Ciclomotor",Av. Gral. Paz Y Ayacucho,2,0,0,0,1,0,1,"-31.601305550091,-60.674373067626",Avenida,,SANTA FE,La Capital,Asfalto,No existe,I,Dentro,Urbana,Otra Señal,No existe,Intersección,Otro,S/D,Diurna,Otro,"De alcance,Múltiple",S/D,Colisión,Otro,Faltante,Cordón divisorio,Sin restricción
2021,2920,2021-05-08,Sabado,23:00:00,Ruta Nacional A012,0.0,2,"Automóvil,Moto/Ciclomotor",Fayo ,4,2,0,0,2,0,0,"-32.77116, -60.78441",Ruta,A012,RICARDONE,San Lorenzo,Ripio,Ripio,XVII,S/D,Urbana,Otra Señal,Intermitente,Intersección,Bueno,Buena,"Nocturna,Con luz artificial",Buen Tiempo,"De alcance,Múltiple",Ciclista,Colisión,S/D,S/D,Cordón divisorio,Sin restricción
2021,2922,2021-06-13,Domingo,19:30:00,,0.0,2,"Automóvil,Moto/Ciclomotor",Lehman Y Simón de Iriondo,2,1,0,0,0,0,1,"-31.48976529102,-60.733177274605",Calle,,RECREO,La Capital,Asfalto,No existe,I,Dentro,Urbana,Otra Señal,No existe,Intersección,Bueno,Buena,Diurna,Buen Tiempo,"De alcance,Múltiple",S/D,Colisión,Ninguna,Faltante,Cordón divisorio,Sin restricción
2021,2923,2021-03-16,Martes,20:25:00,,0.0,2,"Moto/Ciclomotor,Automóvil",Urquiza Y Av. 9 de Julio,2,1,0,0,1,0,0,"-32.99435, -60.77238",Calle,,PEREZ,Rosario,Asfalto,No existe,II,Dentro,Urbana,Otra Señal,No existe,Intersección,Bueno,Buena,"Atardecer,Con luz artificial",Buen Tiempo,"De alcance,Múltiple",S/D,Colisión,Ninguna,S/D,Cordón divisorio,Sin restricción