anio_acci,nro_acci,fecha,desc_dia,hora_aprox,desc_ruta,km,cant_participantes,desc_participante,calle_avenida_km,total,heridos_leves,heridos_graves,heridos_gravisimos,ilesos,fallecidos,sin_datos,posicion_XY,desc_tipo_via,desc_ruta_ori,desc_loc,desc_dpto,desc_tipo_calzada,desc_tipo_banquina,desc_unidad_regional,desc_lugar_calzada,desc_zona,desc_prioridad,desc_estado_semaforo,desc_lugar_via,desc_estado_via,desc_estado_visibilidad,desc_luminosidad,desc_estado_clima,desc_tipo_colision,desc_tipo_atropello,desc_tipo_hecho,desc_pres_calzada,desc_senializacion,desc_separacion_via,desc_restriccion
2021,2924,2021-04-18,Domingo,11:30:00,Autopista Nacional A008,8.0,1,Moto/Ciclomotor,Av. Eva Perón Y Av. Circunvalación,1,0,0,0,0,1,0,"-32.93113, -60.72309",Autopista,A008,ROSARIO,Rosario,Asfalto,No existe,II,S/D,Urbana,Otra Señal,S/D,Intersección,Bueno,S/D,Diurna,S/D,"De alcance,Múltiple",S/D,Colisión,Ninguna,Faltante,Cordón divisorio,Sin restricción
2021,2925,2021-06-25,Viernes,17:45:00,,0.0,2,"Moto/Ciclomotor,Pickup/Utilitario",Pascual Echague Y Pbro Martínez,3,1,0,0,2,0,0,"-31.489697773922,-60.729209006798",Calle,,RECREO,La Capital,Asfalto,No existe,I,Dentro,Urbana,Otra Señal,No existe,Intersección,Bueno,Buena,Diurna,Buen Tiempo,"De alcance,Múltiple",S/D,Colisión,Ninguna,Faltante,Cordón divisorio,Sin restricción
2021,2926,2021-06-29,Martes,11:25:00,,0.0,2,"Moto/Ciclomotor,Automóvil",P Cullen Y Pavón,2,0,0,0,0,0,2,"-31.601123604922,-60.670388737745",Calle,,SANTA FE,La Capital,Asfalto,No existe,I,Dentro,Urbana,Otra Señal,No existe,Intersección,Otro,S/D,Diurna,Otro,"De alcance,Múltiple",S/D,Colisión,Otro,Faltante,Cordón divisorio,Sin restricción
2021,2928,2021-03-16,Martes,10:00:00,Ruta Nacional 33,786.0,2,"Moto/Ciclomotor,Moto/Ciclomotor", ,2,1,0,0,1,0,0,"-32.97084, -60.71703",Ruta,33,PEREZ,Rosario,"Asfalto,Hormigón",Pavimento,II,Dentro,Urbana,Otra Señal,No existe,Intersección,Bueno,Buena,Diurna,Buen Tiempo,"De alcance,Múltiple",S/D,Colisión,Ninguna,S/D,Cordón divisorio,Sin restricción
2021,2929,2021-06-25,Viernes,13:50:00,,0.0,2,"Automóvil,Otros",Pavón 137,2,0,0,0,1,0,1,"-31.602104522418,-60.665449826228",Calle,,SANTA FE,La Capital,Asfalto,No existe,I,Dentro,Urbana,Otra Señal,No existe,Intersección,Otro,S/D,Diurna,Otro,"De alcance,Múltiple",S/D,Colisión,Otro,Faltante,Cordón divisorio,Sin restricción
2021,2930,2021-06-01,Martes,16:00:00,Ruta Nacional 11,0.0,1,Moto/Ciclomotor,9 de Julio Y Av. Santa Fe,2,1,0,0,1,0,0,"-31.268402071674,-60.759263602474",Ruta,11,NELSON,La Capital,Asfalto,No existe,I,Dentro,Urbana,Otra Señal,No existe,Intersección,Bueno,Buena,Diurna,Buen Tiempo,"De alcance,Múltiple",S/D,Colisión,Ninguna,Horizontal,Cordón divisorio,Sin restricción
2021,2932,2021-05-01,Sabado,07:15:00,,0.0,2,"Automóvil,Otros",Bv Cafferata Y Colautti,2,1,0,0,1,0,0,"-32.76798, -60.77842",S/D,,RICARDONE,San Lorenzo,Asfalto,No existe,XVII,Dentro,Urbana,Otra Señal,No existe,Intersección,Bueno,Buena,Diurna,Buen Tiempo,"De alcance,Múltiple",S/D,Colisión,Ninguna,S/D,Cordón divisorio,Sin restricción
2021,2934,2021-06-11,Viernes,13:00:00,Ruta Provincial 4,22.0,1,Moto/Ciclomotor, ,2,1,0,0,1,0,0,"-31.253898355445035, -60.8884283108",Ruta,4,NELSON,La Capital,Asfalto,Natural,I,Dentro,Urbana,Otra Señal,No existe,Intersección,Bueno,Buena,Diurna,Buen Tiempo,"De alcance,Múltiple",S/D,Colisión,Ninguna,Horizontal,Cordón divisorio,Sin restricción
2021,2935,2021-06-28,Lunes,17:00:00,,0.0,2,"Automóvil,Moto/Ciclomotor",1ro de Mayo Y Rivadavia,2,1,0,0,1,0,0,"-31.266251656,-60.765246899202",Calle,,NELSON,La Capital,Asfalto,No existe,I,Dentro,Urbana,Otra Señal,No existe,Intersección,Bueno,Buena,Diurna,Buen Tiempo,"De alcance,Múltiple",S/D,Colisión,Ninguna,Faltante,Cordón divisorio,Sin restricción
2021,2936,2021-06-08,Martes,16:30:00,,0.0,2,"Moto/Ciclomotor,Pickup/Utilitario",Las Heras Y Lavaisse,3,2,0,0,1,0,0,"-31.613951284303,-60.690904320614",Calle,,SANTA FE,La Capital,Asfalto,No existe,I,Dentro,Urbana,Otra Señal,No existe,Intersección,Bueno,Buena,Diurna,S/D,"De alcance,Múltiple",S/D,Colisión,Ninguna,Faltante,Cordón divisorio,Sin restricción
2021,2937,2021-06-04,Viernes,16:30:00,,0.0,2,"Automóvil,Moto/Ciclomotor",4 de enero Y Obispo Gelabert,2,1,0,0,1,0,0,"-31.660470565259,-60.776768432051",Calle,,SANTO TOMÉ,La Capital,Tierra,No existe,I,Dentro,Urbana,Otra Señal,No existe,Intersección,Bueno,Buena,Diurna,Buen Tiempo,"De alcance,Múltiple",S/D,Colisión,Ninguna,Faltante,Cordón divisorio,Sin restricción
2021,2938,2021-04-18,Domingo,00:40:00,Autopista Provincial Brigadier E.LÓPEZ,96.0,3,"Camión c / Acoplado,Camión c / Acoplado,Pickup/Utilitario", ,4,1,0,0,2,1,0,"-32.07624, -60.99294",Autopista,Brigadier E.LÓPEZ,AROCENA,San JERÓNIMO,Asfalto,Natural,XV,Dentro,Rural,Otra Señal,No existe,Intersección,Bueno,Buena,Nocturna,Buen Tiempo,"De alcance,Múltiple",S/D,Colisión,Ninguna,Faltante,Cordón divisorio,Sin restricción
2021,2939,2021-06-11,Viernes,11:00:00,,0.0,2,"Moto/Ciclomotor,Camión Chasis",Av. Blas Parera Y Don Guanella,2,1,0,0,1,0,0,"-31.594368301904,-60.723380092765",Avenida,,SANTA FE,La Capital,Asfalto,No existe,I,Dentro,Urbana,Otra Señal,Funciona,Intersección,Bueno,Buena,Diurna,Buen Tiempo,"De alcance,Múltiple",S/D,Colisión,Ninguna,"Horizontal,Vertical",Cordón divisorio,Sin restricción
2021,2940,2021-06-10,Jueves,18:50:00,,0.0,2,"Pickup/Utilitario,Peatón",Corrientes Y Tucumán,2,1,0,0,1,0,0,"-31.656466090097,-60.779044082333",Calle,,SANTO TOMÉ,La Capital,Asfalto,No existe,I,Dentro,Urbana,Otra Señal,No existe,Intersección,Bueno,Buena,Nocturna,Buen Tiempo,"De alcance,Múltiple",Peatón,Colisión,Ninguna,Faltante,Cordón divisorio,Sin restricción
2021,2941,2021-06-12,Sabado,12:10:00,,0.0,2,"Moto/Ciclomotor,Automóvil",Laprida Y Salvador del Carril,2,1,0,0,1,0,0,"-31.621664996144,-60.679431220215",Calle,,SANTA FE,La Capital,Asfalto,No existe,I,Dentro,Urbana,Otra Señal,No existe,Intersección,Bueno,Buena,Diurna,Buen Tiempo,"De alcance,Múltiple",S/D,Colisión,Ninguna,Faltante,Cordón divisorio,Sin restricción
2021,2942,2021-03-27,Sabado,,,0.0,2,"Pickup/Utilitario,Automóvil",Bv Pte. Roca ,3,1,0,0,2,0,0,"-31.25024, -61.50646",Calle,,RAFAELA,Castellanos,Asfalto,S/D,III,Dentro,Urbana,Otra Señal,S/D,Intersección,S/D,S/D,Nocturna,S/D,"De alcance,Múltiple",S/D,Colisión,S/D,S/D,Cordón divisorio,Sin restricción
2021,2943,2021-06-11,Viernes,14:45:00,,0.0,2,"Pickup/Utilitario,Moto/Ciclomotor",1 de mayo Y Pres Domingo Faustino Sarmiento,2,1,0,0,1,0,0,"-31.659412967206,-60.775689462567",Calle,,SANTO TOMÉ,La Capital,Asfalto,No existe,I,Dentro,Urbana,Otra Señal,No existe,Intersección,Bueno,Buena,Diurna,Buen Tiempo,"De alcance,Múltiple",S/D,Colisión,Ninguna,Faltante,Cordón divisorio,Sin restricción
2021,2944,2021-06-12,Sabado,16:30:00,,0.0,2,"Bicicleta,Automóvil",Pedro Centeno 2000,2,1,0,0,1,0,0,"-31.628737662462,-60.694112397106",Calle,,SANTA FE,La Capital,Asfalto,No existe,I,Dentro,Urbana,Otra Señal,No existe,Intersección,Bueno,Buena,Diurna,Buen Tiempo,"De alcance,Múltiple",Ciclista,Colisión,Ninguna,Faltante,Cordón divisorio,Sin restricción
2021,2946,2021-03-30,Martes,,,0.0,2,"Moto/Ciclomotor,Camión",Calle 21-Gdor. Iriondo Y Calle 10-Ludueña,3,2,0,0,1,0,0,"-29.14798, -59.64162",Calle,,RECONQUISTA,General Obligado,Asfalto,Ripio,IX,Dentro,Urbana,Otra Señal,No existe,Intersección,S/D,S/D,S/D,S/D,"De alcance,Múltiple",S/D,Colisión,S/D,Faltante,Cordón divisorio,Sin restricción
2021,2947,2021-06-30,Miercoles,14:20:00,,0.0,2,"Automóvil,Moto/Ciclomotor",Balcarce Y Mariano Candioti,2,1,0,0,1,0,0,"-31.678555833476,-60.756665905564",Calle,,SANTO TOMÉ,La Capital,Asfalto,No existe,I,Dentro,Urbana,Otra Señal,No existe,Intersección,Bueno,Buena,Diurna,Buen Tiempo,"De alcance,Múltiple",S/D,Colisión,Ninguna,Faltante,Cordón divisorio,Sin restricción
2021,2948,2021-06-24,Jueves,20:40:00,,0.0,2,"Automóvil,Moto/Ciclomotor",Mariano Candioti Y Rca Oriental del Uruguay,2,1,0,0,1,0,0,"-31.684469302221,-60.757852885185",Calle,,SANTO TOMÉ,La Capital,Asfalto,No existe,I,Dentro,Urbana,Otra Señal,No existe,Intersección,Bueno,Buena,Diurna,Buen Tiempo,"De alcance,Múltiple",S/D,Colisión,Ninguna,Faltante,Cordón divisorio,Sin restricción
2021,2949,2021-06-08,Martes,06:05:00,,0.0,2,"Moto/Ciclomotor,Automóvil",Av. Uriburu Y Italia,2,1,0,0,1,0,0,"-32.990997283224,-60.659532609393",Avenida,,ROSARIO,Rosario,Asfalto,No existe,II,Dentro,Urbana,Otra Señal,Funciona,Intersección,Bueno,Buena,Diurna,Buen Tiempo,"De alcance,Múltiple",S/D,Colisión,Ninguna,"Horizontal,Vertical",Cordón divisorio,Sin restricción
2021,2950,2021-06-22,Martes,18:30:00,,0.0,2,"Automóvil,Moto/Ciclomotor",Libertad Y Lisandro de La Torre,3,2,0,0,1,0,0,"-31.68026922169,-60.762738437314",Calle,,SANTO TOMÉ,La Capital,Asfalto,No existe,I,Dentro,Urbana,Otra Señal,No existe,Intersección,Bueno,Buena,Atardecer,Buen Tiempo,"De alcance,Múltiple",S/D,Colisión,Ninguna,Faltante,Cordón divisorio,Sin restricción
2021,2951,2021-06-20,Domingo,19:30:00,,0.0,2,"Taxi/Remis,Moto/Ciclomotor",Juan Bautista Alberdi Y Presidente Bernardino Rivadavia,2,1,0,0,1,0,0,"-31.681444833473,-60.767462135431",Calle,,SANTO TOMÉ,La Capital,Asfalto,No existe,I,Dentro,Urbana,Otra Señal,No existe,Intersección,Bueno,Buena,"Nocturna,Con luz artificial",Buen Tiempo,"De alcance,Múltiple",S/D,Colisión,Ninguna,Faltante,Cordón divisorio,Sin restricción
2021,2952,2021-03-31,Miercoles,08:10:00,,0.0,2,"Moto/Ciclomotor,Automóvil",Guillermo Brown Y Gral. José de San Martin,2,1,0,0,1,0,0,"-33.74, -61.97004",Calle,,VENADO TUERTO,General LÓPEZ,Asfalto,S/D,VIII,Dentro,Urbana,Otra Señal,S/D,Intersección,S/D,S/D,Diurna,S/D,"De alcance,Múltiple",S/D,Colisión,S/D,S/D,Cordón divisorio,Sin restricción
2021,2953,2021-06-12,Sabado,17:15:00,,0.0,2,"Moto/Ciclomotor,Automóvil",Ángel Cassanello Y Tacuarí,2,1,0,0,1,0,0,"-31.613094806671164,-60.67700207233",Calle,,SANTA FE,La Capital,Asfalto,No existe,I,Dentro,Urbana,Otra Señal,No existe,Intersección,Bueno,Buena,Diurna,Buen Tiempo,"De alcance,Múltiple",S/D,Colisión,Ninguna,"Horizontal,Vertical",Cordón divisorio,Sin restricción
2021,2955,2021-06-15,Martes,13:40:00,,0.0,2,"Moto/Ciclomotor,Pickup/Utilitario",Av. Uriburu Y G.Carrasco,3,2,0,0,1,0,0,"-32.991665962765,-60.675334472637",Avenida,,ROSARIO,Rosario,Asfalto,No existe,II,Dentro,Urbana,Otra Señal,No existe,Intersección,Bueno,Buena,Diurna,Buen Tiempo,"De alcance,Múltiple",S/D,Colisión,Ninguna,Faltante,Cordón divisorio,Sin restricción
2021,2956,2021-06-09,Miercoles,07:52:00,Autopista Nacional A008,0.0,2,"Bicicleta,Automóvil",Av. Circunvalación Y Av. Ovidio Lagos,2,1,0,0,1,0,0,"-33.00800979137421,-60.676870644092",Autopista,A008,ROSARIO,Rosario,Asfalto,Pavimento,II,Dentro,Urbana,Otra Señal,No existe,Intersección,Bueno,Buena,Diurna,Buen Tiempo,"De alcance,Múltiple",Ciclista,Colisión,Ninguna,Faltante,Cordón divisorio,Sin restricción
2021,2957,2021-03-31,Miercoles,,Autopista Nacional A008,0.0,2,"Moto/Ciclomotor,Pickup/Utilitario",Av. Circunvalación ,2,1,0,0,1,0,0,"-32.959897, -60.720778",Autopista,A008,ROSARIO,Rosario,Asfalto,S/D,II,Dentro,Urbana,Otra Señal,No existe,Intersección,S/D,S/D,S/D,S/D,"De alcance,Múltiple",S/D,Colisión,S/D,S/D,Cordón divisorio,Sin restricción
2021,2958,2021-06-01,Martes,07:20:00,,0.0,2,"Moto/Ciclomotor,Camión c / Acoplado",Av. Francia Y Av. Francia,2,1,0,0,1,0,0,"-32.991563121583,-60.678271694355",Avenida,,ROSARIO,Rosario,Asfalto,No existe,II,Dentro,Urbana,Otra Señal,Funciona,Intersección,Bueno,Buena,Diurna,Buen Tiempo,"De alcance,Múltiple",S/D,Colisión,Ninguna,"Horizontal,Vertical",Cordón divisorio,Sin restricción
2021,2959,2021-06-22,Martes,18:40:00,,0.0,2,"Moto/Ciclomotor,Automóvil",Bv. Seguí Y Castellanos,3,2,0,0,1,0,0,"-32.972542212297,-60.683297262965",Avenida,,ROSARIO,Rosario,Asfalto,No existe,II,Dentro,Urbana,Otra Señal,No existe,Intersección,Bueno,Reducida,Atardecer,Buen Tiempo,"De alcance,Múltiple",S/D,Colisión,Ninguna,Horizontal,Cordón divisorio,Sin restricción
2021,2960,2021-06-14,Lunes,20:40:00,,0.0,2,"Moto/Ciclomotor,Automóvil",Laprida Y Regis Martínez,2,1,0,0,1,0,0,"-31.623074338297,-60.679815615403",Calle,,SANTA FE,La Capital,Asfalto,No existe,I,Dentro,Urbana,Otra Señal,No existe,Intersección,Bueno,Buena,Nocturna,Buen Tiempo,"De alcance,Múltiple",S/D,Colisión,Ninguna,Faltante,Cordón divisorio,Sin restricción
2021,2961,2021-04-20,Martes,21:00:00,,0.0,2,"Peatón,Moto/Ciclomotor",Calle 19-Habegger Y Calle 16-Obligado,3,2,0,0,0,1,0,"-29.14648, -59.64515",Calle,,RECONQUISTA,General Obligado,Asfalto,No existe,IX,S/D,Urbana,Otra Señal,No existe,Intersección,Bueno,Buena,Nocturna,Buen Tiempo,"De alcance,Múltiple",Peatón,Colisión,Ninguna,Vertical,Cordón divisorio,Sin restricción
2021,2962,2021-06-15,Martes,13:50:00,,0.0,2,"Automóvil,Automóvil",Derqui Y Rivadavia,2,1,0,0,1,0,0,"-31.61850022485,-60.687723523073",Calle,,SANTA FE,La Capital,Asfalto,No existe,I,Dentro,Urbana,Otra Señal,No existe,Intersección,Bueno,Buena,Diurna,Buen Tiempo,"De alcance,Múltiple",S/D,Colisión,Ninguna,Faltante,Cordón divisorio,Sin restricción
2021,2963,2021-03-16,Martes,19:00:00,,0.0,2,"Bicicleta,Automóvil",Liniers Y Saavedra,2,1,0,0,1,0,0,"-32.96943, -60.69746",Calle,,ROSARIO,Rosario,Asfalto,No existe,II,Dentro,Urbana,Otra Señal,No existe,Intersección,S/D,S/D,Diurna,S/D,"De alcance,Múltiple",Ciclista,Colisión,Ninguna,Faltante,Cordón divisorio,Sin restricción
2021,2964,2021-03-16,Martes,18:00:00,,0.0,3,"Peatón,Moto/Ciclomotor,Automóvil",Centeno Y Vera Mujica,3,1,0,0,2,0,0,"-33.001, -60.67924",Calle,,ROSARIO,Rosario,Asfalto,No existe,II,Dentro,Urbana,Otra Señal,No existe,Intersección,Bueno,Buena,Diurna,Buen Tiempo,"De alcance,Múltiple",S/D,Colisión,Ninguna,Faltante,Cordón divisorio,Sin restricción
2021,2965,2021-04-22,Jueves,12:30:00,,0.0,1,Automóvil,Padre Malaver Y Ignacio Crespo,1,0,0,0,0,1,0,"-31.56249, -60.72073",Calle,,SANTA FE,La Capital,Tierra,No existe,I,S/D,Urbana,Otra Señal,No existe,Intersección,Bueno,S/D,Diurna,S/D,"De alcance,Múltiple",S/D,Colisión,Ninguna,Faltante,Cordón divisorio,Sin restricción
2021,2966,2021-03-16,Martes,19:20:00,,0.0,2,"Automóvil,Moto/Ciclomotor",Bv. Seguí Y Paraguay,2,1,0,0,1,0,0,"-32.97816, -60.65194",Calle,,ROSARIO,Rosario,Asfalto,No existe,II,S/D,Urbana,Otra Señal,No existe,Intersección,S/D,Buena,Atardecer,Buen Tiempo,"De alcance,Múltiple",S/D,Colisión,S/D,Faltante,Cordón divisorio,Sin restricción
2021,2967,2021-06-16,Miercoles,12:25:00,,0.0,2,"Bicicleta,Pickup/Utilitario",Av. Gral. Paz Y J M Zuviria,2,1,0,0,1,0,0,"-31.619913758667,-60.685647159169",Avenida,,SANTA FE,La Capital,Asfalto,No existe,I,Dentro,Urbana,Otra Señal,No existe,Intersección,Bueno,Buena,Diurna,Buen Tiempo,"De alcance,Múltiple",Ciclista,Colisión,Ninguna,Faltante,Cordón divisorio,Sin restricción
2021,2968,2021-06-19,Sabado,12:20:00,,0.0,2,"Automóvil,Moto/Ciclomotor",Mariano Moreno Y Vicente López y Planes,4,3,0,0,1,0,0,"-31.678327483702,-60.769213440648",Calle,,SANTO TOMÉ,La Capital,Asfalto,No existe,I,Dentro,Urbana,Otra Señal,No existe,Intersección,Bueno,Buena,Diurna,Buen Tiempo,"De alcance,Múltiple",S/D,Colisión,Ninguna,Faltante,Cordón divisorio,Sin restricción
2021,2969,2021-03-16,Martes,08:20:00,,0.0,2,"Automóvil,Moto/Ciclomotor",Mariano Moreno Y Córdoba,3,1,0,0,2,0,0,"-32.9442, -60.65059",Calle,,ROSARIO,Rosario,Asfalto,S/D,II,S/D,Urbana,Otra Señal,S/D,Intersección,S/D,S/D,Diurna,S/D,"De alcance,Múltiple",S/D,Colisión,S/D,S/D,Cordón divisorio,Sin restricción
2021,2970,2021-04-19,Lunes,10:40:00,,0.0,2,"Pickup/Utilitario,Peatón",San Martin Y 25 de mayo,2,0,0,0,1,1,0,"-32.19757, -61.4924",Calle,,LAS BANDURRIAS,San MARTÍN,Asfalto,No existe,XVIII,S/D,Urbana,Otra Señal,No existe,Intersección,Con baches,Buena,Diurna,Buen Tiempo,"De alcance,Múltiple",Peatón,Colisión,Ninguna,Faltante,Cordón divisorio,Sin restricción
2021,2971,2021-06-16,Miercoles,14:10:00,,0.0,2,"Taxi/Remis,Moto/Ciclomotor",Agustín Delgado Y Dorrego,2,1,0,0,1,0,0,"-31.624411844333,-60.68267632987",Calle,,SANTA FE,La Capital,Asfalto,No existe,I,Dentro,Urbana,Otra Señal,No existe,Intersección,Bueno,Buena,Diurna,Buen Tiempo,"De alcance,Múltiple",S/D,Colisión,Ninguna,Faltante,Cordón divisorio,Sin restricción
2021,2972,2021-06-07,Lunes,19:50:00,,0.0,2,"Automóvil,Moto/Ciclomotor",Centenario Y Juan Bautista Alberdi,2,1,0,0,1,0,0,"-31.681786751089,-60.765339911168",Calle,,SANTO TOMÉ,La Capital,Asfalto,No existe,I,Dentro,Urbana,Otra Señal,No existe,Intersección,Bueno,Buena,"Nocturna,Con luz artificial",Buen Tiempo,"De alcance,Múltiple",S/D,Colisión,Ninguna,Faltante,Cordón divisorio,Sin restricción
2021,2974,2021-06-09,Miercoles,13:00:00,,0.0,2,"Moto/Ciclomotor,Automóvil",Cafferata Y Saavedra,3,2,0,0,1,0,0,"-32.972040790494,-60.678918065935",Calle,,ROSARIO,Rosario,Asfalto,No existe,II,Dentro,Urbana,Otra Señal,No existe,Intersección,Bueno,Buena,Diurna,Buen Tiempo,"De alcance,Múltiple",S/D,Colisión,Ninguna,Vertical,Cordón divisorio,Sin restricción
2021,2975,2021-03-16,Martes,15:15:00,,0.0,2,"Moto/Ciclomotor,Otros",Bv. Oroño 2400,3,1,0,0,1,0,1,"-32.96249, -60.65811",Avenida,,ROSARIO,Rosario,Asfalto,No existe,II,Dentro,Urbana,Otra Señal,S/D,Intersección,Bueno,Buena,Diurna,Buen Tiempo,"De alcance,Múltiple",S/D,Colisión,Ninguna,Faltante,Cordón divisorio,Sin restricción
2021,2976,2021-04-25,Domingo,16:30:00,Ruta Provincial 92,27.0,2,"Bicicleta,Moto/Ciclomotor", ,2,0,0,0,0,2,0,"-33.13956, -61.45698",Ruta,92,AREQUITO,Caseros,Asfalto,Natural,IV,Dentro,Urbana,Otra Señal,No existe,Intersección,Bueno,Buena,Diurna,Buen Tiempo,"De alcance,Múltiple",Ciclista,Colisión,Ninguna,Faltante,Cordón divisorio,Sin restricción
2021,2978,2021-06-16,Miercoles,19:15:00,,0.0,3,"Peatón,Peatón,Automóvil",Pedro de Vega Y Rivadavia,3,2,0,0,1,0,0,"-31.611387620511,-60.693846625226",Calle,,SANTA FE,La Capital,Asfalto,No existe,I,Dentro,Urbana,Otra Señal,No existe,Intersección,Bueno,Buena,Diurna,Buen Tiempo,"De alcance,Múltiple",Peatón,Colisión,Ninguna,Faltante,Cordón divisorio,Sin restricción
2021,2979,2021-06-07,Lunes,17:50:00,,0.0,2,"Moto/Ciclomotor,Automóvil",Cornelio de Saavedra Y Vicente López y Planes,3,2,0,0,1,0,0,"-31.678112118698,-60.770529873921",Calle,,SANTO TOMÉ,La Capital,Asfalto,Pavimento,I,Dentro,Urbana,Otra Señal,No existe,Intersección,Bueno,Buena,Atardecer,Buen Tiempo,"De alcance,Múltiple",S/D,Colisión,Ninguna,Faltante,Cordón divisorio,Sin restricción
2021,2980,2021-03-16,Martes,14:00:00,Ruta Nacional 11,685.0,2,"Automóvil,Automóvil", ,4,3,0,0,1,0,0,"-29.79195, -60.27003",Ruta,11,CALCHAQUÍ,Vera,Asfalto,Natural,XIX,Fuera,Rural,Otra Señal,No existe,Intersección,Resbaladiza,Buena,Diurna,Buen Tiempo,"De alcance,Múltiple",S/D,Colisión,Ninguna,Faltante,Cordón divisorio,Sin restricción
2021,2981,2021-06-18,Viernes,13:50:00,Ruta Provincial 1,3.0,2,"Automóvil,Automóvil", ,2,1,0,0,1,0,0,"-31.621487547776226, -60.5957470525",Ruta,1,COLASTINE,La Capital,Asfalto,Pavimento,I,Dentro,Urbana,Otra Señal,Funciona,Intersección,Bueno,Buena,Diurna,Buen Tiempo,"De alcance,Múltiple",S/D,Colisión,Ninguna,"Horizontal,Vertical",Cordón divisorio,Sin restricción
2021,2982,2021-06-22,Martes,12:00:00,,0.0,2,"Moto/Ciclomotor,Automóvil",Alberti Y Av. Galicia,3,1,0,0,2,0,0,"-31.607282457657,-60.683299489668",Calle,,SANTA FE,La Capital,Asfalto,No existe,I,Dentro,Urbana,Otra Señal,No existe,Intersección,Bueno,Buena,Diurna,Buen Tiempo,"De alcance,Múltiple",S/D,Colisión,Ninguna,Faltante,Cordón divisorio,Sin restricción
2021,2984,2021-06-05,Sabado,15:05:00,,0.0,2,"Moto/Ciclomotor,Automóvil",Bv. Avellaneda Y Gral.Mosconi,2,2,0,0,0,0,0,"-32.983563796386,-60.688788193304",Avenida,,ROSARIO,Rosario,Asfalto,No existe,II,Dentro,Urbana,Otra Señal,No existe,Intersección,Bueno,Buena,Diurna,Buen Tiempo,"De alcance,Múltiple",S/D,Colisión,Ninguna,Faltante,Cordón divisorio,Sin restricción
2021,2985,2021-03-17,Miercoles,16:50:00,,0.0,2,"Moto/Ciclomotor,Automóvil",Av. San Martin 400,3,1,0,0,2,0,0,"-32.79813, -60.72175",Avenida,,FRAY LUIS BELTRÁN,San Lorenzo,Asfalto,Pavimento,XVII,S/D,Urbana,Otra Señal,No existe,Intersección,Bueno,Buena,Diurna,Otro,"De alcance,Múltiple",S/D,Colisión,Ninguna,Faltante,Cordón divisorio,Sin restricción
2021,2986,2021-06-14,Lunes,18:30:00,Ruta Provincial 1,3.0,2,"Moto/Ciclomotor,Bicicleta", ,3,3,0,0,0,0,0,"-31.623341973158308, -60.5991327980",Ruta,1,COLASTINE,La Capital,Asfalto,No existe,I,Dentro,Urbana,Otra Señal,Funciona,Intersección,Bueno,Buena,Atardecer,Buen Tiempo,"De alcance,Múltiple",S/D,Colisión,Ninguna,"Horizontal,Vertical",Cordón divisorio,Sin restricción
2021,2987,2021-03-17,Miercoles,19:45:00,,0.0,2,"Moto/Ciclomotor,Automóvil",9 de Julio Y Irigoyen,3,2,0,0,1,0,0,"-32.73821, -60.73605",Calle,,SAN LORENZO,San Lorenzo,S/D,S/D,XVII,S/D,Urbana,Otra Señal,S/D,Intersección,S/D,S/D,Atardecer,S/D,"De alcance,Múltiple",S/D,Colisión,S/D,S/D,Cordón divisorio,Sin restricción
2021,2988,2021-06-09,Miercoles,18:00:00,Ruta Provincial 1,3.0,2,"Moto/Ciclomotor,Automóvil", ,2,1,0,0,1,0,0,"-31.62171021449798, -60.59612603302",Ruta,1,COLASTINE,La Capital,Asfalto,Pavimento,I,Dentro,Urbana,Otra Señal,Funciona,Intersección,Bueno,Buena,Atardecer,Buen Tiempo,"De alcance,Múltiple",S/D,Colisión,Ninguna,"Horizontal,Vertical",Cordón divisorio,Sin restricción
2021,2989,2021-04-25,Domingo,20:45:00,Ruta Secundaria 97-s,12.0,1,Automóvil,Maldonado ,1,0,0,0,0,1,0,"-28.83925, -59.62858",Ruta,97-s,LANTERI,General Obligado,Asfalto,Natural,IX,S/D,Rural,Otra Señal,No existe,Intersección,Bueno,Reducida,Nocturna,Buen Tiempo,"De alcance,Múltiple",S/D,Colisión,S/D,S/D,Cordón divisorio,Sin restricción
2021,2991,2021-05-24,Lunes,11:10:00,,0.0,2,"Automóvil,Automóvil",Córdoba Y San Juan,3,1,0,0,2,0,0,"-32.7084, -60.74317",Calle,,PUERTO SAN MARTÍN,San Lorenzo,Asfalto,No existe,XVII,Dentro,Urbana,Otra Señal,No existe,Intersección,Bueno,Buena,Diurna,Buen Tiempo,"De alcance,Múltiple",S/D,Colisión,Ninguna,Faltante,Cordón divisorio,Sin restricción