anio_acci,nro_acci,fecha,desc_dia,hora_aprox,desc_ruta,km,cant_participantes,desc_participante,calle_avenida_km,total,heridos_leves,heridos_graves,heridos_gravisimos,ilesos,fallecidos,sin_datos,posicion_XY,desc_tipo_via,desc_ruta_ori,desc_loc,desc_dpto,desc_tipo_calzada,desc_tipo_banquina,desc_unidad_regional,desc_lugar_calzada,desc_zona,desc_prioridad,desc_estado_semaforo,desc_lugar_via,desc_estado_via,desc_estado_visibilidad,desc_luminosidad,desc_estado_clima,desc_tipo_colision,desc_tipo_atropello,desc_tipo_hecho,desc_pres_calzada,desc_senializacion,desc_separacion_via,desc_restriccion
2021,2992,2021-06-07,Lunes,18:00:00,Ruta Provincial 1,2.0,2,"Moto/Ciclomotor,Automóvil", ,6,1,0,0,5,0,0,"-31.626381343263265, -60.6044980466",Ruta,1,COLASTINE,La Capital,Asfalto,Pavimento,I,Dentro,Urbana,Otra Señal,Funciona,Intersección,Bueno,Reducida,Atardecer,Buen Tiempo,"De alcance,Múltiple",S/D,Colisión,Ninguna,Vertical,Cordón divisorio,Sin restricción
2021,2993,2021-05-31,Lunes,15:10:00,Ruta Nacional 11,0.0,2,"Automóvil,Moto/Ciclomotor",Av. San Martin Y Pte. Illia -Ex. Entre Ríos,2,1,0,0,1,0,0,"-32.79143, -60.72381",Ruta,11,FRAY LUIS BELTRÁN,San Lorenzo,Asfalto,Pavimento,XIII,Dentro,Urbana,Otra Señal,Funciona,Intersección,Bueno,Buena,Diurna,Buen Tiempo,"De alcance,Múltiple",S/D,Colisión,Ninguna,S/D,Cordón divisorio,Sin restricción
2021,2994,2021-06-22,Martes,19:00:00,,0.0,2,"Moto/Ciclomotor,Automóvil",Avellaneda Y Salvador del Carril,2,1,0,0,1,0,0,"-31.621125, -60.682828",Calle,,SANTA FE,La Capital,Asfalto,No existe,I,Dentro,Urbana,Otra Señal,No existe,Intersección,Bueno,Buena,Diurna,Buen Tiempo,"De alcance,Múltiple",S/D,Colisión,Ninguna,Faltante,Cordón divisorio,Sin restricción
2021,2995,2021-06-10,Jueves,,,0.0,2,"Peatón,Automóvil",Castellanos Y Pte. Quintana,3,1,0,0,1,0,1,"-32.975935, -60.684148",Calle,,ROSARIO,Rosario,Asfalto,No existe,II,Dentro,Urbana,Otra Señal,No existe,Intersección,Bueno,Buena,Diurna,Buen Tiempo,"De alcance,Múltiple",Peatón,Colisión,Ninguna,Faltante,Cordón divisorio,Sin restricción
2021,2996,2021-06-24,Jueves,16:30:00,,0.0,2,"Moto/Ciclomotor,Automóvil",Av. Gral. Paz Y Ángel Cassanello,2,1,0,0,1,0,0,"-31.612483, -60.679930",Avenida,,SANTA FE,La Capital,Asfalto,No existe,I,Dentro,Urbana,Otra Señal,Funciona,Intersección,Bueno,Buena,Diurna,Buen Tiempo,"De alcance,Múltiple",S/D,Colisión,Ninguna,Vertical,Cordón divisorio,Sin restricción
2021,2997,2021-06-26,Sabado,16:20:00,,0.0,2,"Moto/Ciclomotor,Automóvil",J Castelli Y Las Heras,2,1,0,0,1,0,0,"-31.607612417449,-60.689029195906",Calle,,SANTA FE,La Capital,Asfalto,No existe,I,Dentro,Urbana,Otra Señal,No existe,Intersección,Bueno,Buena,Diurna,Buen Tiempo,"De alcance,Múltiple",S/D,Colisión,Ninguna,Faltante,Cordón divisorio,Sin restricción
2021,2998,2021-06-17,Jueves,15:00:00,,0.0,2,"Moto/Ciclomotor,Moto/Ciclomotor",NEMESIA CÁCERES Y URBANO PEDRIEL,3,3,0,0,0,0,0,"-31.644047498703006,-60.62698692083",Calle,,LA GUARDIA,La Capital,Arena,No existe,I,Dentro,Urbana,Otra Señal,No existe,Intersección,Bueno,Buena,Diurna,Buen Tiempo,"De alcance,Múltiple",Ciclista,Colisión,Ninguna,Faltante,Cordón divisorio,Sin restricción
2021,2999,2021-06-17,Jueves,18:25:00,,0.0,2,"Moto/Ciclomotor,Automóvil",Av. Ntra.Sra.del Rosario Y Rodríguez,3,1,0,0,2,0,0,"-33.000739, -60.670366",Avenida,,ROSARIO,Rosario,Asfalto,No existe,II,Dentro,Urbana,Otra Señal,No existe,Intersección,Bueno,Buena,Diurna,S/D,"De alcance,Múltiple",S/D,Colisión,Ninguna,Faltante,Cordón divisorio,Sin restricción
2021,3000,2021-06-07,Lunes,09:10:00,,0.0,1,Moto/Ciclomotor,Córdoba 690,1,1,0,0,0,0,0,"-31.513466835021994,-60.68563878536",Calle,,MONTE VERA,La Capital,Tierra,No existe,I,Dentro,Urbana,Otra Señal,No existe,Intersección,Bueno,Buena,Diurna,Buen Tiempo,"De alcance,Múltiple",S/D,Colisión,Ninguna,Faltante,Cordón divisorio,Sin restricción
2021,3001,2021-04-28,Miercoles,16:30:00,,0.0,2,"Moto/Ciclomotor,Pickup/Utilitario",Rosario Y Av. Menchaca,3,0,0,0,2,1,0,"-28.24405, -59.45087",Calle,,VILLA GUILLERMINA,General Obligado,Hormigón,Natural,IX,Dentro,Urbana,Otra Señal,No existe,Intersección,Bueno,Buena,Diurna,Buen Tiempo,"De alcance,Múltiple",S/D,Colisión,Ninguna,Faltante,Cordón divisorio,Sin restricción
2021,3002,2021-06-06,Domingo,20:10:00,,0.0,2,"Peatón,Moto/Ciclomotor",Camino Nuevo Soldini ,2,2,0,0,0,0,0,"-33.021582, -60.702321",Camino Rural,,ROSARIO,Rosario,Asfalto,S/D,II,Dentro,Rural,Otra Señal,S/D,Intersección,Bueno,S/D,Nocturna,Buen Tiempo,"De alcance,Múltiple",Peatón,Colisión,S/D,S/D,Cordón divisorio,Sin restricción
2021,3003,2021-06-11,Viernes,07:45:00,Ruta Provincial 2,12.0,2,"Bicicleta,Moto/Ciclomotor", ,2,1,0,0,1,0,0,"-31.447970371999077, -60.6704523714",Ruta,2,ARROYO AGUIAR,La Capital,Asfalto,Natural,I,Dentro,Urbana,Otra Señal,No existe,Intersección,Bueno,Buena,Diurna,Buen Tiempo,"De alcance,Múltiple",Ciclista,Colisión,Ninguna,Horizontal,Cordón divisorio,Sin restricción
2021,3004,2021-06-28,Lunes,11:40:00,,0.0,2,"Moto/Ciclomotor,Automóvil",Candioti Y Gorostiaga,2,1,0,0,1,0,0,"-31.613504307655,-60.68850351836",Calle,,SANTA FE,La Capital,Asfalto,No existe,I,Dentro,Urbana,Otra Señal,No existe,Intersección,Bueno,Buena,Diurna,Buen Tiempo,"De alcance,Múltiple",S/D,Colisión,Ninguna,Faltante,Cordón divisorio,Sin restricción
2021,3005,2021-06-17,Jueves,17:20:00,,0.0,2,"Pickup/Utilitario,Moto/Ciclomotor",Av. Ovidio Lagos Y Esteban de Luca,3,2,0,0,1,0,0,"-32.995746, -60.674311",Avenida,,ROSARIO,Rosario,Asfalto,No existe,II,Dentro,Urbana,Otra Señal,No existe,Intersección,Bueno,Reducida,Diurna,Buen Tiempo,"De alcance,Múltiple",S/D,Colisión,Ninguna,Faltante,Cordón divisorio,Sin restricción
2021,3006,2021-06-14,Lunes,08:30:00,Ruta Provincial 2,1.0,2,"Bicicleta,Moto/Ciclomotor", ,2,2,0,0,0,0,0,"-31.548486362003118, -60.6915243123",Ruta,2,MONTE VERA,La Capital,Asfalto,Natural,I,Dentro,Urbana,Otra Señal,No existe,Intersección,Bueno,Buena,Diurna,Buen Tiempo,"De alcance,Múltiple",Ciclista,Colisión,Ninguna,Horizontal,Cordón divisorio,Sin restricción
2021,3007,2021-05-28,Viernes,,,0.0,2,"Bicicleta,Pickup/Utilitario",C Colon 700,2,1,0,0,1,0,0,"-32.81448, -60.72092",Calle,,CAPITÁN BERMÚDEZ,San Lorenzo,S/D,S/D,XVII,S/D,S/D,Otra Señal,S/D,Intersección,S/D,S/D,S/D,S/D,"De alcance,Múltiple",S/D,Colisión,S/D,S/D,Cordón divisorio,Sin restricción
2021,3008,2021-06-30,Miercoles,17:50:00,,0.0,2,"Automóvil,Automóvil",Av. Gral. Paz Y Pje Calcena,6,2,0,0,2,0,2,"-31.624495685058,-60.688895369136",Avenida,,SANTA FE,La Capital,Asfalto,No existe,I,Dentro,Urbana,Otra Señal,No existe,Intersección,Bueno,Buena,Diurna,Buen Tiempo,"De alcance,Múltiple",S/D,Colisión,Ninguna,Horizontal,Cordón divisorio,Sin restricción
2021,3009,2021-06-14,Lunes,13:10:00,,0.0,2,"Automóvil,Automóvil",Entre Ríos ,4,2,0,0,2,0,0,"-31.516008, -60.685156",Calle,,MONTE VERA,La Capital,Tierra,No existe,I,Dentro,Urbana,Otra Señal,No existe,Intersección,Bueno,Buena,Diurna,Buen Tiempo,"De alcance,Múltiple",S/D,Colisión,Ninguna,Faltante,Cordón divisorio,Sin restricción
2021,3010,2021-05-21,Viernes,,,0.0,2,"Peatón,Pickup/Utilitario",Av. San Lorenzo Y Pte. Perón,2,1,0,0,1,0,0,"-32.82211, -60.71454",Avenida,,CAPITÁN BERMÚDEZ,San Lorenzo,S/D,S/D,XVII,Dentro,Urbana,Otra Señal,S/D,Intersección,S/D,S/D,S/D,S/D,"De alcance,Múltiple",S/D,Colisión,S/D,S/D,Cordón divisorio,Sin restricción
2021,3011,2021-06-18,Viernes,20:00:00,Ruta Provincial 2,0.0,2,"Bicicleta,Pickup/Utilitario",AV LOS QUINTEROS ,2,1,0,0,1,0,0,"-31.554169356822968,-60.68693161010",Ruta,2,ANGEL GALLARDO,La Capital,Asfalto,No existe,I,Dentro,Urbana,Otra Señal,No existe,Intersección,Bueno,Buena,Diurna,Buen Tiempo,"De alcance,Múltiple",Ciclista,Colisión,Ninguna,Horizontal,Cordón divisorio,Sin restricción
2021,3012,2021-06-03,Jueves,18:00:00,,0.0,2,"Moto/Ciclomotor,Automóvil",Castellanos Y Necochea,2,1,0,0,1,0,0,"-31.636479926784,-60.694122462781",Calle,,SANTA FE,La Capital,Asfalto,No existe,I,Dentro,Urbana,Otra Señal,No existe,Intersección,Bueno,Buena,Diurna,Buen Tiempo,"De alcance,Múltiple",S/D,Colisión,Ninguna,Horizontal,Cordón divisorio,Sin restricción
2021,3013,2021-06-01,Martes,19:30:00,,0.0,2,"Bicicleta,Automóvil",Alvear Y Calchines,2,1,0,0,1,0,0,"-31.641613456073,-60.697881792715",Calle,,SANTA FE,La Capital,Asfalto,No existe,I,Dentro,Urbana,Otra Señal,No existe,Intersección,Bueno,Buena,Atardecer,Buen Tiempo,"De alcance,Múltiple",Ciclista,Colisión,Ninguna,Faltante,Cordón divisorio,Sin restricción
2021,3014,2021-06-03,Jueves,12:40:00,,0.0,2,"Bicicleta,Automóvil",Independencia Y Vera Mujica,2,1,0,0,1,0,0,"-31.666004453874,-60.726033020241",Calle,,SANTA FE,La Capital,Asfalto,No existe,I,Dentro,Urbana,Otra Señal,No existe,Intersección,Bueno,Buena,Diurna,Buen Tiempo,"De alcance,Múltiple",Ciclista,Colisión,Ninguna,Faltante,Cordón divisorio,Sin restricción
2021,3015,2021-06-11,Viernes,15:10:00,,0.0,2,"Pickup/Utilitario,Moto/Ciclomotor",Av. Pte. Perón Y Lima,2,1,0,0,1,0,0,"-32.958057193997,-60.688177411455",Avenida,,ROSARIO,Rosario,Asfalto,No existe,II,Dentro,Urbana,Otra Señal,No existe,Intersección,Bueno,Buena,Diurna,Buen Tiempo,"De alcance,Múltiple",S/D,Colisión,Ninguna,Horizontal,Cordón divisorio,Sin restricción
2021,3017,2021-05-21,Viernes,23:00:00,Ruta Nacional 11,0.0,2,"Automóvil,Moto/Ciclomotor",Av. San Lorenzo Y Carlos Pellegrini,2,1,0,0,1,0,0,"-32.82976, -60.71219",Ruta,11,CAPITÁN BERMÚDEZ,San Lorenzo,Asfalto,S/D,XVII,Dentro,Urbana,Otra Señal,S/D,Intersección,S/D,S/D,Nocturna,S/D,"De alcance,Múltiple",S/D,Colisión,S/D,S/D,Cordón divisorio,Sin restricción
2021,3018,2021-06-11,Viernes,18:10:00,,0.0,2,"Automóvil,Bicicleta",AV PTE. PERÓN Y CISNEROS,2,1,0,0,1,0,0,"-32.979370, -60.733899",Avenida,,ROSARIO,Rosario,Asfalto,No existe,II,Dentro,Urbana,Otra Señal,No existe,Intersección,Bueno,Buena,Diurna,Buen Tiempo,"De alcance,Múltiple",Ciclista,Colisión,Ninguna,Horizontal,Cordón divisorio,Sin restricción
2021,3019,2021-06-29,Martes,19:45:00,,0.0,2,"Bicicleta,Automóvil",Laurencio Maradona 100,2,1,0,0,1,0,0,"-31.64103403159947, -60.67349974349",Calle,,SANTA FE,La Capital,Asfalto,No existe,I,Dentro,Urbana,Otra Señal,No existe,Intersección,Bueno,Buena,Nocturna,Buen Tiempo,"De alcance,Múltiple",Ciclista,Colisión,Ninguna,Faltante,Cordón divisorio,Sin restricción
2021,3020,2021-06-01,Martes,19:30:00,,0.0,2,"Moto/Ciclomotor,Automóvil",Av. Pte. Perón Y Larrea,2,1,0,0,1,0,0,"-32.96033872609,-60.696493793737",Avenida,,ROSARIO,Rosario,Asfalto,No existe,II,Dentro,Urbana,Otra Señal,No existe,Intersección,Bueno,Buena,Atardecer,Buen Tiempo,"De alcance,Múltiple",S/D,Colisión,Ninguna,Horizontal,Cordón divisorio,Sin restricción
2021,3024,2021-06-13,Domingo,21:50:00,,0.0,2,"Automóvil,Moto/Ciclomotor",Álvarez Condarco 170,2,1,0,0,1,0,0,"-32.90782928466799,-60.755934119224",Calle,,ROSARIO,Rosario,Asfalto,No existe,I,Dentro,Urbana,Otra Señal,No existe,Intersección,Bueno,Buena,Diurna,Buen Tiempo,"De alcance,Múltiple",S/D,Colisión,Ninguna,Faltante,Cordón divisorio,Sin restricción
2021,3025,2021-06-05,Sabado,05:10:00,,0.0,2,"Bicicleta,Automóvil",Montes Carballo Y Rivarola,2,1,0,0,0,0,1,"-32.966476, -60.732216",Calle,,ROSARIO,Rosario,Asfalto,No existe,II,Dentro,Urbana,Otra Señal,No existe,Intersección,Bueno,Buena,"Nocturna,Con luz artificial",Buen Tiempo,"De alcance,Múltiple",Ciclista,Colisión,Ninguna,Faltante,Cordón divisorio,Sin restricción
2021,3026,2021-06-14,Lunes,16:00:00,,0.0,2,"Pickup/Utilitario,Moto/Ciclomotor", ,2,1,0,0,1,0,0,"-31.6629700634432,-60.7618011414335",Calle,,SANTO TOMÉ,La Capital,Asfalto,Ripio,I,Dentro,Urbana,Otra Señal,No existe,Intersección,Con baches,Buena,Diurna,Buen Tiempo,"De alcance,Múltiple",S/D,Colisión,Ninguna,Faltante,Cordón divisorio,Sin restricción
2021,3027,2021-06-14,Lunes,12:05:00,,0.0,2,"Peatón,Taxi/Remis",Colombia Y J.J.Paso,2,1,0,0,1,0,0,"-32.920272052288055,-60.71742966771",Calle,,ROSARIO,Rosario,Asfalto,No existe,II,Dentro,Urbana,Otra Señal,No existe,Intersección,Bueno,S/D,Diurna,S/D,"De alcance,Múltiple",Peatón,Colisión,S/D,Faltante,Cordón divisorio,Sin restricción
2021,3028,2021-09-16,Jueves,15:18:00,,0.0,2,"Automóvil,Moto/Ciclomotor",F.M.Esquiu Y Perú Bis,3,1,0,0,2,0,0,"-32.923097155324,-60.712115995656",Calle,,ROSARIO,Rosario,Asfalto,No existe,II,Dentro,Urbana,Otra Señal,No existe,Intersección,S/D,S/D,Diurna,S/D,"De alcance,Múltiple",S/D,Colisión,S/D,Faltante,Cordón divisorio,Sin restricción
2021,3030,2021-06-11,Viernes,09:00:00,,0.0,2,"Automóvil,Camión Chasis",Av. Juan Domingo Perón Y Córdoba,3,1,0,0,2,0,0,"-33.014384467496,-60.615627662606",Avenida,,VILLA GOBERNADOR GÁLVEZ,Rosario,Asfalto,No existe,II,Dentro,Urbana,Otra Señal,No existe,Intersección,Bueno,Buena,Diurna,Buen Tiempo,"De alcance,Múltiple",S/D,Colisión,Ninguna,Vertical,Cordón divisorio,Sin restricción
2021,3031,2021-04-29,Jueves,15:10:00,Ruta Provincial 14,60.0,3,"Pickup/Utilitario,Camión c / Acoplado,Camión c / Acoplado", ,5,1,0,0,2,2,0,"-33.3641, -61.15715",Ruta,14,BIGAND,Caseros,Asfalto,Natural,IV,S/D,Rural,Otra Señal,No existe,Intersección,Bueno,Buena,Diurna,Buen Tiempo,"De alcance,Múltiple",S/D,Colisión,Ninguna,Vertical,Cordón divisorio,Sin restricción
2021,3032,2021-06-21,Lunes,18:40:00,,0.0,2,"Peatón,Automóvil",Solís Y Tucumán,2,1,0,0,1,0,0,"-32.932293984949,-60.703743711497",Calle,,ROSARIO,Rosario,Asfalto,No existe,II,Dentro,Urbana,Otra Señal,No existe,Intersección,S/D,Buena,Diurna,S/D,"De alcance,Múltiple",Peatón,Colisión,S/D,Faltante,Cordón divisorio,Sin restricción
2021,3033,2021-06-13,Domingo,19:35:00,,0.0,2,"Moto/Ciclomotor,Automóvil",17 de Octubre Y Dorrego,3,2,0,0,1,0,0,"-33.015231760237,-60.609249729692",Calle,,VILLA GOBERNADOR GÁLVEZ,Rosario,Asfalto,No existe,II,Dentro,Urbana,Otra Señal,No existe,Intersección,Bueno,Buena,Atardecer,Buen Tiempo,"De alcance,Múltiple",S/D,Colisión,Ninguna,Faltante,Cordón divisorio,Sin restricción
2021,3034,2021-05-04,Martes,21:30:00,,0.0,2,"Bicicleta,Moto/Ciclomotor",Cayetano Silva Y Dorrego,2,1,0,0,1,0,0,"-32.73304, -60.73676",Calle,,SAN LORENZO,San Lorenzo,Hormigón,S/D,XVII,S/D,Urbana,Otra Señal,S/D,Intersección,Bueno,S/D,S/D,S/D,"De alcance,Múltiple",Ciclista,Colisión,S/D,S/D,Cordón divisorio,Sin restricción
2021,3035,2021-05-19,Miercoles,16:45:00,,0.0,2,"Bicicleta,Moto/Ciclomotor",Ayacucho Y Avda. Francia,2,1,0,0,1,0,0,"-32.80468, -60.72729",Avenida,,CAPITÁN BERMÚDEZ,San Lorenzo,Asfalto,S/D,XVII,Dentro,Urbana,Otra Señal,S/D,Intersección,S/D,S/D,Diurna,S/D,"De alcance,Múltiple",S/D,Colisión,S/D,S/D,Cordón divisorio,Sin restricción
2021,3036,2021-05-08,Sabado,07:10:00,,0.0,2,"Moto/Ciclomotor,Camión c / Acoplado",Gral. Mosconi Y Sarmiento,2,1,0,0,1,0,0,"-32.73211, -60.73134",Calle,,SAN LORENZO,San Lorenzo,Hormigón,S/D,XVII,S/D,Urbana,Otra Señal,S/D,Intersección,S/D,S/D,Diurna,S/D,"De alcance,Múltiple",S/D,Colisión,Fluidos,S/D,Cordón divisorio,Sin restricción
2021,3037,2021-06-26,Sabado,19:30:00,,0.0,2,"Pickup/Utilitario,Moto/Ciclomotor",17 de Octubre Y Thompson,2,1,0,0,1,0,0,"-33.01473576272,-60.609267722849",Calle,,VILLA GOBERNADOR GÁLVEZ,Rosario,Asfalto,No existe,II,Dentro,Urbana,Otra Señal,No existe,Intersección,Bueno,Buena,Diurna,Buen Tiempo,"De alcance,Múltiple",S/D,Colisión,Ninguna,Faltante,Cordón divisorio,Sin restricción
2021,3039,2021-05-29,Sabado,20:30:00,,0.0,2,"Automóvil,Moto/Ciclomotor",General López Y Tucumán,3,1,0,0,2,0,0,"-32.74221, -60.73508",Calle,,SAN LORENZO,San Lorenzo,S/D,S/D,XVII,Dentro,Urbana,Otra Señal,S/D,Intersección,S/D,S/D,Nocturna,S/D,"De alcance,Múltiple",S/D,Colisión,S/D,S/D,Cordón divisorio,Sin restricción
2021,3040,2021-05-14,Viernes,12:00:00,,0.0,2,"Automóvil,Moto/Ciclomotor",Av. San Martin Y Sarmiento,2,1,0,0,1,0,0,"-32.73185, -60.73347",Avenida,,SAN LORENZO,San Lorenzo,Hormigón,S/D,XVII,S/D,Urbana,Otra Señal,S/D,Intersección,S/D,S/D,Diurna,S/D,"De alcance,Múltiple",S/D,Colisión,S/D,S/D,Cordón divisorio,Sin restricción
2021,3044,2021-06-28,Lunes,10:10:00,,0.0,2,"Bicicleta,Camión Chasis",Pje. Cachi Bis Y Schweitzer,2,1,0,0,1,0,0,"-32.913568541407585,-60.72912946343",Calle,,ROSARIO,Rosario,Asfalto,No existe,II,Dentro,Urbana,Otra Señal,No existe,Intersección,Deteriorada,S/D,Diurna,S/D,"De alcance,Múltiple",Ciclista,Colisión,S/D,Faltante,Cordón divisorio,Sin restricción
2021,3047,2021-06-17,Jueves,16:40:00,,0.0,2,"Automóvil,Automóvil",Av. Pte. Perón Y Av. Provincias Unidas,3,3,0,0,0,0,0,"-32.967827425696,-60.711418636121",Avenida,,ROSARIO,Rosario,Asfalto,No existe,II,Dentro,Urbana,Otra Señal,Funciona,Intersección,Bueno,Buena,Diurna,Buen Tiempo,"De alcance,Múltiple",S/D,Colisión,Ninguna,"Horizontal,Vertical",Cordón divisorio,Sin restricción
2021,3048,2021-05-26,Miercoles,,,0.0,1,Moto/Ciclomotor,San Juan Y José Rucci,2,2,0,0,0,0,0,"-32.75159, -60.74516",Calle,,SAN LORENZO,San Lorenzo,S/D,S/D,XVII,Dentro,Urbana,Otra Señal,S/D,Intersección,S/D,S/D,Diurna,S/D,"De alcance,Múltiple",S/D,Colisión,S/D,S/D,Cordón divisorio,Sin restricción
2021,3049,2021-06-11,Viernes,17:15:00,,0.0,3,"Automóvil,Pickup/Utilitario,Pickup/Utilitario",Rosario Y Soldado Aguirre,5,2,0,0,3,0,0,"-33.029464147964,-60.64254559967",Calle,,VILLA GOBERNADOR GÁLVEZ,Rosario,Asfalto,No existe,II,Dentro,Urbana,Otra Señal,Funciona,Intersección,Con baches,Buena,Diurna,Buen Tiempo,"De alcance,Múltiple",S/D,Colisión,Ninguna,Vertical,Cordón divisorio,Sin restricción
2021,3050,2021-06-10,Jueves,07:20:00,Ruta Provincial 21,0.0,1,Moto/Ciclomotor,Av. Gral. San Martin Y Camino Guereño,1,1,0,0,0,0,0,"-33.032640680915,-60.617906130853",Ruta,21,VILLA GOBERNADOR GÁLVEZ,Rosario,Asfalto,No existe,II,Dentro,Urbana,Otra Señal,No existe,Intersección,Bueno,Buena,"Amanecer,Con luz artificial",Buen Tiempo,"De alcance,Múltiple",S/D,Colisión,Ninguna,"Horizontal,Vertical",Cordón divisorio,Sin restricción
2021,3051,2021-05-18,Martes,19:30:00,,0.0,2,"Moto/Ciclomotor,Automóvil",Perú Y Genaro Roldan,2,1,0,0,1,0,0,"-32.7323, -60.73809",Calle,,SAN LORENZO,San Lorenzo,Hormigón,S/D,XVII,S/D,Urbana,Otra Señal,S/D,Intersección,S/D,S/D,Atardecer,S/D,"De alcance,Múltiple",S/D,Colisión,S/D,S/D,Cordón divisorio,Sin restricción
2021,3052,2021-05-19,Miercoles,07:20:00,,0.0,2,"Moto/Ciclomotor,Taxi/Remis",Riobamba Y Laprida,2,1,0,0,1,0,0,"-32.96372, -60.63843",Calle,,ROSARIO,Rosario,Asfalto,S/D,II,Dentro,Urbana,Otra Señal,No existe,Intersección,Bueno,Buena,Diurna,Buen Tiempo,"De alcance,Múltiple",S/D,Colisión,Ninguna,S/D,Cordón divisorio,Sin restricción
2021,3055,2021-06-13,Domingo,23:40:00,Ruta Provincial 21,0.0,1,Moto/Ciclomotor,Av. Gral. San Martin 1900,1,1,0,0,0,0,0,"-33.023424109404,-60.627281963444",Ruta,21,VILLA GOBERNADOR GÁLVEZ,Rosario,Asfalto,No existe,II,Dentro,Urbana,Otra Señal,No existe,Intersección,Bueno,Buena,"Nocturna,Con luz artificial",Buen Tiempo,"De alcance,Múltiple",S/D,Colisión,Ninguna,Faltante,Cordón divisorio,Sin restricción
2021,3056,2021-06-16,Miercoles,18:00:00,,0.0,2,"Moto/Ciclomotor,Automóvil",Alvear Y J A Roca,2,1,0,0,1,0,0,"-33.281866534487,-60.272899791743",Calle,,VILLA GOBERNADOR GÁLVEZ,Rosario,Asfalto,No existe,II,Dentro,Urbana,Otra Señal,No existe,Intersección,Bueno,Buena,Atardecer,Buen Tiempo,"De alcance,Múltiple",S/D,Colisión,Ninguna,Faltante,Cordón divisorio,Sin restricción
2021,3057,2021-05-19,Miercoles,12:15:00,,0.0,2,"Moto/Ciclomotor,Automóvil",Sarmiento Y Rueda,2,1,0,0,1,0,0,"-32.97106, -60.64434",Calle,,ROSARIO,Rosario,Asfalto,No existe,II,Dentro,Urbana,Otra Señal,No existe,Intersección,Deteriorada,Buena,Diurna,Buen Tiempo,"De alcance,Múltiple",S/D,Colisión,Ninguna,S/D,Cordón divisorio,Sin restricción
2021,3058,2021-05-17,Lunes,18:00:00,,0.0,2,"Bicicleta,Camión Chasis",Belgrano Y Cayetano Nerbutti,2,1,0,0,1,0,0,"-32.71777, -60.73544",Calle,,PUERTO SAN MARTÍN,San Lorenzo,Asfalto,No existe,XVII,Dentro,Urbana,Otra Señal,No existe,Intersección,Bueno,Buena,Diurna,Buen Tiempo,"De alcance,Múltiple",Ciclista,Colisión,Ninguna,Faltante,Cordón divisorio,Sin restricción
2021,3059,2021-06-28,Lunes,20:00:00,,0.0,2,"Automóvil,Moto/Ciclomotor",Av. Provincias Unidas Y Vélez Sarsfield,2,1,0,0,1,0,0,"-32.925990521907806,-60.71314048022",Avenida,,ROSARIO,Rosario,Asfalto,No existe,II,Dentro,Urbana,Otra Señal,Funciona,Intersección,Bueno,Buena,"Diurna,Con luz artificial",Buen Tiempo,"De alcance,Múltiple",S/D,Colisión,Ninguna,"Horizontal,Vertical",Cordón divisorio,Sin restricción
2021,3060,2021-06-04,Viernes,11:35:00,,0.0,2,"Moto/Ciclomotor,Pickup/Utilitario",Bv. 27 De Febrero Y Larrea,4,1,0,0,3,0,0,"-32.958902114264,-60.696543058403",Avenida,,ROSARIO,Rosario,Asfalto,No existe,II,Dentro,Urbana,Otra Señal,No existe,Intersección,Bueno,Buena,Diurna,Buen Tiempo,"De alcance,Múltiple",S/D,Colisión,Ninguna,"Horizontal,Vertical",Cordón divisorio,Sin restricción
2021,3061,2021-05-19,Miercoles,14:45:00,,0.0,2,"Moto/Ciclomotor,Automóvil",Balcarce ,2,1,0,0,1,0,0,"-32.94266, -60.65161",Calle,,ROSARIO,Rosario,Asfalto,No existe,II,Dentro,Urbana,Otra Señal,No existe,Intersección,Bueno,Buena,Diurna,Buen Tiempo,"De alcance,Múltiple",S/D,Colisión,Ninguna,Faltante,Cordón divisorio,Sin restricción
2021,3062,2021-06-15,Martes,19:10:00,,0.0,2,"Peatón,Moto/Ciclomotor",Almirante Brown ,2,2,0,0,0,0,0,"-33.054428, -60.617604",Calle,,ALVEAR,Rosario,Asfalto,No existe,II,Dentro,Urbana,Otra Señal,No existe,Intersección,Bueno,Reducida p/ objetos,Nocturna,Buen Tiempo,"De alcance,Múltiple",Peatón,Colisión,Ninguna,Faltante,Cordón divisorio,Sin restricción
2021,3063,2021-06-11,Viernes,17:20:00,,0.0,2,"Moto/Ciclomotor,Bicicleta",Barra Y Bv. Seguí,2,2,0,0,0,0,0,"-32.970909061453,-60.705607329624",Calle,,ROSARIO,Rosario,Asfalto,No existe,II,Dentro,Urbana,Otra Señal,No existe,Intersección,Bueno,Buena,Diurna,Buen Tiempo,"De alcance,Múltiple",Peatón,Colisión,Ninguna,Faltante,Cordón divisorio,Sin restricción