anio_acci,nro_acci,fecha,desc_dia,hora_aprox,desc_ruta,km,cant_participantes,desc_participante,calle_avenida_km,total,heridos_leves,heridos_graves,heridos_gravisimos,ilesos,fallecidos,sin_datos,posicion_XY,desc_tipo_via,desc_ruta_ori,desc_loc,desc_dpto,desc_tipo_calzada,desc_tipo_banquina,desc_unidad_regional,desc_lugar_calzada,desc_zona,desc_prioridad,desc_estado_semaforo,desc_lugar_via,desc_estado_via,desc_estado_visibilidad,desc_luminosidad,desc_estado_clima,desc_tipo_colision,desc_tipo_atropello,desc_tipo_hecho,desc_pres_calzada,desc_senializacion,desc_separacion_via,desc_restriccion
2021,3064,2021-06-11,Viernes,16:40:00,,0.0,2,"Moto/Ciclomotor,Automóvil",García González Y San Lorenzo,2,1,0,0,1,0,0,"-33.033084541203,-60.645114137224",Calle,,VILLA GOBERNADOR GÁLVEZ,Rosario,Tierra,No existe,II,Dentro,Urbana,Otra Señal,No existe,Intersección,Bueno,Buena,Atardecer,Buen Tiempo,"De alcance,Múltiple",S/D,Colisión,Material Suelto,Faltante,Cordón divisorio,Sin restricción
2021,3065,2021-05-19,Miercoles,07:45:00,,0.0,2,"Moto/Ciclomotor,Camión Chasis",Alberdi Y Av. Génova,2,1,0,0,1,0,0,"-32.95883, -60.693",Avenida,,ROSARIO,Rosario,Asfalto,S/D,II,Dentro,Urbana,Otra Señal,S/D,Intersección,Bueno,S/D,Diurna,Buen Tiempo,"De alcance,Múltiple",S/D,Colisión,Ninguna,Horizontal,Cordón divisorio,Sin restricción
2021,3067,2021-06-11,Viernes,18:30:00,,0.0,2,"Bicicleta,Automóvil",9 de Julio Y Soldado Aguirre,2,1,0,0,1,0,0,"-33.029634191574,-60.648021849648",Avenida,,VILLA GOBERNADOR GÁLVEZ,Rosario,"Asfalto,Tierra",No existe,II,Dentro,Urbana,Otra Señal,No existe,Intersección,"Con baches,Deteriorada",Buena,Atardecer,Buen Tiempo,"De alcance,Múltiple",Ciclista,Colisión,S/D,Faltante,Cordón divisorio,Sin restricción
2021,3069,2021-06-03,Jueves,21:40:00,Ruta Provincial 26,0.0,2,"Moto/Ciclomotor,Moto/Ciclomotor",Gral. Manuel Belgrano Y Juan B Justo Bis,2,2,0,0,0,0,0,"-33.152992058559,-60.516935487521",Ruta,26,ARROYO SECO,Rosario,Asfalto,No existe,II,Dentro,Urbana,Otra Señal,No existe,Intersección,"Deteriorada,Ahuellamiento",Buena,"Nocturna,Con luz artificial",Buen Tiempo,"De alcance,Múltiple",S/D,Colisión,Ninguna,Faltante,Cordón divisorio,Sin restricción
2021,3070,2021-05-19,Miercoles,20:20:00,,0.0,2,"Automóvil,Moto/Ciclomotor", ,2,1,0,0,1,0,0,"-32.90159, -60.72383",Calle,,ROSARIO,Rosario,S/D,S/D,II,Dentro,Urbana,Otra Señal,S/D,Intersección,S/D,S/D,Nocturna,Buen Tiempo,"De alcance,Múltiple",S/D,Colisión,S/D,S/D,Cordón divisorio,Sin restricción
2021,3071,2021-06-09,Miercoles,13:00:00,,0.0,2,"Moto/Ciclomotor,Automóvil",Junín Y P.L.Funes,4,1,0,0,3,0,0,"-32.927269269904,-60.701714142513",Calle,,ROSARIO,Rosario,Asfalto,No existe,II,Dentro,Urbana,Otra Señal,No existe,Intersección,Bueno,Buena,Diurna,Buen Tiempo,"De alcance,Múltiple",S/D,Colisión,Ninguna,Faltante,Cordón divisorio,Sin restricción
2021,3073,2021-06-18,Viernes,11:45:00,Ruta Nacional 9,0.0,3,"Pickup/Utilitario,Automóvil,Pickup/Utilitario",San Sebastián Y Ruta Nacional 9,3,1,0,0,2,0,0,"-32.912807464599574,-60.86777687072",Ruta,9,FUNES,Rosario,Asfalto,Ripio,II,Dentro,Urbana,Otra Señal,Funciona,Intersección,Bueno,Buena,Diurna,Buen Tiempo,"De alcance,Múltiple",S/D,Colisión,Ninguna,"Horizontal,Vertical",Cordón divisorio,Sin restricción
2021,3075,2021-06-06,Domingo,14:30:00,,0.0,2,"Automóvil,Automóvil",Gral. José de San Martin Y Humberto Primo,4,1,0,0,3,0,0,"-33.158966372194,-60.507939246722",Calle,,ARROYO SECO,Rosario,Asfalto,No existe,II,Dentro,Urbana,Otra Señal,Funciona,Intersección,Bueno,Buena,Diurna,Buen Tiempo,"De alcance,Múltiple",S/D,Colisión,Ninguna,Faltante,Cordón divisorio,Sin restricción
2021,3076,2021-06-18,Viernes,14:10:00,Ruta Nacional 9,0.0,2,"Automóvil,Moto/Ciclomotor",Mosconi Y Ruta Nacional 9,2,1,0,0,1,0,0,"-32.9144060611725,-60.8262509107590",Ruta,9,FUNES,Rosario,Asfalto,Ripio,II,Dentro,Urbana,Otra Señal,No existe,Intersección,Bueno,Buena,Diurna,Buen Tiempo,"De alcance,Múltiple",S/D,Colisión,Ninguna,Faltante,Cordón divisorio,Sin restricción
2021,3077,2021-06-03,Jueves,14:45:00,,0.0,2,"Moto/Ciclomotor,Automóvil",Cardozo Y Mariano Moreno,2,1,0,0,1,0,0,"-33.152992717127,-60.518945285539",Calle,,ARROYO SECO,Rosario,Asfalto,No existe,II,Dentro,Urbana,Otra Señal,No existe,Intersección,Ahuellamiento,Buena,Diurna,Buen Tiempo,"De alcance,Múltiple",S/D,Colisión,Ninguna,Faltante,Cordón divisorio,Sin restricción
2021,3078,2021-06-22,Martes,18:15:00,Ruta Provincial 21,0.0,2,"Automóvil,Moto/Ciclomotor",Marconi Y Rivadavia,2,1,0,0,1,0,0,"-33.18957142392,-60.469147076496",Ruta,21,FIGHIERA,Rosario,Hormigón,No existe,II,Dentro,Urbana,Otra Señal,No existe,Intersección,Bueno,Buena,Atardecer,Buen Tiempo,"De alcance,Múltiple",S/D,Colisión,Ninguna,Faltante,Cordón divisorio,Sin restricción
2021,3079,2021-06-28,Lunes,18:00:00,,0.0,2,"Automóvil,Moto/Ciclomotor",French Y Solís,3,2,0,0,1,0,0,"-32.921521410965,-60.704143362824",Calle,,ROSARIO,Rosario,Asfalto,No existe,II,Dentro,Urbana,Otra Señal,No existe,Intersección,Bueno,S/D,Diurna,Buen Tiempo,"De alcance,Múltiple",S/D,Colisión,Ninguna,Faltante,Cordón divisorio,Sin restricción
2021,3080,2021-06-24,Jueves,19:50:00,,0.0,1,Automóvil,CRISTO REY ,1,1,0,0,0,0,0,"-33.025311536124,-60.753460244402",Calle,,SOLDINI,Rosario,Tierra,No existe,II,Fuera,Urbana,Otra Señal,No existe,Intersección,Con baches,Reducida,Atardecer,Buen Tiempo,"De alcance,Múltiple",S/D,Colisión,Ninguna,Faltante,Cordón divisorio,Sin restricción
2021,3081,2021-06-13,Domingo,09:55:00,Ruta Provincial 14,0.0,1,Automóvil,Ruta Prov. 14 Y Santiago del Estero,4,4,0,0,0,0,0,"-33.008078115168,-60.752093748523",Ruta,14,PEREZ,Rosario,Asfalto,Natural,II,Dentro,Urbana,Otra Señal,No existe,Intersección,Bueno,Buena,Diurna,Buen Tiempo,"De alcance,Múltiple",S/D,Colisión,Ninguna,Faltante,Cordón divisorio,Sin restricción
2021,3082,2021-06-28,Lunes,08:00:00,,0.0,2,"Bicicleta,Moto/Ciclomotor",AV SORRENTO Y JUAN PABLO II,2,1,0,0,1,0,0,"-32.90888607501984,-60.722673386335",Avenida,,ROSARIO,Rosario,Asfalto,No existe,II,Dentro,Urbana,Otra Señal,Funciona,Intersección,Bueno,Buena,Diurna,Buen Tiempo,"De alcance,Múltiple",Ciclista,Colisión,Ninguna,"Horizontal,Vertical",Cordón divisorio,Sin restricción
2021,3083,2021-06-16,Miercoles,12:50:00,,0.0,2,"Moto/Ciclomotor,Automóvil",Bv N Álvarez Y San Lorenzo,2,1,0,0,1,0,0,"-33.131214300861,-60.797072428393",Avenida,,ÁLVAREZ,Rosario,Ripio,Pavimento,II,Dentro,Urbana,Otra Señal,No existe,Intersección,Bueno,Buena,Diurna,Buen Tiempo,"De alcance,Múltiple",S/D,Colisión,Ninguna,Faltante,Cordón divisorio,Sin restricción
2021,3084,2021-06-17,Jueves,13:30:00,,0.0,2,"Bicicleta,Automóvil",JUAN PABLO II Y MENDOZA,2,1,0,0,1,0,0,"-32.94025719165802,-60.721752047538",Calle,,ROSARIO,Rosario,Asfalto,No existe,II,Dentro,Urbana,Otra Señal,Funciona,Intersección,Bueno,Buena,Diurna,Buen Tiempo,"De alcance,Múltiple",Ciclista,Colisión,Ninguna,Vertical,Cordón divisorio,Sin restricción
2021,3085,2021-06-19,Sabado,13:30:00,,0.0,2,"Moto/Ciclomotor,Pickup/Utilitario",Mendoza Y Nicaragua,2,1,0,0,1,0,0,"-32.940386180346,-60.720702554381",Calle,,ROSARIO,Rosario,Asfalto,No existe,II,Dentro,Urbana,Otra Señal,No existe,Intersección,Bueno,Buena,Diurna,Buen Tiempo,"De alcance,Múltiple",S/D,Colisión,Ninguna,Horizontal,Cordón divisorio,Sin restricción
2021,3090,2021-06-20,Domingo,13:15:00,,0.0,2,"Moto/Ciclomotor,Peatón",J.M.de Rosas Y Mendoza,2,1,0,0,1,0,0,"-32.94069707393646,-60.723337233066",Calle,,ROSARIO,Rosario,Asfalto,No existe,II,Dentro,Urbana,Otra Señal,Funciona,Intersección,Bueno,Buena,Diurna,Buen Tiempo,"De alcance,Múltiple",Peatón,Colisión,Ninguna,Vertical,Cordón divisorio,Sin restricción
2021,3093,2021-05-14,Viernes,16:45:00,,0.0,2,"Moto/Ciclomotor,Automóvil",Azcuénaga Y General Richieri,2,1,0,0,1,0,0,"-32.7979, -60.72878",Calle,,FRAY LUIS BELTRÁN,San Lorenzo,Asfalto,No existe,XVII,S/D,S/D,Otra Señal,No existe,Intersección,Bueno,Buena,S/D,Otro,"De alcance,Múltiple",S/D,Colisión,Ninguna,Faltante,Cordón divisorio,Sin restricción
2021,3094,2021-06-22,Martes,14:30:00,,0.0,2,"Moto/Ciclomotor,Automóvil",Barra Bis Y Garzón,2,1,0,0,1,0,0,"-32.909535, -60.706641",Calle,,ROSARIO,Rosario,Asfalto,No existe,II,Dentro,Urbana,Otra Señal,Funciona,Intersección,Bueno,Buena,Diurna,Buen Tiempo,"De alcance,Múltiple",S/D,Colisión,S/D,Faltante,Cordón divisorio,Sin restricción
2021,3095,2021-06-16,Miercoles,11:10:00,Ruta Nacional 33,0.0,2,"Moto/Ciclomotor,Automóvil",Juan Bautista Alberdi Y Ruta Nac 33,3,1,0,0,2,0,0,"-32.999126315116904,-60.77183961868",Ruta,33,PEREZ,Rosario,Asfalto,Pavimento,II,Dentro,Urbana,Otra Señal,Funciona,Intersección,Bueno,Buena,Diurna,Buen Tiempo,"De alcance,Múltiple",S/D,Colisión,Ninguna,"Horizontal,Vertical",Cordón divisorio,Sin restricción
2021,3097,2021-05-19,Miercoles,17:00:00,,0.0,2,"Moto/Ciclomotor,Pickup/Utilitario",Rodríguez Y Saavedra,3,2,0,0,1,0,0,"-32.97428, -60.6667",Calle,,ROSARIO,Rosario,Asfalto,No existe,II,Dentro,Urbana,Otra Señal,No existe,Intersección,Bueno,Buena,Diurna,Buen Tiempo,"De alcance,Múltiple",S/D,Colisión,Ninguna,Faltante,Cordón divisorio,Sin restricción
2021,3098,2021-06-11,Viernes,14:00:00,,0.0,2,"Pickup/Utilitario,Moto/Ciclomotor",Av. Belgrano Y Pueyrredón,2,1,0,0,1,0,0,"-29.887835650222,-60.286247282318",Avenida,,ROSARIO,Rosario,Asfalto,No existe,II,Dentro,Urbana,Otra Señal,No existe,Intersección,Bueno,Buena,Diurna,Buen Tiempo,"De alcance,Múltiple",S/D,Colisión,Ninguna,Faltante,Cordón divisorio,Sin restricción
2021,3099,2021-05-19,Miercoles,11:15:00,,0.0,2,"Automóvil,Automóvil",Mariano Moreno Y H. Brandoni,2,1,0,0,1,0,0,"-32.95883, -60.693",Calle,,ROSARIO,Rosario,Asfalto,No existe,II,Dentro,Urbana,Otra Señal,No existe,Intersección,Bueno,Buena,Diurna,Buen Tiempo,"De alcance,Múltiple",S/D,Colisión,Ninguna,Faltante,Cordón divisorio,Sin restricción
2021,3101,2021-06-01,Martes,18:10:00,Ruta Nacional 33,0.0,2,"Moto/Ciclomotor,Automóvil",Ruta Nac 33 Y Ruta Prov. 14,3,2,0,0,1,0,0,"-32.989116994012,-60.752762055209",Ruta,33,PEREZ,Rosario,Asfalto,No existe,II,Dentro,Urbana,Otra Señal,No existe,Intersección,Bueno,Buena,Atardecer,Buen Tiempo,"De alcance,Múltiple",S/D,Colisión,Ninguna,"Horizontal,Vertical",Cordón divisorio,Sin restricción
2021,3102,2021-06-25,Viernes,01:30:00,Ruta Provincial 18,7.0,2,"Camión c / Acoplado,Automóvil", ,2,1,0,0,1,0,0,"-33.096650, -60.702068",Ruta,18,MONTE FLORES,Rosario,Asfalto,Ripio,II,Dentro,Urbana,Otra Señal,No existe,Intersección,Bueno,S/D,Nocturna,Buen Tiempo,"De alcance,Múltiple",S/D,Colisión,Ninguna,Faltante,Cordón divisorio,Sin restricción
2021,3103,2021-05-19,Miercoles,18:30:00,Autopista Nacional A008,0.0,2,"Automóvil,Bicicleta",Derqui Y Av. Circunvalación,2,1,0,0,1,0,0,"-32.93828584555111, -60.72193207472",Autopista,A008,ROSARIO,Rosario,Asfalto,No existe,II,Dentro,Urbana,Otra Señal,No existe,Intersección,Bueno,Buena,Diurna,S/D,"De alcance,Múltiple",Ciclista,Colisión,Ninguna,Vertical,Cordón divisorio,Sin restricción
2021,3104,2021-06-17,Jueves,10:20:00,Ruta Nacional 34,0.0,2,"Moto/Ciclomotor,Automóvil",Ruta Nac 34 Y Ruta Pcial Sec 34,2,1,0,0,1,0,0,"-32.853258, -60.782127",Ruta,34,IBARLUCEA,Rosario,Asfalto,Natural,II,Dentro,Urbana,Otra Señal,No existe,Intersección,Bueno,Buena,Diurna,Buen Tiempo,"De alcance,Múltiple",S/D,Colisión,Ninguna,Horizontal,Cordón divisorio,Sin restricción
2021,3105,2021-05-19,Miercoles,19:00:00,,0.0,2,"Automóvil,Automóvil",Pje. Abipones Y Santa Fe,2,1,0,0,1,0,0,"-32.95883, -60.693",Calle,,ROSARIO,Rosario,Asfalto,No existe,II,Dentro,Urbana,Otra Señal,No existe,Intersección,Bueno,Buena,Atardecer,Buen Tiempo,"De alcance,Múltiple",S/D,Colisión,Ninguna,S/D,Cordón divisorio,Sin restricción
2021,3106,2021-06-14,Lunes,13:15:00,,0.0,2,"Automóvil,Moto/Ciclomotor",Bv Belgrano Y Estanislao López,4,1,0,0,3,0,0,"-29.888518260945,-60.281347299284",Avenida,,CALCHAQUÍ,Vera,Asfalto,No existe,XIX,Dentro,Urbana,Otra Señal,No existe,Intersección,Bueno,Buena,Diurna,Buen Tiempo,"De alcance,Múltiple",S/D,Colisión,Ninguna,Faltante,Cordón divisorio,Sin restricción
2021,3107,2021-06-06,Domingo,21:30:00,,0.0,2,"Moto/Ciclomotor,Moto/Ciclomotor",Juan D Perón Y Las Heras,2,1,0,0,1,0,0,"-30.310605402215,-61.241146099964",Calle,,SAN CRISTÓBAL,San CRISTÓBAL,Asfalto,No existe,XIII,Dentro,Urbana,Otra Señal,No existe,Intersección,Bueno,Reducida,Nocturna,Buen Tiempo,"De alcance,Múltiple",S/D,Colisión,Ninguna,Faltante,Cordón divisorio,Sin restricción
2021,3108,2021-05-19,Miercoles,13:30:00,,0.0,1,Pickup/Utilitario, ,2,2,0,0,0,0,0,"-33.02697, -60.74559",Camino Rural,,SOLDINI,Rosario,Tierra,Natural,II,Dentro,Rural,Otra Señal,No existe,Intersección,Bueno,Buena,Diurna,Buen Tiempo,"De alcance,Múltiple",S/D,Colisión,Ninguna,Faltante,Cordón divisorio,Sin restricción
2021,3109,2021-04-30,Viernes,13:30:00,,0.0,2,"Moto/Ciclomotor,Automóvil",Fiambala Y Rio Paraná,2,1,0,0,1,0,0,"-32.903860654871366, -60.8827111791",Calle,,ROLDÁN,San Lorenzo,Tierra,No existe,XVII,Dentro,Urbana,Otra Señal,No existe,Intersección,Bueno,Buena,Diurna,Buen Tiempo,"De alcance,Múltiple",S/D,Colisión,Ninguna,Faltante,Cordón divisorio,Sin restricción
2021,3110,2021-06-12,Sabado,18:30:00,,0.0,1,Moto/Ciclomotor,Pueyrredón 1900,1,1,0,0,0,0,0,"-30.301839240265,-61.230074568707",Calle,,SAN CRISTÓBAL,San CRISTÓBAL,Asfalto,No existe,XIII,Dentro,Urbana,Otra Señal,No existe,Intersección,Con baches,Reducida,Nocturna,Buen Tiempo,"De alcance,Múltiple",S/D,Colisión,Agua,Faltante,Cordón divisorio,Sin restricción
2021,3111,2021-06-13,Domingo,19:20:00,,0.0,1,Pickup/Utilitario, ,4,3,0,0,1,0,0,"-29.8649704456329,-60.2722191810607",Camino Rural,,CALCHAQUÍ,Vera,Tierra,Natural,XIX,Fuera,Rural,Otra Señal,No existe,Intersección,Bueno,Buena,Nocturna,Buen Tiempo,"De alcance,Múltiple",S/D,Colisión,Ninguna,Faltante,Cordón divisorio,Sin restricción
2021,3112,2021-06-16,Miercoles,11:40:00,,0.0,2,"Automóvil,Moto/Ciclomotor",Gral. San Martin 200,4,3,0,0,1,0,0,"-30.358550162345,-61.919369755941",Avenida,,SAN GUILLERMO,San CRISTÓBAL,Asfalto,No existe,XIII,Dentro,Urbana,Otra Señal,No existe,Intersección,Bueno,Buena,Diurna,Otro,"De alcance,Múltiple",S/D,Colisión,Ninguna,"Horizontal,Vertical",Cordón divisorio,Sin restricción
2021,3113,2021-04-22,Jueves,17:35:00,,0.0,1,Automóvil,Suipacha Y Av. Pellegrini,1,0,0,0,0,1,0,"-32.95259, -60.66691",Avenida,,ROSARIO,Rosario,Asfalto,No existe,II,S/D,Urbana,Otra Señal,Funciona,Intersección,Bueno,Buena,Diurna,Buen Tiempo,"De alcance,Múltiple",S/D,Colisión,Ninguna,Vertical,Cordón divisorio,Sin restricción
2021,3114,2021-05-19,Miercoles,14:00:00,,0.0,1,Moto/Ciclomotor,El Sauce ,1,1,0,0,0,0,0,"-32.96987, -60.73978",Calle,,PEREZ,Rosario,Asfalto,No existe,II,Dentro,Urbana,Otra Señal,No existe,Intersección,Deteriorada,Buena,Diurna,Buen Tiempo,"De alcance,Múltiple",S/D,Colisión,Ninguna,Faltante,Cordón divisorio,Sin restricción
2021,3115,2021-04-15,Jueves,19:00:00,,0.0,2,"Automóvil,Peatón",Mitre 261,2,1,0,0,1,0,0,"-32.6677952093,-60.796945558865",Calle,,TIMBÚES,San Lorenzo,Asfalto,No existe,XVII,Dentro,Urbana,Otra Señal,No existe,Intersección,Bueno,Buena,Atardecer,Buen Tiempo,"De alcance,Múltiple",Peatón,Colisión,Ninguna,Faltante,Cordón divisorio,Sin restricción
2021,3116,2021-04-30,Viernes,20:00:00,,0.0,2,"Automóvil,Moto/Ciclomotor",Av. San Martin Y Richieri,3,0,0,0,0,0,3,"-32.748713004877,-60.73416824347",Avenida,,SAN LORENZO,San Lorenzo,Asfalto,No existe,XVII,Dentro,Urbana,Otra Señal,No existe,Intersección,S/D,S/D,Nocturna,S/D,"De alcance,Múltiple",S/D,Colisión,S/D,Horizontal,Cordón divisorio,Sin restricción
2021,3117,2021-06-20,Domingo,21:10:00,,0.0,1,Moto/Ciclomotor,Av. 9 de Julio 782,1,1,0,0,0,0,0,"-30.350477825692,-61.918806973081",Avenida,,SAN GUILLERMO,San CRISTÓBAL,Ripio,No existe,XIII,Dentro,Urbana,Otra Señal,No existe,Intersección,Resbaladiza,Buena,Nocturna,Buen Tiempo,"De alcance,Múltiple",S/D,Colisión,Otro,Faltante,Cordón divisorio,Sin restricción
2021,3119,2021-06-25,Viernes,19:50:00,,0.0,2,"Moto/Ciclomotor,Pickup/Utilitario",Gral. Alvear Y Salta,2,1,0,0,1,0,0,"-30.311785741607,-61.228374352517",Calle,,SAN CRISTÓBAL,San CRISTÓBAL,Asfalto,No existe,XIII,Dentro,Urbana,Otra Señal,No existe,Intersección,Bueno,Buena,Diurna,Buen Tiempo,"De alcance,Múltiple",S/D,Colisión,Ninguna,Faltante,Cordón divisorio,Sin restricción
2021,3120,2021-04-26,Lunes,,Autopista Nacional A012,44.0,2,"Moto/Ciclomotor,Automóvil",LAS TARDES OSTE ,2,1,0,0,1,0,0,"-32.889785, -60.890780",Autopista,A012,ROLDÁN,San Lorenzo,Asfalto,Ripio,XVII,Dentro,Urbana,Otra Señal,Funciona,Intersección,Bueno,Buena,Diurna,Buen Tiempo,"De alcance,Múltiple",S/D,Colisión,Ninguna,"Horizontal,Vertical",Cordón divisorio,Sin restricción
2021,3121,2021-05-19,Miercoles,16:45:00,Autopista Nacional A008,5.0,1,Moto/Ciclomotor,Av. Circunvalación Y Av. Sorrento,2,0,0,0,1,1,0,"-32.90827, -60.72272",Autopista,A008,ROSARIO,Rosario,Asfalto,Pavimento,II,Dentro,Urbana,Otra Señal,Funciona,Intersección,Bueno,Buena,Diurna,S/D,"De alcance,Múltiple",S/D,Colisión,S/D,"Horizontal,Vertical",Cordón divisorio,Sin restricción
2021,3122,2021-04-29,Jueves,08:35:00,,0.0,2,"Bicicleta,Automóvil",Dr. Ghio Y Irigoyen,3,0,0,0,0,0,3,"-32.749595046043396,-60.73632046580",Calle,,SAN LORENZO,San Lorenzo,Asfalto,No existe,XVII,Dentro,Urbana,Otra Señal,No existe,Intersección,S/D,S/D,Diurna,S/D,"De alcance,Múltiple",Ciclista,Colisión,S/D,S/D,Cordón divisorio,Sin restricción
2021,3123,2021-04-22,Jueves,20:30:00,Ruta Nacional 9,0.0,2,"Moto/Ciclomotor,Moto/Ciclomotor",Ruta Nacional 9 Y Urquiza,2,1,0,0,1,0,0,"-32.905543353558,-60.908723726193",Ruta,9,ROLDÁN,San Lorenzo,Asfalto,Ripio,XVII,Dentro,Urbana,Otra Señal,Funciona,Intersección,Bueno,Buena,Nocturna,Buen Tiempo,"De alcance,Múltiple",S/D,Colisión,Ninguna,"Horizontal,Vertical",Cordón divisorio,Sin restricción
2021,3124,2021-04-16,Viernes,17:50:00,Autovía Provincial Brigadier E.LÓPEZ,14.0,2,"Peatón,Camión c / Acoplado", ,2,1,0,0,1,0,0,"-32.769531, -60.750282",Autovía,Brigadier E.LÓPEZ,SAN LORENZO,San Lorenzo,Asfalto,Natural,XVII,Dentro,Urbana,Otra Señal,No existe,Intersección,Bueno,Buena,Diurna,Buen Tiempo,"De alcance,Múltiple",Peatón,Colisión,Ninguna,Faltante,Cordón divisorio,Sin restricción
2021,3125,2021-04-27,Martes,16:50:00,,0.0,2,"Moto/Ciclomotor,Moto/Ciclomotor",Fray García Y José Ingenieros,2,1,0,0,1,0,0,"-32.739763959909,-60.747868474286",Calle,,SAN LORENZO,San Lorenzo,Asfalto,No existe,XVII,Dentro,Urbana,Otra Señal,No existe,Intersección,S/D,S/D,Diurna,S/D,"De alcance,Múltiple",S/D,Colisión,S/D,Faltante,Cordón divisorio,Sin restricción
2021,3126,2021-04-19,Lunes,17:30:00,,0.0,2,"Moto/Ciclomotor,Automóvil",Echague Y Entre Ríos,2,1,0,0,1,0,0,"-32.9019847185,-60.916361490313",Calle,,ROLDÁN,San Lorenzo,Asfalto,No existe,XVII,Dentro,Urbana,Otra Señal,No existe,Intersección,Bueno,Buena,Diurna,Buen Tiempo,"De alcance,Múltiple",S/D,Colisión,Ninguna,Faltante,Cordón divisorio,Sin restricción
2021,3127,2021-04-15,Jueves,,,0.0,2,"Automóvil,Automóvil",José Ingenieros Y Uriburu,3,2,0,0,1,0,0,"-32.739970998868,-60.74033257056",Calle,,SAN LORENZO,San Lorenzo,Asfalto,No existe,XVII,Dentro,Urbana,Otra Señal,No existe,Intersección,Bueno,S/D,S/D,S/D,"De alcance,Múltiple",S/D,Colisión,Ninguna,Faltante,Cordón divisorio,Sin restricción
2021,3128,2021-04-25,Domingo,12:45:00,,0.0,2,"Automóvil,Moto/Ciclomotor",Colon Y Luis Borghi,2,1,0,0,1,0,0,"-32.756137965355,-60.729603318323",Calle,,SAN LORENZO,San Lorenzo,Asfalto,No existe,XVII,Dentro,Urbana,Otra Señal,No existe,Intersección,S/D,S/D,Diurna,Otro,"De alcance,Múltiple",S/D,Colisión,S/D,Faltante,Cordón divisorio,Sin restricción
2021,3129,2021-05-19,Miercoles,13:00:00,,0.0,2,"Moto/Ciclomotor,Bicicleta",Rivadavia Y J V Giménez,2,1,0,0,1,0,0,"-29.45833, -60.20902",Calle,,VERA,Vera,Tierra,No existe,XIX,Dentro,Urbana,Otra Señal,No existe,Intersección,Ahuellamiento,S/D,Diurna,Buen Tiempo,"De alcance,Múltiple",Ciclista,Colisión,Otro,S/D,Cordón divisorio,Sin restricción
2021,3130,2021-04-23,Viernes,,,0.0,2,"Moto/Ciclomotor,Automóvil",General López Y Luis Borghi,2,1,0,0,1,0,0,"-32.755648551082,-60.735430952115",Calle,,SAN LORENZO,San Lorenzo,Asfalto,No existe,XVII,Dentro,Urbana,Otra Señal,No existe,Intersección,S/D,S/D,S/D,S/D,"De alcance,Múltiple",S/D,Colisión,S/D,Vertical,Cordón divisorio,Sin restricción
2021,3131,2021-05-19,Miercoles,13:30:00,,0.0,2,"Pickup/Utilitario,Moto/Ciclomotor",Lavalle 4100,2,1,0,0,1,0,0,"-32.74734, -60.75485",Calle,,SANTA FE,La Capital,Asfalto,Pavimento,I,Dentro,Urbana,Otra Señal,No existe,Intersección,Bueno,S/D,Diurna,Buen Tiempo,"De alcance,Múltiple",S/D,Colisión,Ninguna,S/D,Cordón divisorio,Sin restricción
2021,3132,2021-04-24,Sabado,16:30:00,,0.0,2,"Bicicleta,Pickup/Utilitario",Av. San Martin Y Ledesma,3,1,0,0,2,0,0,"-32.728089523332,-60.732964401811",Avenida,,SAN LORENZO,San Lorenzo,Asfalto,No existe,XVII,Dentro,Urbana,Otra Señal,No existe,Intersección,Bueno,Buena,Diurna,Buen Tiempo,"De alcance,Múltiple",Ciclista,Colisión,Ninguna,Horizontal,Cordón divisorio,Sin restricción
2021,3133,2021-04-10,Sabado,05:00:00,,0.0,2,"Automóvil,Automóvil",Av. San Martin Y Italia,3,1,0,0,2,0,0,"-32.723337503197,-60.732216164507",Avenida,,SAN LORENZO,San Lorenzo,Asfalto,No existe,XVII,Dentro,Urbana,Otra Señal,No existe,Intersección,Bueno,Buena,Diurna,Buen Tiempo,"De alcance,Múltiple",S/D,Colisión,Ninguna,Horizontal,Cordón divisorio,Sin restricción
2021,3134,2021-05-19,Miercoles,18:30:00,,0.0,2,"Moto/Ciclomotor,Automóvil",Nicolas Rodríguez PEÑA Y Islas Malvinas,3,2,0,0,1,0,0,"-32.74734, -60.75485",Calle,,SANTA FE,La Capital,Asfalto,No existe,I,Dentro,Urbana,Otra Señal,No existe,Intersección,Bueno,Buena,Atardecer,Buen Tiempo,"De alcance,Múltiple",S/D,Colisión,Ninguna,Faltante,Cordón divisorio,Sin restricción
2021,3135,2021-04-26,Lunes,17:30:00,,0.0,2,"Bicicleta,Moto/Ciclomotor",Av. San Martin Y Sarmiento,2,1,0,0,1,0,0,"-32.731783260427,-60.733506695133",Avenida,,SAN LORENZO,San Lorenzo,Asfalto,No existe,XVII,Dentro,Urbana,Otra Señal,Funciona,Intersección,Bueno,Buena,Nocturna,Buen Tiempo,"De alcance,Múltiple",Ciclista,Colisión,Ninguna,"Horizontal,Vertical",Cordón divisorio,Sin restricción