anio_acci,nro_acci,fecha,desc_dia,hora_aprox,desc_ruta,km,cant_participantes,desc_participante,calle_avenida_km,total,heridos_leves,heridos_graves,heridos_gravisimos,ilesos,fallecidos,sin_datos,posicion_XY,desc_tipo_via,desc_ruta_ori,desc_loc,desc_dpto,desc_tipo_calzada,desc_tipo_banquina,desc_unidad_regional,desc_lugar_calzada,desc_zona,desc_prioridad,desc_estado_semaforo,desc_lugar_via,desc_estado_via,desc_estado_visibilidad,desc_luminosidad,desc_estado_clima,desc_tipo_colision,desc_tipo_atropello,desc_tipo_hecho,desc_pres_calzada,desc_senializacion,desc_separacion_via,desc_restriccion
2021,3136,2021-04-24,Sabado,19:10:00,,0.0,2,"Moto/Ciclomotor,Moto/Ciclomotor",Av. Belgrano Y Santa fe,2,1,0,0,1,0,0,"-32.823537660362,-60.722721266891",Calle,,CAPITÁN BERMÚDEZ,San Lorenzo,Asfalto,No existe,XVII,Dentro,Urbana,Otra Señal,No existe,Intersección,Bueno,S/D,Diurna,Buen Tiempo,"De alcance,Múltiple",S/D,Colisión,Ninguna,Faltante,Cordón divisorio,Sin restricción
2021,3137,2021-04-17,Sabado,12:00:00,Ruta Nacional 11,0.0,2,"Bicicleta,Pickup/Utilitario",Av. San Lorenzo Y Simón Bolívar,2,1,0,0,1,0,0,"-32.81495779752732,-60.716798007488",Ruta,11,CAPITÁN BERMÚDEZ,San Lorenzo,Asfalto,Ripio,XVII,Dentro,Urbana,Otra Señal,No existe,Intersección,S/D,S/D,Diurna,S/D,"De alcance,Múltiple",Ciclista,Colisión,S/D,Faltante,Cordón divisorio,Sin restricción
2021,3138,2021-04-28,Miercoles,08:10:00,,0.0,2,"Moto/Ciclomotor,Automóvil",Av. Belgrano Y Formosa,2,1,0,0,1,0,0,"-32.814706521094,-60.725708989958",Avenida,,CAPITÁN BERMÚDEZ,San Lorenzo,Tierra,No existe,XVII,Dentro,Urbana,Otra Señal,No existe,Intersección,Bueno,S/D,Diurna,S/D,"De alcance,Múltiple",S/D,Colisión,Ninguna,Faltante,Cordón divisorio,Sin restricción
2021,3139,2021-05-05,Miercoles,19:40:00,,0.0,2,"Moto/Ciclomotor,Automóvil",Av. San Lorenzo Y Rosario,3,1,0,0,1,0,1,"-32.82401, -60.71397",S/D,,CAPITÁN BERMÚDEZ,San Lorenzo,Asfalto,S/D,XVII,S/D,S/D,Otra Señal,S/D,Intersección,S/D,S/D,S/D,S/D,"De alcance,Múltiple",S/D,Colisión,S/D,S/D,Cordón divisorio,Sin restricción
2021,3141,2021-05-06,Jueves,07:20:00,,0.0,2,"Bicicleta,Otros",Ángel Marino Gervaso ,2,1,0,0,0,0,1,"-32.821, -60.74069",S/D,,CAPITÁN BERMÚDEZ,San Lorenzo,S/D,S/D,XVII,S/D,S/D,Otra Señal,S/D,Intersección,S/D,S/D,S/D,S/D,"De alcance,Múltiple",Ciclista,Colisión,S/D,S/D,Cordón divisorio,Sin restricción
2021,3142,2021-05-06,Jueves,15:25:00,,0.0,2,"Bicicleta,Automóvil",Entre Ríos Y 13 de Marzo,2,1,0,0,1,0,0,"-32.81562, -60.71618",S/D,,CAPITÁN BERMÚDEZ,San Lorenzo,S/D,S/D,XVII,S/D,S/D,Otra Señal,S/D,Intersección,S/D,S/D,S/D,S/D,"De alcance,Múltiple",Ciclista,Colisión,S/D,S/D,Cordón divisorio,Sin restricción
2021,3143,2021-05-12,Miercoles,16:35:00,,0.0,2,"Moto/Ciclomotor,Automóvil",J V González Y Av. Mármol,2,1,0,0,0,0,1,"-32.83308, -60.71574",S/D,,CAPITÁN BERMÚDEZ,San Lorenzo,S/D,S/D,XVII,S/D,S/D,Otra Señal,S/D,Intersección,S/D,S/D,S/D,S/D,"De alcance,Múltiple",S/D,Colisión,S/D,S/D,Cordón divisorio,Sin restricción
2021,3144,2021-04-14,Miercoles,06:40:00,,0.0,2,"Bicicleta,Moto/Ciclomotor",AV. AMÉRICA Y VUCETICH,2,2,0,0,0,0,0,"-32.70278315275209, -60.76031357360",Avenida,,PUERTO SAN MARTÍN,San Lorenzo,Asfalto,No existe,XVII,Dentro,Urbana,Otra Señal,No existe,Intersección,Deteriorada,Buena,Amanecer,Buen Tiempo,"De alcance,Múltiple",Ciclista,Colisión,Ninguna,Faltante,Cordón divisorio,Sin restricción
2021,3145,2021-04-06,Martes,12:15:00,,0.0,2,"Moto/Ciclomotor,Automóvil",Chabuca Granda Y José Manuel Estrada,2,1,0,0,1,0,0,"-32.777116982998,-60.735936172875",Calle,,SAN LORENZO,San Lorenzo,S/D,S/D,XVII,Dentro,Urbana,Otra Señal,S/D,Intersección,S/D,S/D,S/D,S/D,"De alcance,Múltiple",S/D,Colisión,S/D,S/D,Cordón divisorio,Sin restricción
2021,3146,2021-05-19,Miercoles,14:30:00,,0.0,2,"Automóvil,Peatón",Junín 3182,2,1,0,0,1,0,0,"-31.63721, -60.71188",Calle,,SANTA FE,La Capital,Asfalto,S/D,I,S/D,Urbana,Otra Señal,S/D,Intersección,Bueno,Buena,Diurna,Buen Tiempo,"De alcance,Múltiple",Peatón,Colisión,Ninguna,Vertical,Cordón divisorio,Sin restricción
2021,3147,2021-05-13,Jueves,18:50:00,,0.0,2,"Automóvil,Moto/Ciclomotor",Salta Y San Martin,3,2,0,0,1,0,0,"-32.82855, -60.71257",S/D,,CAPITÁN BERMÚDEZ,San Lorenzo,S/D,S/D,XVII,S/D,S/D,Otra Señal,S/D,Intersección,S/D,S/D,S/D,S/D,"De alcance,Múltiple",S/D,Colisión,S/D,S/D,Cordón divisorio,Sin restricción
2021,3148,2021-04-23,Viernes,02:40:00,,0.0,2,"Moto/Ciclomotor,Camión c / Acoplado",PTE. JUAN D PERÓN Y VUCETICH,2,1,0,0,1,0,0,,Calle,,PUERTO SAN MARTÍN,San Lorenzo,Asfalto,No existe,XVII,Dentro,Urbana,Otra Señal,No existe,Intersección,Deteriorada,Reducida,Nocturna,Buen Tiempo,"De alcance,Múltiple",S/D,Colisión,Ninguna,Horizontal,Cordón divisorio,Sin restricción
2021,3149,2021-05-22,Sabado,17:40:00,,0.0,2,"Moto/Ciclomotor,Pickup/Utilitario",Bv Belgrano ,3,2,0,0,1,0,0,"-29.88871, -60.2828",Calle,,CALCHAQUÍ,Vera,Asfalto,No existe,XIX,Dentro,Urbana,Otra Señal,No existe,Intersección,Bueno,Buena,Diurna,Buen Tiempo,"De alcance,Múltiple",S/D,Colisión,Ninguna,Faltante,Cordón divisorio,Sin restricción
2021,3150,2021-05-15,Sabado,22:00:00,,0.0,2,"Automóvil,Automóvil",J V González Y Av. Mármol,2,1,0,0,1,0,0,"-32.83302, -60.71572",S/D,,CAPITÁN BERMÚDEZ,San Lorenzo,S/D,S/D,XVII,S/D,S/D,Otra Señal,S/D,Intersección,S/D,S/D,S/D,S/D,"De alcance,Múltiple",S/D,Colisión,S/D,S/D,Cordón divisorio,Sin restricción
2021,3151,2021-05-17,Lunes,,,0.0,2,"Moto/Ciclomotor,Automóvil",Avda. Francia ,2,1,0,0,1,0,0,"-32.80494, -60.72582",S/D,,CAPITÁN BERMÚDEZ,San Lorenzo,S/D,S/D,XVII,S/D,S/D,Otra Señal,S/D,Intersección,S/D,S/D,S/D,S/D,"De alcance,Múltiple",S/D,Colisión,S/D,S/D,Cordón divisorio,Sin restricción
2021,3152,2021-05-23,Domingo,14:45:00,,0.0,2,"Automóvil,Taxi/Remis",Av. Ovidio Lagos Y San Luis,2,1,0,0,1,0,0,"-32.95883, -60.693",Calle,,ROSARIO,Rosario,Asfalto,Pavimento,II,S/D,Urbana,Otra Señal,Funciona,Intersección,Bueno,Buena,Diurna,Buen Tiempo,"De alcance,Múltiple",S/D,Colisión,S/D,Vertical,Cordón divisorio,Sin restricción
2021,3153,2021-04-02,Viernes,09:30:00,,0.0,2,"Automóvil,Moto/Ciclomotor",Rivadavia Y San Martin,3,1,0,0,2,0,0,"-32.77345488628,-60.786215207767",Calle,,RICARDONE,San Lorenzo,Tierra,No existe,XVII,Dentro,Urbana,Otra Señal,No existe,Intersección,Con baches,Buena,Diurna,Buen Tiempo,"De alcance,Múltiple",S/D,Colisión,Ninguna,Faltante,Cordón divisorio,Sin restricción
2021,3155,2021-04-10,Sabado,20:30:00,,0.0,2,"Moto/Ciclomotor,Moto/Ciclomotor",Moreau de Justo 1950,6,1,0,0,5,0,0,"-32.707398636453,-60.74532522787",Calle,,PUERTO SAN MARTÍN,San Lorenzo,Asfalto,No existe,XVII,Dentro,Urbana,Otra Señal,No existe,Intersección,Resbaladiza,Buena,Nocturna,Lluvia,"De alcance,Múltiple",S/D,Colisión,Ninguna,Horizontal,Cordón divisorio,Sin restricción
2021,3156,2021-04-13,Martes,21:20:00,Ruta Provincial 10,67.0,2,"Automóvil,Moto/Ciclomotor", ,4,2,0,0,2,0,0,"-32.292484942089715, -61.1157424576",Ruta,10,CASALEGNO,San JERÓNIMO,Asfalto,Natural,XVII,Dentro,Urbana,Otra Señal,No existe,Intersección,Bueno,Buena,Nocturna,Buen Tiempo,"De alcance,Múltiple",S/D,Colisión,Ninguna,S/D,Cordón divisorio,Sin restricción
2021,3157,2021-05-23,Domingo,17:30:00,,0.0,2,"Bicicleta,Automóvil",Av. Pellegrini Y Balcarce,2,1,0,0,1,0,0,"-32.95489, -60.65469",Calle,,ROSARIO,Rosario,Asfalto,Pavimento,II,Dentro,Urbana,Otra Señal,Funciona,Intersección,Bueno,Buena,Diurna,Buen Tiempo,"De alcance,Múltiple",Ciclista,Colisión,Ninguna,Vertical,Cordón divisorio,Sin restricción
2021,3158,2021-05-03,Lunes,18:15:00,,0.0,2,"Automóvil,Otros",Congreso Y Ing. White,2,1,0,0,1,0,0,"-32.76209, -60.73854",Calle,,SAN LORENZO,San Lorenzo,S/D,S/D,XVII,S/D,S/D,Otra Señal,S/D,Intersección,S/D,S/D,S/D,S/D,"De alcance,Múltiple",S/D,Colisión,S/D,S/D,Cordón divisorio,Sin restricción
2021,3160,2021-05-13,Jueves,18:50:00,,0.0,2,"Bicicleta,Otros",San Juan Y Humaita,2,0,0,0,0,0,2,"-32.75175, -60.74413",Calle,,SAN LORENZO,San Lorenzo,S/D,S/D,XVII,S/D,Urbana,Otra Señal,S/D,Intersección,S/D,S/D,S/D,S/D,"De alcance,Múltiple",Ciclista,Colisión,S/D,S/D,Cordón divisorio,Sin restricción
2021,3161,2021-06-05,Sabado,23:00:00,Ruta Nacional 9,0.0,2,"Automóvil,Moto/Ciclomotor",Mitre Y Ruta Nacional 9,4,0,0,1,3,0,0,"-32.922922987191,-60.800529061966",Ruta,9,FUNES,Rosario,Asfalto,Ripio,II,Dentro,Urbana,Otra Señal,Funciona,Intersección,Bueno,Buena,Diurna,Buen Tiempo,"De alcance,Múltiple",S/D,Colisión,Ninguna,"Horizontal,Vertical",Cordón divisorio,Sin restricción
2021,3162,2021-04-25,Domingo,11:25:00,,0.0,2,"Moto/Ciclomotor,Moto/Ciclomotor",Gral. José de San Martin 500,2,1,0,0,1,0,0,"-33.017197376453,-61.042518489144",Calle,,PUJATO,San Lorenzo,Hormigón,No existe,XVII,Dentro,Urbana,Otra Señal,No existe,Intersección,Bueno,Buena,Diurna,Buen Tiempo,"De alcance,Múltiple",S/D,Colisión,Ninguna,Vertical,Cordón divisorio,Sin restricción
2021,3163,2021-05-17,Lunes,,,0.0,2,"Automóvil,Moto/Ciclomotor",Sargento Cabral Y San Juan,3,2,0,0,1,0,0,"-32.75159, -60.73083",Avenida,,SAN LORENZO,San Lorenzo,S/D,S/D,XVII,S/D,Urbana,Otra Señal,S/D,Intersección,S/D,S/D,S/D,S/D,"De alcance,Múltiple",S/D,Colisión,S/D,S/D,Cordón divisorio,Sin restricción
2021,3164,2021-06-18,Viernes,15:00:00,,0.0,2,"Moto/Ciclomotor,Automóvil",A Lezama 2100,3,2,0,0,1,0,0,"-29.460846428834,-60.207239577095",Calle,,VERA,Vera,Asfalto,No existe,XIX,Dentro,Urbana,Otra Señal,No existe,Intersección,Bueno,Buena,Diurna,Buen Tiempo,"De alcance,Múltiple",S/D,Colisión,Ninguna,Faltante,Cordón divisorio,Sin restricción
2021,3165,2021-05-12,Miercoles,16:25:00,,0.0,2,"Automóvil,Moto/Ciclomotor",Belgrano Y Urquiza,2,1,0,0,1,0,0,"-32.74674, -60.73758",S/D,,SAN LORENZO,San Lorenzo,S/D,S/D,XVII,S/D,S/D,Otra Señal,S/D,Intersección,S/D,S/D,S/D,S/D,"De alcance,Múltiple",S/D,Colisión,S/D,S/D,Cordón divisorio,Sin restricción
2021,3166,2021-06-29,Martes,16:00:00,,0.0,2,"Moto/Ciclomotor,Automóvil",A Lezama Y E Alemán,2,1,0,0,1,0,0,"-29.461892630182,-60.207442728761",Calle,,VERA,Vera,Asfalto,No existe,XIX,Dentro,Urbana,Otra Señal,No existe,Intersección,Bueno,Buena,Diurna,Buen Tiempo,"De alcance,Múltiple",S/D,Colisión,Ninguna,Faltante,Cordón divisorio,Sin restricción
2021,3167,2021-05-09,Domingo,13:00:00,,0.0,2,"Moto/Ciclomotor,Moto/Ciclomotor",Moreno Y Dorrego,2,2,0,0,0,0,0,"-32.75237, -60.73738",S/D,,SAN LORENZO,San Lorenzo,S/D,S/D,XVII,S/D,Urbana,Otra Señal,S/D,Intersección,S/D,S/D,S/D,S/D,"De alcance,Múltiple",S/D,Colisión,S/D,S/D,Cordón divisorio,Sin restricción
2021,3168,2021-06-05,Sabado,01:00:00,,0.0,2,"Moto/Ciclomotor,Moto/Ciclomotor",Pbro Marozi Y San Martin,2,2,0,0,0,0,0,"-31.420517073426,-60.334429407964",Calle,,SANTA ROSA DE CALCHINES,Garay,Asfalto,No existe,VII,Dentro,Urbana,Otra Señal,No existe,Intersección,Bueno,Buena,"Nocturna,Con luz artificial",Buen Tiempo,"De alcance,Múltiple",S/D,Colisión,Ninguna,Vertical,Cordón divisorio,Sin restricción
2021,3169,2021-06-21,Lunes,15:05:00,,0.0,2,"Moto/Ciclomotor,Moto/Ciclomotor",Colon Y Estanislao López,2,1,0,0,1,0,0,"-29.456030130386356,-60.21731168031",Calle,,VERA,Vera,Asfalto,No existe,XIX,Dentro,Urbana,Otra Señal,No existe,Intersección,Deteriorada,Buena,Diurna,Buen Tiempo,"De alcance,Múltiple",S/D,Colisión,Ninguna,Faltante,Cordón divisorio,Sin restricción
2021,3170,2021-05-20,Jueves,06:45:00,,0.0,1,Bicicleta,Francia F Y Viamonte,1,1,0,0,0,0,0,"-32.95883, -60.693",Calle,,ROSARIO,Rosario,Asfalto,No existe,II,Dentro,Urbana,Otra Señal,No existe,Intersección,Bueno,Buena,Amanecer,S/D,"De alcance,Múltiple",Ciclista,Colisión,Ninguna,Faltante,Cordón divisorio,Sin restricción
2021,3172,2021-06-18,Viernes,16:25:00,,0.0,1,Moto/Ciclomotor,Corrientes Y R S PEÑA,2,1,0,0,1,0,0,"-29.46475847874,-60.217824829397",Calle,,VERA,Vera,Tierra,No existe,XIX,Dentro,Urbana,Otra Señal,S/D,Intersección,Deteriorada,S/D,Diurna,Buen Tiempo,"De alcance,Múltiple",S/D,Colisión,Ninguna,Faltante,Cordón divisorio,Sin restricción
2021,3173,2021-06-08,Martes,09:55:00,Ruta Nacional 9,0.0,2,"Automóvil,Moto/Ciclomotor",Candelaria Y Ruta Nacional 9,3,1,0,0,2,0,0,"-32.921094704096,-60.813474949696",Ruta,9,FUNES,Rosario,Asfalto,No existe,II,Dentro,Urbana,Otra Señal,Funciona,Intersección,Bueno,Buena,Diurna,Buen Tiempo,"De alcance,Múltiple",S/D,Colisión,Ninguna,"Horizontal,Vertical",Cordón divisorio,Sin restricción
2021,3174,2021-06-15,Martes,,,0.0,1,Moto/Ciclomotor,Moreno Y Santa Fe,1,1,0,0,0,0,0,"-29.459602832794157,-60.21301746368",Calle,,VERA,Vera,Asfalto,No existe,XIX,Dentro,Urbana,Otra Señal,No existe,Intersección,Bueno,Buena,Atardecer,Buen Tiempo,"De alcance,Múltiple",S/D,Colisión,Ninguna,Faltante,Cordón divisorio,Sin restricción
2021,3175,2021-06-07,Lunes,11:15:00,Ruta Nacional 9,0.0,2,"Automóvil,Automóvil",Hernández Y Ruta Nacional 9,3,1,0,0,2,0,0,"-32.916337977595,-60.84348102903",Ruta,9,FUNES,Rosario,Asfalto,Ripio,II,Dentro,Urbana,Otra Señal,Funciona,Intersección,Bueno,Buena,Diurna,Buen Tiempo,"De alcance,Múltiple",S/D,Colisión,Ninguna,"Horizontal,Vertical",Cordón divisorio,Sin restricción
2021,3176,2021-06-13,Domingo,09:45:00,,0.0,1,Moto/Ciclomotor,Urquiza Y 25 de Mayo,1,1,0,0,0,0,0,"-29.459067997811,-60.219224960225",Calle,,VERA,Vera,Ripio,S/D,XIX,Dentro,Urbana,Otra Señal,No existe,Intersección,Deteriorada,Buena,Diurna,Buen Tiempo,"De alcance,Múltiple",S/D,Colisión,Ninguna,Faltante,Cordón divisorio,Sin restricción
2021,3177,2021-06-12,Sabado,21:30:00,,0.0,1,Moto/Ciclomotor,Brigadier General E López Y Buenos Aires,1,1,0,0,0,0,0,"-31.1058407978,-60.093958365779",Calle,,HELVECIA,Garay,Arena,No existe,VII,Dentro,Urbana,Otra Señal,No existe,Intersección,Bueno,Buena,Nocturna,Buen Tiempo,"De alcance,Múltiple",S/D,Colisión,Ninguna,Faltante,Cordón divisorio,Sin restricción
2021,3178,2021-05-17,Lunes,15:30:00,,0.0,2,"Moto/Ciclomotor,Otros",Av. San Martin Y Rivadavia,2,0,0,0,0,0,2,"-32.75062, -60.7341",Avenida,,SAN LORENZO,San Lorenzo,S/D,S/D,XVII,S/D,Urbana,Otra Señal,S/D,Intersección,S/D,S/D,S/D,S/D,"De alcance,Múltiple",S/D,Colisión,S/D,S/D,Cordón divisorio,Sin restricción
2021,3179,2021-06-15,Martes,07:40:00,,0.0,2,"Bicicleta,Automóvil",Corrientes Y Rivadavia,2,1,0,0,1,0,0,"-29.465802714847,-60.210837312477",Calle,,VERA,Vera,Asfalto,No existe,XIX,Dentro,Urbana,Otra Señal,No existe,Intersección,Bueno,Buena,Diurna,Buen Tiempo,"De alcance,Múltiple",Ciclista,Colisión,Ninguna,Faltante,Cordón divisorio,Sin restricción
2021,3180,2021-06-04,Viernes,07:00:00,Ruta Provincial 2,320.0,2,"Camión c / Semirremolque,Camión c / Acoplado", ,2,2,0,0,0,0,0,"-29.506273269653285,-61.70904636383",Ruta,2,LOGROÑO,9 de Julio,Asfalto,Natural,XII,Dentro,Rural,Otra Señal,No existe,Intersección,Bueno,Buena,Nocturna,Buen Tiempo,"De alcance,Múltiple",S/D,Colisión,Ninguna,Horizontal,Cordón divisorio,Sin restricción
2021,3181,2021-06-11,Viernes,13:15:00,,0.0,2,"Pickup/Utilitario,Moto/Ciclomotor",Mitre B Y 25 de Mayo,4,2,0,0,2,0,0,"-29.459779604116,-60.214365913048",Calle,,VERA,Vera,Asfalto,No existe,XIX,Dentro,Urbana,Otra Señal,No existe,Intersección,Bueno,Buena,Diurna,Buen Tiempo,"De alcance,Múltiple",S/D,Colisión,Ninguna,Faltante,Cordón divisorio,Sin restricción
2021,3183,2021-05-22,Sabado,12:15:00,,0.0,2,"Bicicleta,Automóvil",Entre Ríos Y Av. Uriburu,2,1,0,0,1,0,0,"-32.9909, -60.65226",Calle,,ROSARIO,Rosario,Asfalto,No existe,II,Dentro,Urbana,Otra Señal,No existe,Intersección,Con baches,Buena,Diurna,Buen Tiempo,"De alcance,Múltiple",Ciclista,Colisión,S/D,Faltante,Cordón divisorio,Sin restricción
2021,3184,2021-06-08,Martes,10:30:00,,0.0,2,"Automóvil,Peatón",Rivadavia ,2,1,0,0,1,0,0,"-29.467419321609,-60.211173138812",Calle,,VERA,Vera,Asfalto,S/D,XIX,Dentro,Urbana,Otra Señal,No existe,Intersección,Bueno,Buena,Diurna,Buen Tiempo,"De alcance,Múltiple",Peatón,Colisión,Ninguna,Faltante,Cordón divisorio,Sin restricción
2021,3185,2021-04-20,Martes,22:30:00,,0.0,2,"Moto/Ciclomotor,Camión",Mitre Y Sánchez de Bustamante,2,1,0,0,1,0,0,"-33.001994700199,-60.650381292083",Calle,,ROSARIO,Rosario,Asfalto,No existe,II,Dentro,Urbana,Otra Señal,No existe,Intersección,S/D,Buena,Nocturna,S/D,"De alcance,Múltiple",S/D,Colisión,Ninguna,Faltante,Cordón divisorio,Sin restricción
2021,3186,2021-05-02,Domingo,13:40:00,Ruta Provincial 38,45.0,1,Pickup/Utilitario, ,1,0,0,0,0,1,0,"-29.86698, -60.33187",Ruta,38,CALCHAQUÍ,Vera,Tierra,Natural,XIX,Fuera,Rural,Otra Señal,No existe,Intersección,Bueno,Buena,Diurna,Buen Tiempo,"De alcance,Múltiple",S/D,Colisión,Ninguna,Faltante,Cordón divisorio,Sin restricción
2021,3187,2021-05-23,Domingo,16:40:00,,0.0,2,"Bicicleta,Automóvil",Dorrego ,2,1,0,0,1,0,0,"-32.95883, -60.693",Calle,,ROSARIO,Rosario,Asfalto,No existe,II,Dentro,Urbana,Otra Señal,No existe,Intersección,Bueno,Buena,Diurna,Buen Tiempo,"De alcance,Múltiple",Ciclista,Colisión,Ninguna,Faltante,Cordón divisorio,Sin restricción
2021,3188,2021-06-09,Miercoles,11:30:00,,0.0,2,"Moto/Ciclomotor,Automóvil",A Méndez Y R S PEÑA,2,1,0,0,1,0,0,"-29.450256072967,-60.215057131521",Calle,,VERA,Vera,Tierra,No existe,XIX,Dentro,Urbana,Otra Señal,No existe,Intersección,Deteriorada,Buena,Diurna,Buen Tiempo,"De alcance,Múltiple",S/D,Colisión,Ninguna,Faltante,Cordón divisorio,Sin restricción
2021,3189,2021-06-04,Viernes,18:50:00,,0.0,2,"Moto/Ciclomotor,Moto/Ciclomotor",Salta Y Rosario,4,3,0,0,1,0,0,"-29.463125619481,-60.206460719187",Calle,,VERA,Vera,"Tierra,Ripio",No existe,XIX,Dentro,Urbana,Otra Señal,No existe,Intersección,Con baches,Buena,Nocturna,Buen Tiempo,"De alcance,Múltiple",S/D,Colisión,Ninguna,Faltante,Cordón divisorio,Sin restricción
2021,3190,2021-06-29,Martes,16:25:00,Ruta Nacional 11,0.0,2,"Automóvil,Moto/Ciclomotor",Av. San Martin Y Urquiza,2,1,0,0,1,0,0,"-32.747667166024,-60.734148994811",Ruta,11,SAN LORENZO,San Lorenzo,Asfalto,No existe,XIX,Dentro,Urbana,Otra Señal,No existe,Intersección,Bueno,Buena,Diurna,Buen Tiempo,"De alcance,Múltiple",S/D,Colisión,Ninguna,Faltante,Cordón divisorio,Sin restricción
2021,3191,2021-03-17,Miercoles,17:15:00,,0.0,2,"Pickup/Utilitario,Moto/Ciclomotor",J J Paso Y Dr. Zavalla,2,1,0,0,1,0,0,"-31.66114, -60.72513",Avenida,,SANTA FE,La Capital,Asfalto,S/D,I,S/D,Urbana,Otra Señal,Funciona,Intersección,Bueno,Buena,Diurna,Buen Tiempo,"De alcance,Múltiple",S/D,Colisión,Ninguna,Horizontal,Cordón divisorio,Sin restricción
2021,3192,2021-06-10,Jueves,16:20:00,,0.0,2,"Automóvil,Moto/Ciclomotor",Irigoyen Y Santiago del Estero,2,1,0,0,1,0,0,"-32.741244714009,-60.736107456316",Calle,,SAN LORENZO,San Lorenzo,Asfalto,No existe,XVII,Dentro,Urbana,Otra Señal,No existe,Intersección,S/D,S/D,Diurna,S/D,"De alcance,Múltiple",S/D,Colisión,S/D,Faltante,Cordón divisorio,Sin restricción
2021,3193,2021-03-17,Miercoles,12:20:00,,0.0,2,"Automóvil,Moto/Ciclomotor",Av. Almte. Brown 6300,2,2,0,0,0,0,0,"-31.61527, -60.67186",Calle,,SANTA FE,La Capital,S/D,Pavimento,I,S/D,Urbana,Otra Señal,No existe,Intersección,S/D,S/D,Diurna,S/D,"De alcance,Múltiple",S/D,Colisión,S/D,Faltante,Cordón divisorio,Sin restricción
2021,3194,2021-05-05,Miercoles,20:30:00,,0.0,2,"Transporte de Pasajeros Urbano (> 8 asientos),Bicicleta",Av. Alberdi Bis Y J.J.Paso,2,0,0,0,1,1,0,"-32.91932, -60.68244",Calle,,ROSARIO,Rosario,Asfalto,No existe,II,Dentro,Urbana,Otra Señal,Funciona,Intersección,Bueno,Buena,Diurna,Buen Tiempo,"De alcance,Múltiple",Ciclista,Colisión,Ninguna,"Horizontal,Vertical",Cordón divisorio,Sin restricción
2021,3195,2021-06-10,Jueves,14:20:00,,0.0,2,"Automóvil,Bicicleta",Irigoyen Y Richieri,2,1,0,0,1,0,0,"-32.748691250607,-60.736339415468",Calle,,SAN LORENZO,San Lorenzo,Asfalto,No existe,XVII,Dentro,Urbana,Otra Señal,No existe,Intersección,S/D,S/D,Diurna,S/D,"De alcance,Múltiple",Ciclista,Colisión,S/D,Faltante,Cordón divisorio,Sin restricción
2021,3196,2021-05-05,Miercoles,06:40:00,,0.0,2,"Bicicleta,Automóvil",Bv. Oroño Y Lamadrid,2,0,0,0,1,1,0,"-32.99763, -60.66506",Avenida,,ROSARIO,Rosario,Asfalto,Pavimento,II,S/D,Urbana,Otra Señal,Funciona,Intersección,Bueno,Buena,Amanecer,Buen Tiempo,"De alcance,Múltiple",Ciclista,Colisión,Ninguna,Vertical,Cordón divisorio,Sin restricción
2021,3197,2021-03-17,Miercoles,11:50:00,,0.0,2,"Camión,Pickup/Utilitario",Matheu Y Rivadavia,2,1,0,0,1,0,0,"-31.59412, -60.68877",Calle,,SANTA FE,La Capital,S/D,Ripio,I,Dentro,Urbana,Otra Señal,S/D,Intersección,S/D,S/D,Diurna,S/D,"De alcance,Múltiple",S/D,Colisión,S/D,Faltante,Cordón divisorio,Sin restricción
2021,3199,2021-03-17,Miercoles,10:50:00,,0.0,2,"Moto/Ciclomotor,Automóvil",Av. Blas Parera Y Derqui,2,1,0,0,1,0,0,"-31.612, -60.71838",Calle,,SANTA FE,La Capital,Asfalto,No existe,I,S/D,Urbana,Otra Señal,Funciona,Intersección,Bueno,Buena,Diurna,Buen Tiempo,"De alcance,Múltiple",S/D,Colisión,Ninguna,Vertical,Cordón divisorio,Sin restricción
2021,3200,2021-03-17,Miercoles,17:15:00,,0.0,2,"Bicicleta,Automóvil",Dr. Romang Y Cullen,2,1,0,0,1,0,0,"-31.45426, -60.92275",Calle,,ESPERANZA,Las Colonias,Asfalto,S/D,XI,Dentro,Urbana,Otra Señal,No existe,Intersección,Bueno,Buena,Diurna,Buen Tiempo,"De alcance,Múltiple",Ciclista,Colisión,Ninguna,S/D,Cordón divisorio,Sin restricción
2021,3201,2021-03-17,Miercoles,19:20:00,,0.0,2,"Automóvil,Moto/Ciclomotor",Domingo Faustino Sarmiento Y Federico Meiners,6,2,0,0,4,0,0,"-31.44184, -60.92927",Calle,,ESPERANZA,Las Colonias,Asfalto,S/D,XI,Dentro,Urbana,Otra Señal,No existe,Intersección,Bueno,Buena,"Nocturna,Con luz artificial",Buen Tiempo,"De alcance,Múltiple",S/D,Colisión,Ninguna,S/D,Cordón divisorio,Sin restricción
2021,3203,2021-06-05,Sabado,22:45:00,Ruta Provincial 2,265.0,4,"Camión c / Acoplado,Camión c / Acoplado,Camión c / Acoplado,Camión c / Acoplado", ,4,4,0,0,0,0,0,"-29.822785487741875, -61.3981789199",Ruta,2,NUEVA ITALIA,9 de Julio,Asfalto,No existe,XII,Dentro,Rural,Otra Señal,No existe,Intersección,Bueno,Buena,Nocturna,Buen Tiempo,"De alcance,Múltiple",S/D,Colisión,Ninguna,Horizontal,Cordón divisorio,Sin restricción