anio_acci,nro_acci,fecha,desc_dia,hora_aprox,desc_ruta,km,cant_participantes,desc_participante,calle_avenida_km,total,heridos_leves,heridos_graves,heridos_gravisimos,ilesos,fallecidos,sin_datos,posicion_XY,desc_tipo_via,desc_ruta_ori,desc_loc,desc_dpto,desc_tipo_calzada,desc_tipo_banquina,desc_unidad_regional,desc_lugar_calzada,desc_zona,desc_prioridad,desc_estado_semaforo,desc_lugar_via,desc_estado_via,desc_estado_visibilidad,desc_luminosidad,desc_estado_clima,desc_tipo_colision,desc_tipo_atropello,desc_tipo_hecho,desc_pres_calzada,desc_senializacion,desc_separacion_via,desc_restriccion
2021,3204,2021-03-17,Miercoles,18:00:00,,0.0,3,"Automóvil,Automóvil,Automóvil",Arévalo Y Av. Provincias Unidas,4,2,0,0,2,0,0,"-32.93071, -60.71315",Avenida,,ROSARIO,Rosario,Asfalto,No existe,II,Dentro,Urbana,Otra Señal,No existe,Intersección,Bueno,Buena,Diurna,Buen Tiempo,"De alcance,Múltiple",S/D,Colisión,Ninguna,Faltante,Cordón divisorio,Sin restricción
2021,3205,2021-05-08,Sabado,15:00:00,,0.0,2,"Moto/Ciclomotor,Moto/Ciclomotor",9 De Julio Y Suipacha,2,1,0,0,1,0,0,"-32.94919, -60.66601",S/D,,ROSARIO,Rosario,S/D,S/D,II,S/D,S/D,Otra Señal,S/D,Intersección,S/D,S/D,S/D,S/D,"De alcance,Múltiple",S/D,Colisión,S/D,S/D,Cordón divisorio,Sin restricción
2021,3206,2021-06-03,Jueves,15:35:00,,0.0,2,"Moto/Ciclomotor,Automóvil",Castellanos Y Córdoba,2,1,0,0,1,0,0,"-32.939809291168,-60.675031879283",Calle,,ROSARIO,Rosario,Asfalto,No existe,II,Dentro,Urbana,Otra Señal,Funciona,Intersección,Bueno,Buena,Diurna,Buen Tiempo,"De alcance,Múltiple",S/D,Colisión,Ninguna,Vertical,Cordón divisorio,Sin restricción
2021,3207,2021-03-17,Miercoles,16:20:00,,0.0,2,"Pickup/Utilitario,Moto/Ciclomotor",Av. Provincias Unidas Y Bielsa,2,1,0,0,1,0,0,"-32.92382, -60.71327",Avenida,,ROSARIO,Rosario,Asfalto,No existe,II,Dentro,Urbana,Otra Señal,No existe,Intersección,Bueno,Buena,Diurna,Buen Tiempo,"De alcance,Múltiple",S/D,Colisión,Ninguna,Faltante,Cordón divisorio,Sin restricción
2021,3208,2021-06-08,Martes,12:20:00,,0.0,2,"Moto/Ciclomotor,Pickup/Utilitario",José Manuel Estrada Y Sargento Cabral,3,2,0,0,1,0,0,"-32.740474586636,-60.730574556792",Calle,,SAN LORENZO,San Lorenzo,Asfalto,No existe,XVII,Dentro,Urbana,Otra Señal,No existe,Intersección,S/D,S/D,Diurna,S/D,"De alcance,Múltiple",S/D,Colisión,S/D,Faltante,Cordón divisorio,Sin restricción
2021,3209,2021-03-17,Miercoles,09:30:00,,0.0,2,"Pickup/Utilitario,Moto/Ciclomotor",Saavedra Y Rodríguez,2,1,0,0,1,0,0,"-32.97428, -60.66668",Calle,,ROSARIO,Rosario,Asfalto,No existe,II,Dentro,Urbana,Otra Señal,No existe,Intersección,Bueno,Buena,Diurna,Buen Tiempo,"De alcance,Múltiple",S/D,Colisión,Ninguna,Faltante,Cordón divisorio,Sin restricción
2021,3210,2021-06-17,Jueves,18:30:00,,0.0,2,"Moto/Ciclomotor,Automóvil",Av. Francia Y 3 De Febrero,3,2,0,0,1,0,0,"-32.9478619094,-60.667228739375",Avenida,,ROSARIO,Rosario,Asfalto,No existe,II,Dentro,Urbana,Otra Señal,Funciona,Intersección,Bueno,Buena,Diurna,Buen Tiempo,"De alcance,Múltiple",S/D,Colisión,Ninguna,Vertical,Cordón divisorio,Sin restricción
2021,3211,2021-06-10,Jueves,19:20:00,Autopista Nacional A008,0.0,2,"Automóvil,Moto/Ciclomotor",Av. Circunvalación Y Av. Pellegrini,2,1,0,0,1,0,0,"-32.948712789404,-60.719231887222",Autopista,A008,ROSARIO,Rosario,Asfalto,No existe,II,Dentro,Urbana,Otra Señal,No existe,Intersección,Bueno,Buena,Atardecer,Buen Tiempo,"De alcance,Múltiple",S/D,Colisión,Ninguna,Faltante,Cordón divisorio,Sin restricción
2021,3212,2021-03-17,Miercoles,16:30:00,,0.0,2,"Moto/Ciclomotor,Pickup/Utilitario",Bv. 27 De Febrero Y Liniers,2,1,0,0,1,0,0,"-32.95892, -60.69782",Avenida,,ROSARIO,Rosario,Asfalto,Pavimento,II,S/D,Urbana,Otra Señal,No existe,Intersección,Bueno,Buena,Diurna,Buen Tiempo,"De alcance,Múltiple",S/D,Colisión,Ninguna,Faltante,Cordón divisorio,Sin restricción
2021,3214,2021-03-17,Miercoles,11:20:00,,0.0,2,"Moto/Ciclomotor,Pickup/Utilitario",Montevideo Y Italia,2,1,0,0,1,0,0,"-32.95439, -60.65029",Calle,,ROSARIO,Rosario,S/D,S/D,II,S/D,Urbana,Otra Señal,S/D,Intersección,S/D,S/D,Diurna,S/D,"De alcance,Múltiple",S/D,Colisión,S/D,S/D,Cordón divisorio,Sin restricción
2021,3215,2021-06-22,Martes,13:30:00,,0.0,2,"Moto/Ciclomotor,Automóvil",Av. Francia Y Jujuy,2,1,0,0,1,0,0,"-32.933376037453,-60.663345712481",Avenida,,ROSARIO,Rosario,Asfalto,No existe,II,Dentro,Urbana,Otra Señal,No existe,Intersección,Bueno,Buena,Diurna,Buen Tiempo,"De alcance,Múltiple",S/D,Colisión,Ninguna,Horizontal,Cordón divisorio,Sin restricción
2021,3216,2021-05-15,Sabado,17:55:00,Ruta Secundaria 83-s,148.0,2,"Moto/Ciclomotor,Moto/Ciclomotor", ,3,2,0,0,0,1,0,"-28.96807, -60.26679",Ruta,83-s,POZO DE LOS INDIOS,Vera,Tierra,Natural,XIX,S/D,Rural,Otra Señal,No existe,Intersección,Bueno,Reducida polvo,Diurna,Buen Tiempo,"De alcance,Múltiple",S/D,Colisión,Ninguna,Faltante,Cordón divisorio,Sin restricción
2021,3217,2021-06-07,Lunes,18:30:00,,0.0,1,Moto/Ciclomotor,C Vega Y Dr. Daniel Cantoia,2,2,0,0,0,0,0,"-32.748663,-60.752533",Calle,,SAN LORENZO,San Lorenzo,Asfalto,No existe,XVII,Dentro,Urbana,Otra Señal,No existe,Intersección,S/D,S/D,Diurna,S/D,"De alcance,Múltiple",S/D,Colisión,S/D,Faltante,Cordón divisorio,Sin restricción
2021,3218,2021-06-24,Jueves,16:30:00,Autopista Nacional A008,0.0,2,"Automóvil,Pickup/Utilitario",Av. Circunvalación Y Mendoza,6,2,0,0,4,0,0,"-32.940470478589,-60.723294049167",Autopista,A008,ROSARIO,Rosario,Asfalto,No existe,II,Dentro,Urbana,Otra Señal,Funciona,Intersección,Bueno,Buena,Diurna,Buen Tiempo,"De alcance,Múltiple",S/D,Colisión,Ninguna,"Horizontal,Vertical",Cordón divisorio,Sin restricción
2021,3219,2021-03-17,Miercoles,16:10:00,,0.0,2,"Moto/Ciclomotor,Automóvil",Av. Wheelwright Y Italia,2,1,0,0,1,0,0,"-32.93435, -60.64528",Calle,,ROSARIO,Rosario,S/D,S/D,II,S/D,Urbana,Otra Señal,S/D,Intersección,S/D,S/D,Diurna,Buen Tiempo,"De alcance,Múltiple",S/D,Colisión,S/D,S/D,Cordón divisorio,Sin restricción
2021,3220,2021-06-03,Jueves,19:00:00,Autopista Nacional A008,0.0,2,"Bicicleta,Taxi/Remis",Av. Circunvalación Y Bv. 27 De Febrero,2,1,0,0,1,0,0,"-32.959540790808,-60.721180829967",Autopista,A008,ROSARIO,Rosario,Asfalto,Pavimento,II,Dentro,Urbana,Otra Señal,No existe,Intersección,Bueno,Buena,Diurna,Buen Tiempo,"De alcance,Múltiple",S/D,Colisión,Ninguna,Horizontal,Cordón divisorio,Sin restricción
2021,3221,2021-03-17,Miercoles,18:30:00,Ruta Nacional 9,393.0,3,"Moto/Ciclomotor,Moto/Ciclomotor,Moto/Ciclomotor", ,3,3,0,0,0,0,0,"-32.74979, -61.74639",Ruta,9,ARMSTRONG,Belgrano,Asfalto,Natural,III,S/D,Rural,Otra Señal,No existe,Intersección,Con baches,Buena,Diurna,S/D,"De alcance,Múltiple",S/D,Colisión,Ninguna,Faltante,Cordón divisorio,Sin restricción
2021,3222,2021-06-05,Sabado,19:20:00,,0.0,2,"Moto/Ciclomotor,Automóvil",Ayohuma 400,2,1,0,0,1,0,0,"-32.762573471042,-60.740786368643",Calle,,SAN LORENZO,San Lorenzo,Asfalto,No existe,XVII,Dentro,Urbana,Otra Señal,No existe,Intersección,S/D,S/D,Nocturna,S/D,"De alcance,Múltiple",S/D,Colisión,S/D,Faltante,Cordón divisorio,Sin restricción
2021,3223,2021-06-28,Lunes,09:20:00,,0.0,2,"Automóvil,Automóvil",Colon Y Riobamba,2,1,0,0,1,0,0,"-32.965268561069,-60.629705110536",Calle,,ROSARIO,Rosario,Asfalto,No existe,II,Dentro,Urbana,Otra Señal,No existe,Intersección,Bueno,Buena,Diurna,Buen Tiempo,"De alcance,Múltiple",S/D,Colisión,Ninguna,Horizontal,Cordón divisorio,Sin restricción
2021,3224,2021-06-25,Viernes,15:30:00,,0.0,2,"Bicicleta,Automóvil",Av. Francia 1900,2,1,0,0,1,0,0,"-32.954597653004,-60.668926958048",Avenida,,ROSARIO,Rosario,Asfalto,No existe,II,Dentro,Urbana,Otra Señal,No existe,Intersección,Bueno,Buena,Diurna,Buen Tiempo,"De alcance,Múltiple",Ciclista,Colisión,Ninguna,Horizontal,Cordón divisorio,Sin restricción
2021,3225,2021-06-04,Viernes,,,0.0,2,"Automóvil,Bicicleta",25 de Mayo Y San Juan,2,1,0,0,1,0,0,"-32.752142228634,-60.741345567623",Calle,,SAN LORENZO,San Lorenzo,Asfalto,No existe,XVII,Dentro,Urbana,Otra Señal,No existe,Intersección,S/D,S/D,S/D,S/D,"De alcance,Múltiple",Ciclista,Colisión,S/D,Faltante,Cordón divisorio,Sin restricción
2021,3226,2021-06-10,Jueves,13:15:00,,0.0,2,"Bicicleta,Automóvil",Necochea Y Garay,2,1,0,0,1,0,0,"-32.976983537674,-60.63122438499",Calle,,ROSARIO,Rosario,Asfalto,No existe,II,Dentro,Urbana,Otra Señal,No existe,Intersección,Bueno,Buena,Diurna,Buen Tiempo,"De alcance,Múltiple",Ciclista,Colisión,Ninguna,Faltante,Cordón divisorio,Sin restricción
2021,3227,2021-06-15,Martes,12:30:00,,0.0,2,"Moto/Ciclomotor,Automóvil",Av. F.Solano López Y Bv. Oroño,2,1,0,0,1,0,0,"-32.958160657109,-60.656815843046",Avenida,,ROSARIO,Rosario,Asfalto,No existe,II,Dentro,Urbana,Otra Señal,No existe,Intersección,Bueno,Buena,Diurna,Buen Tiempo,"De alcance,Múltiple",S/D,Colisión,Ninguna,Horizontal,Cordón divisorio,Sin restricción
2021,3228,2021-05-19,Miercoles,14:50:00,,0.0,2,"Moto/Ciclomotor,Transporte de Pasajeros Urbano (> 8 asientos)",Gálvez Y Pueyrredón,2,0,0,0,1,1,0,"-32.96524, -60.66289",Calle,,ROSARIO,Rosario,Asfalto,Pavimento,II,S/D,Urbana,Otra Señal,No existe,Intersección,Bueno,S/D,Diurna,S/D,"De alcance,Múltiple",S/D,Colisión,Ninguna,Faltante,Cordón divisorio,Sin restricción
2021,3229,2021-06-29,Martes,13:50:00,,0.0,2,"Pickup/Utilitario,Moto/Ciclomotor",Belgrano Y Simón de Iriondo,2,1,0,0,1,0,0,"-32.48299370692,-61.575093630032",Calle,,LAS ROSAS,Belgrano,Asfalto,No existe,III,Dentro,Urbana,Otra Señal,No existe,Intersección,Bueno,Buena,Diurna,Buen Tiempo,"De alcance,Múltiple",S/D,Colisión,Ninguna,Vertical,Cordón divisorio,Sin restricción
2021,3230,2021-06-17,Jueves,07:30:00,,0.0,2,"Moto/Ciclomotor,Pickup/Utilitario",J.M.de Rosas Y Riobamba,2,1,0,0,1,0,0,"-32.964244660778,-60.635450990328",Calle,,ROSARIO,Rosario,Asfalto,No existe,II,Dentro,Urbana,Otra Señal,No existe,Intersección,Bueno,S/D,"Nocturna,Con luz artificial",Buen Tiempo,"De alcance,Múltiple",S/D,Colisión,Ninguna,Horizontal,Cordón divisorio,Sin restricción
2021,3231,2021-06-13,Domingo,21:25:00,,0.0,3,"Pickup/Utilitario,Vehículo Oficial,Transporte de Pasajeros Urbano (> 8 asientos)",Bv. 27 De Febrero Y Maipú,12,3,0,0,9,0,0,"-32.968014667312,-60.640712591467",Avenida,,ROSARIO,Rosario,Asfalto,No existe,II,Dentro,Urbana,Otra Señal,Funciona,Intersección,Bueno,Buena,"Nocturna,Con luz artificial",Buen Tiempo,"De alcance,Múltiple",S/D,Colisión,Ninguna,"Horizontal,Vertical",Cordón divisorio,Sin restricción
2021,3232,2021-06-09,Miercoles,08:30:00,Ruta Provincial 65,0.0,1,Camión, ,2,1,0,0,1,0,0,"-32.460537, -61.588577",Ruta,65,LAS ROSAS,Belgrano,Asfalto,Natural,III,Dentro,Urbana,Otra Señal,No existe,Intersección,Bueno,Buena,Diurna,Buen Tiempo,"De alcance,Múltiple",S/D,Colisión,Ninguna,Faltante,Cordón divisorio,Sin restricción
2021,3233,2021-05-20,Jueves,19:10:00,Ruta Provincial 23,39.0,2,"Automóvil,Pickup/Utilitario", ,2,0,0,0,1,1,0,"-30.27887, -61.87955",Ruta,23,VILLA TRINIDAD,San CRISTÓBAL,Asfalto,Natural,XIII,S/D,Rural,Otra Señal,No existe,Intersección,Bueno,Buena,Nocturna,Buen Tiempo,"De alcance,Múltiple",S/D,Colisión,Ninguna,Faltante,Cordón divisorio,Sin restricción
2021,3234,2021-06-26,Sabado,17:30:00,,0.0,2,"Pickup/Utilitario,Automóvil",Maipú Y Rivadavia,3,2,0,0,1,0,0,"-32.472952332249,-61.578130804516",Calle,,LAS ROSAS,Belgrano,Asfalto,No existe,III,Dentro,Urbana,Otra Señal,No existe,Intersección,Bueno,Reducida,Diurna,Buen Tiempo,"De alcance,Múltiple",S/D,Colisión,Ninguna,Vertical,Cordón divisorio,Sin restricción
2021,3235,2021-05-23,Domingo,19:15:00,,0.0,1,Moto/Ciclomotor,Bv Rivadavia 1400,2,1,0,0,0,1,0,"-30.30981, -61.23721",Calle,,SAN CRISTÓBAL,San CRISTÓBAL,Asfalto,No existe,XIII,S/D,Urbana,Otra Señal,No existe,Intersección,Bueno,Buena,"Nocturna,Con luz artificial",Buen Tiempo,"De alcance,Múltiple",S/D,Colisión,Ninguna,Vertical,Cordón divisorio,Sin restricción
2021,3238,2021-06-30,Miercoles,12:25:00,,0.0,2,"Moto/Ciclomotor,Automóvil",General López Y Urquiza,2,1,0,0,1,0,0,"-32.747665357267,-60.735226640381",Avenida,,SAN LORENZO,San Lorenzo,Asfalto,No existe,XVII,Dentro,Urbana,Otra Señal,Funciona,Intersección,Bueno,Buena,Diurna,Buen Tiempo,"De alcance,Múltiple",S/D,Colisión,Ninguna,"Horizontal,Vertical",Cordón divisorio,Sin restricción
2021,3239,2021-06-16,Miercoles,15:15:00,,0.0,2,"Automóvil,Moto/Ciclomotor",Alvear Y Urquiza,2,1,0,0,1,0,0,"-32.940008912217,-60.653768198128",Calle,,ROSARIO,Rosario,Asfalto,No existe,II,Dentro,Urbana,Otra Señal,No existe,Intersección,Bueno,Buena,Diurna,Buen Tiempo,"De alcance,Múltiple",S/D,Colisión,Ninguna,Faltante,Cordón divisorio,Sin restricción
2021,3242,2021-06-03,Jueves,16:45:00,,0.0,1,Moto/Ciclomotor,Calle 19 Y Calle 8,1,1,0,0,0,0,0,"-32.682927671675,-61.527240751072",Calle,,LAS PAREJAS,Belgrano,Asfalto,No existe,III,Dentro,Urbana,Otra Señal,No existe,Intersección,Bueno,Buena,Diurna,Buen Tiempo,"De alcance,Múltiple",S/D,Colisión,Ninguna,Faltante,Cordón divisorio,Sin restricción
2021,3243,2021-06-24,Jueves,17:00:00,,0.0,2,"Bicicleta,Automóvil",Mitre Y Ocampo,2,1,0,0,1,0,0,"-32.966203880456,-60.644582770903",Calle,,ROSARIO,Rosario,Asfalto,No existe,II,Dentro,Urbana,Otra Señal,No existe,Intersección,S/D,S/D,Diurna,Buen Tiempo,"De alcance,Múltiple",Ciclista,Colisión,S/D,Vertical,Cordón divisorio,Sin restricción
2021,3245,2021-06-06,Domingo,11:15:00,,0.0,2,"Automóvil,Bicicleta",Avenida 21 850,2,1,0,0,1,0,0,"-32.679457815017,-61.521201105738",Avenida,,LAS PAREJAS,Belgrano,Asfalto,No existe,III,Dentro,Urbana,Otra Señal,No existe,Intersección,Bueno,Buena,Diurna,Buen Tiempo,"De alcance,Múltiple",Ciclista,Colisión,Ninguna,Vertical,Cordón divisorio,Sin restricción
2021,3248,2021-06-18,Viernes,15:35:00,,0.0,2,"Peatón,Automóvil",Italia Y Rioja,2,1,0,0,1,0,0,"-32.945830821990974,-60.64817637205",Calle,,ROSARIO,Rosario,Asfalto,No existe,II,Dentro,Urbana,Otra Señal,No existe,Intersección,Bueno,Buena,Diurna,Buen Tiempo,"De alcance,Múltiple",Peatón,Colisión,Ninguna,Faltante,Cordón divisorio,Sin restricción
2021,3249,2021-05-31,Lunes,09:30:00,Ruta Provincial 4,4.0,1,Bicicleta, ,1,0,0,0,0,1,0,"-31.29007, -60.7154",Ruta,4,LAGUNA PAIVA,La Capital,Asfalto,Natural,I,Dentro,Rural,Otra Señal,No existe,Intersección,Bueno,Buena,Diurna,Buen Tiempo,"De alcance,Múltiple",S/D,Colisión,Ninguna,S/D,Cordón divisorio,Sin restricción
2021,3250,2021-06-20,Domingo,11:50:00,,0.0,2,"Vehículo Oficial,Automóvil",3 De Febrero Y Paraguay,2,1,0,0,1,0,0,"-32.951767900388,-60.645326253258",Calle,,ROSARIO,Rosario,Asfalto,No existe,II,Dentro,Urbana,Otra Señal,No existe,Intersección,Bueno,Buena,Diurna,Buen Tiempo,"De alcance,Múltiple",S/D,Colisión,Ninguna,Vertical,Cordón divisorio,Sin restricción
2021,3252,2021-08-26,Jueves,11:05:00,Ruta Nacional 11,0.0,2,"Moto/Ciclomotor,Automóvil",Av. San Martin Y Rivadavia,2,1,0,0,1,0,0,"-32.750511649446,-60.734204338831",Ruta,11,SAN LORENZO,San Lorenzo,Asfalto,No existe,XVII,Dentro,Urbana,Otra Señal,No existe,Intersección,Bueno,S/D,Diurna,S/D,"De alcance,Múltiple",S/D,Colisión,Ninguna,Horizontal,Cordón divisorio,Sin restricción
2021,3253,2021-05-18,Martes,19:20:00,Autopista Nacional Gral. Juan Jose Valle,284.0,4,"Moto/Ciclomotor,Camión c / Semirremolque,Camión c / Semirremolque,Pickup/Utilitario", ,4,0,0,0,3,1,0,"-33.02768, -60.62191",Autopista,Gral. Juan Jose Valle,VILLA GOBERNADOR GÁLVEZ,Rosario,Asfalto,Pavimento,II,S/D,Rural,Otra Señal,No existe,Intersección,Bueno,Buena,Atardecer,Buen Tiempo,"De alcance,Múltiple",S/D,Colisión,Ninguna,"Horizontal,Vertical",Cordón divisorio,Sin restricción
2021,3254,2021-05-22,Sabado,16:45:00,,0.0,2,"Moto/Ciclomotor,Bicicleta",25 de Mayo Y Mitre B,3,2,0,0,1,0,0,"-31.607, -60.66969",Calle,,VERA,Vera,Asfalto,No existe,XIX,Dentro,Urbana,Otra Señal,No existe,Intersección,Bueno,Buena,Diurna,Buen Tiempo,"De alcance,Múltiple",Ciclista,Colisión,Ninguna,Vertical,Cordón divisorio,Sin restricción
2021,3256,2021-05-23,Domingo,13:10:00,,0.0,2,"Pickup/Utilitario,Moto/Ciclomotor", ,4,2,0,0,2,0,0,"-29.45545, -60.22106",Calle,,VERA,Vera,Asfalto,No existe,XIX,S/D,Urbana,Otra Señal,No existe,Intersección,Bueno,Buena,Diurna,Buen Tiempo,"De alcance,Múltiple",S/D,Colisión,Ninguna,Vertical,Cordón divisorio,Sin restricción
2021,3258,2021-05-06,Jueves,19:45:00,,0.0,2,"Moto/Ciclomotor,Pickup/Utilitario", ,6,0,0,0,4,2,0,"-34.18587, -61.57992",Camino Rural,,TEODELINA,General LÓPEZ,Tierra,S/D,VIII,S/D,Rural,Otra Señal,S/D,Intersección,S/D,S/D,Nocturna,S/D,"De alcance,Múltiple",S/D,Colisión,S/D,S/D,Cordón divisorio,Sin restricción
2021,3259,2021-05-20,Jueves,13:30:00,,0.0,2,"Automóvil,Bicicleta",Av. Circunvalación ,3,2,0,0,1,0,0,"-31.66871, -60.72983",Avenida,,SANTA FE,La Capital,Asfalto,Natural,I,Dentro,Rural,Otra Señal,No existe,Intersección,Bueno,Buena,Diurna,Buen Tiempo,"De alcance,Múltiple",Ciclista,Colisión,Ninguna,Faltante,Cordón divisorio,Sin restricción
2021,3260,2021-05-08,Sabado,16:45:00,,0.0,1,Moto/Ciclomotor,Bv San Martin Y Urquiza,1,0,0,0,0,1,0,"-32.90025, -60.90737",Calle,,ROLDÁN,San Lorenzo,Asfalto,No existe,XVII,S/D,Urbana,Otra Señal,No existe,Intersección,Bueno,Buena,Diurna,Buen Tiempo,"De alcance,Múltiple",S/D,Colisión,Ninguna,Faltante,Cordón divisorio,Sin restricción
2021,3261,2021-05-20,Jueves,12:15:00,,0.0,2,"Moto/Ciclomotor,Camión Chasis",Ituzaingó Y Pje Marsengo,2,1,0,0,1,0,0,"-31.63986, -60.69282",Calle,,SANTA FE,La Capital,Asfalto,No existe,I,Dentro,Urbana,Otra Señal,Funciona,Intersección,Bueno,Buena,Diurna,Buen Tiempo,"De alcance,Múltiple",S/D,Colisión,Ninguna,S/D,Cordón divisorio,Sin restricción
2021,3262,2021-05-24,Lunes,20:30:00,Ruta Nacional 34,222.0,2,"Moto/Ciclomotor,Camión c / Acoplado",Av. Int Octavio Zabboli Y Luis Maggi,2,0,0,0,1,1,0,"-31.23634, -61.50236",Ruta,34,RAFAELA,Castellanos,Asfalto,No existe,V,S/D,Urbana,Otra Señal,Funciona,Intersección,Bueno,S/D,Nocturna,S/D,"De alcance,Múltiple",S/D,Colisión,Ninguna,"Horizontal,Vertical",Cordón divisorio,Sin restricción
2021,3263,2021-05-26,Miercoles,10:00:00,,0.0,1,Moto/Ciclomotor,J. V. González Y Rivadavia,1,0,0,0,0,1,0,"-32.82046, -61.3793",Calle,,CAÑADA DE GÓMEZ,Iriondo,Asfalto,No existe,X,S/D,Urbana,Otra Señal,No existe,Intersección,Bueno,S/D,Diurna,S/D,"De alcance,Múltiple",S/D,Colisión,Ninguna,Faltante,Cordón divisorio,Sin restricción
2021,3264,2021-05-22,Sabado,11:50:00,,0.0,2,"Automóvil,Camión",Av. López y Planes Y Córdoba,3,2,0,0,1,0,0,"-31.62481, -60.71369",Avenida,,SANTA FE,La Capital,Asfalto,No existe,I,S/D,Urbana,Otra Señal,Funciona,Intersección,Bueno,Buena,Diurna,Buen Tiempo,"De alcance,Múltiple",S/D,Colisión,Ninguna,Vertical,Cordón divisorio,Sin restricción
2021,3265,2021-05-22,Sabado,14:40:00,,0.0,2,"Pickup/Utilitario,Moto/Ciclomotor",Salta Y Saavedra,2,1,0,0,1,0,0,"-31.62481, -60.71369",Calle,,SANTA FE,La Capital,Asfalto,No existe,I,Dentro,Urbana,Otra Señal,Funciona,Intersección,Bueno,Buena,Nocturna,Buen Tiempo,"De alcance,Múltiple",S/D,Colisión,Ninguna,Vertical,Cordón divisorio,Sin restricción
2021,3266,2021-05-22,Sabado,13:10:00,,0.0,2,"Automóvil,Moto/Ciclomotor",Primera Junta Y Juan Diaz de Solís,2,1,0,0,1,0,0,"-31.62481, -60.71369",Calle,,SANTA FE,La Capital,Asfalto,No existe,I,Dentro,Urbana,Otra Señal,No existe,Intersección,Bueno,Buena,Diurna,Buen Tiempo,"De alcance,Múltiple",S/D,Colisión,Ninguna,Vertical,Cordón divisorio,Sin restricción
2021,3267,2021-05-28,Viernes,19:15:00,Ruta Nacional 34,222.0,2,"Moto/Ciclomotor,Automóvil",Av. Int Octavio Zabboli Y Av. Doctor E Salva,2,0,0,0,1,1,0,"-31.24081, -61.50449",Ruta,34,RAFAELA,Castellanos,Asfalto,No existe,V,S/D,Urbana,Otra Señal,Funciona,Intersección,Bueno,S/D,Nocturna,S/D,"De alcance,Múltiple",S/D,Colisión,Ninguna,"Horizontal,Vertical",Cordón divisorio,Sin restricción
2021,3268,2021-05-20,Jueves,12:00:00,,0.0,2,"Moto/Ciclomotor,Automóvil",Bv Muttis Y Laprida,2,1,0,0,1,0,0,"-31.62481, -60.71369",Avenida,,SANTA FE,La Capital,Asfalto,No existe,I,Dentro,Urbana,Otra Señal,No existe,Intersección,Bueno,Buena,Diurna,Buen Tiempo,"De alcance,Múltiple",S/D,Colisión,Ninguna,S/D,Cordón divisorio,Sin restricción
2021,3269,2021-05-08,Sabado,,,0.0,2,"Moto/Ciclomotor,Automóvil",Teniente Loza Y Fray de Aroca,2,1,0,0,1,0,0,"-31.56369, -60.74905",S/D,,SANTA FE,La Capital,S/D,S/D,I,S/D,S/D,Otra Señal,S/D,Intersección,S/D,S/D,S/D,S/D,"De alcance,Múltiple",S/D,Colisión,S/D,S/D,Cordón divisorio,Sin restricción
2021,3270,2021-05-20,Jueves,19:30:00,,0.0,2,"Moto/Ciclomotor,Automóvil",Av. Gral. Paz Y Pje Calcena,2,1,0,0,1,0,0,"-31.62455, -60.6889",Avenida,,SANTA FE,La Capital,Asfalto,No existe,I,S/D,Urbana,Otra Señal,No existe,Intersección,Bueno,Buena,Atardecer,Buen Tiempo,"De alcance,Múltiple",S/D,Colisión,S/D,S/D,Cordón divisorio,Sin restricción
2021,3271,2021-05-28,Viernes,11:10:00,Ruta Secundaria 19-s,50.0,2,"Automóvil,Camión",Boulevard Argentino Y Buenos Aires,2,0,0,0,1,1,0,"-33.05398, -61.18372",Ruta,19-s,CASILDA,Caseros,Asfalto,No existe,IV,S/D,Urbana,Otra Señal,Funciona,Intersección,Bueno,Buena,Diurna,S/D,"De alcance,Múltiple",S/D,Colisión,Ninguna,"Horizontal,Vertical",Cordón divisorio,Sin restricción
2021,3272,2021-03-18,Jueves,11:00:00,Ruta Secundaria 18-s,1.0,2,"Moto/Ciclomotor,Automóvil", ,2,1,0,0,1,0,0,"-32.7097, -60.77755",Ruta,18-s,PUERTO SAN MARTÍN,San Lorenzo,Asfalto,Natural,XVII,Dentro,Rural,Otra Señal,No existe,Intersección,Bueno,Buena,Diurna,Buen Tiempo,"De alcance,Múltiple",S/D,Colisión,Ninguna,Horizontal,Cordón divisorio,Sin restricción
2021,3273,2021-03-18,Jueves,16:30:00,,0.0,2,"Moto/Ciclomotor,Automóvil",Córdoba Y Pte. Hipólito Irigoyen,3,1,0,0,2,0,0,"-32.71441, -60.74905",Avenida,,PUERTO SAN MARTÍN,San Lorenzo,Asfalto,No existe,XVII,Dentro,Urbana,Otra Señal,No existe,Intersección,Deteriorada,Buena,Diurna,Buen Tiempo,"De alcance,Múltiple",S/D,Colisión,Ninguna,Horizontal,Cordón divisorio,Sin restricción
2021,3274,2021-05-13,Jueves,08:00:00,,0.0,2,"Tractor,Automóvil",25 de Mayo Y J Hernández,2,0,0,0,0,1,1,"-32.8473, -61.26058",Calle,,CORREA,Iriondo,Asfalto,No existe,X,S/D,Urbana,Otra Señal,No existe,Intersección,Bueno,S/D,Diurna,S/D,"De alcance,Múltiple",S/D,Colisión,Ninguna,Faltante,Cordón divisorio,Sin restricción