anio_acci,nro_acci,fecha,desc_dia,hora_aprox,desc_ruta,km,cant_participantes,desc_participante,calle_avenida_km,total,heridos_leves,heridos_graves,heridos_gravisimos,ilesos,fallecidos,sin_datos,posicion_XY,desc_tipo_via,desc_ruta_ori,desc_loc,desc_dpto,desc_tipo_calzada,desc_tipo_banquina,desc_unidad_regional,desc_lugar_calzada,desc_zona,desc_prioridad,desc_estado_semaforo,desc_lugar_via,desc_estado_via,desc_estado_visibilidad,desc_luminosidad,desc_estado_clima,desc_tipo_colision,desc_tipo_atropello,desc_tipo_hecho,desc_pres_calzada,desc_senializacion,desc_separacion_via,desc_restriccion
2021,3275,2021-05-20,Jueves,17:20:00,,0.0,2,"Pickup/Utilitario,Moto/Ciclomotor", ,2,1,0,0,1,0,0,"-31.59989, -60.68455",Calle,,SANTO TOMÉ,La Capital,Asfalto,Pavimento,I,Dentro,Urbana,Otra Señal,No existe,Intersección,Resbaladiza,Buena,Atardecer,Buen Tiempo,"De alcance,Múltiple",S/D,Colisión,Ninguna,Faltante,Cordón divisorio,Sin restricción
2021,3276,2021-03-18,Jueves,17:15:00,,0.0,2,"Pickup/Utilitario,Bicicleta",Av. Freyre Y Moreno,2,1,0,0,1,0,0,"-31.65284, -60.72042",Calle,,SANTA FE,La Capital,Asfalto,S/D,I,S/D,Urbana,Otra Señal,S/D,Intersección,Bueno,Buena,Diurna,Buen Tiempo,"De alcance,Múltiple",Ciclista,Colisión,S/D,S/D,Cordón divisorio,Sin restricción
2021,3277,2021-05-22,Sabado,19:25:00,Ruta Nacional 11,0.0,1,Moto/Ciclomotor,Juan de Garay ,1,1,0,0,0,0,0,"-31.49891, -60.73002",Ruta,11,RECREO,La Capital,Asfalto,Ripio,I,S/D,S/D,Otra Señal,No existe,Intersección,Bueno,Reducida,Atardecer,Buen Tiempo,"De alcance,Múltiple",S/D,Colisión,Ninguna,Faltante,Cordón divisorio,Sin restricción
2021,3279,2021-03-18,Jueves,13:45:00,Ruta Nacional 11,148.0,2,"Otros,Otros", ,2,0,0,0,0,0,2,"-31.66775, -60.75293",Ruta,11,SANTO TOMÉ,La Capital,Asfalto,S/D,I,S/D,Urbana,Otra Señal,S/D,Intersección,Bueno,S/D,Diurna,Buen Tiempo,"De alcance,Múltiple",S/D,Colisión,Ninguna,S/D,Cordón divisorio,Sin restricción
2021,3281,2021-05-30,Domingo,13:10:00,Ruta Provincial 2,19.0,1,Moto/Ciclomotor,Ruta pcial 2 Av. San Martin ,1,1,0,0,0,0,0,"-31.52232, -60.68285",Ruta,2,MONTE VERA,La Capital,Ripio,Natural,I,Dentro,Urbana,Otra Señal,No existe,Intersección,Bueno,Buena,Diurna,Buen Tiempo,"De alcance,Múltiple",S/D,Colisión,Ninguna,Faltante,Cordón divisorio,Sin restricción
2021,3282,2021-05-29,Sabado,21:30:00,,0.0,1,Moto/Ciclomotor,Lamadrid Y Naciones Unidas,1,0,0,0,0,1,0,"-31.63504, -60.72531",Calle,,SANTA FE,La Capital,Asfalto,No existe,I,S/D,Urbana,Otra Señal,No existe,Intersección,Bueno,S/D,Nocturna,S/D,"De alcance,Múltiple",S/D,Colisión,Ninguna,Faltante,Cordón divisorio,Sin restricción
2021,3283,2021-05-31,Lunes,17:20:00,Ruta Provincial 1,3.0,2,"Camión Chasis,Moto/Ciclomotor", ,3,2,0,0,1,0,0,"-31.52232, -60.68285",Ruta,1,COLASTINE,La Capital,Asfalto,Pavimento,I,Dentro,Urbana,Otra Señal,No existe,Intersección,Bueno,Buena,Diurna,Buen Tiempo,"De alcance,Múltiple",S/D,Colisión,Ninguna,Faltante,Cordón divisorio,Sin restricción
2021,3284,2021-03-18,Jueves,09:15:00,Ruta Provincial 2,2.0,2,"Automóvil,Camión c / Acoplado", ,2,1,0,0,1,0,0,"-31.55274, -60.69261",Ruta,2,MONTE VERA,La Capital,Asfalto,Natural,I,Dentro,Rural,Otra Señal,No existe,Intersección,Bueno,Buena,Diurna,Buen Tiempo,"De alcance,Múltiple",S/D,Colisión,Ninguna,Vertical,Cordón divisorio,Sin restricción
2021,3285,2021-03-18,Jueves,06:40:00,,0.0,2,"Moto/Ciclomotor,Automóvil",Av. Urquiza Y Salta,2,1,0,0,1,0,0,"-31.64898, -60.714",Avenida,,SANTA FE,La Capital,Asfalto,No existe,I,S/D,Urbana,Otra Señal,Funciona,Intersección,Bueno,Buena,Amanecer,Buen Tiempo,"De alcance,Múltiple",S/D,Colisión,Ninguna,Vertical,Cordón divisorio,Sin restricción
2021,3286,2021-05-25,Martes,14:45:00,,0.0,2,"Automóvil,Moto/Ciclomotor",Simón de Iriondo Y Aristóbulo del Valle,4,1,0,0,3,0,0,"-31.67709, -60.76104",Calle,,SANTO TOMÉ,La Capital,Asfalto,Pavimento,I,Dentro,Urbana,Otra Señal,Intermitente,Intersección,Bueno,Buena,Diurna,Buen Tiempo,"De alcance,Múltiple",S/D,Colisión,Ninguna,Vertical,Cordón divisorio,Sin restricción
2021,3287,2021-05-28,Viernes,19:30:00,,0.0,2,"Moto/Ciclomotor,Taxi/Remis",Buenos Aires Y Frutos,2,1,0,0,1,0,0,"-32.74734, -60.75485",Calle,,SANTO TOMÉ,La Capital,Asfalto,Ripio,I,Dentro,Urbana,Otra Señal,No existe,Intersección,Con baches,Buena,Nocturna,Buen Tiempo,"De alcance,Múltiple",S/D,Colisión,S/D,S/D,Cordón divisorio,Sin restricción
2021,3288,2021-05-27,Jueves,17:50:00,,0.0,2,"Bicicleta,Moto/Ciclomotor",Av. A del Valle 10400,2,1,0,0,1,0,0,"-32.74734, -60.75485",Avenida,,SANTA FE,La Capital,S/D,No existe,I,S/D,Urbana,Otra Señal,No existe,Intersección,Otro,Reducida,Atardecer,Otro,"De alcance,Múltiple",Ciclista,Colisión,Otro,Faltante,Cordón divisorio,Sin restricción
2021,3289,2021-05-08,Sabado,13:50:00,,0.0,1,Automóvil, ,1,1,0,0,0,0,0,"-32.23326, -60.98212",S/D,,BARRANCAS,San JERÓNIMO,S/D,S/D,XV,S/D,S/D,Otra Señal,S/D,Intersección,S/D,S/D,S/D,S/D,"De alcance,Múltiple",S/D,Colisión,S/D,S/D,Cordón divisorio,Sin restricción
2021,3290,2021-05-28,Viernes,11:50:00,,0.0,2,"Pickup/Utilitario,Moto/Ciclomotor",French Y Las Heras,2,1,0,0,1,0,0,"-31.59406, -60.68504",Calle,,SANTA FE,La Capital,S/D,No existe,I,Dentro,Urbana,Otra Señal,No existe,Intersección,Otro,S/D,Diurna,S/D,"De alcance,Múltiple",S/D,Colisión,Otro,S/D,Cordón divisorio,Sin restricción
2021,3291,2021-05-27,Jueves,16:30:00,,0.0,2,"Bicicleta,Taxi/Remis",Mitre Y Huergo,2,1,0,0,1,0,0,"-32.74734, -60.75485",Calle,,SANTA FE,La Capital,Asfalto,No existe,I,S/D,Urbana,Otra Señal,No existe,Intersección,Bueno,Buena,Diurna,Buen Tiempo,"De alcance,Múltiple",S/D,Colisión,Ninguna,S/D,Cordón divisorio,Sin restricción
2021,3292,2021-05-26,Miercoles,20:00:00,,0.0,2,"Moto/Ciclomotor,Automóvil",Derqui Y Mitre,2,1,0,0,1,0,0,"-32.74734, -60.75485",Calle,,SANTA FE,La Capital,Asfalto,No existe,I,Dentro,Urbana,Otra Señal,No existe,Intersección,Bueno,Buena,Nocturna,Otro,"De alcance,Múltiple",S/D,Colisión,Ninguna,S/D,Cordón divisorio,Sin restricción
2021,3293,2021-05-28,Viernes,21:30:00,,0.0,2,"Bicicleta,Automóvil",Gorriti ,2,1,0,0,1,0,0,"-32.74734, -60.75485",Avenida,,SANTA FE,La Capital,Asfalto,No existe,I,S/D,Urbana,Otra Señal,No existe,Intersección,Bueno,Buena,Nocturna,S/D,"De alcance,Múltiple",S/D,Colisión,Ninguna,Faltante,Cordón divisorio,Sin restricción
2021,3294,2021-05-31,Lunes,15:10:00,,0.0,2,"Automóvil,Moto/Ciclomotor",Av. Mosconi Y Lisandro de la Torre,2,1,0,0,1,0,0,"-32.95883, -60.693",Calle,,SANTA FE,La Capital,Asfalto,No existe,I,Dentro,Urbana,Otra Señal,No existe,Intersección,Bueno,Buena,Diurna,Buen Tiempo,"De alcance,Múltiple",S/D,Colisión,Ninguna,Vertical,Cordón divisorio,Sin restricción
2021,3295,2021-05-26,Miercoles,16:45:00,,0.0,2,"Automóvil,Moto/Ciclomotor",Alfonso Duran Y Juan Diaz de Solís,2,1,0,0,1,0,0,"-31.64548, -60.72156",Calle,,SANTA FE,La Capital,Asfalto,No existe,I,Dentro,Urbana,Otra Señal,No existe,Intersección,Bueno,Buena,Diurna,Buen Tiempo,"De alcance,Múltiple",S/D,Colisión,Ninguna,Vertical,Cordón divisorio,Sin restricción
2021,3296,2021-05-25,Martes,22:00:00,,0.0,2,"Automóvil,Moto/Ciclomotor",Francia Y Catamarca,2,1,0,0,1,0,0,"-32.95883, -60.693",Calle,,SANTA FE,La Capital,Asfalto,No existe,I,Dentro,Urbana,Otra Señal,No existe,Intersección,Bueno,Buena,Nocturna,Buen Tiempo,"De alcance,Múltiple",S/D,Colisión,Ninguna,S/D,Cordón divisorio,Sin restricción
2021,3297,2021-05-25,Martes,12:00:00,,0.0,2,"Moto/Ciclomotor,Automóvil",Mendoza Y Sebastián Gaboto,2,1,0,0,1,0,0,"-31.6434, -60.72985",Calle,,SANTA FE,La Capital,Asfalto,No existe,I,Dentro,Urbana,Otra Señal,No existe,Intersección,Bueno,Buena,Diurna,Buen Tiempo,"De alcance,Múltiple",S/D,Colisión,Ninguna,Vertical,Cordón divisorio,Sin restricción
2021,3298,2021-05-28,Viernes,10:30:00,Ruta Nacional 11,0.0,2,"Moto/Ciclomotor,Bicicleta", ,2,2,0,0,0,0,0,"-32.74734, -60.75485",Ruta,11,SANTA FE,La Capital,Asfalto,No existe,I,Dentro,Urbana,Otra Señal,No existe,Intersección,Bueno,Buena,Diurna,Buen Tiempo,"De alcance,Múltiple",Ciclista,Colisión,Ninguna,Faltante,Cordón divisorio,Sin restricción
2021,3299,2021-05-27,Jueves,12:00:00,,0.0,2,"Automóvil,Automóvil",Av. Leandro Alem Y Sarmiento,2,1,0,0,1,0,0,"-32.74734, -60.75485",Avenida,,SANTA FE,La Capital,Asfalto,Pavimento,I,Dentro,Urbana,Otra Señal,Funciona,Intersección,Bueno,Buena,Diurna,Buen Tiempo,"De alcance,Múltiple",S/D,Colisión,Ninguna,Horizontal,Cordón divisorio,Sin restricción
2021,3300,2021-06-11,Viernes,18:50:00,,0.0,2,"Pickup/Utilitario,Moto/Ciclomotor",Avenida 17 Y Calle 34 bis,3,2,0,0,1,0,0,"-32.677636357867,-61.509278581107",Avenida,,LAS PAREJAS,Belgrano,Tierra,No existe,III,Dentro,Urbana,Otra Señal,No existe,Intersección,Deteriorada,Buena,Atardecer,Buen Tiempo,"De alcance,Múltiple",S/D,Colisión,Ninguna,Faltante,Cordón divisorio,Sin restricción
2021,3302,2021-05-28,Viernes,17:30:00,,0.0,2,"Automóvil,Moto/Ciclomotor",Alvear Y Bv Gálvez,2,1,0,0,1,0,0,"-31.63692, -60.69653",Calle,,SANTA FE,La Capital,Asfalto,No existe,I,S/D,Urbana,Otra Señal,Funciona,Intersección,Bueno,Reducida polvo,Diurna,S/D,"De alcance,Múltiple",S/D,Colisión,S/D,S/D,Cordón divisorio,Sin restricción
2021,3303,2021-06-18,Viernes,18:00:00,Ruta Nacional 11,0.0,2,"Moto/Ciclomotor,Automóvil",Av. San Martin Y Santa Fe,2,1,0,0,1,0,0,"-32.790167130474,-60.724201943842",Ruta,11,FRAY LUIS BELTRÁN,San Lorenzo,Asfalto,No existe,XVII,Dentro,Urbana,Otra Señal,No existe,Intersección,Bueno,Buena,Diurna,Otro,"De alcance,Múltiple",S/D,Colisión,Ninguna,Horizontal,Cordón divisorio,Sin restricción
2021,3304,2021-06-11,Viernes,11:10:00,,0.0,2,"Automóvil,Moto/Ciclomotor",Mitre Y Yapeyu,2,1,0,0,1,0,0,"-32.786693617083,-60.728443623673",Calle,,FRAY LUIS BELTRÁN,San Lorenzo,Asfalto,No existe,XVII,Dentro,Urbana,Otra Señal,No existe,Intersección,Bueno,Buena,Diurna,S/D,"De alcance,Múltiple",S/D,Colisión,Ninguna,Faltante,Cordón divisorio,Sin restricción
2021,3305,2021-06-02,Miercoles,20:30:00,Ruta Nacional 11,0.0,2,"Moto/Ciclomotor,Moto/Ciclomotor",Av. San Martin Y F S M de Oro,3,3,0,0,0,0,0,"-32.78273813782,-60.7263939817",Ruta,11,FRAY LUIS BELTRÁN,San Lorenzo,Asfalto,Pavimento,XVII,Dentro,Urbana,Otra Señal,No existe,Intersección,Bueno,Buena,"Nocturna,Con luz artificial",S/D,"De alcance,Múltiple",S/D,Colisión,Ninguna,Faltante,Cordón divisorio,Sin restricción
2021,3306,2021-05-30,Domingo,23:10:00,,0.0,2,"Moto/Ciclomotor,Moto/Ciclomotor",Las Heras Y Domingo Silva,2,2,0,0,0,0,0,"-31.62481, -60.71369",Calle,,SANTA FE,La Capital,Asfalto,S/D,I,Dentro,Urbana,Otra Señal,No existe,Intersección,S/D,S/D,Nocturna,Buen Tiempo,"De alcance,Múltiple",S/D,Colisión,S/D,S/D,Cordón divisorio,Sin restricción
2021,3307,2021-06-26,Sabado,17:45:00,,0.0,2,"Automóvil,Moto/Ciclomotor",Maipú Y R del Brasil,4,1,0,0,3,0,0,"-32.771021,-60.733679",Calle,,SAN LORENZO,San Lorenzo,Tierra,No existe,XVII,Dentro,Urbana,Otra Señal,No existe,Intersección,S/D,S/D,Diurna,S/D,"De alcance,Múltiple",S/D,Colisión,S/D,Faltante,Cordón divisorio,Sin restricción
2021,3308,2021-03-18,Jueves,19:30:00,,0.0,2,"Moto/Ciclomotor,Automóvil",Lamadrid Y La Rioja,2,1,0,0,1,0,0,"-31.64068, -60.72702",Calle,,SANTA FE,La Capital,Asfalto,No existe,I,S/D,Urbana,Otra Señal,No existe,Intersección,Con baches,Buena,Diurna,Buen Tiempo,"De alcance,Múltiple",S/D,Colisión,Fluidos,Faltante,Cordón divisorio,Sin restricción
2021,3309,2021-05-15,Sabado,18:00:00,,0.0,2,"Moto/Ciclomotor,Automóvil", Valentín Alsina Y Montevideo,3,2,0,0,1,0,0,"-33.05025, -61.19264",S/D,,CASILDA,Caseros,S/D,S/D,IV,S/D,S/D,Otra Señal,S/D,Intersección,S/D,S/D,S/D,S/D,"De alcance,Múltiple",S/D,Colisión,S/D,S/D,Cordón divisorio,Sin restricción
2021,3311,2021-03-18,Jueves,15:00:00,,0.0,2,"Moto/Ciclomotor,Automóvil",Lamadrid Y Primera Junta,2,1,0,0,1,0,0,"-31.64264, -60.72762",Avenida,,SANTA FE,La Capital,Asfalto,No existe,I,S/D,Urbana,Otra Señal,No existe,Intersección,Con baches,Buena,Diurna,Buen Tiempo,"De alcance,Múltiple",S/D,Colisión,Agua,Faltante,Cordón divisorio,Sin restricción
2021,3312,2021-06-25,Viernes,,,0.0,2,"Pickup/Utilitario,Automóvil",Belgrano Y General López,2,0,0,0,0,0,2,"-32.746714128094,-60.735218826734",Calle,,SAN LORENZO,San Lorenzo,Asfalto,No existe,XVII,Dentro,Urbana,Otra Señal,No existe,Intersección,S/D,S/D,S/D,S/D,"De alcance,Múltiple",S/D,Colisión,S/D,Horizontal,Cordón divisorio,Sin restricción
2021,3313,2021-03-18,Jueves,01:00:00,,0.0,1,Moto/Ciclomotor,Mendoza Y Dr. Zavalla,1,1,0,0,0,0,0,"-31.64588, -60.72007",Calle,,SANTA FE,La Capital,Asfalto,No existe,I,S/D,Urbana,Otra Señal,No existe,Intersección,Bueno,Reducida,"Nocturna,Con luz artificial",Buen Tiempo,"De alcance,Múltiple",S/D,Colisión,S/D,"Horizontal,Vertical",Cordón divisorio,Sin restricción
2021,3314,2021-06-12,Sabado,18:20:00,,0.0,2,"Moto/Ciclomotor,Bicicleta",Avenida 21 ,2,1,0,0,1,0,0,"-32.675031059059,-61.509253417151",Avenida,,LAS PAREJAS,Belgrano,Asfalto,Pavimento,III,Dentro,Urbana,Otra Señal,No existe,Intersección,Deteriorada,Buena,Atardecer,Buen Tiempo,"De alcance,Múltiple",Ciclista,Colisión,Otro,Vertical,Cordón divisorio,Sin restricción
2021,3315,2021-05-15,Sabado,08:20:00,Ruta Provincial 65,0.0,2,"Automóvil,Camión",Juan B Justo ,2,1,0,0,1,0,0,"-32.3668, -61.34996",Ruta,65,SAN GENARO,San JERÓNIMO,S/D,S/D,XV,S/D,S/D,Otra Señal,S/D,Intersección,S/D,S/D,S/D,S/D,"De alcance,Múltiple",S/D,Colisión,S/D,S/D,Cordón divisorio,Sin restricción
2021,3316,2021-06-22,Martes,16:20:00,Ruta Nacional 11,0.0,2,"Moto/Ciclomotor,Moto/Ciclomotor",Av. San Martin Y San Luis,2,2,0,0,0,0,0,"-32.753504714278,-60.734292919167",Ruta,11,SAN LORENZO,San Lorenzo,Asfalto,No existe,XVII,Dentro,Urbana,Otra Señal,No existe,Intersección,S/D,S/D,Diurna,S/D,"De alcance,Múltiple",S/D,Colisión,S/D,Horizontal,Cordón divisorio,Sin restricción
2021,3317,2021-03-18,Jueves,18:30:00,Ruta Nacional 168,4.0,2,"Pickup/Utilitario,Moto/Ciclomotor", ,3,1,0,0,2,0,0,"-31.64179, -60.67245",Ruta,168,SANTA FE,La Capital,Asfalto,Pavimento,I,S/D,Rural,Otra Señal,No existe,Intersección,Bueno,Buena,Diurna,Buen Tiempo,"De alcance,Múltiple",S/D,Colisión,Ninguna,Faltante,Cordón divisorio,Sin restricción
2021,3318,2021-05-28,Viernes,15:00:00,,0.0,2,"Automóvil,Moto/Ciclomotor",4 de Enero Y Gdor. Crespo,2,1,0,0,1,0,0,"-31.64012, -60.71018",Calle,,SANTA FE,La Capital,Asfalto,No existe,I,Dentro,Urbana,Otra Señal,No existe,Intersección,Bueno,S/D,Diurna,S/D,"De alcance,Múltiple",S/D,Colisión,S/D,S/D,Cordón divisorio,Sin restricción
2021,3319,2021-03-18,Jueves,12:15:00,,0.0,1,Moto/Ciclomotor,Simón de Iriondo 4300,1,1,0,0,0,0,0,"-31.43045, -60.92467",Calle,,ESPERANZA,Las Colonias,Asfalto,S/D,XI,Dentro,Urbana,Otra Señal,No existe,Intersección,Bueno,Buena,Diurna,Buen Tiempo,"De alcance,Múltiple",S/D,Colisión,Ninguna,"Horizontal,Vertical",Cordón divisorio,Sin restricción
2021,3320,2021-05-10,Lunes,,,0.0,2,"Moto/Ciclomotor,Pickup/Utilitario", ,2,1,0,0,1,0,0,"-31.44985, -60.93",S/D,,ESPERANZA,Las Colonias,S/D,S/D,XI,S/D,S/D,Otra Señal,S/D,Intersección,S/D,S/D,S/D,S/D,"De alcance,Múltiple",S/D,Colisión,S/D,S/D,Cordón divisorio,Sin restricción
2021,3321,2021-06-06,Domingo,20:00:00,,0.0,2,"Bicicleta,Pickup/Utilitario",G Kirk Y J B Alberdi,2,1,0,0,1,0,0,"-32.71589577198031,-60.729653835296",Calle,,PUERTO SAN MARTÍN,San Lorenzo,Asfalto,No existe,XVII,Dentro,Urbana,Otra Señal,No existe,Intersección,Bueno,Buena,Diurna,Buen Tiempo,"De alcance,Múltiple",Ciclista,Colisión,Ninguna,Horizontal,Cordón divisorio,Sin restricción
2021,3322,2021-06-18,Viernes,14:15:00,Autopista Nacional A012,0.0,1,Moto/Ciclomotor, ,1,1,0,0,0,0,0,"-32.764913, -60.752276",Autopista,A012,SAN LORENZO,San Lorenzo,Asfalto,No existe,XVII,Dentro,Rural,Otra Señal,No existe,Intersección,S/D,S/D,Diurna,S/D,"De alcance,Múltiple",S/D,Colisión,S/D,Faltante,Cordón divisorio,Sin restricción
2021,3323,2021-05-10,Lunes,,,0.0,2,"Moto/Ciclomotor,Pickup/Utilitario", ,2,1,0,0,1,0,0,"-31.44985, -60.93",S/D,,ESPERANZA,Las Colonias,S/D,S/D,XI,S/D,S/D,Otra Señal,S/D,Intersección,S/D,S/D,S/D,S/D,"De alcance,Múltiple",S/D,Colisión,S/D,S/D,Cordón divisorio,Sin restricción
2021,3324,2021-03-18,Jueves,21:00:00,,0.0,2,"Automóvil,Bicicleta",G Lehmann Y General Manuel Belgrano,2,1,0,0,1,0,0,"-31.45085, -60.9299",Calle,,ESPERANZA,Las Colonias,Asfalto,S/D,XI,Dentro,Urbana,Otra Señal,No existe,Intersección,Bueno,Buena,"Nocturna,Con luz artificial",Buen Tiempo,"De alcance,Múltiple",Ciclista,Colisión,Ninguna,S/D,Cordón divisorio,Sin restricción
2021,3325,2021-05-26,Miercoles,19:45:00,,0.0,1,Moto/Ciclomotor,Córdoba Y Saavedra,1,1,0,0,0,0,0,"-29.05327, -60.41532",Calle,,VERA,Vera,S/D,S/D,XIX,Dentro,Urbana,Otra Señal,S/D,Intersección,S/D,S/D,Atardecer,S/D,"De alcance,Múltiple",S/D,Colisión,S/D,S/D,Cordón divisorio,Sin restricción
2021,3326,2021-06-19,Sabado,17:35:00,,0.0,2,"Automóvil,Moto/Ciclomotor",Calle 25 Y Calle 28,2,1,0,0,1,0,0,"-32.674448949845,-61.515285181361",Calle,,LAS PAREJAS,Belgrano,Hormigón,No existe,III,Dentro,Urbana,Otra Señal,No existe,Intersección,Deteriorada,Buena,Atardecer,Buen Tiempo,"De alcance,Múltiple",S/D,Colisión,Ninguna,Faltante,Cordón divisorio,Sin restricción
2021,3327,2021-05-10,Lunes,,,0.0,2,"Automóvil,Automóvil", ,2,1,0,0,1,0,0,"-31.44985, -60.93",S/D,,ESPERANZA,Las Colonias,S/D,S/D,XI,S/D,S/D,Otra Señal,S/D,Intersección,S/D,S/D,S/D,S/D,"De alcance,Múltiple",S/D,Colisión,S/D,S/D,Cordón divisorio,Sin restricción
2021,3328,2021-05-10,Lunes,,,0.0,2,"Automóvil,Automóvil", ,2,1,0,0,1,0,0,"-31.44985, -60.93",S/D,,ESPERANZA,Las Colonias,S/D,S/D,XI,S/D,S/D,Otra Señal,S/D,Intersección,S/D,S/D,S/D,S/D,"De alcance,Múltiple",S/D,Colisión,S/D,S/D,Cordón divisorio,Sin restricción
2021,3329,2021-03-18,Jueves,16:30:00,,0.0,2,"Automóvil,Moto/Ciclomotor",Av. Juan Domingo Perón Y Pasteur,3,1,0,0,2,0,0,"-33.02636, -60.62572",Avenida,,VILLA GOBERNADOR GÁLVEZ,Rosario,Asfalto,No existe,II,S/D,Urbana,Otra Señal,Funciona,Intersección,Con baches,Buena,Diurna,Otro,"De alcance,Múltiple",S/D,Colisión,Ninguna,Vertical,Cordón divisorio,Sin restricción
2021,3330,2021-06-01,Martes,20:15:00,,0.0,2,"Bicicleta,Moto/Ciclomotor",Córdoba Y Falucho,2,1,0,0,1,0,0,"-32.716414158727,-60.737327353617",Avenida,,PUERTO SAN MARTÍN,San Lorenzo,Asfalto,No existe,XVII,Dentro,Urbana,Otra Señal,No existe,Intersección,Bueno,Buena,Nocturna,Buen Tiempo,"De alcance,Múltiple",Ciclista,Colisión,Ninguna,Horizontal,Cordón divisorio,Sin restricción
2021,3332,2021-05-27,Jueves,10:10:00,,0.0,2,"Pickup/Utilitario,Bicicleta",Rosario Y Corrientes,2,1,0,0,1,0,0,"-29.46548, -60.21299",Calle,,VERA,Vera,Asfalto,No existe,XIX,Dentro,Urbana,Otra Señal,No existe,Intersección,Bueno,Buena,Diurna,Buen Tiempo,"De alcance,Múltiple",Ciclista,Colisión,Ninguna,Vertical,Cordón divisorio,Sin restricción
2021,3333,2021-06-20,Domingo,15:10:00,Ruta Secundaria 33-s,0.0,2,"Pickup/Utilitario,Moto/Ciclomotor",Avenida 13 Y Avenida 16,5,3,0,0,2,0,0,"-32.684114532209,-61.519712880617",Ruta,33-s,LAS PAREJAS,Belgrano,Hormigón,No existe,III,Dentro,Urbana,Otra Señal,No existe,Intersección,Bueno,Buena,Atardecer,Buen Tiempo,"De alcance,Múltiple",S/D,Colisión,Ninguna,"Horizontal,Vertical",Cordón divisorio,Sin restricción
2021,3334,2021-05-11,Martes,,,0.0,2,"Bicicleta,Automóvil", ,2,1,0,0,1,0,0,"-31.44985, -60.93",S/D,,ESPERANZA,Las Colonias,S/D,S/D,XI,S/D,S/D,Otra Señal,S/D,Intersección,S/D,S/D,S/D,S/D,"De alcance,Múltiple",Ciclista,Colisión,S/D,S/D,Cordón divisorio,Sin restricción
2021,3335,2021-06-16,Miercoles,,,0.0,2,"Automóvil,Moto/Ciclomotor",25 de Mayo Y San Juan,2,1,0,0,1,0,0,"-32.752142228634,-60.741345567623",Calle,,SAN LORENZO,San Lorenzo,Asfalto,No existe,XVII,Dentro,Urbana,Otra Señal,No existe,Intersección,S/D,S/D,S/D,S/D,"De alcance,Múltiple",S/D,Colisión,S/D,Faltante,Cordón divisorio,Sin restricción
2021,3336,2021-03-18,Jueves,11:00:00,,0.0,2,"Moto/Ciclomotor,Pickup/Utilitario",Brasil Y French,2,1,0,0,1,0,0,"-32.922, -60.72038",Calle,,ROSARIO,Rosario,Asfalto,No existe,II,S/D,Urbana,Otra Señal,No existe,Intersección,Bueno,Buena,Diurna,Buen Tiempo,"De alcance,Múltiple",S/D,Colisión,Ninguna,Faltante,Cordón divisorio,Sin restricción
2021,3337,2021-06-07,Lunes,,,0.0,2,"Pickup/Utilitario,Moto/Ciclomotor",Antártida Argentina Y Bv Pellegrini,3,1,0,0,2,0,0,"-32.8985595703125,-60.9091982245445",Calle,,ROLDÁN,San Lorenzo,Asfalto,No existe,XVII,Dentro,Urbana,Otra Señal,No existe,Intersección,Bueno,Buena,Diurna,Buen Tiempo,"De alcance,Múltiple",S/D,Colisión,Ninguna,Faltante,Cordón divisorio,Sin restricción
2021,3338,2021-06-24,Jueves,13:55:00,,0.0,2,"Moto/Ciclomotor,Automóvil",Calle 14 Y Cortada 17 bis,6,2,0,0,4,0,0,"-32.681791813425,-61.522408042916",Calle,,LAS PAREJAS,Belgrano,Asfalto,No existe,III,Dentro,Urbana,Otra Señal,No existe,Intersección,Bueno,Reducida p/ objetos,Diurna,Buen Tiempo,"De alcance,Múltiple",S/D,Colisión,Ninguna,Horizontal,Cordón divisorio,Sin restricción
2021,3339,2021-05-29,Sabado,15:35:00,Ruta Nacional 98,0.0,1,Moto/Ciclomotor, ,1,1,0,0,0,0,0,"-29.46548, -60.21299",Ruta,98,VERA,Vera,Asfalto,No existe,XIX,Dentro,Urbana,Otra Señal,No existe,Intersección,Bueno,Buena,Diurna,Buen Tiempo,"De alcance,Múltiple",S/D,Colisión,Ninguna,Faltante,Cordón divisorio,Sin restricción
2021,3340,2021-03-18,Jueves,16:45:00,,0.0,2,"Moto/Ciclomotor,Automóvil",San Martin Y Ameghino,2,1,0,0,1,0,0,"-32.98755, -60.64604",Calle,,ROSARIO,Rosario,Asfalto,No existe,II,Dentro,Urbana,Otra Señal,Funciona,Intersección,Bueno,Buena,Diurna,Buen Tiempo,"De alcance,Múltiple",S/D,Colisión,Ninguna,Faltante,Cordón divisorio,Sin restricción
2021,3341,2021-06-14,Lunes,12:00:00,,0.0,2,"Camión,Moto/Ciclomotor",Catamarca Y Irigoyen,3,1,0,0,2,0,0,"-32.754644, -60.736511",Calle,,SAN LORENZO,San Lorenzo,Asfalto,No existe,XVII,Dentro,Urbana,Otra Señal,No existe,Intersección,S/D,S/D,Diurna,S/D,"De alcance,Múltiple",S/D,Colisión,S/D,Faltante,Cordón divisorio,Sin restricción