anio_acci,nro_acci,fecha,desc_dia,hora_aprox,desc_ruta,km,cant_participantes,desc_participante,calle_avenida_km,total,heridos_leves,heridos_graves,heridos_gravisimos,ilesos,fallecidos,sin_datos,posicion_XY,desc_tipo_via,desc_ruta_ori,desc_loc,desc_dpto,desc_tipo_calzada,desc_tipo_banquina,desc_unidad_regional,desc_lugar_calzada,desc_zona,desc_prioridad,desc_estado_semaforo,desc_lugar_via,desc_estado_via,desc_estado_visibilidad,desc_luminosidad,desc_estado_clima,desc_tipo_colision,desc_tipo_atropello,desc_tipo_hecho,desc_pres_calzada,desc_senializacion,desc_separacion_via,desc_restriccion
2021,3343,2021-03-18,Jueves,20:20:00,,0.0,2,"Bicicleta,Automóvil",Mendoza Y Balcarce,2,1,0,0,1,0,0,"-32.94912, -60.65324",Calle,,ROSARIO,Rosario,Asfalto,No existe,II,S/D,Urbana,Otra Señal,Funciona,Intersección,Bueno,S/D,Nocturna,S/D,"De alcance,Múltiple",Ciclista,Colisión,S/D,Horizontal,Cordón divisorio,Sin restricción
2021,3344,2021-06-20,Domingo,10:25:00,,0.0,2,"Automóvil,Moto/Ciclomotor",José Cuffia Y Pio Domingo Chiodi,4,2,0,0,2,0,0,"-32.776139759377,-61.601075432091",Calle,,ARMSTRONG,Belgrano,Asfalto,No existe,III,Dentro,Urbana,Otra Señal,No existe,Intersección,Bueno,Buena,Diurna,Buen Tiempo,"De alcance,Múltiple",S/D,Colisión,Ninguna,Vertical,Cordón divisorio,Sin restricción
2021,3346,2021-06-03,Jueves,13:10:00,,0.0,2,"Moto/Ciclomotor,Moto/Ciclomotor",Libertad 760,3,3,0,0,0,0,0,"-32.888974682098,-60.905426281604",Calle,,ROLDÁN,San Lorenzo,"Asfalto,Tierra",No existe,XVII,Dentro,Urbana,Otra Señal,No existe,Intersección,Bueno,Buena,Diurna,Buen Tiempo,"De alcance,Múltiple",S/D,Colisión,Ninguna,Faltante,Cordón divisorio,Sin restricción
2021,3348,2021-03-18,Jueves,22:20:00,,0.0,2,"Automóvil,Moto/Ciclomotor",Baigorria 2598,2,1,0,0,1,0,0,"-32.89397, -60.71772",Calle,,ROSARIO,Rosario,Asfalto,No existe,II,S/D,Urbana,Otra Señal,No existe,Intersección,Bueno,Buena,Nocturna,Buen Tiempo,"De alcance,Múltiple",S/D,Colisión,S/D,Faltante,Cordón divisorio,Sin restricción
2021,3349,2021-06-26,Sabado,18:20:00,,0.0,2,"Pickup/Utilitario,Moto/Ciclomotor",Dr. Ricardo Fischer Y French,3,2,0,0,1,0,0,"-32.778984156895,-61.604600206222",Calle,,ARMSTRONG,Belgrano,Asfalto,No existe,III,Dentro,Urbana,Otra Señal,No existe,Intersección,Bueno,Buena,Diurna,Buen Tiempo,"De alcance,Múltiple",S/D,Colisión,Ninguna,Horizontal,Cordón divisorio,Sin restricción
2021,3350,2021-05-27,Jueves,15:40:00,,0.0,2,"Moto/Ciclomotor,Pickup/Utilitario",Rivadavia Y Hipólito Yrigoyen,2,1,0,0,1,0,0,"-32.74734, -60.75485",Calle,,SANTA FE,La Capital,Asfalto,Pavimento,I,Dentro,Urbana,Otra Señal,Funciona,Intersección,Bueno,Buena,Diurna,Buen Tiempo,"De alcance,Múltiple",S/D,Colisión,Ninguna,Faltante,Cordón divisorio,Sin restricción
2021,3351,2021-03-18,Jueves,14:50:00,,0.0,2,"Moto/Ciclomotor,Automóvil",Mitre Y Agustín Justo,3,2,0,0,1,0,0,"-29.88442, -60.28873",Calle,,CALCHAQUÍ,Vera,Asfalto,No existe,XIX,S/D,Urbana,Otra Señal,No existe,Intersección,Bueno,Buena,Diurna,Buen Tiempo,"De alcance,Múltiple",S/D,Colisión,Ninguna,Faltante,Cordón divisorio,Sin restricción
2021,3352,2021-06-02,Miercoles,07:40:00,Ruta Nacional A012,0.0,2,"Moto/Ciclomotor,Automóvil",Ruta Nacional 9 ,2,1,0,0,1,0,0,"-32.926797866821246,-60.89996337890",Ruta,A012,ROLDÁN,San Lorenzo,Asfalto,Natural,XVII,Dentro,Rural,Otra Señal,No existe,Intersección,Bueno,Buena,Diurna,Buen Tiempo,"De alcance,Múltiple",S/D,Colisión,Ninguna,Horizontal,Cordón divisorio,Sin restricción
2021,3353,2021-06-14,Lunes,18:00:00,,0.0,2,"Moto/Ciclomotor,Automóvil",España Y Ituzaingó,2,1,0,0,1,0,0,"-32.959223091602325,-60.65010219812",Calle,,ROSARIO,Rosario,Asfalto,No existe,II,Dentro,Urbana,Otra Señal,No existe,Intersección,Bueno,Buena,Diurna,Buen Tiempo,"De alcance,Múltiple",S/D,Colisión,Ninguna,Vertical,Cordón divisorio,Sin restricción
2021,3354,2021-03-18,Jueves,21:20:00,Ruta Provincial 31,90.0,1,Moto/Ciclomotor, ,2,2,0,0,0,0,0,"-28.67769, -60.06912",Ruta,31,INTIYACO,Vera,Tierra,No existe,XIX,S/D,Rural,Otra Señal,No existe,Intersección,Bueno,Reducida,Nocturna,Buen Tiempo,"De alcance,Múltiple",S/D,Colisión,Ninguna,Faltante,Cordón divisorio,Sin restricción
2021,3355,2021-03-18,Jueves,11:45:00,,0.0,2,"Automóvil,Bicicleta",Bv Delfo Cabrera Y Moreno,2,1,0,0,1,0,0,"-32.78883, -61.60269",Calle,,ARMSTRONG,Belgrano,Asfalto,No existe,III,Dentro,Urbana,Otra Señal,No existe,Intersección,Bueno,Buena,Amanecer,Buen Tiempo,"De alcance,Múltiple",Ciclista,Colisión,Ninguna,"Horizontal,Vertical",Cordón divisorio,Sin restricción
2021,3356,2021-06-12,Sabado,,Ruta Provincial 1,0.0,2,"Pickup/Utilitario,Moto/Ciclomotor",Boulevard General B Mitre Y Chacabuco,3,1,0,0,2,0,0,"-31.095852392762,-60.09305238854",Ruta,1,HELVECIA,Garay,Asfalto,No existe,VII,Dentro,Urbana,Otra Señal,No existe,Intersección,Bueno,Buena,Diurna,Buen Tiempo,"De alcance,Múltiple",S/D,Colisión,Ninguna,"Horizontal,Vertical",Cordón divisorio,Sin restricción
2021,3357,2021-06-24,Jueves,18:15:00,,0.0,1,Moto/Ciclomotor,Bv B Mitre Y M Diaz Vélez,1,1,0,0,0,0,0,"-32.721395499959,-60.739704368154",Avenida,,SAN LORENZO,San Lorenzo,Tierra,No existe,XVII,Dentro,Urbana,Otra Señal,No existe,Intersección,Bueno,S/D,Diurna,S/D,"De alcance,Múltiple",S/D,Colisión,Ninguna,Faltante,Cordón divisorio,Sin restricción
2021,3358,2021-06-12,Sabado,18:50:00,,0.0,2,"Bicicleta,Automóvil",Amenábar Y España,2,1,0,0,1,0,0,"-32.970694808151,-60.652993598735",Calle,,ROSARIO,Rosario,Asfalto,No existe,II,Dentro,Urbana,Otra Señal,No existe,Intersección,Bueno,Buena,Diurna,Buen Tiempo,"De alcance,Múltiple",Ciclista,Colisión,Ninguna,Faltante,Cordón divisorio,Sin restricción
2021,3359,2021-06-07,Lunes,19:40:00,Ruta Secundaria 3-s,0.0,2,"Moto/Ciclomotor,Moto/Ciclomotor",Calle 22 Y Calle 9,2,1,0,0,1,0,0,"-32.684628212357,-61.514513587248",Ruta,3-s,LAS PAREJAS,Belgrano,Asfalto,No existe,III,Dentro,Urbana,Otra Señal,No existe,Intersección,Bueno,Buena,"Nocturna,Con luz artificial",Buen Tiempo,"De alcance,Múltiple",S/D,Colisión,Ninguna,Faltante,Cordón divisorio,Sin restricción
2021,3360,2021-06-15,Martes,12:15:00,,0.0,2,"Automóvil,Automóvil",Caseros Y Guido Spano,3,1,0,0,2,0,0,"-32.780898722083,-60.732585892842",Calle,,FRAY LUIS BELTRÁN,San Lorenzo,Tierra,No existe,XVII,Dentro,Urbana,Otra Señal,No existe,Intersección,Bueno,Buena,Diurna,Buen Tiempo,"De alcance,Múltiple",S/D,Colisión,Ninguna,Faltante,Cordón divisorio,Sin restricción
2021,3361,2021-06-09,Miercoles,19:30:00,,0.0,2,"Bicicleta,Automóvil",Bv. Oroño Y Lugones,2,1,0,0,1,0,0,"-32.958132288941,-60.657066542658",Avenida,,ROSARIO,Rosario,Asfalto,No existe,II,Dentro,Urbana,Otra Señal,No existe,Intersección,Bueno,Buena,Nocturna,Buen Tiempo,"De alcance,Múltiple",Ciclista,Colisión,Ninguna,Horizontal,Cordón divisorio,Sin restricción
2021,3362,2021-06-30,Miercoles,18:20:00,,0.0,2,"Moto/Ciclomotor,Automóvil",Cabo A Coronel Y Chile,3,2,0,0,1,0,0,"-29.223472754043,-61.77140840639",Calle,,TOSTADO,9 de Julio,Ripio,No existe,XII,Dentro,Urbana,Otra Señal,No existe,Intersección,Bueno,Buena,Diurna,Buen Tiempo,"De alcance,Múltiple",S/D,Colisión,Material Suelto,Faltante,Cordón divisorio,Sin restricción
2021,3363,2021-06-08,Martes,16:10:00,,0.0,2,"Moto/Ciclomotor,Pickup/Utilitario",Cochabamba Y Dorrego,3,1,0,0,2,0,0,"-32.956449802754,-60.652247222548",Calle,,ROSARIO,Rosario,Asfalto,No existe,II,Dentro,Urbana,Otra Señal,No existe,Intersección,Bueno,Buena,Diurna,Buen Tiempo,"De alcance,Múltiple",S/D,Colisión,Ninguna,"Horizontal,Vertical",Cordón divisorio,Sin restricción
2021,3364,2021-06-25,Viernes,12:05:00,Ruta Nacional 175,0.0,2,"Automóvil,Pickup/Utilitario",Av. San Martin Y Cayetano Nerbutti,3,1,0,0,2,0,0,"-32.718384, -60.731391",Ruta,175,PUERTO SAN MARTÍN,San Lorenzo,Asfalto,No existe,XVII,Dentro,Urbana,Otra Señal,No existe,Intersección,Bueno,Buena,Diurna,Buen Tiempo,"De alcance,Múltiple",S/D,Colisión,Ninguna,Horizontal,Cordón divisorio,Sin restricción
2021,3365,2021-06-05,Sabado,13:55:00,,0.0,2,"Automóvil,Automóvil",Entre Ríos Y Ocampo,2,1,0,0,1,0,0,"-32.965950244998,-60.645996244275",Calle,,ROSARIO,Rosario,Asfalto,No existe,II,Dentro,Urbana,Otra Señal,No existe,Intersección,Bueno,Buena,Diurna,Buen Tiempo,"De alcance,Múltiple",S/D,Colisión,Ninguna,Vertical,Cordón divisorio,Sin restricción
2021,3366,2021-06-14,Lunes,12:30:00,,0.0,2,"Automóvil,Moto/Ciclomotor",Av. San Martin Y Italia,3,2,0,0,1,0,0,"-32.723337503197,-60.732216164507",Avenida,,SAN LORENZO,San Lorenzo,Asfalto,No existe,XVII,Dentro,Urbana,Otra Señal,No existe,Intersección,Bueno,Buena,Diurna,Buen Tiempo,"De alcance,Múltiple",S/D,Colisión,Ninguna,Faltante,Cordón divisorio,Sin restricción
2021,3367,2021-06-11,Viernes,13:20:00,,0.0,2,"Moto/Ciclomotor,Taxi/Remis",Mariano Moreno Y San Juan,2,1,0,0,1,0,0,"-32.947928045565,-60.651519363066",Calle,,ROSARIO,Rosario,Asfalto,No existe,II,Dentro,Urbana,Otra Señal,No existe,Intersección,S/D,Buena,Diurna,Buen Tiempo,"De alcance,Múltiple",S/D,Colisión,S/D,Horizontal,Cordón divisorio,Sin restricción
2021,3368,2021-06-18,Viernes,17:00:00,Ruta Nacional 168,0.0,2,"Moto/Ciclomotor,Automóvil",Bv Oroño Y General López,2,2,0,0,0,0,0,"-32.735192483293,-60.734900177427",Ruta,168,SAN LORENZO,San Lorenzo,Asfalto,No existe,XVII,Dentro,Urbana,Otra Señal,No existe,Intersección,Bueno,Buena,Diurna,Buen Tiempo,"De alcance,Múltiple",S/D,Colisión,Ninguna,Faltante,Cordón divisorio,Sin restricción
2021,3369,2021-06-16,Miercoles,19:45:00,Ruta Nacional 175,0.0,2,"Moto/Ciclomotor,Automóvil",Córdoba Y 25 de Mayo,4,2,0,0,2,0,0,"-32.71732807159426,-60.732191205024",Ruta,175,PUERTO SAN MARTÍN,San Lorenzo,Asfalto,S/D,XVII,Dentro,Urbana,Otra Señal,No existe,Intersección,Bueno,Buena,Atardecer,Buen Tiempo,"De alcance,Múltiple",S/D,Colisión,Ninguna,Horizontal,Cordón divisorio,Sin restricción
2021,3370,2021-06-22,Martes,14:05:00,,0.0,2,"Moto/Ciclomotor,Automóvil",Av. San Martin Y Bv B Mitre,2,1,0,0,1,0,0,"-32.722247324682,-60.732068585115",Avenida,,SAN LORENZO,San Lorenzo,Asfalto,No existe,XVII,Dentro,Urbana,Otra Señal,Funciona,Intersección,Bueno,Buena,Diurna,Buen Tiempo,"De alcance,Múltiple",S/D,Colisión,Ninguna,Vertical,Cordón divisorio,Sin restricción
2021,3371,2021-06-27,Domingo,19:00:00,,0.0,2,"Moto/Ciclomotor,Automóvil",Irigoyen Y Silverio Córdoba,2,1,0,0,1,0,0,"-32.736227462865,-60.736002197026",Calle,,SAN LORENZO,San Lorenzo,Asfalto,No existe,XVII,Dentro,Urbana,Otra Señal,No existe,Intersección,Bueno,Buena,Atardecer,Buen Tiempo,"De alcance,Múltiple",S/D,Colisión,Ninguna,Faltante,Cordón divisorio,Sin restricción
2021,3372,2021-05-28,Viernes,13:00:00,,0.0,2,"Moto/Ciclomotor,Taxi/Remis",Candioti Y Pje Santa María de Oro,2,1,0,0,1,0,0,"-32.74734, -60.75485",Calle,,SANTA FE,La Capital,Asfalto,Pavimento,I,Dentro,Urbana,Otra Señal,No existe,Intersección,Bueno,Buena,Diurna,Buen Tiempo,"De alcance,Múltiple",S/D,Colisión,Ninguna,S/D,Cordón divisorio,Sin restricción
2021,3373,2021-06-24,Jueves,17:15:00,,0.0,2,"Moto/Ciclomotor,Pickup/Utilitario",Av. San Martin Y Mateo Gálvez,3,1,0,0,0,0,2,"-32.72134201379,-60.731917186418",Avenida,,SAN LORENZO,San Lorenzo,Asfalto,No existe,XVII,Dentro,Urbana,Otra Señal,No existe,Intersección,Bueno,Buena,Diurna,Buen Tiempo,"De alcance,Múltiple",S/D,Colisión,Ninguna,Horizontal,Cordón divisorio,Sin restricción
2021,3374,2021-05-27,Jueves,10:00:00,,0.0,2,"Moto/Ciclomotor,Pickup/Utilitario",San Jerónimo Y Mariano Comas,2,1,0,0,1,0,0,"-32.74734, -60.75485",Calle,,SANTA FE,La Capital,Asfalto,Pavimento,I,Dentro,Urbana,Otra Señal,No existe,Intersección,Bueno,Buena,Diurna,S/D,"De alcance,Múltiple",S/D,Colisión,Ninguna,Faltante,Cordón divisorio,Sin restricción
2021,3375,2021-06-27,Domingo,22:50:00,,0.0,1,Automóvil,Islas Malvinas 4200,1,1,0,0,0,0,0,"-32.719795820933,-60.737269847719",Calle,,SAN LORENZO,San Lorenzo,Asfalto,No existe,XVII,Dentro,Urbana,Otra Señal,No existe,Intersección,Bueno,Buena,Diurna,Buen Tiempo,"De alcance,Múltiple",S/D,Colisión,Ninguna,Faltante,Cordón divisorio,Sin restricción
2021,3376,2021-05-27,Jueves,16:45:00,,0.0,2,"Bicicleta,Moto/Ciclomotor",Bartolomé Mitre Y Cullen,2,2,0,0,0,0,0,"-32.74734, -60.75485",Calle,,ESPERANZA,Las Colonias,Asfalto,No existe,XI,S/D,Urbana,Otra Señal,No existe,Intersección,Bueno,Buena,Diurna,Buen Tiempo,"De alcance,Múltiple",S/D,Colisión,Ninguna,Vertical,Cordón divisorio,Sin restricción
2021,3377,2021-06-30,Miercoles,11:50:00,,0.0,2,"Moto/Ciclomotor,Automóvil",Dorrego Y Granadero Baigorria,2,1,0,0,1,0,0,"-32.73388792131,-60.736713744159",Calle,,SAN LORENZO,San Lorenzo,Asfalto,No existe,XVII,Dentro,Urbana,Otra Señal,No existe,Intersección,Bueno,Buena,Diurna,Buen Tiempo,"De alcance,Múltiple",S/D,Colisión,Ninguna,Faltante,Cordón divisorio,Sin restricción
2021,3378,2021-06-16,Miercoles,15:00:00,Ruta Nacional 11,0.0,2,"Moto/Ciclomotor,Camión c / Acoplado",Pte. Juan D Perón Y Ruta Nac 11,2,1,0,0,1,0,0,"-32.69076883792877,-60.774371623992",Ruta,11,PUERTO SAN MARTÍN,San Lorenzo,Asfalto,No existe,XVII,Dentro,Urbana,Otra Señal,No existe,Intersección,Deteriorada,Buena,Diurna,Buen Tiempo,"De alcance,Múltiple",S/D,Colisión,Ninguna,Vertical,Cordón divisorio,Sin restricción
2021,3379,2021-06-02,Miercoles,12:20:00,,0.0,2,"Moto/Ciclomotor,Pickup/Utilitario",Av. San Martin 100,2,1,0,0,1,0,0,"-32.707377, -60.729366",Avenida,,PUERTO SAN MARTÍN,San Lorenzo,Asfalto,No existe,XVII,Dentro,Urbana,Otra Señal,No existe,Intersección,Bueno,Buena,Diurna,Buen Tiempo,"De alcance,Múltiple",S/D,Colisión,Ninguna,Horizontal,Cordón divisorio,Sin restricción
2021,3380,2021-06-30,Miercoles,12:15:00,,0.0,1,Moto/Ciclomotor,Eva Perón 1245,1,1,0,0,0,0,0,"-32.726273763974,-60.739890127387",Calle,,SAN LORENZO,San Lorenzo,Asfalto,No existe,XVII,Dentro,Urbana,Otra Señal,No existe,Intersección,Bueno,Buena,Diurna,Buen Tiempo,"De alcance,Múltiple",S/D,Colisión,Ninguna,Faltante,Cordón divisorio,Sin restricción
2021,3381,2021-06-12,Sabado,11:00:00,Autopista Nacional Rosario -Cordoba,0.0,2,"Bicicleta,Camión c / Acoplado",A012 ,2,1,0,0,1,0,0,"-32.926754951477015,-60.89996337890",Autopista,Rosario -Cordoba,ROLDÁN,San Lorenzo,Asfalto,Natural,XVII,Dentro,Urbana,Otra Señal,No existe,Intersección,Bueno,Buena,Diurna,Buen Tiempo,"De alcance,Múltiple",Ciclista,Colisión,Ninguna,Horizontal,Cordón divisorio,Sin restricción
2021,3382,2021-06-04,Viernes,19:40:00,Ruta Nacional 11,0.0,2,"Pickup/Utilitario,Moto/Ciclomotor",Bv San Martin Y España,3,1,0,0,2,0,0,"-32.664713803222,-60.794525152193",Ruta,11,TIMBÚES,San Lorenzo,Hormigón,No existe,XVII,Dentro,Urbana,Otra Señal,No existe,Intersección,Bueno,Buena,Nocturna,Buen Tiempo,"De alcance,Múltiple",S/D,Colisión,Ninguna,Vertical,Cordón divisorio,Sin restricción
2021,3384,2021-05-24,Lunes,10:00:00,,0.0,2,"Moto/Ciclomotor,Pickup/Utilitario",Bv 14 de Diciembre Y Dr. Ricardo Fischer,2,1,0,0,1,0,0,"-32.78132, -61.60514",Calle,,ARMSTRONG,Belgrano,Asfalto,No existe,III,Dentro,Urbana,Otra Señal,No existe,Intersección,Bueno,Buena,Diurna,Buen Tiempo,"De alcance,Múltiple",S/D,Colisión,Ninguna,Faltante,Cordón divisorio,Sin restricción
2021,3385,2021-05-25,Martes,17:30:00,,0.0,1,Moto/Ciclomotor,Calle 25 800,2,1,0,0,1,0,0,"-32.68081, -61.53406",Calle,,LAS PAREJAS,Belgrano,Asfalto,No existe,III,S/D,Urbana,Otra Señal,No existe,Intersección,Con baches,Buena,Diurna,Buen Tiempo,"De alcance,Múltiple",S/D,Colisión,Ninguna,Faltante,Cordón divisorio,Sin restricción
2021,3386,2021-06-11,Viernes,20:30:00,Ruta Nacional 11,338.0,2,"Pickup/Utilitario,Camión c / Acoplado", ,2,1,0,0,1,0,0,"-32.680771, -60.782099",Ruta,11,TIMBÚES,San Lorenzo,Asfalto,Ripio,XVII,Dentro,Urbana,Otra Señal,No existe,Intersección,Bueno,Buena,Diurna,Buen Tiempo,"De alcance,Múltiple",S/D,Colisión,Ninguna,Horizontal,Cordón divisorio,Sin restricción
2021,3388,2021-05-26,Miercoles,12:45:00,,0.0,2,"Pickup/Utilitario,Moto/Ciclomotor",Avenida 13 Y Calle 8,2,1,0,0,1,0,0,"-32.6838, -61.51909",Avenida,,LAS PAREJAS,Belgrano,Asfalto,No existe,III,Dentro,Urbana,Otra Señal,No existe,Intersección,Bueno,Buena,Diurna,Buen Tiempo,"De alcance,Múltiple",S/D,Colisión,Material Suelto,Faltante,Cordón divisorio,Sin restricción
2021,3389,2021-05-14,Viernes,,,0.0,2,"Bicicleta,Moto/Ciclomotor", ,2,1,0,0,1,0,0,"-31.44809, -60.92888",S/D,,ESPERANZA,Las Colonias,S/D,S/D,XI,S/D,S/D,Otra Señal,S/D,Intersección,S/D,S/D,S/D,S/D,"De alcance,Múltiple",Ciclista,Colisión,S/D,S/D,Cordón divisorio,Sin restricción
2021,3391,2021-06-10,Jueves,14:30:00,Ruta Secundaria 18-s,0.0,2,"Moto/Ciclomotor,Automóvil",Ruta 18 S ,2,1,0,0,1,0,0,"-32.711617, -60.766086",Ruta,18-s,PUERTO SAN MARTÍN,San Lorenzo,Asfalto,Natural,XVII,Dentro,Urbana,Otra Señal,No existe,Intersección,Ahuellamiento,Buena,Diurna,Buen Tiempo,"De alcance,Múltiple",S/D,Colisión,Ninguna,Vertical,Cordón divisorio,Sin restricción
2021,3393,2021-06-23,Miercoles,07:30:00,Ruta Nacional 11,339.0,1,Transporte de Pasajeros (H/ 8 asientos), ,8,7,0,0,1,0,0,"-32.673667, -60.787597",Ruta,11,TIMBÚES,San Lorenzo,Asfalto,No existe,XVII,Dentro,Urbana,Otra Señal,No existe,Intersección,Bueno,Buena,Diurna,Buen Tiempo,"De alcance,Múltiple",S/D,Colisión,Ninguna,Horizontal,Cordón divisorio,Sin restricción
2021,3394,2021-03-19,Viernes,13:45:00,Ruta Provincial 2,18.0,2,"Pickup/Utilitario,Peatón", ,2,1,0,0,1,0,0,"-31.42081, -60.66827",Ruta,2,ARROYO AGUIAR,La Capital,Asfalto,Natural,I,Fuera,Rural,Otra Señal,No existe,Intersección,Bueno,Buena,Diurna,Buen Tiempo,"De alcance,Múltiple",Peatón,Colisión,Ninguna,Horizontal,Cordón divisorio,Sin restricción
2021,3395,2021-06-14,Lunes,15:00:00,,0.0,2,"Moto/Ciclomotor,Automóvil",JUNÍN  Y PASAJE 2,3,1,0,0,2,0,0,"-32.716764807701125,-60.73945462703",Calle,,PUERTO SAN MARTÍN,San Lorenzo,Asfalto,No existe,XVII,Dentro,Urbana,Otra Señal,No existe,Intersección,Bueno,Buena,Diurna,Buen Tiempo,"De alcance,Múltiple",S/D,Colisión,Ninguna,Horizontal,Cordón divisorio,Sin restricción
2021,3396,2021-03-19,Viernes,21:00:00,,0.0,2,"Moto/Ciclomotor,Automóvil",Av. Peñaloza Y Regis Martínez,2,1,0,0,1,0,0,"-31.61596, -60.71328",Avenida,,SANTA FE,La Capital,Asfalto,No existe,I,S/D,Urbana,Otra Señal,Funciona,Intersección,Bueno,Buena,"Nocturna,Con luz artificial",Buen Tiempo,"De alcance,Múltiple",S/D,Colisión,Ninguna,Vertical,Cordón divisorio,Sin restricción
2021,3397,2021-03-19,Viernes,08:00:00,,0.0,2,"Moto/Ciclomotor,Automóvil",Av. López y Planes 4300,2,1,0,0,1,0,0,"-31.62575, -60.71362",Calle,,SANTA FE,La Capital,Asfalto,No existe,I,S/D,Urbana,Otra Señal,Funciona,Intersección,Bueno,Buena,Diurna,Buen Tiempo,"De alcance,Múltiple",S/D,Colisión,Ninguna,Vertical,Cordón divisorio,Sin restricción
2021,3398,2021-06-14,Lunes,18:50:00,,0.0,2,"Automóvil,Automóvil",Alvear Y San Luis,2,1,0,0,1,0,0,"-32.946084920809,-60.655302875567",Calle,,ROSARIO,Rosario,Asfalto,No existe,II,Dentro,Urbana,Otra Señal,No existe,Intersección,Bueno,Buena,Atardecer,Buen Tiempo,"De alcance,Múltiple",S/D,Colisión,Ninguna,"Horizontal,Vertical",Cordón divisorio,Sin restricción
2021,3399,2021-03-19,Viernes,07:20:00,Ruta Provincial 14,12.0,2,"Automóvil,Automóvil", ,3,3,0,0,0,0,0,"-33.09187, -60.79088",Ruta,14,PIÑERO,Rosario,Asfalto,Natural,II,Dentro,Urbana,Otra Señal,No existe,Intersección,Bueno,Buena,Diurna,Buen Tiempo,"De alcance,Múltiple",S/D,Colisión,Ninguna,Vertical,Cordón divisorio,Sin restricción
2021,3400,2021-06-19,Sabado,07:05:00,Ruta Nacional 34,0.0,2,"Automóvil,Moto/Ciclomotor",LISANDRO DE LA TORRE ,2,1,0,0,1,0,0,"-32.780913168449,-60.902384563268",Ruta,34,LUIS PALACIOS,San Lorenzo,Asfalto,Ripio,XVII,Dentro,Urbana,Otra Señal,No existe,Intersección,Bueno,Buena,Nocturna,Buen Tiempo,"De alcance,Múltiple",S/D,Colisión,Ninguna,"Horizontal,Vertical",Cordón divisorio,Sin restricción
2021,3402,2021-06-11,Viernes,09:10:00,,0.0,2,"Moto/Ciclomotor,Automóvil",Entre Ríos Y Tucumán,3,2,0,0,1,0,0,"-32.941296353032,-60.639806063476",Calle,,ROSARIO,Rosario,Asfalto,No existe,II,Dentro,Urbana,Otra Señal,No existe,Intersección,Bueno,Buena,Diurna,Buen Tiempo,"De alcance,Múltiple",S/D,Colisión,Ninguna,Horizontal,Cordón divisorio,Sin restricción
2021,3403,2021-06-19,Sabado,14:00:00,,0.0,2,"Taxi/Remis,Automóvil",Balcarce Y San Luis,2,1,0,0,1,0,0,"-32.946564350152,-60.65259510323",Calle,,ROSARIO,Rosario,Asfalto,No existe,II,Dentro,Urbana,Otra Señal,No existe,Intersección,Bueno,Buena,Diurna,Buen Tiempo,"De alcance,Múltiple",S/D,Colisión,Ninguna,Horizontal,Cordón divisorio,Sin restricción
2021,3404,2021-06-26,Sabado,09:45:00,,0.0,2,"Bicicleta,Automóvil",9 De Julio Y Av. Corrientes,2,1,0,0,1,0,0,"-32.953068805853,-60.644210099725",Avenida,,ROSARIO,Rosario,Asfalto,No existe,II,Dentro,Urbana,Otra Señal,Funciona,Intersección,Bueno,Buena,Diurna,Buen Tiempo,"De alcance,Múltiple",Ciclista,Colisión,Ninguna,"Horizontal,Vertical",Cordón divisorio,Sin restricción
2021,3405,2021-06-09,Miercoles,09:40:00,,0.0,2,"Pickup/Utilitario,Peatón",Montevideo Y L.N.Alem,2,1,0,0,1,0,0,"-32.957892995037,-60.630756752973",Calle,,ROSARIO,Rosario,Asfalto,No existe,II,Dentro,Urbana,Otra Señal,No existe,Intersección,Bueno,Buena,Diurna,Buen Tiempo,"De alcance,Múltiple",Peatón,Colisión,Ninguna,Horizontal,Cordón divisorio,Sin restricción
2021,3406,2021-06-04,Viernes,11:34:00,,0.0,1,Transporte de Pasajeros Urbano (> 8 asientos),Av. Avellaneda B Y Mendoza,2,1,0,0,1,0,0,"-32.944223291523,-60.680315504898",Avenida,,ROSARIO,Rosario,Asfalto,No existe,II,Dentro,Urbana,Otra Señal,Funciona,Intersección,Bueno,Buena,Diurna,Buen Tiempo,"De alcance,Múltiple",S/D,Colisión,Ninguna,"Horizontal,Vertical",Cordón divisorio,Sin restricción
2021,3407,2021-06-13,Domingo,15:50:00,,0.0,2,"Automóvil,Moto/Ciclomotor",Albert Sabin Y J.J.Paso,2,1,0,0,1,0,0,"-32.919501887192,-60.688652951392",Avenida,,ROSARIO,Rosario,Asfalto,No existe,II,Dentro,Urbana,Otra Señal,Funciona,Intersección,Bueno,Buena,Diurna,Buen Tiempo,"De alcance,Múltiple",S/D,Colisión,Ninguna,Horizontal,Cordón divisorio,Sin restricción
2021,3408,2021-06-18,Viernes,10:00:00,,0.0,2,"Moto/Ciclomotor,Automóvil",E.Zeballos Y Lima,3,2,0,0,1,0,0,"-32.946917813732,-60.685362883789",Calle,,ROSARIO,Rosario,Asfalto,No existe,II,Dentro,Urbana,Otra Señal,No existe,Intersección,Bueno,Buena,Diurna,Buen Tiempo,"De alcance,Múltiple",S/D,Colisión,Ninguna,Faltante,Cordón divisorio,Sin restricción