anio_acci,nro_acci,fecha,desc_dia,hora_aprox,desc_ruta,km,cant_participantes,desc_participante,calle_avenida_km,total,heridos_leves,heridos_graves,heridos_gravisimos,ilesos,fallecidos,sin_datos,posicion_XY,desc_tipo_via,desc_ruta_ori,desc_loc,desc_dpto,desc_tipo_calzada,desc_tipo_banquina,desc_unidad_regional,desc_lugar_calzada,desc_zona,desc_prioridad,desc_estado_semaforo,desc_lugar_via,desc_estado_via,desc_estado_visibilidad,desc_luminosidad,desc_estado_clima,desc_tipo_colision,desc_tipo_atropello,desc_tipo_hecho,desc_pres_calzada,desc_senializacion,desc_separacion_via,desc_restriccion
2021,3409,2021-06-10,Jueves,21:30:00,,0.0,2,"Automóvil,Moto/Ciclomotor",Gazcon Y Grandoli,3,2,0,0,1,0,0,"-32.886966330547,-60.72732303795",Avenida,,ROSARIO,Rosario,Asfalto,No existe,II,Dentro,Urbana,Otra Señal,No existe,Intersección,Con baches,Buena,"Nocturna,Con luz artificial",Buen Tiempo,"De alcance,Múltiple",S/D,Colisión,Ninguna,Faltante,Cordón divisorio,Sin restricción
2021,3410,2021-06-11,Viernes,15:00:00,,0.0,2,"Moto/Ciclomotor,Moto/Ciclomotor",Iriondo Y Virasoro,3,2,0,0,1,0,0,"-32.964263865234,-60.67551909531",Calle,,ROSARIO,Rosario,Asfalto,No existe,II,Dentro,Urbana,Otra Señal,No existe,Intersección,Bueno,Buena,Diurna,Buen Tiempo,"De alcance,Múltiple",S/D,Colisión,Ninguna,Faltante,Cordón divisorio,Sin restricción
2021,3411,2021-06-10,Jueves,17:30:00,,0.0,2,"Moto/Ciclomotor,Automóvil",Robles Y Villa del Parque,3,2,0,0,1,0,0,"-32.879965899293,-60.728470138752",Calle,,ROSARIO,Rosario,Asfalto,No existe,II,Dentro,Urbana,Otra Señal,No existe,Intersección,Bueno,Buena,Diurna,Buen Tiempo,"De alcance,Múltiple",S/D,Colisión,Ninguna,Faltante,Cordón divisorio,Sin restricción
2021,3412,2021-06-14,Lunes,16:15:00,,0.0,2,"Moto/Ciclomotor,Automóvil",España Y Montevideo,2,1,0,0,1,0,0,"-32.954643239499,-60.648957389788",Calle,,ROSARIO,Rosario,Asfalto,No existe,II,Dentro,Urbana,Otra Señal,No existe,Intersección,Bueno,Buena,Diurna,Buen Tiempo,"De alcance,Múltiple",S/D,Colisión,Ninguna,Horizontal,Cordón divisorio,Sin restricción
2021,3413,2021-06-11,Viernes,19:00:00,,0.0,2,"Automóvil,Moto/Ciclomotor",Av. Belgrano Y Sgto. Cabral,2,1,0,0,1,0,0,"-32.942946609593,-60.634015072323",Avenida,,ROSARIO,Rosario,Asfalto,No existe,II,Dentro,Urbana,Otra Señal,Funciona,Intersección,Bueno,Buena,Diurna,Buen Tiempo,"De alcance,Múltiple",S/D,Colisión,Ninguna,"Horizontal,Vertical",Cordón divisorio,Sin restricción
2021,3415,2021-06-07,Lunes,05:45:00,,0.0,2,"Automóvil,Automóvil",Buenos Aires Y Mendoza,2,1,0,0,1,0,0,"-32.952473569195,-60.633997204012",Calle,,ROSARIO,Rosario,Asfalto,No existe,II,Dentro,Urbana,Otra Señal,No existe,Intersección,Bueno,Buena,"Nocturna,Con luz artificial",Buen Tiempo,"De alcance,Múltiple",S/D,Colisión,Ninguna,"Horizontal,Vertical",Cordón divisorio,Sin restricción
2021,3416,2021-06-19,Sabado,01:25:00,,0.0,2,"Moto/Ciclomotor,Automóvil",Grandoli Y Polledo,3,2,0,0,1,0,0,"-32.886786564874,-60.720496062921",Calle,,ROSARIO,Rosario,Asfalto,No existe,II,Dentro,Urbana,Otra Señal,No existe,Intersección,Bueno,Buena,"Nocturna,Con luz artificial",Buen Tiempo,"De alcance,Múltiple",S/D,Colisión,Ninguna,Vertical,Cordón divisorio,Sin restricción
2021,3417,2021-06-04,Viernes,16:35:00,,0.0,2,"Automóvil,Automóvil",Bv. Avellaneda Y Montevideo,2,1,0,0,1,0,0,"-32.94877844437,-60.681676778126",Avenida,,ROSARIO,Rosario,Asfalto,No existe,II,Dentro,Urbana,Otra Señal,No existe,Intersección,Bueno,Buena,Diurna,Buen Tiempo,"De alcance,Múltiple",S/D,Colisión,Ninguna,"Horizontal,Vertical",Cordón divisorio,Sin restricción
2021,3418,2021-06-01,Martes,12:00:00,,0.0,2,"Bicicleta,Automóvil",Alberdi Y Bordabehere,2,1,0,0,1,0,0,"-32.93322980403901,-60.671177655458",Calle,,ROSARIO,Rosario,Asfalto,No existe,II,Dentro,Urbana,Otra Señal,Funciona,Intersección,Bueno,Buena,Diurna,Buen Tiempo,"De alcance,Múltiple",Ciclista,Colisión,Ninguna,Vertical,Cordón divisorio,Sin restricción
2021,3419,2021-06-26,Sabado,22:10:00,,0.0,1,Moto/Ciclomotor,Av. Francia 1200,1,1,0,0,0,0,0,"-32.946634422525,-60.666918701653",Avenida,,ROSARIO,Rosario,Asfalto,No existe,II,Dentro,Urbana,Otra Señal,Funciona,Intersección,Bueno,Buena,Nocturna,Buen Tiempo,"De alcance,Múltiple",S/D,Colisión,Ninguna,"Horizontal,Vertical",Cordón divisorio,Sin restricción
2021,3420,2021-06-12,Sabado,18:00:00,,0.0,2,"Automóvil,Moto/Ciclomotor",Los Cocos Y Palestina,2,1,0,0,1,0,0,"-32.885920379092,-60.70798481894",Calle,,ROSARIO,Rosario,Asfalto,No existe,II,Dentro,Urbana,Otra Señal,No existe,Intersección,Bueno,S/D,Diurna,S/D,"De alcance,Múltiple",S/D,Colisión,Ninguna,Faltante,Cordón divisorio,Sin restricción
2021,3421,2021-06-25,Viernes,15:30:00,,0.0,2,"Automóvil,Bicicleta",Av. Corrientes Y San Juan,2,1,0,0,1,0,0,"-32.949403761022,-60.643295256947",Avenida,,ROSARIO,Rosario,Asfalto,No existe,II,Dentro,Urbana,Otra Señal,Funciona,Intersección,Bueno,Buena,Diurna,Buen Tiempo,"De alcance,Múltiple",Ciclista,Colisión,Ninguna,"Horizontal,Vertical",Cordón divisorio,Sin restricción
2021,3422,2021-06-10,Jueves,18:20:00,Autopista Provincial Brigadier E.LÓPEZ,0.0,2,"Automóvil,Moto/Ciclomotor", ,2,1,0,0,1,0,0,"-32.883358, -60.711285",Autopista,Brigadier E.LÓPEZ,ROSARIO,Rosario,Asfalto,No existe,II,Dentro,Urbana,Otra Señal,No existe,Intersección,Bueno,Buena,Diurna,Buen Tiempo,"De alcance,Múltiple",S/D,Colisión,Ninguna,Horizontal,Cordón divisorio,Sin restricción
2021,3423,2021-06-29,Martes,13:15:00,,0.0,2,"Taxi/Remis,Moto/Ciclomotor",Iriondo Y Urquiza,5,2,0,0,3,0,0,"-32.937325978688,-60.668719084774",Calle,,ROSARIO,Rosario,Asfalto,No existe,II,Dentro,Urbana,Otra Señal,No existe,Intersección,Bueno,Buena,Diurna,Buen Tiempo,"De alcance,Múltiple",S/D,Colisión,Ninguna,Horizontal,Cordón divisorio,Sin restricción
2021,3425,2021-06-03,Jueves,17:20:00,,0.0,2,"Automóvil,Moto/Ciclomotor",Bv. Rondeau Y Gurruchaga,2,1,0,0,1,0,0,"-32.905041952313,-60.688990890242",Avenida,,ROSARIO,Rosario,Asfalto,No existe,II,Dentro,Urbana,Otra Señal,Funciona,Intersección,Bueno,Buena,Diurna,Buen Tiempo,"De alcance,Múltiple",S/D,Colisión,Ninguna,"Horizontal,Vertical",Cordón divisorio,Sin restricción
2021,3426,2021-06-13,Domingo,15:00:00,,0.0,2,"Moto/Ciclomotor,Automóvil",Ameghino Y Dorrego,3,2,0,0,1,0,0,"-32.98512467837,-60.659472032711",Calle,,ROSARIO,Rosario,Asfalto,No existe,II,Dentro,Urbana,Otra Señal,No existe,Intersección,Bueno,Buena,Diurna,Buen Tiempo,"De alcance,Múltiple",S/D,Colisión,Ninguna,Faltante,Cordón divisorio,Sin restricción
2021,3427,2021-06-03,Jueves,10:50:00,,0.0,2,"Automóvil,Automóvil",Darragueira Y Marull,3,2,0,0,1,0,0,"-32.90673067710947, -60.69135308462",Calle,,ROSARIO,Rosario,Asfalto,No existe,II,Dentro,Urbana,Otra Señal,No existe,Intersección,Con baches,Buena,Diurna,Buen Tiempo,"De alcance,Múltiple",S/D,Colisión,Ninguna,Faltante,Cordón divisorio,Sin restricción
2021,3428,2021-06-16,Miercoles,20:50:00,,0.0,2,"Moto/Ciclomotor,Moto/Ciclomotor",Zelaya 1200,2,2,0,0,0,0,0,"-32.903274872545,-60.693556831335",Calle,,ROSARIO,Rosario,Asfalto,No existe,II,Dentro,Urbana,Otra Señal,No existe,Intersección,Bueno,Buena,Diurna,Buen Tiempo,"De alcance,Múltiple",S/D,Colisión,Ninguna,Vertical,Cordón divisorio,Sin restricción
2021,3429,2021-06-12,Sabado,11:10:00,,0.0,2,"Moto/Ciclomotor,Pickup/Utilitario",Av. Corrientes Y Av. Uriburu,3,1,0,0,2,0,0,"-32.990813568663,-60.653712406228",Avenida,,ROSARIO,Rosario,Asfalto,No existe,II,Dentro,Urbana,Otra Señal,Funciona,Intersección,Bueno,Buena,Diurna,Buen Tiempo,"De alcance,Múltiple",S/D,Colisión,Ninguna,"Horizontal,Vertical",Cordón divisorio,Sin restricción
2021,3431,2021-06-04,Viernes,18:45:00,,0.0,2,"Moto/Ciclomotor,Automóvil",Av. E. López Y Av. Francia,2,1,0,0,1,0,0,"-32.925142631721,-60.66122941419",Avenida,,ROSARIO,Rosario,Hormigón,No existe,II,Dentro,Urbana,Otra Señal,Funciona,Intersección,Bueno,Buena,Atardecer,Buen Tiempo,"De alcance,Múltiple",S/D,Colisión,Ninguna,"Horizontal,Vertical",Cordón divisorio,Sin restricción
2021,3432,2021-06-04,Viernes,15:45:00,,0.0,2,"Bicicleta,Bicicleta",Av. Luis Carballo Y Gorriti,2,1,0,0,1,0,0,"-32.923045627033,-60.666053407283",Avenida,,ROSARIO,Rosario,Asfalto,No existe,II,Dentro,Urbana,Otra Señal,No existe,Intersección,Bueno,Buena,Diurna,Buen Tiempo,"De alcance,Múltiple",Ciclista,Colisión,Ninguna,Horizontal,Cordón divisorio,Sin restricción
2021,3433,2021-06-16,Miercoles,11:20:00,,0.0,2,"Moto/Ciclomotor,Moto/Ciclomotor",Buenos Aires Y Esteban de Luca,2,1,0,0,1,0,0,"-32.994818, -60.644621",Calle,,ROSARIO,Rosario,Asfalto,No existe,II,Dentro,Urbana,Otra Señal,No existe,Intersección,Bueno,Buena,Diurna,Buen Tiempo,"De alcance,Múltiple",S/D,Colisión,Ninguna,Faltante,Cordón divisorio,Sin restricción
2021,3434,2021-06-28,Lunes,15:30:00,,0.0,2,"Taxi/Remis,Taxi/Remis",Albert Sabin Y Bv. Avellaneda,3,1,0,0,2,0,0,"-32.928858469276,-60.676477501399",Avenida,,ROSARIO,Rosario,Asfalto,No existe,II,Dentro,Urbana,Otra Señal,Funciona,Intersección,Bueno,Buena,Diurna,Buen Tiempo,"De alcance,Múltiple",S/D,Colisión,Ninguna,"Horizontal,Vertical",Cordón divisorio,Sin restricción
2021,3435,2021-06-19,Sabado,12:00:00,,0.0,2,"Bicicleta,Moto/Ciclomotor",Av. Irigoyen 1300,2,1,0,0,1,0,0,"-32.884657633373,-60.701546312794",Avenida,,ROSARIO,Rosario,Asfalto,No existe,II,Dentro,Urbana,Otra Señal,No existe,Intersección,Bueno,Buena,Diurna,Buen Tiempo,"De alcance,Múltiple",Ciclista,Colisión,Ninguna,Vertical,Cordón divisorio,Sin restricción
2021,3436,2021-06-11,Viernes,15:45:00,,0.0,2,"Moto/Ciclomotor,Automóvil",Biedma Y San Martin,2,1,0,0,1,0,0,"-32.98123863248,-60.644762070747",Avenida,,ROSARIO,Rosario,Asfalto,No existe,II,Dentro,Urbana,Otra Señal,No existe,Intersección,Bueno,Buena,Diurna,Buen Tiempo,"De alcance,Múltiple",S/D,Colisión,Ninguna,"Horizontal,Vertical",Cordón divisorio,Sin restricción
2021,3437,2021-06-11,Viernes,13:15:00,,0.0,2,"Pickup/Utilitario,Moto/Ciclomotor",Dean Funes Y Sarmiento,3,1,0,0,2,0,0,"-32.975632630122,-60.645503303342",Calle,,ROSARIO,Rosario,Asfalto,No existe,II,Dentro,Urbana,Otra Señal,No existe,Intersección,Bueno,Buena,Diurna,Buen Tiempo,"De alcance,Múltiple",S/D,Colisión,Ninguna,Faltante,Cordón divisorio,Sin restricción
2021,3438,2021-06-21,Lunes,10:45:00,,0.0,2,"Tracción animal / Carro,Automóvil",Lamadrid 400,3,2,0,0,0,0,1,"-32.996268, -60.621849",Calle,,ROSARIO,Rosario,Asfalto,No existe,II,Dentro,Urbana,Otra Señal,No existe,Intersección,Bueno,Buena,Diurna,Buen Tiempo,"De alcance,Múltiple",S/D,Colisión,Ninguna,Faltante,Cordón divisorio,Sin restricción
2021,3439,2021-06-16,Miercoles,20:45:00,,0.0,2,"Bicicleta,Automóvil",Caupolicán Y Melincue,2,1,0,0,1,0,0,"-33.009881649999,-60.647551388439",Calle,,ROSARIO,Rosario,Asfalto,No existe,II,Dentro,Urbana,Otra Señal,No existe,Intersección,Bueno,Buena,Nocturna,Otro,"De alcance,Múltiple",Ciclista,Colisión,Ninguna,Faltante,Cordón divisorio,Sin restricción
2021,3441,2021-06-17,Jueves,08:55:00,,0.0,2,"Moto/Ciclomotor,Automóvil",Ayacucho Y J.M.Gutierrez,3,2,0,0,1,0,0,"-33.009881649999,-60.647551388439",Calle,,ROSARIO,Rosario,Asfalto,No existe,II,Dentro,Urbana,Otra Señal,No existe,Intersección,Bueno,Buena,Diurna,Buen Tiempo,"De alcance,Múltiple",S/D,Colisión,Ninguna,Faltante,Cordón divisorio,Sin restricción
2021,3445,2021-06-21,Lunes,19:35:00,,0.0,2,"Taxi/Remis,Moto/Ciclomotor",Laínez Y San Martin,3,2,0,0,1,0,0,"-33.005302264081,-60.649769288571",Calle,,ROSARIO,Rosario,Asfalto,No existe,II,Dentro,Urbana,Otra Señal,No existe,Intersección,Bueno,Buena,"Atardecer,Con luz artificial",Buen Tiempo,"De alcance,Múltiple",S/D,Colisión,Ninguna,"Horizontal,Vertical",Cordón divisorio,Sin restricción
2021,3446,2021-06-25,Viernes,15:10:00,,0.0,3,"Automóvil,Peatón,Peatón",Av. Uriburu Y Ayacucho,3,2,0,0,1,0,0,"-32.990426315788,-60.636857814902",Avenida,,ROSARIO,Rosario,Asfalto,No existe,II,Dentro,Urbana,Otra Señal,Funciona,Intersección,Bueno,Buena,Diurna,Buen Tiempo,"De alcance,Múltiple",Peatón,Colisión,Ninguna,"Horizontal,Vertical",Cordón divisorio,Sin restricción
2021,3447,2021-06-23,Miercoles,20:45:00,,0.0,2,"Bicicleta,Moto/Ciclomotor",Av. Uriburu Y Pje. Humboldt,2,1,0,0,1,0,0,"-32.990635234422,-60.648036701995",Avenida,,ROSARIO,Rosario,Asfalto,No existe,II,Dentro,Urbana,Otra Señal,No existe,Intersección,Bueno,Buena,Diurna,Buen Tiempo,"De alcance,Múltiple",Ciclista,Colisión,Ninguna,Horizontal,Cordón divisorio,Sin restricción
2021,3448,2021-06-28,Lunes,15:40:00,,0.0,2,"Moto/Ciclomotor,Automóvil",Bv. Oroño Y Garibaldi,2,1,0,0,1,0,0,"-32.983228992843,-60.663378944551",Avenida,,ROSARIO,Rosario,Asfalto,No existe,II,Dentro,Urbana,Otra Señal,Funciona,Intersección,Bueno,Buena,Diurna,Buen Tiempo,"De alcance,Múltiple",S/D,Colisión,Ninguna,"Horizontal,Vertical",Cordón divisorio,Sin restricción
2021,3449,2021-06-24,Jueves,15:00:00,,0.0,2,"Moto/Ciclomotor,Automóvil",Ameghino Y L.N.Alem,2,1,0,0,1,0,0,"-32.988863716933,-60.638540767707",Calle,,ROSARIO,Rosario,Asfalto,No existe,II,Dentro,Urbana,Otra Señal,No existe,Intersección,Bueno,Buena,Diurna,Buen Tiempo,"De alcance,Múltiple",S/D,Colisión,Ninguna,Faltante,Cordón divisorio,Sin restricción
2021,3450,2021-06-08,Martes,10:10:00,,0.0,2,"Automóvil,Moto/Ciclomotor",Esteban de Luca Y San Martin,2,1,0,0,1,0,0,"-32.994879678787,-60.647516050413",Avenida,,ROSARIO,Rosario,Asfalto,No existe,II,Dentro,Urbana,Otra Señal,Funciona,Intersección,Bueno,Buena,Diurna,Buen Tiempo,"De alcance,Múltiple",S/D,Colisión,Ninguna,"Horizontal,Vertical",Cordón divisorio,Sin restricción
2021,3451,2021-06-03,Jueves,13:20:00,,0.0,2,"Peatón,Camión c / Acoplado",Amenábar Y Bv. Avellaneda,2,1,0,0,1,0,0,"-32.96482696977,-60.685724894297",Avenida,,ROSARIO,Rosario,Asfalto,No existe,II,Dentro,Urbana,Otra Señal,No existe,Intersección,Bueno,Buena,Diurna,Buen Tiempo,"De alcance,Múltiple",Peatón,Colisión,Ninguna,Faltante,Cordón divisorio,Sin restricción
2021,3453,2021-06-06,Domingo,12:20:00,,0.0,2,"Moto/Ciclomotor,Automóvil",Av. Ovidio Lagos Y Cnel. Arnold,2,1,0,0,1,0,0,"-32.991034357568,-60.673364120412",Avenida,,ROSARIO,Rosario,Asfalto,No existe,II,Dentro,Urbana,Otra Señal,No existe,Intersección,Bueno,Buena,Diurna,Buen Tiempo,"De alcance,Múltiple",S/D,Colisión,Ninguna,Faltante,Cordón divisorio,Sin restricción
2021,3454,2021-06-21,Lunes,14:45:00,,0.0,2,"Moto/Ciclomotor,Automóvil",Av. Corrientes Y Centeno,2,1,0,0,1,0,0,"-32.984056339559,-60.652014307221",Avenida,,ROSARIO,Rosario,Asfalto,No existe,II,Dentro,Urbana,Otra Señal,No existe,Intersección,Bueno,Buena,Diurna,Buen Tiempo,"De alcance,Múltiple",S/D,Colisión,Ninguna,Vertical,Cordón divisorio,Sin restricción
2021,3455,2021-06-18,Viernes,14:45:00,,0.0,2,"Moto/Ciclomotor,Automóvil",Av. Ntra.Sra.del Rosario Y Salva,2,1,0,0,1,0,0,"-32.999650, -60.640358",Avenida,,ROSARIO,Rosario,Asfalto,No existe,II,Dentro,Urbana,Otra Señal,No existe,Intersección,Bueno,Buena,Diurna,Buen Tiempo,"De alcance,Múltiple",S/D,Colisión,Ninguna,Faltante,Cordón divisorio,Sin restricción
2021,3456,2021-05-08,Sabado,17:00:00,Autopista Nacional A008,0.0,1,Moto/Ciclomotor,Av. Circunvalación Y Av. Jorge Newbery,2,1,0,0,1,0,0,"-32.90832, -60.72435",Autopista,A008,ROSARIO,Rosario,S/D,S/D,II,S/D,S/D,Otra Señal,S/D,Intersección,S/D,S/D,S/D,S/D,"De alcance,Múltiple",S/D,Colisión,S/D,S/D,Cordón divisorio,Sin restricción
2021,3457,2021-05-28,Viernes,19:55:00,,0.0,2,"Automóvil,Taxi/Remis",Laprida Y Pje. Ivanowsky,3,1,0,0,2,0,0,"-32.983786126523,-60.643477320638",Calle,,ROSARIO,Rosario,Asfalto,No existe,II,Dentro,Urbana,Otra Señal,No existe,Intersección,Bueno,Buena,Diurna,Buen Tiempo,"De alcance,Múltiple",S/D,Colisión,Ninguna,Faltante,Cordón divisorio,Sin restricción
2021,3460,2021-06-11,Viernes,18:00:00,,0.0,1,Pickup/Utilitario, ,1,0,0,0,0,1,0,"-31.73887, -61.10337",Camino Rural,,SAN CARLOS CENTRO,Las Colonias,Ripio,No existe,XI,Fuera,Rural,Otra Señal,No existe,Intersección,Ahuellamiento,Buena,Diurna,Buen Tiempo,"De alcance,Múltiple",S/D,Colisión,S/D,S/D,Cordón divisorio,Sin restricción
2021,3461,2021-05-31,Lunes,14:30:00,,0.0,2,"Automóvil,Automóvil",Av. Corrientes Y Bv. Seguí,2,1,0,0,1,0,0,"-32.978212265067,-60.650543326646",Avenida,,ROSARIO,Rosario,Asfalto,No existe,II,Dentro,Urbana,Otra Señal,No existe,Intersección,Bueno,Buena,S/D,Buen Tiempo,"De alcance,Múltiple",S/D,Colisión,Ninguna,"Horizontal,Vertical",Cordón divisorio,Sin restricción
2021,3464,2021-06-30,Miercoles,,,0.0,2,"Moto/Ciclomotor,Automóvil",San Luis Y Suipacha,2,1,0,0,1,0,0,"-31.640809648924,-60.701386119335",Avenida,,SANTA FE,La Capital,Asfalto,No existe,I,Dentro,Urbana,Otra Señal,Funciona,Intersección,Bueno,Buena,S/D,S/D,"De alcance,Múltiple",S/D,Colisión,Ninguna,"Horizontal,Vertical",Cordón divisorio,Sin restricción
2021,3465,2021-06-01,Martes,,,0.0,2,"Automóvil,Bicicleta",Cucha Cucha Y J.M.Gutierrez,2,1,0,0,1,0,0,"-32.99346148967744,-60.630798339843",Calle,,ROSARIO,Rosario,Asfalto,No existe,II,Dentro,Urbana,Otra Señal,No existe,Intersección,Bueno,Buena,Diurna,Buen Tiempo,"De alcance,Múltiple",Ciclista,Colisión,Ninguna,Faltante,Cordón divisorio,Sin restricción
2021,3467,2021-06-17,Jueves,10:05:00,Autopista Nacional Rosario -Cordoba,298.0,1,Automóvil, ,2,1,0,0,0,1,0,"-32.94972, -60.7367",Autopista,Rosario -Cordoba,ROSARIO,Rosario,Asfalto,Pavimento,II,Dentro,Urbana,Otra Señal,No existe,Intersección,Bueno,Buena,Diurna,Buen Tiempo,"De alcance,Múltiple",S/D,Colisión,Ninguna,Faltante,Cordón divisorio,Sin restricción
2021,3468,2021-06-01,Martes,,,0.0,2,"Moto/Ciclomotor,Camión", ,2,1,0,0,1,0,0,"-31.445448, -60.929587",S/D,,ESPERANZA,Las Colonias,S/D,S/D,XI,S/D,S/D,Otra Señal,S/D,Intersección,S/D,S/D,S/D,S/D,"De alcance,Múltiple",S/D,Colisión,S/D,S/D,Cordón divisorio,Sin restricción
2021,3469,2021-05-28,Viernes,17:00:00,,0.0,2,"Automóvil,Moto/Ciclomotor",Güemes ,2,1,0,0,1,0,0,"-31.55114, -61.07667",Calle,,SAN JERÓNIMO NORTE,Las Colonias,Asfalto,No existe,XI,Dentro,Urbana,Otra Señal,No existe,Intersección,Bueno,Buena,Diurna,Buen Tiempo,"De alcance,Múltiple",S/D,Colisión,Ninguna,Horizontal,Cordón divisorio,Sin restricción
2021,3471,2021-05-29,Sabado,18:30:00,,0.0,2,"Pickup/Utilitario,Moto/Ciclomotor",Scalabrini Ortiz Y L Bessone,2,1,0,0,1,0,0,"-31.74004, -61.10256",Calle,,SAN CARLOS CENTRO,Las Colonias,Ripio,Natural,XI,Dentro,Urbana,Otra Señal,No existe,Intersección,Bueno,Buena,Atardecer,Buen Tiempo,"De alcance,Múltiple",S/D,Colisión,Ninguna,Faltante,Cordón divisorio,Sin restricción
2021,3472,2021-06-03,Jueves,,,0.0,2,"Moto/Ciclomotor,Moto/Ciclomotor",Cnel. Bogado Y Republica de Chile,2,1,0,0,0,0,1,"-32.773394667869,-60.739846065088",Calle,,SAN LORENZO,San Lorenzo,Ripio,No existe,XVII,Dentro,Urbana,Otra Señal,No existe,Intersección,Bueno,Buena,Diurna,Buen Tiempo,"De alcance,Múltiple",S/D,Colisión,Ninguna,Faltante,Cordón divisorio,Sin restricción
2021,3473,2021-06-17,Jueves,19:50:00,Ruta Provincial 3,34.0,2,"Pickup/Utilitario,Moto/Ciclomotor", ,5,0,0,0,3,2,0,"-29.16356, -60.15392",Ruta,3,EL TOBA,Vera,Asfalto,Natural,XIX,Dentro,Rural,Otra Señal,No existe,Intersección,Bueno,Reducida,Nocturna,Buen Tiempo,"De alcance,Múltiple",S/D,Colisión,Ninguna,S/D,Cordón divisorio,Sin restricción
2021,3474,2021-05-30,Domingo,12:15:00,Ruta Provincial 70,0.0,2,"Moto/Ciclomotor,Camión c / Acoplado",Ruta provincial 70 ,2,1,0,0,1,0,0,"-31.44251, -60.93039",Ruta,70,ESPERANZA,Las Colonias,Asfalto,Pavimento,XI,S/D,Urbana,Otra Señal,Funciona,Intersección,Bueno,Buena,Diurna,Buen Tiempo,"De alcance,Múltiple",S/D,Colisión,Ninguna,S/D,Cordón divisorio,Sin restricción
2021,3475,2021-06-19,Sabado,17:30:00,Ruta Provincial 23,8.0,2,"Moto/Ciclomotor,Automóvil", ,2,0,0,0,1,1,0,"-30.55845, -61.95785",Ruta,23,SUARDI,San CRISTÓBAL,Asfalto,Natural,XIII,S/D,Rural,Otra Señal,No existe,Intersección,Bueno,Buena,Diurna,Buen Tiempo,"De alcance,Múltiple",S/D,Colisión,Ninguna,S/D,Cordón divisorio,Sin restricción
2021,3476,2021-05-27,Jueves,11:45:00,,0.0,1,Moto/Ciclomotor,Ituzaingó Y Bartolomé Mitre,3,3,0,0,0,0,0,"-31.44251, -60.93039",Calle,,GRANADERO BAIGORRIA,Rosario,Asfalto,No existe,II,Dentro,Urbana,Otra Señal,No existe,Intersección,Bueno,Buena,Diurna,Buen Tiempo,"De alcance,Múltiple",S/D,Colisión,Ninguna,Faltante,Cordón divisorio,Sin restricción
2021,3477,2021-05-08,Sabado,16:10:00,,0.0,2,"Moto/Ciclomotor,Pickup/Utilitario",Dr. Héctor López Y José de San Martin,4,3,0,0,1,0,0,"-31.97395, -60.91448",S/D,,CORONDA,San JERÓNIMO,S/D,S/D,XV,S/D,S/D,Otra Señal,S/D,Intersección,S/D,S/D,S/D,S/D,"De alcance,Múltiple",S/D,Colisión,S/D,S/D,Cordón divisorio,Sin restricción
2021,3478,2021-06-03,Jueves,,Ruta Nacional 34,379.0,2,"Tractor,Moto/Ciclomotor", ,2,1,0,0,1,0,0,"-29.941590464056922, -61.8906035987",Ruta,34,CERES,San CRISTÓBAL,Asfalto,Ripio,XIII,Dentro,Urbana,Otra Señal,No existe,Intersección,Bueno,Buena,Diurna,Buen Tiempo,"De alcance,Múltiple",S/D,Colisión,Ninguna,Horizontal,Cordón divisorio,Sin restricción
2021,3479,2021-06-26,Sabado,03:40:00,Autopista Nacional Gral. Juan Jose Valle,285.0,2,"Bicicleta,Camión c / Acoplado",Pellegrini ,2,0,0,0,1,1,0,"-33.03232, -60.66335",Autopista,Gral. Juan Jose Valle,VILLA GOBERNADOR GÁLVEZ,Rosario,Asfalto,Pavimento,II,S/D,Urbana,Otra Señal,No existe,Intersección,Bueno,Buena,Nocturna,Buen Tiempo,"De alcance,Múltiple",Ciclista,Colisión,Ninguna,"Horizontal,Vertical",Cordón divisorio,Sin restricción
2021,3480,2021-05-08,Sabado,,,0.0,2,"Moto/Ciclomotor,Peatón",Bvard Pasteur 345,2,1,0,0,1,0,0,"-32.03239, -61.22598",S/D,,GÁLVEZ,San JERÓNIMO,S/D,S/D,XV,S/D,S/D,Otra Señal,S/D,Intersección,S/D,S/D,S/D,S/D,"De alcance,Múltiple",Peatón,Colisión,S/D,S/D,Cordón divisorio,Sin restricción
2021,3481,2021-06-30,Miercoles,,,0.0,2,"Bicicleta,Automóvil", ,3,1,0,0,2,0,0,"-33.04562717037074,-61.163331477170",S/D,,CASILDA,Caseros,S/D,S/D,IV,S/D,S/D,Otra Señal,S/D,Intersección,S/D,S/D,S/D,S/D,"De alcance,Múltiple",Ciclista,Colisión,S/D,S/D,Cordón divisorio,Sin restricción