anio_acci,nro_acci,fecha,desc_dia,hora_aprox,desc_ruta,km,cant_participantes,desc_participante,calle_avenida_km,total,heridos_leves,heridos_graves,heridos_gravisimos,ilesos,fallecidos,sin_datos,posicion_XY,desc_tipo_via,desc_ruta_ori,desc_loc,desc_dpto,desc_tipo_calzada,desc_tipo_banquina,desc_unidad_regional,desc_lugar_calzada,desc_zona,desc_prioridad,desc_estado_semaforo,desc_lugar_via,desc_estado_via,desc_estado_visibilidad,desc_luminosidad,desc_estado_clima,desc_tipo_colision,desc_tipo_atropello,desc_tipo_hecho,desc_pres_calzada,desc_senializacion,desc_separacion_via,desc_restriccion
2021,3482,2021-05-26,Miercoles,16:45:00,,0.0,1,Bicicleta,Rivadavia ,1,1,0,0,0,0,0,"-33.05795, -60.61902",Calle,,ROSARIO,Rosario,Asfalto,Pavimento,II,Dentro,Urbana,Otra Señal,No existe,Intersección,Bueno,Buena,Diurna,Buen Tiempo,"De alcance,Múltiple",Ciclista,Colisión,Ninguna,Faltante,Cordón divisorio,Sin restricción
2021,3483,2021-05-09,Domingo,,,0.0,2,"Pickup/Utilitario,Moto/Ciclomotor",Av. A del Valle Y Alberti,3,2,0,0,1,0,0,"-31.6022, -60.69195",S/D,,SANTA FE,La Capital,S/D,S/D,I,S/D,S/D,Otra Señal,S/D,Intersección,S/D,S/D,S/D,S/D,"De alcance,Múltiple",S/D,Colisión,S/D,S/D,Cordón divisorio,Sin restricción
2021,3484,2021-06-03,Jueves,01:15:00,Ruta Provincial 80,19.0,2,"Moto/Ciclomotor,Moto/Ciclomotor", ,2,2,0,0,0,0,0,"-32.007408, -61.214049",Ruta,80,GÁLVEZ,San JERÓNIMO,Asfalto,Natural,XV,Dentro,Rural,Otra Señal,No existe,Intersección,Bueno,Buena,Diurna,Buen Tiempo,"De alcance,Múltiple",S/D,Colisión,Ninguna,Horizontal,Cordón divisorio,Sin restricción
2021,3486,2021-06-02,Miercoles,08:30:00,Ruta Provincial 64,109.0,1,Pickup/Utilitario,Liorna - Ruta Prov. 64 ,1,0,0,0,0,1,0,"-31.74299, -61.98919",Ruta,64,CRISPI,San MARTÍN,Tierra,S/D,XVIII,S/D,Rural,Otra Señal,S/D,Intersección,S/D,Buena,Diurna,S/D,"De alcance,Múltiple",S/D,Colisión,S/D,S/D,Cordón divisorio,Sin restricción
2021,3487,2021-06-29,Martes,11:00:00,Ruta Nacional 9,0.0,2,"Automóvil,Automóvil",Castilla la Vieja Y Ruta Nacional 9,2,2,0,0,0,0,0,"-32.90853738784792,-60.892485380172",Ruta,9,ROLDÁN,San Lorenzo,"Asfalto,Tierra",Natural,XVII,Dentro,Urbana,Otra Señal,No existe,Intersección,Bueno,S/D,Diurna,S/D,"De alcance,Múltiple",S/D,Colisión,Ninguna,Horizontal,Cordón divisorio,Sin restricción
2021,3488,2021-05-09,Domingo,22:00:00,S/D Nacional A008,0.0,2,"Moto/Ciclomotor,Moto/Ciclomotor",Av. Circunvalación Y Av. Avellaneda B,4,2,0,0,2,0,0,"-33.00088, -60.68979",S/D,A008,ROSARIO,Rosario,S/D,S/D,II,S/D,S/D,Otra Señal,S/D,Intersección,S/D,S/D,S/D,S/D,"De alcance,Múltiple",S/D,Colisión,S/D,S/D,Cordón divisorio,Sin restricción
2021,3489,2021-06-02,Miercoles,00:55:00,,0.0,1,Moto/Ciclomotor,Cepeda Y J.M.Gutierrez,1,0,0,0,0,1,0,"-32.9933, -60.62519",Calle,,ROSARIO,Rosario,Asfalto,No existe,II,S/D,Urbana,Otra Señal,No existe,Intersección,Bueno,S/D,Nocturna,S/D,"De alcance,Múltiple",S/D,Colisión,Ninguna,Faltante,Cordón divisorio,Sin restricción
2021,3491,2021-06-05,Sabado,,,0.0,2,"Moto/Ciclomotor,Automóvil",Av. Urquiza 2960,2,1,0,0,1,0,0,"-31.640330157474,-60.711561269475",Avenida,,SANTA FE,La Capital,Asfalto,No existe,I,Dentro,Urbana,Otra Señal,No existe,Intersección,Bueno,Buena,Diurna,Buen Tiempo,"De alcance,Múltiple",S/D,Colisión,Agua,Faltante,Cordón divisorio,Sin restricción
2021,3492,2021-05-27,Jueves,13:30:00,,0.0,2,"Moto/Ciclomotor,Taxi/Remis",Donado Y Forest,2,1,0,0,1,0,0,"-32.95883, -60.693",Calle,,ROSARIO,Rosario,Asfalto,No existe,II,Dentro,Urbana,Otra Señal,No existe,Intersección,Bueno,Buena,Diurna,Buen Tiempo,"De alcance,Múltiple",S/D,Colisión,Ninguna,S/D,Cordón divisorio,Sin restricción
2021,3493,2021-06-05,Sabado,19:00:00,,0.0,1,Pickup/Utilitario,Chacabuco Y Bartolomé Mitre,1,0,0,0,0,1,0,"-33.34459, -61.85636",Calle,,BERABEVÚ,Caseros,Tierra,No existe,IV,S/D,Urbana,Otra Señal,No existe,Intersección,Bueno,S/D,Diurna,S/D,"De alcance,Múltiple",S/D,Colisión,Ninguna,Faltante,Cordón divisorio,Sin restricción
2021,3494,2021-05-09,Domingo,00:00:00,Ruta Nacional A012,0.0,2,"Camión Chasis,Camión",RUTA 33 ,2,1,0,0,1,0,0,"-32.98879, -60.75279",Ruta,A012,ZAVALLA,Rosario,S/D,S/D,II,S/D,S/D,Otra Señal,S/D,Intersección,S/D,S/D,S/D,S/D,"De alcance,Múltiple",S/D,Colisión,S/D,S/D,Cordón divisorio,Sin restricción
2021,3495,2021-06-28,Lunes,,,0.0,2,"Automóvil,Moto/Ciclomotor", ,2,1,0,0,1,0,0,"-31.448825188884307,-60.93028956909",Calle,,ESPERANZA,Las Colonias,S/D,S/D,XI,Dentro,Urbana,Otra Señal,No existe,Intersección,S/D,S/D,S/D,S/D,"De alcance,Múltiple",S/D,Colisión,S/D,S/D,Cordón divisorio,Sin restricción
2021,3496,2021-06-05,Sabado,14:20:00,Ruta Provincial 10,87.0,1,Automóvil, ,2,1,0,0,1,0,0,"-32.05211751742223, -61.20901155949",Ruta,10,GÁLVEZ,San JERÓNIMO,Asfalto,No existe,XV,Dentro,Urbana,Otra Señal,No existe,Intersección,Bueno,Buena,Diurna,Buen Tiempo,"De alcance,Múltiple",S/D,Colisión,Ninguna,S/D,Cordón divisorio,Sin restricción
2021,3497,2021-05-26,Miercoles,11:20:00,,0.0,2,"Automóvil,Peatón",Donado Y San Lorenzo,2,1,0,0,1,0,0,"-32.93496, -60.72732",Calle,,ROSARIO,Rosario,Asfalto,No existe,II,Dentro,Urbana,Otra Señal,No existe,Intersección,Bueno,Buena,Diurna,Buen Tiempo,"De alcance,Múltiple",Peatón,Colisión,Ninguna,S/D,Cordón divisorio,Sin restricción
2021,3498,2021-06-04,Viernes,,,0.0,1,Moto/Ciclomotor,España ,1,1,0,0,0,0,0,"-32.02421307563784,-61.216447949409",Calle,,GÁLVEZ,San JERÓNIMO,Asfalto,No existe,XV,Dentro,Urbana,Otra Señal,S/D,Intersección,Bueno,Buena,S/D,Buen Tiempo,"De alcance,Múltiple",S/D,Colisión,S/D,S/D,Cordón divisorio,Sin restricción
2021,3499,2021-05-26,Miercoles,14:53:00,,0.0,2,"Transporte de Pasajeros Urbano (> 8 asientos),Moto/Ciclomotor",J.B.Justo Y García del Cossio Bis,2,1,0,0,1,0,0,"-32.91585, -60.74675",Calle,,ROSARIO,Rosario,Asfalto,No existe,II,Dentro,Urbana,Otra Señal,No existe,Intersección,Bueno,Buena,Diurna,S/D,"De alcance,Múltiple",S/D,Colisión,S/D,Faltante,Cordón divisorio,Sin restricción
2021,3500,2021-06-06,Domingo,19:55:00,,0.0,1,Moto/Ciclomotor,Capitán Bermúdez Y E Zevallos,1,1,0,0,0,0,0,"-32.020097990606,-61.216704958729",Calle,,GÁLVEZ,San JERÓNIMO,S/D,No existe,XV,Dentro,Urbana,Otra Señal,S/D,Intersección,S/D,S/D,Atardecer,Buen Tiempo,"De alcance,Múltiple",S/D,Colisión,S/D,S/D,Cordón divisorio,Sin restricción
2021,3501,2021-05-25,Martes,14:40:00,,0.0,2,"Moto/Ciclomotor,Peatón",Vélez Sarsfield 6047,2,1,0,0,1,0,0,"-32.95883, -60.693",Calle,,ROSARIO,Rosario,Asfalto,No existe,II,Dentro,Urbana,Otra Señal,No existe,Intersección,Bueno,Buena,Diurna,S/D,"De alcance,Múltiple",Peatón,Colisión,S/D,Faltante,Cordón divisorio,Sin restricción
2021,3502,2021-05-31,Lunes,17:20:00,,0.0,2,"Moto/Ciclomotor,Automóvil",España ,2,1,0,0,1,0,0,"-32.95883, -60.693",Calle,,ROSARIO,Rosario,Asfalto,No existe,II,Dentro,Urbana,Otra Señal,No existe,Intersección,Bueno,Buena,Diurna,Buen Tiempo,"De alcance,Múltiple",S/D,Colisión,Ninguna,Faltante,Cordón divisorio,Sin restricción
2021,3503,2021-06-27,Domingo,,Ruta Provincial 93,0.0,1,Automóvil, ,1,1,0,0,0,0,0,"-33.793104, -61.347638",Ruta,93,HUGHES,General LÓPEZ,Asfalto,Natural,VIII,Fuera,Rural,Otra Señal,No existe,Intersección,Bueno,S/D,S/D,S/D,"De alcance,Múltiple",S/D,Colisión,Ninguna,Horizontal,Cordón divisorio,Sin restricción
2021,3504,2021-06-27,Domingo,18:50:00,Ruta Nacional A012,0.0,3,"Pickup/Utilitario,Camión c / Acoplado,Automóvil", ,4,1,0,0,3,0,0,"-32.902185, -60.893460",Ruta,A012,ROLDÁN,San Lorenzo,Asfalto,Pavimento,XVII,Dentro,Urbana,Otra Señal,No existe,Intersección,Bueno,S/D,Diurna,S/D,"De alcance,Múltiple",S/D,Colisión,Ninguna,Horizontal,Cordón divisorio,Sin restricción
2021,3505,2021-05-09,Domingo,,Ruta Nacional 33,0.0,2,"Automóvil,Moto/Ciclomotor",F Baraco ,3,2,0,0,1,0,0,"-33.64681, -61.85773",Ruta,33,MURPHY,General LÓPEZ,S/D,S/D,VIII,S/D,S/D,Otra Señal,S/D,Intersección,S/D,S/D,S/D,S/D,"De alcance,Múltiple",S/D,Colisión,S/D,S/D,Cordón divisorio,Sin restricción
2021,3506,2021-06-08,Martes,07:30:00,,0.0,2,"Bicicleta,Camión",La Esmeralda Y San Martin,2,0,0,0,1,1,0,"-31.58347, -60.68869",Calle,,SANTA FE,La Capital,Tierra,No existe,I,S/D,Urbana,Otra Señal,No existe,Intersección,Bueno,Buena,Diurna,S/D,"De alcance,Múltiple",Ciclista,Colisión,Ninguna,Faltante,Cordón divisorio,Sin restricción
2021,3507,2021-05-09,Domingo,13:45:00,Ruta Nacional 11,0.0,2,"Moto/Ciclomotor,Vehículo Oficial",José de San Martin ,4,2,0,0,2,0,0,"-31.97281, -60.92666",Ruta,11,CORONDA,San JERÓNIMO,S/D,S/D,XV,S/D,S/D,Otra Señal,S/D,Intersección,S/D,S/D,S/D,S/D,"De alcance,Múltiple",S/D,Colisión,S/D,S/D,Cordón divisorio,Sin restricción
2021,3509,2021-05-10,Lunes,,,0.0,2,"Pickup/Utilitario,Moto/Ciclomotor",9 de Julio Y Estanislao Zeballos,3,0,0,0,1,0,2,"-31.60497, -60.69706",S/D,,SANTA FE,La Capital,S/D,S/D,I,S/D,S/D,Otra Señal,S/D,Intersección,S/D,S/D,S/D,S/D,"De alcance,Múltiple",S/D,Colisión,S/D,S/D,Cordón divisorio,Sin restricción
2021,3510,2021-06-08,Martes,,,0.0,2,"Pickup/Utilitario,Moto/Ciclomotor",Fray Luis Beltrán 1600,2,1,0,0,1,0,0,"-33.039631739584,-61.162154125588",Calle,,CASILDA,Caseros,Asfalto,No existe,IV,Dentro,Urbana,Otra Señal,No existe,Intersección,Bueno,Buena,Diurna,Buen Tiempo,"De alcance,Múltiple",S/D,Colisión,Ninguna,Faltante,Cordón divisorio,Sin restricción
2021,3511,2021-05-24,Lunes,08:30:00,,0.0,2,"Moto/Ciclomotor,Pickup/Utilitario",San Nicolas Y Dean Funes,2,1,0,0,1,0,0,"-32.96955, -60.67967",Calle,,ROSARIO,Rosario,Asfalto,No existe,II,Dentro,Urbana,Otra Señal,No existe,Intersección,Bueno,Buena,Diurna,Buen Tiempo,"De alcance,Múltiple",S/D,Colisión,Ninguna,Faltante,Cordón divisorio,Sin restricción
2021,3512,2021-06-08,Martes,22:20:00,,0.0,2,"Moto/Ciclomotor,Automóvil",Entre Ríos Y Dr. Rivas,2,0,0,0,1,1,0,"-32.98315, -60.65031",Calle,,ROSARIO,Rosario,Asfalto,No existe,II,S/D,Urbana,Otra Señal,No existe,Intersección,Bueno,Buena,"Nocturna,Con luz artificial",Buen Tiempo,"De alcance,Múltiple",S/D,Colisión,Ninguna,Vertical,Cordón divisorio,Sin restricción
2021,3513,2021-06-08,Martes,,,0.0,2,"Automóvil,Moto/Ciclomotor",General Simón Bolívar Y Presidente General Julio Argen,5,1,0,0,4,0,0,"-33.051314825892,-61.156017903726",Calle,,CASILDA,Caseros,Asfalto,No existe,IV,Dentro,Urbana,Otra Señal,No existe,Intersección,Bueno,S/D,Diurna,Buen Tiempo,"De alcance,Múltiple",S/D,Colisión,Ninguna,S/D,Cordón divisorio,Sin restricción
2021,3514,2021-05-10,Lunes,,,0.0,1,Automóvil,3 de Febrero ,1,1,0,0,0,0,0,"-31.65462, -60.73821",S/D,TIMBÚES,SANTA FE,La Capital,S/D,S/D,I,S/D,S/D,Otra Señal,S/D,Intersección,S/D,S/D,S/D,S/D,"De alcance,Múltiple",S/D,Colisión,S/D,S/D,Cordón divisorio,Sin restricción
2021,3515,2021-05-27,Jueves,05:45:00,,0.0,2,"Moto/Ciclomotor,Automóvil",Ayacucho Y Pje. Edison,2,1,0,0,1,0,0,"-32.95883, -60.693",Calle,,ROSARIO,Rosario,Asfalto,No existe,II,Dentro,Urbana,Otra Señal,S/D,Intersección,S/D,S/D,Amanecer,Buen Tiempo,"De alcance,Múltiple",S/D,Colisión,Ninguna,Faltante,Cordón divisorio,Sin restricción
2021,3516,2021-05-27,Jueves,18:15:00,,0.0,2,"Moto/Ciclomotor,Peatón",San Martin Y Dr. Rivas,3,3,0,0,0,0,0,"-32.984039562632375, -60.6453416292",Calle,,ROSARIO,Rosario,Asfalto,No existe,II,Dentro,Urbana,Otra Señal,Funciona,Intersección,Bueno,Buena,Diurna,Buen Tiempo,"De alcance,Múltiple",Peatón,Colisión,Ninguna,"Horizontal,Vertical",Cordón divisorio,Sin restricción
2021,3517,2021-05-10,Lunes,02:40:00,Ruta Nacional 8,0.0,2,"Camión,Camión c / Acoplado", ,2,1,0,0,1,0,0,"-33.66709, -62.2334",Ruta,8,MAGGIOLO,General LÓPEZ,S/D,S/D,VIII,S/D,S/D,Otra Señal,S/D,Intersección,S/D,S/D,S/D,S/D,"De alcance,Múltiple",S/D,Colisión,S/D,S/D,Cordón divisorio,Sin restricción
2021,3518,2021-06-08,Martes,,,0.0,1,Moto/Ciclomotor,Casado Y Mendoza,1,1,0,0,0,0,0,"-33.047527707004,-61.160432565632",Calle,,CASILDA,Caseros,Asfalto,No existe,IV,Dentro,Urbana,Otra Señal,No existe,Intersección,Bueno,Buena,Diurna,Buen Tiempo,"De alcance,Múltiple",S/D,Colisión,Ninguna,Faltante,Cordón divisorio,Sin restricción
2021,3519,2021-06-08,Martes,12:40:00,,0.0,1,Moto/Ciclomotor,Fernando Bianchi 600,1,1,0,0,0,0,0,"-32.203522365527,-61.710999444606",Calle,,EL TRÉBOL,San MARTÍN,S/D,S/D,XVIII,Dentro,Urbana,Otra Señal,S/D,Intersección,S/D,S/D,S/D,S/D,"De alcance,Múltiple",S/D,Colisión,S/D,S/D,Cordón divisorio,Sin restricción
2021,3520,2021-06-09,Miercoles,12:50:00,Ruta Provincial 93,84.0,2,"Automóvil,Camión c / Acoplado",Ruta Prov. 93 ,3,0,0,0,1,2,0,"-33.33882, -61.92222",Ruta,93,BERABEVÚ,Caseros,Asfalto,Natural,IV,S/D,Rural,Otra Señal,No existe,Intersección,Bueno,Buena,Diurna,Buen Tiempo,"De alcance,Múltiple",S/D,Colisión,Ninguna,S/D,Cordón divisorio,Sin restricción
2021,3521,2021-06-27,Domingo,,,0.0,2,"Moto/Ciclomotor,Automóvil",Av. 64 Y Calle 53,2,1,0,0,1,0,0,"-33.997421603907,-61.610001134831",Avenida,,VILLA CAÑAS,General LÓPEZ,S/D,S/D,II,Dentro,Urbana,Otra Señal,S/D,Intersección,S/D,S/D,S/D,S/D,"De alcance,Múltiple",S/D,Colisión,S/D,S/D,Cordón divisorio,Sin restricción
2021,3522,2021-05-10,Lunes,16:10:00,,0.0,2,"Automóvil,Moto/Ciclomotor",Pueyrredón Y Artigas,3,2,0,0,1,0,0,"-32.79893, -60.72743",S/D,,FRAY LUIS BELTRÁN,San Lorenzo,S/D,S/D,XVII,S/D,S/D,Otra Señal,S/D,Intersección,S/D,S/D,S/D,S/D,"De alcance,Múltiple",S/D,Colisión,S/D,S/D,Cordón divisorio,Sin restricción
2021,3523,2021-06-09,Miercoles,,,0.0,2,"Automóvil,Vehículo Oficial",Pje Falucho Y Rivadavia,2,1,0,0,1,0,0,"-31.648778966833,-60.706010826435",Calle,,SANTA FE,La Capital,Asfalto,No existe,I,Dentro,Urbana,Otra Señal,No existe,Intersección,Bueno,Buena,Diurna,Buen Tiempo,"De alcance,Múltiple",S/D,Colisión,Ninguna,Horizontal,Cordón divisorio,Sin restricción
2021,3524,2021-06-10,Jueves,10:30:00,Ruta Provincial 14,154.0,2,"Automóvil,Camión c / Acoplado",Ruta Prov. 14 ,2,1,0,0,0,1,0,"-33.95578, -61.87457",Ruta,14,MARÍA TERESA,General LÓPEZ,Asfalto,Natural,VIII,S/D,Rural,Otra Señal,No existe,Intersección,Bueno,Buena,Diurna,Buen Tiempo,"De alcance,Múltiple",S/D,Colisión,Ninguna,Faltante,Cordón divisorio,Sin restricción
2021,3525,2021-06-09,Miercoles,16:50:00,,0.0,1,Moto/Ciclomotor,Lisandro de la Torre Y Roque e Coulin,1,1,0,0,0,0,0,"-32.033943263062,-61.221471600623",Calle,,GÁLVEZ,San JERÓNIMO,Asfalto,No existe,XV,Dentro,Urbana,Otra Señal,No existe,Intersección,Bueno,Buena,Diurna,Buen Tiempo,"De alcance,Múltiple",S/D,Colisión,Ninguna,Faltante,Cordón divisorio,Sin restricción
2021,3526,2021-06-27,Domingo,03:30:00,,0.0,2,"Vehículo Oficial,Automóvil",Av. Francia Y San Juan,6,1,0,0,5,0,0,"-32.945237110795,-60.666565693148",Avenida,,ROSARIO,Rosario,Asfalto,No existe,II,Dentro,Urbana,Otra Señal,Funciona,Intersección,Bueno,Buena,"Nocturna,Con luz artificial",Buen Tiempo,"De alcance,Múltiple",S/D,Colisión,Ninguna,"Horizontal,Vertical",Cordón divisorio,Sin restricción
2021,3528,2021-06-09,Miercoles,09:45:00,,0.0,2,"Pickup/Utilitario,Tren",Bv Oroño Y Sáenz PEÑA,2,1,0,0,1,0,0,"-31.980893859402,-60.927000072644",Avenida,,CORONDA,San JERÓNIMO,Asfalto,No existe,XV,Dentro,Urbana,Otra Señal,No existe,Intersección,Bueno,Buena,Diurna,Buen Tiempo,"De alcance,Múltiple",S/D,Colisión,Ninguna,Vertical,Cordón divisorio,Sin restricción
2021,3529,2021-05-10,Lunes,19:15:00,,0.0,2,"Bicicleta,Pickup/Utilitario",Urquiza ,2,1,0,0,1,0,0,"-32.37038, -61.35728",S/D,,SAN GENARO,San JERÓNIMO,S/D,S/D,XV,S/D,S/D,Otra Señal,S/D,Intersección,S/D,S/D,S/D,S/D,"De alcance,Múltiple",Ciclista,Colisión,S/D,S/D,Cordón divisorio,Sin restricción
2021,3532,2021-05-11,Martes,,,0.0,2,"Bicicleta,Moto/Ciclomotor",Bme Mitre 402,2,1,0,0,0,0,1,"-32.0308, -61.21801",S/D,,GÁLVEZ,San JERÓNIMO,S/D,S/D,XV,S/D,S/D,Otra Señal,S/D,Intersección,S/D,S/D,S/D,S/D,"De alcance,Múltiple",Ciclista,Colisión,S/D,S/D,Cordón divisorio,Sin restricción
2021,3533,2021-05-25,Martes,15:20:00,,0.0,2,"Pickup/Utilitario,Moto/Ciclomotor",Fornells ,2,1,0,0,1,0,0,"-32.95883, -60.693",Calle,,ROSARIO,Rosario,Asfalto,No existe,II,S/D,Urbana,Otra Señal,S/D,Intersección,S/D,S/D,Diurna,S/D,"De alcance,Múltiple",S/D,Colisión,S/D,S/D,Cordón divisorio,Sin restricción
2021,3534,2021-06-25,Viernes,16:30:00,,0.0,2,"Automóvil,Peatón",Av. Facundo Zuviria Y J Castelli,2,1,0,0,1,0,0,"-31.604623817815,-60.702911361607",Avenida,,SANTA FE,La Capital,Asfalto,No existe,I,Dentro,Urbana,Otra Señal,Funciona,Intersección,Bueno,Buena,Diurna,Buen Tiempo,"De alcance,Múltiple",Ciclista,Colisión,Ninguna,"Horizontal,Vertical",Cordón divisorio,Sin restricción
2021,3536,2021-06-25,Viernes,,,0.0,2,"Vehículo Oficial,Automóvil", ,2,2,0,0,0,0,0,"-31.974489090876162,-60.91611235790",S/D,,CORONDA,San JERÓNIMO,S/D,S/D,XV,S/D,S/D,Otra Señal,S/D,Intersección,S/D,S/D,S/D,S/D,"De alcance,Múltiple",S/D,Colisión,S/D,S/D,Cordón divisorio,Sin restricción
2021,3537,2021-06-15,Martes,19:30:00,Ruta Secundaria 37-s,12.0,1,Pickup/Utilitario, ,1,0,0,0,0,1,0,"-33.67491, -61.64682",Ruta,37-s,ELORTONDO,General LÓPEZ,S/D,S/D,VIII,S/D,Rural,Otra Señal,S/D,Intersección,S/D,S/D,Nocturna,S/D,"De alcance,Múltiple",S/D,Colisión,S/D,S/D,Cordón divisorio,Sin restricción
2021,3538,2021-06-11,Viernes,20:05:00,,0.0,1,Moto/Ciclomotor,Bvard Argentino Y Ituzaingó,1,1,0,0,0,0,0,"-32.040938044764,-61.214233380365",Avenida,,GÁLVEZ,San JERÓNIMO,Asfalto,No existe,XV,Dentro,Urbana,Otra Señal,S/D,Intersección,S/D,S/D,Nocturna,Buen Tiempo,"De alcance,Múltiple",S/D,Colisión,S/D,S/D,Cordón divisorio,Sin restricción
2021,3539,2021-05-24,Lunes,23:40:00,,0.0,2,"Automóvil,Moto/Ciclomotor",Av. Avellaneda B Y Vélez Sarsfield,2,1,0,0,1,0,0,"-32.95883, -60.693",Avenida,,ROSARIO,Rosario,Asfalto,S/D,II,Dentro,Urbana,Otra Señal,S/D,Intersección,Bueno,S/D,Nocturna,Buen Tiempo,"De alcance,Múltiple",S/D,Colisión,Ninguna,"Horizontal,Vertical",Cordón divisorio,Sin restricción
2021,3540,2021-05-26,Miercoles,17:00:00,,0.0,1,Automóvil,Bv. Avellaneda Y San Juan,1,1,0,0,0,0,0,"-32.95883, -60.693",Avenida,,ROSARIO,Rosario,Asfalto,No existe,II,S/D,Urbana,Otra Señal,No existe,Intersección,S/D,Buena,Diurna,Buen Tiempo,"De alcance,Múltiple",S/D,Colisión,Ninguna,Faltante,Cordón divisorio,Sin restricción
2021,3541,2021-06-24,Jueves,20:30:00,,0.0,1,Moto/Ciclomotor,Av. Ntra.Sra.del Rosario Y Pedernera,1,1,0,0,0,0,0,"-32.998145, -60.623397",Avenida,,ROSARIO,Rosario,Asfalto,No existe,II,Dentro,Urbana,Otra Señal,Funciona,Intersección,Bueno,Buena,"Nocturna,Con luz artificial",Buen Tiempo,"De alcance,Múltiple",S/D,Colisión,Ninguna,"Horizontal,Vertical",Cordón divisorio,Sin restricción
2021,3543,2021-05-24,Lunes,17:40:00,,0.0,2,"Automóvil,Moto/Ciclomotor",Bv. Avellaneda Y 3 De Febrero,2,1,0,0,1,0,0,"-32.95883, -60.693",Calle,,ROSARIO,Rosario,Asfalto,S/D,II,S/D,Urbana,Otra Señal,Funciona,Intersección,Bueno,S/D,Diurna,S/D,"De alcance,Múltiple",S/D,Colisión,S/D,Vertical,Cordón divisorio,Sin restricción
2021,3544,2021-03-19,Viernes,12:30:00,,0.0,2,"Taxi/Remis,Bicicleta",Yapeyu 1300,2,1,0,0,1,0,0,"-32.99796, -60.76702",Calle,,PEREZ,Rosario,Asfalto,No existe,II,Dentro,Urbana,Otra Señal,No existe,Intersección,Bueno,Buena,Diurna,Buen Tiempo,"De alcance,Múltiple",Ciclista,Colisión,Ninguna,S/D,Cordón divisorio,Sin restricción
2021,3545,2021-05-29,Sabado,12:00:00,,0.0,2,"Moto/Ciclomotor,Otros",B Giuliani ,2,1,0,0,1,0,0,"-30.35983, -60.40591",Avenida,,GOBERNADOR CRESPO,San Justo,Ripio,No existe,XVI,Dentro,Urbana,Otra Señal,No existe,Intersección,S/D,Buena,Diurna,Buen Tiempo,"De alcance,Múltiple",S/D,Colisión,Ninguna,Faltante,Cordón divisorio,Sin restricción
2021,3546,2021-05-31,Lunes,16:30:00,Ruta Nacional 11,0.0,4,"Automóvil,Pickup/Utilitario,Camión c / Acoplado,Camión c / Acoplado",Ruta Nacional 11 Y J M De Rosas,9,5,0,0,4,0,0,"-30.80018, -60.59611",Ruta,11,SAN JUSTO,San Justo,Asfalto,Pavimento,XVI,S/D,Urbana,Otra Señal,Funciona,Intersección,Bueno,Buena,Diurna,Buen Tiempo,"De alcance,Múltiple",S/D,Colisión,Ninguna,S/D,Cordón divisorio,Sin restricción
2021,3547,2021-03-19,Viernes,11:20:00,,0.0,1,Bicicleta,Salta 1200,1,1,0,0,0,0,0,"-32.74483, -60.74045",Calle,,SAN LORENZO,San Lorenzo,Asfalto,No existe,XVII,S/D,Urbana,Otra Señal,No existe,Intersección,Bueno,S/D,Diurna,S/D,"De alcance,Múltiple",S/D,Colisión,S/D,Vertical,Cordón divisorio,Sin restricción
2021,3548,2021-03-19,Viernes,17:45:00,,0.0,2,"Automóvil,Moto/Ciclomotor",Av. Uriburu Y Santiago,3,2,0,0,1,0,0,"-32.99129, -60.66812",Avenida,,ROSARIO,Rosario,Asfalto,No existe,II,Dentro,Urbana,Otra Señal,No existe,Intersección,Bueno,Buena,Diurna,Buen Tiempo,"De alcance,Múltiple",S/D,Colisión,Ninguna,Faltante,Cordón divisorio,Sin restricción
2021,3549,2021-06-22,Martes,19:30:00,,0.0,1,Moto/Ciclomotor,AV BELGRANO ,1,1,0,0,0,0,0,"-31.907756924629233,-61.40035092830",Avenida,,COLONIA BELGRANO,San MARTÍN,S/D,S/D,XVIII,Dentro,Urbana,Otra Señal,S/D,Intersección,S/D,S/D,Atardecer,S/D,"De alcance,Múltiple",S/D,Colisión,S/D,S/D,Cordón divisorio,Sin restricción
2021,3550,2021-05-31,Lunes,14:30:00,Ruta Nacional 11,0.0,2,"Automóvil,Camión c / Acoplado", ,2,1,0,0,1,0,0,"-30.80018, -60.59611",Ruta,11,SAN JUSTO,San Justo,Asfalto,S/D,XVI,Dentro,Rural,Otra Señal,No existe,Intersección,Bueno,S/D,Diurna,Buen Tiempo,"De alcance,Múltiple",Peatón,Colisión,S/D,S/D,Cordón divisorio,Sin restricción
2021,3551,2021-06-13,Domingo,,,0.0,1,Camión Chasis,TIERRA DEL FUEGO 800,1,1,0,0,0,0,0,"-33.076429360042,-60.557114074019",Calle,,PUEBLO ESTHER,Rosario,Asfalto,No existe,II,Dentro,Urbana,Otra Señal,S/D,Intersección,S/D,Buena,S/D,S/D,"De alcance,Múltiple",S/D,Colisión,S/D,S/D,Cordón divisorio,Sin restricción
2021,3552,2021-06-24,Jueves,20:25:00,,0.0,1,Moto/Ciclomotor,Avda. Francia Y Cabildo,1,1,0,0,0,0,0,"-32.80515968799593,-60.724219679832",Avenida,,CAPITÁN BERMÚDEZ,San Lorenzo,"Asfalto,Tierra",No existe,XVII,Dentro,Urbana,Otra Señal,No existe,Intersección,Bueno,S/D,Nocturna,S/D,"De alcance,Múltiple",S/D,Colisión,Ninguna,Faltante,Cordón divisorio,Sin restricción
2021,3553,2021-06-13,Domingo,,,0.0,2,"Automóvil,Moto/Ciclomotor",Av. Sarmiento Y Belgrano,3,2,0,0,1,0,0,"-33.641515999551,-61.858173631397",Avenida,,MURPHY,General LÓPEZ,Asfalto,No existe,VIII,Dentro,Urbana,Otra Señal,S/D,Intersección,Bueno,Buena,Diurna,Buen Tiempo,"De alcance,Múltiple",S/D,Colisión,Ninguna,S/D,Cordón divisorio,Sin restricción