anio_acci,nro_acci,fecha,desc_dia,hora_aprox,desc_ruta,km,cant_participantes,desc_participante,calle_avenida_km,total,heridos_leves,heridos_graves,heridos_gravisimos,ilesos,fallecidos,sin_datos,posicion_XY,desc_tipo_via,desc_ruta_ori,desc_loc,desc_dpto,desc_tipo_calzada,desc_tipo_banquina,desc_unidad_regional,desc_lugar_calzada,desc_zona,desc_prioridad,desc_estado_semaforo,desc_lugar_via,desc_estado_via,desc_estado_visibilidad,desc_luminosidad,desc_estado_clima,desc_tipo_colision,desc_tipo_atropello,desc_tipo_hecho,desc_pres_calzada,desc_senializacion,desc_separacion_via,desc_restriccion
2021,3554,2021-03-19,Viernes,16:10:00,,0.0,2,"Moto/Ciclomotor,Automóvil",Av. Provincias Unidas Y Rueda,3,1,0,0,2,0,0,"-32.9628, -60.71164",Avenida,,ROSARIO,Rosario,Asfalto,Pavimento,II,S/D,Urbana,Otra Señal,No existe,Intersección,Bueno,Buena,Diurna,Buen Tiempo,"De alcance,Múltiple",S/D,Colisión,Ninguna,Faltante,Cordón divisorio,Sin restricción
2021,3555,2021-05-30,Domingo,14:15:00,,0.0,2,"Moto/Ciclomotor,Moto/Ciclomotor", ,3,3,0,0,0,0,0,"-30.78349, -60.58793",Calle,,SAN JUSTO,San Justo,Asfalto,No existe,XVI,Dentro,Urbana,Otra Señal,No existe,Intersección,S/D,Buena,Diurna,Buen Tiempo,"De alcance,Múltiple",S/D,Colisión,Ninguna,Faltante,Cordón divisorio,Sin restricción
2021,3556,2021-06-24,Jueves,17:30:00,,0.0,2,"Bicicleta,Moto/Ciclomotor",Avda. Roque Sáenz PEÑA Y Zeballos bis,2,1,0,0,1,0,0,"-32.785300612449646,-60.73214560747",Avenida,,FRAY LUIS BELTRÁN,San Lorenzo,"Asfalto,Tierra",No existe,XVII,Dentro,Urbana,Otra Señal,No existe,Intersección,Bueno,Buena,Diurna,S/D,"De alcance,Múltiple",Ciclista,Colisión,Ninguna,Faltante,Cordón divisorio,Sin restricción
2021,3557,2021-06-24,Jueves,,,0.0,2,"Moto/Ciclomotor,Automóvil",Balcarce Y Vélez Sarsfield,2,1,0,0,1,0,0,"-31.640265331867,-60.686212847099",Calle,,SANTA FE,La Capital,Asfalto,No existe,I,Dentro,Urbana,Otra Señal,No existe,Intersección,Bueno,S/D,S/D,Buen Tiempo,"De alcance,Múltiple",S/D,Colisión,Ninguna,Horizontal,Cordón divisorio,Sin restricción
2021,3558,2021-06-26,Sabado,21:00:00,,0.0,2,"Moto/Ciclomotor,Automóvil",Av. A del Valle Y Facundo Quiroga,2,0,0,0,1,1,0,"-31.56876, -60.68946",Avenida,,SANTA FE,La Capital,Asfalto,No existe,I,S/D,Urbana,Otra Señal,No existe,Intersección,Bueno,Buena,Nocturna,Buen Tiempo,"De alcance,Múltiple",S/D,Colisión,Ninguna,Faltante,Cordón divisorio,Sin restricción
2021,3559,2021-06-26,Sabado,11:30:00,,0.0,2,"Peatón,Moto/Ciclomotor",Camino Interprovincial 1800,2,0,0,0,1,1,0,"-31.44376, -62.07027",Calle,,FRONTERA,Castellanos,Asfalto,No existe,V,S/D,Urbana,Otra Señal,No existe,Intersección,Bueno,S/D,Diurna,S/D,"De alcance,Múltiple",Peatón,Colisión,Ninguna,Faltante,Cordón divisorio,Sin restricción
2021,3560,2021-03-19,Viernes,12:00:00,,0.0,2,"Moto/Ciclomotor,Automóvil",Av. Uriburu Y San Martin,2,1,0,0,0,0,1,"-32.99061, -60.64659",Calle,,ROSARIO,Rosario,Asfalto,No existe,II,Dentro,Urbana,Otra Señal,No existe,Intersección,Bueno,Buena,Diurna,Buen Tiempo,"De alcance,Múltiple",S/D,Colisión,Ninguna,Faltante,Cordón divisorio,Sin restricción
2021,3562,2021-03-19,Viernes,11:30:00,,0.0,2,"Automóvil,Moto/Ciclomotor",Laprida Y San Luis,3,1,0,0,2,0,0,"-32.94977, -60.63466",Calle,,ROSARIO,Rosario,Asfalto,No existe,II,S/D,Urbana,Otra Señal,No existe,Intersección,Bueno,S/D,Diurna,S/D,"De alcance,Múltiple",S/D,Colisión,S/D,"Horizontal,Vertical",Cordón divisorio,Sin restricción
2021,3563,2021-05-01,Sabado,19:15:00,Ruta Nacional 33,0.0,2,"Camión c / Acoplado,Automóvil", ,7,6,0,0,1,0,0,"-33.7283, -62.00708",Ruta,33,VENADO TUERTO,General LÓPEZ,S/D,S/D,IX,S/D,S/D,Otra Señal,S/D,Intersección,S/D,S/D,S/D,S/D,"De alcance,Múltiple",S/D,Colisión,S/D,S/D,Cordón divisorio,Sin restricción
2021,3565,2021-06-14,Lunes,,,0.0,1,Moto/Ciclomotor,CAMINO RURAL ,1,1,0,0,0,0,0,"-32.528918, -61.585324",Camino Rural,,LAS ROSAS,Belgrano,Tierra,No existe,III,S/D,S/D,Otra Señal,S/D,Intersección,S/D,S/D,S/D,S/D,"De alcance,Múltiple",S/D,Colisión,S/D,S/D,Cordón divisorio,Sin restricción
2021,3566,2021-06-30,Miercoles,05:30:00,Ruta Nacional 11,782.0,2,"Pickup/Utilitario,Camión c / Semirremolque",Ruta Nacional 11 ,3,2,0,0,0,1,0,"-29.19349, -59.69183",Ruta,11,RECONQUISTA,General Obligado,Asfalto,Natural,IX,S/D,Rural,Otra Señal,No existe,Intersección,Bueno,S/D,Nocturna,Buen Tiempo,"De alcance,Múltiple",S/D,Colisión,Ninguna,Faltante,Cordón divisorio,Sin restricción
2021,3567,2021-06-14,Lunes,18:50:00,,0.0,2,"Pickup/Utilitario,Moto/Ciclomotor",Avda. 25 de Mayo Y San Martin,2,1,0,0,1,0,0,"-32.030274514985,-61.222275004563",Avenida,,GÁLVEZ,San JERÓNIMO,Asfalto,No existe,XV,Dentro,Urbana,Otra Señal,Funciona,Intersección,Bueno,Buena,Atardecer,Buen Tiempo,"De alcance,Múltiple",S/D,Colisión,Ninguna,"Horizontal,Vertical",Cordón divisorio,Sin restricción
2021,3568,2021-03-19,Viernes,12:50:00,Ruta Provincial 1,92.0,2,"Automóvil,Moto/Ciclomotor", ,2,2,0,0,0,0,0,"-31.03952, -60.08728",Ruta,1,HELVECIA,Garay,Asfalto,Natural,VII,Dentro,Rural,Otra Señal,No existe,Intersección,S/D,S/D,Diurna,S/D,"De alcance,Múltiple",S/D,Colisión,S/D,Faltante,Cordón divisorio,Sin restricción
2021,3569,2021-03-19,Viernes,23:50:00,,0.0,2,"Moto/Ciclomotor,Otros",Brigadier General E López Y Fray Antonio Rossi,2,1,0,0,1,0,0,"-31.09874, -60.09229",Calle,,HELVECIA,Garay,Tierra,No existe,VII,S/D,Urbana,Otra Señal,No existe,Intersección,Otro,S/D,Nocturna,S/D,"De alcance,Múltiple",S/D,Colisión,S/D,Faltante,Cordón divisorio,Sin restricción
2021,3570,2021-06-14,Lunes,11:10:00,,0.0,2,"Pickup/Utilitario,Moto/Ciclomotor",Belgrano Y Rivadavia,3,1,0,0,2,0,0,"-29.585817412305,-60.377670235882",Calle,,LA GALLARETA,Vera,Tierra,No existe,XIX,Dentro,Urbana,Otra Señal,S/D,Intersección,S/D,S/D,S/D,S/D,"De alcance,Múltiple",S/D,Colisión,S/D,S/D,Cordón divisorio,Sin restricción
2021,3571,2021-03-20,Sabado,14:00:00,,0.0,2,"Moto/Ciclomotor,Automóvil",Roque Sáenz PEÑA Y Tucumán,3,1,0,0,2,0,0,"-31.64236, -60.72471",Calle,,SANTA FE,La Capital,Asfalto,No existe,I,S/D,Urbana,Otra Señal,No existe,Intersección,Con baches,Buena,Diurna,Buen Tiempo,"De alcance,Múltiple",S/D,Colisión,Ninguna,Faltante,Cordón divisorio,Sin restricción
2021,3572,2021-06-12,Sabado,16:15:00,,0.0,2,"Bicicleta,Automóvil",Av. Blas Parera Y Don Guanella,2,0,0,0,0,1,1,"-31.59438, -60.72342",Calle,,SANTA FE,La Capital,Asfalto,No existe,I,S/D,Urbana,Otra Señal,Funciona,Intersección,Bueno,S/D,Diurna,S/D,"De alcance,Múltiple",Ciclista,Colisión,Ninguna,"Horizontal,Vertical",Cordón divisorio,Sin restricción
2021,3573,2021-05-08,Sabado,,Autopista Provincial Brigadier E.LÓPEZ,0.0,2,"Automóvil,Pickup/Utilitario", ,2,1,0,0,1,0,0,"-32.94212, -60.78899",Autopista,Brigadier E.LÓPEZ,ROSARIO,Rosario,S/D,S/D,II,S/D,S/D,Otra Señal,S/D,Intersección,S/D,S/D,S/D,S/D,"De alcance,Múltiple",S/D,Colisión,S/D,S/D,Cordón divisorio,Sin restricción
2021,3576,2021-06-06,Domingo,06:00:00,,0.0,1,Moto/Ciclomotor,Camino Interprovincial Y Calle 86,1,0,0,0,0,1,0,"-31.43429, -62.06717",Calle,,FRONTERA,Castellanos,Asfalto,No existe,V,S/D,Urbana,Otra Señal,No existe,Intersección,Bueno,S/D,Nocturna,Buen Tiempo,"De alcance,Múltiple",S/D,Colisión,Ninguna,Faltante,Cordón divisorio,Sin restricción
2021,3577,2021-06-22,Martes,10:00:00,Ruta Provincial 20,0.0,2,"Automóvil,Automóvil",Av. Cincuentenario Y Gral. López,2,1,0,0,1,0,0,"-32.265990655576,-61.899554891679",Ruta,20,MARÍA SUSANA,San MARTÍN,Asfalto,No existe,XVIII,Dentro,Urbana,Otra Señal,No existe,Intersección,Bueno,Buena,Diurna,Buen Tiempo,"De alcance,Múltiple",S/D,Colisión,Ninguna,Vertical,Cordón divisorio,Sin restricción
2021,3578,2021-06-15,Martes,09:00:00,,0.0,2,"Moto/Ciclomotor,Moto/Ciclomotor",Maritano Y Mitre,2,2,0,0,0,0,0,"-32.369353740898,-61.356026438919",Calle,,SAN GENARO,San JERÓNIMO,Asfalto,No existe,XV,Dentro,Urbana,Otra Señal,No existe,Intersección,Bueno,Buena,Diurna,Buen Tiempo,"De alcance,Múltiple",S/D,Colisión,Ninguna,Vertical,Cordón divisorio,Sin restricción
2021,3579,2021-05-12,Miercoles,14:00:00,Autopista Provincial Brigadier E.LÓPEZ,0.0,1,Automóvil, ,2,2,0,0,0,0,0,"-32.86341, -60.73072",Autopista,Brigadier E.LÓPEZ,GRANADERO BAIGORRIA,Rosario,S/D,S/D,II,S/D,S/D,Otra Señal,S/D,Intersección,S/D,S/D,S/D,S/D,"De alcance,Múltiple",S/D,Colisión,S/D,S/D,Cordón divisorio,Sin restricción
2021,3580,2021-03-20,Sabado,10:30:00,,0.0,2,"Moto/Ciclomotor,Pickup/Utilitario",Uruguay 2600,2,1,0,0,1,0,0,"-32.97308, -60.66642",Calle,,ROSARIO,Rosario,Asfalto,No existe,II,Dentro,Urbana,Otra Señal,No existe,Intersección,Bueno,Buena,Diurna,Buen Tiempo,"De alcance,Múltiple",S/D,Colisión,Ninguna,Faltante,Cordón divisorio,Sin restricción
2021,3581,2021-06-15,Martes,09:50:00,,0.0,2,"Pickup/Utilitario,Peatón",Sarmiento calle 11 ,2,1,0,0,1,0,0,"-32.262852872188,-61.901972399007",Calle,,MARÍA SUSANA,San MARTÍN,S/D,No existe,XVIII,Dentro,Urbana,Otra Señal,S/D,Intersección,S/D,S/D,S/D,S/D,"De alcance,Múltiple",Peatón,Colisión,S/D,S/D,Cordón divisorio,Sin restricción
2021,3582,2021-03-20,Sabado,16:00:00,,0.0,2,"Transporte de Pasajeros Urbano (> 8 asientos),Moto/Ciclomotor",Alvear Y San Lorenzo,2,1,0,0,1,0,0,"-32.94118, -60.65408",Calle,,ROSARIO,Rosario,Asfalto,No existe,II,S/D,Urbana,Otra Señal,No existe,Intersección,Bueno,S/D,Diurna,S/D,"De alcance,Múltiple",S/D,Colisión,S/D,Vertical,Cordón divisorio,Sin restricción
2021,3583,2021-03-20,Sabado,18:30:00,Ruta Nacional 11,721.0,1,Automóvil, ,3,1,0,0,2,0,0,"-29.47394, -60.20514",Ruta,11,VERA,Vera,Asfalto,Natural,XIX,Fuera,Urbana,Otra Señal,No existe,Intersección,Bueno,Buena,Diurna,Lluvia,"De alcance,Múltiple",S/D,Colisión,Agua,"Horizontal,Vertical",Cordón divisorio,Sin restricción
2021,3585,2021-06-22,Martes,,,0.0,2,"Moto/Ciclomotor,Peatón",Boulevard Solís Y Italia,2,1,0,0,1,0,0,"-33.44836562737,-61.483677688912",Avenida,,FIRMAT,General LÓPEZ,Asfalto,S/D,VIII,Dentro,Urbana,Otra Señal,S/D,Intersección,S/D,S/D,S/D,S/D,"De alcance,Múltiple",Peatón,Colisión,S/D,S/D,Cordón divisorio,Sin restricción
2021,3586,2021-03-20,Sabado,10:30:00,Ruta Provincial 40,76.0,2,"Moto/Ciclomotor,Automóvil",Av. Domingo Perón ,3,2,0,0,1,0,0,"-29.05447, -60.40962",Ruta,40,FORTÍN OLMOS,Vera,Asfalto,Natural,XIX,Dentro,Urbana,Otra Señal,No existe,Intersección,Bueno,Buena,Diurna,Buen Tiempo,"De alcance,Múltiple",S/D,Colisión,Ninguna,Faltante,Cordón divisorio,Sin restricción
2021,3587,2021-06-15,Martes,17:55:00,,0.0,1,Pickup/Utilitario,Av. Republica Y Gregoria Matorras,2,1,0,0,1,0,0,"-32.026314896226,-61.212521489061",Avenida,,GÁLVEZ,San JERÓNIMO,Asfalto,No existe,XV,Dentro,Urbana,Otra Señal,S/D,Intersección,Bueno,Buena,Diurna,S/D,"De alcance,Múltiple",S/D,Colisión,Ninguna,S/D,Cordón divisorio,Sin restricción
2021,3588,2021-03-21,Domingo,20:00:00,,0.0,1,Moto/Ciclomotor,Venezuela Y Paraguay,1,1,0,0,0,0,0,"-31.77632, -60.83737",Calle,,SAUCE VIEJO,La Capital,Ripio,S/D,I,S/D,Urbana,Otra Señal,No existe,Intersección,Bueno,Buena,Nocturna,S/D,"De alcance,Múltiple",S/D,Colisión,S/D,S/D,Cordón divisorio,Sin restricción
2021,3589,2021-03-21,Domingo,18:00:00,,0.0,2,"Moto/Ciclomotor,Moto/Ciclomotor",25 de mayo Y Obispo Gelabert,3,1,0,0,2,0,0,"-31.6634, -60.76238",Calle,,SANTO TOMÉ,La Capital,Asfalto,S/D,I,S/D,Urbana,Otra Señal,No existe,Intersección,Bueno,Buena,Diurna,Buen Tiempo,"De alcance,Múltiple",S/D,Colisión,Ninguna,Faltante,Cordón divisorio,Sin restricción
2021,3590,2021-03-21,Domingo,02:10:00,,0.0,2,"Bicicleta,Automóvil",Pje. J.Blanco Y Av. Battle y Ordoñez,2,1,0,0,1,0,0,"-33.00894, -60.6493",Calle,,ROSARIO,Rosario,Asfalto,No existe,II,Dentro,Urbana,Otra Señal,No existe,Intersección,Bueno,Buena,Nocturna,Buen Tiempo,"De alcance,Múltiple",Ciclista,Colisión,Ninguna,Faltante,Cordón divisorio,Sin restricción
2021,3592,2021-06-19,Sabado,13:00:00,,0.0,2,"Moto/Ciclomotor,Automóvil",Italia Y Pueyrredón,3,1,0,0,2,0,0,"-32.051904812921,-61.610195860034",Calle,,CAÑADA ROSQUÍN,San MARTÍN,Tierra,No existe,XVIII,Dentro,Urbana,Otra Señal,No existe,Intersección,Bueno,Buena,Diurna,S/D,"De alcance,Múltiple",S/D,Colisión,S/D,Faltante,Cordón divisorio,Sin restricción
2021,3593,2021-03-21,Domingo,20:20:00,Ruta Nacional 9,292.0,4,"Automóvil,Automóvil,Automóvil,Automóvil", ,7,5,0,0,2,0,0,"-32.924, -60.78185",Ruta,9,FUNES,Rosario,Asfalto,Pavimento,II,Dentro,Urbana,Otra Señal,No existe,Intersección,Bueno,Buena,Nocturna,Buen Tiempo,"De alcance,Múltiple",S/D,Colisión,Ninguna,Vertical,Cordón divisorio,Sin restricción
2021,3595,2021-06-20,Domingo,,,0.0,2,"Automóvil,Moto/Ciclomotor",Amenábar Y Juan Diaz de Solís,2,1,0,0,1,0,0,"-31.655750787731,-60.729949154228",Calle,,SANTA FE,La Capital,S/D,S/D,I,Dentro,Urbana,Otra Señal,S/D,Intersección,S/D,S/D,S/D,S/D,"De alcance,Múltiple",S/D,Colisión,Ninguna,S/D,Cordón divisorio,Sin restricción
2021,3596,2021-06-16,Miercoles,,,0.0,1,Taxi/Remis,9 de Julio 5500,2,2,0,0,0,0,0,"-31.61672182153,-60.700494036474",Calle,,SANTA FE,La Capital,Asfalto,No existe,I,Dentro,Urbana,Otra Señal,No existe,Intersección,Bueno,Buena,S/D,Buen Tiempo,"De alcance,Múltiple",S/D,Colisión,Ninguna,Vertical,Cordón divisorio,Sin restricción
2021,3597,2021-05-26,Miercoles,,,0.0,2,"Automóvil,Automóvil",Av. Circunvalación ,3,2,0,0,1,0,0,"-31.6673, -60.73037",Avenida,,SANTA FE,La Capital,Asfalto,Pavimento,I,Dentro,Urbana,Otra Señal,No existe,Intersección,S/D,S/D,Diurna,S/D,"De alcance,Múltiple",S/D,Colisión,S/D,S/D,Cordón divisorio,Sin restricción
2021,3598,2021-05-08,Sabado,19:35:00,,0.0,2,"Moto/Ciclomotor,Automóvil", ,3,2,0,0,1,0,0,"-33.87152, -62.09549",S/D,,SAN EDUARDO,General LÓPEZ,S/D,S/D,VIII,S/D,S/D,Otra Señal,S/D,Intersección,S/D,S/D,S/D,S/D,"De alcance,Múltiple",S/D,Colisión,S/D,S/D,Cordón divisorio,Sin restricción
2021,3599,2021-05-08,Sabado,20:45:00,,0.0,1,Moto/Ciclomotor,Rosa María Alarcón de Larriera Y Av. Dr. Luis Chapuis,2,2,0,0,0,0,0,"-33.73424, -61.97752",S/D,,VENADO TUERTO,General LÓPEZ,S/D,S/D,VIII,S/D,S/D,Otra Señal,S/D,Intersección,S/D,S/D,S/D,S/D,"De alcance,Múltiple",S/D,Colisión,S/D,S/D,Cordón divisorio,Sin restricción
2021,3600,2021-06-16,Miercoles,21:00:00,,0.0,1,Moto/Ciclomotor,Falucho 945,1,1,0,0,0,0,0,"-32.737051713917,-60.737322184435",Calle,,SAN LORENZO,San Lorenzo,Asfalto,No existe,XVII,Dentro,Urbana,Otra Señal,No existe,Intersección,Bueno,Buena,Diurna,Buen Tiempo,"De alcance,Múltiple",S/D,Colisión,Ninguna,Faltante,Cordón divisorio,Sin restricción
2021,3601,2021-06-20,Domingo,,Ruta Nacional A007,0.0,1,Automóvil,Av. Circunvalación Y Gorostiaga,1,1,0,0,0,0,0,"-31.606710418727,-60.725698950002",Ruta,A007,SANTA FE,La Capital,Asfalto,Natural,I,Dentro,Urbana,Otra Señal,No existe,Intersección,Bueno,S/D,S/D,S/D,"De alcance,Múltiple",S/D,Colisión,Ninguna,Horizontal,Cordón divisorio,Sin restricción
2021,3602,2021-06-16,Miercoles,15:20:00,,0.0,2,"Automóvil,Moto/Ciclomotor",Blas Parera Y Moreno,2,1,0,0,1,0,0,"-32.664739348872,-60.78545373507",Calle,,TIMBÚES,San Lorenzo,Tierra,No existe,XVII,Dentro,Urbana,Otra Señal,No existe,Intersección,S/D,Buena,Diurna,Buen Tiempo,"De alcance,Múltiple",S/D,Colisión,Ninguna,S/D,Cordón divisorio,Sin restricción
2021,3603,2021-06-19,Sabado,16:15:00,,0.0,2,"Pickup/Utilitario,Moto/Ciclomotor",Garay Y López y Planes,2,1,0,0,1,0,0,"-31.96786584424,-60.918580883084",Calle,,CORONDA,San JERÓNIMO,Asfalto,No existe,XV,Dentro,Urbana,Otra Señal,No existe,Intersección,Bueno,Buena,Diurna,Buen Tiempo,"De alcance,Múltiple",S/D,Colisión,Ninguna,Faltante,Cordón divisorio,Sin restricción
2021,3604,2021-06-16,Miercoles,11:00:00,Ruta Nacional 11,0.0,2,"Automóvil,Peatón",3 de Febrero Y Av. San Martin,2,1,0,0,1,0,0,"-32.744025011333,-60.734039102006",Ruta,11,SAN LORENZO,San Lorenzo,Asfalto,No existe,XVII,Dentro,Urbana,Otra Señal,No existe,Intersección,Bueno,Buena,Diurna,Buen Tiempo,"De alcance,Múltiple",Peatón,Colisión,Ninguna,Horizontal,Cordón divisorio,Sin restricción
2021,3605,2021-05-08,Sabado,08:00:00,,0.0,1,Automóvil,DEMETRIO GÓMEZ ,1,1,0,0,0,0,0,"-31.66679, -60.70042",S/D,,ALTO VERDE,La Capital,S/D,S/D,I,S/D,S/D,Otra Señal,S/D,Intersección,S/D,S/D,S/D,S/D,"De alcance,Múltiple",S/D,Colisión,S/D,S/D,Cordón divisorio,Sin restricción
2021,3606,2021-06-16,Miercoles,19:15:00,,0.0,2,"Bicicleta,Moto/Ciclomotor",Avda. 25 de Mayo Y Sarmiento,2,1,0,0,1,0,0,"-32.029439033704,-61.221014864647",Avenida,,GÁLVEZ,San JERÓNIMO,Asfalto,No existe,XV,Dentro,Urbana,Otra Señal,S/D,Intersección,Bueno,Buena,Atardecer,Buen Tiempo,"De alcance,Múltiple",Ciclista,Colisión,Ninguna,S/D,Cordón divisorio,Sin restricción
2021,3607,2021-05-08,Sabado,,,0.0,2,"Moto/Ciclomotor,Automóvil",Intendente Giménez Y A Aguado,2,1,0,0,1,0,0,"-31.26247, -61.48517",S/D,,RAFAELA,Castellanos,S/D,S/D,V,S/D,S/D,Otra Señal,S/D,Intersección,S/D,S/D,S/D,S/D,"De alcance,Múltiple",S/D,Colisión,S/D,S/D,Cordón divisorio,Sin restricción
2021,3608,2021-05-08,Sabado,,,0.0,2,"Moto/Ciclomotor,Automóvil",Santiago Shine Y Gobernador Crespo,2,1,0,0,1,0,0,"-31.25231, -61.46641",S/D,,RAFAELA,Castellanos,S/D,S/D,V,S/D,S/D,Otra Señal,S/D,Intersección,S/D,S/D,S/D,S/D,"De alcance,Múltiple",S/D,Colisión,S/D,S/D,Cordón divisorio,Sin restricción
2021,3609,2021-06-17,Jueves,15:30:00,Ruta Secundaria 2-s,0.0,2,"Automóvil,Bicicleta",Belgrano Y Sáenz PEÑA,2,1,0,0,1,0,0,"-34.008188550003,-61.911543992444",Ruta,2-s,MARÍA TERESA,General LÓPEZ,S/D,S/D,VIII,Dentro,Urbana,Otra Señal,S/D,Intersección,S/D,S/D,S/D,S/D,"De alcance,Múltiple",Ciclista,Colisión,S/D,S/D,Cordón divisorio,Sin restricción
2021,3610,2021-05-08,Sabado,,,0.0,2,"Moto/Ciclomotor,Automóvil",Av. Aristóbulo del Valle Y Sargento Cabral,2,1,0,0,1,0,0,"-31.25771, -61.48987",S/D,,RAFAELA,Castellanos,S/D,S/D,V,S/D,S/D,Otra Señal,S/D,Intersección,S/D,S/D,S/D,S/D,"De alcance,Múltiple",S/D,Colisión,S/D,S/D,Cordón divisorio,Sin restricción
2021,3611,2021-05-08,Sabado,,,0.0,2,"Moto/Ciclomotor,Pickup/Utilitario",Av. Brasil Y Francia,3,2,0,0,1,0,0,"-31.24616, -61.47361",S/D,,RAFAELA,Castellanos,S/D,S/D,V,S/D,S/D,Otra Señal,S/D,Intersección,S/D,S/D,S/D,S/D,"De alcance,Múltiple",S/D,Colisión,S/D,S/D,Cordón divisorio,Sin restricción
2021,3612,2021-05-08,Sabado,,,0.0,2,"Automóvil,Moto/Ciclomotor",Martin Feirro Y Pedroni,3,2,0,0,1,0,0,"-31.12593, -61.45472",S/D,,LEHMANN,Castellanos,S/D,S/D,V,S/D,S/D,Otra Señal,S/D,Intersección,S/D,S/D,S/D,S/D,"De alcance,Múltiple",S/D,Colisión,S/D,S/D,Cordón divisorio,Sin restricción
2021,3613,2021-06-17,Jueves,17:20:00,,0.0,2,"Automóvil,Moto/Ciclomotor", ,2,1,0,0,1,0,0,"-32.45677622015708,-60.892428646194",Calle,,MACIEL,San JERÓNIMO,S/D,No existe,XV,Dentro,Urbana,Otra Señal,S/D,Intersección,S/D,S/D,S/D,S/D,"De alcance,Múltiple",S/D,Colisión,S/D,S/D,Cordón divisorio,Sin restricción
2021,3614,2021-05-08,Sabado,11:55:00,,0.0,1,Moto/Ciclomotor, ,2,2,0,0,0,0,0,"-31.12432, -61.4518",S/D,,LEHMANN,Castellanos,S/D,S/D,V,S/D,S/D,Otra Señal,S/D,Intersección,S/D,S/D,S/D,S/D,"De alcance,Múltiple",S/D,Colisión,S/D,S/D,Cordón divisorio,Sin restricción
2021,3615,2021-06-19,Sabado,19:00:00,,0.0,2,"Automóvil,Moto/Ciclomotor",Boulevard Lisandro de la Torre Y San Lorenzo,2,1,0,0,1,0,0,"-33.042783033369,-61.161162496589",Avenida,,CASILDA,Caseros,Asfalto,No existe,IV,Dentro,Urbana,Otra Señal,No existe,Intersección,Bueno,Buena,Diurna,Buen Tiempo,"De alcance,Múltiple",S/D,Colisión,Ninguna,Horizontal,Cordón divisorio,Sin restricción
2021,3617,2021-06-18,Viernes,,,0.0,1,Moto/Ciclomotor,Av. Colon Y Magallanes,1,1,0,0,0,0,0,"-32.43986576746,-60.816216564932",Avenida,,GABOTO,San JERÓNIMO,S/D,S/D,XV,Dentro,Urbana,Otra Señal,S/D,Intersección,S/D,S/D,S/D,S/D,"De alcance,Múltiple",S/D,Colisión,S/D,Vertical,Cordón divisorio,Sin restricción
2021,3618,2021-06-18,Viernes,20:25:00,,0.0,2,"Moto/Ciclomotor,Automóvil",SANTA FE  Y 9 DE JULIO ,2,1,0,0,1,0,0,"-32.363064, -61.337463",Calle,,SAN GENARO,San JERÓNIMO,Asfalto,No existe,XV,Dentro,Urbana,Otra Señal,No existe,Intersección,Bueno,S/D,"Nocturna,Con luz artificial",Buen Tiempo,"De alcance,Múltiple",S/D,Colisión,Ninguna,Faltante,Cordón divisorio,Sin restricción
2021,3619,2021-06-05,Sabado,19:50:00,Ruta Nacional 34,213.0,1,Moto/Ciclomotor, ,1,1,0,0,0,0,0,"-31.361895, -61.531234",Ruta,34,SUSANA,Castellanos,Asfalto,Natural,V,Dentro,Urbana,Otra Señal,No existe,Intersección,Bueno,Buena,Diurna,Buen Tiempo,"De alcance,Múltiple",S/D,Colisión,Ninguna,Horizontal,Cordón divisorio,Sin restricción
2021,3620,2021-06-07,Lunes,08:20:00,Autovía Nacional 19,14.0,1,Automóvil, ,1,1,0,0,0,0,0,"-31.64583469167675, -60.91850590375",Autovía,19,SAN AGUSTÍN,Las Colonias,Asfalto,Natural,XI,Dentro,Rural,Otra Señal,No existe,Intersección,Bueno,Buena,Diurna,Buen Tiempo,"De alcance,Múltiple",S/D,Colisión,Ninguna,Horizontal,Cordón divisorio,Sin restricción
2021,3621,2021-05-19,Miercoles,,,0.0,2,"Automóvil,Bicicleta",Washington Y Boulevard Lisandro de la Torre,2,1,0,0,1,0,0,"-33.04865, -61.17148",Calle,,CASILDA,Caseros,Asfalto,S/D,IV,Dentro,Urbana,Otra Señal,S/D,Intersección,S/D,S/D,S/D,S/D,"De alcance,Múltiple",Ciclista,Colisión,S/D,S/D,Cordón divisorio,Sin restricción
2021,3622,2021-05-19,Miercoles,,,0.0,2,"Pickup/Utilitario,Pickup/Utilitario",Boulevard Lisandro de la Torre Y Boulevard Ovidio Lagos,3,2,0,0,1,0,0,"-33.04865, -61.17148",Avenida,,CASILDA,Caseros,Asfalto,S/D,IV,Dentro,Urbana,Otra Señal,S/D,Intersección,S/D,S/D,S/D,S/D,"De alcance,Múltiple",S/D,Colisión,S/D,S/D,Cordón divisorio,Sin restricción
2021,3624,2021-06-09,Miercoles,09:00:00,Autovía Nacional 19,122.0,2,"Camión,Camión", ,3,3,0,0,0,0,0,"-31.432417529775538, -62.0063229593",Autovía,19,FRONTERA,Castellanos,Asfalto,No existe,V,Dentro,Rural,Otra Señal,No existe,Intersección,Bueno,Buena,Diurna,Buen Tiempo,"De alcance,Múltiple",S/D,Colisión,Ninguna,Horizontal,Cordón divisorio,Sin restricción