anio_acci,nro_acci,fecha,desc_dia,hora_aprox,desc_ruta,km,cant_participantes,desc_participante,calle_avenida_km,total,heridos_leves,heridos_graves,heridos_gravisimos,ilesos,fallecidos,sin_datos,posicion_XY,desc_tipo_via,desc_ruta_ori,desc_loc,desc_dpto,desc_tipo_calzada,desc_tipo_banquina,desc_unidad_regional,desc_lugar_calzada,desc_zona,desc_prioridad,desc_estado_semaforo,desc_lugar_via,desc_estado_via,desc_estado_visibilidad,desc_luminosidad,desc_estado_clima,desc_tipo_colision,desc_tipo_atropello,desc_tipo_hecho,desc_pres_calzada,desc_senializacion,desc_separacion_via,desc_restriccion
2021,3625,2021-06-25,Viernes,18:45:00,Ruta Nacional 9,252.0,1,Automóvil, ,4,3,0,0,1,0,0,"-33.254444, -60.422716",Ruta,9,PAVÓN,Constitución,Asfalto,Natural,VI,Dentro,Rural,Otra Señal,No existe,Intersección,Bueno,Buena,Diurna,S/D,"De alcance,Múltiple",S/D,Colisión,Ninguna,Horizontal,Cordón divisorio,Sin restricción
2021,3626,2021-06-11,Viernes,14:30:00,Autopista Nacional A007,12.0,2,"Camión c / Acoplado,Moto/Ciclomotor",BOMBA 4 ,2,1,0,0,1,0,0,"-31.624026897305384, -60.7291572651",Autopista,A007,SANTA FE,La Capital,Asfalto,Natural,I,Dentro,Rural,Otra Señal,No existe,Intersección,Bueno,Buena,Diurna,Buen Tiempo,"De alcance,Múltiple",S/D,Colisión,Ninguna,Horizontal,Cordón divisorio,Sin restricción
2021,3627,2021-05-22,Sabado,,,0.0,1,Automóvil, ,1,1,0,0,0,0,0,"-31.44907, -60.93076",S/D,,ESPERANZA,Las Colonias,S/D,S/D,XI,S/D,S/D,Otra Señal,S/D,Intersección,S/D,S/D,S/D,S/D,"De alcance,Múltiple",S/D,Colisión,S/D,S/D,Cordón divisorio,Sin restricción
2021,3628,2021-06-21,Lunes,02:15:00,Autovía Provincial Brigadier E.LÓPEZ,3.0,1,Automóvil, ,2,2,0,0,0,0,0,"-32.865076, -60.728460",Autovía,Brigadier E.LÓPEZ,GRANADERO BAIGORRIA,Rosario,Asfalto,Natural,II,Fuera,Rural,Otra Señal,No existe,Intersección,Bueno,S/D,Nocturna,S/D,"De alcance,Múltiple",S/D,Colisión,Ninguna,Horizontal,Cordón divisorio,Sin restricción
2021,3629,2021-05-22,Sabado,,,0.0,2,"Moto/Ciclomotor,Bicicleta", ,2,2,0,0,0,0,0,"-31.44907, -60.93076",S/D,,ESPERANZA,Las Colonias,S/D,S/D,XI,S/D,S/D,Otra Señal,S/D,Intersección,S/D,S/D,S/D,S/D,"De alcance,Múltiple",Ciclista,Colisión,S/D,S/D,Cordón divisorio,Sin restricción
2021,3630,2021-06-12,Sabado,00:30:00,Ruta Nacional 11,0.0,2,"Vehículo Oficial,Automóvil",Av. Circunvalación ,3,2,0,0,1,0,0,"-31.663893, -60.733770",Ruta,11,SANTA FE,La Capital,Asfalto,No existe,I,Dentro,Urbana,Otra Señal,No existe,Intersección,Bueno,S/D,"Nocturna,Con luz artificial",S/D,"De alcance,Múltiple",S/D,Colisión,Ninguna,Horizontal,Cordón divisorio,Sin restricción
2021,3631,2021-06-01,Martes,17:15:00,Ruta Provincial 70,0.0,2,"Moto/Ciclomotor,Pickup/Utilitario",Av. Luis Fanti Y Maestro Cossettini,2,1,0,0,1,0,0,"-31.260628914855,-61.50184361562",Ruta,70,RAFAELA,Castellanos,Asfalto,No existe,V,Dentro,Urbana,Otra Señal,No existe,Intersección,Bueno,Buena,Diurna,Buen Tiempo,"De alcance,Múltiple",S/D,Colisión,Ninguna,Faltante,Cordón divisorio,Sin restricción
2021,3632,2021-05-09,Domingo,03:00:00,Ruta Provincial 31,0.0,1,Automóvil, ,2,2,0,0,0,0,0,"-29.05656, -59.6557",Ruta,31,AVELLANEDA,General Obligado,S/D,S/D,IX,S/D,S/D,Otra Señal,S/D,Intersección,S/D,S/D,S/D,S/D,"De alcance,Múltiple",S/D,Colisión,S/D,S/D,Cordón divisorio,Sin restricción
2021,3633,2021-05-23,Domingo,,,0.0,2,"Automóvil,Automóvil",Chile Y Fray Luis Beltrán,2,1,0,0,1,0,0,"-33.04822, -61.17776",Calle,,CASILDA,Caseros,S/D,S/D,IV,Dentro,Urbana,Otra Señal,S/D,Intersección,S/D,Reducida,S/D,Lluvia,"De alcance,Múltiple",S/D,Colisión,Agua,S/D,Cordón divisorio,Sin restricción
2021,3634,2021-06-01,Martes,14:45:00,Ruta Nacional 11,0.0,2,"Moto/Ciclomotor,Automóvil",Calle 3 Y Ruta Nacional 11,4,3,0,0,1,0,0,"-28.36308662458,-59.263666697456",Ruta,11,LAS TOSCAS,General Obligado,Asfalto,Ripio,IX,Dentro,Urbana,Otra Señal,No existe,Intersección,Bueno,Buena,Diurna,Buen Tiempo,"De alcance,Múltiple",S/D,Colisión,Ninguna,Horizontal,Cordón divisorio,Sin restricción
2021,3635,2021-05-09,Domingo,03:10:00,Ruta Nacional 11,0.0,1,Moto/Ciclomotor, ,1,1,0,0,0,0,0,"-29.05656, -59.6557",Ruta,11,AVELLANEDA,General Obligado,S/D,S/D,IX,S/D,S/D,Otra Señal,S/D,Intersección,S/D,S/D,S/D,S/D,"De alcance,Múltiple",S/D,Colisión,S/D,S/D,Cordón divisorio,Sin restricción
2021,3638,2021-06-02,Miercoles,11:35:00,,0.0,2,"Pickup/Utilitario,Bicicleta",Calle 11 Y Calle 4,2,1,0,0,1,0,0,"-29.116948049114,-59.663616278855",Calle,,AVELLANEDA,General Obligado,Asfalto,No existe,IX,Dentro,Urbana,Otra Señal,No existe,Intersección,Bueno,Buena,Diurna,Buen Tiempo,"De alcance,Múltiple",Ciclista,Colisión,Ninguna,Faltante,Cordón divisorio,Sin restricción
2021,3639,2021-06-02,Miercoles,08:00:00,,0.0,3,"Taxi/Remis,Moto/Ciclomotor,Automóvil",Brown Y Italia,3,1,0,0,2,0,0,"-32.935370510746,-60.645543853148",Calle,,ROSARIO,Rosario,Asfalto,No existe,II,Dentro,Urbana,Otra Señal,No existe,Intersección,Bueno,Buena,Diurna,Buen Tiempo,"De alcance,Múltiple",S/D,Colisión,Ninguna,Horizontal,Cordón divisorio,Sin restricción
2021,3640,2021-05-23,Domingo,14:00:00,Autopista Provincial Brigadier E.LÓPEZ,20.0,1,Camión Chasis, ,1,1,0,0,0,0,0,"-32.75029, -60.7587",Autopista,Brigadier E.LÓPEZ,SAN LORENZO,San Lorenzo,Asfalto,Pavimento,XVII,Dentro,Rural,Otra Señal,No existe,Intersección,S/D,Buena,Diurna,S/D,S/D,S/D,Colisión,S/D,S/D,Cordón divisorio,Sin restricción
2021,3641,2021-06-02,Miercoles,,Autopista Nacional A012,65.0,3,"Tren,Automóvil,Camión", ,3,2,0,0,1,0,0,"-32.766580, -60.742588",Autopista,A012,SAN LORENZO,San Lorenzo,Asfalto,Ripio,XVII,Dentro,Urbana,Otra Señal,No existe,Intersección,Deteriorada,Buena,S/D,Buen Tiempo,"Lateral,Múltiple",S/D,Colisión,Ninguna,Vertical,Cordón divisorio,Sin restricción
2021,3642,2021-05-09,Domingo,17:00:00,,0.0,2,"Moto/Ciclomotor,Automóvil",Alberdi Y Belgrano,3,2,0,0,1,0,0,"-33.02998, -60.62466",S/D,,VILLA GOBERNADOR GÁLVEZ,Rosario,S/D,S/D,II,S/D,S/D,Otra Señal,S/D,Intersección,S/D,S/D,S/D,S/D,S/D,S/D,Colisión,S/D,S/D,Cordón divisorio,Sin restricción
2021,3643,2021-06-03,Jueves,10:20:00,,0.0,2,"Moto/Ciclomotor,Moto/Ciclomotor",Cristóbal Colon Y Mariano Moreno,2,1,0,0,0,0,1,"-33.742567711451,-61.972529122806",Calle,,VENADO TUERTO,General LÓPEZ,Asfalto,No existe,VIII,Dentro,Urbana,Otra Señal,No existe,Intersección,Bueno,Buena,Diurna,Buen Tiempo,Lateral,S/D,Colisión,Ninguna,Faltante,Cordón divisorio,Sin restricción
2021,3644,2021-05-23,Domingo,,Ruta Nacional 11,0.0,2,"Moto/Ciclomotor,Vehículo Oficial",Bv Domingo F Sarmiento Y Mendoza,2,1,0,0,1,0,0,"-32.45577, -60.88915",Ruta,11,MACIEL,San JERÓNIMO,Asfalto,S/D,XV,Dentro,Urbana,Otra Señal,S/D,Intersección,S/D,S/D,Diurna,S/D,S/D,S/D,Colisión,S/D,S/D,Cordón divisorio,Sin restricción
2021,3645,2021-06-03,Jueves,14:45:00,,0.0,2,"Moto/Ciclomotor,Pickup/Utilitario",Gral. José de San Martin Y Mariano López,3,2,0,0,1,0,0,"-33.741696273156,-61.968678975201",Calle,,VENADO TUERTO,General LÓPEZ,Asfalto,No existe,VIII,Dentro,Urbana,Otra Señal,No existe,Intersección,Bueno,Buena,Diurna,Buen Tiempo,Lateral,S/D,Colisión,Ninguna,Faltante,Cordón divisorio,Sin restricción
2021,3646,2021-05-09,Domingo,,Autovía Nacional 19,0.0,3,"Otros,Otros,Otros", ,3,3,0,0,0,0,0,"-31.66726, -60.79957",Autovía,19,SANTO TOMÉ,La Capital,S/D,S/D,I,S/D,S/D,Otra Señal,S/D,Intersección,S/D,S/D,S/D,S/D,S/D,S/D,Colisión,S/D,S/D,Cordón divisorio,Sin restricción
2021,3647,2021-06-03,Jueves,,,0.0,2,"Automóvil,Moto/Ciclomotor",Bv Pte. Roca Y Perú,2,1,0,0,1,0,0,"-31.250583081333,-61.505311125225",Avenida,,RAFAELA,Castellanos,Asfalto,No existe,V,Dentro,Urbana,Otra Señal,No existe,Intersección,Bueno,Buena,Diurna,Buen Tiempo,Lateral,S/D,Colisión,Ninguna,"Horizontal,Vertical",Cordón divisorio,Sin restricción
2021,3648,2021-05-10,Lunes,09:50:00,,0.0,2,"Moto/Ciclomotor,Pickup/Utilitario",Calle 6 Y Calle 13,2,1,0,0,1,0,0,"-31.66726, -60.79957",S/D,,AVELLANEDA,General Obligado,S/D,S/D,IX,S/D,S/D,Otra Señal,S/D,Intersección,S/D,S/D,S/D,S/D,S/D,S/D,Colisión,S/D,S/D,Cordón divisorio,Sin restricción
2021,3651,2021-05-10,Lunes,,,0.0,2,"Automóvil,Moto/Ciclomotor",Ovidio Lagos Y Bv. López,2,1,0,0,1,0,0,"-31.66726, -60.79957",S/D,,CAÑADA DE GÓMEZ,Iriondo,S/D,S/D,X,S/D,S/D,Otra Señal,S/D,Intersección,S/D,S/D,S/D,S/D,S/D,S/D,Colisión,S/D,S/D,Cordón divisorio,Sin restricción
2021,3652,2021-06-03,Jueves,08:20:00,Ruta Nacional 11,0.0,2,"Pickup/Utilitario,Moto/Ciclomotor",Calle 68-Armada Argentina Y Ruta Nacional 11,2,1,0,0,1,0,0,"-29.182701, -59.680630",Ruta,11,RECONQUISTA,General Obligado,Asfalto,No existe,IX,Dentro,Urbana,Otra Señal,No existe,Intersección,Bueno,Buena,Diurna,Buen Tiempo,Lateral,S/D,Colisión,Ninguna,"Horizontal,Vertical",Cordón divisorio,Sin restricción
2021,3653,2021-06-03,Jueves,10:15:00,,0.0,2,"Automóvil,Moto/Ciclomotor",COLECTORA OESTE ,2,1,0,0,1,0,0,"-29.157018, -59.658288",Calle,,RECONQUISTA,General Obligado,Tierra,No existe,IX,Dentro,Urbana,Otra Señal,No existe,Intersección,Bueno,Buena,Diurna,Buen Tiempo,S/D,S/D,Colisión,Ninguna,S/D,Cordón divisorio,Sin restricción
2021,3654,2021-05-24,Lunes,,,0.0,2,"Moto/Ciclomotor,Automóvil",Balcarce ,2,1,0,0,1,0,0,"-32.18941, -61.71063",Calle,,EL TRÉBOL,San MARTÍN,Asfalto,S/D,XVIII,Dentro,Urbana,Otra Señal,S/D,Intersección,S/D,S/D,S/D,S/D,S/D,S/D,Colisión,S/D,S/D,Cordón divisorio,Sin restricción
2021,3655,2021-05-11,Martes,19:00:00,,0.0,2,"Moto/Ciclomotor,Automóvil",Francisco Beltramino Y A Aguado,2,1,0,0,1,0,0,"-31.26337, -61.47971",S/D,,RAFAELA,Castellanos,S/D,S/D,V,S/D,S/D,Otra Señal,S/D,Intersección,S/D,S/D,S/D,S/D,S/D,S/D,Colisión,S/D,S/D,Cordón divisorio,Sin restricción
2021,3656,2021-05-11,Martes,,,0.0,2,"Moto/Ciclomotor,Moto/Ciclomotor",Juan B Justo Y R Casabella,2,2,0,0,0,0,0,"-31.25684, -61.50934",S/D,,RAFAELA,Castellanos,S/D,S/D,V,S/D,S/D,Otra Señal,S/D,Intersección,S/D,S/D,S/D,S/D,S/D,S/D,Colisión,S/D,S/D,Cordón divisorio,Sin restricción
2021,3657,2021-06-03,Jueves,10:50:00,,0.0,2,"Moto/Ciclomotor,Automóvil",Brigadier Estanislao López Y Bv Sarmiento,2,1,0,0,1,0,0,"-28.484026869284,-59.357960435122",Avenida,,VILLA OCAMPO,General Obligado,Asfalto,No existe,IX,Dentro,Urbana,Otra Señal,S/D,Intersección,Bueno,Buena,Diurna,Buen Tiempo,S/D,S/D,Colisión,S/D,S/D,Cordón divisorio,Sin restricción
2021,3658,2021-05-11,Martes,,,0.0,2,"Automóvil,Moto/Ciclomotor",Rio de Janeiro ,2,1,0,0,1,0,0,"-31.27281, -61.46803",S/D,,RAFAELA,Castellanos,S/D,S/D,V,S/D,S/D,Otra Señal,S/D,Intersección,S/D,S/D,S/D,S/D,S/D,S/D,Colisión,S/D,S/D,Cordón divisorio,Sin restricción
2021,3659,2021-05-25,Martes,,,0.0,2,"Moto/Ciclomotor,Pickup/Utilitario",Av. Corrientes Y Benito Juárez,2,1,0,0,1,0,0,"-32.95883, -60.693",Calle,,ROSARIO,Rosario,Asfalto,S/D,II,Dentro,Urbana,Otra Señal,S/D,Intersección,S/D,S/D,S/D,S/D,Lateral,S/D,Colisión,S/D,S/D,Cordón divisorio,Sin restricción
2021,3660,2021-05-12,Miercoles,19:30:00,,0.0,2,"Automóvil,Bicicleta",Roca Pte. Y Calle 43-Fuerza Aérea,2,1,0,0,1,0,0,"-29.15007, -59.64438",S/D,,RECONQUISTA,General Obligado,S/D,S/D,IX,S/D,S/D,Otra Señal,S/D,Intersección,S/D,S/D,S/D,S/D,S/D,Ciclista,Colisión,S/D,S/D,Cordón divisorio,Sin restricción
2021,3661,2021-05-13,Jueves,07:40:00,,0.0,2,"Bicicleta,Automóvil",Calle 30-Lucas Funes Y Calle 27-Gdor Freyre,2,1,0,0,1,0,0,"-29.14989, -59.65431",S/D,,RECONQUISTA,General Obligado,S/D,S/D,IX,S/D,S/D,Otra Señal,S/D,Intersección,S/D,S/D,S/D,S/D,S/D,Ciclista,Colisión,S/D,S/D,Cordón divisorio,Sin restricción
2021,3662,2021-06-03,Jueves,16:30:00,,0.0,1,Moto/Ciclomotor,Calle 24 - Olessio 2100,2,2,0,0,0,0,0,"-29.158410988305,-59.652005349173",Calle,,RECONQUISTA,General Obligado,Asfalto,No existe,IX,Dentro,Urbana,Otra Señal,No existe,Intersección,Bueno,Buena,Diurna,Buen Tiempo,S/D,S/D,Colisión,Ninguna,Faltante,Cordón divisorio,Sin restricción
2021,3666,2021-06-30,Miercoles,,,0.0,2,"Tractor,Peatón", ,2,1,0,0,1,0,0,"-30.9449335410826,-61.5607105847565",Camino Rural,,SUNCHALES,Castellanos,Tierra,S/D,V,Dentro,Rural,Otra Señal,S/D,Intersección,S/D,S/D,S/D,S/D,S/D,Peatón,Colisión,S/D,S/D,Cordón divisorio,Sin restricción
2021,3667,2021-06-30,Miercoles,,,0.0,2,"Automóvil,Moto/Ciclomotor",Avenida Belgrano Y Dentesano,3,1,0,0,2,0,0,"-30.942258211838,-61.561463793588",Avenida,,SUNCHALES,Castellanos,Asfalto,S/D,V,Dentro,Urbana,Otra Señal,No existe,Intersección,Bueno,S/D,S/D,S/D,Lateral,S/D,Colisión,Ninguna,Faltante,Cordón divisorio,Sin restricción
2021,3668,2021-06-30,Miercoles,11:00:00,,0.0,2,"Moto/Ciclomotor,Moto/Ciclomotor",Calle 47-Islas Malvinas 2700,2,2,0,0,0,0,0,"-29.158905902759,-59.672159180898",Calle,,RECONQUISTA,General Obligado,S/D,S/D,IX,Dentro,Urbana,Otra Señal,S/D,Intersección,S/D,S/D,Diurna,S/D,S/D,S/D,Colisión,S/D,S/D,Cordón divisorio,Sin restricción
2021,3669,2021-06-04,Viernes,01:40:00,,0.0,1,Moto/Ciclomotor,Manuel Vicente Manzano 900,1,1,0,0,0,0,0,"-33.727093153426,-61.983102562261",Calle,,VENADO TUERTO,General LÓPEZ,Asfalto,No existe,VIII,Dentro,Urbana,Otra Señal,No existe,Intersección,Bueno,Buena,Nocturna,Buen Tiempo,Contra objeto fijo,S/D,Colisión,Ninguna,Faltante,Cordón divisorio,Sin restricción
2021,3670,2021-06-03,Jueves,23:30:00,,0.0,2,"Moto/Ciclomotor,Automóvil",Rosario Y San Luis,2,1,0,0,1,0,0,"-32.782392017249,-60.743128077818",Calle,,FRAY LUIS BELTRÁN,San Lorenzo,S/D,No existe,XVII,Dentro,Urbana,Otra Señal,S/D,Intersección,S/D,S/D,Nocturna,Buen Tiempo,S/D,S/D,Colisión,S/D,S/D,Cordón divisorio,Sin restricción
2021,3671,2021-06-04,Viernes,16:10:00,Ruta Nacional 8,0.0,2,"Automóvil,Automóvil",Bv 12 de octubre Y Guillermo Brown,3,1,0,0,2,0,0,"-33.745972629858,-61.98110945906",Ruta,8,VENADO TUERTO,General LÓPEZ,Asfalto,No existe,VIII,Dentro,Urbana,Otra Señal,Funciona,Intersección,Bueno,Buena,Diurna,Buen Tiempo,Lateral,S/D,Colisión,Ninguna,"Horizontal,Vertical",Cordón divisorio,Sin restricción
2021,3672,2021-03-25,Jueves,19:40:00,Ruta Nacional 9,378.0,2,"Moto/Ciclomotor,Camión c / Acoplado",Paraguay ,2,0,0,0,1,1,0,"-32.77587, -61.59393",Ruta,9,ARMSTRONG,Belgrano,Asfalto,Pavimento,III,Dentro,Rural,Otra Señal,No existe,Intersección,Bueno,Reducida,Atardecer,Buen Tiempo,Frontal,S/D,Colisión,Ninguna,Faltante,Cordón divisorio,Sin restricción
2021,3673,2021-06-04,Viernes,,Ruta Nacional 19,30.0,1,Camión, ,1,1,0,0,0,0,0,"-31.620144092302, -61.0790578708068",Ruta,19,SAN CARLOS NORTE,Las Colonias,Asfalto,Natural,XI,Dentro,Rural,Otra Señal,No existe,Intersección,Bueno,Buena,Nocturna,Buen Tiempo,S/D,S/D,Colisión,Ninguna,Horizontal,Cordón divisorio,Sin restricción
2021,3674,2021-06-30,Miercoles,11:00:00,,0.0,2,"Moto/Ciclomotor,Bicicleta",Roca Pte. 2450,4,3,0,0,1,0,0,"-29.163212508773,-59.646081178106",Calle,,RECONQUISTA,General Obligado,Asfalto,No existe,IX,Dentro,Urbana,Otra Señal,No existe,Intersección,Bueno,S/D,Diurna,S/D,S/D,Ciclista,Colisión,Ninguna,Faltante,Cordón divisorio,Sin restricción
2021,3676,2021-03-28,Domingo,03:30:00,Ruta Provincial 1,26.5,2,"Moto/Ciclomotor,Automóvil", ,4,3,0,0,0,1,0,"-31.4787, -60.41649",Ruta,1,LOS ZAPALLOS,Garay,Asfalto,Natural,VII,Dentro,Rural,Otra Señal,No existe,Intersección,Bueno,Buena,Nocturna,Buen Tiempo,S/D,S/D,Colisión,Ninguna,Faltante,Cordón divisorio,Sin restricción
2021,3677,2021-05-27,Jueves,,,0.0,2,"Moto/Ciclomotor,Pickup/Utilitario",1ro de Mayo Y Agustín Delgado,3,2,0,0,1,0,0,"-31.6202, -60.70274",Calle,,SANTA FE,La Capital,Asfalto,S/D,I,Dentro,Urbana,Otra Señal,S/D,Intersección,S/D,S/D,Diurna,S/D,S/D,S/D,Colisión,S/D,S/D,Cordón divisorio,Sin restricción
2021,3678,2021-06-04,Viernes,19:15:00,,0.0,2,"Moto/Ciclomotor,Moto/Ciclomotor",Calle 101 0,2,0,0,0,0,0,2,"-29.106922, -59.701508",Calle,,AVELLANEDA,General Obligado,S/D,No existe,IX,Dentro,Rural,Otra Señal,No existe,Intersección,Bueno,Buena,Atardecer,Buen Tiempo,S/D,S/D,Colisión,S/D,S/D,Cordón divisorio,Sin restricción
2021,3679,2021-05-27,Jueves,,,0.0,2,"Moto/Ciclomotor,Automóvil", ,2,1,0,0,1,0,0,"-31.44907, -60.93076",Calle,,ESPERANZA,Las Colonias,S/D,S/D,XI,Dentro,Urbana,Otra Señal,S/D,Intersección,S/D,S/D,S/D,S/D,De alcance,S/D,Colisión,S/D,S/D,Cordón divisorio,Sin restricción
2021,3680,2021-06-30,Miercoles,18:00:00,,0.0,2,"Taxi/Remis,Automóvil",Gutiérrez Y 9 de Julio,3,2,0,0,0,0,1,"-31.623101020452,-60.702380973777",Calle,,SANTA FE,La Capital,Asfalto,No existe,I,Dentro,Urbana,Otra Señal,No existe,Intersección,Bueno,S/D,Diurna,S/D,Lateral,S/D,Colisión,Ninguna,Faltante,Cordón divisorio,Sin restricción
2021,3681,2021-06-05,Sabado,20:00:00,,0.0,2,"Moto/Ciclomotor,Automóvil",Calle 12 San Martin Y Calle 85,2,1,0,0,1,0,0,"-29.176432562806,-59.646850702239",Calle,,RECONQUISTA,General Obligado,"Asfalto,Tierra",No existe,IX,Dentro,Urbana,Otra Señal,No existe,Intersección,"Con baches,Deteriorada",Buena,Nocturna,Buen Tiempo,Lateral,S/D,Colisión,Ninguna,Faltante,Cordón divisorio,Sin restricción
2021,3683,2021-07-03,Sabado,11:40:00,Ruta Nacional 11,319.0,2,"Bicicleta,Camión c / Acoplado",Av. San Lorenzo ,2,0,0,0,1,1,0,"-32.83171, -60.71157",Ruta,11,CAPITÁN BERMÚDEZ,San Lorenzo,Asfalto,Pavimento,XVII,S/D,Urbana,Otra Señal,No existe,Intersección,Bueno,Buena,Diurna,Buen Tiempo,S/D,Ciclista,Colisión,Ninguna,Faltante,Cordón divisorio,Sin restricción
2021,3684,2021-06-05,Sabado,,,0.0,1,Otros,CAMINO RURAL ,2,2,0,0,0,0,0,"-31.760530471801722,-61.07999324798",Camino Rural,,SAN CARLOS CENTRO,Las Colonias,Tierra,No existe,XI,Dentro,Urbana,Otra Señal,No existe,Intersección,Bueno,Buena,Nocturna,Buen Tiempo,S/D,S/D,Colisión,Ninguna,S/D,Cordón divisorio,Sin restricción
2021,3685,2021-06-05,Sabado,23:30:00,,0.0,1,Camión,Castelli Y Pringles,1,1,0,0,0,0,0,"-32.832169198575,-61.387611637411",Calle,,CAÑADA DE GÓMEZ,Iriondo,Tierra,No existe,X,Dentro,Urbana,Otra Señal,No existe,Intersección,Bueno,Buena,Nocturna,Buen Tiempo,Contra objeto fijo,S/D,Colisión,Ninguna,S/D,Cordón divisorio,Sin restricción
2021,3686,2021-06-29,Martes,,,0.0,1,Moto/Ciclomotor,Av. Gral. San Martin Y Belgrano,1,1,0,0,0,0,0,"-31.587353112572,-60.689733440613",Avenida,,VILLA GOBERNADOR GÁLVEZ,Rosario,S/D,S/D,II,Dentro,Urbana,Otra Señal,S/D,Intersección,S/D,S/D,S/D,S/D,S/D,S/D,Colisión,S/D,S/D,Cordón divisorio,Sin restricción
2021,3687,2021-05-29,Sabado,,,0.0,2,"Moto/Ciclomotor,Automóvil",Hipólito Yrigoyen Y Simón de Iriondo,2,1,0,0,1,0,0,"-33.01812, -61.04499",Calle,,PUJATO,San Lorenzo,S/D,S/D,XVII,Dentro,Urbana,Otra Señal,S/D,Intersección,S/D,S/D,S/D,S/D,S/D,S/D,Colisión,S/D,S/D,Cordón divisorio,Sin restricción
2021,3688,2021-07-03,Sabado,05:30:00,,0.0,2,"Automóvil,Moto/Ciclomotor",MORROW  3700,2,0,0,0,1,1,0,"-32.88269, -60.73519",Calle,,ROSARIO,Rosario,Asfalto,Pavimento,II,S/D,Urbana,Otra Señal,No existe,Intersección,Bueno,Buena,Nocturna,Buen Tiempo,Lateral,S/D,Colisión,Ninguna,Vertical,Cordón divisorio,Sin restricción
2021,3689,2021-06-06,Domingo,10:12:00,,0.0,1,Moto/Ciclomotor,Pavón 1600,1,1,0,0,0,0,0,"-33.763394795945,-61.943776091021",Calle,,VENADO TUERTO,General LÓPEZ,Tierra,No existe,VIII,Dentro,Urbana,Otra Señal,No existe,Intersección,Deteriorada,Buena,Diurna,Buen Tiempo,Atropello animal,S/D,Colisión,Ninguna,Faltante,Cordón divisorio,Sin restricción
2021,3690,2021-06-29,Martes,18:45:00,Ruta Nacional 11,870.0,2,"Moto/Ciclomotor,Moto/Ciclomotor", ,3,3,0,0,0,0,0,"-28.522348, -59.346425",Ruta,11,VILLA OCAMPO,General Obligado,Asfalto,Natural,IX,Dentro,Rural,Otra Señal,No existe,Intersección,Bueno,S/D,Diurna,S/D,De alcance,S/D,Colisión,Ninguna,Horizontal,Cordón divisorio,Sin restricción
2021,3691,2021-06-06,Domingo,14:15:00,,0.0,2,"Automóvil,Moto/Ciclomotor",Hipólito Irigoyen Y Miguel de Azcuénaga,2,1,0,0,1,0,0,"-33.747193150848,-61.971874362889",Calle,,VENADO TUERTO,General LÓPEZ,Asfalto,No existe,VIII,Dentro,Urbana,Otra Señal,No existe,Intersección,Bueno,Buena,Diurna,Buen Tiempo,Lateral,S/D,Colisión,Ninguna,Faltante,Cordón divisorio,Sin restricción
2021,3693,2021-07-03,Sabado,17:00:00,,0.0,2,"Moto/Ciclomotor,Moto/Ciclomotor",Bv. 27 De Febrero Y Santiago,3,2,0,0,0,1,0,"-32.96451, -60.66158",Avenida,,ROSARIO,Rosario,Asfalto,No existe,II,S/D,Urbana,Otra Señal,No existe,Intersección,Bueno,Buena,Diurna,Buen Tiempo,Lateral,S/D,Colisión,Ninguna,Horizontal,Cordón divisorio,Sin restricción
2021,3694,2021-06-29,Martes,,,0.0,2,"Pickup/Utilitario,Automóvil",Mariano Comas Y San Jerónimo,5,5,0,0,0,0,0,"-31.632625120682,-60.703901870959",Calle,,SANTA FE,La Capital,Asfalto,No existe,I,Dentro,Urbana,Otra Señal,No existe,Intersección,Bueno,S/D,Diurna,S/D,Lateral,S/D,Colisión,Ninguna,Horizontal,Cordón divisorio,Sin restricción
2021,3696,2021-06-07,Lunes,,,0.0,1,Automóvil,Av. Gral. Bartolomé Mitre Y Francia,2,1,0,0,1,0,0,"-31.251117131166,-61.472837564823",Avenida,,RAFAELA,Castellanos,Asfalto,No existe,V,Dentro,Urbana,Otra Señal,No existe,Intersección,Bueno,Buena,Diurna,Buen Tiempo,S/D,S/D,Colisión,Ninguna,Vertical,Cordón divisorio,Sin restricción
2021,3697,2021-05-31,Lunes,,,0.0,2,"Moto/Ciclomotor,Automóvil",Dante Alighieri Y Doctor Estanislao Zeballos Sev,3,2,0,0,1,0,0,"-33.04867, -61.16709",Calle,,CASILDA,Caseros,Asfalto,S/D,IV,Dentro,Urbana,Otra Señal,S/D,Intersección,S/D,S/D,S/D,S/D,Lateral,S/D,Colisión,S/D,S/D,Cordón divisorio,Sin restricción
2021,3698,2021-06-07,Lunes,09:40:00,Ruta Secundaria 48-s,0.0,1,Tractor,EVA PERÓN Y SAN MARTIN,1,1,0,0,0,0,0,"-31.64594113826754,-61.808781623840",Ruta,48-s,GARIBALDI,Castellanos,Tierra,Natural,V,Dentro,Urbana,Otra Señal,S/D,Intersección,S/D,Buena,S/D,S/D,S/D,S/D,Colisión,S/D,S/D,Cordón divisorio,Sin restricción
2021,3699,2021-06-29,Martes,07:50:00,Autovía Nacional 19,90.0,1,Camión, ,1,1,0,0,0,0,0,"-31.488946, -61.705397",Autovía,19,CLUCELLAS,Castellanos,Asfalto,Natural,V,Dentro,Rural,Otra Señal,No existe,Intersección,Bueno,S/D,Diurna,Buen Tiempo,S/D,S/D,Colisión,Ninguna,Horizontal,Cordón divisorio,Sin restricción
2021,3700,2021-06-08,Martes,,,0.0,2,"Moto/Ciclomotor,Peatón",Av. Brasil Y Güemes,2,1,0,0,1,0,0,"-31.244090789794,-61.485108455718",Avenida,,RAFAELA,Castellanos,Asfalto,No existe,V,Dentro,Urbana,Otra Señal,No existe,Intersección,Bueno,Buena,Diurna,Buen Tiempo,S/D,Peatón,Colisión,Ninguna,Horizontal,Cordón divisorio,Sin restricción