anio_acci,nro_acci,fecha,desc_dia,hora_aprox,desc_ruta,km,cant_participantes,desc_participante,calle_avenida_km,total,heridos_leves,heridos_graves,heridos_gravisimos,ilesos,fallecidos,sin_datos,posicion_XY,desc_tipo_via,desc_ruta_ori,desc_loc,desc_dpto,desc_tipo_calzada,desc_tipo_banquina,desc_unidad_regional,desc_lugar_calzada,desc_zona,desc_prioridad,desc_estado_semaforo,desc_lugar_via,desc_estado_via,desc_estado_visibilidad,desc_luminosidad,desc_estado_clima,desc_tipo_colision,desc_tipo_atropello,desc_tipo_hecho,desc_pres_calzada,desc_senializacion,desc_separacion_via,desc_restriccion
2021,3701,2021-06-29,Martes,14:35:00,,0.0,1,Moto/Ciclomotor,Coronel Dorrego Y López,1,1,0,0,0,0,0,"-33.726460215794,-61.992462181842",Calle,,VENADO TUERTO,General LÓPEZ,Tierra,No existe,VIII,Dentro,Urbana,Otra Señal,No existe,Intersección,Deteriorada,S/D,Diurna,S/D,Contra objeto fijo,S/D,Colisión,Ninguna,Faltante,Cordón divisorio,Sin restricción
2021,3702,2021-06-09,Miercoles,13:00:00,Ruta Secundaria 4-s,0.0,2,"Camión Chasis,Pickup/Utilitario",Fortín El Hinojo Y Leandro N Alem,3,3,0,0,0,0,0,"-33.772295188246,-61.947814109073",Ruta,4-s,VENADO TUERTO,General LÓPEZ,Asfalto,Ripio,VIII,Dentro,Urbana,Otra Señal,No existe,Intersección,Bueno,Buena,Diurna,Buen Tiempo,Lateral,S/D,Colisión,Ninguna,Horizontal,Cordón divisorio,Sin restricción
2021,3703,2021-06-29,Martes,17:30:00,,0.0,2,"Automóvil,Bicicleta",Almafuerte Y Bartolomé Mitre,2,1,0,0,1,0,0,"-33.746526006804,-61.95914859404",Calle,,VENADO TUERTO,General LÓPEZ,Asfalto,No existe,VIII,Dentro,Urbana,Otra Señal,No existe,Intersección,Bueno,S/D,Diurna,S/D,S/D,Ciclista,Colisión,Ninguna,Horizontal,Cordón divisorio,Sin restricción
2021,3704,2021-06-09,Miercoles,10:00:00,Ruta Provincial 39,27.0,2,"Automóvil,Moto/Ciclomotor", ,2,1,0,0,1,0,0,"-31.432417529775538, -62.0063229593",Ruta,39,SAN JAVIER,San Javier,Asfalto,No existe,XIV,Dentro,Rural,Otra Señal,No existe,Intersección,Bueno,Buena,Diurna,Buen Tiempo,S/D,S/D,Colisión,Ninguna,Horizontal,Cordón divisorio,Sin restricción
2021,3705,2021-06-29,Martes,17:30:00,,0.0,2,"Automóvil,Automóvil",Juan Carlos Alberdi Y Leandro N Alem,2,2,0,0,0,0,0,"-33.753823541798,-61.962206564107",Avenida,,VENADO TUERTO,General LÓPEZ,Asfalto,No existe,VIII,Dentro,Urbana,Otra Señal,No existe,Intersección,Bueno,S/D,Diurna,S/D,Lateral,S/D,Colisión,Ninguna,Horizontal,Cordón divisorio,Sin restricción
2021,3706,2021-06-09,Miercoles,09:00:00,Ruta Nacional 19,93.0,1,Pickup/Utilitario, ,1,1,0,0,0,0,0,"-31.487050930679764, -61.7137675547",Ruta,19,CLUCELLAS,Castellanos,Asfalto,Ripio,V,Dentro,Rural,Otra Señal,No existe,Intersección,Bueno,Buena,Diurna,Buen Tiempo,S/D,S/D,Colisión,Ninguna,Horizontal,Cordón divisorio,Sin restricción
2021,3707,2021-06-29,Martes,18:15:00,,0.0,2,"Automóvil,Moto/Ciclomotor",España Y Maipú,2,1,0,0,1,0,0,"-33.744415, -61.962135",Calle,,VENADO TUERTO,General LÓPEZ,Asfalto,No existe,VIII,Dentro,Urbana,Otra Señal,No existe,Intersección,Bueno,S/D,Diurna,Otro,Lateral,S/D,Colisión,Ninguna,Faltante,Cordón divisorio,Sin restricción
2021,3708,2021-05-13,Jueves,20:35:00,Ruta Nacional 8,0.0,1,Moto/Ciclomotor, ,1,1,0,0,0,0,0,"-33.80386, -61.92638",Ruta,8,SAN EDUARDO,General LÓPEZ,S/D,S/D,VIII,S/D,S/D,Otra Señal,S/D,Intersección,S/D,S/D,S/D,S/D,S/D,S/D,Colisión,S/D,S/D,Cordón divisorio,Sin restricción
2021,3709,2021-05-13,Jueves,12:25:00,,0.0,2,"Pickup/Utilitario,Moto/Ciclomotor",Juan José Castelli Y Agüero,2,1,0,0,1,0,0,"-33.73713, -61.97079",S/D,,VENADO TUERTO,General LÓPEZ,S/D,S/D,VIII,S/D,S/D,Otra Señal,S/D,Intersección,S/D,S/D,S/D,S/D,S/D,S/D,Colisión,S/D,S/D,Cordón divisorio,Sin restricción
2021,3711,2021-06-09,Miercoles,17:10:00,,0.0,2,"Pickup/Utilitario,Moto/Ciclomotor",Calle 11-Alvear Y Calle 20 9 de Julio,2,1,0,0,1,0,0,"-29.141937281741,-59.647056058563",Calle,,RECONQUISTA,General Obligado,Asfalto,No existe,IX,Dentro,Urbana,Otra Señal,No existe,Intersección,Bueno,Buena,Diurna,Buen Tiempo,Lateral,S/D,Colisión,Ninguna,Faltante,Cordón divisorio,Sin restricción
2021,3712,2021-07-10,Sabado,01:20:00,Ruta Nacional 11,642.5,2,"Automóvil,Bicicleta", ,2,0,0,0,1,1,0,"-30.16439, -60.34513",Ruta,11,VERA Y PINTADO,San Justo,Asfalto,Natural,XVI,Dentro,Rural,Otra Señal,No existe,Intersección,Bueno,S/D,Nocturna,Buen Tiempo,S/D,Ciclista,Colisión,Ninguna,Horizontal,Cordón divisorio,Sin restricción
2021,3713,2021-06-09,Miercoles,17:50:00,Ruta Nacional 11,0.0,1,Moto/Ciclomotor,Calle 309 Y Ruta Nacional 11,2,2,0,0,0,0,0,"-29.108055520308,-59.650782848099",Ruta,11,AVELLANEDA,General Obligado,Asfalto,No existe,IX,Dentro,Urbana,Otra Señal,No existe,Intersección,Bueno,Buena,Diurna,Buen Tiempo,S/D,S/D,Colisión,Ninguna,Horizontal,Cordón divisorio,Sin restricción
2021,3714,2021-05-13,Jueves,23:00:00,Ruta Nacional 11,0.0,2,"Camión c / Semirremolque,Camión c / Acoplado", ,2,1,0,0,1,0,0,"-29.18469, -59.68232",Ruta,11,RECONQUISTA,General Obligado,S/D,S/D,IX,S/D,S/D,Otra Señal,S/D,Intersección,S/D,S/D,S/D,S/D,S/D,S/D,Colisión,S/D,S/D,Cordón divisorio,Sin restricción
2021,3715,2021-07-15,Jueves,12:00:00,,0.0,3,"Peatón,Automóvil,Pickup/Utilitario",Belgrano Y Junín,3,0,0,0,2,1,0,"-31.63993, -60.69965",Calle,,SANTA FE,La Capital,Asfalto,Pavimento,I,Dentro,Urbana,Otra Señal,No existe,Intersección,Bueno,Buena,Diurna,Buen Tiempo,S/D,Peatón,Colisión,Ninguna,Faltante,Cordón divisorio,Sin restricción
2021,3716,2021-06-09,Miercoles,11:30:00,,0.0,2,"Automóvil,Moto/Ciclomotor",25 de Mayo Y Bv Sarmiento,2,1,0,0,1,0,0,"-28.490649317211,-59.357910156855",Avenida,,VILLA OCAMPO,General Obligado,Asfalto,No existe,IX,Dentro,Urbana,Otra Señal,S/D,Intersección,Bueno,Buena,Diurna,Buen Tiempo,Lateral,S/D,Colisión,Ninguna,S/D,Cordón divisorio,Sin restricción
2021,3717,2021-07-18,Domingo,16:30:00,,0.0,2,"Moto/Ciclomotor,Automóvil",Maipú Y Av. San Martin,2,0,0,0,1,1,0,"-31.30786, -60.66065",Avenida,,LAGUNA PAIVA,La Capital,Asfalto,No existe,I,Dentro,Urbana,Otra Señal,No existe,Intersección,Bueno,S/D,Diurna,Buen Tiempo,Lateral,S/D,Colisión,Ninguna,Horizontal,Cordón divisorio,Sin restricción
2021,3718,2021-05-13,Jueves,12:05:00,,0.0,2,"Automóvil,Moto/Ciclomotor",Calle 12 San Martin 861,2,1,0,0,1,0,0,"-29.14635, -59.64252",S/D,,RECONQUISTA,General Obligado,S/D,S/D,IX,S/D,S/D,Otra Señal,S/D,Intersección,S/D,S/D,S/D,S/D,S/D,S/D,Colisión,S/D,S/D,Cordón divisorio,Sin restricción
2021,3719,2021-06-10,Jueves,08:00:00,Ruta Nacional 11,0.0,2,"Moto/Ciclomotor,Automóvil",Calle 323 Y Ruta Nacional 11,2,1,0,0,1,0,0,"-29.104966521263123,-59.65031147003",Ruta,11,AVELLANEDA,General Obligado,Asfalto,No existe,IX,Dentro,Urbana,Otra Señal,No existe,Intersección,Bueno,Buena,Diurna,Buen Tiempo,Lateral,S/D,Colisión,Ninguna,Horizontal,Cordón divisorio,Sin restricción
2021,3720,2021-07-20,Martes,19:20:00,Ruta Secundaria 28-s,67.0,2,"Peatón,Pickup/Utilitario",Ruta 178 ,3,2,0,0,0,1,0,"-32.60879, -61.54703",Ruta,28-s,LAS PAREJAS,Belgrano,Asfalto,Natural,III,Dentro,Urbana,Otra Señal,No existe,Intersección,Bueno,Buena,"Nocturna,Con luz artificial",Buen Tiempo,S/D,Peatón,Colisión,Ninguna,Vertical,Cordón divisorio,Sin restricción
2021,3722,2021-05-14,Viernes,,,0.0,2,"Automóvil,Moto/Ciclomotor",Alfonsina Storni Y Remedios de Escalada,5,4,0,0,1,0,0,"-31.26285, -61.48906",S/D,,RAFAELA,Castellanos,S/D,S/D,V,S/D,S/D,Otra Señal,S/D,Intersección,S/D,S/D,S/D,S/D,S/D,S/D,Colisión,S/D,S/D,Cordón divisorio,Sin restricción
2021,3724,2021-05-14,Viernes,,,0.0,2,"Moto/Ciclomotor,Pickup/Utilitario",Aconcagua Y Gabriel Maggi,2,1,0,0,1,0,0,"-31.23868, -61.46027",S/D,,RAFAELA,Castellanos,S/D,S/D,V,S/D,S/D,Otra Señal,S/D,Intersección,S/D,S/D,S/D,S/D,S/D,S/D,Colisión,S/D,S/D,Cordón divisorio,Sin restricción
2021,3725,2021-05-14,Viernes,07:50:00,,0.0,2,"Automóvil,Moto/Ciclomotor",Calle 24 - Olessio Y Calle 135,3,1,0,0,2,0,0,"-29.19697, -59.65738",S/D,,RECONQUISTA,General Obligado,S/D,S/D,IX,S/D,S/D,Otra Señal,S/D,Intersección,S/D,S/D,S/D,S/D,S/D,S/D,Colisión,S/D,S/D,Cordón divisorio,Sin restricción
2021,3726,2021-07-22,Jueves,11:50:00,,0.0,2,"Moto/Ciclomotor,Camión c / Acoplado",Mitre Y Belgrano,2,0,0,0,1,1,0,"-30.62334, -60.91143",Calle,,SOLEDAD,San CRISTÓBAL,Ripio,No existe,XIII,S/D,Urbana,Otra Señal,No existe,Intersección,Bueno,Buena,Diurna,Buen Tiempo,Lateral,S/D,Colisión,Ninguna,S/D,Cordón divisorio,Sin restricción
2021,3727,2021-06-11,Viernes,11:00:00,Ruta Nacional 9,0.0,1,Automóvil,Av. Santa Fe Y Moreno,1,1,0,0,0,0,0,"-32.810346946447,-61.394436249877",Ruta,9,CAÑADA DE GÓMEZ,Iriondo,Asfalto,No existe,X,Dentro,Urbana,Otra Señal,No existe,Intersección,Bueno,Buena,Diurna,Buen Tiempo,Contra objeto fijo,S/D,Colisión,Ninguna,Horizontal,Cordón divisorio,Sin restricción
2021,3728,2021-05-14,Viernes,11:15:00,,0.0,2,"Moto/Ciclomotor,Automóvil",Belgrano Manuel Y L Novoro,2,1,0,0,1,0,0,"-31.72981, -61.09229",S/D,,SAN CARLOS CENTRO,Las Colonias,S/D,S/D,XI,S/D,S/D,Otra Señal,S/D,Intersección,S/D,S/D,S/D,S/D,S/D,S/D,Colisión,S/D,S/D,Cordón divisorio,Sin restricción
2021,3729,2021-05-15,Sabado,,Ruta Nacional 11,0.0,2,"Moto/Ciclomotor,Bicicleta",Calle 1 ,2,2,0,0,0,0,0,"-28.3641, -59.26378",Ruta,11,LAS TOSCAS,General Obligado,S/D,S/D,IX,S/D,S/D,Otra Señal,S/D,Intersección,S/D,S/D,S/D,S/D,S/D,Ciclista,Colisión,S/D,S/D,Cordón divisorio,Sin restricción
2021,3730,2021-05-15,Sabado,,,0.0,2,"Automóvil,Bicicleta", ,2,1,0,0,1,0,0,"-30.94595, -61.56058",S/D,,SUNCHALES,Castellanos,S/D,S/D,V,S/D,S/D,Otra Señal,S/D,Intersección,S/D,S/D,S/D,S/D,S/D,Ciclista,Colisión,S/D,S/D,Cordón divisorio,Sin restricción
2021,3732,2021-06-12,Sabado,,,0.0,2,"Moto/Ciclomotor,Automóvil",A Álvarez Y Alvear,2,1,0,0,1,0,0,"-31.247357229883,-61.48805656",Calle,,RAFAELA,Castellanos,Asfalto,No existe,V,Dentro,Urbana,Otra Señal,No existe,Intersección,Bueno,Buena,Diurna,Buen Tiempo,S/D,S/D,Colisión,Ninguna,Faltante,Cordón divisorio,Sin restricción
2021,3733,2021-06-12,Sabado,,,0.0,1,Moto/Ciclomotor,Remedios de Escalada 800,1,1,0,0,0,0,0,"-31.263461954849,-61.48542753674",Calle,,RAFAELA,Castellanos,Asfalto,No existe,V,Dentro,Urbana,Otra Señal,No existe,Intersección,Bueno,Buena,Diurna,Buen Tiempo,Contra objeto fijo,S/D,Colisión,Ninguna,Faltante,Cordón divisorio,Sin restricción
2021,3734,2021-06-12,Sabado,16:40:00,,0.0,2,"Automóvil,Moto/Ciclomotor",Calle 10 Y Calle 15,2,1,0,0,1,0,0,"-29.119519895315,-59.660253258271",Calle,,AVELLANEDA,General Obligado,Asfalto,No existe,IX,Dentro,Urbana,Otra Señal,S/D,Intersección,Bueno,Buena,Diurna,Buen Tiempo,S/D,S/D,Colisión,Ninguna,S/D,Cordón divisorio,Sin restricción
2021,3735,2021-06-12,Sabado,11:30:00,Ruta Nacional 11,150.0,2,"Automóvil,Vehículo Oficial", ,5,3,0,0,0,0,2,"-31.667724, -60.752887",Ruta,11,SANTA FE,La Capital,Asfalto,No existe,I,Dentro,Urbana,Otra Señal,No existe,Intersección,Bueno,Buena,Diurna,Buen Tiempo,S/D,S/D,Colisión,Ninguna,Horizontal,Cordón divisorio,Sin restricción
2021,3736,2021-06-14,Lunes,,,0.0,2,"Automóvil,Moto/Ciclomotor",Av. Brasil Y Jorge Newbery,2,1,0,0,1,0,0,"-31.24698292822,-61.46845941035",Avenida,,RAFAELA,Castellanos,Asfalto,No existe,V,Dentro,Urbana,Otra Señal,No existe,Intersección,Bueno,Buena,Diurna,Buen Tiempo,S/D,S/D,Colisión,Ninguna,Faltante,Cordón divisorio,Sin restricción
2021,3737,2021-06-28,Lunes,16:20:00,,0.0,1,Moto/Ciclomotor,BUENOS AIRES Y MATHEU,1,1,0,0,0,0,0,"-33.749643, -61.942206",Calle,,VENADO TUERTO,General LÓPEZ,S/D,S/D,VIII,Dentro,Urbana,Otra Señal,S/D,Intersección,S/D,S/D,Diurna,S/D,Atropello animal,S/D,Colisión,S/D,S/D,Cordón divisorio,Sin restricción
2021,3738,2021-06-14,Lunes,16:30:00,,0.0,2,"Camión,Moto/Ciclomotor",Calle 31-Newbery Y Calle 50,3,2,0,0,1,0,0,"-29.15064617177,-59.667468601458",Calle,,RECONQUISTA,General Obligado,Tierra,No existe,IX,Dentro,Urbana,Otra Señal,No existe,Intersección,Deteriorada,Buena,Diurna,Buen Tiempo,Otro,S/D,Colisión,Ninguna,Faltante,Cordón divisorio,Sin restricción
2021,3739,2021-06-28,Lunes,17:00:00,,0.0,1,Bicicleta,Av. Dr. Luis Chapuis Y Fernando Azcoaga,1,1,0,0,0,0,0,"-33.727923482505,-61.982474416498",Avenida,,VENADO TUERTO,General LÓPEZ,Asfalto,S/D,VIII,Dentro,Urbana,Otra Señal,S/D,Intersección,S/D,S/D,Diurna,S/D,S/D,S/D,Colisión,S/D,S/D,Cordón divisorio,Sin restricción
2021,3740,2021-06-14,Lunes,10:30:00,,0.0,2,"Peatón,Pickup/Utilitario",Doctor Farran 1450,3,1,0,0,2,0,0,"-28.487762286772,-59.350526060105",Avenida,,VILLA OCAMPO,General Obligado,S/D,S/D,IX,Dentro,Urbana,Otra Señal,S/D,Intersección,S/D,S/D,S/D,S/D,S/D,Peatón,Colisión,S/D,S/D,Cordón divisorio,Sin restricción
2021,3741,2021-06-27,Domingo,14:00:00,Ruta Provincial 91,0.0,1,Automóvil, ,1,1,0,0,0,0,0,"-32.820531, -61.335826",Ruta,91,CAÑADA DE GÓMEZ,Iriondo,Asfalto,Natural,X,Fuera,Rural,Otra Señal,No existe,Intersección,Bueno,S/D,Diurna,S/D,S/D,S/D,Colisión,Ninguna,Horizontal,Cordón divisorio,Sin restricción
2021,3742,2021-06-14,Lunes,19:20:00,,0.0,2,"Automóvil,Bicicleta",Calle 26 - Bolívar Y Calle 33-Pueyrredon,2,1,0,0,1,0,0,"-29.153395633602,-59.65235628913",Calle,,RECONQUISTA,General Obligado,Asfalto,No existe,IX,Dentro,Urbana,Otra Señal,No existe,Intersección,Bueno,Buena,Diurna,Buen Tiempo,S/D,Ciclista,Colisión,Ninguna,Faltante,Cordón divisorio,Sin restricción
2021,3743,2021-06-27,Domingo,17:55:00,,0.0,2,"Automóvil,Moto/Ciclomotor",Castelli Y Libertad,2,1,0,0,1,0,0,"-32.830965678407,-61.394496834577",Calle,,CAÑADA DE GÓMEZ,Iriondo,S/D,S/D,X,Dentro,Urbana,Otra Señal,S/D,Intersección,S/D,S/D,Diurna,S/D,Lateral,S/D,Colisión,S/D,S/D,Cordón divisorio,Sin restricción
2021,3744,2021-06-14,Lunes,17:05:00,,0.0,2,"Moto/Ciclomotor,Automóvil",Calle 18 - Gral. Belgrano Y Calle 21-Gdor. Iriondo,3,2,0,0,1,0,0,"-29.147439545643,-59.646600466984",Calle,,RECONQUISTA,General Obligado,Asfalto,No existe,IX,Dentro,Urbana,Otra Señal,No existe,Intersección,Bueno,Buena,Diurna,Buen Tiempo,Lateral,S/D,Colisión,Ninguna,Horizontal,Cordón divisorio,Sin restricción
2021,3745,2021-06-26,Sabado,11:00:00,,0.0,2,"Vehículo Oficial,Moto/Ciclomotor",Av. Mitre Y Simón de Iriondo,2,1,0,0,1,0,0,"-31.492006747858,-60.73390518233",Avenida,,RECREO,La Capital,Asfalto,No existe,I,Dentro,Urbana,Otra Señal,No existe,Intersección,Bueno,S/D,Diurna,S/D,Lateral,S/D,Colisión,Ninguna,Faltante,Cordón divisorio,Sin restricción
2021,3746,2021-06-14,Lunes,08:15:00,,0.0,2,"Moto/Ciclomotor,Pickup/Utilitario",Calle 47-Islas Malvinas Y Calle 54,3,2,0,0,1,0,0,"-29.15902257775,-59.670884923984",Calle,,RECONQUISTA,General Obligado,S/D,No existe,IX,Dentro,Urbana,Otra Señal,S/D,Intersección,S/D,S/D,S/D,S/D,S/D,S/D,Colisión,S/D,S/D,Cordón divisorio,Sin restricción
2021,3747,2021-06-26,Sabado,10:15:00,,0.0,2,"Pickup/Utilitario,Moto/Ciclomotor",Calle 111 ,2,1,0,0,1,0,0,"-29.185559, -59.652909",Calle,,RECONQUISTA,General Obligado,S/D,S/D,IX,Dentro,Urbana,Otra Señal,S/D,Intersección,S/D,S/D,S/D,S/D,Lateral,S/D,Colisión,S/D,S/D,Cordón divisorio,Sin restricción
2021,3748,2021-06-14,Lunes,08:40:00,,0.0,2,"Automóvil,Bicicleta",Calle 16 Gral. Obligado Y Calle 33-Pueyrredon,2,1,0,0,1,0,0,"-29.154069821881,-59.646243737514",Calle,,RECONQUISTA,General Obligado,Asfalto,No existe,IX,Dentro,Urbana,Otra Señal,No existe,Intersección,Bueno,Buena,Diurna,Buen Tiempo,S/D,Ciclista,Colisión,Ninguna,Faltante,Cordón divisorio,Sin restricción
2021,3749,2021-06-14,Lunes,,,0.0,2,"Bicicleta,Moto/Ciclomotor",Boulevard Centenario 1300,2,1,0,0,0,0,1,"-32.813428550724,-61.399449100378",Avenida,,CAÑADA DE GÓMEZ,Iriondo,Asfalto,No existe,X,Dentro,Urbana,Otra Señal,No existe,Intersección,Bueno,Buena,Diurna,Buen Tiempo,S/D,S/D,Colisión,Ninguna,Faltante,Cordón divisorio,Sin restricción
2021,3750,2021-06-14,Lunes,,Ruta Provincial 21,0.0,2,"Peatón,Moto/Ciclomotor",Av. Gral. San Martin Y Moreno,2,2,0,0,0,0,0,"-33.024576340064,-60.625861241204",Ruta,21,VILLA GOBERNADOR GÁLVEZ,Rosario,Asfalto,No existe,II,Dentro,Urbana,Otra Señal,No existe,Intersección,Bueno,Buena,Diurna,Buen Tiempo,S/D,Peatón,Colisión,Ninguna,Horizontal,Cordón divisorio,Sin restricción
2021,3751,2021-06-15,Martes,21:40:00,Ruta Nacional 33,0.0,2,"Automóvil,Camión",Ruta Nac 33 Y Santa Fe,5,4,0,0,1,0,0,"-33.713789828854,-61.980806598404",Ruta,33,VENADO TUERTO,General LÓPEZ,Asfalto,Ripio,VIII,Dentro,Urbana,Otra Señal,No existe,Intersección,Bueno,Buena,Diurna,Buen Tiempo,S/D,S/D,Colisión,Ninguna,Horizontal,Cordón divisorio,Sin restricción
2021,3752,2021-06-26,Sabado,18:15:00,,0.0,2,"Pickup/Utilitario,Moto/Ciclomotor",Calle 37-Bvard. Lovato Y Calle 18-Belgrano,4,3,0,0,1,0,0,"-29.155869149248,-59.647738188189",Avenida,,RECONQUISTA,General Obligado,Asfalto,No existe,IX,Dentro,Urbana,Otra Señal,No existe,Intersección,Bueno,S/D,Diurna,S/D,Lateral,S/D,Colisión,Ninguna,Horizontal,Cordón divisorio,Sin restricción
2021,3753,2021-06-15,Martes,16:15:00,,0.0,2,"Automóvil,Moto/Ciclomotor",Calle 16 Gral. Obligado Y Calle 63-Gral Urquiza,3,2,0,0,1,0,0,"-29.167897662417,-59.648545179964",Calle,,RECONQUISTA,General Obligado,Tierra,No existe,IX,Dentro,Urbana,Otra Señal,S/D,Intersección,Bueno,Buena,Diurna,S/D,S/D,S/D,Colisión,Ninguna,S/D,Cordón divisorio,Sin restricción
2021,3754,2021-06-15,Martes,09:40:00,,0.0,2,"Moto/Ciclomotor,Pickup/Utilitario",Calle 17 Y Calle 8,2,1,0,0,1,0,0,"-28.355442739729,-59.260042442424",Calle,,LAS TOSCAS,General Obligado,Asfalto,No existe,IX,Dentro,Urbana,Otra Señal,No existe,Intersección,Bueno,Buena,Diurna,Buen Tiempo,Lateral,S/D,Colisión,Ninguna,Faltante,Cordón divisorio,Sin restricción
2021,3755,2021-06-26,Sabado,17:45:00,,0.0,2,"Moto/Ciclomotor,Pickup/Utilitario",Calle 11 ,4,3,0,0,1,0,0,"-29.116953313350677,-59.66360986232",Calle,,AVELLANEDA,General Obligado,S/D,S/D,IX,Dentro,Urbana,Otra Señal,S/D,Intersección,S/D,S/D,S/D,S/D,Lateral,S/D,Colisión,S/D,S/D,Cordón divisorio,Sin restricción
2021,3756,2021-06-26,Sabado,17:55:00,,0.0,2,"Automóvil,Moto/Ciclomotor",Calle 47-Islas Malvinas Y Calle 30-Lucas Funes,3,1,0,0,2,0,0,"-29.159874183189,-59.65612727318",Calle,,RECONQUISTA,General Obligado,Asfalto,No existe,IX,Dentro,Urbana,Otra Señal,No existe,Intersección,Bueno,S/D,Diurna,S/D,Lateral,S/D,Colisión,Ninguna,Faltante,Cordón divisorio,Sin restricción
2021,3757,2021-06-15,Martes,,,0.0,2,"Moto/Ciclomotor,Camión c / Acoplado",Av. Milano Y Hipólito Vieytes,2,1,0,0,1,0,0,"-29.876990044818,-61.947404507607",Avenida,,CERES,San CRISTÓBAL,Asfalto,No existe,XIII,Dentro,Urbana,Otra Señal,No existe,Intersección,Bueno,Buena,Diurna,Buen Tiempo,S/D,S/D,Colisión,Ninguna,Faltante,Cordón divisorio,Sin restricción
2021,3758,2021-07-26,Lunes,15:30:00,,0.0,2,"Bicicleta,Moto/Ciclomotor",Mitre B Y España,2,0,0,0,1,1,0,"-29.45765, -60.21393",Calle,,VERA,Vera,Asfalto,Pavimento,XIX,Dentro,Urbana,Otra Señal,No existe,Intersección,Bueno,Buena,Diurna,Buen Tiempo,S/D,Ciclista,Colisión,Ninguna,Vertical,Cordón divisorio,Sin restricción
2021,3759,2021-06-16,Miercoles,08:35:00,,0.0,2,"Pickup/Utilitario,Moto/Ciclomotor",Las Heras Y Liniers Santiago,2,1,0,0,1,0,0,"-33.744604394182,-61.95356978109",Calle,,VENADO TUERTO,General LÓPEZ,Asfalto,No existe,VIII,Dentro,Urbana,Otra Señal,No existe,Intersección,Bueno,Buena,Diurna,Buen Tiempo,S/D,S/D,Colisión,Ninguna,Faltante,Cordón divisorio,Sin restricción
2021,3760,2021-06-16,Miercoles,17:30:00,,0.0,1,Moto/Ciclomotor,Av. Dr. Luis Chapuis Y Nora Wade de Basualde,2,2,0,0,0,0,0,"-33.733496068419,-61.978125504038",Avenida,,VENADO TUERTO,General LÓPEZ,Asfalto,No existe,VIII,Dentro,Urbana,Otra Señal,No existe,Intersección,Bueno,Buena,Diurna,Buen Tiempo,S/D,S/D,Colisión,Ninguna,Faltante,Cordón divisorio,Sin restricción
2021,3761,2021-07-31,Sabado,01:40:00,Autopista Nacional Rosario -Cordoba,337.5,1,Moto/Ciclomotor,Ruta Nac 9 ,1,0,0,0,0,1,0,"-32.86908, -61.21391",Autopista,Rosario -Cordoba,CARCARAÑÁ,San Lorenzo,Asfalto,Pavimento,XVII,S/D,Rural,Otra Señal,No existe,Intersección,Bueno,Reducida,Nocturna,Buen Tiempo,S/D,S/D,Colisión,Ninguna,S/D,Cordón divisorio,Sin restricción
2021,3762,2021-06-25,Viernes,,,0.0,2,"Automóvil,Automóvil",Av. Leandro Alem Y Belgrano,2,1,0,0,0,0,1,"-31.646696222242,-60.701830918316",Avenida,,SANTA FE,La Capital,Asfalto,No existe,I,Dentro,Urbana,Otra Señal,No existe,Intersección,Bueno,S/D,Diurna,S/D,Lateral,S/D,Colisión,Ninguna,Faltante,Cordón divisorio,Sin restricción
2021,3763,2021-06-16,Miercoles,,Ruta Nacional 34,0.0,2,"Automóvil,Pickup/Utilitario",Avenida Palacios Y Ruta Nacional N 34,2,1,0,0,1,0,0,"-30.708571731354,-61.619682858043",Ruta,34,PALACIOS,San CRISTÓBAL,Asfalto,Ripio,XIII,Dentro,Urbana,Otra Señal,No existe,Intersección,Bueno,Buena,Diurna,Buen Tiempo,S/D,S/D,Colisión,Ninguna,"Horizontal,Vertical",Cordón divisorio,Sin restricción
2021,3764,2021-07-24,Sabado,02:30:00,,0.0,2,"Peatón,Tren",Rivadavia ,3,0,0,0,2,1,0,"-32.75052, -60.74101",Calle,,SAN LORENZO,San Lorenzo,Asfalto,No existe,XVII,S/D,Urbana,Otra Señal,No existe,Intersección,Bueno,S/D,Nocturna,S/D,S/D,Peatón,Colisión,S/D,S/D,Cordón divisorio,Sin restricción
2021,3765,2021-06-16,Miercoles,21:30:00,Ruta Nacional 11,0.0,2,"Automóvil,Moto/Ciclomotor",Av. San Martin Y Moreno,2,1,0,0,1,0,0,"-32.779201853808,-60.727464634458",Ruta,11,FRAY LUIS BELTRÁN,San Lorenzo,Asfalto,Pavimento,XVII,Dentro,Urbana,Otra Señal,No existe,Intersección,Bueno,Buena,Nocturna,Buen Tiempo,S/D,S/D,Colisión,Ninguna,Faltante,Cordón divisorio,Sin restricción
2021,3766,2021-06-25,Viernes,16:20:00,,0.0,2,"Moto/Ciclomotor,Automóvil",Bv Centenario B Y España,3,2,0,0,1,0,0,"-32.814634272113,-61.391983461171",Avenida,,CAÑADA DE GÓMEZ,Iriondo,Asfalto,No existe,X,Dentro,Urbana,Otra Señal,No existe,Intersección,Bueno,S/D,Diurna,S/D,Lateral,S/D,Colisión,Ninguna,Faltante,Cordón divisorio,Sin restricción
2021,3767,2021-06-25,Viernes,20:40:00,,0.0,2,"Pickup/Utilitario,Moto/Ciclomotor",Calle 20-9 de Julio Y Calle 30-Lucas Funes,2,1,0,0,1,0,0,"-29.140184560618,-59.653032772875",Calle,,RECONQUISTA,General Obligado,Asfalto,No existe,IX,Dentro,Urbana,Otra Señal,No existe,Intersección,Bueno,S/D,"Nocturna,Con luz artificial",S/D,Lateral,S/D,Colisión,Ninguna,Faltante,Cordón divisorio,Sin restricción