anio_acci,nro_acci,fecha,desc_dia,hora_aprox,desc_ruta,km,cant_participantes,desc_participante,calle_avenida_km,total,heridos_leves,heridos_graves,heridos_gravisimos,ilesos,fallecidos,sin_datos,posicion_XY,desc_tipo_via,desc_ruta_ori,desc_loc,desc_dpto,desc_tipo_calzada,desc_tipo_banquina,desc_unidad_regional,desc_lugar_calzada,desc_zona,desc_prioridad,desc_estado_semaforo,desc_lugar_via,desc_estado_via,desc_estado_visibilidad,desc_luminosidad,desc_estado_clima,desc_tipo_colision,desc_tipo_atropello,desc_tipo_hecho,desc_pres_calzada,desc_senializacion,desc_separacion_via,desc_restriccion
2021,3768,2021-06-17,Jueves,12:00:00,,0.0,2,"Moto/Ciclomotor,Automóvil",Calle 24 - Olessio Y Calle 7-Sarmiento,2,1,0,0,1,0,0,"-29.13951147869,-59.649207011466",Calle,,RECONQUISTA,General Obligado,Asfalto,No existe,IX,Dentro,Urbana,Otra Señal,No existe,Intersección,Bueno,Buena,Diurna,Buen Tiempo,Lateral,S/D,Colisión,Ninguna,Faltante,Cordón divisorio,Sin restricción
2021,3770,2021-06-17,Jueves,12:15:00,,0.0,2,"Moto/Ciclomotor,Automóvil",Calle 10-Ludueña Y Calle 21-Gdor. Iriondo,2,1,0,0,1,0,0,"-29.147967791395,-59.641675781229",Calle,,RECONQUISTA,General Obligado,Asfalto,No existe,IX,Dentro,Urbana,Otra Señal,No existe,Intersección,Bueno,Buena,Diurna,Buen Tiempo,Lateral,S/D,Colisión,Ninguna,Faltante,Cordón divisorio,Sin restricción
2021,3771,2021-07-20,Martes,16:55:00,Ruta Provincial 66,98.7,3,"Camión c / Acoplado,Camión c / Acoplado,Camión c / Acoplado", ,3,1,0,0,1,1,0,"-31.99488, -62.14867",Ruta,66,LANDETA,San MARTÍN,Asfalto,Natural,XVIII,S/D,Rural,Otra Señal,No existe,Intersección,Bueno,Buena,Diurna,Buen Tiempo,"Frontal,Múltiple",S/D,Colisión,Ninguna,S/D,Cordón divisorio,Sin restricción
2021,3772,2021-07-25,Domingo,05:30:00,Ruta Provincial 13,32.0,1,Automóvil,Ruta Prov. Nº 13 ,1,0,0,0,0,1,0,"-32.21609, -61.68786",Ruta,13,EL TRÉBOL,San MARTÍN,Asfalto,Natural,XVIII,Fuera,Rural,Otra Señal,No existe,Intersección,Bueno,Buena,Nocturna,Buen Tiempo,S/D,S/D,Colisión,Ninguna,S/D,Cordón divisorio,Sin restricción
2021,3773,2021-06-25,Viernes,,,0.0,2,"Pickup/Utilitario,Moto/Ciclomotor",Domingo Silva Y España,3,2,0,0,1,0,0,"-31.244082380615,-61.474087585925",Calle,,RAFAELA,Castellanos,Asfalto,No existe,V,Dentro,Urbana,Otra Señal,No existe,Intersección,Bueno,S/D,S/D,S/D,Lateral,S/D,Colisión,S/D,Faltante,Cordón divisorio,Sin restricción
2021,3774,2021-06-18,Viernes,07:05:00,Ruta Nacional 11,482.0,2,"Automóvil,Pickup/Utilitario", ,6,6,0,0,0,0,0,"-31.49405, -60.73313",Ruta,11,RECREO,La Capital,Asfalto,Ripio,I,Dentro,Rural,Otra Señal,No existe,Intersección,Bueno,Buena,Diurna,Buen Tiempo,"Contra objeto fijo,De alcance",S/D,Colisión,Ninguna,Horizontal,Cordón divisorio,Sin restricción
2021,3775,2021-06-25,Viernes,,,0.0,2,"Moto/Ciclomotor,Automóvil",Acuña Y Jorge Newbery,3,1,0,0,2,0,0,"-31.247769084476,-61.468319381048",Calle,,RAFAELA,Castellanos,Asfalto,No existe,V,Dentro,Urbana,Otra Señal,No existe,Intersección,Bueno,S/D,S/D,S/D,Lateral,S/D,Colisión,Ninguna,Faltante,Cordón divisorio,Sin restricción
2021,3776,2021-07-28,Miercoles,12:00:00,Ruta Provincial 13,82.0,3,"Automóvil,Automóvil,Automóvil",Ruta 13 ,3,2,0,0,0,1,0,"-31.79315, -61.82092",Ruta,13,SASTRE,San MARTÍN,Asfalto,Natural,XVIII,Dentro,Rural,Otra Señal,No existe,Intersección,Bueno,Buena,Diurna,Buen Tiempo,"Frontal,Múltiple",S/D,Colisión,Ninguna,Vertical,Cordón divisorio,Sin restricción
2021,3777,2021-06-18,Viernes,23:00:00,,0.0,1,Moto/Ciclomotor,Calle 24 - Olessio Y Calle 35-España,1,1,0,0,0,0,0,"-29.154592806486,-59.651293616469",Calle,,RECONQUISTA,General Obligado,Asfalto,No existe,IX,Dentro,Urbana,Otra Señal,No existe,Intersección,Bueno,Buena,Diurna,Buen Tiempo,S/D,S/D,Colisión,Ninguna,Faltante,Cordón divisorio,Sin restricción
2021,3778,2021-06-25,Viernes,,,0.0,2,"Automóvil,Automóvil",Chacabuco Y Colon,2,2,0,0,0,0,0,"-31.254321084238,-61.493319855714",Calle,,RAFAELA,Castellanos,Asfalto,No existe,V,Dentro,Urbana,Otra Señal,No existe,Intersección,Bueno,S/D,S/D,S/D,Lateral,S/D,Colisión,Ninguna,Horizontal,Cordón divisorio,Sin restricción
2021,3779,2021-06-25,Viernes,07:55:00,,0.0,2,"Moto/Ciclomotor,Automóvil",Maipú Y Italia,2,1,0,0,1,0,0,"-33.743384808488,-61.960280176197",Calle,,VENADO TUERTO,General LÓPEZ,Asfalto,No existe,VII,Dentro,Urbana,Otra Señal,No existe,Intersección,Bueno,S/D,Diurna,S/D,Lateral,S/D,Colisión,Ninguna,Faltante,Cordón divisorio,Sin restricción
2021,3780,2021-06-25,Viernes,08:45:00,,0.0,1,Moto/Ciclomotor,Dean Funes 900,1,1,0,0,0,0,0,"-33.74031957089,-61.972763555503",Calle,,VENADO TUERTO,General LÓPEZ,Asfalto,No existe,VIII,Dentro,Urbana,Otra Señal,No existe,Intersección,Bueno,S/D,Diurna,S/D,Contra objeto fijo,S/D,Colisión,Ninguna,Faltante,Cordón divisorio,Sin restricción
2021,3781,2021-06-25,Viernes,10:43:00,,0.0,2,"Moto/Ciclomotor,Automóvil",Av. Estrugamou Y Martin de Pueyrredón,3,2,0,0,1,0,0,"-33.743719593226,-61.970106278484",Avenida,,VENADO TUERTO,General LÓPEZ,Asfalto,No existe,VII,Dentro,Urbana,Otra Señal,No existe,Intersección,Bueno,S/D,Diurna,Buen Tiempo,Lateral,S/D,Colisión,Ninguna,Faltante,Cordón divisorio,Sin restricción
2021,3782,2021-06-18,Viernes,17:55:00,,0.0,2,"Automóvil,Moto/Ciclomotor",Calle 23-Gral López Y Calle 4 - Ledesma,3,1,0,0,1,0,1,"-29.149460380832,-59.638109429657",Calle,,RECONQUISTA,General Obligado,"Asfalto,Tierra",No existe,IX,Dentro,Urbana,Otra Señal,No existe,Intersección,Bueno,Buena,Diurna,Buen Tiempo,Lateral,S/D,Colisión,Ninguna,Faltante,Cordón divisorio,Sin restricción
2021,3783,2021-06-25,Viernes,11:40:00,,0.0,2,"Moto/Ciclomotor,Moto/Ciclomotor",Juan José Castelli Y López,2,2,0,0,0,0,0,"-33.741140626197,-61.967630512348",Calle,,VENADO TUERTO,General LÓPEZ,Asfalto,No existe,VII,Dentro,Urbana,Otra Señal,No existe,Intersección,Bueno,S/D,Diurna,S/D,Lateral,S/D,Colisión,Ninguna,Faltante,Cordón divisorio,Sin restricción
2021,3784,2021-06-25,Viernes,12:15:00,,0.0,1,Moto/Ciclomotor,Balcarce Y Quintana,1,1,0,0,0,0,0,"-33.731851095702,-61.967973960391",Calle,,VENADO TUERTO,General LÓPEZ,Ripio,No existe,VIII,Dentro,Urbana,Otra Señal,No existe,Intersección,S/D,Buena,Diurna,Buen Tiempo,S/D,S/D,Colisión,Ninguna,Faltante,Cordón divisorio,Sin restricción
2021,3785,2021-06-25,Viernes,16:02:00,,0.0,2,"Automóvil,Moto/Ciclomotor",Nicolas Avellaneda Y Lisandro de la Torre,2,1,0,0,1,0,0,"-33.742420613771,-61.978621738908",Calle,,VENADO TUERTO,General LÓPEZ,Asfalto,No existe,VIII,Dentro,Urbana,Otra Señal,Funciona,Intersección,Bueno,S/D,Diurna,S/D,Lateral,S/D,Colisión,Ninguna,Faltante,Cordón divisorio,Sin restricción
2021,3786,2021-06-25,Viernes,19:10:00,,0.0,2,"Pickup/Utilitario,Moto/Ciclomotor",Roberta Cavanagh ,2,1,0,0,1,0,0,"-33.709039935513,-61.96555781206",Calle,,VENADO TUERTO,General LÓPEZ,S/D,S/D,VIII,Dentro,Urbana,Otra Señal,S/D,Intersección,S/D,S/D,S/D,S/D,S/D,S/D,Colisión,S/D,S/D,Cordón divisorio,Sin restricción
2021,3787,2021-05-17,Lunes,13:30:00,,0.0,2,"Moto/Ciclomotor,Pickup/Utilitario",Cárcamo Y Mitre,3,2,0,0,1,0,0,"-33.11274, -61.70603",Calle,,SAN JOSÉ DE LA ESQUINA,Caseros,Asfalto,Pavimento,IV,Dentro,Urbana,Otra Señal,No existe,Intersección,Bueno,Buena,Diurna,Buen Tiempo,Lateral,S/D,Colisión,Ninguna,Vertical,Cordón divisorio,Sin restricción
2021,3788,2021-07-02,Viernes,16:20:00,,0.0,1,Moto/Ciclomotor, ,1,0,0,0,0,1,0,"-32.42043, -60.9303",Camino Rural,,MACIEL,San JERÓNIMO,Tierra,No existe,XV,S/D,Rural,Otra Señal,No existe,Intersección,S/D,Buena,Diurna,Buen Tiempo,S/D,S/D,Colisión,S/D,S/D,Cordón divisorio,Sin restricción
2021,3791,2021-07-05,Lunes,13:45:00,Ruta Nacional 11,710.5,3,"Automóvil,Camión c / Acoplado,Camión c / Semirremolque", ,4,1,0,0,2,1,0,"-29.5661, -60.22802",Ruta,11,ESPÍN,Vera,Asfalto,Natural,XIX,S/D,Rural,Otra Señal,No existe,Intersección,Bueno,Buena,Diurna,Buen Tiempo,Múltiple,S/D,Colisión,Ninguna,Horizontal,Cordón divisorio,Sin restricción
2021,3792,2021-06-24,Jueves,16:45:00,,0.0,1,Moto/Ciclomotor,Güemes Y San Juan,1,1,0,0,0,0,0,"-30.871107823487,-61.344735300916",Calle,,HUMBERTO 1°,Castellanos,Asfalto,No existe,V,Dentro,Urbana,Otra Señal,No existe,Intersección,Bueno,Buena,Diurna,Buen Tiempo,Múltiple,S/D,Colisión,Ninguna,Faltante,Cordón divisorio,Sin restricción
2021,3793,2021-06-22,Martes,,Ruta Nacional 34,209.0,2,"Camión,Pickup/Utilitario", ,2,1,0,0,1,0,0,"-31.35364, -61.52806",Ruta,34,SUSANA,Castellanos,Asfalto,S/D,V,Dentro,Rural,Otra Señal,S/D,Intersección,S/D,S/D,Diurna,S/D,Múltiple,S/D,Colisión,S/D,S/D,Cordón divisorio,Sin restricción
2021,3794,2021-06-19,Sabado,18:15:00,,0.0,4,"Automóvil,Peatón,Peatón,Moto/Ciclomotor",E Lussenhoff Y Lisandro de la Torre,7,3,0,0,4,0,0,"-33.728061689317,-61.989850869873",Calle,,VENADO TUERTO,General LÓPEZ,Tierra,No existe,VIII,Dentro,Urbana,Otra Señal,No existe,Intersección,Deteriorada,Buena,Diurna,Buen Tiempo,Múltiple,Peatón,Colisión,Ninguna,Faltante,Cordón divisorio,Sin restricción
2021,3795,2021-06-20,Domingo,16:00:00,Ruta Nacional 11,0.0,2,"Moto/Ciclomotor,Bicicleta",Calle s /n Y Calle 34,3,3,0,0,0,0,0,"-29.134758007736,-59.654869867076",Ruta,11,RECONQUISTA,General Obligado,Asfalto,Ripio,IX,Dentro,Urbana,Otra Señal,Funciona,Intersección,Bueno,Buena,Diurna,Buen Tiempo,Múltiple,Ciclista,Colisión,Ninguna,"Horizontal,Vertical",Cordón divisorio,Sin restricción
2021,3796,2021-06-22,Martes,21:00:00,,0.0,2,"Automóvil,Moto/Ciclomotor",Calle 307 115,3,1,0,0,2,0,0,"-29.107676, -59.662195",Calle,,AVELLANEDA,General Obligado,S/D,No existe,IX,Dentro,Urbana,Otra Señal,S/D,Intersección,S/D,S/D,Nocturna,S/D,Múltiple,S/D,Colisión,S/D,S/D,Cordón divisorio,Sin restricción
2021,3799,2021-07-05,Lunes,18:40:00,,0.0,2,"Moto/Ciclomotor,Camión",Av. Avellaneda B 4900,2,0,0,0,1,1,0,"-32.99647, -60.6888",Avenida,,ROSARIO,Rosario,Asfalto,No existe,II,S/D,Urbana,Otra Señal,No existe,Intersección,Bueno,S/D,Diurna,S/D,Múltiple,S/D,Colisión,Ninguna,Horizontal,Cordón divisorio,Sin restricción
2021,3800,2021-06-21,Lunes,,Ruta Nacional 33,664.5,4,"Automóvil,Pickup/Utilitario,Automóvil,Camión Chasis", ,8,4,0,0,4,0,0,"-33.562007823700505, -61.6937247289",Ruta,33,CHOVET,General LÓPEZ,Asfalto,Natural,VIII,Dentro,Urbana,Otra Señal,No funciona,Intersección,Bueno,Buena,Diurna,Buen Tiempo,Múltiple,S/D,Colisión,Ninguna,Horizontal,Cordón divisorio,Sin restricción
2021,3801,2021-06-23,Miercoles,07:10:00,Ruta Provincial 13,96.0,1,Pickup/Utilitario, ,1,1,0,0,0,0,0,"-31.69067, -61.76663",Ruta,13,MARIA JUANA,Castellanos,Asfalto,Natural,V,Dentro,Rural,Otra Señal,No existe,Intersección,S/D,S/D,Diurna,S/D,Múltiple,S/D,Colisión,S/D,Horizontal,Cordón divisorio,Sin restricción
2021,3802,2021-06-24,Jueves,11:00:00,,0.0,2,"Automóvil,Moto/Ciclomotor",Dean Funes Y España,2,1,0,0,1,0,0,"-33.737464828265,-61.967519588005",Calle,,VENADO TUERTO,General LÓPEZ,Asfalto,No existe,VII,Dentro,Urbana,Otra Señal,No existe,Intersección,Bueno,S/D,Diurna,S/D,Múltiple,S/D,Colisión,Ninguna,Vertical,Cordón divisorio,Sin restricción
2021,3803,2021-06-23,Miercoles,13:00:00,Ruta Provincial 6,0.0,2,"Camión,Camión", ,2,2,0,0,0,0,0,"-31.885452, -61.135834",Ruta,6,GESSLER,San JERÓNIMO,Asfalto,Natural,XV,Dentro,Rural,Otra Señal,No existe,Intersección,Bueno,Buena,Diurna,Buen Tiempo,Múltiple,S/D,Colisión,Ninguna,Horizontal,Cordón divisorio,Sin restricción
2021,3804,2021-06-23,Miercoles,,,0.0,2,"Automóvil,Bicicleta",9 De Julio Y Carriego,2,1,0,0,1,0,0,"-32.944771786112,-60.690519659281",Calle,,ROSARIO,Rosario,Asfalto,No existe,II,Dentro,Urbana,Otra Señal,No existe,Intersección,Bueno,Buena,Diurna,Buen Tiempo,Múltiple,Ciclista,Colisión,Ninguna,Faltante,Cordón divisorio,Sin restricción
2021,3805,2021-06-24,Jueves,12:24:00,,0.0,2,"Automóvil,Moto/Ciclomotor",Av. Estrugamou Y Mariano Moreno,2,1,0,0,1,0,0,"-33.741100468211,-61.97212329767",Avenida,,VENADO TUERTO,General LÓPEZ,Asfalto,No existe,VIII,Dentro,Urbana,Otra Señal,Funciona,Intersección,Bueno,S/D,Diurna,S/D,Múltiple,S/D,Colisión,Ninguna,"Horizontal,Vertical",Cordón divisorio,Sin restricción
2021,3806,2021-06-23,Miercoles,,Ruta Nacional 34,0.0,2,"Moto/Ciclomotor,Moto/Ciclomotor",Luis Maggi Y Perú,2,1,0,0,1,0,0,"-31.236359872762,-61.502020954237",Ruta,34,RAFAELA,Castellanos,Asfalto,No existe,V,Dentro,Urbana,Otra Señal,Funciona,Intersección,S/D,S/D,Diurna,S/D,Múltiple,S/D,Colisión,S/D,"Horizontal,Vertical",Cordón divisorio,Sin restricción
2021,3807,2021-06-23,Miercoles,,,0.0,2,"Moto/Ciclomotor,Automóvil",Caseros Y Víctor Manuel,2,1,0,0,1,0,0,"-31.249096764291,-61.481108930569",Calle,,RAFAELA,Castellanos,Asfalto,No existe,V,Dentro,Urbana,Otra Señal,No existe,Intersección,Bueno,Buena,Diurna,Buen Tiempo,Múltiple,S/D,Colisión,Ninguna,Horizontal,Cordón divisorio,Sin restricción
2021,3808,2021-06-24,Jueves,15:50:00,,0.0,1,Moto/Ciclomotor,Gral. Manuel Belgrano Y Piacenza,1,1,0,0,0,0,0,"-33.734730437321,-61.975623965394",Calle,,VENADO TUERTO,General LÓPEZ,Asfalto,No existe,VII,Dentro,Urbana,Otra Señal,No existe,Intersección,Bueno,S/D,Diurna,S/D,Múltiple,S/D,Colisión,Ninguna,Faltante,Cordón divisorio,Sin restricción
2021,3809,2021-07-11,Domingo,03:00:00,Ruta Nacional 11,772.0,1,Automóvil,Ruta Nacional 11 ,1,0,0,0,0,1,0,"-29.26922, -59.75608",Ruta,11,RECONQUISTA,General Obligado,Asfalto,Natural,IX,S/D,Rural,Otra Señal,No existe,Intersección,Bueno,S/D,Nocturna,S/D,Múltiple,S/D,Colisión,Ninguna,Faltante,Cordón divisorio,Sin restricción
2021,3810,2021-07-07,Miercoles,16:00:00,,0.0,2,"Pickup/Utilitario,Peatón", ,2,0,0,0,1,1,0,"-30.98814, -61.75224",Camino Rural,,COLONIA ALDAO,Castellanos,S/D,S/D,V,S/D,Rural,Otra Señal,S/D,Intersección,S/D,S/D,Diurna,S/D,Múltiple,Peatón,Colisión,S/D,S/D,Cordón divisorio,Sin restricción
2021,3811,2021-07-12,Lunes,17:15:00,Ruta Nacional 178,175.0,3,"Moto/Ciclomotor,Camión c / Semirremolque,Pickup/Utilitario",Ruta 178 ,3,0,0,0,2,1,0,"-32.70557, -61.52735",Ruta,178,LAS PAREJAS,Belgrano,Asfalto,Natural,III,S/D,Rural,Otra Señal,No existe,Intersección,Bueno,Buena,Diurna,Buen Tiempo,Múltiple,S/D,Colisión,S/D,Faltante,Cordón divisorio,Sin restricción
2021,3812,2021-07-16,Viernes,20:45:00,Ruta Nacional 9,273.0,2,"Peatón,Camión c / Acoplado", ,2,0,0,0,1,1,0,"-33.09567, -60.61789",Ruta,9,ALVEAR,Rosario,Asfalto,Natural,II,S/D,Rural,Otra Señal,No existe,Intersección,Bueno,S/D,Nocturna,S/D,Múltiple,Peatón,Colisión,Ninguna,Faltante,Cordón divisorio,Sin restricción
2021,3813,2021-07-17,Sabado,06:45:00,Ruta Provincial 1,40.0,1,Automóvil,Ruta Provic 1 ,2,1,0,0,0,1,0,"-31.39639, -60.3221",Ruta,1,SANTA ROSA DE CALCHINES,Garay,Asfalto,Natural,VII,S/D,Rural,Otra Señal,No existe,Intersección,Bueno,S/D,Nocturna,Buen Tiempo,Múltiple,S/D,Colisión,Ninguna,Faltante,Cordón divisorio,Sin restricción
2021,3815,2021-07-21,Miercoles,16:30:00,,0.0,2,"Moto/Ciclomotor,Pickup/Utilitario",Alsina Y Montevideo,2,0,0,0,1,1,0,"-32.94928, -60.67886",Calle,,ROSARIO,Rosario,Asfalto,No existe,II,Dentro,Urbana,Otra Señal,No existe,Intersección,Bueno,Buena,Diurna,S/D,Múltiple,S/D,Colisión,S/D,Faltante,Cordón divisorio,Sin restricción
2021,3816,2021-07-22,Jueves,23:30:00,Ruta Nacional 34,217.0,2,"Moto/Ciclomotor,Camión c / Acoplado",Ruta Nac 34 Gral. Güemes ,2,0,0,0,1,1,0,"-31.28794, -61.51415",Ruta,34,RAFAELA,Castellanos,Asfalto,Natural,V,S/D,Rural,Otra Señal,No existe,Intersección,Bueno,Buena,"Nocturna,Con luz artificial",Buen Tiempo,Múltiple,S/D,Colisión,Ninguna,Faltante,Cordón divisorio,Sin restricción
2021,3817,2021-05-28,Viernes,17:20:00,,0.0,1,Moto/Ciclomotor,Dorrego Y Catamarca,2,1,0,0,1,0,0,"-32.938623133345,-60.64776337032",Calle,,ROSARIO,Rosario,Asfalto,No existe,II,Dentro,Urbana,Otra Señal,No existe,Intersección,Bueno,Buena,Diurna,Buen Tiempo,Múltiple,S/D,Colisión,Ninguna,Horizontal,Cordón divisorio,Sin restricción
2021,3818,2021-03-15,Lunes,13:45:00,,0.0,2,"Peatón,Pickup/Utilitario",Calle 6-Ituzaingo 1367,2,1,0,0,0,0,1,"-29.16781, -59.64248",Calle,,RECONQUISTA,General Obligado,Asfalto,No existe,IX,Dentro,Urbana,Otra Señal,No existe,Intersección,Bueno,Buena,Diurna,S/D,Múltiple,Peatón,Colisión,Ninguna,Vertical,Cordón divisorio,Sin restricción
2021,3819,2021-03-16,Martes,17:25:00,,0.0,2,"Bicicleta,Automóvil",Calle 11-Alvear Y Calle 34,2,1,0,0,1,0,0,"-29.14101, -59.65566",Calle,,RECONQUISTA,General Obligado,Asfalto,Pavimento,IX,Dentro,Urbana,Otra Señal,No existe,Intersección,Bueno,Buena,Diurna,Buen Tiempo,Múltiple,Ciclista,Colisión,Ninguna,"Horizontal,Vertical",Cordón divisorio,Sin restricción
2021,3820,2021-03-19,Viernes,20:00:00,,0.0,2,"Bicicleta,Automóvil",Calle 17-Bartolome Mitre Y Calle 20-9 de Julio,2,1,0,0,1,0,0,"-29.14515, -59.64746",Calle,,RECONQUISTA,General Obligado,Asfalto,No existe,IX,Dentro,Urbana,Otra Señal,No existe,Intersección,Bueno,Buena,Nocturna,Buen Tiempo,Múltiple,Ciclista,Colisión,Ninguna,"Horizontal,Vertical",Cordón divisorio,Sin restricción
2021,3821,2021-03-20,Sabado,00:25:00,,0.0,2,"Moto/Ciclomotor,Moto/Ciclomotor",Calle 4 - Ledesma Y Calle 29-Alte Brown,2,1,0,0,1,0,0,"-29.15267, -59.63854",Calle,,RECONQUISTA,General Obligado,Tierra,No existe,IX,Dentro,Urbana,Otra Señal,No existe,Intersección,Otro,Buena,Nocturna,S/D,Múltiple,S/D,Colisión,S/D,"Horizontal,Vertical",Cordón divisorio,Sin restricción
2021,3822,2021-07-24,Sabado,20:30:00,Ruta Nacional 11,792.5,1,Automóvil,Calle 315 Y Ruta Nacional 11,3,0,0,0,0,3,0,"-29.10571, -59.65047",Ruta,11,AVELLANEDA,General Obligado,Asfalto,Natural,IX,S/D,Urbana,Otra Señal,No existe,Intersección,Bueno,S/D,Nocturna,S/D,Múltiple,S/D,Colisión,Ninguna,Faltante,Cordón divisorio,Sin restricción
2021,3823,2021-03-21,Domingo,20:45:00,,0.0,2,"Moto/Ciclomotor,Automóvil",Querandíes Y Carcaraes,3,1,0,0,2,0,0,"-31.63774430751797,-60.608525276184",Calle,,COLASTINE,La Capital,Ripio,Natural,I,Dentro,Urbana,Otra Señal,No existe,Intersección,Con baches,Reducida,Nocturna,Buen Tiempo,Múltiple,S/D,Colisión,Agua,S/D,Cordón divisorio,Sin restricción
2021,3824,2021-03-21,Domingo,01:50:00,,0.0,2,"Automóvil,Moto/Ciclomotor",Belgrano Manuel 300,3,2,0,0,1,0,0,"-31.72521, -61.0911",Calle,,SAN CARLOS CENTRO,Las Colonias,Asfalto,No existe,XI,S/D,Urbana,Otra Señal,No existe,Intersección,Bueno,Buena,Nocturna,Buen Tiempo,Múltiple,S/D,Colisión,Ninguna,Vertical,Cordón divisorio,Sin restricción
2021,3826,2021-03-21,Domingo,16:55:00,,0.0,2,"Automóvil,Moto/Ciclomotor",1 de Mayo Y Cullen,2,2,0,0,0,0,0,"-31.45398, -60.92396",Calle,,ESPERANZA,Las Colonias,Asfalto,No existe,XI,Dentro,Urbana,Otra Señal,No existe,Intersección,Bueno,S/D,Diurna,Buen Tiempo,Múltiple,S/D,Colisión,Ninguna,Horizontal,Cordón divisorio,Sin restricción
2021,3827,2021-03-21,Domingo,13:00:00,,0.0,2,"Moto/Ciclomotor,Pickup/Utilitario",L N Alem Y Tte. roca,2,1,0,0,1,0,0,"-32.73843, -60.73922",Calle,,SAN LORENZO,San Lorenzo,Asfalto,No existe,XVII,S/D,Urbana,Otra Señal,Funciona,Intersección,Bueno,S/D,Diurna,S/D,Múltiple,S/D,Colisión,S/D,S/D,Cordón divisorio,Sin restricción
2021,3828,2021-03-21,Domingo,17:00:00,,0.0,2,"Moto/Ciclomotor,Automóvil",Rioja Y Rivadavia Bernardino,2,1,0,0,0,0,1,"-32.82517, -60.71928",Calle,,CAPITÁN BERMÚDEZ,San Lorenzo,Asfalto,Pavimento,XVII,Dentro,Urbana,Otra Señal,No existe,Intersección,Bueno,Buena,Diurna,Buen Tiempo,Múltiple,S/D,Colisión,Ninguna,Faltante,Cordón divisorio,Sin restricción
2021,3829,2021-03-21,Domingo,17:30:00,,0.0,1,Bicicleta,Av. San Martin 2600,1,1,0,0,0,0,0,"-32.73653, -60.73385",Avenida,,SAN LORENZO,San Lorenzo,Asfalto,Pavimento,XVII,S/D,Urbana,Otra Señal,No existe,Intersección,Bueno,S/D,Diurna,S/D,Múltiple,S/D,Colisión,S/D,"Horizontal,Vertical",Cordón divisorio,Sin restricción
2021,3832,2021-03-21,Domingo,22:30:00,Autopista Nacional A012,14.0,1,Automóvil, ,1,1,0,0,0,0,0,"-33.09228, -60.78417",Autopista,A012,PIÑERO,Rosario,Asfalto,Natural,II,Dentro,Rural,Otra Señal,No existe,Intersección,Bueno,Buena,Amanecer,Buen Tiempo,Múltiple,S/D,Colisión,Ninguna,Vertical,Cordón divisorio,Sin restricción
2021,3833,2021-03-21,Domingo,18:30:00,Ruta Provincial 6,71.0,1,Moto/Ciclomotor, ,2,2,0,0,0,0,0,"-31.41048, -60.90509",Ruta,6,ESPERANZA,Las Colonias,Asfalto,Natural,XI,Fuera,Rural,Otra Señal,No existe,Intersección,Bueno,Buena,Diurna,Buen Tiempo,Múltiple,S/D,Colisión,Ninguna,S/D,Cordón divisorio,Sin restricción
2021,3834,2021-03-21,Domingo,17:50:00,,0.0,2,"Automóvil,Moto/Ciclomotor",Moreno Y Güemes,2,1,0,0,1,0,0,"-31.44318, -61.26192",Calle,,PILAR,Las Colonias,Asfalto,Natural,XI,S/D,Urbana,Otra Señal,No existe,Intersección,Bueno,Buena,Diurna,Buen Tiempo,Múltiple,S/D,Colisión,Ninguna,Horizontal,Cordón divisorio,Sin restricción
2021,3835,2021-03-21,Domingo,00:30:00,,0.0,2,"Moto/Ciclomotor,Automóvil",Laurencio Maradona 127,2,1,0,0,1,0,0,"-31.64063, -60.66895",Calle,,SANTA FE,La Capital,Asfalto,No existe,I,S/D,Rural,Otra Señal,No existe,Intersección,Con baches,Buena,Nocturna,Buen Tiempo,Múltiple,S/D,Colisión,Ninguna,Faltante,Cordón divisorio,Sin restricción
2021,3836,2021-06-29,Martes,12:20:00,,0.0,2,"Moto/Ciclomotor,Automóvil",Calle 23-Gral López Y Calle 20 9 de Julio,3,2,0,0,1,0,0,"-29.148363345827,-59.647948789925",Calle,,RECONQUISTA,General Obligado,Asfalto,No existe,IX,Dentro,Urbana,Otra Señal,No existe,Intersección,Bueno,S/D,Diurna,S/D,Múltiple,S/D,Colisión,Ninguna,Faltante,Cordón divisorio,Sin restricción
2021,3838,2021-07-29,Jueves,16:35:00,Ruta Nacional 7,429.0,2,"Moto/Ciclomotor,Camión c / Semirremolque",Ruta Nacional 7 ,2,0,0,0,1,1,0,"-34.27138, -62.75091",Ruta,7,RUFINO,General LÓPEZ,Asfalto,S/D,VIII,S/D,Rural,Otra Señal,No existe,Intersección,Bueno,Reducida humo,Diurna,Buen Tiempo,Múltiple,S/D,Colisión,Ninguna,Faltante,Cordón divisorio,Sin restricción
2021,3839,2021-07-13,Martes,19:20:00,,0.0,2,"Bicicleta,Moto/Ciclomotor",Calle 24 - Olessio ,2,1,0,0,1,0,0,"-29.1546, -59.65121",S/D,,RECONQUISTA,General Obligado,Asfalto,No existe,IX,S/D,S/D,Otra Señal,S/D,Intersección,Bueno,S/D,S/D,Buen Tiempo,Múltiple,Ciclista,Colisión,Ninguna,"Horizontal,Vertical",Cordón divisorio,Sin restricción