anio_acci,nro_acci,fecha,desc_dia,hora_aprox,desc_ruta,km,cant_participantes,desc_participante,calle_avenida_km,total,heridos_leves,heridos_graves,heridos_gravisimos,ilesos,fallecidos,sin_datos,posicion_XY,desc_tipo_via,desc_ruta_ori,desc_loc,desc_dpto,desc_tipo_calzada,desc_tipo_banquina,desc_unidad_regional,desc_lugar_calzada,desc_zona,desc_prioridad,desc_estado_semaforo,desc_lugar_via,desc_estado_via,desc_estado_visibilidad,desc_luminosidad,desc_estado_clima,desc_tipo_colision,desc_tipo_atropello,desc_tipo_hecho,desc_pres_calzada,desc_senializacion,desc_separacion_via,desc_restriccion
2021,3840,2021-07-30,Viernes,20:30:00,Autovía Nacional 19,4.0,1,Automóvil, ,1,0,0,0,0,1,0,"-31.66547, -60.81029",Autovía,19,SANTO TOMÉ,La Capital,Asfalto,Pavimento,I,S/D,Rural,Otra Señal,No existe,Intersección,Bueno,Buena,Nocturna,Buen Tiempo,Múltiple,S/D,Colisión,Ninguna,Horizontal,Cordón divisorio,Sin restricción
2021,3841,2021-03-12,Viernes,19:25:00,,0.0,2,"Bicicleta,Pickup/Utilitario",Calle 31-Newbery Y Calle 8-Chacabuco,3,2,0,0,1,0,0,"-29.15349, -59.64114",Calle,,RECONQUISTA,General Obligado,Asfalto,No existe,IX,Dentro,Urbana,Otra Señal,No existe,Intersección,Bueno,Buena,Nocturna,Buen Tiempo,Múltiple,Ciclista,Colisión,Ninguna,"Horizontal,Vertical",Cordón divisorio,Sin restricción
2021,3843,2021-03-22,Lunes,,Autopista Nacional 9,281.0,2,"Camión c / Acoplado,Automóvil", ,3,2,0,0,0,0,1,"-33.06557, -60.64767",Autopista,9,ALVEAR,Rosario,Asfalto,Natural,II,Dentro,Rural,Otra Señal,No existe,Intersección,Deteriorada,Buena,Diurna,Buen Tiempo,Múltiple,S/D,Colisión,S/D,Faltante,Cordón divisorio,Sin restricción
2021,3844,2021-03-22,Lunes,13:40:00,,0.0,2,"Bicicleta,Automóvil",Av. San Martin Y Tucumán,2,1,0,0,1,0,0,"-32.74222, -60.73398",Avenida,,SAN LORENZO,San Lorenzo,Asfalto,No existe,XVII,S/D,Urbana,Otra Señal,No existe,Intersección,Bueno,S/D,Diurna,S/D,Múltiple,Ciclista,Colisión,S/D,"Horizontal,Vertical",Cordón divisorio,Sin restricción
2021,3845,2021-03-03,Miercoles,14:00:00,,0.0,2,"Pickup/Utilitario,Bicicleta",Calle 12 Y Calle 17,2,1,0,0,1,0,0,"-28.35544, -59.25756",Calle,,LAS TOSCAS,General Obligado,Asfalto,Pavimento,IX,Dentro,Urbana,Otra Señal,No existe,Intersección,Bueno,Buena,Diurna,Buen Tiempo,Múltiple,Ciclista,Colisión,Ninguna,S/D,Cordón divisorio,Sin restricción
2021,3846,2021-03-22,Lunes,10:20:00,,0.0,2,"Bicicleta,Pickup/Utilitario",Sarmiento Y Pje. E. Díaz,2,1,0,0,1,0,0,"-32.9739, -60.64512",Calle,,ROSARIO,Rosario,Asfalto,No existe,II,Dentro,Urbana,Otra Señal,No existe,Intersección,Bueno,Buena,Diurna,Buen Tiempo,Múltiple,Ciclista,Colisión,Ninguna,Faltante,Cordón divisorio,Sin restricción
2021,3849,2021-03-22,Lunes,13:45:00,,0.0,2,"Automóvil,Automóvil",Av. Pellegrini Y Av. Provincias Unidas,4,3,0,0,0,0,1,"-32.94866, -60.7122",Avenida,,ROSARIO,Rosario,Asfalto,Pavimento,II,S/D,Urbana,Otra Señal,Funciona,Intersección,Bueno,Buena,Diurna,Buen Tiempo,Múltiple,S/D,Colisión,Ninguna,Faltante,Cordón divisorio,Sin restricción
2021,3850,2021-05-07,Viernes,13:55:00,,0.0,2,"Moto/Ciclomotor,Pickup/Utilitario",Calle 19-Habegger ,2,1,0,0,0,0,1,"-29.14595, -59.65004",Calle,,RECONQUISTA,General Obligado,Asfalto,Pavimento,IX,Fuera,Urbana,Otra Señal,Funciona,Intersección,Bueno,Buena,Diurna,Buen Tiempo,Múltiple,S/D,Colisión,Ninguna,"Horizontal,Vertical",Cordón divisorio,Sin restricción
2021,3851,2021-03-22,Lunes,18:00:00,,0.0,2,"Moto/Ciclomotor,Peatón",25 de Mayo 1750,3,1,0,0,2,0,0,"-29.46027, -60.21138",Calle,,VERA,Vera,Asfalto,No existe,XIX,Dentro,Urbana,Otra Señal,No existe,Intersección,Bueno,Buena,Diurna,Buen Tiempo,Múltiple,Peatón,Colisión,Ninguna,Vertical,Cordón divisorio,Sin restricción
2021,3852,2021-06-02,Miercoles,13:00:00,,0.0,2,"Moto/Ciclomotor,Automóvil",Calle 15-Patricio Diez Y Calle 30-Lucas Funes,2,1,0,0,1,0,0,"-29.143406651633,-59.653499827849",Calle,,RECONQUISTA,General Obligado,Asfalto,No existe,IX,Dentro,Urbana,Otra Señal,No existe,Intersección,Bueno,Buena,Diurna,Buen Tiempo,Múltiple,S/D,Colisión,Ninguna,Horizontal,Cordón divisorio,Sin restricción
2021,3853,2021-05-02,Domingo,09:15:00,,0.0,2,"Moto/Ciclomotor,Automóvil",Calle 22- 25 de Mayo Y Calle 15-Patricio Diez,2,1,0,0,1,0,0,"-29.14395, -59.64853",S/D,,RECONQUISTA,General Obligado,Asfalto,No existe,IX,S/D,S/D,Otra Señal,No existe,Intersección,Bueno,Buena,Diurna,Buen Tiempo,Múltiple,S/D,Colisión,Ninguna,"Horizontal,Vertical",Cordón divisorio,Sin restricción
2021,3854,2021-04-23,Viernes,20:15:00,,0.0,2,"Moto/Ciclomotor,Automóvil",Calle 15-Patricio Diez Y Calle 18 - Gral. Belgrano,2,1,0,0,1,0,0,"-29.144208398628,-59.646128503101",Calle,,RECONQUISTA,General Obligado,Asfalto,No existe,IX,Dentro,Urbana,Otra Señal,Funciona,Intersección,Bueno,Buena,Nocturna,Buen Tiempo,Múltiple,S/D,Colisión,Ninguna,"Horizontal,Vertical",Cordón divisorio,Sin restricción
2021,3855,2021-03-22,Lunes,09:20:00,Ruta Provincial 38,46.0,1,Moto/Ciclomotor, ,2,2,0,0,0,0,0,"-29.87833, -60.29663",Ruta,38,CALCHAQUÍ,Vera,Tierra,Natural,XIX,Dentro,Rural,Otra Señal,No existe,Intersección,Bueno,Buena,Diurna,Buen Tiempo,Múltiple,S/D,Colisión,Ninguna,S/D,Cordón divisorio,Sin restricción
2021,3856,2021-05-04,Martes,11:30:00,,0.0,2,"Automóvil,Moto/Ciclomotor",Calle 22- 25 de Mayo Y Calle 17-Bartolome Mitre,2,1,0,0,1,0,0,"-29.14502, -59.64867",S/D,,RECONQUISTA,General Obligado,Asfalto,No existe,IX,S/D,S/D,Otra Señal,No existe,Intersección,Bueno,Buena,Diurna,Buen Tiempo,Múltiple,S/D,Colisión,Ninguna,"Horizontal,Vertical",Cordón divisorio,Sin restricción
2021,3857,2021-06-03,Jueves,15:20:00,Ruta Nacional 11,0.0,2,"Bicicleta,Pickup/Utilitario",Calle 1 - Independencia Y Ruta Nacional 11,2,1,0,0,1,0,0,"-29.13561056144,-59.654856742979",Ruta,11,RECONQUISTA,General Obligado,Asfalto,No existe,IX,Dentro,Urbana,Otra Señal,Funciona,Intersección,Bueno,Buena,Diurna,Buen Tiempo,Múltiple,Ciclista,Colisión,Ninguna,"Horizontal,Vertical",Cordón divisorio,Sin restricción
2021,3858,2021-03-22,Lunes,21:50:00,Ruta Nacional A012,53.0,2,"Pickup/Utilitario,Moto/Ciclomotor", ,3,2,0,0,1,0,0,"-32.8932, -60.71968",Ruta,A012,ROSARIO,Rosario,Asfalto,Pavimento,II,S/D,Urbana,Otra Señal,S/D,Intersección,Bueno,Buena,Nocturna,Buen Tiempo,Múltiple,S/D,Colisión,S/D,S/D,Cordón divisorio,Sin restricción
2021,3859,2021-06-04,Viernes,08:15:00,,0.0,2,"Bicicleta,Pickup/Utilitario",Calle 27-Gdor Freyre Y Roca Pte.,2,1,0,0,1,0,0,"-29.150934720472,-59.644563797203",Calle,,RECONQUISTA,General Obligado,Asfalto,No existe,IX,Dentro,Urbana,Otra Señal,No existe,Intersección,Bueno,Buena,Diurna,Buen Tiempo,Múltiple,Ciclista,Colisión,Ninguna,Faltante,Cordón divisorio,Sin restricción
2021,3860,2021-06-09,Miercoles,18:45:00,,0.0,2,"Bicicleta,Moto/Ciclomotor",Calle 33-Pueyrredon Y Calle 44-27 de Abril,3,2,0,0,1,0,0,"-29.152143689698,-59.663794591364",Calle,,RECONQUISTA,General Obligado,Asfalto,No existe,IX,Dentro,Urbana,Otra Señal,No existe,Intersección,Bueno,Buena,Diurna,Buen Tiempo,Múltiple,Ciclista,Colisión,Ninguna,Faltante,Cordón divisorio,Sin restricción
2021,3861,2021-04-22,Jueves,14:10:00,Ruta Nacional 11,0.0,2,"Moto/Ciclomotor,Automóvil",Calle 3-Almafuerte Y Calle 34,2,1,0,0,1,0,0,"-29.136698626241,-59.655207640143",Ruta,11,RECONQUISTA,General Obligado,Asfalto,Pavimento,IX,Dentro,Urbana,Otra Señal,No existe,Intersección,Bueno,Buena,Diurna,Buen Tiempo,Múltiple,S/D,Colisión,Ninguna,"Horizontal,Vertical",Cordón divisorio,Sin restricción
2021,3862,2021-06-11,Viernes,13:05:00,,0.0,2,"Moto/Ciclomotor,Automóvil",Calle 25-Rivadavia 476,2,1,0,0,1,0,0,"-29.150032473107,-59.642903175623",Calle,,RECONQUISTA,General Obligado,Asfalto,No existe,IX,Dentro,Urbana,Otra Señal,No existe,Intersección,Bueno,Buena,Diurna,Buen Tiempo,Múltiple,S/D,Colisión,Ninguna,Horizontal,Cordón divisorio,Sin restricción
2021,3863,2021-01-23,Sabado,14:10:00,,0.0,2,"Moto/Ciclomotor,Moto/Ciclomotor",Calle 15 Y Calle 16,3,3,0,0,0,0,0,"-32.74734, -60.75485",Calle,,LAS TOSCAS,General Obligado,Ripio,No existe,IX,Dentro,Urbana,Otra Señal,No existe,Intersección,Bueno,Buena,Diurna,Buen Tiempo,Múltiple,S/D,Colisión,Ninguna,Faltante,Cordón divisorio,Sin restricción
2021,3864,2021-07-26,Lunes,18:00:00,,0.0,1,Moto/Ciclomotor,Juan Pablo II Y Bv. Oroño,1,0,0,0,0,1,0,"-33.01044, -60.67171",Calle,,ROSARIO,Rosario,Asfalto,No existe,II,S/D,Urbana,Otra Señal,No existe,Intersección,Bueno,S/D,Diurna,Buen Tiempo,Múltiple,S/D,Colisión,S/D,Faltante,Cordón divisorio,Sin restricción
2021,3867,2021-07-28,Miercoles,13:50:00,,0.0,2,"Moto/Ciclomotor,Pickup/Utilitario",E Oliber Y Intendente Giménez,2,0,0,0,1,1,0,"-31.26016, -61.48464",Calle,,RAFAELA,Castellanos,Asfalto,No existe,V,S/D,Urbana,Otra Señal,No existe,Intersección,Bueno,S/D,Diurna,S/D,Múltiple,S/D,Colisión,Ninguna,Faltante,Cordón divisorio,Sin restricción
2021,3868,2021-05-09,Domingo,18:00:00,,0.0,2,"Moto/Ciclomotor,Moto/Ciclomotor",Calle 8 Y Calle 19,4,2,0,0,2,0,0,"-28.35432, -59.26002",Calle,,LAS TOSCAS,General Obligado,Hormigón,No existe,IX,Dentro,Urbana,Otra Señal,Funciona,Intersección,Bueno,S/D,S/D,Buen Tiempo,Múltiple,S/D,Colisión,Ninguna,Vertical,Cordón divisorio,Sin restricción
2021,3869,2021-06-16,Miercoles,12:00:00,,0.0,2,"Bicicleta,Automóvil",Calle 19-Habegger 731,2,1,0,0,1,0,0,"-29.1464383891,-59.645572793612",Calle,,RECONQUISTA,General Obligado,Asfalto,No existe,IX,Dentro,Urbana,Otra Señal,No existe,Intersección,Bueno,Buena,Diurna,Buen Tiempo,Múltiple,Ciclista,Colisión,Ninguna,Faltante,Cordón divisorio,Sin restricción
2021,3870,2021-01-13,Miercoles,19:35:00,,0.0,2,"Moto/Ciclomotor,Automóvil",Calle 18 - Gral. Belgrano Y Calle 19-Habegger,2,1,0,0,1,0,0,"-29.14638, -59.64641",Calle,,RECONQUISTA,General Obligado,Asfalto,No existe,IX,Dentro,Urbana,Otra Señal,No existe,Intersección,Bueno,Buena,Diurna,Buen Tiempo,Múltiple,S/D,Colisión,Ninguna,Horizontal,Cordón divisorio,Sin restricción
2021,3871,2021-03-22,Lunes,18:00:00,,0.0,2,"Automóvil,Moto/Ciclomotor",Av. Pellegrini Y Dorrego,2,1,0,0,0,0,1,"-32.95527, -60.65191",Avenida,,ROSARIO,Rosario,Asfalto,No existe,II,Dentro,Urbana,Otra Señal,Funciona,Intersección,Bueno,Buena,Diurna,Buen Tiempo,Múltiple,S/D,Colisión,Ninguna,Vertical,Cordón divisorio,Sin restricción
2021,3872,2021-03-22,Lunes,14:30:00,,0.0,2,"Pickup/Utilitario,Moto/Ciclomotor",Avenida San Martin Y Sarmiento,2,1,0,0,1,0,0,"-29.23219, -61.77205",Calle,,TOSTADO,9 de Julio,Asfalto,No existe,XII,S/D,Urbana,Otra Señal,No existe,Intersección,S/D,Buena,Diurna,Buen Tiempo,Múltiple,S/D,Colisión,Ninguna,Faltante,Cordón divisorio,Sin restricción
2021,3873,2021-01-12,Martes,19:55:00,Ruta Nacional 11,0.0,2,"Bicicleta,Automóvil",Calle 21-Gdor. Iriondo ,2,1,0,0,1,0,0,"-29.14636, -59.65633",Ruta,11,RECONQUISTA,General Obligado,Asfalto,No existe,IX,Dentro,Urbana,Otra Señal,No existe,Intersección,Bueno,Buena,Nocturna,Buen Tiempo,Múltiple,Ciclista,Colisión,Ninguna,"Horizontal,Vertical",Cordón divisorio,Sin restricción
2021,3874,2021-01-12,Martes,18:00:00,,0.0,2,"Automóvil,Bicicleta",Calle 17-Bartolome Mitre Y Calle 26 - Bolívar,2,1,0,0,1,0,0,"-29.14477, -59.65112",Calle,,RECONQUISTA,General Obligado,Asfalto,No existe,IX,Dentro,Urbana,Otra Señal,No existe,Intersección,Bueno,Buena,Diurna,Buen Tiempo,Múltiple,Ciclista,Colisión,Ninguna,Vertical,Cordón divisorio,Sin restricción
2021,3875,2021-03-22,Lunes,12:05:00,,0.0,2,"Moto/Ciclomotor,Pickup/Utilitario",Pte. J D Perón Y Moreno,2,1,0,0,1,0,0,"-31.72645, -61.08856",Calle,,SAN CARLOS CENTRO,Las Colonias,Asfalto,No existe,XI,S/D,Urbana,Otra Señal,No existe,Intersección,Bueno,Buena,Diurna,Lluvia,Múltiple,S/D,Colisión,Agua,S/D,Cordón divisorio,Sin restricción
2021,3876,2021-01-08,Viernes,12:10:00,,0.0,2,"Moto/Ciclomotor,Automóvil",Calle 7-Sarmiento 347,2,1,0,0,1,0,0,"-29.14073, -59.63996",Calle,,RECONQUISTA,General Obligado,Asfalto,No existe,IX,Dentro,Urbana,Otra Señal,No existe,Intersección,Bueno,Buena,Diurna,Otro,Múltiple,S/D,Colisión,Ninguna,Vertical,Cordón divisorio,Sin restricción
2021,3877,2021-02-28,Domingo,19:00:00,,0.0,2,"Moto/Ciclomotor,Pickup/Utilitario",Calle 19-Habegger Y Calle 32 - Amenábar,2,1,0,0,0,0,1,"-29.14543032646181,-59.654951691627",Calle,,RECONQUISTA,General Obligado,Asfalto,No existe,IX,Dentro,Urbana,Otra Señal,No existe,Intersección,Bueno,Buena,Atardecer,Buen Tiempo,Múltiple,S/D,Colisión,Ninguna,Faltante,Cordón divisorio,Sin restricción
2021,3878,2021-01-06,Miercoles,12:00:00,,0.0,2,"Pickup/Utilitario,Moto/Ciclomotor",Calle 29-Alte Brown Y Calle 46,3,2,0,0,1,0,0,"-29.14989, -59.66466",S/D,,RECONQUISTA,General Obligado,Asfalto,No existe,IX,Dentro,Urbana,Otra Señal,No existe,Intersección,Otro,S/D,Diurna,Buen Tiempo,Múltiple,S/D,Colisión,Ninguna,Vertical,Cordón divisorio,Sin restricción
2021,3879,2021-03-22,Lunes,11:00:00,,0.0,2,"Automóvil,Camión c / Acoplado",Beck Bernard 100,2,1,0,0,0,0,1,"-31.75674, -61.0989",Calle,,SAN CARLOS NORTE,Las Colonias,Hormigón,No existe,XI,S/D,Urbana,Otra Señal,No existe,Intersección,Bueno,Buena,Diurna,Buen Tiempo,Múltiple,S/D,Colisión,Ninguna,Vertical,Cordón divisorio,Sin restricción
2021,3880,2021-01-11,Lunes,18:20:00,Ruta Nacional 11,0.0,2,"Automóvil,Pickup/Utilitario", ,4,2,0,0,2,0,0,"-28.35828, -59.26381",Ruta,11,LAS TOSCAS,General Obligado,Asfalto,Natural,IX,Dentro,Urbana,Otra Señal,Intermitente,Intersección,Ahuellamiento,Buena,Diurna,Buen Tiempo,Múltiple,S/D,Colisión,Ninguna,Vertical,Cordón divisorio,Sin restricción
2021,3881,2021-01-04,Lunes,17:00:00,,0.0,2,"Moto/Ciclomotor,Automóvil",Calle 18 Y Calle 27,2,1,0,0,1,0,0,"-28.35, -59.25391",Calle,,LAS TOSCAS,General Obligado,Ripio,Natural,IX,S/D,Urbana,Otra Señal,No existe,Intersección,Bueno,Buena,Diurna,Buen Tiempo,Múltiple,S/D,Colisión,Ninguna,Faltante,Cordón divisorio,Sin restricción
2021,3882,2021-03-22,Lunes,13:30:00,,0.0,2,"Moto/Ciclomotor,Pickup/Utilitario",9 de Julio Y Belgrano,2,1,0,0,1,0,0,"-31.26814, -60.76052",Calle,,NELSON,La Capital,Tierra,No existe,I,S/D,Urbana,Otra Señal,No existe,Intersección,Bueno,Buena,Diurna,Buen Tiempo,Múltiple,S/D,Colisión,Ninguna,Faltante,Cordón divisorio,Sin restricción
2021,3883,2021-02-20,Sabado,20:30:00,Ruta Nacional 11,0.0,2,"Moto/Ciclomotor,Pickup/Utilitario",Calle 11-Alvear ,4,3,0,0,1,0,0,"-29.141027, -59.655780",Ruta,11,RECONQUISTA,General Obligado,Asfalto,No existe,IX,Dentro,Urbana,Otra Señal,No existe,Intersección,Bueno,Buena,Nocturna,Buen Tiempo,Múltiple,S/D,Colisión,Ninguna,Horizontal,Cordón divisorio,Sin restricción
2021,3884,2021-03-17,Miercoles,15:05:00,,0.0,2,"Automóvil,Peatón",Juan XXIII 657,2,1,0,0,1,0,0,"-31.49072, -60.72762",Calle,,RECREO,La Capital,Tierra,Ripio,I,S/D,Urbana,Otra Señal,No existe,Intersección,Bueno,Buena,Diurna,Buen Tiempo,Múltiple,Peatón,Colisión,Ninguna,S/D,Cordón divisorio,Sin restricción
2021,3885,2021-03-22,Lunes,21:10:00,,0.0,2,"Taxi/Remis,Moto/Ciclomotor",Sarmiento Y J B Justo,2,1,0,0,1,0,0,"-30.31437, -61.24065",Calle,,SAN CRISTÓBAL,San CRISTÓBAL,Asfalto,No existe,XIII,Dentro,Urbana,Otra Señal,No existe,Intersección,Con baches,Buena,Nocturna,Buen Tiempo,Múltiple,S/D,Colisión,Ninguna,Vertical,Cordón divisorio,Sin restricción
2021,3886,2021-07-25,Domingo,06:20:00,,0.0,2,"Moto/Ciclomotor,Automóvil",Bolívar Y América,2,0,0,0,1,1,0,"-34.25581, -62.70531",Calle,,RUFINO,General LÓPEZ,S/D,S/D,VIII,S/D,Urbana,Otra Señal,S/D,Intersección,S/D,S/D,Nocturna,S/D,Múltiple,S/D,Colisión,S/D,S/D,Cordón divisorio,Sin restricción
2021,3888,2021-02-19,Viernes,19:25:00,,0.0,2,"Bicicleta,Automóvil",Calle 25-Rivadavia Y Calle 20 9 de Julio,3,2,0,0,1,0,0,"-29.149455357241,-59.648078675103",Avenida,,RECONQUISTA,General Obligado,Asfalto,S/D,IX,Dentro,Urbana,Otra Señal,No existe,Intersección,Bueno,S/D,Diurna,Buen Tiempo,Múltiple,Ciclista,Colisión,Ninguna,Faltante,Cordón divisorio,Sin restricción
2021,3889,2021-03-23,Martes,14:50:00,Ruta Secundaria 225-s,0.0,2,"Automóvil,Moto/Ciclomotor", ,3,1,0,0,2,0,0,"-33.02544, -60.65423",Ruta,225-s,VILLA GOBERNADOR GÁLVEZ,Rosario,Asfalto,Ripio,II,Fuera,Rural,Otra Señal,No existe,Intersección,Bueno,Buena,Diurna,Buen Tiempo,Múltiple,S/D,Colisión,Ninguna,Faltante,Cordón divisorio,Sin restricción
2021,3890,2021-03-23,Martes,18:03:00,,0.0,2,"Automóvil,Bicicleta",Bv. Avellaneda Y Lamadrid,2,1,0,0,1,0,0,"-32.99831, -60.68896",Calle,,ROSARIO,Rosario,Asfalto,No existe,II,Dentro,Urbana,Otra Señal,No existe,Intersección,Bueno,Buena,Atardecer,Buen Tiempo,Múltiple,Ciclista,Colisión,Ninguna,Faltante,Cordón divisorio,Sin restricción
2021,3892,2021-02-19,Viernes,20:05:00,,0.0,2,"Bicicleta,Automóvil",Calle 20 9 de Julio Y Calle 29-Alte Brown,2,1,0,0,1,0,0,"-29.15161248859,-59.648405350431",Calle,,RECONQUISTA,General Obligado,Asfalto,No existe,IX,Dentro,Urbana,Otra Señal,No existe,Intersección,Bueno,Buena,"Nocturna,Con luz artificial",Buen Tiempo,Múltiple,Ciclista,Colisión,Ninguna,Horizontal,Cordón divisorio,Sin restricción
2021,3893,2021-06-23,Miercoles,14:10:00,Ruta Provincial 10,0.0,1,Taxi/Remis, ,1,1,0,0,0,0,0,"-32.198452, -61.149321",Ruta,10,BERNARDO DE IRIGOYEN,San JERÓNIMO,Asfalto,Natural,XV,Fuera,Rural,Otra Señal,No existe,Intersección,Bueno,Buena,Diurna,Buen Tiempo,Múltiple,S/D,Colisión,Ninguna,Faltante,Cordón divisorio,Sin restricción
2021,3894,2021-03-23,Martes,12:25:00,,0.0,2,"Automóvil,Peatón",9 De Julio Y Sarmiento,3,2,0,0,1,0,0,"-32.95383, -60.64001",Calle,,ROSARIO,Rosario,Asfalto,No existe,II,S/D,Urbana,Otra Señal,No existe,Intersección,Bueno,S/D,Diurna,S/D,Múltiple,Peatón,Colisión,S/D,"Horizontal,Vertical",Cordón divisorio,Sin restricción
2021,3895,2021-02-13,Sabado,12:40:00,,0.0,2,"Moto/Ciclomotor,Pickup/Utilitario",Calle 33-Pueyrredon Y Calle 44-27 de Abril,2,1,0,0,1,0,0,"-29.15161248859,-59.648405350431",Calle,,RECONQUISTA,General Obligado,Asfalto,No existe,IX,Dentro,Urbana,Otra Señal,Funciona,Intersección,Bueno,Buena,Diurna,Buen Tiempo,Múltiple,S/D,Colisión,Ninguna,"Horizontal,Vertical",Cordón divisorio,Sin restricción
2021,3896,2021-06-26,Sabado,15:05:00,,0.0,2,"Automóvil,Moto/Ciclomotor",25 de Mayo Y Bv C Pellegrini,2,1,0,0,1,0,0,"-30.793201619027,-60.596538097749",Avenida,,SAN JUSTO,San Justo,Asfalto,No existe,XVI,Dentro,Urbana,Otra Señal,No existe,Intersección,Bueno,Buena,Diurna,Buen Tiempo,Múltiple,S/D,Colisión,Ninguna,Faltante,Cordón divisorio,Sin restricción
2021,3898,2021-01-15,Viernes,09:40:00,,0.0,2,"Moto/Ciclomotor,Automóvil",Calle 33-Pueyrredon ,2,1,0,0,1,0,0,"-32.74734, -60.75485",Calle,,RECONQUISTA,General Obligado,Asfalto,No existe,IX,Dentro,Urbana,Otra Señal,No existe,Intersección,Otro,Buena,Diurna,Otro,Múltiple,S/D,Colisión,Ninguna,Vertical,Cordón divisorio,Sin restricción
2021,3899,2021-06-30,Miercoles,09:45:00,,0.0,2,"Bicicleta,Automóvil",J M De Rosas Y Santa Fe,2,1,0,0,1,0,0,"-30.79953,-60.599103",Calle,,SAN JUSTO,San Justo,Hormigón,No existe,XVI,Dentro,Urbana,Otra Señal,No existe,Intersección,Bueno,Buena,Diurna,Buen Tiempo,Múltiple,Ciclista,Colisión,Ninguna,Faltante,Cordón divisorio,Sin restricción
2021,3900,2021-04-20,Martes,10:50:00,,0.0,2,"Moto/Ciclomotor,Pickup/Utilitario",Calle 18 - Gral. Belgrano ,2,1,0,0,1,0,0,"-29.138292225855,-59.645295825777",Calle,,RECONQUISTA,General Obligado,Asfalto,No existe,IX,Dentro,Urbana,Otra Señal,Funciona,Intersección,Bueno,Buena,Diurna,Buen Tiempo,Múltiple,S/D,Colisión,Ninguna,"Horizontal,Vertical",Cordón divisorio,Sin restricción
2021,3901,2021-06-30,Miercoles,11:50:00,,0.0,2,"Automóvil,Moto/Ciclomotor",Av. Iriondo Y N Figueredo,2,1,0,0,1,0,0,"-30.791729986667633,-60.59314548969",Avenida,,SAN JUSTO,San Justo,Hormigón,No existe,XVI,Dentro,Urbana,Otra Señal,No existe,Intersección,Bueno,Buena,Diurna,Buen Tiempo,Múltiple,S/D,Colisión,Ninguna,Faltante,Cordón divisorio,Sin restricción
2021,3902,2021-04-27,Martes,10:25:00,,0.0,2,"Moto/Ciclomotor,Automóvil",Calle 8-Chacabuco Y Calle 11-Alvear,2,1,0,0,1,0,0,"-29.142727, -59.639649",Calle,,RECONQUISTA,General Obligado,Asfalto,No existe,IX,Dentro,Urbana,Otra Señal,No existe,Intersección,Bueno,Buena,Diurna,Buen Tiempo,Múltiple,S/D,Colisión,Ninguna,Horizontal,Cordón divisorio,Sin restricción
2021,3903,2021-05-21,Viernes,20:30:00,,0.0,2,"Moto/Ciclomotor,Bicicleta", ,2,1,0,0,1,0,0,"-32.74734, -60.75485",Calle,,RECONQUISTA,General Obligado,Asfalto,Pavimento,IX,Dentro,Urbana,Otra Señal,No existe,Intersección,Bueno,Reducida,Nocturna,Lluvia,Múltiple,S/D,Colisión,Agua,Horizontal,Cordón divisorio,Sin restricción
2021,3904,2021-06-09,Miercoles,12:30:00,,0.0,2,"Moto/Ciclomotor,Pickup/Utilitario",9 de Julio Y Bv R S PEÑA,2,1,0,0,1,0,0,"-30.787577980188,-60.598467487055",Avenida,,SAN JUSTO,San Justo,Asfalto,No existe,XVI,Dentro,Urbana,Otra Señal,No existe,Intersección,Bueno,S/D,Diurna,Buen Tiempo,Múltiple,S/D,Colisión,Ninguna,Faltante,Cordón divisorio,Sin restricción
2021,3905,2021-04-15,Jueves,17:00:00,,0.0,2,"Automóvil,Moto/Ciclomotor",Calle 16-Obligado ,3,2,0,0,1,0,0,"-29.152950, -59.646087",Calle,,RECONQUISTA,General Obligado,Asfalto,No existe,IX,Dentro,Urbana,Otra Señal,No existe,Intersección,Bueno,Buena,Diurna,Buen Tiempo,Múltiple,S/D,Colisión,Ninguna,Faltante,Cordón divisorio,Sin restricción
2021,3906,2021-06-12,Sabado,20:30:00,,0.0,1,Moto/Ciclomotor,CORTADA 53 Y CDA JUAN MILESI,1,1,0,0,0,0,0,"-30.792073309421543,-60.58064371347",Calle,,SAN JUSTO,San Justo,Tierra,No existe,XVI,Dentro,Urbana,Otra Señal,No existe,Intersección,Bueno,Reducida,Nocturna,Buen Tiempo,Múltiple,S/D,Colisión,Ninguna,Faltante,Cordón divisorio,Sin restricción
2021,3907,2021-04-14,Miercoles,11:05:00,,0.0,2,"Moto/Ciclomotor,Automóvil",Calle 16-Obligado ,2,1,0,0,1,0,0,"-29.136887490749363,-59.64384868741",Calle,,RECONQUISTA,General Obligado,Asfalto,No existe,IX,Dentro,Urbana,Otra Señal,No existe,Intersección,Bueno,Buena,Diurna,Buen Tiempo,Múltiple,S/D,Colisión,Ninguna,S/D,Cordón divisorio,Sin restricción
2021,3908,2021-06-15,Martes,17:45:00,,0.0,2,"Bicicleta,Automóvil",9 de Julio Y A castellanos,2,1,0,0,1,0,0,"-30.364506263082,-60.401317541656",Calle,,GOBERNADOR CRESPO,San Justo,Hormigón,No existe,XVI,Dentro,Urbana,Otra Señal,No existe,Intersección,Bueno,Buena,Atardecer,Buen Tiempo,Múltiple,Ciclista,Colisión,Ninguna,Faltante,Cordón divisorio,Sin restricción