anio_acci,nro_acci,fecha,desc_dia,hora_aprox,desc_ruta,km,cant_participantes,desc_participante,calle_avenida_km,total,heridos_leves,heridos_graves,heridos_gravisimos,ilesos,fallecidos,sin_datos,posicion_XY,desc_tipo_via,desc_ruta_ori,desc_loc,desc_dpto,desc_tipo_calzada,desc_tipo_banquina,desc_unidad_regional,desc_lugar_calzada,desc_zona,desc_prioridad,desc_estado_semaforo,desc_lugar_via,desc_estado_via,desc_estado_visibilidad,desc_luminosidad,desc_estado_clima,desc_tipo_colision,desc_tipo_atropello,desc_tipo_hecho,desc_pres_calzada,desc_senializacion,desc_separacion_via,desc_restriccion
2021,3909,2021-06-08,Martes,18:30:00,,0.0,2,"Moto/Ciclomotor,Automóvil",N Figueredo Y P Gaggero,2,1,0,0,1,0,0,"-30.79256147146225,-60.584549009799",Calle,,SAN JUSTO,San Justo,Tierra,No existe,XVI,Dentro,Urbana,Otra Señal,No existe,Intersección,Con baches,Buena,Atardecer,Buen Tiempo,Múltiple,S/D,Colisión,Ninguna,Faltante,Cordón divisorio,Sin restricción
2021,3910,2021-02-06,Sabado,18:15:00,,0.0,2,"Moto/Ciclomotor,Automóvil",Calle 10-Ludueña Y Calle 15-Patricio Diez,2,1,0,0,1,0,0,"-29.144727634124,-59.641214277722",Calle,,RECONQUISTA,General Obligado,Asfalto,No existe,IX,Dentro,Urbana,Otra Señal,No existe,Intersección,Bueno,Buena,Diurna,Buen Tiempo,Múltiple,S/D,Colisión,Ninguna,Faltante,Cordón divisorio,Sin restricción
2021,3911,2021-04-14,Miercoles,10:50:00,,0.0,2,"Automóvil,Automóvil",Calle 20 9 de Julio Y Calle 25-Rivadavia,3,2,0,0,1,0,0,"-29.149455357241,-59.648078675103",Calle,,RECONQUISTA,General Obligado,Asfalto,No existe,IX,Dentro,Urbana,Otra Señal,No existe,Intersección,Bueno,Buena,Diurna,Buen Tiempo,Múltiple,S/D,Colisión,Ninguna,Faltante,Cordón divisorio,Sin restricción
2021,3912,2021-06-27,Domingo,15:30:00,,0.0,1,Moto/Ciclomotor,N Figueredo Y Sarmiento,1,1,0,0,0,0,0,"-30.792170691991,-60.583252476412",Calle,,SAN JUSTO,San Justo,Tierra,No existe,XVI,Dentro,Urbana,Otra Señal,No existe,Intersección,Bueno,Buena,Amanecer,S/D,Múltiple,S/D,Colisión,Ninguna,Faltante,Cordón divisorio,Sin restricción
2021,3913,2021-02-11,Jueves,13:00:00,Ruta Nacional 11,0.0,2,"Moto/Ciclomotor,Moto/Ciclomotor",Calle 33-Pueyrredon Y Calle 34,2,1,0,0,1,0,0,"-29.152844915544,-59.657466259218",Ruta,11,RECONQUISTA,General Obligado,Asfalto,No existe,IX,Dentro,Urbana,Otra Señal,Funciona,Intersección,Bueno,Buena,Diurna,Buen Tiempo,Múltiple,S/D,Colisión,Ninguna,"Horizontal,Vertical",Cordón divisorio,Sin restricción
2021,3914,2021-05-26,Miercoles,16:00:00,,0.0,2,"Moto/Ciclomotor,Camión",Calle 50 ,3,2,0,0,1,0,0,"-32.74734, -60.75485",Calle,,RECONQUISTA,General Obligado,Tierra,Natural,IX,Dentro,Urbana,Otra Señal,No existe,Intersección,Otro,Buena,Diurna,Buen Tiempo,Múltiple,S/D,Colisión,Ninguna,Faltante,Cordón divisorio,Sin restricción
2021,3915,2021-03-23,Martes,10:00:00,Ruta Provincial 40,74.0,1,Moto/Ciclomotor, ,1,1,0,0,0,0,0,"-29.05838, -60.3899",Ruta,40,FORTÍN OLMOS,Vera,Tierra,No existe,XIX,S/D,Rural,Otra Señal,No existe,Intersección,Con baches,Buena,Diurna,Buen Tiempo,Múltiple,S/D,Colisión,Ninguna,Faltante,Cordón divisorio,Sin restricción
2021,3916,2021-06-19,Sabado,03:30:00,,0.0,1,Moto/Ciclomotor,Centenario Y Mariano Moreno,2,2,0,0,0,0,0,"-30.357629162856,-60.402475241811",Calle,,GOBERNADOR CRESPO,San Justo,Asfalto,No existe,XVI,Dentro,Urbana,Otra Señal,No existe,Intersección,Bueno,Buena,"Nocturna,Con luz artificial",Buen Tiempo,Múltiple,S/D,Colisión,Ninguna,Faltante,Cordón divisorio,Sin restricción
2021,3917,2021-04-13,Martes,14:00:00,,0.0,2,"Moto/Ciclomotor,Automóvil",Calle 13-Iturraspe 1200,2,1,0,0,1,0,0,"-29.142596905855,-59.650887079095",Calle,,RECONQUISTA,General Obligado,Asfalto,No existe,IX,Dentro,Urbana,Otra Señal,No existe,Intersección,Bueno,Buena,Diurna,Buen Tiempo,Múltiple,S/D,Colisión,Ninguna,Faltante,Cordón divisorio,Sin restricción
2021,3918,2021-04-24,Sabado,07:45:00,Ruta Nacional 11,0.0,2,"Peatón,Automóvil",Calle 2 Y Calle 23,2,1,0,0,1,0,0,"-28.35219667203,-59.263772441788",Ruta,11,LAS TOSCAS,General Obligado,Asfalto,Pavimento,IX,Dentro,Urbana,Otra Señal,No existe,Intersección,Resbaladiza,Reducida,Diurna,Lluvia,Múltiple,Peatón,Colisión,Agua,Horizontal,Cordón divisorio,Sin restricción
2021,3919,2021-03-23,Martes,,,0.0,2,"Moto/Ciclomotor,Automóvil",Bv Belgrano Y Roque Sáenz PEÑA,3,2,0,0,1,0,0,"-29.88874, -60.2826",Avenida,,CALCHAQUÍ,Vera,Asfalto,Natural,XIX,Dentro,Urbana,Otra Señal,No existe,Intersección,Bueno,Buena,Diurna,Buen Tiempo,Múltiple,S/D,Colisión,Ninguna,Vertical,Cordón divisorio,Sin restricción
2021,3920,2021-06-02,Miercoles,18:15:00,,0.0,2,"Moto/Ciclomotor,Pickup/Utilitario",RENE GRENON 978,2,1,0,0,1,0,0,"-30.575390457661,-60.477509341866",Calle,,MARCELINO ESCALADA,San Justo,Ripio,No existe,XVI,Dentro,Urbana,Otra Señal,No existe,Intersección,Bueno,Buena,Diurna,Buen Tiempo,Múltiple,S/D,Colisión,Ninguna,Faltante,Cordón divisorio,Sin restricción
2021,3921,2021-04-07,Miercoles,12:05:00,Ruta Nacional 11,0.0,2,"Moto/Ciclomotor,Bicicleta",Calle 23-Gral López ,2,1,0,0,1,0,0,"-29.147445, -59.656541",Ruta,11,RECONQUISTA,General Obligado,Asfalto,No existe,IX,Dentro,Urbana,Otra Señal,No existe,Intersección,Bueno,Buena,Diurna,S/D,Múltiple,Ciclista,Colisión,Ninguna,Horizontal,Cordón divisorio,Sin restricción
2021,3922,2021-04-29,Jueves,18:15:00,Ruta Nacional 11,0.0,2,"Moto/Ciclomotor,Automóvil",CALLE 27 Y RUTA NACIONAL 11,2,1,0,0,1,0,0,"-28.350106, -59.263882",Ruta,11,SAN JUSTO,San Justo,Asfalto,Natural,IX,Dentro,Urbana,Otra Señal,No existe,Intersección,Bueno,Buena,Diurna,Buen Tiempo,Múltiple,S/D,Colisión,Ninguna,Horizontal,Cordón divisorio,Sin restricción
2021,3923,2021-04-01,Jueves,12:20:00,Ruta Nacional 11,0.0,2,"Moto/Ciclomotor,Bicicleta",Calle 27-Gdor Freyre Y Calle 34,2,1,0,0,1,0,0,"-29.149600286517,-59.656999115748",Ruta,11,RECONQUISTA,General Obligado,Asfalto,No existe,IX,Dentro,Urbana,Otra Señal,No existe,Intersección,Bueno,Buena,Diurna,Buen Tiempo,Múltiple,Ciclista,Colisión,Ninguna,"Horizontal,Vertical",Cordón divisorio,Sin restricción
2021,3924,2021-04-30,Viernes,12:00:00,,0.0,2,"Moto/Ciclomotor,Pickup/Utilitario",Calle 8 Y Calle 11,2,1,0,0,1,0,0,"-28.358695253649,-59.260004586967",Calle,,LAS TOSCAS,General Obligado,Asfalto,No existe,IX,Dentro,Urbana,Otra Señal,No existe,Intersección,Ahuellamiento,Buena,Diurna,Buen Tiempo,Múltiple,S/D,Colisión,Ninguna,Faltante,Cordón divisorio,Sin restricción
2021,3925,2021-04-02,Viernes,20:00:00,,0.0,2,"Bicicleta,Automóvil",Calle 9-Mariano Moreno Y Calle 30-Lucas Funes,2,1,0,0,1,0,0,"-29.140184560618,-59.653032772875",Calle,,RECONQUISTA,General Obligado,Asfalto,No existe,IX,Dentro,Urbana,Otra Señal,No existe,Intersección,Bueno,Buena,Nocturna,Buen Tiempo,Múltiple,Ciclista,Colisión,Ninguna,Faltante,Cordón divisorio,Sin restricción
2021,3926,2021-04-29,Jueves,11:45:00,,0.0,2,"Moto/Ciclomotor,Automóvil",Calle 18 - Gral. Belgrano Y Calle 19-Habegger,2,1,0,0,1,0,0,"-29.146338442849,-59.646444937756",Calle,,RECONQUISTA,General Obligado,Asfalto,No existe,IX,Dentro,Urbana,Otra Señal,No existe,Intersección,Bueno,Buena,Diurna,Buen Tiempo,Múltiple,S/D,Colisión,Ninguna,Horizontal,Cordón divisorio,Sin restricción
2021,3927,2021-03-29,Lunes,08:50:00,,0.0,2,"Moto/Ciclomotor,Pickup/Utilitario",Calle 42 - Misiones ,3,2,0,0,1,0,0,"-32.74734, -60.75485",Calle,,RECONQUISTA,General Obligado,Asfalto,No existe,IX,Dentro,Urbana,Otra Señal,No existe,Intersección,Bueno,Buena,Diurna,Otro,Múltiple,S/D,Colisión,S/D,Vertical,Cordón divisorio,Sin restricción
2021,3929,2021-05-29,Sabado,20:50:00,,0.0,2,"Moto/Ciclomotor,Automóvil",Calle 21-Gdor. Iriondo ,2,1,0,0,1,0,0,"-32.74734, -60.75485",Calle,,RECONQUISTA,General Obligado,Asfalto,No existe,IX,Dentro,Urbana,Otra Señal,No existe,Intersección,Bueno,Buena,Nocturna,Buen Tiempo,Múltiple,S/D,Colisión,Ninguna,Horizontal,Cordón divisorio,Sin restricción
2021,3936,2021-03-23,Martes,15:41:00,,0.0,2,"Moto/Ciclomotor,Automóvil",Bv. Seguí Y Rodríguez,2,1,0,0,1,0,0,"-32.97535, -60.66695",Calle,,ROSARIO,Rosario,Asfalto,No existe,II,Dentro,Urbana,Otra Señal,No existe,Intersección,Bueno,Buena,Diurna,Buen Tiempo,Múltiple,Ciclista,Colisión,Ninguna,Vertical,Cordón divisorio,Sin restricción
2021,3939,2021-05-26,Miercoles,15:40:00,,0.0,2,"Pickup/Utilitario,Moto/Ciclomotor",San Martin Y Gral. Obligado,2,1,0,0,1,0,0,"-32.74734, -60.75485",Calle,,MARGARITA,Vera,Asfalto,S/D,XIX,Dentro,Urbana,Otra Señal,No existe,Intersección,S/D,S/D,Diurna,S/D,Múltiple,S/D,Colisión,S/D,S/D,Cordón divisorio,Sin restricción
2021,3940,2021-07-25,Domingo,14:10:00,,0.0,2,"Moto/Ciclomotor,Automóvil",Mariano Moreno Y Padre R. Giaccone,4,1,0,0,3,0,0,"-33.008271653302,-60.661719105535",Calle,,ROSARIO,Rosario,Asfalto,No existe,II,Dentro,Urbana,Otra Señal,No existe,Intersección,Bueno,Buena,Diurna,Buen Tiempo,Múltiple,S/D,Colisión,Ninguna,Vertical,Cordón divisorio,Sin restricción
2021,3941,2021-03-23,Martes,12:00:00,,0.0,2,"Automóvil,Bicicleta",G Lehmann Y Domingo Faustino Sarmiento,2,1,0,0,1,0,0,"-31.45042, -60.93186",Calle,,ESPERANZA,Las Colonias,Asfalto,S/D,XI,Dentro,Urbana,Otra Señal,No existe,Intersección,Bueno,Buena,Diurna,Buen Tiempo,Múltiple,Ciclista,Colisión,Ninguna,Vertical,Cordón divisorio,Sin restricción
2021,3942,2021-07-23,Viernes,19:00:00,,0.0,2,"Moto/Ciclomotor,Peatón",Av. Battle y Ordoñez Y Bv. Avellaneda,4,1,0,0,3,0,0,"-33.010086349922,-60.689433158117",Avenida,,ROSARIO,Rosario,Asfalto,No existe,II,Dentro,Urbana,Otra Señal,No existe,Intersección,Bueno,Buena,Atardecer,Buen Tiempo,Múltiple,Peatón,Colisión,Ninguna,Vertical,Cordón divisorio,Sin restricción
2021,3943,2021-03-23,Martes,12:30:00,,0.0,2,"Automóvil,Moto/Ciclomotor",9 de Julio Y Santa Fe,4,2,0,0,2,0,0,"-31.55698, -61.07318",Calle,,SAN JERÓNIMO NORTE,Las Colonias,Asfalto,No existe,XI,Dentro,Urbana,Otra Señal,No existe,Intersección,Bueno,Buena,Diurna,Buen Tiempo,Múltiple,S/D,Colisión,Ninguna,Vertical,Cordón divisorio,Sin restricción
2021,3945,2021-07-14,Miercoles,14:15:00,,0.0,2,"Moto/Ciclomotor,Automóvil",Bv. Seguí Y San Nicolas,2,1,0,0,1,0,0,"-32.972858261047,-60.680552611412",Avenida,,ROSARIO,Rosario,Asfalto,No existe,II,Dentro,Urbana,Otra Señal,Funciona,Intersección,Bueno,Buena,Diurna,Buen Tiempo,Múltiple,S/D,Colisión,Ninguna,"Horizontal,Vertical",Cordón divisorio,Sin restricción
2021,3946,2021-03-23,Martes,13:09:00,,0.0,2,"Automóvil,Peatón",San Martin Y Mendoza,2,1,0,0,1,0,0,"-31.64914, -60.70734",Calle,,SANTA FE,La Capital,Asfalto,No existe,I,S/D,Urbana,Otra Señal,No existe,Intersección,Bueno,S/D,Diurna,S/D,Múltiple,Peatón,Colisión,S/D,Faltante,Cordón divisorio,Sin restricción
2021,3947,2021-07-28,Miercoles,16:50:00,,0.0,2,"Moto/Ciclomotor,Pickup/Utilitario",Bv. Seguí Y Callao,2,1,0,0,1,0,0,"-32.9750585829,-60.668294846471",Avenida,,ROSARIO,Rosario,Asfalto,No existe,II,Dentro,Urbana,Otra Señal,No existe,Intersección,Bueno,Buena,Diurna,Buen Tiempo,Múltiple,S/D,Colisión,Ninguna,Horizontal,Cordón divisorio,Sin restricción
2021,3948,2021-07-15,Jueves,18:20:00,,0.0,2,"Automóvil,Peatón",Av. Battle y Ordoñez Y España,2,1,0,0,1,0,0,"-33.009137843023,-60.657321431552",Avenida,,ROSARIO,Rosario,Asfalto,No existe,II,Dentro,Urbana,Otra Señal,Funciona,Intersección,Bueno,Buena,Diurna,Buen Tiempo,Múltiple,Peatón,Colisión,Ninguna,"Horizontal,Vertical",Cordón divisorio,Sin restricción
2021,3949,2021-07-28,Miercoles,15:25:00,,0.0,2,"Bicicleta,Automóvil",Av. Ovidio Lagos Y Lamadrid,2,1,0,0,1,0,0,"-32.997846440095,-60.675031983696",Avenida,,ROSARIO,Rosario,Asfalto,Pavimento,II,Dentro,Urbana,Otra Señal,No existe,Intersección,Bueno,Buena,Diurna,Buen Tiempo,Múltiple,Ciclista,Colisión,Ninguna,Horizontal,Cordón divisorio,Sin restricción
2021,3950,2021-03-23,Martes,19:50:00,Ruta Provincial 1,118.0,1,Moto/Ciclomotor, ,2,2,0,0,0,0,0,"-30.8142, -60.00705",Ruta,1,COLONIA MASCIAS,Garay,Asfalto,Natural,VII,S/D,Urbana,Otra Señal,No existe,Intersección,Bueno,Buena,Atardecer,Buen Tiempo,Múltiple,S/D,Colisión,Ninguna,Faltante,Cordón divisorio,Sin restricción
2021,3952,2021-05-23,Domingo,,Ruta Nacional 8,0.0,1,Taxi/Remis,Ruta Nac 8 ,3,3,0,0,0,0,0,"-33.73008, -61.99353",Ruta,8,VENADO TUERTO,General LÓPEZ,Asfalto,S/D,VIII,Dentro,Urbana,Otra Señal,S/D,Intersección,S/D,S/D,Nocturna,S/D,Múltiple,S/D,Colisión,S/D,S/D,Cordón divisorio,Sin restricción
2021,3953,2021-03-23,Martes,17:40:00,,0.0,2,"Automóvil,Moto/Ciclomotor",Av. Freyre Y Hipólito Yrigoyen,2,1,0,0,1,0,0,"-31.64011, -60.71702",Avenida,,SANTA FE,La Capital,Asfalto,Ripio,I,S/D,Urbana,Otra Señal,No existe,Intersección,Bueno,Buena,Diurna,Buen Tiempo,Múltiple,S/D,Colisión,Ninguna,Faltante,Cordón divisorio,Sin restricción
2021,3954,2021-07-16,Viernes,20:44:00,,0.0,2,"Automóvil,Automóvil",Constitución Y Dr. Rivas,4,1,0,0,3,0,0,"-32.977320, -60.683112",Calle,,ROSARIO,Rosario,Asfalto,No existe,II,Dentro,Urbana,Otra Señal,No existe,Intersección,Bueno,Reducida,"Nocturna,Con luz artificial",Buen Tiempo,Múltiple,S/D,Colisión,Ninguna,Faltante,Cordón divisorio,Sin restricción
2021,3955,2021-07-22,Jueves,13:00:00,,0.0,2,"Moto/Ciclomotor,Automóvil",Av. Battle y Ordoñez Y Mariano Moreno,2,1,0,0,1,0,0,"-33.00927694722,-60.661676958341",Avenida,,ROSARIO,Rosario,Asfalto,No existe,II,Dentro,Urbana,Otra Señal,Funciona,Intersección,Bueno,Buena,Diurna,Buen Tiempo,Múltiple,S/D,Colisión,Ninguna,"Horizontal,Vertical",Cordón divisorio,Sin restricción
2021,3956,2021-03-02,Martes,18:30:00,,0.0,2,"Moto/Ciclomotor,Moto/Ciclomotor",Independencia Y Sarmiento,2,2,0,0,0,0,0,"-31.30324, -60.67198",Calle,,LAGUNA PAIVA,La Capital,Ripio,No existe,I,S/D,Urbana,Otra Señal,No existe,Intersección,Bueno,Buena,Diurna,Buen Tiempo,Múltiple,S/D,Colisión,Ninguna,Faltante,Cordón divisorio,Sin restricción
2021,3957,2021-03-25,Jueves,09:10:00,,0.0,2,"Moto/Ciclomotor,Automóvil",Av. Ignacio Crespo 1300,2,1,0,0,1,0,0,"-31.50338, -60.73614",Avenida,,RECREO,La Capital,Hormigón,No existe,I,Dentro,Urbana,Otra Señal,No existe,Intersección,Bueno,Buena,Diurna,Buen Tiempo,Múltiple,S/D,Colisión,Ninguna,Faltante,Cordón divisorio,Sin restricción
2021,3958,2021-07-24,Sabado,09:15:00,,0.0,2,"Taxi/Remis,Automóvil",Av. Ovidio Lagos 7000,3,1,0,0,2,0,0,"-33.020927, -60.679920",Avenida,,ROSARIO,Rosario,Asfalto,No existe,II,Dentro,Urbana,Otra Señal,Funciona,Intersección,Bueno,Buena,Diurna,Buen Tiempo,Múltiple,S/D,Colisión,Ninguna,"Horizontal,Vertical",Cordón divisorio,Sin restricción
2021,3959,2021-03-26,Viernes,06:20:00,Autovía Nacional 168,3.0,2,"Automóvil,Moto/Ciclomotor",Laurencio Maradona ,3,2,0,0,1,0,0,"-31.64179, -60.67634",Autovía,168,SANTA FE,La Capital,Asfalto,No existe,I,Dentro,Rural,Otra Señal,No existe,Intersección,Con baches,Buena,"Amanecer,Con luz artificial",Lluvia,Múltiple,S/D,Colisión,Ninguna,Faltante,Cordón divisorio,Sin restricción
2021,3960,2021-05-22,Sabado,,,0.0,1,Pickup/Utilitario, ,1,1,0,0,0,0,0,"-29.1448, -59.64357",S/D,,HUGENTOBLER,Castellanos,S/D,S/D,III,S/D,S/D,Otra Señal,S/D,Intersección,S/D,S/D,S/D,S/D,Múltiple,S/D,Colisión,S/D,S/D,Cordón divisorio,Sin restricción
2021,3964,2021-07-08,Jueves,14:00:00,,0.0,2,"Moto/Ciclomotor,Moto/Ciclomotor",Av. Francia Y Hilarion de la Quintana,2,1,0,0,0,0,1,"-32.977586056072,-60.674742461757",Avenida,,ROSARIO,Rosario,Asfalto,No existe,II,Dentro,Urbana,Otra Señal,No existe,Intersección,Bueno,Buena,Diurna,Buen Tiempo,Múltiple,S/D,Colisión,Ninguna,"Horizontal,Vertical",Cordón divisorio,Sin restricción
2021,3965,2021-05-23,Domingo,,Ruta Secundaria 262-s,0.0,2,"Moto/Ciclomotor,Automóvil", ,2,1,0,0,1,0,0,"-28.48194, -59.61777",Ruta,262-s,VILLA ANA,General Obligado,Asfalto,S/D,IX,Dentro,Rural,Otra Señal,No existe,Intersección,S/D,S/D,S/D,S/D,Múltiple,S/D,Colisión,S/D,S/D,Cordón divisorio,Sin restricción
2021,3968,2021-07-22,Jueves,18:05:00,,0.0,2,"Automóvil,Moto/Ciclomotor",Camilo Aldao Y Garay,2,1,0,0,1,0,0,"-32.965835572677,-60.694988878945",Calle,,ROSARIO,Rosario,Asfalto,No existe,II,Dentro,Urbana,Otra Señal,No existe,Intersección,Bueno,Buena,Diurna,Buen Tiempo,Múltiple,S/D,Colisión,Ninguna,Faltante,Cordón divisorio,Sin restricción
2021,3969,2021-07-05,Lunes,16:45:00,,0.0,2,"Moto/Ciclomotor,Moto/Ciclomotor",San Martin Y Platón,2,1,0,0,0,0,1,"-33.020122323568,-60.65305604165",Avenida,,ROSARIO,Rosario,Asfalto,No existe,II,Dentro,Urbana,Otra Señal,No existe,Intersección,Bueno,Buena,Diurna,Buen Tiempo,Múltiple,S/D,Colisión,Ninguna,Horizontal,Cordón divisorio,Sin restricción
2021,3971,2021-05-23,Domingo,,,0.0,2,"Automóvil,Pickup/Utilitario",San Jerónimo Y Suipacha,2,1,0,0,1,0,0,"-32.95883, -60.693",Calle,,SANTA FE,La Capital,Asfalto,S/D,I,Dentro,Urbana,Otra Señal,S/D,Intersección,S/D,S/D,S/D,S/D,Múltiple,S/D,Colisión,S/D,S/D,Cordón divisorio,Sin restricción
2021,3972,2021-07-08,Jueves,21:30:00,,0.0,2,"Moto/Ciclomotor,Automóvil",Amenábar Y Av. Provincias Unidas,2,1,0,0,1,0,0,"-32.963948276068,-60.711713446858",Avenida,,ROSARIO,Rosario,Asfalto,No existe,II,Dentro,Urbana,Otra Señal,No existe,Intersección,Bueno,Buena,Diurna,Buen Tiempo,Múltiple,S/D,Colisión,Ninguna,Faltante,Cordón divisorio,Sin restricción
2021,3973,2021-05-23,Domingo,,,0.0,2,"Moto/Ciclomotor,Moto/Ciclomotor",Calle 23-Gral López ,2,1,0,0,1,0,0,"-32.74734, -60.75485",Calle,,RECONQUISTA,General Obligado,Asfalto,S/D,IX,Dentro,Urbana,Otra Señal,S/D,Intersección,S/D,S/D,Diurna,S/D,Múltiple,S/D,Colisión,S/D,S/D,Cordón divisorio,Sin restricción
2021,3974,2021-07-28,Miercoles,12:20:00,,0.0,2,"Moto/Ciclomotor,Automóvil",Grandoli 4100,3,2,0,0,1,0,0,"-32.988267020462,-60.628442634457",Avenida,,ROSARIO,Rosario,Asfalto,No existe,II,Dentro,Urbana,Otra Señal,No existe,Intersección,Bueno,Buena,Diurna,Buen Tiempo,Múltiple,S/D,Colisión,Ninguna,Horizontal,Cordón divisorio,Sin restricción
2021,3975,2021-07-28,Miercoles,15:15:00,,0.0,2,"Moto/Ciclomotor,Automóvil",Ayacucho 4300,3,2,0,0,1,0,0,"-32.989189620917,-60.636730923708",Calle,,ROSARIO,Rosario,Asfalto,No existe,II,Dentro,Urbana,Otra Señal,No existe,Intersección,Bueno,Buena,Diurna,Buen Tiempo,Múltiple,S/D,Colisión,Ninguna,Faltante,Cordón divisorio,Sin restricción
2021,3977,2021-07-15,Jueves,16:30:00,,0.0,2,"Moto/Ciclomotor,Peatón",Biedma Y Roullon,3,2,0,0,1,0,0,"-32.973129, -60.700904",Calle,,ROSARIO,Rosario,Asfalto,No existe,II,Dentro,Urbana,Otra Señal,No existe,Intersección,Bueno,Buena,Diurna,Buen Tiempo,Múltiple,Peatón,Colisión,S/D,Faltante,Cordón divisorio,Sin restricción
2021,3978,2021-07-13,Martes,17:20:00,,0.0,2,"Moto/Ciclomotor,Vehículo Oficial",Anderson Y Bertole,4,2,0,0,2,0,0,"-32.965250462531,-60.721454366152",Calle,,ROSARIO,Rosario,Asfalto,No existe,II,Dentro,Urbana,Otra Señal,No existe,Intersección,Bueno,Buena,Diurna,Buen Tiempo,Múltiple,S/D,Colisión,Ninguna,Faltante,Cordón divisorio,Sin restricción
2021,3979,2021-07-14,Miercoles,20:20:00,,0.0,2,"Moto/Ciclomotor,Automóvil",Ayacucho Y Cabildo,3,1,0,0,2,0,0,"-33.006935089906,-60.635791922905",Calle,,ROSARIO,Rosario,Asfalto,No existe,II,Dentro,Urbana,Otra Señal,No existe,Intersección,Bueno,Buena,Nocturna,Buen Tiempo,Múltiple,S/D,Colisión,Ninguna,Horizontal,Cordón divisorio,Sin restricción
2021,3981,2021-07-01,Jueves,17:00:00,,0.0,2,"Moto/Ciclomotor,Taxi/Remis",Av. Bermúdez Y Caupolicán,2,1,0,0,1,0,0,"-33.009720934775,-60.642254072561",Avenida,,ROSARIO,Rosario,Asfalto,No existe,II,Dentro,Urbana,Otra Señal,No existe,Intersección,Bueno,Buena,Diurna,Buen Tiempo,Múltiple,S/D,Colisión,Ninguna,Faltante,Cordón divisorio,Sin restricción
2021,3982,2021-07-03,Sabado,11:50:00,,0.0,2,"Automóvil,Moto/Ciclomotor",Ameghino Y Av. Corrientes,2,1,0,0,1,0,0,"-32.986353438929,-60.652592978379",Avenida,,ROSARIO,Rosario,Asfalto,No existe,II,Dentro,Urbana,Otra Señal,No existe,Intersección,Deteriorada,Buena,Diurna,Buen Tiempo,Múltiple,S/D,Colisión,Ninguna,Vertical,Cordón divisorio,Sin restricción
2021,3983,2021-07-14,Miercoles,16:30:00,,0.0,2,"Moto/Ciclomotor,Pickup/Utilitario",Saavedra Y Pje. Mazzaglia,3,1,0,0,2,0,0,"-32.979027120736,-60.639910086073",Calle,,ROSARIO,Rosario,Asfalto,No existe,II,Dentro,Urbana,Otra Señal,No existe,Intersección,Bueno,Buena,Diurna,Buen Tiempo,Múltiple,S/D,Colisión,Ninguna,Faltante,Cordón divisorio,Sin restricción
2021,3984,2021-07-08,Jueves,17:20:00,,0.0,1,Bicicleta,Entre Ríos 3900,1,1,0,0,0,0,0,"-32.982010757186,-60.650042055646",Calle,,ROSARIO,Rosario,Asfalto,No existe,II,Dentro,Urbana,Otra Señal,No existe,Intersección,Bueno,Buena,Diurna,Buen Tiempo,Múltiple,S/D,Colisión,Ninguna,Vertical,Cordón divisorio,Sin restricción
2021,3987,2021-05-21,Viernes,20:30:00,,0.0,1,Peatón,J.J.Paso 2050,1,1,0,0,0,0,0,"-32.91924, -60.69208",S/D,,ROSARIO,Rosario,S/D,S/D,II,S/D,S/D,Otra Señal,S/D,Intersección,S/D,S/D,S/D,S/D,Múltiple,Peatón,Colisión,S/D,S/D,Cordón divisorio,Sin restricción
2021,3988,2021-07-02,Viernes,18:10:00,,0.0,2,"Automóvil,Moto/Ciclomotor",Melincue Y Rui Barbosa,2,1,0,0,1,0,0,"-33.006269812677,-60.647707554886",Calle,,ROSARIO,Rosario,Asfalto,No existe,II,Dentro,Urbana,Otra Señal,No existe,Intersección,Bueno,Buena,Diurna,Buen Tiempo,Múltiple,S/D,Colisión,Ninguna,Faltante,Cordón divisorio,Sin restricción
2021,3989,2021-07-13,Martes,18:00:00,,0.0,2,"Bicicleta,Automóvil",Garay Y Sarmiento,2,1,0,0,1,0,0,"-32.974482948347,-60.645220021633",Calle,,ROSARIO,Rosario,Asfalto,No existe,II,Dentro,Urbana,Otra Señal,No existe,Intersección,Bueno,Buena,"Atardecer,Con luz artificial",Buen Tiempo,Múltiple,S/D,Colisión,Ninguna,Vertical,Cordón divisorio,Sin restricción
2021,3990,2021-07-09,Viernes,13:30:00,,0.0,2,"Peatón,Moto/Ciclomotor",Bv. Seguí 5365,2,1,0,0,1,0,0,"-32.970501425069,-60.696047254209",Avenida,,ROSARIO,Rosario,Asfalto,No existe,II,Fuera,Urbana,Otra Señal,No existe,Intersección,Bueno,Buena,Diurna,Buen Tiempo,Múltiple,Peatón,Colisión,S/D,Faltante,Cordón divisorio,Sin restricción