anio_acci,nro_acci,fecha,desc_dia,hora_aprox,desc_ruta,km,cant_participantes,desc_participante,calle_avenida_km,total,heridos_leves,heridos_graves,heridos_gravisimos,ilesos,fallecidos,sin_datos,posicion_XY,desc_tipo_via,desc_ruta_ori,desc_loc,desc_dpto,desc_tipo_calzada,desc_tipo_banquina,desc_unidad_regional,desc_lugar_calzada,desc_zona,desc_prioridad,desc_estado_semaforo,desc_lugar_via,desc_estado_via,desc_estado_visibilidad,desc_luminosidad,desc_estado_clima,desc_tipo_colision,desc_tipo_atropello,desc_tipo_hecho,desc_pres_calzada,desc_senializacion,desc_separacion_via,desc_restriccion
2021,3991,2021-07-04,Domingo,22:25:00,,0.0,2,"Automóvil,Automóvil",Av. Uriburu Y Ayacucho,3,3,0,0,0,0,0,"-32.990426315788,-60.636857814902",Avenida,,ROSARIO,Rosario,Asfalto,No existe,II,Dentro,Urbana,Otra Señal,Funciona,Intersección,Bueno,Buena,Nocturna,Buen Tiempo,Múltiple,S/D,Colisión,Ninguna,"Horizontal,Vertical",Cordón divisorio,Sin restricción
2021,3992,2021-07-17,Sabado,16:15:00,,0.0,2,"Moto/Ciclomotor,Automóvil",Bv. Seguí Y Dorrego,2,1,0,0,1,0,0,"-32.976983547866,-60.657419000097",Avenida,,ROSARIO,Rosario,Asfalto,No existe,II,Dentro,Urbana,Otra Señal,No existe,Intersección,Bueno,Buena,Diurna,Buen Tiempo,Múltiple,S/D,Colisión,Ninguna,Faltante,Cordón divisorio,Sin restricción
2021,3993,2021-05-24,Lunes,,,0.0,1,Automóvil,Av. Circunvalación ,1,1,0,0,0,0,0,"-32.95883, -60.693",Avenida,,SANTA FE,La Capital,Asfalto,No existe,I,Dentro,Urbana,Otra Señal,No existe,Intersección,S/D,Buena,Nocturna,S/D,Múltiple,S/D,Colisión,S/D,S/D,Cordón divisorio,Sin restricción
2021,3994,2021-07-07,Miercoles,11:10:00,,0.0,2,"Moto/Ciclomotor,Automóvil",Pavón Y Reg.11 de Infantería,2,1,0,0,1,0,0,"-32.998345509848,-60.634244712386",Calle,,ROSARIO,Rosario,Asfalto,No existe,II,Dentro,Urbana,Otra Señal,No existe,Intersección,Bueno,Buena,Diurna,Buen Tiempo,Múltiple,S/D,Colisión,Ninguna,Faltante,Cordón divisorio,Sin restricción
2021,3995,2021-07-06,Martes,00:05:00,,0.0,2,"Automóvil,Pickup/Utilitario",Ayacucho Y Saavedra,2,2,0,0,0,0,0,"-32.979855773061,-60.635312890304",Calle,,ROSARIO,Rosario,Asfalto,No existe,II,Dentro,Urbana,Otra Señal,No existe,Intersección,Bueno,Buena,Diurna,Buen Tiempo,Múltiple,S/D,Colisión,Ninguna,Faltante,Cordón divisorio,Sin restricción
2021,3997,2021-07-08,Jueves,16:30:00,,0.0,2,"Bicicleta,Automóvil",España Y Pte. Quintana,2,1,0,0,1,0,0,"-32.981016857162,-60.655596644729",Calle,,ROSARIO,Rosario,Asfalto,No existe,II,Dentro,Urbana,Otra Señal,No existe,Intersección,Bueno,Buena,Diurna,Buen Tiempo,Múltiple,Ciclista,Colisión,Ninguna,Faltante,Cordón divisorio,Sin restricción
2021,3998,2021-05-24,Lunes,14:10:00,,0.0,2,"Moto/Ciclomotor,Automóvil",Calle 29-Alte Brown ,2,1,0,0,1,0,0,"-32.74734, -60.75485",Calle,,RECONQUISTA,General Obligado,Asfalto,S/D,IX,Dentro,Urbana,Otra Señal,S/D,Intersección,S/D,S/D,Diurna,S/D,Múltiple,S/D,Colisión,S/D,S/D,Cordón divisorio,Sin restricción
2021,3999,2021-07-05,Lunes,12:10:00,,0.0,2,"Moto/Ciclomotor,Automóvil",Centeno Y Sarmiento,2,1,0,0,1,0,0,"-32.984807746939,-60.647810856337",Calle,,ROSARIO,Rosario,Asfalto,No existe,II,Dentro,Urbana,Otra Señal,No existe,Intersección,Bueno,Buena,Diurna,Buen Tiempo,Múltiple,S/D,Colisión,Ninguna,Faltante,Cordón divisorio,Sin restricción
2021,4000,2021-07-09,Viernes,17:45:00,,0.0,2,"Moto/Ciclomotor,Automóvil",Amenábar Y España,2,1,0,0,1,0,0,"-32.970694808151,-60.652993598735",Calle,,ROSARIO,Rosario,Asfalto,No existe,II,Dentro,Urbana,Otra Señal,No existe,Intersección,Bueno,Buena,Diurna,Buen Tiempo,Múltiple,S/D,Colisión,Ninguna,Vertical,Cordón divisorio,Sin restricción
2021,4001,2021-07-16,Viernes,12:50:00,,0.0,2,"Moto/Ciclomotor,Automóvil",Laprida Y Olegario V.Andrade,2,1,0,0,1,0,0,"-32.995782338158,-60.646504347589",Calle,,ROSARIO,Rosario,Asfalto,No existe,II,Dentro,Urbana,Otra Señal,No existe,Intersección,Bueno,Buena,Diurna,Buen Tiempo,Múltiple,S/D,Colisión,Ninguna,Faltante,Cordón divisorio,Sin restricción
2021,4003,2021-07-11,Domingo,12:40:00,,0.0,2,"Automóvil,Automóvil",Ayolas Y J.M.de Rosas,2,1,0,0,1,0,0,"-32.978003685197,-60.638917025835",Calle,,ROSARIO,Rosario,Asfalto,No existe,II,Dentro,Urbana,Otra Señal,No existe,Intersección,Bueno,Buena,Diurna,Buen Tiempo,Múltiple,S/D,Colisión,Ninguna,Faltante,Cordón divisorio,Sin restricción
2021,4004,2021-07-16,Viernes,11:40:00,,0.0,2,"Vehículo Oficial,Automóvil",Dean Funes Y L.N.Alem,3,2,0,0,1,0,0,"-32.977391009686,-60.635648151647",Calle,,ROSARIO,Rosario,Asfalto,No existe,II,Dentro,Urbana,Otra Señal,No existe,Intersección,Bueno,Buena,Diurna,Buen Tiempo,Múltiple,S/D,Colisión,Ninguna,Horizontal,Cordón divisorio,Sin restricción
2021,4005,2021-07-22,Jueves,10:15:00,,0.0,2,"Peatón,Automóvil",G.Carrasco 1700,2,1,0,0,1,0,0,"-32.92029619216919,-60.688641518354",Calle,,ROSARIO,Rosario,Asfalto,No existe,II,Dentro,Urbana,Otra Señal,No existe,Intersección,Bueno,Buena,Diurna,Buen Tiempo,Múltiple,Peatón,Colisión,Ninguna,Faltante,Cordón divisorio,Sin restricción
2021,4006,2021-07-07,Miercoles,10:00:00,,0.0,2,"Peatón,Pickup/Utilitario",Bv. 27 De Febrero 2400,2,0,0,1,1,0,0,"-32.964320469687,-60.661335855221",Avenida,,ROSARIO,Rosario,Asfalto,No existe,II,Dentro,Urbana,Otra Señal,No existe,Intersección,Bueno,Buena,Diurna,Buen Tiempo,Múltiple,Peatón,Colisión,Ninguna,Faltante,Cordón divisorio,Sin restricción
2021,4007,2021-05-25,Martes,,,0.0,1,Moto/Ciclomotor,Larrea A ,2,2,0,0,0,0,0,"-33.73421, -61.9776",Calle,,VENADO TUERTO,General LÓPEZ,Asfalto,S/D,VIII,Dentro,Urbana,Otra Señal,No existe,Intersección,S/D,S/D,Diurna,S/D,Múltiple,S/D,Colisión,S/D,S/D,Cordón divisorio,Sin restricción
2021,4008,2021-07-07,Miercoles,11:35:00,,0.0,2,"Moto/Ciclomotor,Pickup/Utilitario",Buenos Aires Y Laínez,3,1,0,0,2,0,0,"-33.00515530281,-60.644829539139",Calle,,ROSARIO,Rosario,Asfalto,No existe,II,Dentro,Urbana,Otra Señal,No existe,Intersección,Bueno,Buena,Diurna,Buen Tiempo,Múltiple,S/D,Colisión,Ninguna,Faltante,Cordón divisorio,Sin restricción
2021,4009,2021-05-25,Martes,,,0.0,2,"Moto/Ciclomotor,Automóvil", ,2,1,0,0,1,0,0,"-32.74734, -60.75485",Calle,,RECONQUISTA,General Obligado,Asfalto,S/D,IX,Dentro,Urbana,Otra Señal,S/D,Intersección,S/D,S/D,Diurna,S/D,Múltiple,S/D,Colisión,S/D,S/D,Cordón divisorio,Sin restricción
2021,4010,2021-07-28,Miercoles,06:40:00,Autopista Provincial Brigadier E.LÓPEZ,1.0,2,"Automóvil,Moto/Ciclomotor", ,2,2,0,0,0,0,0,"-32.75638, -60.7558",Autopista,Brigadier E.LÓPEZ,ROSARIO,Rosario,Asfalto,Natural,II,Dentro,Urbana,Otra Señal,No existe,Intersección,Bueno,Reducida,Amanecer,Buen Tiempo,Múltiple,S/D,Colisión,Ninguna,Horizontal,Cordón divisorio,Sin restricción
2021,4011,2021-07-06,Martes,19:30:00,,0.0,1,Automóvil,Ceibo Y San Martin,3,1,0,0,2,0,0,"-33.013375947492,-60.651667504587",Calle,,ROSARIO,Rosario,Asfalto,No existe,II,Dentro,Urbana,Otra Señal,No existe,Intersección,Bueno,Buena,Atardecer,Buen Tiempo,Múltiple,S/D,Colisión,Ninguna,Faltante,Cordón divisorio,Sin restricción
2021,4012,2021-07-18,Domingo,18:40:00,,0.0,2,"Moto/Ciclomotor,Automóvil",Mitre 4300,2,1,0,0,1,0,0,"-32.986855554678,-60.649777894097",Calle,,ROSARIO,Rosario,Asfalto,No existe,II,Dentro,Urbana,Otra Señal,No existe,Intersección,Bueno,Buena,Diurna,Buen Tiempo,Múltiple,S/D,Colisión,Ninguna,Faltante,Cordón divisorio,Sin restricción
2021,4013,2021-07-02,Viernes,19:15:00,,0.0,2,"Pickup/Utilitario,Moto/Ciclomotor",Hilarion de la Quintana Y Leiva,2,1,0,0,1,0,0,"-33.00059140299,-60.638003440625",Calle,,ROSARIO,Rosario,Asfalto,No existe,II,Dentro,Urbana,Otra Señal,No existe,Intersección,Bueno,Buena,"Atardecer,Con luz artificial",Buen Tiempo,Múltiple,S/D,Colisión,Ninguna,Faltante,Cordón divisorio,Sin restricción
2021,4014,2021-05-25,Martes,,,0.0,2,"Moto/Ciclomotor,Automóvil", ,2,1,0,0,1,0,0,"-32.74734, -60.75485",Calle,,RECONQUISTA,General Obligado,S/D,S/D,IX,S/D,Urbana,Otra Señal,S/D,Intersección,S/D,S/D,S/D,S/D,Múltiple,S/D,Colisión,S/D,S/D,Cordón divisorio,Sin restricción
2021,4017,2021-07-11,Domingo,17:05:00,,0.0,2,"Automóvil,Pickup/Utilitario",Medrano Y Pje. Rivera,7,7,0,0,0,0,0,"-32.889956, -60.703252",Calle,,ROSARIO,Rosario,Asfalto,No existe,II,Dentro,Urbana,Otra Señal,No existe,Intersección,Bueno,Buena,Atardecer,Buen Tiempo,Múltiple,S/D,Colisión,Ninguna,Faltante,Cordón divisorio,Sin restricción
2021,4019,2021-05-28,Viernes,,,0.0,2,"Automóvil,Pickup/Utilitario",Alvear Y Lisandro de la Torre,2,1,0,0,1,0,0,"-33.75183, -61.97126",Calle,,VENADO TUERTO,General LÓPEZ,Hormigón,S/D,VIII,S/D,S/D,Otra Señal,S/D,Intersección,S/D,S/D,Diurna,S/D,Múltiple,S/D,Colisión,S/D,S/D,Cordón divisorio,Sin restricción
2021,4020,2021-07-06,Martes,09:00:00,,0.0,2,"Bicicleta,Bicicleta",San Martin Y Virasoro,1,1,0,0,0,0,0,"-32.970166202466,-60.642520779149",Calle,,ROSARIO,Rosario,Asfalto,No existe,II,Dentro,Urbana,Otra Señal,Funciona,Intersección,Bueno,Buena,Diurna,Buen Tiempo,Múltiple,S/D,Colisión,Ninguna,"Horizontal,Vertical",Cordón divisorio,Sin restricción
2021,4021,2021-07-10,Sabado,14:10:00,,0.0,2,"Moto/Ciclomotor,Automóvil",Herrera Y Medrano,2,1,0,0,1,0,0,"-32.897365453541,-60.700930603107",Calle,,ROSARIO,Rosario,Asfalto,No existe,II,Dentro,Urbana,Otra Señal,No existe,Intersección,Bueno,S/D,Diurna,S/D,Múltiple,S/D,Colisión,Ninguna,Faltante,Cordón divisorio,Sin restricción
2021,4022,2021-07-27,Martes,10:40:00,,0.0,2,"Moto/Ciclomotor,Automóvil",Amenábar Y Ayacucho,2,1,0,0,1,0,0,"-32.974202355654,-60.633364997746",Calle,,ROSARIO,Rosario,Asfalto,No existe,II,Dentro,Urbana,Otra Señal,No existe,Intersección,Bueno,Buena,Diurna,Buen Tiempo,Múltiple,S/D,Colisión,Ninguna,Faltante,Cordón divisorio,Sin restricción
2021,4023,2021-07-26,Lunes,16:00:00,,0.0,2,"Moto/Ciclomotor,Automóvil",Av. Uriburu Y Necochea,2,1,0,0,1,0,0,"-32.990204104547,-60.634546392669",Avenida,,ROSARIO,Rosario,Asfalto,No existe,II,Dentro,Urbana,Otra Señal,No existe,Intersección,Bueno,Buena,Diurna,Buen Tiempo,Múltiple,S/D,Colisión,Ninguna,Faltante,Cordón divisorio,Sin restricción
2021,4024,2021-05-29,Sabado,,,0.0,1,Moto/Ciclomotor,2 de Abril Y 3 de Febrero,1,1,0,0,0,0,0,"-33.75847, -61.9623",Calle,,VENADO TUERTO,General LÓPEZ,Asfalto,S/D,VIII,Dentro,Urbana,Otra Señal,S/D,Intersección,S/D,S/D,Diurna,S/D,Múltiple,S/D,Colisión,S/D,S/D,Cordón divisorio,Sin restricción
2021,4025,2021-05-29,Sabado,,Ruta Nacional 8,0.0,2,"Moto/Ciclomotor,Automóvil", ,2,1,0,0,1,0,0,"-33.75847, -61.9623",Ruta,8,VENADO TUERTO,General LÓPEZ,S/D,S/D,VIII,Dentro,Urbana,Otra Señal,S/D,Intersección,S/D,S/D,S/D,S/D,Múltiple,S/D,Colisión,S/D,S/D,Cordón divisorio,Sin restricción
2021,4026,2021-07-03,Sabado,10:30:00,,0.0,2,"Peatón,Automóvil",Av. Arijon Y Ayacucho,2,1,0,0,1,0,0,"-33.0026229637,-60.635980351083",Avenida,,ROSARIO,Rosario,Asfalto,No existe,II,Dentro,Urbana,Otra Señal,Funciona,Intersección,Bueno,Buena,Diurna,Buen Tiempo,Múltiple,Peatón,Colisión,Ninguna,"Horizontal,Vertical",Cordón divisorio,Sin restricción
2021,4027,2021-07-15,Jueves,08:55:00,,0.0,2,"Automóvil,Moto/Ciclomotor",Ameghino Y L.N.Alem,2,1,0,0,1,0,0,"-32.988863716933,-60.638540767707",Calle,,ROSARIO,Rosario,Asfalto,No existe,II,Dentro,Urbana,Otra Señal,No existe,Intersección,Bueno,Buena,Diurna,Buen Tiempo,Múltiple,S/D,Colisión,Ninguna,Faltante,Cordón divisorio,Sin restricción
2021,4028,2021-07-11,Domingo,12:40:00,,0.0,2,"Moto/Ciclomotor,Automóvil",Chacabuco Y Dean Funes,2,1,0,0,1,0,0,"-32.978374028406,-60.630144400089",Calle,,ROSARIO,Rosario,Asfalto,No existe,II,Dentro,Urbana,Otra Señal,No existe,Intersección,Bueno,Buena,Diurna,Buen Tiempo,Múltiple,S/D,Colisión,Ninguna,Faltante,Cordón divisorio,Sin restricción
2021,4029,2021-07-19,Lunes,19:40:00,,0.0,2,"Pickup/Utilitario,Moto/Ciclomotor",Av. Irigoyen Y Darragueira,3,2,0,0,1,0,0,"-32.884484, -60.697013",Avenida,,ROSARIO,Rosario,Asfalto,No existe,II,Dentro,Urbana,Otra Señal,No existe,Intersección,Bueno,S/D,Nocturna,S/D,Múltiple,S/D,Colisión,Ninguna,Faltante,Cordón divisorio,Sin restricción
2021,4030,2021-07-26,Lunes,22:20:00,,0.0,2,"Automóvil,Moto/Ciclomotor",Bv. Oroño Y Santa Fe,2,1,0,0,1,0,0,"-32.942372858158,-60.652842658096",Avenida,,ROSARIO,Rosario,Asfalto,No existe,II,Dentro,Urbana,Otra Señal,Funciona,Intersección,Bueno,Buena,"Nocturna,Con luz artificial",Buen Tiempo,Múltiple,S/D,Colisión,Ninguna,"Horizontal,Vertical",Cordón divisorio,Sin restricción
2021,4031,2021-07-22,Jueves,08:05:00,,0.0,2,"Moto/Ciclomotor,Automóvil",Bv. 27 De Febrero Y Entre Ríos,2,1,0,0,1,0,0,"-32.967021941318,-60.646260541377",Avenida,,ROSARIO,Rosario,Asfalto,No existe,II,Dentro,Urbana,Otra Señal,Funciona,Intersección,Bueno,Buena,Amanecer,Buen Tiempo,Múltiple,S/D,Colisión,Ninguna,"Horizontal,Vertical",Cordón divisorio,Sin restricción
2021,4032,2021-07-20,Martes,09:00:00,,0.0,2,"Bicicleta,Automóvil",Av. Corrientes Y Ituzaingó,2,1,0,0,1,0,0,"-32.959969804256,-60.645945558074",Avenida,,ROSARIO,Rosario,Asfalto,No existe,II,Dentro,Urbana,Otra Señal,Funciona,Intersección,Bueno,Buena,Diurna,Buen Tiempo,Múltiple,Ciclista,Colisión,Ninguna,"Horizontal,Vertical",Cordón divisorio,Sin restricción
2021,4033,2021-07-10,Sabado,08:50:00,,0.0,2,"Automóvil,Automóvil",Av. Corrientes Y La Paz,2,1,0,0,1,0,0,"-32.963409794367,-60.646820481508",Avenida,,ROSARIO,Rosario,Asfalto,No existe,II,Dentro,Urbana,Otra Señal,Funciona,Intersección,Bueno,Buena,Diurna,Buen Tiempo,Múltiple,S/D,Colisión,Ninguna,"Horizontal,Vertical",Cordón divisorio,Sin restricción
2021,4034,2021-05-30,Domingo,16:00:00,,0.0,2,"Bicicleta,Automóvil",Calle 16 Gral. Obligado Y Calle 9-Italia,2,1,0,0,1,0,0,"-32.74734, -60.75485",Calle,,RECONQUISTA,General Obligado,S/D,S/D,IX,Dentro,Urbana,Otra Señal,S/D,Intersección,S/D,S/D,Diurna,S/D,Múltiple,Ciclista,Colisión,S/D,S/D,Cordón divisorio,Sin restricción
2021,4035,2021-07-27,Martes,09:00:00,,0.0,2,"Transporte de Pasajeros Urbano (> 8 asientos),Bicicleta",San Luis Y Pte. Roca,2,1,0,0,1,0,0,"-32.947782583442,-60.645775423373",Calle,,ROSARIO,Rosario,Asfalto,No existe,II,Dentro,Urbana,Otra Señal,No existe,Intersección,Bueno,Buena,Diurna,Buen Tiempo,Múltiple,Ciclista,Colisión,Ninguna,Horizontal,Cordón divisorio,Sin restricción
2021,4036,2021-07-16,Viernes,16:40:00,,0.0,2,"Moto/Ciclomotor,Automóvil",L.N.Alem Y Viamonte,2,1,0,0,1,0,0,"-32.967064250454,-60.633051673912",Calle,,ROSARIO,Rosario,Asfalto,No existe,II,Dentro,Urbana,Otra Señal,Funciona,Intersección,Bueno,Buena,Diurna,Buen Tiempo,Múltiple,S/D,Colisión,Ninguna,"Horizontal,Vertical",Cordón divisorio,Sin restricción
2021,4037,2021-07-29,Jueves,21:50:00,,0.0,2,"Moto/Ciclomotor,Moto/Ciclomotor",Bv. Avellaneda Bis Y G.Carrasco,2,1,0,0,1,0,0,"-32.919892,-60.67437",Avenida,,ROSARIO,Rosario,Asfalto,No existe,II,Dentro,Urbana,Otra Señal,Funciona,Intersección,Bueno,S/D,Nocturna,Buen Tiempo,Múltiple,S/D,Colisión,Ninguna,"Horizontal,Vertical",Cordón divisorio,Sin restricción
2021,4038,2021-07-16,Viernes,16:50:00,,0.0,2,"Bicicleta,Automóvil",Dorrego Y Rueda,2,1,0,0,1,0,0,"-32.969059168035,-60.655427216574",Calle,,ROSARIO,Rosario,Asfalto,No existe,II,Dentro,Urbana,Otra Señal,No existe,Intersección,Bueno,Buena,Diurna,Buen Tiempo,Múltiple,Ciclista,Colisión,Ninguna,Faltante,Cordón divisorio,Sin restricción
2021,4039,2021-07-19,Lunes,21:30:00,,0.0,2,"Taxi/Remis,Moto/Ciclomotor",Cochabamba Y Mariano Moreno,2,1,0,0,1,0,0,"-32.956209953114,-60.653594417904",Calle,,ROSARIO,Rosario,Asfalto,No existe,II,Dentro,Urbana,Otra Señal,No existe,Intersección,Bueno,Buena,Diurna,Buen Tiempo,Múltiple,S/D,Colisión,Ninguna,Horizontal,Cordón divisorio,Sin restricción
2021,4040,2021-05-31,Lunes,,,0.0,2,"Peatón,Automóvil",9 De Julio Y Mariano Moreno,2,1,0,0,1,0,0,"-32.95883, -60.693",Calle,,ROSARIO,Rosario,Asfalto,S/D,II,Dentro,Urbana,Otra Señal,S/D,Intersección,S/D,S/D,Diurna,S/D,Múltiple,Peatón,Colisión,S/D,S/D,Cordón divisorio,Sin restricción
2021,4041,2021-07-11,Domingo,23:30:00,,0.0,2,"Moto/Ciclomotor,Moto/Ciclomotor",Av. Pellegrini Y Bv. Oroño,3,1,0,0,2,0,0,"-32.954438830989,-60.65574375483",Avenida,,ROSARIO,Rosario,Asfalto,No existe,II,Dentro,Urbana,Otra Señal,Funciona,Intersección,Bueno,Buena,Diurna,Buen Tiempo,Múltiple,S/D,Colisión,Ninguna,"Horizontal,Vertical",Cordón divisorio,Sin restricción
2021,4042,2021-07-28,Miercoles,09:20:00,,0.0,2,"Automóvil,Moto/Ciclomotor",Alberdi Y Bv. Avellaneda Bis,2,1,0,0,1,0,0,"-32.927133, -60.676205",Avenida,,ROSARIO,Rosario,Asfalto,No existe,II,Dentro,Urbana,Otra Señal,Funciona,Intersección,Bueno,S/D,Diurna,Buen Tiempo,Múltiple,S/D,Colisión,Ninguna,"Horizontal,Vertical",Cordón divisorio,Sin restricción
2021,4043,2021-07-07,Miercoles,10:00:00,,0.0,2,"Automóvil,Moto/Ciclomotor",Crespo Y 9 De Julio,3,2,0,0,1,0,0,"-32.948450816729,-60.670103333349",Calle,,ROSARIO,Rosario,Asfalto,No existe,II,Dentro,Urbana,Otra Señal,No existe,Intersección,Resbaladiza,Buena,Diurna,Lluvia,Múltiple,S/D,Colisión,Agua,Vertical,Cordón divisorio,Sin restricción
2021,4044,2021-05-31,Lunes,,,0.0,2,"Automóvil,Automóvil",Mitre Y French,3,2,0,0,1,0,0,"-31.59518, -60.67858",Calle,,SANTA FE,La Capital,Asfalto,S/D,I,Dentro,Urbana,Otra Señal,S/D,Intersección,S/D,S/D,Diurna,S/D,Múltiple,S/D,Colisión,S/D,S/D,Cordón divisorio,Sin restricción
2021,4045,2021-07-10,Sabado,20:25:00,,0.0,2,"Automóvil,Automóvil",La Paz Y San Martin,3,1,0,0,2,0,0,"-32.9644281999,-60.641140104718",Calle,,ROSARIO,Rosario,Asfalto,No existe,II,Dentro,Urbana,Otra Señal,No existe,Intersección,Bueno,Buena,Diurna,Buen Tiempo,Múltiple,S/D,Colisión,Ninguna,"Horizontal,Vertical",Cordón divisorio,Sin restricción
2021,4046,2021-07-08,Jueves,13:40:00,,0.0,2,"Automóvil,Bicicleta",Av. Alberti 600,2,1,0,0,1,0,0,"-32.920867, -60.681080",Avenida,,ROSARIO,Rosario,Asfalto,No existe,II,Dentro,Urbana,Otra Señal,Funciona,Intersección,Bueno,S/D,Diurna,Buen Tiempo,Múltiple,Ciclista,Colisión,S/D,"Horizontal,Vertical",Cordón divisorio,Sin restricción
2021,4047,2021-07-02,Viernes,09:05:00,,0.0,1,Moto/Ciclomotor,La Paz Y L.N.Alem,1,1,0,0,0,0,0,"-32.965921307441,-60.632766919179",Calle,,ROSARIO,Rosario,Asfalto,No existe,II,Dentro,Urbana,Otra Señal,No existe,Intersección,Bueno,Buena,Diurna,Buen Tiempo,Múltiple,S/D,Colisión,Ninguna,"Horizontal,Vertical",Cordón divisorio,Sin restricción
2021,4048,2021-07-23,Viernes,07:30:00,,0.0,2,"Automóvil,Moto/Ciclomotor",Bv. Oroño Y San Lorenzo,2,1,0,0,1,0,0,"-32.941445092436,-60.652609893138",Avenida,,ROSARIO,Rosario,Asfalto,No existe,II,Dentro,Urbana,Otra Señal,No existe,Intersección,Bueno,Buena,Diurna,Buen Tiempo,Múltiple,S/D,Colisión,Ninguna,"Horizontal,Vertical",Cordón divisorio,Sin restricción
2021,4049,2021-07-09,Viernes,18:50:00,,0.0,2,"Automóvil,Peatón",Buenos Aires Y Viamonte,2,1,0,0,1,0,0,"-32.966280660165,-60.637440192646",Calle,,ROSARIO,Rosario,Asfalto,No existe,II,Dentro,Urbana,Otra Señal,No existe,Intersección,Bueno,Buena,Diurna,Buen Tiempo,Múltiple,Peatón,Colisión,Ninguna,Horizontal,Cordón divisorio,Sin restricción
2021,4050,2021-07-15,Jueves,13:50:00,,0.0,2,"Pickup/Utilitario,Pickup/Utilitario",AV BRIGADIER LÓPEZ Y AV MADRES PLAZA 25 DE MAYO,2,2,0,0,0,0,0,"-32.927590, -60.657096",Avenida,,ROSARIO,Rosario,Asfalto,No existe,II,Dentro,Urbana,Otra Señal,Funciona,Intersección,Bueno,S/D,Diurna,Buen Tiempo,Múltiple,S/D,Colisión,Ninguna,"Horizontal,Vertical",Cordón divisorio,Sin restricción
2021,4051,2021-07-02,Viernes,14:20:00,,0.0,2,"Bicicleta,Automóvil",BV. Oroño Y MORCILLO,2,1,0,0,1,0,0,"-32.955545634699,-60.656410092221",Avenida,,ROSARIO,Rosario,Asfalto,No existe,II,Dentro,Urbana,Otra Señal,No existe,Intersección,Bueno,Buena,Diurna,Buen Tiempo,Múltiple,S/D,Colisión,Ninguna,"Horizontal,Vertical",Cordón divisorio,Sin restricción
2021,4052,2021-07-09,Viernes,12:35:00,,0.0,2,"Pickup/Utilitario,Bicicleta",AV MONGSFELD Y BV AVELLANEDA,2,0,0,0,1,1,0,"-32.92885, -60.6765",Avenida,,ROSARIO,Rosario,Asfalto,No existe,II,Dentro,Urbana,Otra Señal,Funciona,Intersección,Bueno,S/D,Diurna,Buen Tiempo,Múltiple,Ciclista,Colisión,Ninguna,"Horizontal,Vertical",Cordón divisorio,Sin restricción
2021,4053,2021-07-01,Jueves,16:10:00,,0.0,2,"Moto/Ciclomotor,Automóvil",Necochea Y Viamonte,2,1,0,0,1,0,0,"-32.967802317331,-60.628917114037",Calle,,ROSARIO,Rosario,Asfalto,No existe,II,Dentro,Urbana,Otra Señal,No existe,Intersección,Bueno,Buena,Diurna,Buen Tiempo,Múltiple,S/D,Colisión,Ninguna,"Horizontal,Vertical",Cordón divisorio,Sin restricción
2021,4055,2021-07-08,Jueves,17:15:00,,0.0,2,"Peatón,Moto/Ciclomotor",Av. Ovidio Lagos Y Ocampo,2,2,0,0,0,0,0,"-32.962328783354,-60.666292914408",Avenida,,ROSARIO,Rosario,Asfalto,No existe,II,Dentro,Urbana,Otra Señal,No existe,Intersección,Bueno,Buena,Diurna,Buen Tiempo,Múltiple,Peatón,Colisión,Ninguna,Horizontal,Cordón divisorio,Sin restricción
2021,4056,2021-07-06,Martes,19:40:00,,0.0,2,"Moto/Ciclomotor,Automóvil",General Justo J de Urquiza Y General Martin M de Güemes,3,2,0,0,1,0,0,"-28.31066652259,-61.551104140962",Calle,,SANTA MARGARITA,9 de Julio,Tierra,No existe,XII,Dentro,Urbana,Otra Señal,No existe,Intersección,Otro,Reducida,Nocturna,Buen Tiempo,Múltiple,S/D,Colisión,Otro,Faltante,Cordón divisorio,Sin restricción
2021,4057,2021-07-03,Sabado,02:15:00,,0.0,2,"Moto/Ciclomotor,Moto/Ciclomotor",Av. Pellegrini 2700,2,1,0,0,1,0,0,"-32.95327989417,-60.66280669127",Avenida,,ROSARIO,Rosario,Asfalto,No existe,II,Dentro,Urbana,Otra Señal,Funciona,Intersección,Bueno,Buena,Nocturna,Buen Tiempo,Múltiple,S/D,Colisión,Ninguna,"Horizontal,Vertical",Cordón divisorio,Sin restricción
2021,4058,2021-07-22,Jueves,12:05:00,,0.0,2,"Otros,Moto/Ciclomotor",San Juan 1216,2,1,0,0,1,0,0,"-32.949858820315,-60.640716774972",Calle,,ROSARIO,Rosario,Asfalto,No existe,II,Fuera,Urbana,Otra Señal,No existe,Intersección,Bueno,Buena,"Nocturna,Con luz artificial",Buen Tiempo,Múltiple,S/D,Colisión,Ninguna,Horizontal,Cordón divisorio,Sin restricción
2021,4059,2021-07-31,Sabado,17:50:00,,0.0,2,"Automóvil,Moto/Ciclomotor",Saavedra ,2,1,0,0,1,0,0,"-29.229204882037,-61.759447649808",Calle,,TOSTADO,9 de Julio,Asfalto,No existe,XII,Dentro,Urbana,Otra Señal,Funciona,Intersección,Bueno,Buena,Diurna,Buen Tiempo,Múltiple,S/D,Colisión,Ninguna,Vertical,Cordón divisorio,Sin restricción