anio_acci,nro_acci,fecha,desc_dia,hora_aprox,desc_ruta,km,cant_participantes,desc_participante,calle_avenida_km,total,heridos_leves,heridos_graves,heridos_gravisimos,ilesos,fallecidos,sin_datos,posicion_XY,desc_tipo_via,desc_ruta_ori,desc_loc,desc_dpto,desc_tipo_calzada,desc_tipo_banquina,desc_unidad_regional,desc_lugar_calzada,desc_zona,desc_prioridad,desc_estado_semaforo,desc_lugar_via,desc_estado_via,desc_estado_visibilidad,desc_luminosidad,desc_estado_clima,desc_tipo_colision,desc_tipo_atropello,desc_tipo_hecho,desc_pres_calzada,desc_senializacion,desc_separacion_via,desc_restriccion
2021,4061,2021-07-02,Viernes,18:30:00,,0.0,2,"Automóvil,Moto/Ciclomotor",Héctor Estela Y Hipólito Irigoyen,2,1,0,0,1,0,0,"-29.242463260889053,-61.77038982510",Calle,,TOSTADO,9 de Julio,Ripio,No existe,XII,Dentro,Urbana,Otra Señal,No existe,Intersección,Bueno,Buena,Atardecer,Buen Tiempo,Múltiple,S/D,Colisión,Ninguna,Faltante,Cordón divisorio,Sin restricción
2021,4063,2021-07-17,Sabado,17:20:00,,0.0,2,"Moto/Ciclomotor,Moto/Ciclomotor",La Pampa Y La Rioja,2,2,0,0,0,0,0,"-29.226864087336,-61.765960347443",Calle,,TOSTADO,9 de Julio,Ripio,No existe,XII,Dentro,Urbana,Otra Señal,No existe,Intersección,Deteriorada,Buena,Diurna,Buen Tiempo,Múltiple,S/D,Colisión,Ninguna,Faltante,Cordón divisorio,Sin restricción
2021,4064,2021-07-21,Miercoles,14:00:00,,0.0,2,"Peatón,Automóvil",Av. Corrientes Y Catamarca,2,1,0,0,1,0,0,"-32.939875878036,-60.640896145824",Avenida,,ROSARIO,Rosario,Asfalto,No existe,II,Dentro,Urbana,Otra Señal,Funciona,Intersección,Bueno,Buena,Diurna,Buen Tiempo,Múltiple,Peatón,Colisión,Ninguna,"Horizontal,Vertical",Cordón divisorio,Sin restricción
2021,4065,2021-07-20,Martes,09:35:00,,0.0,1,Transporte de Pasajeros Urbano (> 8 asientos),Cafferata Y San Juan,2,1,0,0,1,0,0,"-32.944280235584,-60.671891587409",Calle,,ROSARIO,Rosario,Asfalto,No existe,II,Dentro,Urbana,Otra Señal,Funciona,Intersección,Bueno,Buena,Diurna,Buen Tiempo,Múltiple,S/D,Colisión,Ninguna,Horizontal,Cordón divisorio,Sin restricción
2021,4066,2021-07-08,Jueves,13:00:00,,0.0,2,"Moto/Ciclomotor,Automóvil",Montevideo Y Rodríguez,2,1,0,0,1,0,0,"-32.95246196844,-60.661178976953",Calle,,ROSARIO,Rosario,Asfalto,No existe,II,Dentro,Urbana,Otra Señal,No existe,Intersección,Bueno,Buena,Diurna,Buen Tiempo,Múltiple,S/D,Colisión,Ninguna,Faltante,Cordón divisorio,Sin restricción
2021,4067,2021-07-11,Domingo,17:00:00,,0.0,2,"Automóvil,Transporte de Pasajeros",MONGSFELD Y VENECIA,2,1,0,0,1,0,0,"-32.92983949184418,-60.662544965744",Avenida,,ROSARIO,Rosario,Asfalto,No existe,II,Dentro,Urbana,Otra Señal,No existe,Intersección,Bueno,Buena,Diurna,Buen Tiempo,Múltiple,S/D,Colisión,Ninguna,Horizontal,Cordón divisorio,Sin restricción
2021,4068,2021-07-19,Lunes,16:05:00,,0.0,2,"Peatón,Bicicleta",Av. Corrientes Y San Luis,2,1,0,0,1,0,0,"-32.948275619703,-60.64301171465",Avenida,,ROSARIO,Rosario,Asfalto,No existe,II,Dentro,Urbana,Otra Señal,Funciona,Intersección,Bueno,Buena,Diurna,Buen Tiempo,Múltiple,Peatón,Colisión,Ninguna,"Horizontal,Vertical",Cordón divisorio,Sin restricción
2021,4069,2021-07-13,Martes,16:00:00,,0.0,2,"Moto/Ciclomotor,Automóvil",San Juan Y Servando Bayo,2,1,0,0,1,0,0,"-32.941836316627,-60.685498085658",Calle,,ROSARIO,Rosario,Asfalto,No existe,II,Dentro,Urbana,Otra Señal,No existe,Intersección,Bueno,Buena,Diurna,Buen Tiempo,Múltiple,S/D,Colisión,Ninguna,Faltante,Cordón divisorio,Sin restricción
2021,4070,2021-07-17,Sabado,09:30:00,,0.0,3,"Vehículo Oficial,Automóvil,Automóvil",Mendoza Y Rio De Janeiro,3,2,0,0,1,0,0,"-32.943960573132,-60.681766629225",Calle,,ROSARIO,Rosario,Asfalto,No existe,II,Dentro,Urbana,Otra Señal,Funciona,Intersección,Bueno,Buena,Diurna,Buen Tiempo,Múltiple,S/D,Colisión,Ninguna,"Horizontal,Vertical",Cordón divisorio,Sin restricción
2021,4071,2021-07-20,Martes,18:20:00,,0.0,2,"Moto/Ciclomotor,Automóvil",3 De Febrero Y Ricchieri,3,1,0,0,2,0,0,"-32.948366870165,-60.664414230899",Calle,,ROSARIO,Rosario,Asfalto,No existe,II,S/D,Urbana,Otra Señal,No existe,Intersección,S/D,S/D,Diurna,S/D,Múltiple,S/D,Colisión,S/D,Faltante,Cordón divisorio,Sin restricción
2021,4072,2021-07-16,Viernes,11:45:00,,0.0,2,"Automóvil,Moto/Ciclomotor",Montevideo Y Suipacha,2,1,0,0,1,0,0,"-32.951486409958,-60.666618583925",Calle,,ROSARIO,Rosario,Asfalto,No existe,II,Dentro,Urbana,Otra Señal,No existe,Intersección,S/D,S/D,Diurna,S/D,Múltiple,S/D,Colisión,S/D,Vertical,Cordón divisorio,Sin restricción
2021,4073,2021-07-20,Martes,07:50:00,,0.0,2,"Moto/Ciclomotor,Automóvil",Crespo Y San Juan,3,1,0,0,2,0,0,"-32.944767808782,-60.66917803614",Calle,,ROSARIO,Rosario,Asfalto,No existe,II,Dentro,Urbana,Otra Señal,No existe,Intersección,S/D,S/D,Diurna,S/D,Múltiple,S/D,Colisión,S/D,Vertical,Cordón divisorio,Sin restricción
2021,4074,2021-07-02,Viernes,,,0.0,2,"Pickup/Utilitario,Moto/Ciclomotor",CAMINO RURAL ,3,2,0,0,1,0,0,"-31.094999313354457,-60.10920524597",Camino Rural,,HELVECIA,Garay,S/D,S/D,VII,Dentro,Rural,Otra Señal,S/D,Intersección,S/D,S/D,S/D,S/D,Múltiple,S/D,Colisión,S/D,S/D,Cordón divisorio,Sin restricción
2021,4075,2021-07-06,Martes,14:25:00,,0.0,2,"Transporte de Pasajeros Urbano (> 8 asientos),Moto/Ciclomotor",Buenos Aires Y Rueda,2,1,0,0,1,0,0,"-32.972016750015,-60.638885468531",Calle,,ROSARIO,Rosario,Asfalto,No existe,II,Dentro,Urbana,Otra Señal,No existe,Intersección,Bueno,Buena,Diurna,Buen Tiempo,Múltiple,S/D,Colisión,Ninguna,"Horizontal,Vertical",Cordón divisorio,Sin restricción
2021,4076,2021-07-08,Jueves,19:00:00,Ruta Provincial 1,0.0,2,"Automóvil,Moto/Ciclomotor",Buenos Aires Y Boulevard General B Mitre,3,2,0,0,1,0,0,"-31.105582583653,-60.09553569727",Ruta,1,HELVECIA,Garay,Asfalto,No existe,VII,Dentro,Urbana,Otra Señal,No existe,Intersección,Bueno,Buena,Diurna,Buen Tiempo,Múltiple,S/D,Colisión,Ninguna,Horizontal,Cordón divisorio,Sin restricción
2021,4077,2021-07-12,Lunes,18:30:00,,0.0,2,"Automóvil,Moto/Ciclomotor",Chile Y Pte. Juan D Perón,3,1,0,0,2,0,0,"-29.223501761912,-61.768534958831",Calle,,TOSTADO,9 de Julio,"Hormigón,Ripio",No existe,XII,Dentro,Urbana,Otra Señal,No existe,Intersección,Bueno,Buena,Atardecer,Buen Tiempo,Múltiple,S/D,Colisión,Ninguna,Faltante,Cordón divisorio,Sin restricción
2021,4078,2021-07-22,Jueves,13:10:00,Autopista Nacional A008,0.0,2,"Pickup/Utilitario,Camión Chasis",Av. Circunvalación Y San Martin,3,2,0,0,1,0,0,"-33.016699, -60.633862",Autopista,A008,ROSARIO,Rosario,Asfalto,No existe,II,Dentro,Urbana,Otra Señal,Funciona,Intersección,Bueno,Buena,Diurna,Buen Tiempo,Múltiple,S/D,Colisión,Ninguna,Vertical,Cordón divisorio,Sin restricción
2021,4079,2021-07-08,Jueves,15:30:00,,0.0,2,"Moto/Ciclomotor,Peatón",Boulevard Ocampo Y Dalmacio Vélez Sarsfield,2,1,0,0,1,0,0,"-31.103551078468,-60.092263256441",Avenida,,HELVECIA,Garay,Asfalto,No existe,VII,Dentro,Urbana,Otra Señal,No existe,Intersección,Bueno,Buena,Diurna,Buen Tiempo,Múltiple,Peatón,Colisión,Ninguna,Faltante,Cordón divisorio,Sin restricción
2021,4081,2021-07-24,Sabado,11:20:00,,0.0,2,"Pickup/Utilitario,Moto/Ciclomotor",Héctor Estela Y Independencia,4,3,0,0,1,0,0,"-29.242510199546818,-61.76874831318",Calle,,TOSTADO,9 de Julio,Ripio,No existe,XII,Dentro,Urbana,Otra Señal,No existe,Intersección,Bueno,Buena,Diurna,Buen Tiempo,Múltiple,S/D,Colisión,Ninguna,Faltante,Cordón divisorio,Sin restricción
2021,4082,2021-07-19,Lunes,22:20:00,Ruta Provincial 1,85.0,2,"Pickup/Utilitario,Bicicleta", ,2,1,0,0,1,0,0,"-31.088679363675656, -60.0920326607",Ruta,1,HELVECIA,Garay,Asfalto,Natural,VII,Dentro,Rural,Otra Señal,No existe,Intersección,Bueno,S/D,Nocturna,Buen Tiempo,Múltiple,Ciclista,Colisión,Ninguna,Horizontal,Cordón divisorio,Sin restricción
2021,4083,2021-07-29,Jueves,,,0.0,2,"Pickup/Utilitario,Moto/Ciclomotor",9 de Julio Y P P Sellares,2,1,0,0,1,0,0,"-31.103243104455,-60.087682306836",Calle,,HELVECIA,Garay,Asfalto,No existe,VII,Dentro,Urbana,Otra Señal,No existe,Intersección,Bueno,Buena,Diurna,Buen Tiempo,Múltiple,S/D,Colisión,Ninguna,Faltante,Cordón divisorio,Sin restricción
2021,4084,2021-07-24,Sabado,18:00:00,Ruta Provincial 1,69.0,1,Automóvil, ,1,1,0,0,0,0,0,"-31.218025675095067, -60.1648940933",Ruta,1,CAYASTA,Garay,Asfalto,Natural,VII,Dentro,Rural,Otra Señal,No existe,Intersección,Bueno,Buena,Atardecer,Buen Tiempo,Múltiple,S/D,Colisión,Ninguna,Horizontal,Cordón divisorio,Sin restricción
2021,4085,2021-07-26,Lunes,09:30:00,,0.0,2,"Moto/Ciclomotor,Automóvil",Av. Ntra.Sra.del Rosario Y Salva,2,1,0,0,1,0,0,"-32.999624, -60.640338",Avenida,,ROSARIO,Rosario,Asfalto,No existe,II,Dentro,Urbana,Otra Señal,No existe,Intersección,Bueno,Buena,Nocturna,Buen Tiempo,Múltiple,S/D,Colisión,Ninguna,Horizontal,Cordón divisorio,Sin restricción
2021,4086,2021-07-17,Sabado,19:30:00,Ruta Nacional 98,0.0,3,"Bicicleta,Bicicleta,Moto/Ciclomotor", ,3,2,0,0,1,0,0,"-29.22295, -61.61125",Ruta,98,TOSTADO,9 de Julio,Hormigón,Natural,II,Fuera,Rural,Otra Señal,No existe,Intersección,Bueno,Reducida,Atardecer,Buen Tiempo,Múltiple,Ciclista,Colisión,Ninguna,Faltante,Cordón divisorio,Sin restricción
2021,4087,2021-07-02,Viernes,08:10:00,,0.0,2,"Moto/Ciclomotor,Automóvil",Almafuerte Y Mariano Moreno,4,1,0,0,3,0,0,"-31.4399572749,-60.929538697467",Calle,,ESPERANZA,Las Colonias,Asfalto,No existe,XI,Dentro,Urbana,Otra Señal,No existe,Intersección,Bueno,Buena,Diurna,Buen Tiempo,Múltiple,S/D,Colisión,Ninguna,"Horizontal,Vertical",Cordón divisorio,Sin restricción
2021,4089,2021-07-16,Viernes,15:30:00,,0.0,2,"Automóvil,Peatón",Cepeda 3615,3,1,0,0,2,0,0,"-32.985613, -60.625697",Calle,,ROSARIO,Rosario,Asfalto,No existe,II,Dentro,Urbana,Otra Señal,No existe,Intersección,Bueno,Buena,Diurna,Buen Tiempo,Múltiple,Peatón,Colisión,Ninguna,Faltante,Cordón divisorio,Sin restricción
2021,4090,2021-07-26,Lunes,11:00:00,,0.0,2,"Moto/Ciclomotor,Automóvil",Aaron Castellanos ,2,1,0,0,1,0,0,"-31.446973097,-60.942875657019",Calle,,ESPERANZA,Las Colonias,Asfalto,No existe,XI,Dentro,Urbana,Otra Señal,S/D,Intersección,Bueno,S/D,Diurna,Buen Tiempo,Múltiple,S/D,Colisión,Ninguna,Faltante,Cordón divisorio,Sin restricción
2021,4091,2021-07-27,Martes,17:20:00,Autopista Nacional A008,0.0,2,"Moto/Ciclomotor,Bicicleta",Av. Circunvalación Y San Martin,2,2,0,0,0,0,0,"-33.016774, -60.633968",Autopista,A008,ROSARIO,Rosario,Asfalto,No existe,II,Dentro,Urbana,Otra Señal,Funciona,Intersección,Bueno,Buena,Atardecer,Buen Tiempo,Múltiple,Ciclista,Colisión,Ninguna,"Horizontal,Vertical",Cordón divisorio,Sin restricción
2021,4092,2021-07-01,Jueves,,Ruta Provincial 2,275.0,1,Automóvil, ,5,2,0,0,3,0,0,"-29.76901, -61.48693",Ruta,2,ESTEBAN RAMS,9 de Julio,Asfalto,Natural,XII,Dentro,Urbana,Otra Señal,No existe,Intersección,Bueno,Buena,Amanecer,Buen Tiempo,Múltiple,S/D,Colisión,Ninguna,Horizontal,Cordón divisorio,Sin restricción
2021,4093,2021-07-26,Lunes,07:45:00,,0.0,2,"Peatón,Automóvil",L.N.Alem 3035,2,1,0,0,1,0,0,"-32.974326011979,-60.63487942373",Calle,,ROSARIO,Rosario,Asfalto,No existe,II,Fuera,Urbana,Otra Señal,No existe,Intersección,Bueno,Buena,Diurna,Buen Tiempo,Múltiple,Peatón,Colisión,Ninguna,Horizontal,Cordón divisorio,Sin restricción
2021,4094,2021-07-16,Viernes,09:00:00,,0.0,2,"Pickup/Utilitario,Moto/Ciclomotor",Aaron Castellanos Y R P A Janssen,2,1,0,0,1,0,0,"-31.448098462475,-60.937919046669",Calle,,ESPERANZA,Las Colonias,Asfalto,No existe,XI,Dentro,Urbana,Otra Señal,No existe,Intersección,Bueno,Buena,Diurna,Buen Tiempo,Múltiple,S/D,Colisión,Ninguna,Horizontal,Cordón divisorio,Sin restricción
2021,4095,2021-07-19,Lunes,16:00:00,Ruta Provincial 70,0.0,2,"Automóvil,Moto/Ciclomotor",A Aufranc Y San Martin,4,2,0,0,2,0,0,"-31.442908911666,-60.928558007318",Ruta,70,ESPERANZA,Las Colonias,Asfalto,No existe,XI,Dentro,Urbana,Otra Señal,Funciona,Intersección,Bueno,Buena,Diurna,Buen Tiempo,Múltiple,S/D,Colisión,Ninguna,"Horizontal,Vertical",Cordón divisorio,Sin restricción
2021,4096,2021-07-31,Sabado,21:00:00,,0.0,2,"Moto/Ciclomotor,Moto/Ciclomotor",9 de Julio Y Saavedra,2,1,0,0,0,0,1,"-31.453596796229,-60.937700308725",Calle,,ESPERANZA,Las Colonias,Asfalto,No existe,XI,Dentro,Urbana,Otra Señal,No existe,Intersección,Bueno,Buena,"Nocturna,Con luz artificial",Buen Tiempo,Múltiple,S/D,Colisión,Ninguna,Faltante,Cordón divisorio,Sin restricción
2021,4097,2021-07-31,Sabado,22:00:00,,0.0,1,Moto/Ciclomotor,Av. Los Colonizadores Y Dr. Romang,1,0,0,1,0,0,0,"-31.450912570305,-60.921720093767",Avenida,,ESPERANZA,Las Colonias,Asfalto,No existe,XI,Dentro,Urbana,Otra Señal,No existe,Intersección,Bueno,Buena,"Nocturna,Con luz artificial",Buen Tiempo,Múltiple,S/D,Colisión,Ninguna,Faltante,Cordón divisorio,Sin restricción
2021,4098,2021-07-10,Sabado,18:00:00,Ruta Provincial 2,263.5,1,Automóvil, ,3,3,0,0,0,0,0,"-29.81376, -61.41433",Ruta,2,ESTEBAN RAMS,9 de Julio,Asfalto,Natural,XII,Dentro,Rural,Otra Señal,No existe,Intersección,Bueno,Buena,Diurna,Buen Tiempo,Múltiple,S/D,Colisión,Ninguna,Horizontal,Cordón divisorio,Sin restricción
2021,4099,2021-07-07,Miercoles,16:35:00,,0.0,2,"Pickup/Utilitario,Moto/Ciclomotor",Agrelo Y Artigas,3,2,0,0,1,0,0,"-32.908538384666,-60.686982638703",Calle,,ROSARIO,Rosario,Asfalto,No existe,II,Dentro,Urbana,Otra Señal,No existe,Intersección,Bueno,Buena,Diurna,Buen Tiempo,Múltiple,S/D,Colisión,Ninguna,Faltante,Cordón divisorio,Sin restricción
2021,4101,2021-07-31,Sabado,18:30:00,Ruta Provincial 6,0.0,2,"Automóvil,Automóvil",Paso Vinal ,7,7,0,0,0,0,0,"-31.410570926964283,-60.90498514473",Ruta,6,ESPERANZA,Las Colonias,Asfalto,Ripio,XI,Dentro,Urbana,Otra Señal,No existe,Intersección,Bueno,Buena,Diurna,Buen Tiempo,Múltiple,S/D,Colisión,Ninguna,"Horizontal,Vertical",Cordón divisorio,Sin restricción
2021,4102,2021-07-08,Jueves,19:00:00,Ruta Provincial 22,0.0,3,"Moto/Ciclomotor,Automóvil,Automóvil",San Martin ,3,1,0,0,2,0,0,"-33.017056, -60.652532",Ruta,22,ROSARIO,Rosario,Asfalto,No existe,II,Dentro,Urbana,Otra Señal,Funciona,Intersección,Bueno,Buena,Atardecer,Buen Tiempo,Múltiple,S/D,Colisión,Ninguna,"Horizontal,Vertical",Cordón divisorio,Sin restricción
2021,4103,2021-07-24,Sabado,09:15:00,,0.0,2,"Moto/Ciclomotor,Moto/Ciclomotor",Av. Eudoro Carrasco Y Formosa,2,1,0,0,0,0,1,"-32.92036973997,-60.691575541911",Avenida,,ROSARIO,Rosario,Asfalto,No existe,II,Dentro,Urbana,Otra Señal,No existe,Intersección,Bueno,Buena,Diurna,Buen Tiempo,Múltiple,S/D,Colisión,Ninguna,Faltante,Cordón divisorio,Sin restricción
2021,4104,2021-07-30,Viernes,18:20:00,,0.0,2,"Moto/Ciclomotor,Bicicleta",25 de Mayo Y Juan José Paso,2,1,0,0,1,0,0,"-31.392358595994,-61.082305783658",Calle,,HUMBOLDT,Las Colonias,Asfalto,No existe,XI,Dentro,Urbana,Otra Señal,No existe,Intersección,Bueno,Buena,Atardecer,Buen Tiempo,Múltiple,Ciclista,Colisión,Ninguna,Faltante,Cordón divisorio,Sin restricción
2021,4105,2021-07-10,Sabado,12:50:00,,0.0,2,"Tren,Peatón",J.J.Paso Y Formosa,2,1,0,0,1,0,0,"-32.919589725409,-60.691605822777",Calle,,ROSARIO,Rosario,Asfalto,No existe,II,Fuera,Urbana,Otra Señal,No existe,Intersección,Bueno,Buena,Diurna,Buen Tiempo,Múltiple,Peatón,Colisión,Ninguna,"Horizontal,Vertical",Cordón divisorio,Sin restricción
2021,4106,2021-07-16,Viernes,08:30:00,,0.0,2,"Peatón,Pickup/Utilitario",Albert Sabin Y J.J.Paso,2,1,0,0,1,0,0,"-32.919501887192,-60.688652951392",Calle,,ROSARIO,Rosario,Asfalto,No existe,II,Dentro,Urbana,Otra Señal,Funciona,Intersección,Bueno,Buena,Diurna,Buen Tiempo,Múltiple,Peatón,Colisión,Ninguna,"Horizontal,Vertical",Cordón divisorio,Sin restricción
2021,4108,2021-07-26,Lunes,13:45:00,,0.0,2,"Automóvil,Moto/Ciclomotor",Azcuénaga Y Pueyrredón,2,1,0,0,1,0,0,"-30.303000134689,-61.230354128609",Calle,,SAN CRISTÓBAL,San CRISTÓBAL,Hormigón,No existe,XIII,Dentro,Urbana,Otra Señal,No existe,Intersección,Deteriorada,Buena,Diurna,Buen Tiempo,Múltiple,S/D,Colisión,Ninguna,Faltante,Cordón divisorio,Sin restricción
2021,4109,2021-07-05,Lunes,18:00:00,,0.0,2,"Moto/Ciclomotor,Pickup/Utilitario",9 de Julio Y Suchon,4,2,0,0,2,0,0,"-31.731768388878,-61.087034561947",Calle,,SAN CARLOS CENTRO,Las Colonias,Hormigón,No existe,XI,Dentro,Urbana,Otra Señal,No existe,Intersección,Bueno,Buena,Atardecer,Buen Tiempo,Múltiple,S/D,Colisión,Ninguna,Faltante,Cordón divisorio,Sin restricción
2021,4110,2021-07-18,Domingo,13:10:00,,0.0,2,"Moto/Ciclomotor,Automóvil",Ituzaingó Y Maipú,2,1,0,0,1,0,0,"-30.312220752239227,-61.23877197504",Calle,,SAN CRISTÓBAL,San CRISTÓBAL,Asfalto,No existe,XIII,Dentro,Urbana,Otra Señal,No existe,Intersección,Bueno,Buena,Diurna,Buen Tiempo,Múltiple,S/D,Colisión,Ninguna,Faltante,Cordón divisorio,Sin restricción
2021,4111,2021-07-27,Martes,07:40:00,,0.0,2,"Automóvil,Moto/Ciclomotor",13 de Mayo Y 25 de Mayo,2,1,0,0,1,0,0,"-31.729582646743,-61.087963913265",Calle,,SAN CARLOS CENTRO,Las Colonias,Asfalto,No existe,XI,Dentro,Urbana,Otra Señal,No existe,Intersección,Bueno,Buena,Diurna,Buen Tiempo,Múltiple,S/D,Colisión,Ninguna,Faltante,Cordón divisorio,Sin restricción
2021,4112,2021-07-04,Domingo,15:25:00,,0.0,2,"Automóvil,Automóvil",Av. Avellaneda B 5200,5,2,0,0,3,0,0,"-32.998373425436,-60.68895128411",Avenida,,ROSARIO,Rosario,Asfalto,No existe,II,Dentro,Urbana,Otra Señal,No existe,Intersección,Bueno,Buena,Diurna,Buen Tiempo,Múltiple,S/D,Colisión,Ninguna,Faltante,Cordón divisorio,Sin restricción
2021,4113,2021-07-16,Viernes,20:10:00,,0.0,1,Moto/Ciclomotor,Azcuénaga Y Gral. Belgrano,1,1,0,0,0,0,0,"-30.302235919835,-61.234403685488",Calle,,SAN CRISTÓBAL,San CRISTÓBAL,Asfalto,No existe,XIII,Dentro,Urbana,Otra Señal,No existe,Intersección,Bueno,Reducida,Nocturna,Buen Tiempo,Múltiple,S/D,Colisión,Ninguna,Faltante,Cordón divisorio,Sin restricción
2021,4114,2021-07-26,Lunes,22:00:00,,0.0,2,"Moto/Ciclomotor,Pickup/Utilitario",Av. Belgrano Y Moreno,2,1,0,0,1,0,0,"-31.440042477437,-61.261276039795",Avenida,,PILAR,Las Colonias,Asfalto,Pavimento,XI,Dentro,Urbana,Otra Señal,No existe,Intersección,Bueno,Buena,Nocturna,Buen Tiempo,Múltiple,S/D,Colisión,Ninguna,Faltante,Cordón divisorio,Sin restricción
2021,4115,2021-07-01,Jueves,18:15:00,,0.0,2,"Moto/Ciclomotor,Pickup/Utilitario",Bv San Martin Y Caseros,2,1,0,0,1,0,0,"-30.309636954969,-61.233394522692",Avenida,,SAN CRISTÓBAL,San CRISTÓBAL,Asfalto,No existe,XIII,Dentro,Urbana,Otra Señal,No existe,Intersección,Bueno,Buena,Atardecer,Buen Tiempo,Múltiple,S/D,Colisión,Ninguna,Faltante,Cordón divisorio,Sin restricción
2021,4116,2021-07-10,Sabado,19:00:00,Ruta Secundaria 36-s,0.0,2,"Moto/Ciclomotor,Pickup/Utilitario", ,3,1,0,0,2,0,0,"-31.765036582946745,-61.09282493591",Ruta,36-s,SAN CARLOS SUR,Las Colonias,Asfalto,Natural,XI,Dentro,Urbana,Otra Señal,No existe,Intersección,Bueno,Buena,Nocturna,Buen Tiempo,Múltiple,S/D,Colisión,Ninguna,Horizontal,Cordón divisorio,Sin restricción
2021,4118,2021-07-06,Martes,14:30:00,,0.0,2,"Automóvil,Automóvil",Carcova Y Gambartes,3,3,0,0,0,0,0,"-32.890159, -60.709515",Calle,,ROSARIO,Rosario,Asfalto,No existe,II,Dentro,Urbana,Otra Señal,No existe,Intersección,Bueno,Buena,Diurna,Buen Tiempo,Múltiple,S/D,Colisión,Ninguna,Faltante,Cordón divisorio,Sin restricción
2021,4119,2021-07-26,Lunes,15:55:00,,0.0,1,Moto/Ciclomotor,Gabriela Mistral 1800,2,2,0,0,0,0,0,"-29.445129632949847,-60.20928919315",Calle,,VERA,Vera,Ripio,No existe,XIX,Dentro,Urbana,Otra Señal,No existe,Intersección,Con baches,Buena,Diurna,Buen Tiempo,Múltiple,S/D,Colisión,Material Suelto,Faltante,Cordón divisorio,Sin restricción
2021,4120,2021-07-01,Jueves,11:45:00,,0.0,2,"Automóvil,Moto/Ciclomotor",Simón de Iriondo 4400,2,1,0,0,1,0,0,"-31.429605080912,-60.924414407129",Calle,,ESPERANZA,Las Colonias,Asfalto,No existe,XI,Dentro,Urbana,Otra Señal,No existe,Intersección,Bueno,Buena,Diurna,Buen Tiempo,Múltiple,S/D,Colisión,Ninguna,Horizontal,Cordón divisorio,Sin restricción
2021,4121,2021-07-25,Domingo,20:25:00,,0.0,1,Automóvil,L de la Torre ,1,1,0,0,0,0,0,"-29.463607, -60.218392",Calle,,VERA,Vera,Tierra,No existe,XIX,Dentro,Urbana,Otra Señal,No existe,Intersección,Con baches,Buena,Nocturna,Buen Tiempo,Múltiple,S/D,Colisión,Material Suelto,Faltante,Cordón divisorio,Sin restricción
2021,4122,2021-07-12,Lunes,09:10:00,,0.0,2,"Taxi/Remis,Moto/Ciclomotor",Darragueira Y Washington,3,2,0,0,1,0,0,"-32.901784, -60.692879",Calle,,ROSARIO,Rosario,Asfalto,No existe,II,Dentro,Urbana,Otra Señal,No existe,Intersección,Bueno,Buena,Diurna,Buen Tiempo,Múltiple,S/D,Colisión,Ninguna,Horizontal,Cordón divisorio,Sin restricción
2021,4123,2021-07-05,Lunes,12:15:00,,0.0,2,"Moto/Ciclomotor,Automóvil",Simón de Iriondo 5200,2,1,0,0,1,0,0,"-31.422968934535,-60.922335330631",Calle,,ESPERANZA,Las Colonias,Asfalto,No existe,XI,Dentro,Urbana,Otra Señal,No existe,Intersección,Bueno,Buena,Diurna,Buen Tiempo,Múltiple,S/D,Colisión,Ninguna,Horizontal,Cordón divisorio,Sin restricción
2021,4124,2021-07-24,Sabado,11:45:00,,0.0,1,Moto/Ciclomotor,L de la Torre Y Moreno,1,1,0,0,0,0,0,"-29.464269876480117,-60.21398305892",Calle,,VERA,Vera,Asfalto,No existe,XIX,Dentro,Urbana,Otra Señal,No existe,Intersección,Bueno,Buena,Diurna,Buen Tiempo,Múltiple,S/D,Colisión,Ninguna,Faltante,Cordón divisorio,Sin restricción
2021,4125,2021-07-23,Viernes,20:00:00,,0.0,2,"Bicicleta,Automóvil",Corrientes Y Rivadavia,2,1,0,0,1,0,0,"-29.465802714847,-60.210837312477",Calle,,VERA,Vera,Asfalto,No existe,XIX,Dentro,Urbana,Otra Señal,No existe,Intersección,Bueno,Buena,Nocturna,Buen Tiempo,Múltiple,Ciclista,Colisión,Ninguna,Faltante,Cordón divisorio,Sin restricción
2021,4126,2021-07-20,Martes,21:10:00,,0.0,2,"Automóvil,Moto/Ciclomotor",Mariano Moreno Y 3 De Febrero,3,1,0,0,2,0,0,"-32.950549174901,-60.652175543379",Calle,,ROSARIO,Rosario,Asfalto,No existe,II,Dentro,Urbana,Otra Señal,No existe,Intersección,Bueno,Buena,"Nocturna,Con luz artificial",Buen Tiempo,Múltiple,S/D,Colisión,Ninguna,Horizontal,Cordón divisorio,Sin restricción
2021,4128,2021-07-23,Viernes,10:30:00,,0.0,2,"Moto/Ciclomotor,Pickup/Utilitario",Presbítero José Houriet Y San Martin,3,2,0,0,1,0,0,"-29.46246870916,-60.211144842082",Calle,,VERA,Vera,Asfalto,No existe,XIX,Dentro,Urbana,Otra Señal,No existe,Intersección,Bueno,Buena,Diurna,Buen Tiempo,Múltiple,S/D,Colisión,Ninguna,Faltante,Cordón divisorio,Sin restricción