anio_acci,nro_acci,fecha,desc_dia,hora_aprox,desc_ruta,km,cant_participantes,desc_participante,calle_avenida_km,total,heridos_leves,heridos_graves,heridos_gravisimos,ilesos,fallecidos,sin_datos,posicion_XY,desc_tipo_via,desc_ruta_ori,desc_loc,desc_dpto,desc_tipo_calzada,desc_tipo_banquina,desc_unidad_regional,desc_lugar_calzada,desc_zona,desc_prioridad,desc_estado_semaforo,desc_lugar_via,desc_estado_via,desc_estado_visibilidad,desc_luminosidad,desc_estado_clima,desc_tipo_colision,desc_tipo_atropello,desc_tipo_hecho,desc_pres_calzada,desc_senializacion,desc_separacion_via,desc_restriccion
2021,4129,2021-07-31,Sabado,14:00:00,Ruta Provincial 15,0.0,2,"Moto/Ciclomotor,Automóvil",Conrado Schaer ,3,1,0,0,2,0,0,"-32.790209054946864,-61.61851644515",Ruta,15,ARMSTRONG,Belgrano,Asfalto,No existe,III,Dentro,Urbana,Otra Señal,No existe,Intersección,Bueno,Buena,Atardecer,Buen Tiempo,Múltiple,S/D,Colisión,Ninguna,Horizontal,Cordón divisorio,Sin restricción
2021,4130,2021-07-04,Domingo,18:00:00,,0.0,2,"Moto/Ciclomotor,Automóvil",20 DE JULIO 5950 ,3,2,0,0,1,0,0,"-33.005626, -60.643221",Calle,,ROSARIO,Rosario,Asfalto,No existe,II,Dentro,Urbana,Otra Señal,No existe,Intersección,Bueno,Buena,Diurna,Buen Tiempo,Múltiple,S/D,Colisión,Ninguna,Faltante,Cordón divisorio,Sin restricción
2021,4131,2021-07-21,Miercoles,13:30:00,,0.0,2,"Moto/Ciclomotor,Pickup/Utilitario",España Y R S PEÑA,4,1,0,0,3,0,0,"-29.457317987289,-60.216345124867",Calle,,VERA,Vera,Tierra,No existe,XIX,Dentro,Urbana,Otra Señal,No existe,Intersección,Con baches,Buena,Diurna,Buen Tiempo,Múltiple,S/D,Colisión,Material Suelto,Faltante,Cordón divisorio,Sin restricción
2021,4132,2021-07-29,Jueves,13:25:00,,0.0,2,"Automóvil,Moto/Ciclomotor",Chile Y Rivadavia,6,1,0,0,5,0,0,"-32.782664823753,-61.601251025482",Calle,,ARMSTRONG,Belgrano,Asfalto,No existe,III,Dentro,Urbana,Otra Señal,No existe,Intersección,Bueno,Buena,Diurna,Buen Tiempo,Múltiple,S/D,Colisión,Ninguna,Faltante,Cordón divisorio,Sin restricción
2021,4133,2021-07-07,Miercoles,10:00:00,,0.0,2,"Moto/Ciclomotor,Moto/Ciclomotor",Cafferata Y Saavedra,3,2,0,0,1,0,0,"-32.972040790494,-60.678918065935",Calle,,ROSARIO,Rosario,Asfalto,No existe,II,Dentro,Urbana,Otra Señal,No existe,Intersección,Resbaladiza,Buena,Diurna,Lluvia,Múltiple,S/D,Colisión,Agua,Faltante,Cordón divisorio,Sin restricción
2021,4134,2021-07-20,Martes,19:20:00,Ruta Nacional 11,730.0,2,"Automóvil,Pickup/Utilitario", ,3,2,0,0,1,0,0,"-29.43501, -60.1261",Ruta,11,VERA,Vera,Asfalto,Natural,XIX,Dentro,Rural,Otra Señal,No existe,Intersección,Bueno,Buena,Nocturna,Buen Tiempo,Múltiple,S/D,Colisión,Ninguna,Horizontal,Cordón divisorio,Sin restricción
2021,4136,2021-07-18,Domingo,12:25:00,,0.0,2,"Moto/Ciclomotor,Automóvil",Alsina Y San Lorenzo,2,1,0,0,1,0,0,"-32.937291240187,-60.675813095936",Calle,,ROSARIO,Rosario,Asfalto,No existe,II,Dentro,Urbana,Otra Señal,No existe,Intersección,Bueno,Buena,Diurna,Buen Tiempo,Múltiple,Ciclista,Colisión,Ninguna,Horizontal,Cordón divisorio,Sin restricción
2021,4137,2021-07-13,Martes,09:30:00,,0.0,2,"Moto/Ciclomotor,Automóvil",E.Zeballos Y Pte. Roca,2,1,0,0,1,0,0,"-32.953744543948,-60.647273681782",Calle,,ROSARIO,Rosario,Asfalto,No existe,II,Dentro,Urbana,Otra Señal,No existe,Intersección,Bueno,Buena,Diurna,Buen Tiempo,Múltiple,S/D,Colisión,Ninguna,Horizontal,Cordón divisorio,Sin restricción
2021,4138,2021-07-19,Lunes,10:25:00,,0.0,2,"Moto/Ciclomotor,Pickup/Utilitario",Juan de Garay Y R S PEÑA,2,1,0,0,1,0,0,"-29.455155059695244,-60.21596454083",Calle,,VERA,Vera,Asfalto,No existe,XIX,Dentro,Urbana,Otra Señal,No existe,Intersección,Bueno,Buena,Diurna,Buen Tiempo,Múltiple,S/D,Colisión,Ninguna,Faltante,Cordón divisorio,Sin restricción
2021,4140,2021-07-12,Lunes,14:00:00,,0.0,1,Moto/Ciclomotor,Mendoza Y Paraguay,1,1,0,0,0,0,0,"-32.95051235713,-60.645008278646",Calle,,ROSARIO,Rosario,Asfalto,No existe,II,Dentro,Urbana,Otra Señal,Funciona,Intersección,Bueno,Buena,Diurna,Buen Tiempo,Múltiple,S/D,Colisión,Ninguna,"Horizontal,Vertical",Cordón divisorio,Sin restricción
2021,4142,2021-07-13,Martes,14:00:00,,0.0,2,"Moto/Ciclomotor,Automóvil",Av. Del Huerto 1087,3,2,0,0,1,0,0,"-32.940014782298,-60.636444611146",Avenida,,ROSARIO,Rosario,Asfalto,No existe,II,Dentro,Urbana,Otra Señal,No existe,Intersección,Bueno,Buena,Diurna,Buen Tiempo,Múltiple,S/D,Colisión,Ninguna,Faltante,Cordón divisorio,Sin restricción
2021,4144,2021-07-30,Viernes,09:20:00,Ruta Provincial 65,73.0,2,"Camión c / Acoplado,Pickup/Utilitario", ,2,1,0,0,1,0,0,"-32.46099472045895,-61.584892272949",Ruta,65,LAS ROSAS,Belgrano,Asfalto,Ripio,III,Dentro,Urbana,Otra Señal,No existe,Intersección,Bueno,Buena,Diurna,Buen Tiempo,Múltiple,S/D,Colisión,Ninguna,"Horizontal,Vertical",Cordón divisorio,Sin restricción
2021,4147,2021-07-12,Lunes,18:00:00,,0.0,2,"Automóvil,Bicicleta",Mariano Moreno Y Rioja,2,1,0,0,1,0,0,"-32.945340591375,-60.650871275939",Calle,,ROSARIO,Rosario,Asfalto,No existe,II,Dentro,Urbana,Otra Señal,No existe,Intersección,Bueno,Buena,Diurna,Buen Tiempo,Múltiple,Ciclista,Colisión,Ninguna,"Horizontal,Vertical",Cordón divisorio,Sin restricción
2021,4148,2021-07-17,Sabado,12:50:00,,0.0,2,"Moto/Ciclomotor,Moto/Ciclomotor",25 de Mayo Y Estanislao López,2,2,0,0,0,0,0,"-29.45924878120424,-60.217995643615",Calle,,VERA,Vera,"Tierra,Ripio",No existe,XIX,Dentro,Urbana,Otra Señal,No existe,Intersección,S/D,Buena,Diurna,Buen Tiempo,Múltiple,S/D,Colisión,Ninguna,Faltante,Cordón divisorio,Sin restricción
2021,4149,2021-07-11,Domingo,13:00:00,,0.0,1,Moto/Ciclomotor,Presbítero José Houriet Y San Martin,2,2,0,0,0,0,0,"-29.46246870916,-60.211144842082",Calle,,VERA,Vera,Asfalto,No existe,XIX,Dentro,Urbana,Otra Señal,No existe,Intersección,Bueno,Buena,Diurna,Buen Tiempo,Múltiple,S/D,Colisión,Ninguna,Faltante,Cordón divisorio,Sin restricción
2021,4150,2021-03-16,Martes,,,0.0,1,Transporte de Pasajeros Urbano (> 8 asientos),9 de Julio Y Mendoza,3,3,0,0,0,0,0,"-31.64851, -60.70983",Calle,,SANTA FE,La Capital,Asfalto,No existe,I,S/D,Urbana,Otra Señal,No existe,Intersección,Bueno,S/D,S/D,S/D,Múltiple,S/D,Colisión,S/D,"Horizontal,Vertical",Cordón divisorio,Sin restricción
2021,4151,2021-07-16,Viernes,22:05:00,,0.0,2,"Pickup/Utilitario,Moto/Ciclomotor",Belgrano Y Simón de Iriondo,2,1,0,0,1,0,0,"-32.48299370692,-61.575093630032",Calle,,LAS ROSAS,Belgrano,Asfalto,No existe,II,Dentro,Urbana,Otra Señal,No existe,Intersección,Bueno,Buena,Diurna,Buen Tiempo,Múltiple,S/D,Colisión,Material Suelto,Faltante,Cordón divisorio,Sin restricción
2021,4152,2021-03-16,Martes,,,0.0,1,Moto/Ciclomotor, ,1,1,0,0,0,0,0,"-33.45839, -61.48625",S/D,,FIRMAT,General LÓPEZ,Asfalto,S/D,VIII,S/D,S/D,Otra Señal,S/D,Intersección,S/D,S/D,S/D,S/D,Múltiple,S/D,Colisión,S/D,S/D,Cordón divisorio,Sin restricción
2021,4153,2021-03-16,Martes,,,0.0,2,"Bicicleta,Automóvil",Colectora Y Miguel de Azcuénaga,2,2,0,0,0,0,0,"-33.457869216799736,-61.50180414319",Avenida,,FIRMAT,General LÓPEZ,Asfalto,Natural,VIII,S/D,Rural,Otra Señal,No existe,Intersección,Otro,S/D,S/D,S/D,Múltiple,Ciclista,Colisión,S/D,"Horizontal,Vertical",Cordón divisorio,Sin restricción
2021,4154,2021-07-10,Sabado,14:30:00,,0.0,2,"Moto/Ciclomotor,Moto/Ciclomotor",Mitre B 3400,3,3,0,0,0,0,0,"-29.446720182039,-60.21185437189",Calle,,VERA,Vera,Ripio,No existe,XIX,Dentro,Urbana,Otra Señal,No existe,Intersección,Resbaladiza,Buena,Diurna,Buen Tiempo,Múltiple,S/D,Colisión,Material Suelto,Faltante,Cordón divisorio,Sin restricción
2021,4155,2021-07-07,Miercoles,21:30:00,Ruta Nacional 178,181.0,2,"Moto/Ciclomotor,Automóvil", ,3,2,0,0,1,0,0,"-32.658369, -61.532888",Ruta,178,LAS PAREJAS,Belgrano,Asfalto,Natural,III,Dentro,Urbana,Otra Señal,No existe,Intersección,Bueno,Buena,Nocturna,Buen Tiempo,Múltiple,S/D,Colisión,Ninguna,Faltante,Cordón divisorio,Sin restricción
2021,4156,2021-07-18,Domingo,09:30:00,Ruta Nacional 178,176.0,1,Pickup/Utilitario, ,1,1,0,0,0,0,0,"-32.70357695456772, -61.52674367988",Ruta,178,LAS PAREJAS,Belgrano,Asfalto,No existe,III,Dentro,Rural,Otra Señal,No existe,Intersección,Bueno,Buena,Diurna,Buen Tiempo,Múltiple,S/D,Colisión,Ninguna,Horizontal,Cordón divisorio,Sin restricción
2021,4157,2021-03-17,Miercoles,19:20:00,,0.0,2,"Moto/Ciclomotor,Automóvil",Av. 9 de Julio Y Malvinas Argentinas,2,1,0,0,0,0,1,"-33.00548, -60.76445",Avenida,,PEREZ,Rosario,Ripio,No existe,II,S/D,Urbana,Otra Señal,No existe,Intersección,Deteriorada,S/D,Atardecer,S/D,Múltiple,S/D,Colisión,Material Suelto,Faltante,Cordón divisorio,Sin restricción
2021,4158,2021-07-09,Viernes,17:20:00,,0.0,2,"Moto/Ciclomotor,Taxi/Remis",Bv. Avellaneda Y 9 De Julio,3,2,0,0,1,0,0,"-32.94650596979,-60.680887674237",Avenida,,ROSARIO,Rosario,Asfalto,No existe,II,Dentro,Urbana,Otra Señal,Funciona,Intersección,Bueno,Buena,Diurna,Buen Tiempo,Múltiple,S/D,Colisión,Ninguna,"Horizontal,Vertical",Cordón divisorio,Sin restricción
2021,4159,2021-07-07,Miercoles,20:35:00,,0.0,2,"Moto/Ciclomotor,Automóvil",A Lezama Y Buenos Aires,4,2,0,0,2,0,0,"-29.464012112509,-60.207838790837",Calle,,VERA,Vera,Asfalto,No existe,XIX,Dentro,Urbana,Otra Señal,No existe,Intersección,Bueno,Buena,Atardecer,Buen Tiempo,Múltiple,S/D,Colisión,Ninguna,Faltante,Cordón divisorio,Sin restricción
2021,4162,2021-07-09,Viernes,17:15:00,,0.0,2,"Moto/Ciclomotor,Automóvil",Belgrano Y Colon,3,1,0,0,2,0,0,"-29.456960722166,-60.211293216754",Calle,,VERA,Vera,Asfalto,No existe,XIX,Dentro,Urbana,Otra Señal,No existe,Intersección,Bueno,Buena,Diurna,Buen Tiempo,Múltiple,S/D,Colisión,Ninguna,Faltante,Cordón divisorio,Sin restricción
2021,4163,2021-07-07,Miercoles,07:40:00,,0.0,2,"Automóvil,Pickup/Utilitario",Mendoza Y Rio De Janeiro,4,3,0,0,1,0,0,"-32.943960573132,-60.681766629225",Calle,,ROSARIO,Rosario,Asfalto,No existe,II,Dentro,Urbana,Otra Señal,Funciona,Intersección,Bueno,Buena,Diurna,Buen Tiempo,Múltiple,S/D,Colisión,Ninguna,"Horizontal,Vertical",Cordón divisorio,Sin restricción
2021,4165,2021-07-26,Lunes,08:50:00,,0.0,2,"Moto/Ciclomotor,Automóvil",Calle 11 Y Calle 26,2,1,0,0,1,0,0,"-32.682643153014,-61.512401185474",Calle,,LAS PAREJAS,Belgrano,Asfalto,No existe,III,Dentro,Urbana,Otra Señal,No existe,Intersección,Bueno,Buena,Diurna,Buen Tiempo,Múltiple,S/D,Colisión,Ninguna,Faltante,Cordón divisorio,Sin restricción
2021,4166,2021-03-16,Martes,11:20:00,Autopista Provincial Brigadier E.LÓPEZ,90.0,2,"Automóvil,Camión c / Acoplado", ,3,2,0,0,0,0,1,"-32.11907, -60.99326",Autopista,Brigadier E.LÓPEZ,SAN FABIÁN,San JERÓNIMO,Asfalto,Pavimento,XV,S/D,Rural,Otra Señal,No existe,Intersección,Bueno,S/D,Diurna,S/D,Múltiple,S/D,Colisión,S/D,S/D,Cordón divisorio,Sin restricción
2021,4167,2021-07-06,Martes,12:25:00,,0.0,2,"Bicicleta,Automóvil",Alvear Y 9 De Julio,2,1,0,0,0,0,1,"-32.950888273386,-60.656516831514",Calle,,ROSARIO,Rosario,Asfalto,No existe,II,Dentro,Urbana,Otra Señal,No existe,Intersección,Bueno,Buena,Diurna,Buen Tiempo,Múltiple,Ciclista,Colisión,Ninguna,Faltante,Cordón divisorio,Sin restricción
2021,4168,2021-07-01,Jueves,12:00:00,,0.0,2,"Moto/Ciclomotor,Pickup/Utilitario",Rivadavia Y San Martin,2,1,0,0,1,0,0,"-29.888829323033,-60.287699482796",Calle,,CALCHAQUÍ,Vera,Asfalto,No existe,XIX,Dentro,Urbana,Otra Señal,No existe,Intersección,Bueno,Buena,Diurna,Buen Tiempo,Múltiple,S/D,Colisión,Ninguna,Faltante,Cordón divisorio,Sin restricción
2021,4169,2021-07-03,Sabado,11:05:00,,0.0,2,"Moto/Ciclomotor,Automóvil",Belgrano Y Juan de Garay,3,2,0,0,1,0,0,"-29.455873912153,-60.211100260056",Calle,,VERA,Vera,Asfalto,No existe,XIX,Dentro,Urbana,Otra Señal,No existe,Intersección,Bueno,Buena,Diurna,Buen Tiempo,Múltiple,S/D,Colisión,Ninguna,Faltante,Cordón divisorio,Sin restricción
2021,4171,2021-07-06,Martes,12:00:00,,0.0,2,"Moto/Ciclomotor,Automóvil",Av. Ovidio Lagos Y Brown,2,1,0,0,1,0,0,"-32.932940710231,-60.659086339235",Avenida,,ROSARIO,Rosario,Asfalto,No existe,II,Dentro,Urbana,Otra Señal,Funciona,Intersección,Bueno,Buena,Diurna,Buen Tiempo,Múltiple,S/D,Colisión,Ninguna,"Horizontal,Vertical",Cordón divisorio,Sin restricción
2021,4172,2021-07-07,Miercoles,00:45:00,,0.0,2,"Moto/Ciclomotor,Pickup/Utilitario",9 de Julio Y Sarmiento,2,1,0,0,1,0,0,"-29.882547817278,-60.282743575345",Calle,,CALCHAQUÍ,Vera,Asfalto,No existe,XIX,Dentro,Urbana,Otra Señal,No existe,Intersección,Bueno,Buena,"Nocturna,Con luz artificial",Buen Tiempo,Múltiple,S/D,Colisión,Ninguna,Faltante,Cordón divisorio,Sin restricción
2021,4173,2021-03-18,Jueves,,,0.0,2,"Moto/Ciclomotor,Automóvil", ,2,0,0,0,0,0,2,"-31.44898, -60.93036",S/D,,ESPERANZA,Las Colonias,S/D,S/D,XI,S/D,S/D,Otra Señal,S/D,Intersección,S/D,S/D,S/D,S/D,Múltiple,S/D,Colisión,S/D,S/D,Cordón divisorio,Sin restricción
2021,4174,2021-07-02,Viernes,14:20:00,,0.0,2,"Moto/Ciclomotor,Automóvil",A Méndez Y Moreno,2,2,0,0,0,0,0,"-29.450785232004,-60.211373192512",Calle,,VERA,Vera,Tierra,No existe,XIX,Dentro,Urbana,Otra Señal,No existe,Intersección,"Con baches,Resbaladiza",Buena,Diurna,Buen Tiempo,Múltiple,S/D,Colisión,Material Suelto,Faltante,Cordón divisorio,Sin restricción
2021,4175,2021-07-08,Jueves,11:20:00,,0.0,2,"Moto/Ciclomotor,Automóvil",San Martin Y Santa Fe,4,2,0,0,2,0,0,"-29.889902374972,-60.287909618063",Calle,,CALCHAQUÍ,Vera,Asfalto,No existe,XIX,Dentro,Urbana,Otra Señal,No existe,Intersección,Bueno,Buena,Diurna,Buen Tiempo,Múltiple,S/D,Colisión,Ninguna,Faltante,Cordón divisorio,Sin restricción
2021,4176,2021-07-01,Jueves,10:00:00,,0.0,2,"Moto/Ciclomotor,Automóvil",Av. Belgrano Y Tucumán,2,1,0,0,1,0,0,"-32.942243463945,-60.634322833454",Avenida,,ROSARIO,Rosario,Asfalto,No existe,II,Dentro,Urbana,Otra Señal,No existe,Intersección,Bueno,Buena,Diurna,Buen Tiempo,Múltiple,S/D,Colisión,Ninguna,"Horizontal,Vertical",Cordón divisorio,Sin restricción
2021,4177,2021-07-01,Jueves,14:05:00,,0.0,2,"Moto/Ciclomotor,Bicicleta",R Mudry Y Soldado Gómez,2,1,0,0,1,0,0,"-29.451451915435,-60.22029091808",Calle,,VERA,Vera,Asfalto,No existe,XIX,Dentro,Urbana,Otra Señal,No existe,Intersección,Bueno,Buena,Diurna,Buen Tiempo,Múltiple,Ciclista,Colisión,Ninguna,Faltante,Cordón divisorio,Sin restricción
2021,4178,2021-07-06,Martes,17:30:00,,0.0,2,"Automóvil,Peatón",Alvear Y E.Zeballos,2,1,0,0,1,0,0,"-32.952047440156,-60.656809766822",Calle,,ROSARIO,Rosario,Asfalto,No existe,II,Dentro,Urbana,Otra Señal,No existe,Intersección,Bueno,Buena,Diurna,Buen Tiempo,Múltiple,Peatón,Colisión,Ninguna,Horizontal,Cordón divisorio,Sin restricción
2021,4180,2021-07-20,Martes,17:00:00,,0.0,1,Moto/Ciclomotor,Bv Belgrano Y Pueyrredón,1,1,0,0,0,0,0,"-29.887835650222,-60.286247282318",Avenida,,CALCHAQUÍ,Vera,Asfalto,No existe,XIX,Dentro,Urbana,Otra Señal,No existe,Intersección,Bueno,Buena,Diurna,Buen Tiempo,Múltiple,S/D,Colisión,Ninguna,Faltante,Cordón divisorio,Sin restricción
2021,4181,2021-07-27,Martes,16:00:00,,0.0,1,Transporte de Pasajeros Urbano (> 8 asientos),San Martin ,2,1,0,0,1,0,0,"-32.981339, -60.644642",Calle,,ROSARIO,Rosario,Asfalto,No existe,II,Dentro,Urbana,Otra Señal,S/D,Intersección,Bueno,S/D,S/D,S/D,Múltiple,S/D,Colisión,Ninguna,S/D,Cordón divisorio,Sin restricción
2021,4182,2021-07-23,Viernes,18:00:00,,0.0,2,"Moto/Ciclomotor,Pickup/Utilitario",Los Inmigrantes Y Roque Sáenz PEÑA,3,1,0,0,2,0,0,"-29.881639677742,-60.281343514553",Calle,,CALCHAQUÍ,Vera,Tierra,No existe,XI,Dentro,Urbana,Otra Señal,No existe,Intersección,Bueno,Buena,Atardecer,Buen Tiempo,Múltiple,S/D,Colisión,Ninguna,Faltante,Cordón divisorio,Sin restricción
2021,4183,2021-07-25,Domingo,11:20:00,,0.0,2,"Moto/Ciclomotor,Pickup/Utilitario",Agustín Justo 1145,3,2,0,0,1,0,0,"-29.886836248195,-60.289119093792",Calle,,CALCHAQUÍ,Vera,Asfalto,No existe,XIX,Dentro,Urbana,Otra Señal,No existe,Intersección,Bueno,Buena,Diurna,Buen Tiempo,Múltiple,S/D,Colisión,Ninguna,Faltante,Cordón divisorio,Sin restricción
2021,4184,2021-07-27,Martes,06:15:00,,0.0,2,"Moto/Ciclomotor,Pickup/Utilitario",San Juan Y Sarmiento,2,1,0,0,0,0,1,"-32.950147041192,-60.63912357151",Calle,,ROSARIO,Rosario,Asfalto,No existe,II,Dentro,Urbana,Otra Señal,No existe,Intersección,Bueno,Buena,Amanecer,Buen Tiempo,Múltiple,S/D,Colisión,Ninguna,Horizontal,Cordón divisorio,Sin restricción
2021,4185,2021-07-28,Miercoles,15:10:00,,0.0,2,"Taxi/Remis,Moto/Ciclomotor",Amenábar Y Italia,2,1,0,0,1,0,0,"-32.970450621039,-60.654358090275",Calle,,ROSARIO,Rosario,Asfalto,No existe,II,Dentro,Urbana,Otra Señal,No existe,Intersección,Bueno,Buena,Diurna,Buen Tiempo,Múltiple,S/D,Colisión,Ninguna,"Horizontal,Vertical",Cordón divisorio,Sin restricción
2021,4186,2021-07-23,Viernes,11:50:00,,0.0,2,"Moto/Ciclomotor,Automóvil",Entre Ríos Y Ituzaingó,2,1,0,0,1,0,0,"-32.96021845851,-60.644553641214",Calle,,ROSARIO,Rosario,Asfalto,No existe,II,Dentro,Urbana,Otra Señal,Funciona,Intersección,Bueno,Buena,Diurna,Buen Tiempo,Múltiple,S/D,Colisión,Ninguna,"Horizontal,Vertical",Cordón divisorio,Sin restricción
2021,4187,2021-07-20,Martes,15:30:00,,0.0,2,"Peatón,Automóvil",Ituzaingó Y 1 de Mayo,2,1,0,0,1,0,0,"-32.962278, -60.633344",Calle,,ROSARIO,Rosario,Asfalto,No existe,II,Dentro,Urbana,Otra Señal,No existe,Intersección,Bueno,Buena,Diurna,Buen Tiempo,Múltiple,Peatón,Colisión,Ninguna,Faltante,Cordón divisorio,Sin restricción
2021,4188,2021-07-26,Lunes,11:30:00,Autopista Nacional A008,0.0,1,Automóvil,Av. Circunvalación Y Av. Eva Perón,4,4,0,0,0,0,0,"-32.930939663003,-60.724560656901",Autopista,A008,ROSARIO,Rosario,Asfalto,No existe,II,Dentro,Urbana,Otra Señal,Funciona,Intersección,Bueno,Buena,Diurna,Buen Tiempo,Múltiple,S/D,Colisión,Ninguna,"Horizontal,Vertical",Cordón divisorio,Sin restricción
2021,4190,2021-07-20,Martes,15:40:00,,0.0,2,"Bicicleta,Automóvil",Av. Dante Alighieri Y Av. Gob.Caesar,2,1,0,0,1,0,0,"-32.962268, -60.662382",Avenida,,ROSARIO,Rosario,Asfalto,No existe,II,Dentro,Urbana,Otra Señal,No existe,Intersección,Bueno,Buena,Diurna,Buen Tiempo,Múltiple,S/D,Colisión,Ninguna,Horizontal,Cordón divisorio,Sin restricción
2021,4191,2021-07-01,Jueves,16:00:00,Autopista Nacional A008,0.0,2,"Peatón,Moto/Ciclomotor",Av. Circunvalación Y F.M.Esquiu,2,1,0,0,1,0,0,"-32.923386137791,-60.722906135649",Autopista,A008,ROSARIO,Rosario,Asfalto,No existe,II,Dentro,Urbana,Otra Señal,No existe,Intersección,Bueno,Buena,Diurna,Buen Tiempo,Múltiple,Peatón,Colisión,Ninguna,Faltante,Cordón divisorio,Sin restricción
2021,4193,2021-07-03,Sabado,11:40:00,Ruta Secundaria 34-s,0.0,2,"Automóvil,Pickup/Utilitario",Irigoyen Y Santa Fe,3,2,0,0,1,0,0,"-32.918347906126,-60.810199979656",Ruta,34-s,FUNES,Rosario,Asfalto,No existe,II,Dentro,Urbana,Otra Señal,No existe,Intersección,Bueno,Buena,Diurna,Buen Tiempo,Múltiple,S/D,Colisión,Ninguna,Faltante,Cordón divisorio,Sin restricción
2021,4194,2021-07-10,Sabado,05:00:00,Autopista Nacional A008,0.0,2,"Automóvil,Taxi/Remis",Morrison ,2,1,0,0,1,0,0,"-32.925353935501,-60.724148952302",Autopista,A008,ROSARIO,Rosario,Asfalto,Ripio,II,Dentro,Urbana,Otra Señal,No existe,Intersección,Bueno,Buena,"Nocturna,Con luz artificial",Buen Tiempo,Múltiple,S/D,Colisión,Ninguna,Horizontal,Cordón divisorio,Sin restricción
2021,4195,2021-07-06,Martes,18:40:00,,0.0,2,"Moto/Ciclomotor,Moto/Ciclomotor",Eva Perón Y Ituzaingó,2,2,0,0,0,0,0,"-32.858396451654,-60.714045978912",Calle,,GRANADERO BAIGORRIA,Rosario,Asfalto,No existe,II,Dentro,Urbana,Otra Señal,No existe,Intersección,Bueno,Buena,Atardecer,Buen Tiempo,Múltiple,S/D,Colisión,Ninguna,Vertical,Cordón divisorio,Sin restricción
2021,4196,2021-07-19,Lunes,19:05:00,Ruta Provincial 21,0.0,2,"Moto/Ciclomotor,Automóvil",Av. Gral. San Martin Y Moreno,3,2,0,0,1,0,0,"-33.024576340064,-60.625861241204",Ruta,21,VILLA GOBERNADOR GÁLVEZ,Rosario,Asfalto,No existe,II,Dentro,Urbana,Otra Señal,No existe,Intersección,Bueno,Buena,"Atardecer,Con luz artificial",Buen Tiempo,Múltiple,S/D,Colisión,Ninguna,Horizontal,Cordón divisorio,Sin restricción
2021,4197,2021-07-06,Martes,13:50:00,Ruta Nacional 9,0.0,2,"Automóvil,Automóvil",Ruta Nacional 9 Y Urquiza,2,1,0,0,0,0,1,"-32.924662828445435,-60.77113687992",Ruta,9,FUNES,Rosario,Asfalto,No existe,II,Dentro,Urbana,Otra Señal,Funciona,Intersección,Bueno,Buena,Diurna,S/D,Múltiple,S/D,Colisión,Ninguna,"Horizontal,Vertical",Cordón divisorio,Sin restricción
2021,4198,2021-07-18,Domingo,18:00:00,,0.0,2,"Automóvil,Automóvil",MAESTRO ALMARAZ Y RITA IBARLUCEA,2,1,0,0,1,0,0,"-32.850445, -60.788528",Calle,,IBARLUCEA,Rosario,Tierra,No existe,II,Dentro,Urbana,Otra Señal,No existe,Intersección,Bueno,Buena,Atardecer,Buen Tiempo,Múltiple,S/D,Colisión,Ninguna,Faltante,Cordón divisorio,Sin restricción
2021,4199,2021-07-01,Jueves,18:40:00,Ruta Provincial 21,0.0,2,"Bicicleta,Moto/Ciclomotor",Av. Gral. San Martin Y Mitre,2,1,0,0,1,0,0,"-33.024276711532,-60.62627654897",Ruta,21,VILLA GOBERNADOR GÁLVEZ,Rosario,Asfalto,No existe,II,Dentro,Urbana,Otra Señal,No existe,Intersección,Bueno,Buena,Con luz artificial,Buen Tiempo,Múltiple,Ciclista,Colisión,Ninguna,"Horizontal,Vertical",Cordón divisorio,Sin restricción
2021,4200,2021-07-11,Domingo,20:45:00,Ruta Nacional 34,11.0,1,Automóvil, ,2,2,0,0,0,0,0,"-32.837884243573605, -60.8128234502",Ruta,34,IBARLUCEA,Rosario,Asfalto,No existe,II,Dentro,Urbana,Otra Señal,No existe,Intersección,Bueno,Buena,Nocturna,Buen Tiempo,Múltiple,S/D,Colisión,Ninguna,Horizontal,Cordón divisorio,Sin restricción
2021,4201,2021-07-05,Lunes,17:30:00,,0.0,2,"Bicicleta,Pickup/Utilitario",J A Roca Y 12 de Octubre,2,1,0,0,1,0,0,"-33.022435398622,-60.615796000267",Calle,,VILLA GOBERNADOR GÁLVEZ,Rosario,Asfalto,No existe,II,Dentro,Urbana,Otra Señal,No existe,Intersección,Bueno,Buena,Diurna,Buen Tiempo,Múltiple,Ciclista,Colisión,Ninguna,Faltante,Cordón divisorio,Sin restricción