anio_acci,nro_acci,fecha,desc_dia,hora_aprox,desc_ruta,km,cant_participantes,desc_participante,calle_avenida_km,total,heridos_leves,heridos_graves,heridos_gravisimos,ilesos,fallecidos,sin_datos,posicion_XY,desc_tipo_via,desc_ruta_ori,desc_loc,desc_dpto,desc_tipo_calzada,desc_tipo_banquina,desc_unidad_regional,desc_lugar_calzada,desc_zona,desc_prioridad,desc_estado_semaforo,desc_lugar_via,desc_estado_via,desc_estado_visibilidad,desc_luminosidad,desc_estado_clima,desc_tipo_colision,desc_tipo_atropello,desc_tipo_hecho,desc_pres_calzada,desc_senializacion,desc_separacion_via,desc_restriccion
2021,4202,2021-07-06,Martes,07:30:00,Ruta Nacional 34,4.0,2,"Bicicleta,Moto/Ciclomotor", ,2,1,0,0,1,0,0,"-32.87356094574303, -60.75409916052",Ruta,34,IBARLUCEA,Rosario,Asfalto,Ripio,II,Dentro,Urbana,Otra Señal,No existe,Intersección,Bueno,Buena,Diurna,Buen Tiempo,Múltiple,Ciclista,Colisión,Ninguna,Horizontal,Cordón divisorio,Sin restricción
2021,4203,2021-07-21,Miercoles,16:10:00,Ruta Provincial 21,0.0,2,"Pickup/Utilitario,Automóvil", ,2,1,0,0,1,0,0,"-33.053912, -60.600693",Ruta,21,ALVEAR,Rosario,Asfalto,Ripio,II,Dentro,Rural,Otra Señal,Funciona,Intersección,Bueno,Buena,Diurna,Buen Tiempo,Múltiple,S/D,Colisión,Ninguna,"Horizontal,Vertical",Cordón divisorio,Sin restricción
2021,4204,2021-07-17,Sabado,20:10:00,Ruta Nacional 34,4.0,2,"Automóvil,Moto/Ciclomotor", ,2,1,0,0,1,0,0,"-32.871637423666,-60.756239255432",Ruta,34,IBARLUCEA,Rosario,Asfalto,Ripio,II,Dentro,Rural,Otra Señal,Intermitente,Intersección,Bueno,Buena,"Nocturna,Con luz artificial",Buen Tiempo,Múltiple,S/D,Colisión,Ninguna,Horizontal,Cordón divisorio,Sin restricción
2021,4206,2021-07-27,Martes,16:35:00,,0.0,2,"Pickup/Utilitario,Moto/Ciclomotor",Arenales Y Cerrito,2,1,0,0,1,0,0,"-33.131550434864,-60.807877241002",Calle,,ÁLVAREZ,Rosario,Asfalto,No existe,II,Dentro,Urbana,Otra Señal,No existe,Intersección,Bueno,Buena,Diurna,Buen Tiempo,Múltiple,S/D,Colisión,Ninguna,Faltante,Cordón divisorio,Sin restricción
2021,4207,2021-07-07,Miercoles,17:15:00,,0.0,2,"Peatón,Automóvil",Marcos Paz Y Soldado Aguirre,2,1,0,0,0,0,1,"-33.02958722982,-60.646646063003",Calle,,VILLA GOBERNADOR GÁLVEZ,Rosario,Asfalto,No existe,II,Dentro,Urbana,Otra Señal,No existe,Intersección,Deteriorada,Buena,Atardecer,Buen Tiempo,Múltiple,Peatón,Colisión,Material Suelto,Faltante,Cordón divisorio,Sin restricción
2021,4208,2021-07-13,Martes,18:15:00,,0.0,2,"Moto/Ciclomotor,Automóvil",Lavalle Y Roca,2,1,0,0,1,0,0,"-33.237700223187,-60.836109072328",Calle,,ACEBAL,Rosario,Asfalto,No existe,II,Dentro,Urbana,Otra Señal,No existe,Intersección,Bueno,Buena,Diurna,Buen Tiempo,Múltiple,S/D,Colisión,Ninguna,Faltante,Cordón divisorio,Sin restricción
2021,4209,2021-07-24,Sabado,19:50:00,,0.0,2,"Moto/Ciclomotor,Automóvil",San Lorenzo Y Soldado Aguirre,2,1,0,0,1,0,0,"-33.029549213682,-60.645281046692",Calle,,VILLA GOBERNADOR GÁLVEZ,Rosario,Asfalto,No existe,II,Dentro,Urbana,Otra Señal,No existe,Intersección,Con baches,Reducida,Atardecer,Buen Tiempo,Múltiple,S/D,Colisión,Ninguna,Faltante,Cordón divisorio,Sin restricción
2021,4210,2021-07-23,Viernes,18:00:00,,0.0,2,"Moto/Ciclomotor,Automóvil",Lavalle Y Roca,2,1,0,0,1,0,0,"-33.237700223187,-60.836109072328",Calle,,ACEBAL,Rosario,Asfalto,No existe,II,Dentro,Urbana,Otra Señal,No existe,Intersección,Bueno,Buena,Diurna,Buen Tiempo,Múltiple,S/D,Colisión,Ninguna,Faltante,Cordón divisorio,Sin restricción
2021,4212,2021-07-22,Jueves,04:40:00,,0.0,2,"Moto/Ciclomotor,Automóvil",Av. Brassey Y Donado,2,1,0,0,1,0,0,"-32.922881641364,-60.727663972676",Avenida,,ROSARIO,Rosario,Asfalto,No existe,II,Dentro,Urbana,Otra Señal,No existe,Intersección,Bueno,Buena,Diurna,Buen Tiempo,Múltiple,S/D,Colisión,Ninguna,Vertical,Cordón divisorio,Sin restricción
2021,4213,2021-07-25,Domingo,12:30:00,,0.0,2,"Automóvil,Moto/Ciclomotor",Bv Simón Iriondo Y Mitre,2,1,0,0,1,0,0,"-33.239756124837,-60.831364879037",Avenida,,ACEBAL,Rosario,Asfalto,No existe,II,Dentro,Urbana,Otra Señal,No existe,Intersección,Bueno,Buena,Diurna,Buen Tiempo,Múltiple,S/D,Colisión,Ninguna,Faltante,Cordón divisorio,Sin restricción
2021,4214,2021-07-26,Lunes,19:40:00,,0.0,2,"Automóvil,Peatón",Av. 9 de Julio Y Yapeyu,2,1,0,0,1,0,0,"-32.998998699891,-60.76908860989",Avenida,,PEREZ,Rosario,Asfalto,No existe,II,Dentro,Urbana,Otra Señal,No existe,Intersección,Bueno,Buena,Diurna,Buen Tiempo,Múltiple,Peatón,Colisión,Ninguna,Faltante,Cordón divisorio,Sin restricción
2021,4215,2021-07-17,Sabado,17:40:00,Ruta Secundaria 34-s,0.0,2,"Moto/Ciclomotor,Automóvil",Av. 9 de Julio Y Urquiza,2,1,0,0,1,0,0,"-32.994321085099,-60.772429059941",Ruta,34-s,PEREZ,Rosario,Asfalto,No existe,II,Dentro,Urbana,Otra Señal,No existe,Intersección,Bueno,Buena,Diurna,Buen Tiempo,Múltiple,S/D,Colisión,Ninguna,Faltante,Cordón divisorio,Sin restricción
2021,4216,2021-06-11,Viernes,13:30:00,Ruta Nacional 33,0.0,2,"Moto/Ciclomotor,Moto/Ciclomotor",España Y Ruta Nac 33,2,1,0,0,1,0,0,"-33.000840786717,-60.777381231124",Ruta,33,PEREZ,Rosario,Asfalto,Pavimento,II,Dentro,Urbana,Otra Señal,No existe,Intersección,Bueno,Buena,Diurna,Buen Tiempo,Múltiple,S/D,Colisión,Ninguna,Horizontal,Cordón divisorio,Sin restricción
2021,4218,2021-07-08,Jueves,07:40:00,Ruta Nacional 9,0.0,2,"Bicicleta,Automóvil",Catamarca Y Ruta Nacional 9,2,1,0,0,1,0,0,"-32.922615892443,-60.804823992495",Ruta,9,FUNES,Rosario,Asfalto,Ripio,II,Dentro,Urbana,Otra Señal,Funciona,Intersección,Bueno,Reducida,"Amanecer,Con luz artificial",Buen Tiempo,Múltiple,Ciclista,Colisión,Ninguna,"Horizontal,Vertical",Cordón divisorio,Sin restricción
2021,4219,2021-07-07,Miercoles,12:50:00,Ruta Nacional 33,0.0,5,"Automóvil,Camión,Automóvil,Pickup/Utilitario,Automóvil",Ruta Nac 33 Y Ruta Prov. 14,6,1,0,0,5,0,0,"-32.989116994012,-60.752762055209",Ruta,33,PEREZ,Rosario,Asfalto,Ripio,II,Dentro,Urbana,Otra Señal,No existe,Intersección,Bueno,Buena,Diurna,Buen Tiempo,Múltiple,S/D,Colisión,Ninguna,"Horizontal,Vertical",Cordón divisorio,Sin restricción
2021,4221,2021-07-09,Viernes,15:30:00,,0.0,2,"Pickup/Utilitario,Automóvil",Elorza Y San José,2,1,0,0,1,0,0,"-32.919785491541,-60.814446491173",Calle,,FUNES,Rosario,Asfalto,No existe,II,Dentro,Urbana,Otra Señal,No existe,Intersección,Bueno,Buena,Diurna,Buen Tiempo,Múltiple,S/D,Colisión,Ninguna,Vertical,Cordón divisorio,Sin restricción
2021,4224,2021-07-12,Lunes,10:45:00,,0.0,2,"Moto/Ciclomotor,Moto/Ciclomotor",Bv. Wilde Y J.J.Paso,2,1,0,0,1,0,0,"-32.920960338328,-60.739212118571",Avenida,,ROSARIO,Rosario,Asfalto,No existe,II,Dentro,Urbana,Otra Señal,No existe,Intersección,Bueno,Buena,Diurna,Buen Tiempo,Múltiple,S/D,Colisión,Ninguna,Vertical,Cordón divisorio,Sin restricción
2021,4225,2021-07-10,Sabado,17:15:00,,0.0,2,"Automóvil,Moto/Ciclomotor",Av. Rosario Y Candelaria,2,1,0,0,1,0,0,"-32.915432481522,-60.812065531409",Avenida,,FUNES,Rosario,Asfalto,No existe,II,Dentro,Urbana,Otra Señal,No existe,Intersección,Bueno,Buena,Diurna,Buen Tiempo,Múltiple,S/D,Colisión,Ninguna,Faltante,Cordón divisorio,Sin restricción
2021,4226,2021-07-26,Lunes,09:50:00,Ruta Secundaria 34-s,0.0,2,"Automóvil,Moto/Ciclomotor",Av. Fuerza Aérea Y Hipólito Irigoyen,2,1,0,0,1,0,0,"-32.929136796293,-60.812185372308",Ruta,34-s,FUNES,Rosario,Asfalto,Ripio,II,Dentro,Urbana,Otra Señal,No existe,Intersección,Bueno,Buena,Diurna,Buen Tiempo,Múltiple,S/D,Colisión,Ninguna,Horizontal,Cordón divisorio,Sin restricción
2021,4227,2021-07-19,Lunes,09:50:00,,0.0,2,"Moto/Ciclomotor,Pickup/Utilitario",Av. Eva Perón 7800,2,1,0,0,1,0,0,"-32.92991941494,-60.729740400294",Avenida,,ROSARIO,Rosario,Asfalto,No existe,II,Dentro,Urbana,Otra Señal,Funciona,Intersección,Bueno,Buena,Diurna,Buen Tiempo,Múltiple,S/D,Colisión,Ninguna,Vertical,Cordón divisorio,Sin restricción
2021,4228,2021-07-02,Viernes,12:00:00,,0.0,2,"Automóvil,Moto/Ciclomotor",BV TERUGGI Y JACARANDA,3,1,0,0,2,0,0,"-33.017970, -60.888579",Avenida,,ZAVALLA,Rosario,Ripio,No existe,II,Dentro,Urbana,Otra Señal,No existe,Intersección,Bueno,Buena,Diurna,Buen Tiempo,Múltiple,S/D,Colisión,Ninguna,Faltante,Cordón divisorio,Sin restricción
2021,4231,2021-07-04,Domingo,21:00:00,,0.0,1,Automóvil,33 Cristo Rey ,3,3,0,0,0,0,0,"-33.025116920471156,-60.74870824813",Camino Rural,,SOLDINI,Rosario,Ripio,No existe,II,Dentro,Rural,Otra Señal,No existe,Intersección,Bueno,Buena,Nocturna,Buen Tiempo,Múltiple,S/D,Colisión,Ninguna,Faltante,Cordón divisorio,Sin restricción
2021,4232,2021-07-19,Lunes,15:55:00,Ruta Provincial 14,0.0,2,"Automóvil,Moto/Ciclomotor",13 Antártida Argentina Y Brig López,2,1,0,0,1,0,0,"-33.020709649886,-60.755160276933",Ruta,14,SOLDINI,Rosario,Asfalto,No existe,II,Dentro,Urbana,Otra Señal,No existe,Intersección,Bueno,Buena,Diurna,Buen Tiempo,Múltiple,S/D,Colisión,Ninguna,Faltante,Cordón divisorio,Sin restricción
2021,4233,2021-07-29,Jueves,19:20:00,,0.0,2,"Moto/Ciclomotor,Automóvil",Donado Y Morrison,3,2,0,0,1,0,0,"-32.925448540626,-60.727560858854",Calle,,ROSARIO,Rosario,Asfalto,No existe,II,Dentro,Urbana,Otra Señal,No existe,Intersección,Bueno,Buena,Atardecer,Buen Tiempo,Múltiple,S/D,Colisión,Ninguna,Vertical,Cordón divisorio,Sin restricción
2021,4234,2021-07-27,Martes,13:15:00,Ruta Provincial 14,2.0,1,Otros, ,1,1,0,0,0,0,0,"-33.009417, -60.752054",Ruta,14,SOLDINI,Rosario,Asfalto,Natural,II,Dentro,Urbana,Otra Señal,No existe,Intersección,Bueno,Buena,Diurna,Buen Tiempo,Múltiple,S/D,Colisión,Ninguna,Faltante,Cordón divisorio,Sin restricción
2021,4235,2021-07-22,Jueves,21:00:00,Ruta Provincial 21,0.0,2,"Moto/Ciclomotor,Automóvil",Andrade Y Rivadavia,2,1,0,0,1,0,0,"-33.191151928777,-60.467246705156",Ruta,21,FIGHIERA,Rosario,Asfalto,Ripio,II,Dentro,Urbana,Otra Señal,No existe,Intersección,Bueno,Buena,Nocturna,Buen Tiempo,Múltiple,S/D,Colisión,Ninguna,Horizontal,Cordón divisorio,Sin restricción
2021,4236,2021-07-21,Miercoles,20:30:00,,0.0,2,"Automóvil,Moto/Ciclomotor",Mendoza Y Solís,2,2,0,0,0,0,0,"-32.939902499324,-60.703366201884",Avenida,,ROSARIO,Rosario,Asfalto,No existe,II,Dentro,Urbana,Otra Señal,Funciona,Intersección,Bueno,Buena,"Nocturna,Con luz artificial",Buen Tiempo,Múltiple,S/D,Colisión,Ninguna,"Horizontal,Vertical",Cordón divisorio,Sin restricción
2021,4237,2021-07-19,Lunes,14:30:00,Ruta Provincial 21,17.0,2,"Moto/Ciclomotor,Automóvil", ,2,1,0,0,1,0,0,"-33.13693558558242, -60.51920106834",Ruta,21,ARROYO SECO,Rosario,Asfalto,Natural,II,Dentro,Urbana,Otra Señal,No existe,Intersección,Bueno,Buena,Diurna,Buen Tiempo,Múltiple,S/D,Colisión,Ninguna,Horizontal,Cordón divisorio,Sin restricción
2021,4238,2021-07-26,Lunes,00:40:00,,0.0,2,"Automóvil,Automóvil",Cristóbal Colon Y Gral. José de San Martin,2,1,0,0,1,0,0,"-33.159817933774,-60.506952580239",Calle,,ARROYO SECO,Rosario,Asfalto,No existe,II,Dentro,Urbana,Otra Señal,No existe,Intersección,Bueno,Buena,"Nocturna,Con luz artificial",Buen Tiempo,Múltiple,S/D,Colisión,Ninguna,Faltante,Cordón divisorio,Sin restricción
2021,4239,2021-07-07,Miercoles,15:45:00,,0.0,2,"Pickup/Utilitario,Automóvil",3 De Febrero Y Alvear,2,1,0,0,1,0,0,"-33.012609625841,-60.611671712022",Calle,,ROSARIO,Rosario,Asfalto,No existe,II,Dentro,Urbana,Otra Señal,No existe,Intersección,Bueno,Buena,Diurna,Buen Tiempo,Múltiple,S/D,Colisión,Ninguna,Faltante,Cordón divisorio,Sin restricción
2021,4240,2021-07-22,Jueves,17:00:00,,0.0,2,"Pickup/Utilitario,Moto/Ciclomotor",Marcos Paz Y Pje. Windels,3,2,0,0,1,0,0,"-32.938739315919,-60.700581456423",Calle,,ROSARIO,Rosario,Asfalto,No existe,II,Dentro,Urbana,Otra Señal,No existe,Intersección,Bueno,Reducida p/ objetos,Diurna,Buen Tiempo,Múltiple,S/D,Colisión,Ninguna,Faltante,Cordón divisorio,Sin restricción
2021,4241,2021-07-08,Jueves,20:30:00,,0.0,2,"Moto/Ciclomotor,Automóvil",French Y Solís,2,1,0,0,1,0,0,"-32.921521410965,-60.704143362824",Calle,,ROSARIO,Rosario,Asfalto,No existe,II,Dentro,Urbana,Otra Señal,No existe,Intersección,Bueno,Reducida,Nocturna,Buen Tiempo,Múltiple,S/D,Colisión,Ninguna,Faltante,Cordón divisorio,Sin restricción
2021,4242,2021-07-10,Sabado,14:15:00,,0.0,2,"Moto/Ciclomotor,Pickup/Utilitario",San Nicolas Y Soldado Aguirre,3,2,0,0,1,0,0,"-33.029374733645,-60.639767310616",Calle,,VILLA GOBERNADOR GÁLVEZ,Rosario,Asfalto,No existe,II,Dentro,Urbana,Otra Señal,No existe,Intersección,Bueno,Buena,Diurna,Buen Tiempo,Múltiple,S/D,Colisión,Ninguna,Faltante,Cordón divisorio,Sin restricción
2021,4243,2021-07-22,Jueves,08:30:00,,0.0,2,"Automóvil,Moto/Ciclomotor",Av. Sorrento Y Cullen,2,1,0,0,1,0,0,"-32.907871914871,-60.710480509802",Avenida,,ROSARIO,Rosario,Asfalto,No existe,II,Dentro,Urbana,Otra Señal,No existe,Intersección,Bueno,Buena,Diurna,Buen Tiempo,Múltiple,S/D,Colisión,Ninguna,Faltante,Cordón divisorio,Sin restricción
2021,4244,2021-07-11,Domingo,19:40:00,,0.0,2,"Automóvil,Moto/Ciclomotor",Bomberos Voluntarios Y Soldado Aguirre,2,1,0,0,1,0,0,"-33.029012765204,-60.632951741771",Calle,,VILLA GOBERNADOR GÁLVEZ,Rosario,Asfalto,No existe,II,Dentro,Urbana,Otra Señal,No existe,Intersección,Bueno,Buena,"Nocturna,Con luz artificial",Buen Tiempo,Múltiple,S/D,Colisión,Ninguna,Faltante,Cordón divisorio,Sin restricción
2021,4246,2021-07-14,Miercoles,17:30:00,,0.0,2,"Moto/Ciclomotor,Automóvil",Garzón Y Tucumán,3,1,0,0,2,0,0,"-32.932355258502,-60.706036573537",Calle,,ROSARIO,Rosario,Asfalto,No existe,II,Dentro,Urbana,Otra Señal,No existe,Intersección,Bueno,Buena,Diurna,Buen Tiempo,Múltiple,S/D,Colisión,Ninguna,Faltante,Cordón divisorio,Sin restricción
2021,4247,2021-07-16,Viernes,17:00:00,,0.0,2,"Automóvil,Automóvil",Alberdi Y Juan B Justo,4,1,0,0,3,0,0,"-33.028518211782,-60.626429639893",Calle,,VILLA GOBERNADOR GÁLVEZ,Rosario,Asfalto,No existe,II,Dentro,Urbana,Otra Señal,No existe,Intersección,"Con baches,Deteriorada",Reducida,Diurna,Otro,Múltiple,S/D,Colisión,Ninguna,Faltante,Cordón divisorio,Sin restricción
2021,4248,2021-07-17,Sabado,11:20:00,,0.0,2,"Automóvil,Bicicleta",Alberdi Y Belgrano,2,1,0,0,1,0,0,"-33.029938152387,-60.624662838927",Calle,,VILLA GOBERNADOR GÁLVEZ,Rosario,Asfalto,No existe,II,Dentro,Urbana,Otra Señal,No existe,Intersección,Bueno,Buena,Diurna,Buen Tiempo,Múltiple,S/D,Colisión,Ninguna,Faltante,Cordón divisorio,Sin restricción
2021,4249,2021-07-20,Martes,12:45:00,,0.0,2,"Automóvil,Moto/Ciclomotor",Jaures Y P Opicci,2,1,0,0,1,0,0,"-33.020317984393,-60.634404036865",Calle,,VILLA GOBERNADOR GÁLVEZ,Rosario,Asfalto,No existe,II,Dentro,Urbana,Otra Señal,No existe,Intersección,Deteriorada,Buena,Diurna,Buen Tiempo,Múltiple,S/D,Colisión,Ninguna,Faltante,Cordón divisorio,Sin restricción
2021,4252,2021-07-06,Martes,19:50:00,,0.0,2,"Moto/Ciclomotor,Automóvil",ESPINOSA Y J. GREGORI,4,2,0,0,2,0,0,"-32.976753220071,-60.703224424793",Avenida,,ROSARIO,Rosario,Asfalto,No existe,II,Dentro,Urbana,Otra Señal,No existe,Intersección,Bueno,Buena,Atardecer,Buen Tiempo,Múltiple,S/D,Colisión,Ninguna,Faltante,Cordón divisorio,Sin restricción
2021,4253,2021-07-27,Martes,17:15:00,,0.0,2,"Moto/Ciclomotor,Moto/Ciclomotor",García del Cossio Bis ,3,2,0,0,0,1,0,"-32.919675, -60.746646",Calle,,ROSARIO,Rosario,Asfalto,No existe,II,Dentro,Urbana,Otra Señal,No existe,Intersección,Bueno,Buena,Diurna,Buen Tiempo,Múltiple,S/D,Colisión,Ninguna,Faltante,Cordón divisorio,Sin restricción
2021,4254,2021-07-08,Jueves,,,0.0,2,"Automóvil,Camión Chasis",Lamadrid Y Salvador Caputo,2,1,0,0,1,0,0,"-31.635759696163,-60.725529152562",Calle,,SANTA FE,La Capital,Asfalto,No existe,I,Dentro,Urbana,Otra Señal,No existe,Intersección,Bueno,Buena,Diurna,Buen Tiempo,Múltiple,S/D,Colisión,Ninguna,Faltante,Cordón divisorio,Sin restricción
2021,4255,2021-07-09,Viernes,15:00:00,,0.0,2,"Automóvil,Moto/Ciclomotor",Juan Diaz de Solís Y Salvador Caputo,2,1,0,0,1,0,0,"-31.635973604139,-60.724387118986",Calle,,SANTA FE,La Capital,Asfalto,No existe,I,Dentro,Urbana,Otra Señal,No existe,Intersección,Bueno,Buena,Diurna,Buen Tiempo,Múltiple,S/D,Colisión,Ninguna,Faltante,Cordón divisorio,Sin restricción
2021,4256,2021-07-05,Lunes,14:30:00,,0.0,1,Camión c / Acoplado,CAMINO COCHABAMBA Y PUENTE WILDE,1,1,0,0,0,0,0,"-32.951322, -60.738122",Avenida,,ROSARIO,Rosario,Asfalto,No existe,II,Dentro,Urbana,Otra Señal,No existe,Intersección,Bueno,Buena,Diurna,Buen Tiempo,Múltiple,S/D,Colisión,Ninguna,Horizontal,Cordón divisorio,Sin restricción
2021,4257,2021-07-07,Miercoles,13:40:00,,0.0,2,"Moto/Ciclomotor,Moto/Ciclomotor",Pje. Achiras Y San Lorenzo,4,1,0,0,3,0,0,"-32.935254, -60.737836",Calle,,ROSARIO,Rosario,Asfalto,No existe,II,Dentro,Urbana,Otra Señal,No existe,Intersección,Bueno,Buena,Diurna,Buen Tiempo,Múltiple,S/D,Colisión,Ninguna,Faltante,Cordón divisorio,Sin restricción
2021,4258,2021-07-08,Jueves,16:00:00,,0.0,2,"Moto/Ciclomotor,Peatón",Av. Provincias Unidas Y Derqui,2,1,0,0,1,0,0,"-32.937996317011,-60.712673249596",Avenida,,ROSARIO,Rosario,Asfalto,No existe,II,Dentro,Urbana,Otra Señal,Funciona,Intersección,Bueno,Buena,Atardecer,Buen Tiempo,Múltiple,Peatón,Colisión,Ninguna,"Horizontal,Vertical",Cordón divisorio,Sin restricción
2021,4259,2021-07-13,Martes,20:15:00,Autopista Nacional Rosario -Cordoba,0.0,1,Automóvil,Av. Eva Perón Y Bv. Wilde,3,3,0,0,0,0,0,"-32.949487, -60.738205",Autopista,Rosario -Cordoba,ROSARIO,Rosario,Asfalto,No existe,II,Dentro,Urbana,Otra Señal,No existe,Intersección,Bueno,Buena,"Nocturna,Con luz artificial",Buen Tiempo,Múltiple,S/D,Colisión,Ninguna,Faltante,Cordón divisorio,Sin restricción
2021,4260,2021-07-17,Sabado,22:40:00,,0.0,2,"Automóvil,Moto/Ciclomotor",Av. Freyre Y Hipólito Yrigoyen,2,1,0,0,1,0,0,"-31.640087005045,-60.717018923535",Avenida,,SANTA FE,La Capital,Asfalto,No existe,I,Dentro,Urbana,Otra Señal,No existe,Intersección,Bueno,Buena,"Nocturna,Con luz artificial",Viento Fuerte,Múltiple,S/D,Colisión,Ninguna,"Horizontal,Vertical",Cordón divisorio,Sin restricción
2021,4261,2021-07-19,Lunes,,,0.0,2,"Automóvil,Moto/Ciclomotor",Mendoza Y San Juan,2,1,0,0,1,0,0,"-31.645509377942,-60.72140913259",Calle,,SANTA FE,La Capital,Asfalto,No existe,I,Dentro,Urbana,Otra Señal,No existe,Intersección,Bueno,Buena,Diurna,Buen Tiempo,Múltiple,S/D,Colisión,Ninguna,Horizontal,Cordón divisorio,Sin restricción
2021,4262,2021-07-29,Jueves,13:50:00,,0.0,2,"Pickup/Utilitario,Bicicleta",Av. Francia Y Viamonte,4,1,0,0,3,0,0,"-32.960397275415,-60.670383765349",Avenida,,ROSARIO,Rosario,Asfalto,No existe,II,Dentro,Urbana,Otra Señal,No existe,Intersección,Bueno,Buena,Diurna,Buen Tiempo,Múltiple,Ciclista,Colisión,Ninguna,Horizontal,Cordón divisorio,Sin restricción
2021,4263,2021-07-19,Lunes,,,0.0,2,"Automóvil,Moto/Ciclomotor",La Rioja Y Saavedra,2,1,0,0,1,0,0,"-31.643537515964,-60.71523748178",Calle,,SANTA FE,La Capital,Asfalto,No existe,I,Dentro,Urbana,Otra Señal,No existe,Intersección,Bueno,Buena,Diurna,Buen Tiempo,Múltiple,S/D,Colisión,Ninguna,Faltante,Cordón divisorio,Sin restricción
2021,4264,2021-07-02,Viernes,19:10:00,,0.0,2,"Peatón,Pickup/Utilitario",Ferrarotti 3200,2,1,0,0,1,0,0,"-32.966788214892,-60.71773239839",Calle,,ROSARIO,Rosario,Asfalto,No existe,II,Dentro,Urbana,Otra Señal,No existe,Intersección,Bueno,Buena,Atardecer,S/D,Múltiple,Peatón,Colisión,Ninguna,Faltante,Cordón divisorio,Sin restricción
2021,4265,2021-07-22,Jueves,,,0.0,2,"Moto/Ciclomotor,Automóvil",Francia Y Salta,2,1,0,0,1,0,0,"-31.648699908621,-60.715350806157",Calle,,SANTA FE,La Capital,Asfalto,No existe,I,Dentro,Urbana,Otra Señal,No existe,Intersección,Bueno,Buena,Nocturna,Buen Tiempo,Múltiple,S/D,Colisión,Ninguna,Horizontal,Cordón divisorio,Sin restricción
2021,4266,2021-07-22,Jueves,21:45:00,,0.0,2,"Automóvil,Moto/Ciclomotor",Av. Freyre Y Gdor. Crespo,2,1,0,0,1,0,0,"-31.638777045141,-60.716624114462",Avenida,,SANTA FE,La Capital,Hormigón,No existe,I,Dentro,Urbana,Otra Señal,No existe,Intersección,Bueno,Buena,"Nocturna,Con luz artificial",Buen Tiempo,Múltiple,S/D,Colisión,Ninguna,Horizontal,Cordón divisorio,Sin restricción
2021,4267,2021-07-04,Domingo,15:30:00,,0.0,2,"Moto/Ciclomotor,Automóvil",Francia Y Iturraspe,2,1,0,0,1,0,0,"-31.627400133762,-60.709390762278",Calle,,SANTA FE,La Capital,Asfalto,No existe,I,Dentro,Urbana,Otra Señal,No existe,Intersección,Bueno,Buena,Diurna,Buen Tiempo,Múltiple,S/D,Colisión,Ninguna,Faltante,Cordón divisorio,Sin restricción
2021,4268,2021-07-05,Lunes,15:30:00,,0.0,2,"Automóvil,Pickup/Utilitario",Iturraspe Y San Lorenzo,2,1,0,0,1,0,0,"-31.62687674247,-60.711879488808",Calle,,ROSARIO,Rosario,Asfalto,No existe,I,Dentro,Urbana,Otra Señal,No existe,Intersección,Bueno,Buena,Diurna,Buen Tiempo,Múltiple,S/D,Colisión,Ninguna,Faltante,Cordón divisorio,Sin restricción
2021,4269,2021-07-19,Lunes,14:10:00,,0.0,2,"Automóvil,Automóvil",Pedro Ferre Y San Lorenzo,2,2,0,0,0,0,0,"-31.624355802441,-60.711122516719",Calle,,SANTA FE,La Capital,Asfalto,No existe,I,Dentro,Urbana,Otra Señal,No existe,Intersección,Bueno,Buena,Diurna,Buen Tiempo,Múltiple,S/D,Colisión,Ninguna,Faltante,Cordón divisorio,Sin restricción
2021,4270,2021-07-20,Martes,,,0.0,2,"Moto/Ciclomotor,Moto/Ciclomotor",Av. Blas Parera Y J M Zuviria,2,1,0,0,1,0,0,"-31.613034869922,-60.718070805739",Avenida,,SANTA FE,La Capital,Asfalto,No existe,I,Dentro,Urbana,Otra Señal,No existe,Intersección,Bueno,S/D,S/D,Buen Tiempo,Múltiple,S/D,Colisión,Ninguna,Horizontal,Cordón divisorio,Sin restricción
2021,4271,2021-07-23,Viernes,13:50:00,,0.0,2,"Automóvil,Moto/Ciclomotor",Bv Pellegrini Y Francia,2,1,0,0,1,0,0,"-31.633923202711,-60.711327063673",Avenida,,SANTA FE,La Capital,Hormigón,No existe,I,Dentro,Urbana,Otra Señal,Funciona,Intersección,Bueno,Buena,Diurna,Buen Tiempo,Múltiple,S/D,Colisión,Ninguna,"Horizontal,Vertical",Cordón divisorio,Sin restricción
2021,4272,2021-07-31,Sabado,17:45:00,,0.0,2,"Bicicleta,Pickup/Utilitario",Av. Gral. Paz 6000,2,1,0,0,1,0,0,"-31.615741333734,-60.682539262197",Avenida,,SANTA FE,La Capital,Asfalto,No existe,I,Dentro,Urbana,Otra Señal,No existe,Intersección,Bueno,Buena,Diurna,Buen Tiempo,Múltiple,Ciclista,Colisión,Ninguna,Faltante,Cordón divisorio,Sin restricción