anio_acci,nro_acci,fecha,desc_dia,hora_aprox,desc_ruta,km,cant_participantes,desc_participante,calle_avenida_km,total,heridos_leves,heridos_graves,heridos_gravisimos,ilesos,fallecidos,sin_datos,posicion_XY,desc_tipo_via,desc_ruta_ori,desc_loc,desc_dpto,desc_tipo_calzada,desc_tipo_banquina,desc_unidad_regional,desc_lugar_calzada,desc_zona,desc_prioridad,desc_estado_semaforo,desc_lugar_via,desc_estado_via,desc_estado_visibilidad,desc_luminosidad,desc_estado_clima,desc_tipo_colision,desc_tipo_atropello,desc_tipo_hecho,desc_pres_calzada,desc_senializacion,desc_separacion_via,desc_restriccion
2021,4273,2021-07-25,Domingo,06:00:00,,0.0,2,"Automóvil,Moto/Ciclomotor",Av. Pte. Perón Y Cándido Pujato,2,1,0,0,1,0,0,"-31.631078669693,-60.717634937387",Avenida,,SANTA FE,La Capital,Hormigón,No existe,I,Dentro,Urbana,Otra Señal,No existe,Intersección,Bueno,Buena,Nocturna,Buen Tiempo,Múltiple,S/D,Colisión,Ninguna,Faltante,Cordón divisorio,Sin restricción
2021,4274,2021-07-27,Martes,09:45:00,,0.0,2,"Moto/Ciclomotor,Automóvil",Av. Freyre Y Bv Pellegrini,2,1,0,0,1,0,0,"-31.633126957609,-60.715026042808",Avenida,,SANTA FE,La Capital,Asfalto,No existe,I,Dentro,Urbana,Otra Señal,Funciona,Intersección,Bueno,Buena,Diurna,Buen Tiempo,Múltiple,S/D,Colisión,Ninguna,Horizontal,Cordón divisorio,Sin restricción
2021,4276,2021-07-28,Miercoles,,,0.0,2,"Moto/Ciclomotor,Automóvil",Av. Freyre Y Salvador Caputo,2,1,0,0,1,0,0,"-31.637479460815552, -60.7162307492",Avenida,,SANTA FE,La Capital,Asfalto,No existe,I,Dentro,Urbana,Otra Señal,Funciona,Intersección,Bueno,Buena,Diurna,Buen Tiempo,Múltiple,S/D,Colisión,Ninguna,"Horizontal,Vertical",Cordón divisorio,Sin restricción
2021,4277,2021-07-03,Sabado,19:20:00,,0.0,2,"Moto/Ciclomotor,Automóvil",Azcuénaga Y Sebastián Gaboto,3,2,0,0,0,0,1,"-31.589402596036,-60.713137876881",Calle,,SANTA FE,La Capital,"Asfalto,Tierra",No existe,I,Dentro,Urbana,Otra Señal,No existe,Intersección,Bueno,Buena,Atardecer,Buen Tiempo,Múltiple,S/D,Colisión,Ninguna,Faltante,Cordón divisorio,Sin restricción
2021,4278,2021-03-18,Jueves,,,0.0,3,"Automóvil,Pickup/Utilitario,Automóvil",Av. Almte. Brown Y Boneo,4,2,0,0,2,0,0,"-31.61035, -60.66724",Calle,,SANTA FE,La Capital,Asfalto,No existe,I,S/D,Urbana,Otra Señal,No existe,Intersección,Bueno,S/D,S/D,S/D,Múltiple,S/D,Colisión,S/D,Horizontal,Cordón divisorio,Sin restricción
2021,4279,2021-07-16,Viernes,14:45:00,,0.0,2,"Moto/Ciclomotor,Moto/Ciclomotor",Av. A del Valle Y Risso,2,2,0,0,0,0,0,"-31.60118005661,-60.691937479327",Avenida,,SANTA FE,La Capital,Asfalto,No existe,II,Dentro,Urbana,Otra Señal,No existe,Intersección,Bueno,Buena,Diurna,Buen Tiempo,Múltiple,S/D,Colisión,Ninguna,Faltante,Cordón divisorio,Sin restricción
2021,4280,2021-07-08,Jueves,18:20:00,,0.0,2,"Automóvil,Moto/Ciclomotor",Azcuénaga 3953,2,1,0,0,1,0,0,"-31.590622176968,-60.709092041467",Calle,,SANTA FE,La Capital,Tierra,No existe,I,Dentro,Urbana,Otra Señal,No existe,Intersección,Bueno,Buena,Atardecer,Buen Tiempo,Múltiple,S/D,Colisión,Ninguna,Horizontal,Cordón divisorio,Sin restricción
2021,4281,2021-03-20,Sabado,16:30:00,,0.0,2,"Moto/Ciclomotor,Pickup/Utilitario", General Juan Las Heras Y Maipú,2,1,0,0,1,0,0,"-33.04817, -61.1822",Calle,,CASILDA,Caseros,Asfalto,No existe,IV,S/D,Urbana,Otra Señal,No existe,Intersección,Bueno,S/D,Diurna,S/D,Múltiple,S/D,Colisión,S/D,Vertical,Cordón divisorio,Sin restricción
2021,4282,2021-07-16,Viernes,17:25:00,,0.0,2,"Automóvil,Moto/Ciclomotor",Reg. 12 de Infantería Y Republica de Siria,2,1,0,0,1,0,0,"-31.598965069273,-60.688775859899",Calle,,SANTA FE,La Capital,Asfalto,No existe,I,Dentro,Urbana,Otra Señal,No existe,Intersección,Bueno,Buena,Diurna,Buen Tiempo,Múltiple,S/D,Colisión,Ninguna,Faltante,Cordón divisorio,Sin restricción
2021,4283,2021-07-21,Miercoles,13:30:00,,0.0,2,"Pickup/Utilitario,Moto/Ciclomotor",Av. A del Valle Y Javier de la Rosa,2,1,0,0,1,0,0,"-31.599254746712,-60.691912707173",Avenida,,SANTA FE,La Capital,Asfalto,No existe,I,Dentro,Urbana,Otra Señal,No existe,Intersección,Bueno,Buena,Diurna,Buen Tiempo,Múltiple,S/D,Colisión,Ninguna,Faltante,Cordón divisorio,Sin restricción
2021,4284,2021-07-08,Jueves,14:20:00,,0.0,2,"Moto/Ciclomotor,Peatón",Av. Blas Parera Y Reg. 12 de Infantería,2,2,0,0,0,0,0,"-31.591828944623,-60.72429290452",Avenida,,SANTA FE,La Capital,Asfalto,No existe,I,Dentro,Urbana,Otra Señal,No existe,Intersección,Bueno,Buena,Diurna,Buen Tiempo,Múltiple,Peatón,Colisión,Ninguna,"Horizontal,Vertical",Cordón divisorio,Sin restricción
2021,4286,2021-07-23,Viernes,15:40:00,,0.0,2,"Automóvil,Moto/Ciclomotor",Mitre Y Pje Koch,2,1,0,0,1,0,0,"-31.604794260377,-60.681442526087",Calle,,SANTA FE,La Capital,Asfalto,No existe,I,Dentro,Urbana,Otra Señal,No existe,Intersección,Bueno,Buena,Diurna,Buen Tiempo,Múltiple,S/D,Colisión,Ninguna,Faltante,Cordón divisorio,Sin restricción
2021,4287,2021-07-09,Viernes,14:30:00,,0.0,2,"Automóvil,Moto/Ciclomotor",Av. Blas Parera Y Reg. 12 de Infantería,2,2,0,0,0,0,0,"-31.591828944623,-60.72429290452",Avenida,,SANTA FE,La Capital,Asfalto,No existe,I,Dentro,Urbana,Otra Señal,Funciona,Intersección,Bueno,Buena,Diurna,Buen Tiempo,Múltiple,S/D,Colisión,Ninguna,"Horizontal,Vertical",Cordón divisorio,Sin restricción
2021,4288,2021-03-20,Sabado,08:50:00,,0.0,1,Otros,9 de Julio Y Santa Fe,1,1,0,0,0,0,0,"-32.05323, -61.59737",Calle,,CAÑADA ROSQUÍN,San MARTÍN,Asfalto,No existe,XVIII,S/D,Urbana,Otra Señal,No existe,Intersección,Bueno,S/D,Diurna,S/D,Múltiple,S/D,Colisión,S/D,Vertical,Cordón divisorio,Sin restricción
2021,4290,2021-07-01,Jueves,07:30:00,,0.0,2,"Moto/Ciclomotor,Automóvil",Hernandarias Y Las Heras,2,1,0,0,1,0,0,"-31.608517258946,-60.689309845593",Calle,,SANTA FE,La Capital,Asfalto,No existe,I,Dentro,Urbana,Otra Señal,No existe,Intersección,Bueno,Buena,Diurna,Buen Tiempo,Múltiple,S/D,Colisión,Ninguna,Faltante,Cordón divisorio,Sin restricción
2021,4291,2021-07-10,Sabado,12:45:00,,0.0,2,"Moto/Ciclomotor,Peatón",Av. Peñaloza Y Reg. 12 de Infantería,2,1,0,0,1,0,0,"-31.593822618937,-60.712154803106",Avenida,,SANTA FE,La Capital,Asfalto,No existe,I,Dentro,Urbana,Otra Señal,Funciona,Intersección,Bueno,Buena,Diurna,Buen Tiempo,Múltiple,Peatón,Colisión,Ninguna,"Horizontal,Vertical",Cordón divisorio,Sin restricción
2021,4292,2021-07-02,Viernes,08:00:00,,0.0,2,"Taxi/Remis,Peatón",Av. A del Valle Y Hernandarias,2,1,0,0,1,0,0,"-31.607642862008,-60.693402608003",Avenida,,SANTA FE,La Capital,Asfalto,No existe,I,Dentro,Urbana,Otra Señal,Funciona,Intersección,Bueno,Buena,Diurna,Buen Tiempo,Múltiple,Peatón,Colisión,Ninguna,"Horizontal,Vertical",Cordón divisorio,Sin restricción
2021,4293,2021-07-05,Lunes,13:00:00,,0.0,2,"Pickup/Utilitario,Moto/Ciclomotor",Alvear Y Llerena,2,1,0,0,1,0,0,"-31.615096488764,-60.690096035422",Calle,,SANTA FE,La Capital,Asfalto,No existe,I,Dentro,Urbana,Otra Señal,No existe,Intersección,Bueno,Buena,Diurna,Buen Tiempo,Múltiple,S/D,Colisión,Ninguna,Faltante,Cordón divisorio,Sin restricción
2021,4294,2021-07-23,Viernes,22:00:00,,0.0,2,"Bicicleta,Automóvil",Bernardo de Irigoyen Y Pavón,2,1,0,0,1,0,0,"-31.590357, -60.721896",Calle,,SANTA FE,La Capital,Asfalto,No existe,I,Dentro,Urbana,Otra Señal,No existe,Intersección,Bueno,Buena,"Nocturna,Con luz artificial",Buen Tiempo,Múltiple,Ciclista,Colisión,Ninguna,Faltante,Cordón divisorio,Sin restricción
2021,4295,2021-07-05,Lunes,17:40:00,,0.0,2,"Automóvil,Moto/Ciclomotor",Belgrano Y J P López,2,1,0,0,1,0,0,"-31.609186473104,-60.6906372927",Calle,,SANTA FE,La Capital,Asfalto,No existe,I,Dentro,Urbana,Otra Señal,No existe,Intersección,Bueno,Buena,Diurna,Buen Tiempo,Múltiple,S/D,Colisión,Ninguna,Faltante,Cordón divisorio,Sin restricción
2021,4296,2021-07-06,Martes,17:40:00,,0.0,2,"Peatón,Moto/Ciclomotor",Av. Gral. Paz Y Llerena,2,2,0,0,0,0,0,"-31.616553950719,-60.683203868584",Avenida,,SANTA FE,La Capital,Asfalto,No existe,I,Dentro,Urbana,Otra Señal,No existe,Intersección,Bueno,Buena,Diurna,Buen Tiempo,Múltiple,Peatón,Colisión,Ninguna,Faltante,Cordón divisorio,Sin restricción
2021,4297,2021-07-20,Martes,12:00:00,,0.0,2,"Moto/Ciclomotor,Automóvil",Juan de Garay Y Monseñor Rodríguez,2,1,0,0,1,0,0,"-31.561678, -60.729246",Calle,,SANTA FE,La Capital,Asfalto,No existe,I,Dentro,Urbana,Otra Señal,No funciona,Intersección,Bueno,Buena,Diurna,Buen Tiempo,Múltiple,S/D,Colisión,Ninguna,"Horizontal,Vertical",Cordón divisorio,Sin restricción
2021,4298,2021-07-07,Miercoles,18:05:00,,0.0,2,"Moto/Ciclomotor,Automóvil",Hernandarias Y Mitre,3,2,0,0,1,0,0,"-31.609877279641,-60.682923265",Calle,,SANTA FE,La Capital,Asfalto,No existe,I,Dentro,Urbana,Otra Señal,No existe,Intersección,Bueno,Buena,Diurna,Buen Tiempo,Múltiple,S/D,Colisión,Ninguna,Faltante,Cordón divisorio,Sin restricción
2021,4299,2021-03-19,Viernes,10:27:00,,0.0,2,"Peatón,Moto/Ciclomotor",Pedro T de Larrechea 900,2,2,0,0,0,0,0,"-32.20134, -61.69797",Calle,,EL TRÉBOL,San MARTÍN,Asfalto,No existe,XVIII,S/D,Urbana,Otra Señal,No existe,Intersección,Bueno,S/D,Diurna,S/D,Múltiple,Peatón,Colisión,S/D,Faltante,Cordón divisorio,Sin restricción
2021,4300,2021-07-02,Viernes,12:55:00,,0.0,2,"Moto/Ciclomotor,Moto/Ciclomotor",Hernandarias Y Rivadavia,2,2,0,0,0,0,0,"-31.607767951202,-60.692787072987",Calle,,SANTA FE,La Capital,Asfalto,No existe,I,Dentro,Urbana,Otra Señal,No existe,Intersección,Bueno,Buena,Diurna,Buen Tiempo,Múltiple,S/D,Colisión,Ninguna,Faltante,Cordón divisorio,Sin restricción
2021,4301,2021-07-12,Lunes,19:10:00,,0.0,2,"Moto/Ciclomotor,Pickup/Utilitario",Candioti Y J Castelli,2,1,0,0,1,0,0,"-31.608070249846,-60.68690919035",Calle,,SANTA FE,La Capital,Asfalto,No existe,I,Dentro,Urbana,Otra Señal,No existe,Intersección,Bueno,Buena,Nocturna,Buen Tiempo,Múltiple,S/D,Colisión,Ninguna,Faltante,Cordón divisorio,Sin restricción
2021,4302,2021-07-13,Martes,11:30:00,,0.0,2,"Otros,Moto/Ciclomotor",Avellaneda Y Salvador del Carril,2,1,0,0,1,0,0,"-31.62110572541,-60.68283662949",Calle,,SANTA FE,La Capital,Asfalto,No existe,I,Dentro,Urbana,Otra Señal,No existe,Intersección,Bueno,Buena,Diurna,Buen Tiempo,Múltiple,S/D,Colisión,Ninguna,Faltante,Cordón divisorio,Sin restricción
2021,4304,2021-07-13,Martes,12:30:00,,0.0,2,"Automóvil,Bicicleta",Agustín Delgado Y Av. Gral. Paz,2,1,0,0,1,0,0,"-31.623255876937,-60.688016720017",Avenida,,SANTA FE,La Capital,Asfalto,No existe,I,Dentro,Urbana,Otra Señal,Funciona,Intersección,Bueno,Buena,Diurna,Buen Tiempo,Múltiple,Ciclista,Colisión,Ninguna,"Horizontal,Vertical",Cordón divisorio,Sin restricción
2021,4305,2021-03-22,Lunes,12:32:00,,0.0,2,"Peatón,Moto/Ciclomotor",San Martin Y Martin Fierro,2,1,0,0,1,0,0,"-32.18401, -61.71252",Calle,,EL TRÉBOL,San MARTÍN,Ripio,No existe,XVIII,S/D,Urbana,Otra Señal,S/D,Intersección,Deteriorada,S/D,Diurna,S/D,Múltiple,Peatón,Colisión,S/D,S/D,Cordón divisorio,Sin restricción
2021,4306,2021-07-15,Jueves,10:00:00,,0.0,2,"Automóvil,Automóvil", ,2,1,0,0,0,0,1,"-31.610789550854,-60.687703712618",Calle,,SANTA FE,La Capital,Asfalto,No existe,I,Dentro,Urbana,Otra Señal,No existe,Intersección,Bueno,Buena,Diurna,Buen Tiempo,Múltiple,S/D,Colisión,Ninguna,Faltante,Cordón divisorio,Sin restricción
2021,4307,2021-03-24,Miercoles,,,0.0,2,"Moto/Ciclomotor,Automóvil",Gdor. Freyre 6700,3,1,0,0,2,0,0,"-31.60386, -60.70645",Calle,,SANTA FE,La Capital,Asfalto,No existe,I,S/D,Urbana,Otra Señal,Funciona,Intersección,Bueno,S/D,S/D,S/D,Múltiple,S/D,Colisión,S/D,Vertical,Cordón divisorio,Sin restricción
2021,4308,2021-07-17,Sabado,00:05:00,,0.0,2,"Automóvil,Automóvil",Av. Gral. Paz Y Llerena,3,2,0,0,1,0,0,"-31.616553950719,-60.683203868584",Avenida,,SANTA FE,La Capital,Asfalto,No existe,I,Dentro,Urbana,Otra Señal,Funciona,Intersección,Bueno,Buena,Diurna,Buen Tiempo,Múltiple,S/D,Colisión,Ninguna,Horizontal,Cordón divisorio,Sin restricción
2021,4310,2021-07-17,Sabado,19:30:00,,0.0,2,"Automóvil,Moto/Ciclomotor",Av. Gral. Paz Y Lavaisse,2,1,0,0,1,0,0,"-31.615741333734,-60.682539262197",Avenida,,SANTA FE,La Capital,Asfalto,No existe,I,Dentro,Urbana,Otra Señal,No existe,Intersección,Bueno,Buena,Atardecer,Buen Tiempo,Múltiple,S/D,Colisión,Ninguna,Horizontal,Cordón divisorio,Sin restricción
2021,4311,2021-07-19,Lunes,20:20:00,Ruta Nacional 11,488.0,2,"Camión,Bicicleta",Ruta Nacional 11 ,2,1,0,0,1,0,0,"-31.49079, -60.73209",Ruta,11,RECREO,La Capital,Asfalto,Natural,I,Dentro,Rural,Otra Señal,No existe,Intersección,Bueno,Reducida,Nocturna,Buen Tiempo,Múltiple,Ciclista,Colisión,Agua,Horizontal,Cordón divisorio,Sin restricción
2021,4312,2021-03-24,Miercoles,,Autopista Nacional A008,11.0,1,Moto/Ciclomotor, ,1,1,0,0,0,0,0,"-32.97142, -60.6226",Autopista,A008,ROSARIO,Rosario,Asfalto,No existe,II,S/D,Urbana,Otra Señal,No existe,Intersección,Bueno,S/D,S/D,S/D,Múltiple,S/D,Colisión,S/D,"Horizontal,Vertical",Cordón divisorio,Sin restricción
2021,4313,2021-07-21,Miercoles,08:30:00,,0.0,2,"Bicicleta,Automóvil",Belgrano Y Quintana,2,1,0,0,1,0,0,"-31.623705072034,-60.694997248659",Calle,,SANTA FE,La Capital,Asfalto,No existe,I,Dentro,Urbana,Otra Señal,No existe,Intersección,Bueno,Buena,Diurna,Buen Tiempo,Múltiple,Ciclista,Colisión,Ninguna,Horizontal,Cordón divisorio,Sin restricción
2021,4314,2021-07-22,Jueves,20:00:00,,0.0,2,"Automóvil,Moto/Ciclomotor",Av. A del Valle 6400,2,1,0,0,1,0,0,"-31.609420502361,-60.694048063844",Avenida,,SANTA FE,La Capital,Asfalto,No existe,I,Dentro,Urbana,Otra Señal,Funciona,Intersección,Bueno,Buena,Nocturna,Buen Tiempo,Múltiple,S/D,Colisión,Ninguna,"Horizontal,Vertical",Cordón divisorio,Sin restricción
2021,4316,2021-07-27,Martes,15:20:00,,0.0,2,"Peatón,Moto/Ciclomotor",Matheu Y San Juan,2,1,0,0,0,0,1,"-31.590446443179,-60.70542832018",Calle,,SANTA FE,La Capital,Hormigón,No existe,I,Dentro,Urbana,Otra Señal,No existe,Intersección,Bueno,Buena,Diurna,Buen Tiempo,Múltiple,Peatón,Colisión,Ninguna,Faltante,Cordón divisorio,Sin restricción
2021,4318,2021-07-23,Viernes,23:30:00,,0.0,2,"Automóvil,Moto/Ciclomotor",Dorrego 5300,2,0,0,0,0,0,2,"-31.622128486955,-60.682004634953",Calle,,SANTA FE,La Capital,Asfalto,No existe,I,Dentro,Urbana,Otra Señal,No existe,Intersección,Bueno,Buena,Nocturna,Buen Tiempo,Múltiple,S/D,Colisión,Ninguna,Faltante,Cordón divisorio,Sin restricción
2021,4319,2021-07-27,Martes,14:00:00,,0.0,2,"Moto/Ciclomotor,Pickup/Utilitario",Candioti Y Necochea,2,1,0,0,1,0,0,"-31.640248160308,-60.695220414583",Calle,,SANTA FE,La Capital,Asfalto,No existe,I,Dentro,Urbana,Otra Señal,No existe,Intersección,Bueno,Buena,Diurna,Buen Tiempo,Múltiple,S/D,Colisión,Ninguna,Faltante,Cordón divisorio,Sin restricción
2021,4320,2021-07-15,Jueves,07:20:00,,0.0,2,"Bicicleta,Moto/Ciclomotor",Chubut Y Juan de Garay,2,1,0,0,1,0,0,"-31.554402, -60.727658",Avenida,,RECREO,La Capital,Asfalto,No existe,I,Dentro,Urbana,Otra Señal,No existe,Intersección,Bueno,Buena,Amanecer,Buen Tiempo,Múltiple,Ciclista,Colisión,Ninguna,Horizontal,Cordón divisorio,Sin restricción
2021,4321,2021-07-28,Miercoles,11:50:00,,0.0,2,"Taxi/Remis,Automóvil",Republica de Siria Y Lavaisse,2,1,0,0,1,0,0,"-31.613497807652,-60.69304027851",Calle,,SANTA FE,La Capital,Asfalto,No existe,I,Dentro,Urbana,Otra Señal,No existe,Intersección,Bueno,Buena,Diurna,Buen Tiempo,Múltiple,S/D,Colisión,Ninguna,Faltante,Cordón divisorio,Sin restricción
2021,4322,2021-07-29,Jueves,13:30:00,,0.0,2,"Pickup/Utilitario,Automóvil",Alberti Y J M Zuviria,2,0,0,0,0,0,2,"-31.600095132707,-60.701528615647",Calle,,SANTA FE,La Capital,Asfalto,No existe,I,Dentro,Urbana,Otra Señal,No existe,Intersección,Bueno,Buena,Diurna,Buen Tiempo,Múltiple,S/D,Colisión,Ninguna,Horizontal,Cordón divisorio,Sin restricción
2021,4323,2021-07-08,Jueves,14:30:00,,0.0,2,"Pickup/Utilitario,Bicicleta",Gdor. Candioti Y Pedro de Vega,2,1,0,0,0,0,1,"-31.612612878775,-60.688244035957",Calle,,SANTA FE,La Capital,Asfalto,No existe,I,Dentro,Urbana,Otra Señal,No existe,Intersección,Bueno,Buena,Diurna,Buen Tiempo,Múltiple,Ciclista,Colisión,Ninguna,Faltante,Cordón divisorio,Sin restricción
2021,4324,2021-07-10,Sabado,15:00:00,,0.0,2,"Moto/Ciclomotor,Automóvil",Salvador del Carril Y Sarmiento,2,1,0,0,1,0,0,"-31.620120955189,-60.68820443745",Calle,,SANTA FE,La Capital,Asfalto,No existe,I,Dentro,Urbana,Otra Señal,No existe,Intersección,Bueno,Buena,Diurna,Buen Tiempo,Múltiple,S/D,Colisión,Ninguna,Faltante,Cordón divisorio,Sin restricción
2021,4325,2021-07-20,Martes,10:30:00,,0.0,2,"Automóvil,Moto/Ciclomotor",Juan Bautista Alberdi Y Simón de Iriondo,2,1,0,0,1,0,0,"-31.682320497679,-60.762048617182",Calle,,SANTO TOMÉ,La Capital,Asfalto,No existe,I,Dentro,Urbana,Otra Señal,No existe,Intersección,Bueno,Buena,Diurna,Buen Tiempo,Múltiple,S/D,Colisión,Ninguna,Faltante,Cordón divisorio,Sin restricción
2021,4326,2021-07-11,Domingo,15:40:00,,0.0,2,"Bicicleta,Automóvil",Las Heras Y Ricardo Aldao,2,1,0,0,1,0,0,"-31.61124102436,-60.690109743568",Calle,,SANTA FE,La Capital,Asfalto,No existe,I,Dentro,Urbana,Otra Señal,No existe,Intersección,Bueno,Buena,Diurna,Buen Tiempo,Múltiple,Ciclista,Colisión,Ninguna,Faltante,Cordón divisorio,Sin restricción
2021,4327,2021-07-16,Viernes,07:10:00,Ruta Nacional 11,0.0,2,"Moto/Ciclomotor,Bicicleta",Guayanas Y Ruta Nac 11,2,1,0,0,1,0,0,"-31.771591, -60.839928",Ruta,11,SAUCE VIEJO,La Capital,Asfalto,No existe,I,Dentro,Urbana,Otra Señal,No existe,Intersección,Bueno,Reducida,Diurna,Niebla,Múltiple,Ciclista,Colisión,Ninguna,Horizontal,Cordón divisorio,Sin restricción
2021,4328,2021-07-31,Sabado,,,0.0,2,"Pickup/Utilitario,Moto/Ciclomotor",Aromos Y Petunias,3,2,0,0,1,0,0,"-31.71298027038571,-60.804390907287",Calle,,SAUCE VIEJO,La Capital,Ripio,Ripio,I,Dentro,Urbana,Otra Señal,No existe,Intersección,Bueno,Buena,Atardecer,Buen Tiempo,Múltiple,S/D,Colisión,Ninguna,S/D,Cordón divisorio,Sin restricción
2021,4329,2021-07-05,Lunes,14:30:00,,0.0,2,"Moto/Ciclomotor,Automóvil",Av. López y Planes Y Martin Zapata,3,2,0,0,1,0,0,"-31.616933, -60.713333",Avenida,,SANTA FE,La Capital,Asfalto,No existe,I,Dentro,Urbana,Otra Señal,Funciona,Intersección,Bueno,Buena,Diurna,Buen Tiempo,Múltiple,S/D,Colisión,Ninguna,Vertical,Cordón divisorio,Sin restricción
2021,4330,2021-07-07,Miercoles,13:20:00,,0.0,2,"Moto/Ciclomotor,Pickup/Utilitario",Av. Blas Parera Y R Godoy,2,1,0,0,1,0,0,"-31.610848057532,-60.718844378674",Avenida,,SANTA FE,La Capital,Asfalto,No existe,I,Dentro,Urbana,Otra Señal,Funciona,Intersección,Bueno,Buena,Diurna,Buen Tiempo,Múltiple,S/D,Colisión,Ninguna,"Horizontal,Vertical",Cordón divisorio,Sin restricción
2021,4331,2021-07-14,Miercoles,11:45:00,,0.0,2,"Pickup/Utilitario,Taxi/Remis",Av. López y Planes Y Juan Del Campillo,2,1,0,0,1,0,0,"-31.627222001552582,-60.71392133831",Avenida,,SANTA FE,La Capital,Asfalto,No existe,I,Dentro,Urbana,Otra Señal,Funciona,Intersección,Bueno,Buena,Diurna,Buen Tiempo,Múltiple,S/D,Colisión,Ninguna,"Horizontal,Vertical",Cordón divisorio,Sin restricción
2021,4332,2021-07-14,Miercoles,16:00:00,,0.0,2,"Moto/Ciclomotor,Automóvil",Av. López y Planes Y Martin Zapata,2,2,0,0,0,0,0,"-31.616925001144413,-60.71336746215",Avenida,,SANTA FE,La Capital,Asfalto,No existe,I,Dentro,Urbana,Otra Señal,Funciona,Intersección,Bueno,Buena,Diurna,Buen Tiempo,Múltiple,S/D,Colisión,Ninguna,Vertical,Cordón divisorio,Sin restricción
2021,4333,2021-07-28,Miercoles,08:30:00,,0.0,2,"Moto/Ciclomotor,Automóvil",José Pedroni Y Roverano,2,1,0,0,1,0,0,"-31.696345231537,-60.759563211501",Calle,,SANTO TOMÉ,La Capital,Tierra,No existe,I,Dentro,Urbana,Otra Señal,No existe,Intersección,Bueno,Buena,Diurna,Buen Tiempo,Múltiple,S/D,Colisión,Ninguna,Faltante,Cordón divisorio,Sin restricción
2021,4334,2021-07-19,Lunes,23:50:00,,0.0,2,"Peatón,Pickup/Utilitario",La Paz Y Pje Diego de Leiva,2,1,0,0,1,0,0,"-31.627805378647,-60.715153976533",Calle,,SANTA FE,La Capital,Asfalto,No existe,I,Dentro,Urbana,Otra Señal,Funciona,Intersección,Bueno,Buena,"Nocturna,Con luz artificial",Buen Tiempo,Múltiple,Peatón,Colisión,Ninguna,Vertical,Cordón divisorio,Sin restricción
2021,4336,2021-07-23,Viernes,19:00:00,,0.0,2,"Automóvil,Moto/Ciclomotor",Buenos Aires Y Carlos Chapearouge,2,1,0,0,1,0,0,"-31.691818432126,-60.775980004218",Calle,,SANTO TOMÉ,La Capital,Tierra,No existe,I,Dentro,Urbana,Otra Señal,No existe,Intersección,Bueno,Buena,Diurna,Buen Tiempo,Múltiple,S/D,Colisión,Ninguna,Faltante,Cordón divisorio,Sin restricción
2021,4337,2021-07-17,Sabado,08:50:00,,0.0,2,"Pickup/Utilitario,Moto/Ciclomotor",Alberdi Y Simón De Iriondo,2,1,0,0,1,0,0,"-31.682320497679,-60.762048617182",Calle,,SANTA FE,La Capital,Asfalto,No existe,I,Dentro,Urbana,Otra Señal,Intermitente,Intersección,Bueno,Buena,Diurna,Buen Tiempo,Múltiple,S/D,Colisión,Ninguna,Faltante,Cordón divisorio,Sin restricción
2021,4338,2021-07-02,Viernes,18:10:00,,0.0,2,"Moto/Ciclomotor,Moto/Ciclomotor",Alberdi Y Larrea,3,2,0,0,1,0,0,"-31.597832247377,-60.680548893991",Calle,,SANTA FE,La Capital,Asfalto,No existe,I,Dentro,Urbana,Otra Señal,No existe,Intersección,Bueno,Buena,Atardecer,Buen Tiempo,Múltiple,S/D,Colisión,Ninguna,Faltante,Cordón divisorio,Sin restricción
2021,4339,2021-07-05,Lunes,11:50:00,,0.0,2,"Moto/Ciclomotor,Pickup/Utilitario",Alberdi Y Larrea,3,2,0,0,1,0,0,"-31.597832247377,-60.680548893991",Calle,,SANTA FE,La Capital,Asfalto,No existe,I,Dentro,Urbana,Otra Señal,No existe,Intersección,Bueno,Buena,Diurna,Buen Tiempo,Múltiple,S/D,Colisión,Ninguna,Faltante,Cordón divisorio,Sin restricción
2021,4340,2021-07-15,Jueves,16:15:00,,0.0,2,"Pickup/Utilitario,Moto/Ciclomotor",Hernandarias Y Mariano Candioti,2,1,0,0,1,0,0,"-31.6749526529,-60.755967056364",Calle,,SANTO TOMÉ,La Capital,Asfalto,No existe,I,Dentro,Urbana,Otra Señal,Intermitente,Intersección,Bueno,Buena,Diurna,Buen Tiempo,Múltiple,S/D,Colisión,Ninguna,Vertical,Cordón divisorio,Sin restricción
2021,4341,2021-07-10,Sabado,20:40:00,,0.0,2,"Moto/Ciclomotor,Taxi/Remis",Piedrabuena Y Rivadavia,3,1,0,0,2,0,0,"-31.587246746747,-60.686877534264",Calle,,SANTA FE,La Capital,Asfalto,No existe,I,Dentro,Urbana,Otra Señal,No existe,Intersección,Bueno,Buena,"Nocturna,Con luz artificial",Buen Tiempo,Múltiple,S/D,Colisión,Ninguna,Faltante,Cordón divisorio,Sin restricción