anio_acci,nro_acci,fecha,desc_dia,hora_aprox,desc_ruta,km,cant_participantes,desc_participante,calle_avenida_km,total,heridos_leves,heridos_graves,heridos_gravisimos,ilesos,fallecidos,sin_datos,posicion_XY,desc_tipo_via,desc_ruta_ori,desc_loc,desc_dpto,desc_tipo_calzada,desc_tipo_banquina,desc_unidad_regional,desc_lugar_calzada,desc_zona,desc_prioridad,desc_estado_semaforo,desc_lugar_via,desc_estado_via,desc_estado_visibilidad,desc_luminosidad,desc_estado_clima,desc_tipo_colision,desc_tipo_atropello,desc_tipo_hecho,desc_pres_calzada,desc_senializacion,desc_separacion_via,desc_restriccion
2021,4342,2021-07-06,Martes,15:20:00,,0.0,2,"Automóvil,Moto/Ciclomotor", ,2,1,0,0,1,0,0,"-31.681677616221684, -60.7661325613",Calle,,SANTO TOMÉ,La Capital,Asfalto,No existe,I,Dentro,Urbana,Otra Señal,No existe,Intersección,Bueno,Buena,Diurna,Buen Tiempo,Múltiple,S/D,Colisión,Ninguna,Faltante,Cordón divisorio,Sin restricción
2021,4343,2021-07-12,Lunes,10:30:00,,0.0,2,"Pickup/Utilitario,Automóvil",Alberdi Y Risso,3,1,0,0,2,0,0,"-31.603280012544,-60.682126961371",Calle,,SANTA FE,La Capital,Asfalto,No existe,I,Dentro,Urbana,Otra Señal,No existe,Intersección,Bueno,Buena,Diurna,Buen Tiempo,Múltiple,S/D,Colisión,Ninguna,Faltante,Cordón divisorio,Sin restricción
2021,4344,2021-07-01,Jueves,12:55:00,,0.0,2,"Pickup/Utilitario,Moto/Ciclomotor",Córdoba Y Frutos,2,1,0,0,1,0,0,"-31.683155360821,-60.772432942262",Calle,,SANTO TOMÉ,La Capital,Asfalto,No existe,I,Dentro,Urbana,Otra Señal,No existe,Intersección,Bueno,Buena,Diurna,Buen Tiempo,Múltiple,S/D,Colisión,Ninguna,Faltante,Cordón divisorio,Sin restricción
2021,4345,2021-07-17,Sabado,19:30:00,Ruta Nacional 11,0.0,2,"Moto/Ciclomotor,Pickup/Utilitario",Rio Negro Y Ruta Nacional 11,2,1,0,0,1,0,0,"-31.55237130163,-60.726989409414",Ruta,11,RECREO,La Capital,Asfalto,No existe,I,Dentro,Urbana,Otra Señal,No existe,Intersección,Bueno,Buena,Atardecer,Buen Tiempo,Múltiple,S/D,Colisión,Ninguna,Horizontal,Cordón divisorio,Sin restricción
2021,4346,2021-07-13,Martes,19:00:00,,0.0,2,"Moto/Ciclomotor,Automóvil",25 de Mayo Y Matheu,2,1,0,0,1,0,0,"-31.593803024054,-60.690255093022",Calle,,SANTA FE,La Capital,Asfalto,No existe,I,Dentro,Urbana,Otra Señal,No existe,Intersección,Bueno,Buena,Atardecer,Buen Tiempo,Múltiple,S/D,Colisión,Ninguna,Faltante,Cordón divisorio,Sin restricción
2021,4347,2021-07-10,Sabado,11:55:00,Ruta Nacional 11,0.0,2,"Pickup/Utilitario,Automóvil",Colon Cristóbal Y Juan de Garay,2,1,0,0,1,0,0,"-31.493383150298,-60.73293185091",Ruta,11,RECREO,La Capital,Asfalto,Ripio,I,Dentro,Urbana,Otra Señal,No existe,Intersección,Bueno,Buena,Diurna,Buen Tiempo,Múltiple,S/D,Colisión,Ninguna,Horizontal,Cordón divisorio,Sin restricción
2021,4350,2021-07-02,Viernes,12:20:00,,0.0,2,"Automóvil,Moto/Ciclomotor",Juan José Paso Y Pres Domingo Faustino Sarmiento,3,1,0,0,2,0,0,"-31.65960043234,-60.774520683393",Calle,,SANTO TOMÉ,La Capital,Asfalto,No existe,I,Dentro,Urbana,Otra Señal,No existe,Intersección,Bueno,Buena,Diurna,Buen Tiempo,Múltiple,S/D,Colisión,Ninguna,Faltante,Cordón divisorio,Sin restricción
2021,4352,2021-07-10,Sabado,18:30:00,Ruta Provincial 1,15.0,2,"Moto/Ciclomotor,Automóvil", ,3,2,0,0,1,0,0,"-31.565971089732486, -60.5366445563",Ruta,1,AP. LEYES,La Capital,Asfalto,Natural,I,Dentro,Urbana,Otra Señal,No existe,Intersección,Bueno,Buena,Diurna,Buen Tiempo,Múltiple,S/D,Colisión,Ninguna,Horizontal,Cordón divisorio,Sin restricción
2021,4353,2021-07-10,Sabado,18:50:00,,0.0,1,Moto/Ciclomotor,Chacabuco Y Santa Fe,3,2,0,0,1,0,0,"-31.304398290987,-60.653998630773",Calle,,LAGUNA PAIVA,La Capital,Asfalto,No existe,I,Dentro,Urbana,Otra Señal,No existe,Intersección,Bueno,Buena,"Nocturna,Con luz artificial",Buen Tiempo,Múltiple,S/D,Colisión,Ninguna,Faltante,Cordón divisorio,Sin restricción
2021,4354,2021-07-22,Jueves,12:00:00,,0.0,1,Moto/Ciclomotor,Calle 38 Y Calle 9,1,1,0,0,0,0,0,"-31.567263476372,-60.523664409905",Calle,,ARROYO LEYES,La Capital,Arena,No existe,I,Dentro,Urbana,Otra Señal,No existe,Intersección,Ahuellamiento,Buena,Diurna,Buen Tiempo,Múltiple,S/D,Colisión,Ninguna,Faltante,Cordón divisorio,Sin restricción
2021,4355,2021-07-27,Martes,07:25:00,Ruta Provincial 1,9.0,2,"Bicicleta,Pickup/Utilitario", ,3,2,0,0,1,0,0,"-31.6060086100084, -60.577515114236",Ruta,1,SAN JOSÉ DEL RINCÓN,La Capital,Asfalto,Natural,I,Dentro,Urbana,Otra Señal,No existe,Intersección,Bueno,Buena,Amanecer,Buen Tiempo,Múltiple,Ciclista,Colisión,Ninguna,Horizontal,Cordón divisorio,Sin restricción
2021,4356,2021-07-04,Domingo,07:20:00,Ruta Provincial 2,16.0,1,Moto/Ciclomotor,RUTA PROVINCIAL 2 Y ACCESO SUR ARROYO AGUIAR ,1,1,0,0,0,0,0,"-31.428701, -60.673315",Ruta,2,ARROYO AGUIAR,La Capital,Tierra,Natural,I,Dentro,Urbana,Otra Señal,No existe,Intersección,Bueno,Buena,Diurna,Buen Tiempo,Múltiple,S/D,Colisión,Ninguna,Horizontal,Cordón divisorio,Sin restricción
2021,4357,2021-07-26,Lunes,12:00:00,,0.0,2,"Automóvil,Moto/Ciclomotor",Chacabuco 2228,3,2,0,0,1,0,0,"-31.307854971248,-60.654235779689",Calle,,SANTA FE,La Capital,Asfalto,No existe,I,Dentro,Urbana,Otra Señal,No existe,Intersección,Bueno,Buena,Diurna,Buen Tiempo,Múltiple,S/D,Colisión,Ninguna,Faltante,Cordón divisorio,Sin restricción
2021,4358,2021-07-25,Domingo,15:30:00,,0.0,1,Moto/Ciclomotor,Buenos aires Y Sargento Cabral,1,0,0,0,0,0,1,"-32.757230683292,-60.731634392834",Calle,,SAN LORENZO,San Lorenzo,Asfalto,No existe,XVII,Dentro,Urbana,Otra Señal,No existe,Intersección,Bueno,Buena,Diurna,Buen Tiempo,Múltiple,S/D,Colisión,Ninguna,Faltante,Cordón divisorio,Sin restricción
2021,4359,2021-07-27,Martes,,,0.0,2,"Moto/Ciclomotor,Moto/Ciclomotor",Urquiza 1900,2,2,0,0,0,0,0,"-32.747354337114,-60.749676411078",Calle,,SAN LORENZO,San Lorenzo,Asfalto,No existe,XVII,Dentro,Urbana,Otra Señal,No existe,Intersección,Bueno,Buena,Diurna,Buen Tiempo,Múltiple,S/D,Colisión,Ninguna,"Horizontal,Vertical",Cordón divisorio,Sin restricción
2021,4360,2021-07-02,Viernes,13:35:00,,0.0,2,"Moto/Ciclomotor,Moto/Ciclomotor",C Vega Y Dr. Daniel Cantoia,2,1,0,0,1,0,0,"-32.748608474716,-60.752551811069",Calle,,SAN LORENZO,San Lorenzo,Asfalto,No existe,XVII,Dentro,Urbana,Otra Señal,No existe,Intersección,Bueno,Buena,Diurna,Buen Tiempo,Múltiple,S/D,Colisión,Ninguna,Faltante,Cordón divisorio,Sin restricción
2021,4362,2021-07-06,Martes,12:10:00,,0.0,2,"Moto/Ciclomotor,Automóvil",Av. Carlos A Poucel Y Urquiza,2,1,0,0,1,0,0,"-32.74765126845756, -60.73840280244",Avenida,,SAN LORENZO,San Lorenzo,Asfalto,No existe,XVII,Dentro,Urbana,Otra Señal,No existe,Intersección,Bueno,Buena,Diurna,Buen Tiempo,Múltiple,S/D,Colisión,Ninguna,"Horizontal,Vertical",Cordón divisorio,Sin restricción
2021,4364,2021-07-20,Martes,20:20:00,,0.0,2,"Automóvil,Moto/Ciclomotor",Urquiza 1900,4,1,0,0,3,0,0,"-32.7474644690744, -60.748437231278",Avenida,,SAN LORENZO,San Lorenzo,Asfalto,No existe,XVII,Dentro,Urbana,Otra Señal,No existe,Intersección,Bueno,Buena,Diurna,Buen Tiempo,Múltiple,S/D,Colisión,Ninguna,Vertical,Cordón divisorio,Sin restricción
2021,4365,2021-07-21,Miercoles,10:05:00,Autopista Nacional 11,478.0,1,Automóvil, ,3,3,0,0,0,0,0,"-31.537998, -60.745546",Autopista,11,RECREO,La Capital,Asfalto,Natural,I,Dentro,Rural,Otra Señal,No existe,Intersección,Bueno,Buena,Diurna,Buen Tiempo,Múltiple,S/D,Colisión,Ninguna,Horizontal,Cordón divisorio,Sin restricción
2021,4366,2021-05-27,Jueves,18:30:00,,0.0,1,Moto/Ciclomotor,Montes Carballo 700,1,1,0,0,0,0,0,"-32.95883, -60.693",Calle,,ROSARIO,Rosario,Asfalto,S/D,II,Dentro,Urbana,Otra Señal,S/D,Intersección,S/D,S/D,Atardecer,S/D,Múltiple,S/D,Colisión,S/D,S/D,Cordón divisorio,Sin restricción
2021,4369,2021-07-30,Viernes,18:45:00,,0.0,2,"Automóvil,Moto/Ciclomotor",Av. San Martin Y D Gurel,2,1,0,0,1,0,0,"-32.77639153218,-60.728514437401",Avenida,,SAN LORENZO,San Lorenzo,Asfalto,No existe,XVII,Dentro,Urbana,Otra Señal,No existe,Intersección,Bueno,Buena,Diurna,Buen Tiempo,Múltiple,S/D,Colisión,Ninguna,Vertical,Cordón divisorio,Sin restricción
2021,4370,2021-07-12,Lunes,18:50:00,,0.0,2,"Moto/Ciclomotor,Automóvil",COLECTORA RUTA PROVINCIAL 1 Y SAN MARTIN,3,2,0,0,1,0,0,"-31.604294,-60.575919",Calle,,SAN JOSÉ DEL RINCÓN,La Capital,Asfalto,No existe,I,Dentro,Urbana,Otra Señal,No existe,Intersección,Bueno,Reducida,Atardecer,Buen Tiempo,Múltiple,S/D,Colisión,Ninguna,Horizontal,Cordón divisorio,Sin restricción
2021,4371,2021-07-29,Jueves,08:20:00,,0.0,2,"Automóvil,Automóvil",Dorrego Y José Ingenieros,3,2,0,0,1,0,0,"-32.740098622846,-60.737036905211",Calle,,SAN LORENZO,San Lorenzo,Asfalto,No existe,XVII,Dentro,Urbana,Otra Señal,No existe,Intersección,Bueno,Buena,Diurna,Buen Tiempo,Múltiple,S/D,Colisión,Ninguna,Faltante,Cordón divisorio,Sin restricción
2021,4372,2021-07-22,Jueves,14:20:00,,0.0,2,"Automóvil,Moto/Ciclomotor",LAS CAMELIAS Y LOS ZORZALES,2,1,0,0,1,0,0,"-31.627710163593292,-60.61392992734",Calle,,COLASTINE,La Capital,Arena,No existe,I,Dentro,Urbana,Otra Señal,No existe,Intersección,Resbaladiza,Buena,Diurna,Buen Tiempo,Múltiple,S/D,Colisión,Ninguna,Faltante,Cordón divisorio,Sin restricción
2021,4377,2021-07-24,Sabado,20:00:00,,0.0,2,"Peatón,Moto/Ciclomotor",Dr. Rafael Araya Y Republica de Chile,2,1,0,0,1,0,0,"-32.772215765527,-60.740220532663",Calle,,SAN LORENZO,San Lorenzo,Asfalto,No existe,XVII,Dentro,Urbana,Otra Señal,No existe,Intersección,Bueno,Buena,Diurna,Buen Tiempo,Múltiple,Peatón,Colisión,Ninguna,Faltante,Cordón divisorio,Sin restricción
2021,4378,2021-03-16,Martes,10:35:00,,0.0,2,"Moto/Ciclomotor,Automóvil",Miguel de Azcuénaga Y Cristóbal Colon,2,1,0,0,1,0,0,"-33.74369, -61.97462",Calle,,VENADO TUERTO,General LÓPEZ,Asfalto,No existe,VIII,S/D,Urbana,Otra Señal,No existe,Intersección,"Con baches,Deteriorada",S/D,Diurna,S/D,Múltiple,S/D,Colisión,S/D,Vertical,Cordón divisorio,Sin restricción
2021,4379,2021-07-31,Sabado,18:50:00,,0.0,2,"Taxi/Remis,Moto/Ciclomotor",B de Astrada Y C Escalada,2,1,0,0,1,0,0,"-32.737854689699,-60.74672697631",Calle,,SAN LORENZO,San Lorenzo,Asfalto,No existe,XVII,Dentro,Urbana,Otra Señal,No existe,Intersección,Bueno,Buena,Diurna,Buen Tiempo,Múltiple,S/D,Colisión,Ninguna,Faltante,Cordón divisorio,Sin restricción
2021,4380,2021-03-16,Martes,06:00:00,Ruta Nacional 34,207.0,1,Camión c / Acoplado, ,1,1,0,0,0,0,0,"-31.37173, -61.53363",Ruta,34,SUSANA,Castellanos,Asfalto,Natural,V,S/D,Rural,Otra Señal,No existe,Intersección,Resbaladiza,S/D,Amanecer,Lluvia,Múltiple,S/D,Colisión,Agua,Vertical,Cordón divisorio,Sin restricción
2021,4381,2021-07-20,Martes,15:00:00,Ruta Nacional 11,0.0,2,"Automóvil,Moto/Ciclomotor",Av. San Martin Y D Porteau,2,1,0,0,1,0,0,"-32.75862986176,-60.733678701173",Ruta,11,SAN LORENZO,San Lorenzo,Asfalto,Pavimento,XVII,Dentro,Urbana,Otra Señal,No existe,Intersección,Bueno,Buena,Diurna,Buen Tiempo,Múltiple,S/D,Colisión,Ninguna,Faltante,Cordón divisorio,Sin restricción
2021,4383,2021-03-18,Jueves,,Ruta Nacional 34,279.0,1,Camión c / Acoplado, ,3,0,0,0,0,0,3,"-30.77836, -61.61648",Ruta,34,TACURAL,Castellanos,Asfalto,Natural,V,S/D,Rural,Otra Señal,No existe,Intersección,Bueno,S/D,Diurna,S/D,Múltiple,S/D,Colisión,S/D,Vertical,Cordón divisorio,Sin restricción
2021,4384,2021-07-24,Sabado,20:10:00,,0.0,2,"Bicicleta,Camión c / Acoplado",Roque Vitola Y Urquiza,2,0,0,1,1,0,0,"-32.747297193893,-60.753191646123",Calle,,SAN LORENZO,San Lorenzo,Asfalto,No existe,XVII,Dentro,Urbana,Otra Señal,No existe,Intersección,Bueno,Buena,Diurna,Buen Tiempo,Múltiple,Ciclista,Colisión,Ninguna,Horizontal,Cordón divisorio,Sin restricción
2021,4385,2021-03-18,Jueves,,,0.0,2,"Moto/Ciclomotor,Moto/Ciclomotor",Falucho Y M Oliber,2,1,0,0,0,0,1,"-31.25503, -61.50814",Calle,,RAFAELA,Castellanos,Asfalto,No existe,V,S/D,Urbana,Otra Señal,No existe,Intersección,Bueno,S/D,Nocturna,S/D,Múltiple,S/D,Colisión,S/D,Vertical,Cordón divisorio,Sin restricción
2021,4386,2021-07-16,Viernes,12:25:00,,0.0,2,"Moto/Ciclomotor,Automóvil",Juan M De Rosas Y Urquiza,2,1,0,0,1,0,0,"-32.747539162716,-60.742865241853",Calle,,SAN LORENZO,San Lorenzo,Asfalto,No existe,XVII,Dentro,Urbana,Otra Señal,No existe,Intersección,Bueno,Buena,Diurna,Buen Tiempo,Múltiple,S/D,Colisión,Ninguna,"Horizontal,Vertical",Cordón divisorio,Sin restricción
2021,4387,2021-07-23,Viernes,,,0.0,2,"Automóvil,Bicicleta",Irigoyen Y José Ingenieros,2,1,0,0,1,0,0,"-32.740248245425,-60.736125935835",Calle,,SAN LORENZO,San Lorenzo,Asfalto,No existe,XVII,Dentro,Urbana,Otra Señal,No existe,Intersección,Bueno,Buena,Diurna,Buen Tiempo,Múltiple,Ciclista,Colisión,Ninguna,Faltante,Cordón divisorio,Sin restricción
2021,4388,2021-03-18,Jueves,,,0.0,2,"Moto/Ciclomotor,Automóvil",Bv Pte. Roca Y Arenales,2,1,0,0,1,0,0,"-31.25226, -61.4939",Avenida,,RAFAELA,Castellanos,Asfalto,No existe,V,S/D,Urbana,Otra Señal,No existe,Intersección,Bueno,S/D,S/D,S/D,Múltiple,S/D,Colisión,S/D,"Horizontal,Vertical",Cordón divisorio,Sin restricción
2021,4390,2021-07-15,Jueves,13:10:00,,0.0,2,"Automóvil,Taxi/Remis",Irigoyen 1900,2,1,0,0,1,0,0,"-32.743056664912,-60.73618103678",Calle,,SAN LORENZO,San Lorenzo,Asfalto,No existe,XVII,Dentro,Urbana,Otra Señal,No existe,Intersección,Bueno,Buena,Diurna,Buen Tiempo,Múltiple,S/D,Colisión,Ninguna,Faltante,Cordón divisorio,Sin restricción
2021,4391,2021-07-15,Jueves,11:15:00,,0.0,2,"Bicicleta,Automóvil",General López Y Richieri,2,1,0,0,1,0,0,"-32.748711164478,-60.735251236387",Calle,,SAN LORENZO,San Lorenzo,Asfalto,No existe,XVII,Dentro,Urbana,Otra Señal,No existe,Intersección,Bueno,Buena,Diurna,Buen Tiempo,Múltiple,Ciclista,Colisión,Ninguna,Faltante,Cordón divisorio,Sin restricción
2021,4392,2021-07-09,Viernes,13:20:00,Autopista Nacional A012,0.0,2,"Moto/Ciclomotor,Camión c / Acoplado",Gdor. Saavedra - Ruta 12 ,2,1,0,0,1,0,0,"-32.768454303321,-60.731256612525",Autopista,A012,SAN LORENZO,San Lorenzo,Asfalto,No existe,XVII,Dentro,Urbana,Otra Señal,No existe,Intersección,Bueno,Buena,Diurna,Buen Tiempo,Múltiple,S/D,Colisión,Ninguna,"Horizontal,Vertical",Cordón divisorio,Sin restricción
2021,4393,2021-07-08,Jueves,20:10:00,,0.0,2,"Automóvil,Bicicleta",Falucho Y Tte. roca,2,1,0,0,1,0,0,"-32.736773728349,-60.738940553201",Calle,,SAN LORENZO,San Lorenzo,Asfalto,No existe,XVII,Dentro,Urbana,Otra Señal,No existe,Intersección,Bueno,Buena,Diurna,Buen Tiempo,Múltiple,Ciclista,Colisión,Ninguna,Faltante,Cordón divisorio,Sin restricción
2021,4394,2021-07-08,Jueves,07:45:00,Ruta Nacional 11,0.0,2,"Moto/Ciclomotor,Pickup/Utilitario",3 de Febrero Y Av. San Martin,3,2,0,0,1,0,0,"-32.744025011333,-60.734039102006",Ruta,11,SAN LORENZO,San Lorenzo,Asfalto,No existe,XVII,Dentro,Urbana,Otra Señal,No existe,Intersección,Bueno,Buena,Diurna,Buen Tiempo,Múltiple,S/D,Colisión,Ninguna,Horizontal,Cordón divisorio,Sin restricción
2021,4395,2021-07-24,Sabado,16:00:00,,0.0,2,"Peatón,Moto/Ciclomotor",Colon Y Guatemala,2,1,0,0,0,0,1,"-32.81823442542,-60.720617404369",Calle,,CAPITÁN BERMÚDEZ,San Lorenzo,Asfalto,No existe,XVII,Dentro,Urbana,Otra Señal,No existe,Intersección,Bueno,Buena,Diurna,Buen Tiempo,Múltiple,Peatón,Colisión,Ninguna,Faltante,Cordón divisorio,Sin restricción
2021,4396,2021-07-24,Sabado,,,0.0,2,"Moto/Ciclomotor,Automóvil",Cabildo Y La Pampa,2,1,0,0,1,0,0,"-32.807119759519,-60.724787828913",Calle,,CAPITÁN BERMÚDEZ,San Lorenzo,Ripio,No existe,XVII,Dentro,Urbana,Otra Señal,No existe,Intersección,Bueno,Buena,Diurna,Buen Tiempo,Múltiple,S/D,Colisión,Ninguna,Faltante,Cordón divisorio,Sin restricción
2021,4397,2021-07-24,Sabado,,,0.0,2,"Bicicleta,Moto/Ciclomotor",Avda. Francia Y Cabildo,2,2,0,0,0,0,0,"-32.80518390574,-60.724313015939",Avenida,,CAPITÁN BERMÚDEZ,San Lorenzo,Ripio,No existe,XVII,Dentro,Urbana,Otra Señal,No existe,Intersección,Bueno,Buena,Diurna,Buen Tiempo,Múltiple,Ciclista,Colisión,Ninguna,Faltante,Cordón divisorio,Sin restricción
2021,4398,2021-07-24,Sabado,12:20:00,Ruta Provincial 2,0.0,2,"Bicicleta,Moto/Ciclomotor",AV ARISTÓBULO DEL VALLE Y AV LOS QUINTEROS,2,1,0,0,1,0,0,"-31.554290, -60.686260",Ruta,2,MONTE VERA,La Capital,Asfalto,Pavimento,I,Dentro,Urbana,Otra Señal,No existe,Intersección,Bueno,Buena,Diurna,Buen Tiempo,Múltiple,Ciclista,Colisión,Ninguna,"Horizontal,Vertical",Cordón divisorio,Sin restricción
2021,4400,2021-07-16,Viernes,09:45:00,,0.0,2,"Peatón,Automóvil",Jujuy Y Rosario,2,1,0,0,1,0,0,"-32.824230306305,-60.717520831691",Calle,,CAPITÁN BERMÚDEZ,San Lorenzo,Asfalto,No existe,XVII,Dentro,Urbana,Otra Señal,No existe,Intersección,Bueno,Buena,Diurna,Buen Tiempo,Múltiple,Peatón,Colisión,Ninguna,Faltante,Cordón divisorio,Sin restricción
2021,4401,2021-07-14,Miercoles,14:40:00,,0.0,2,"Moto/Ciclomotor,Automóvil",Colon Y Yapeyu,4,2,0,0,2,0,0,"-32.808365075263,-60.720708582409",Calle,,CAPITÁN BERMÚDEZ,San Lorenzo,Asfalto,No existe,XVII,Dentro,Urbana,Otra Señal,No existe,Intersección,Bueno,Buena,Diurna,Buen Tiempo,Múltiple,S/D,Colisión,Ninguna,Faltante,Cordón divisorio,Sin restricción
2021,4402,2021-07-07,Miercoles,13:40:00,Ruta Provincial 2,11.0,1,Moto/Ciclomotor, ,1,1,0,0,0,0,0,"-31.481932, -60.674565",Ruta,2,MONTE VERA,La Capital,Ripio,No existe,I,Dentro,Rural,Otra Señal,No existe,Intersección,Con baches,Buena,Diurna,Buen Tiempo,Múltiple,S/D,Colisión,S/D,Faltante,Cordón divisorio,Sin restricción
2021,4403,2021-03-18,Jueves,16:30:00,,0.0,2,"Moto/Ciclomotor,Moto/Ciclomotor",Calle 44-27 de Abril Y Calle 37-Bvard. Lovato,5,1,0,0,4,0,0,"-29.15386, -59.66401",Avenida,,RECONQUISTA,General Obligado,Asfalto,Natural,IX,S/D,Urbana,Otra Señal,Funciona,Intersección,Deteriorada,S/D,Diurna,S/D,Múltiple,S/D,Colisión,S/D,Vertical,Cordón divisorio,Sin restricción
2021,4404,2021-07-28,Miercoles,20:00:00,Ruta Provincial 2,0.0,2,"Automóvil,Moto/Ciclomotor",Entre Ríos Y Ruta pcial 2 Av. San Martin,3,1,0,0,2,0,0,"-31.51641190052033,-60.680896639823",Ruta,2,MONTE VERA,La Capital,Asfalto,Ripio,I,Dentro,Urbana,Otra Señal,Funciona,Intersección,Bueno,Buena,"Nocturna,Con luz artificial",Buen Tiempo,Múltiple,S/D,Colisión,Ninguna,"Horizontal,Vertical",Cordón divisorio,Sin restricción
2021,4405,2021-07-10,Sabado,,Ruta Nacional 11,0.0,2,"Moto/Ciclomotor,Automóvil",Av. San Lorenzo Y Pte. Perón,2,1,0,0,0,0,1,"-32.822127902899,-60.714631326665",Ruta,11,CAPITÁN BERMÚDEZ,San Lorenzo,Asfalto,No existe,XVII,Dentro,Urbana,Otra Señal,No existe,Intersección,Bueno,Buena,Diurna,Buen Tiempo,Múltiple,S/D,Colisión,Ninguna,Horizontal,Cordón divisorio,Sin restricción
2021,4406,2021-03-18,Jueves,,,0.0,1,Pickup/Utilitario,Av. Uriburu 500,1,1,0,0,0,0,0,"-32.9904, -60.64037",Avenida,,ROSARIO,Rosario,Asfalto,No existe,II,S/D,Urbana,Otra Señal,No existe,Intersección,Con baches,S/D,Atardecer,S/D,Múltiple,S/D,Colisión,S/D,Vertical,Cordón divisorio,Sin restricción
2021,4407,2021-07-08,Jueves,15:40:00,Autopista Nacional Gral. Juan Jose Valle,7.0,2,"Automóvil,Camión c / Acoplado", ,3,2,0,0,1,0,0,"-32.8206763407728, -60.741377789182",Autopista,Gral. Juan Jose Valle,CAPITÁN BERMÚDEZ,San Lorenzo,Asfalto,Ripio,XVII,Dentro,Urbana,Otra Señal,No existe,Intersección,Bueno,Buena,Diurna,Buen Tiempo,Múltiple,S/D,Colisión,Ninguna,Horizontal,Cordón divisorio,Sin restricción
2021,4409,2021-03-18,Jueves,18:30:00,,0.0,2,"Moto/Ciclomotor,Automóvil",Derqui Y Suipacha,2,1,0,0,1,0,0,"-32.81124, -61.39663",Calle,,CAÑADA DE GÓMEZ,Iriondo,Asfalto,No existe,X,S/D,Urbana,Otra Señal,No existe,Intersección,Deteriorada,S/D,Atardecer,S/D,Múltiple,S/D,Colisión,S/D,Vertical,Cordón divisorio,Sin restricción
2021,4410,2021-07-07,Miercoles,07:05:00,Autopista Nacional A012,0.0,2,"Moto/Ciclomotor,Automóvil", ,2,1,0,0,1,0,0,"-32.889791, -60.890790",Autopista,A012,ROLDÁN,San Lorenzo,Asfalto,Ripio,XVII,Dentro,Rural,Otra Señal,No existe,Intersección,Bueno,S/D,Amanecer,S/D,Múltiple,S/D,Colisión,Agua,Horizontal,Cordón divisorio,Sin restricción
2021,4411,2021-07-01,Jueves,17:10:00,,0.0,1,Moto/Ciclomotor,Córdoba Y Sarmiento,3,3,0,0,0,0,0,"-32.79400083848,-60.724708074455",Calle,,FRAY LUIS BELTRÁN,San Lorenzo,Asfalto,No existe,XVII,Dentro,Urbana,Otra Señal,No existe,Intersección,Bueno,Buena,Diurna,Buen Tiempo,Múltiple,S/D,Colisión,Ninguna,Faltante,Cordón divisorio,Sin restricción
2021,4412,2021-03-18,Jueves,,Ruta Provincial 2,5.0,2,"Automóvil,Camión", ,2,2,0,0,0,0,0,"-31.52214, -60.68279",Ruta,2,MONTE VERA,La Capital,Asfalto,Ripio,I,S/D,Urbana,Otra Señal,No existe,Intersección,Bueno,S/D,Diurna,S/D,Múltiple,S/D,Colisión,S/D,Vertical,Cordón divisorio,Sin restricción
2021,4413,2021-07-01,Jueves,14:30:00,,0.0,2,"Moto/Ciclomotor,Automóvil",Bv Estanislao López Y Las Heras,2,1,0,0,1,0,0,"-32.89791703696,-60.905396778674",Avenida,,ROLDÁN,San Lorenzo,Asfalto,No existe,XVII,Dentro,Urbana,Otra Señal,No existe,Intersección,Bueno,S/D,Diurna,S/D,Múltiple,S/D,Colisión,S/D,Faltante,Cordón divisorio,Sin restricción
2021,4414,2021-07-03,Sabado,04:00:00,,0.0,1,Automóvil,Av. Fray Luis Beltrán Y General Richieri,1,1,0,0,0,0,0,"-32.797387354056,-60.731562750375",Avenida,,FRAY LUIS BELTRÁN,San Lorenzo,Asfalto,No existe,XVII,Dentro,Urbana,Otra Señal,No existe,Intersección,Bueno,Buena,Diurna,Buen Tiempo,Múltiple,S/D,Colisión,Ninguna,Faltante,Cordón divisorio,Sin restricción
2021,4415,2021-07-03,Sabado,21:30:00,,0.0,2,"Moto/Ciclomotor,Automóvil",Independencia Y Liniers,2,1,0,0,1,0,0,"-32.89269581009,-60.905493280791",Calle,,ROLDÁN,San Lorenzo,Tierra,No existe,XVII,Dentro,Urbana,Otra Señal,No existe,Intersección,S/D,S/D,Nocturna,S/D,Múltiple,S/D,Colisión,S/D,Faltante,Cordón divisorio,Sin restricción
2021,4416,2021-07-06,Martes,16:15:00,Ruta Nacional 11,0.0,2,"Moto/Ciclomotor,Automóvil",Av. San Martin Y Guido Spano,3,2,0,0,1,0,0,"-32.781902639026,-60.72664336795",Ruta,11,FRAY LUIS BELTRÁN,San Lorenzo,Asfalto,Pavimento,XVII,Dentro,Urbana,Otra Señal,Funciona,Intersección,Bueno,Buena,Diurna,Buen Tiempo,Múltiple,S/D,Colisión,Ninguna,Vertical,Cordón divisorio,Sin restricción