anio_acci,nro_acci,fecha,desc_dia,hora_aprox,desc_ruta,km,cant_participantes,desc_participante,calle_avenida_km,total,heridos_leves,heridos_graves,heridos_gravisimos,ilesos,fallecidos,sin_datos,posicion_XY,desc_tipo_via,desc_ruta_ori,desc_loc,desc_dpto,desc_tipo_calzada,desc_tipo_banquina,desc_unidad_regional,desc_lugar_calzada,desc_zona,desc_prioridad,desc_estado_semaforo,desc_lugar_via,desc_estado_via,desc_estado_visibilidad,desc_luminosidad,desc_estado_clima,desc_tipo_colision,desc_tipo_atropello,desc_tipo_hecho,desc_pres_calzada,desc_senializacion,desc_separacion_via,desc_restriccion
2021,4418,2021-07-08,Jueves,10:30:00,Autopista Nacional A012,42.5,2,"Otros,Automóvil", ,3,1,0,0,2,0,0,"-32.90217, -60.89345",Autopista,A012,ROLDÁN,San Lorenzo,Asfalto,Pavimento,XVII,Dentro,Urbana,Otra Señal,No existe,Intersección,S/D,Buena,Diurna,S/D,Múltiple,S/D,Colisión,S/D,Horizontal,Cordón divisorio,Sin restricción
2021,4419,2021-03-19,Viernes,,,0.0,2,"Moto/Ciclomotor,Automóvil",San Martin Y Güemes,2,1,0,0,1,0,0,"-31.25247, -61.48721",Calle,,RAFAELA,Castellanos,Asfalto,No existe,V,S/D,Urbana,Otra Señal,No existe,Intersección,Bueno,S/D,Atardecer,S/D,Múltiple,S/D,Colisión,S/D,Vertical,Cordón divisorio,Sin restricción
2021,4420,2021-07-12,Lunes,16:00:00,,0.0,2,"Camión Chasis,Moto/Ciclomotor",9 de Julio Y Urquiza,3,1,0,0,2,0,0,"-32.780537600587,-60.724913783919",Calle,,FRAY LUIS BELTRÁN,San Lorenzo,Tierra,No existe,XVII,Dentro,Urbana,Otra Señal,No existe,Intersección,Con baches,Buena,Diurna,Buen Tiempo,Múltiple,S/D,Colisión,Ninguna,Faltante,Cordón divisorio,Sin restricción
2021,4422,2021-07-15,Jueves,11:40:00,,0.0,2,"Pickup/Utilitario,Peatón",Blas Parera Y Las Heras,2,1,0,0,1,0,0,"-32.800361922331,-60.72319027724",Calle,,FRAY LUIS BELTRÁN,San Lorenzo,Asfalto,No existe,XVII,Dentro,Urbana,Otra Señal,No existe,Intersección,Bueno,Buena,Diurna,Buen Tiempo,Múltiple,Peatón,Colisión,Ninguna,Faltante,Cordón divisorio,Sin restricción
2021,4424,2021-03-20,Sabado,,Ruta Nacional 11,558.0,1,Automóvil, ,1,1,0,0,0,0,0,"-30.71283, -60.51687",Ruta,11,SAN JUSTO,San Justo,Asfalto,Natural,XVI,S/D,Rural,Otra Señal,No existe,Intersección,Resbaladiza,Reducida,Diurna,Lluvia,Múltiple,S/D,Colisión,Agua,Vertical,Cordón divisorio,Sin restricción
2021,4425,2021-07-18,Domingo,12:30:00,,0.0,2,"Bicicleta,Automóvil",PADRE JORGE ALDANI Y TIMBUES,2,1,0,0,1,0,0,"-32.89842009544368,-60.866532325744",Calle,,ROLDÁN,San Lorenzo,Tierra,No existe,XVII,Dentro,Urbana,Otra Señal,No existe,Intersección,S/D,Buena,Diurna,S/D,Múltiple,Ciclista,Colisión,S/D,Faltante,Cordón divisorio,Sin restricción
2021,4426,2021-07-26,Lunes,19:10:00,,0.0,2,"Bicicleta,Moto/Ciclomotor",Almte. Brown 845,2,1,0,0,1,0,0,"-32.89061261847,-60.906395526733",Calle,,ROLDÁN,San Lorenzo,Asfalto,No existe,XVII,Dentro,Urbana,Otra Señal,No existe,Intersección,Bueno,S/D,Atardecer,Buen Tiempo,Múltiple,S/D,Colisión,Ninguna,Faltante,Cordón divisorio,Sin restricción
2021,4427,2021-07-22,Jueves,17:10:00,Ruta Nacional 11,0.0,2,"Automóvil,Moto/Ciclomotor",Av. San Martin ,2,1,0,0,1,0,0,"-32.778921866267,-60.727545076775",Ruta,11,FRAY LUIS BELTRÁN,San Lorenzo,Asfalto,No existe,XVII,Dentro,Urbana,Otra Señal,No existe,Intersección,Bueno,Buena,Diurna,Buen Tiempo,Múltiple,S/D,Colisión,Ninguna,Horizontal,Cordón divisorio,Sin restricción
2021,4428,2021-07-31,Sabado,15:15:00,Ruta Nacional 9,0.0,2,"Moto/Ciclomotor,Camión c / Acoplado",Buenos Aires Y Catamarca,2,1,0,0,1,0,0,"-32.906922945454,-60.900614345114",Ruta,9,ROLDÁN,San Lorenzo,Asfalto,Ripio,XVII,Dentro,Urbana,Otra Señal,Funciona,Intersección,Bueno,Buena,Diurna,Buen Tiempo,Múltiple,S/D,Colisión,Ninguna,"Horizontal,Vertical",Cordón divisorio,Sin restricción
2021,4429,2021-07-29,Jueves,14:55:00,,0.0,2,"Automóvil,Moto/Ciclomotor",Alvear Y Monteagudo,2,1,0,0,1,0,0,"-32.779526342758,-60.733668701119",Calle,,FRAY LUIS BELTRÁN,San Lorenzo,Asfalto,No existe,XVII,Dentro,Urbana,Otra Señal,No existe,Intersección,Bueno,Buena,Diurna,Buen Tiempo,Múltiple,S/D,Colisión,Ninguna,Faltante,Cordón divisorio,Sin restricción
2021,4430,2021-07-30,Viernes,10:10:00,Ruta Nacional 11,0.0,2,"Automóvil,Automóvil",Av. San Martin Y Avda. Roque Sáenz PEÑA,3,1,0,0,2,0,0,"-32.786490958901,-60.725298317891",Ruta,11,FRAY LUIS BELTRÁN,San Lorenzo,Asfalto,No existe,XVII,Dentro,Urbana,Otra Señal,No existe,Intersección,Bueno,Buena,Diurna,Buen Tiempo,Múltiple,S/D,Colisión,Ninguna,Horizontal,Cordón divisorio,Sin restricción
2021,4431,2021-07-24,Sabado,12:00:00,Ruta Nacional 175,0.0,2,"Moto/Ciclomotor,Automóvil",Córdoba ,2,1,0,0,1,0,0,"-32.715079230674,-60.745027899933",Ruta,175,PUERTO SAN MARTÍN,San Lorenzo,Asfalto,No existe,XVII,Dentro,Urbana,Otra Señal,No existe,Intersección,Bueno,Buena,Diurna,Buen Tiempo,Múltiple,S/D,Colisión,Ninguna,Horizontal,Cordón divisorio,Sin restricción
2021,4432,2021-07-26,Lunes,20:00:00,,0.0,2,"Moto/Ciclomotor,Moto/Ciclomotor",Belgrano Y Rivadavia,2,1,0,0,1,0,0,"-32.7104126024,-60.733625057676",Calle,,PUERTO SAN MARTÍN,San Lorenzo,Asfalto,No existe,XVII,Dentro,Urbana,Otra Señal,No existe,Intersección,Bueno,Buena,Nocturna,Buen Tiempo,Múltiple,S/D,Colisión,Ninguna,Horizontal,Cordón divisorio,Sin restricción
2021,4433,2021-07-28,Miercoles,08:50:00,,0.0,2,"Bicicleta,Automóvil",Buenos Aires Y Sgto. Cabral,2,1,0,0,1,0,0,"-32.712085237701,-60.735163938804",Calle,,PUERTO SAN MARTÍN,San Lorenzo,Asfalto,No existe,XVII,Dentro,Urbana,Otra Señal,No existe,Intersección,Bueno,Buena,Diurna,Buen Tiempo,Múltiple,Ciclista,Colisión,Ninguna,Horizontal,Cordón divisorio,Sin restricción
2021,4434,2021-07-29,Jueves,04:05:00,Ruta Nacional 34,24.0,1,Camión c / Acoplado, ,1,1,0,0,0,0,0,"-32.77269, -60.9244",Ruta,34,LUIS PALACIOS,San Lorenzo,Asfalto,Natural,XVII,Fuera,Rural,Otra Señal,No existe,Intersección,Bueno,Reducida,Nocturna,Buen Tiempo,Múltiple,S/D,Colisión,Ninguna,Faltante,Cordón divisorio,Sin restricción
2021,4435,2021-07-29,Jueves,19:10:00,Ruta Nacional 11,0.0,2,"Automóvil,Moto/Ciclomotor",España Y Ruta Nac 11,3,1,0,0,2,0,0,"-32.66465485095978,-60.794517695903",Ruta,11,TIMBÚES,San Lorenzo,Asfalto,Ripio,XVII,Dentro,Urbana,Otra Señal,No existe,Intersección,Bueno,Buena,Nocturna,Buen Tiempo,Múltiple,S/D,Colisión,Ninguna,Faltante,Cordón divisorio,Sin restricción
2021,4436,2021-07-21,Miercoles,09:50:00,,0.0,2,"Pickup/Utilitario,Pickup/Utilitario",Carlos Gardel Y Independencia,2,1,0,0,1,0,0,"-32.704797292287,-60.764949566997",Calle,,PUERTO SAN MARTÍN,San Lorenzo,Asfalto,No existe,XVII,Dentro,Urbana,Otra Señal,No existe,Intersección,Bueno,Buena,Diurna,Buen Tiempo,Múltiple,S/D,Colisión,Ninguna,Faltante,Cordón divisorio,Sin restricción
2021,4437,2021-07-14,Miercoles,17:20:00,Ruta Nacional 175,0.0,2,"Bicicleta,Automóvil",Córdoba Y Sgto. Cabral,2,1,0,0,1,0,0,"-32.716605387889,-60.73624097442",Ruta,175,PUERTO SAN MARTÍN,San Lorenzo,Asfalto,Pavimento,XVII,Dentro,Urbana,Otra Señal,No existe,Intersección,Bueno,Buena,Diurna,Buen Tiempo,Múltiple,Ciclista,Colisión,Ninguna,Horizontal,Cordón divisorio,Sin restricción
2021,4438,2021-07-12,Lunes,19:10:00,Ruta Nacional 11,0.0,2,"Moto/Ciclomotor,Moto/Ciclomotor",Av. Brig López Y Ruta Nac 11,3,2,0,0,1,0,0,"-32.67909720540047,-60.783536732196",Ruta,11,TIMBÚES,San Lorenzo,Asfalto,Ripio,XVII,Dentro,Urbana,Otra Señal,No existe,Intersección,Bueno,Buena,Nocturna,Buen Tiempo,Múltiple,S/D,Colisión,Ninguna,Faltante,Cordón divisorio,Sin restricción
2021,4439,2021-07-14,Miercoles,07:30:00,,0.0,2,"Moto/Ciclomotor,Automóvil",Pte. Hipólito Irigoyen Y Pte. Juan D Perón,2,1,0,0,1,0,0,"-32.69565190769455, -60.74434747375",Calle,,PUERTO SAN MARTÍN,San Lorenzo,Asfalto,No existe,XVII,Dentro,Urbana,Otra Señal,No existe,Intersección,Bueno,Buena,Amanecer,Buen Tiempo,Múltiple,S/D,Colisión,Ninguna,Vertical,Cordón divisorio,Sin restricción
2021,4440,2021-07-01,Jueves,11:45:00,,0.0,2,"Moto/Ciclomotor,Moto/Ciclomotor",Av. San Martin Y P Fournier,2,1,0,0,1,0,0,"-32.72901743511,-60.733105341154",Avenida,,SAN LORENZO,San Lorenzo,Asfalto,No existe,XVII,Dentro,Urbana,Otra Señal,No existe,Intersección,S/D,S/D,Diurna,S/D,Múltiple,S/D,Colisión,S/D,Faltante,Cordón divisorio,Sin restricción
2021,4441,2021-07-05,Lunes,19:00:00,Ruta Nacional 175,0.0,2,"Moto/Ciclomotor,Moto/Ciclomotor",Av. San Martin Y Córdoba,3,1,0,0,2,0,0,"-32.717491842598,-60.731139094683",Ruta,175,PUERTO SAN MARTÍN,San Lorenzo,Asfalto,No existe,XVII,Dentro,Urbana,Otra Señal,No existe,Intersección,Bueno,Buena,Nocturna,Buen Tiempo,Múltiple,S/D,Colisión,Ninguna,Horizontal,Cordón divisorio,Sin restricción
2021,4443,2021-07-14,Miercoles,02:20:00,Ruta Nacional 33,754.0,1,Camión c / Acoplado, ,4,4,0,0,0,0,0,"-33.01668619558642,-61.049698231431",Ruta,33,PUJATO,San Lorenzo,Asfalto,Ripio,XVII,Dentro,Urbana,Otra Señal,No existe,Intersección,Resbaladiza,Buena,Nocturna,Lluvia,Múltiple,S/D,Colisión,Agua,Horizontal,Cordón divisorio,Sin restricción
2021,4444,2021-07-02,Viernes,18:55:00,,0.0,2,"Moto/Ciclomotor,Automóvil",Av. San Martin Y Suiza,2,1,0,0,1,0,0,"-32.729940931927,-60.733230245773",Avenida,,SAN LORENZO,San Lorenzo,Asfalto,No existe,XVII,Dentro,Urbana,Otra Señal,No existe,Intersección,S/D,S/D,Diurna,S/D,Múltiple,S/D,Colisión,S/D,Vertical,Cordón divisorio,Sin restricción
2021,4445,2021-07-02,Viernes,13:00:00,,0.0,2,"Moto/Ciclomotor,Automóvil",Domingo Faustino Sarmiento Y G Lehmann,2,1,0,0,1,0,0,"-31.450415167425,-60.931882685838",Calle,,ESPERANZA,Las Colonias,Asfalto,No existe,XI,Dentro,Urbana,Otra Señal,No existe,Intersección,Bueno,Buena,Diurna,Buen Tiempo,Múltiple,S/D,Colisión,Ninguna,Faltante,Cordón divisorio,Sin restricción
2021,4446,2021-07-06,Martes,11:30:00,,0.0,2,"Bicicleta,Pickup/Utilitario",Eva Perón Y General López,2,1,0,0,1,0,0,"-32.72709935903549,-60.733922570943",Calle,,SAN LORENZO,San Lorenzo,Asfalto,No existe,XVII,Dentro,Urbana,Otra Señal,No existe,Intersección,S/D,S/D,Diurna,S/D,Múltiple,Ciclista,Colisión,S/D,Faltante,Cordón divisorio,Sin restricción
2021,4447,2021-07-07,Miercoles,16:30:00,,0.0,1,Moto/Ciclomotor,Genaro Roldan Y Islas Malvinas,3,2,0,0,1,0,0,"-32.731999754905715,-60.73919177055",Calle,,SAN LORENZO,San Lorenzo,Asfalto,No existe,XVII,Dentro,Urbana,Otra Señal,No existe,Intersección,S/D,S/D,Diurna,S/D,Múltiple,S/D,Colisión,S/D,Faltante,Cordón divisorio,Sin restricción
2021,4448,2021-07-08,Jueves,12:00:00,,0.0,2,"Automóvil,Bicicleta",Av. Los Colonizadores Y Gobernador Pujol,2,1,0,0,1,0,0,"-31.451187257765,-60.920518246676",Avenida,,ESPERANZA,Las Colonias,Asfalto,No existe,XI,Dentro,Urbana,Otra Señal,No existe,Intersección,Bueno,Buena,Diurna,Buen Tiempo,Múltiple,Ciclista,Colisión,Ninguna,Faltante,Cordón divisorio,Sin restricción
2021,4449,2021-07-10,Sabado,11:30:00,Ruta Nacional 11,0.0,1,Transporte de Pasajeros Urbano (> 8 asientos),Bv Oroño Y Islas Malvinas,2,1,0,0,1,0,0,"-32.734298408031464,-60.73966652154",Ruta,11,SAN LORENZO,San Lorenzo,Asfalto,No existe,XVII,Dentro,Urbana,Otra Señal,No existe,Intersección,S/D,S/D,Diurna,S/D,Múltiple,S/D,Colisión,S/D,"Horizontal,Vertical",Cordón divisorio,Sin restricción
2021,4451,2021-07-16,Viernes,13:05:00,,0.0,2,"Pickup/Utilitario,Bicicleta",Islas Malvinas Y Sarmiento,2,1,0,0,1,0,0,"-32.731151184382,-60.739032842768",Calle,,SAN LORENZO,San Lorenzo,Asfalto,No existe,XVII,Dentro,Urbana,Otra Señal,No existe,Intersección,S/D,S/D,Diurna,S/D,Múltiple,Ciclista,Colisión,S/D,Faltante,Cordón divisorio,Sin restricción
2021,4452,2021-07-15,Jueves,10:50:00,,0.0,2,"Moto/Ciclomotor,Pickup/Utilitario",G Lehmann Y Nicolas Schneider,2,1,0,0,1,0,0,"-31.452033041986,-60.924545183001",Calle,,ESPERANZA,Las Colonias,Asfalto,No existe,XI,Dentro,Urbana,Otra Señal,No existe,Intersección,Bueno,Buena,Diurna,Buen Tiempo,Múltiple,S/D,Colisión,Ninguna,Faltante,Cordón divisorio,Sin restricción
2021,4453,2021-07-16,Viernes,13:10:00,,0.0,2,"Automóvil,Moto/Ciclomotor",Eva Perón Y Uruguay,2,1,0,0,1,0,0,"-32.726674668877,-60.735907695295",Calle,,SAN LORENZO,San Lorenzo,Asfalto,No existe,XVII,Dentro,Urbana,Otra Señal,No existe,Intersección,S/D,S/D,Diurna,S/D,Múltiple,S/D,Colisión,S/D,Faltante,Cordón divisorio,Sin restricción
2021,4454,2021-07-15,Jueves,15:15:00,,0.0,2,"Automóvil,Moto/Ciclomotor",Almirante Brown Y G Alvear,2,1,0,0,1,0,0,"-31.458782430937,-60.927788776093",Calle,,ESPERANZA,Las Colonias,Asfalto,No existe,XI,Dentro,Urbana,Otra Señal,No existe,Intersección,Bueno,Buena,Atardecer,Buen Tiempo,Múltiple,S/D,Colisión,Ninguna,Faltante,Cordón divisorio,Sin restricción
2021,4455,2021-07-28,Miercoles,03:00:00,Ruta Nacional 11,893.0,1,Automóvil, ,1,1,0,0,0,0,0,"-28.33307, -59.26403",Ruta,11,LAS TOSCAS,General Obligado,Asfalto,Natural,IX,Dentro,Rural,Otra Señal,No existe,Intersección,Bueno,Reducida,Nocturna,Buen Tiempo,Múltiple,S/D,Colisión,Ninguna,Horizontal,Cordón divisorio,Sin restricción
2021,4456,2021-07-11,Domingo,16:30:00,,0.0,2,"Moto/Ciclomotor,Pickup/Utilitario",Calle 6 Y Calle 19,3,1,0,0,2,0,0,"-28.354357629569,-59.261268822815",Calle,,LAS TOSCAS,General Obligado,Asfalto,No existe,IX,Dentro,Urbana,Otra Señal,No existe,Intersección,Bueno,Buena,Diurna,Buen Tiempo,Múltiple,S/D,Colisión,Ninguna,Faltante,Cordón divisorio,Sin restricción
2021,4457,2021-07-21,Miercoles,01:00:00,,0.0,2,"Automóvil,Moto/Ciclomotor",Castelli Y M M T de Hoenfels,4,3,0,0,1,0,0,"-31.448573172395,-60.943888419679",Calle,,ESPERANZA,Las Colonias,Asfalto,No existe,XI,Dentro,Urbana,Otra Señal,No existe,Intersección,Resbaladiza,Reducida humo,Nocturna,S/D,Múltiple,S/D,Colisión,Ninguna,Faltante,Cordón divisorio,Sin restricción
2021,4458,2021-07-17,Sabado,18:00:00,,0.0,2,"Moto/Ciclomotor,Automóvil",General Paz Y Soler,3,2,0,0,1,0,0,"-31.460078671883,-60.936791710004",Calle,,ESPERANZA,Las Colonias,Asfalto,No existe,XI,Dentro,Urbana,Otra Señal,No existe,Intersección,Bueno,Buena,Diurna,Buen Tiempo,Múltiple,S/D,Colisión,Ninguna,Faltante,Cordón divisorio,Sin restricción
2021,4459,2021-07-24,Sabado,09:40:00,,0.0,2,"Moto/Ciclomotor,Pickup/Utilitario",Balcarce Y Lavalle,2,1,0,0,1,0,0,"-31.457354422718,-60.936885577216",Calle,,ESPERANZA,Las Colonias,Asfalto,No existe,XI,Dentro,Urbana,Otra Señal,No existe,Intersección,Bueno,Buena,Diurna,Buen Tiempo,Múltiple,S/D,Colisión,Ninguna,Vertical,Cordón divisorio,Sin restricción
2021,4460,2021-07-17,Sabado,22:30:00,,0.0,2,"Moto/Ciclomotor,Automóvil",Calle 10 Y Calle 41,2,1,0,0,1,0,0,"-28.344062164151,-59.258693523568",Calle,,LAS TOSCAS,General Obligado,Ripio,No existe,IX,Dentro,Urbana,Otra Señal,No existe,Intersección,Bueno,Reducida polvo,Nocturna,Buen Tiempo,Múltiple,S/D,Colisión,Ninguna,Faltante,Cordón divisorio,Sin restricción
2021,4461,2021-07-30,Viernes,21:10:00,,0.0,2,"Moto/Ciclomotor,Moto/Ciclomotor",Calle 25-Rivadavia Y Calle 32 - Amenábar,3,1,0,0,2,0,0,"-29.148644497829,-59.655455529656",Calle,,RECONQUISTA,General Obligado,Asfalto,No existe,IX,Dentro,Urbana,Otra Señal,No existe,Intersección,Bueno,Buena,Nocturna,Buen Tiempo,Múltiple,S/D,Colisión,Ninguna,Faltante,Cordón divisorio,Sin restricción
2021,4462,2021-07-31,Sabado,16:50:00,Ruta Nacional 33,0.0,2,"Automóvil,Moto/Ciclomotor",Av. Las Palmeras Y Ruta Nac 33,2,1,0,0,1,0,0,"-32.980271918535,-60.736110761955",Ruta,33,PEREZ,Rosario,Asfalto,Pavimento,II,Dentro,Urbana,Otra Señal,Funciona,Intersección,Bueno,Buena,Diurna,Buen Tiempo,Múltiple,S/D,Colisión,Ninguna,Vertical,Cordón divisorio,Sin restricción
2021,4464,2021-07-31,Sabado,17:45:00,,0.0,2,"Bicicleta,Automóvil",Calle 19-Habegger Y Roca Pte.,2,1,0,0,1,0,0,"-29.146620575178,-59.643962010286",Calle,,RECONQUISTA,General Obligado,Asfalto,No existe,IX,Dentro,Urbana,Otra Señal,No existe,Intersección,Bueno,Buena,Diurna,Buen Tiempo,Múltiple,Ciclista,Colisión,Ninguna,Horizontal,Cordón divisorio,Sin restricción
2021,4465,2021-07-31,Sabado,16:00:00,,0.0,1,Transporte de Pasajeros Urbano (> 8 asientos),Av. San José De Calasanz Y Ugarte,2,1,0,0,1,0,0,"-32.940733485414,-60.755193181514",Avenida,,ROSARIO,Rosario,Asfalto,No existe,II,Dentro,Urbana,Otra Señal,No existe,Intersección,Bueno,Buena,Diurna,Buen Tiempo,Múltiple,S/D,Colisión,Ninguna,Faltante,Cordón divisorio,Sin restricción
2021,4466,2021-07-02,Viernes,12:20:00,,0.0,2,"Moto/Ciclomotor,Automóvil",Cándido Pujato Y Pedro Alejandro Vittori,2,1,0,0,1,0,0,"-31.634721550398,-60.70068689203",Calle,,SANTA FE,La Capital,Asfalto,No existe,I,Dentro,Urbana,Otra Señal,Funciona,Intersección,Bueno,Buena,Diurna,Buen Tiempo,Múltiple,S/D,Colisión,Ninguna,"Horizontal,Vertical",Cordón divisorio,Sin restricción
2021,4467,2021-07-31,Sabado,21:10:00,,0.0,2,"Moto/Ciclomotor,Automóvil",Nicaragua Y White,2,1,0,0,1,0,0,"-32.941587290765,-60.720637552938",Calle,,ROSARIO,Rosario,Asfalto,No existe,II,Dentro,Urbana,Otra Señal,No existe,Intersección,Bueno,Buena,Diurna,Buen Tiempo,Múltiple,S/D,Colisión,Ninguna,Faltante,Cordón divisorio,Sin restricción
2021,4468,2021-07-25,Domingo,11:55:00,,0.0,2,"Moto/Ciclomotor,Moto/Ciclomotor",Calle 6-Ituzaingo Y Calle 29-Alte Brown,3,1,0,0,2,0,0,"-29.152532491022,-59.639820203208",Calle,,RECONQUISTA,General Obligado,Asfalto,No existe,IX,Dentro,Urbana,Otra Señal,No existe,Intersección,Bueno,Buena,Diurna,Buen Tiempo,Múltiple,S/D,Colisión,Ninguna,Faltante,Cordón divisorio,Sin restricción
2021,4470,2021-07-02,Viernes,14:45:00,,0.0,2,"Automóvil,Automóvil",Monseñor Zaspe Y Rivadavia,6,1,0,0,5,0,0,"-30.571340081359,-59.929327798003",Calle,,SAN JAVIER,San Javier,Tierra,No existe,XIV,Dentro,Urbana,Otra Señal,No existe,Intersección,Bueno,Buena,Diurna,Buen Tiempo,Múltiple,S/D,Colisión,Ninguna,Faltante,Cordón divisorio,Sin restricción
2021,4471,2021-07-24,Sabado,23:10:00,,0.0,2,"Moto/Ciclomotor,Automóvil",Calle 9-Italia Y Calle 34,2,1,0,0,1,0,0,"-29.13987547159195,-59.655659794807",Calle,,RECONQUISTA,General Obligado,"Asfalto,Hormigón",No existe,IX,Dentro,Urbana,Otra Señal,Funciona,Intersección,Bueno,Buena,Nocturna,Buen Tiempo,Múltiple,S/D,Colisión,Ninguna,"Horizontal,Vertical",Cordón divisorio,Sin restricción
2021,4472,2021-07-01,Jueves,19:00:00,,0.0,2,"Moto/Ciclomotor,Automóvil",Junín Y San Luis,2,1,0,0,1,0,0,"-31.639639156792,-60.701040008212",Calle,,SANTA FE,La Capital,Asfalto,No existe,I,Dentro,Urbana,Otra Señal,No existe,Intersección,Bueno,Buena,"Nocturna,Con luz artificial",Buen Tiempo,Múltiple,S/D,Colisión,Ninguna,Horizontal,Cordón divisorio,Sin restricción
2021,4473,2021-07-04,Domingo,18:10:00,,0.0,2,"Automóvil,Moto/Ciclomotor",Bv Poeta J Migno 1200,3,1,0,0,2,0,0,"-30.574736410983,-59.929737113352",Avenida,,SAN JAVIER,San Javier,Asfalto,No existe,XIV,Dentro,Urbana,Otra Señal,No existe,Intersección,Bueno,Buena,Diurna,Buen Tiempo,Múltiple,S/D,Colisión,Ninguna,Faltante,Cordón divisorio,Sin restricción
2021,4474,2021-07-01,Jueves,12:30:00,,0.0,2,"Bicicleta,Automóvil",9 de Julio 2364,2,1,0,0,1,0,0,"-31.647723028023,-60.70962710863",Calle,,SANTA FE,La Capital,Asfalto,No existe,I,Dentro,Urbana,Otra Señal,No existe,Intersección,Bueno,Buena,Diurna,Buen Tiempo,Múltiple,Ciclista,Colisión,Ninguna,Faltante,Cordón divisorio,Sin restricción
2021,4475,2021-07-24,Sabado,07:40:00,,0.0,2,"Camión Chasis,Automóvil",Calle 26 - Bolívar Y Calle 27-Gdor Freyre,5,1,0,0,4,0,0,"-29.150114953788,-59.651909980867",Calle,,RECONQUISTA,General Obligado,Asfalto,No existe,IX,Dentro,Urbana,Otra Señal,No existe,Intersección,Bueno,Buena,Diurna,Buen Tiempo,Múltiple,S/D,Colisión,Ninguna,Faltante,Cordón divisorio,Sin restricción
2021,4476,2021-07-23,Viernes,17:00:00,,0.0,2,"Moto/Ciclomotor,Automóvil",Calle 12 San Martin Y Calle 31-Newbery,2,1,0,0,1,0,0,"-29.153228425514,-59.643656581917",Calle,,RECONQUISTA,General Obligado,Asfalto,No existe,IX,Dentro,Urbana,Otra Señal,No existe,Intersección,Bueno,Buena,Diurna,Buen Tiempo,Múltiple,S/D,Colisión,Ninguna,Faltante,Cordón divisorio,Sin restricción
2021,4477,2021-07-06,Martes,15:45:00,,0.0,2,"Pickup/Utilitario,Peatón",Bv T Madrejón Y Núñez y Burges,2,1,0,0,1,0,0,"-30.583528773384,-59.933895840164",Avenida,,SAN JAVIER,San Javier,Asfalto,No existe,XIV,Dentro,Urbana,Otra Señal,No existe,Intersección,Bueno,Buena,Diurna,Buen Tiempo,Múltiple,Peatón,Colisión,Ninguna,Faltante,Cordón divisorio,Sin restricción
2021,4478,2021-07-26,Lunes,20:05:00,,0.0,2,"Pickup/Utilitario,Moto/Ciclomotor",Bv Poeta J Migno Y H Irigoyen,2,1,0,0,1,0,0,"-30.57351240614,-59.93501806953",Avenida,,SAN JAVIER,San Javier,Asfalto,No existe,XIV,Dentro,Urbana,Otra Señal,No existe,Intersección,Bueno,Buena,Diurna,Buen Tiempo,Múltiple,S/D,Colisión,Ninguna,Faltante,Cordón divisorio,Sin restricción
2021,4479,2021-07-15,Jueves,12:05:00,,0.0,2,"Bicicleta,Automóvil",Güemes Y Ituzaingó,2,1,0,0,1,0,0,"-31.640494696817,-60.689672146678",Calle,,SANTA FE,La Capital,Asfalto,No existe,I,Dentro,Urbana,Otra Señal,No existe,Intersección,Bueno,Buena,Diurna,Buen Tiempo,Múltiple,Ciclista,Colisión,Ninguna,Horizontal,Cordón divisorio,Sin restricción
2021,4480,2021-07-19,Lunes,14:25:00,,0.0,2,"Moto/Ciclomotor,Automóvil",Calle 19-Habegger Y Calle 32 - Amenábar,2,1,0,0,1,0,0,"-29.145431490354,-59.65500891568",Calle,,RECONQUISTA,General Obligado,Asfalto,No existe,IX,Dentro,Urbana,Otra Señal,No existe,Intersección,Bueno,Buena,Diurna,Otro,Múltiple,S/D,Colisión,Ninguna,Faltante,Cordón divisorio,Sin restricción
2021,4482,2021-07-22,Jueves,17:30:00,,0.0,2,"Moto/Ciclomotor,Automóvil",Calle 6-Ituzaingo Y Calle 19-Habegger,2,1,0,0,1,0,0,"-29.147157760071,-59.639042458302",Calle,,RECONQUISTA,General Obligado,Asfalto,No existe,IX,Dentro,Urbana,Otra Señal,No existe,Intersección,Bueno,Buena,Diurna,Buen Tiempo,Múltiple,S/D,Colisión,Ninguna,Faltante,Cordón divisorio,Sin restricción
2021,4483,2021-07-13,Martes,15:30:00,,0.0,2,"Bicicleta,Pickup/Utilitario",Las Heras Y Ituzaingó,2,1,0,0,1,0,0,"-31.638658346345,-60.698170689319",Calle,,SANTA FE,La Capital,Asfalto,No existe,I,Dentro,Urbana,Otra Señal,Funciona,Intersección,Bueno,Buena,Diurna,Buen Tiempo,Múltiple,Ciclista,Colisión,Ninguna,"Horizontal,Vertical",Cordón divisorio,Sin restricción