anio_acci,nro_acci,fecha,desc_dia,hora_aprox,desc_ruta,km,cant_participantes,desc_participante,calle_avenida_km,total,heridos_leves,heridos_graves,heridos_gravisimos,ilesos,fallecidos,sin_datos,posicion_XY,desc_tipo_via,desc_ruta_ori,desc_loc,desc_dpto,desc_tipo_calzada,desc_tipo_banquina,desc_unidad_regional,desc_lugar_calzada,desc_zona,desc_prioridad,desc_estado_semaforo,desc_lugar_via,desc_estado_via,desc_estado_visibilidad,desc_luminosidad,desc_estado_clima,desc_tipo_colision,desc_tipo_atropello,desc_tipo_hecho,desc_pres_calzada,desc_senializacion,desc_separacion_via,desc_restriccion
2021,4485,2021-07-22,Jueves,06:55:00,,0.0,2,"Bicicleta,Automóvil",Calle 12 San Martin Y Calle 17-Bartolome Mitre,2,1,0,0,1,0,0,"-29.145683188457,-59.642608654327",Calle,,RECONQUISTA,General Obligado,Asfalto,No existe,IX,Dentro,Urbana,Otra Señal,No existe,Intersección,Bueno,Buena,Diurna,Buen Tiempo,Múltiple,Ciclista,Colisión,Ninguna,Horizontal,Cordón divisorio,Sin restricción
2021,4486,2021-07-27,Martes,11:20:00,Ruta Secundaria 33-s,0.0,2,"Automóvil,Moto/Ciclomotor",Av. San Martin Y San Juan,2,1,0,0,1,0,0,"-31.898879129403,-61.860363386719",Ruta,33-s,SAN JORGE,San MARTÍN,Asfalto,No existe,XVIII,Dentro,Urbana,Otra Señal,No existe,Intersección,Bueno,Buena,Diurna,Buen Tiempo,Múltiple,S/D,Colisión,Ninguna,Faltante,Cordón divisorio,Sin restricción
2021,4488,2021-07-08,Jueves,16:15:00,,0.0,2,"Bicicleta,Automóvil",Iturraspe Y Necochea,2,1,0,0,1,0,0,"-31.631014577132,-60.692495537691",Calle,,SANTA FE,La Capital,Asfalto,No existe,I,Dentro,Urbana,Otra Señal,No existe,Intersección,Bueno,Buena,Diurna,Buen Tiempo,Múltiple,Ciclista,Colisión,Ninguna,Faltante,Cordón divisorio,Sin restricción
2021,4490,2021-07-09,Viernes,22:45:00,Ruta Secundaria 262-s,0.0,2,"Moto/Ciclomotor,Moto/Ciclomotor",Av. San Martin Y Mendoza,2,1,0,0,1,0,0,"-31.899781744877,-61.860603492036",Ruta,262-s,SAN JORGE,San MARTÍN,Asfalto,Pavimento,XVIII,Dentro,Urbana,Otra Señal,No existe,Intersección,Bueno,Buena,Diurna,Buen Tiempo,Múltiple,S/D,Colisión,Ninguna,Faltante,Cordón divisorio,Sin restricción
2021,4491,2021-07-20,Martes,09:20:00,,0.0,2,"Peatón,Automóvil",Calle 25-Rivadavia Y Calle 30-Lucas Funes,2,0,0,0,1,1,0,"-29.14881, -59.65417",Calle,,RECONQUISTA,General Obligado,Asfalto,No existe,IX,Dentro,Urbana,Otra Señal,No existe,Intersección,Bueno,Buena,Diurna,Buen Tiempo,Múltiple,Peatón,Colisión,Ninguna,Faltante,Cordón divisorio,Sin restricción
2021,4492,2021-07-16,Viernes,15:40:00,Ruta Nacional 11,0.0,2,"Pickup/Utilitario,Moto/Ciclomotor",Calle 34 1442,2,1,0,0,1,0,0,"-29.151147, -59.657173",Ruta,11,RECONQUISTA,General Obligado,Asfalto,No existe,IX,Dentro,Urbana,Otra Señal,No existe,Intersección,Bueno,Buena,Diurna,Buen Tiempo,Múltiple,S/D,Colisión,Ninguna,Faltante,Cordón divisorio,Sin restricción
2021,4493,2021-07-17,Sabado,16:15:00,,0.0,2,"Moto/Ciclomotor,Automóvil",Calle 12 San Martin Y Calle 17-Bartolome Mitre,3,2,0,0,1,0,0,"-29.145683188457,-59.642608654327",Calle,,RECONQUISTA,General Obligado,Asfalto,No existe,IX,Dentro,Urbana,Otra Señal,No existe,Intersección,Bueno,Buena,Diurna,Buen Tiempo,Múltiple,S/D,Colisión,Ninguna,Horizontal,Cordón divisorio,Sin restricción
2021,4494,2021-03-22,Lunes,09:50:00,Autopista Nacional A012,6.0,2,"Camión,Automóvil", ,3,1,0,0,2,0,0,"-33.08948993682861,-60.699548721313",Autopista,A012,PIÑERO,Rosario,Asfalto,Pavimento,II,S/D,Rural,Otra Señal,S/D,Intersección,Bueno,S/D,Diurna,S/D,Múltiple,S/D,Colisión,S/D,"Horizontal,Vertical",Cordón divisorio,Sin restricción
2021,4495,2021-03-22,Lunes,14:10:00,,0.0,1,Moto/Ciclomotor,2 de Abril Y Cerrito,1,1,0,0,0,0,0,"-33.76053, -61.96611",Calle,,VENADO TUERTO,General LÓPEZ,Ripio,No existe,VIII,S/D,Urbana,Otra Señal,No existe,Intersección,Deteriorada,S/D,Diurna,S/D,Múltiple,S/D,Colisión,Material Suelto,Faltante,Cordón divisorio,Sin restricción
2021,4496,2021-03-22,Lunes,15:00:00,,0.0,1,Automóvil,Calle 6-Ituzaingo 657,1,1,0,0,0,0,0,"-29.14456, -59.63871",Calle,,RECONQUISTA,General Obligado,Asfalto,No existe,IX,S/D,Urbana,Otra Señal,No existe,Intersección,Bueno,S/D,Diurna,S/D,Múltiple,S/D,Colisión,S/D,Faltante,Cordón divisorio,Sin restricción
2021,4497,2021-07-11,Domingo,20:10:00,,0.0,2,"Moto/Ciclomotor,Automóvil",Calchines Y Las Heras,2,1,0,0,1,0,0,"-31.641412, -60.698975",Calle,,SANTA FE,La Capital,Asfalto,No existe,I,Dentro,Urbana,Otra Señal,No existe,Intersección,Bueno,Buena,"Nocturna,Con luz artificial",Buen Tiempo,Múltiple,S/D,Colisión,Ninguna,Horizontal,Cordón divisorio,Sin restricción
2021,4498,2021-03-22,Lunes,21:30:00,Ruta Nacional 11,791.0,2,"Automóvil,Camión",Calle 11 ,3,2,0,0,1,0,0,"-29.11825, -59.65228",Ruta,11,AVELLANEDA,General Obligado,Asfalto,No existe,IX,S/D,Urbana,Otra Señal,Funciona,Intersección,Bueno,S/D,Nocturna,S/D,Múltiple,S/D,Colisión,S/D,"Horizontal,Vertical",Cordón divisorio,Sin restricción
2021,4499,2021-03-22,Lunes,21:00:00,,0.0,2,"Moto/Ciclomotor,Automóvil",Calle 47-Islas Malvinas Y Calle 30-Lucas Funes,3,2,0,0,1,0,0,"-29.16051, -59.65618",Calle,,RECONQUISTA,General Obligado,Ripio,Ripio,IX,S/D,Urbana,Otra Señal,No existe,Intersección,"Deteriorada,Ahuellamiento",S/D,Nocturna,S/D,Múltiple,S/D,Colisión,S/D,Vertical,Cordón divisorio,Sin restricción
2021,4500,2021-07-14,Miercoles,08:55:00,,0.0,2,"Bicicleta,Automóvil",Calle 27-Gdor Freyre Y Calle 30-Lucas Funes,2,1,0,0,1,0,0,"-29.149868762826,-59.65439285157",Calle,,RECONQUISTA,General Obligado,Asfalto,No existe,IX,Dentro,Urbana,Otra Señal,No existe,Intersección,Bueno,Buena,Diurna,Buen Tiempo,Múltiple,Ciclista,Colisión,Ninguna,Faltante,Cordón divisorio,Sin restricción
2021,4503,2021-07-07,Miercoles,13:00:00,,0.0,2,"Moto/Ciclomotor,Pickup/Utilitario",Candioti Y Juan Del Campillo,2,1,0,0,1,0,0,"-31.631706038323,-60.693870927279",Calle,,SANTA FE,La Capital,Asfalto,No existe,I,Dentro,Urbana,Otra Señal,No existe,Intersección,Bueno,Buena,Diurna,Buen Tiempo,Múltiple,S/D,Colisión,Ninguna,Horizontal,Cordón divisorio,Sin restricción
2021,4504,2021-03-22,Lunes,13:00:00,,0.0,2,"Moto/Ciclomotor,Automóvil",Rivadavia Y Belgrano,2,1,0,0,1,0,0,"-32.81911, -61.38738",Calle,,CAÑADA DE GÓMEZ,Iriondo,Asfalto,No existe,X,S/D,Urbana,Otra Señal,No existe,Intersección,Bueno,S/D,Diurna,S/D,Múltiple,S/D,Colisión,S/D,Vertical,Cordón divisorio,Sin restricción
2021,4505,2021-07-13,Martes,15:25:00,,0.0,2,"Bicicleta,Automóvil",Calle 19-Habegger Y Calle 42 - Misiones,2,1,0,0,1,0,0,"-29.145015984139,-59.660112894255",Calle,,RECONQUISTA,General Obligado,Asfalto,No existe,IX,Dentro,Urbana,Otra Señal,No existe,Intersección,Bueno,Buena,Diurna,Buen Tiempo,Múltiple,Ciclista,Colisión,Ninguna,Faltante,Cordón divisorio,Sin restricción
2021,4506,2021-07-20,Martes,20:30:00,,0.0,2,"Automóvil,Automóvil",Bv Gálvez Y Laprida,3,1,0,0,2,0,0,"-31.639488966512,-60.684678642673",Avenida,,SANTA FE,La Capital,Asfalto,No existe,I,Dentro,Urbana,Otra Señal,No existe,Intersección,Bueno,Buena,"Nocturna,Con luz artificial",Buen Tiempo,Múltiple,S/D,Colisión,Ninguna,Horizontal,Cordón divisorio,Sin restricción
2021,4507,2021-07-05,Lunes,09:40:00,,0.0,2,"Moto/Ciclomotor,Pickup/Utilitario",Calle 22- 25 de Mayo Y Calle 33-Pueyrredon,2,1,0,0,1,0,0,"-29.153673497163,-59.649924611422",Calle,,RECONQUISTA,General Obligado,Asfalto,No existe,IX,Dentro,Urbana,Otra Señal,No existe,Intersección,Bueno,Buena,Diurna,Buen Tiempo,Múltiple,S/D,Colisión,Ninguna,Faltante,Cordón divisorio,Sin restricción
2021,4508,2021-07-07,Miercoles,12:00:00,,0.0,2,"Automóvil,Peatón",GIMÉNEZ DE ASUA LUIS Y LAUREANO MARADONA ,2,1,0,0,0,0,1,"-31.639477014541626,-60.66113144159",Calle,,SANTA FE,La Capital,Asfalto,No existe,I,Dentro,Urbana,Otra Señal,No existe,Intersección,Bueno,Buena,Nocturna,Buen Tiempo,Múltiple,Peatón,Colisión,Ninguna,Faltante,Cordón divisorio,Sin restricción
2021,4509,2021-07-01,Jueves,12:20:00,,0.0,2,"Moto/Ciclomotor,Automóvil",Calle 16 Gral. Obligado Y Calle 25-Rivadavia,2,1,0,0,1,0,0,"-29.14972722530365,-59.645649790763",Calle,,RECONQUISTA,General Obligado,Asfalto,No existe,IX,Dentro,Urbana,Otra Señal,No existe,Intersección,Bueno,Buena,Diurna,Buen Tiempo,Múltiple,S/D,Colisión,Ninguna,Faltante,Cordón divisorio,Sin restricción
2021,4510,2021-07-09,Viernes,20:30:00,,0.0,2,"Moto/Ciclomotor,Automóvil",ESTÉVEZ BOERO Y GRECA,3,2,0,0,1,0,0,"-31.635410922395,-60.656678345369",Calle,,SANTA FE,La Capital,Asfalto,No existe,I,Dentro,Urbana,Otra Señal,No existe,Intersección,Bueno,Buena,Atardecer,Lluvia,Múltiple,S/D,Colisión,Agua,Faltante,Cordón divisorio,Sin restricción
2021,4511,2021-07-09,Viernes,18:10:00,,0.0,2,"Pickup/Utilitario,Moto/Ciclomotor",Calle 6 Y Calle 15,2,1,0,0,1,0,0,"-32.685904818799,-61.527824504374",Calle,,LAS PAREJAS,Belgrano,Asfalto,No existe,III,Dentro,Urbana,Otra Señal,No existe,Intersección,Bueno,Buena,Atardecer,Buen Tiempo,Múltiple,S/D,Colisión,Ninguna,Faltante,Cordón divisorio,Sin restricción
2021,4512,2021-07-15,Jueves,12:21:00,,0.0,2,"Automóvil,Moto/Ciclomotor",Domingo Silva Y Pedro Alejandro Vittori,2,1,0,0,1,0,0,"-31.631458, -60.699672",Calle,,SANTA FE,La Capital,Asfalto,No existe,I,Dentro,Urbana,Otra Señal,No existe,Intersección,Bueno,Buena,Diurna,Buen Tiempo,Múltiple,S/D,Colisión,Ninguna,Vertical,Cordón divisorio,Sin restricción
2021,4513,2021-07-01,Jueves,08:15:00,,0.0,2,"Bicicleta,Moto/Ciclomotor",San Juan Y Tucumán,2,1,0,0,0,0,1,"-31.64330784318,-60.720796520874",Calle,,SANTA FE,La Capital,Asfalto,No existe,I,Dentro,Urbana,Otra Señal,No existe,Intersección,Bueno,Buena,Diurna,Buen Tiempo,Múltiple,Ciclista,Colisión,Ninguna,Faltante,Cordón divisorio,Sin restricción
2021,4514,2021-07-29,Jueves,19:15:00,Ruta Nacional 11,0.0,2,"Automóvil,Moto/Ciclomotor",1ro de Mayo Y Ruta Nacional 11,3,2,0,0,1,0,0,"-30.78295111656189,-60.597678422927",Ruta,11,SAN JUSTO,San Justo,Asfalto,Pavimento,XVI,Dentro,Urbana,Otra Señal,No existe,Intersección,Bueno,Buena,Nocturna,Buen Tiempo,Múltiple,S/D,Colisión,Ninguna,Horizontal,Cordón divisorio,Sin restricción
2021,4515,2021-07-26,Lunes,19:05:00,Ruta Nacional 11,0.0,2,"Automóvil,Moto/Ciclomotor",Ruta Nacional 11 Y S Martin,2,1,0,0,1,0,0,"-30.78526318073274,-60.599496960639",Ruta,11,SAN JUSTO,San Justo,Asfalto,Pavimento,XVI,Dentro,Urbana,Otra Señal,No existe,Intersección,Bueno,Reducida,Nocturna,Buen Tiempo,Múltiple,S/D,Colisión,Ninguna,Horizontal,Cordón divisorio,Sin restricción
2021,4516,2021-07-24,Sabado,17:00:00,,0.0,2,"Moto/Ciclomotor,Pickup/Utilitario",Belgrano Y N Figueredo,2,1,0,0,1,0,0,"-30.791393369601,-60.591574679686",Calle,,SAN JUSTO,San Justo,Hormigón,No existe,XVI,Dentro,Urbana,Otra Señal,No existe,Intersección,Bueno,Buena,Diurna,Buen Tiempo,Múltiple,S/D,Colisión,Ninguna,Faltante,Cordón divisorio,Sin restricción
2021,4518,2021-07-01,Jueves,09:30:00,,0.0,1,Moto/Ciclomotor,Fco Angeloni 2571,1,1,0,0,0,0,0,"-30.791555138115,-60.588540632975",Calle,,SAN JUSTO,San Justo,Asfalto,No existe,XVI,Dentro,Urbana,Otra Señal,No existe,Intersección,Bueno,Buena,Diurna,Buen Tiempo,Múltiple,S/D,Colisión,Ninguna,Faltante,Cordón divisorio,Sin restricción
2021,4519,2021-08-28,Sabado,16:28:00,Ruta Nacional 34,188.0,1,Pickup/Utilitario, ,2,1,0,0,0,1,0,"-29.47027, -60.23562",Ruta,34,ANGÉLICA,Castellanos,Tierra,No existe,V,S/D,Rural,Otra Señal,No existe,Intersección,Bueno,Buena,Diurna,Buen Tiempo,Múltiple,S/D,Colisión,S/D,Faltante,Cordón divisorio,Sin restricción
2021,4520,2021-07-02,Viernes,15:45:00,,0.0,2,"Automóvil,Moto/Ciclomotor",Fco Angeloni Y S Martin,2,1,0,0,1,0,0,"-30.786816449107,-60.587482659982",Calle,,SAN JUSTO,San Justo,Hormigón,No existe,XVI,Dentro,Urbana,Otra Señal,No existe,Intersección,Bueno,Buena,Diurna,Buen Tiempo,Múltiple,S/D,Colisión,Ninguna,Faltante,Cordón divisorio,Sin restricción
2021,4521,2021-03-23,Martes,09:30:00,,0.0,2,"Moto/Ciclomotor,Automóvil",Santa Fe Y 9 de Julio,2,1,0,0,1,0,0,"-33.73976, -61.96047",Calle,,VENADO TUERTO,General LÓPEZ,Asfalto,No existe,VIII,S/D,Urbana,Otra Señal,S/D,Intersección,Bueno,S/D,Diurna,S/D,Múltiple,S/D,Colisión,S/D,Vertical,Cordón divisorio,Sin restricción
2021,4522,2021-07-07,Miercoles,08:05:00,,0.0,2,"Automóvil,Bicicleta",Bv C Pellegrini Y Gdor. Cabal,2,1,0,0,1,0,0,"-30.793577969635,-60.595114265764",Avenida,,SAN JUSTO,San Justo,Hormigón,No existe,XVI,Dentro,Urbana,Otra Señal,No existe,Intersección,Resbaladiza,Reducida,Diurna,Lluvia,Múltiple,Ciclista,Colisión,Agua,Faltante,Cordón divisorio,Sin restricción
2021,4523,2021-03-23,Martes,23:00:00,Ruta Nacional 33,636.0,2,"Automóvil,Camión", ,5,2,0,0,3,0,0,"-33.69805, -61.95177",Ruta,33,VENADO TUERTO,General LÓPEZ,Asfalto,Ripio,VIII,S/D,Rural,Otra Señal,No existe,Intersección,Bueno,S/D,Nocturna,S/D,Múltiple,S/D,Colisión,S/D,Vertical,Cordón divisorio,Sin restricción
2021,4524,2021-07-14,Miercoles,22:10:00,,0.0,2,"Bicicleta,Automóvil",Independencia Y Máximo Cameron,2,1,0,0,1,0,0,"-30.788358449935913,-60.60159981250",Calle,,SAN JUSTO,San Justo,Hormigón,No existe,XVI,Dentro,Urbana,Otra Señal,No existe,Intersección,Bueno,Reducida,"Nocturna,Con luz artificial",Lluvia,Múltiple,Ciclista,Colisión,Agua,Faltante,Cordón divisorio,Sin restricción
2021,4527,2021-07-30,Viernes,03:15:00,Ruta Nacional 11,562.0,2,"Camión,Transporte de Pasajeros Larga Distancia (Doble Piso)", ,61,1,0,0,60,0,0,"-30.78155, -60.59626",Ruta,11,SAN JUSTO,San Justo,Asfalto,Natural,XVI,Dentro,Urbana,Otra Señal,No existe,Intersección,Bueno,Buena,Nocturna,Buen Tiempo,Múltiple,S/D,Colisión,Ninguna,Horizontal,Cordón divisorio,Sin restricción
2021,4528,2021-03-23,Martes,19:37:00,,0.0,1,Moto/Ciclomotor,Italia Y Quintana,1,1,0,0,0,0,0,"-33.73236, -61.9689",Calle,,VENADO TUERTO,General LÓPEZ,Ripio,No existe,VIII,S/D,Urbana,Otra Señal,No existe,Intersección,Deteriorada,S/D,Atardecer,S/D,Múltiple,S/D,Colisión,S/D,Faltante,Cordón divisorio,Sin restricción
2021,4529,2021-03-23,Martes,17:58:00,,0.0,1,Moto/Ciclomotor,Jujuy Y Corrientes,1,1,0,0,0,0,0,"-33.73826, -61.95549",Calle,,VENADO TUERTO,General LÓPEZ,Asfalto,No existe,VIII,S/D,Urbana,Otra Señal,No existe,Intersección,Bueno,S/D,Atardecer,S/D,Múltiple,S/D,Colisión,S/D,Vertical,Cordón divisorio,Sin restricción
2021,4530,2021-03-23,Martes,17:30:00,,0.0,2,"Moto/Ciclomotor,Automóvil",Av. Dr. Luis Chapuis Y Manuel Vicente Manzano,6,2,0,0,4,0,0,"-33.7271, -61.98312",Calle,,VENADO TUERTO,General LÓPEZ,Asfalto,No existe,VIII,S/D,Urbana,Otra Señal,No existe,Intersección,Ahuellamiento,S/D,Diurna,S/D,Múltiple,S/D,Colisión,S/D,Faltante,Cordón divisorio,Sin restricción
2021,4531,2021-03-23,Martes,,,0.0,2,"Automóvil,Automóvil",Bv Pte. Roca Y Ituzaingó,2,1,0,0,0,0,1,"-31.2524, -61.49392",Avenida,,RAFAELA,Castellanos,Asfalto,No existe,V,S/D,Urbana,Otra Señal,No existe,Intersección,Bueno,S/D,Atardecer,S/D,Múltiple,S/D,Colisión,S/D,Vertical,Cordón divisorio,Sin restricción
2021,4533,2021-08-03,Martes,20:35:00,,0.0,1,Moto/Ciclomotor, ,1,0,0,0,0,1,0,"-31.03509, -61.01091",Camino Rural,,PROVIDENCIA,Las Colonias,Tierra,Natural,XI,Dentro,Rural,Otra Señal,No existe,Intersección,S/D,Reducida polvo,Atardecer,Buen Tiempo,Múltiple,S/D,Colisión,Ninguna,Faltante,Cordón divisorio,Sin restricción
2021,4534,2021-07-27,Martes,08:10:00,Ruta Nacional 11,0.0,2,"Moto/Ciclomotor,Pickup/Utilitario",H Irigoyen Y Ruta Nacional 11,2,1,0,0,1,0,0,"-30.7971628010273,-60.5978420376777",Ruta,11,SAN JUSTO,San Justo,Asfalto,Pavimento,XVI,Dentro,Urbana,Otra Señal,No existe,Intersección,Bueno,Buena,Diurna,Buen Tiempo,Múltiple,S/D,Colisión,Ninguna,Horizontal,Cordón divisorio,Sin restricción
2021,4535,2021-07-16,Viernes,17:30:00,Ruta Nacional 168,0.0,2,"Automóvil,Pickup/Utilitario",Ruta Nac 168 ,2,1,0,0,1,0,0,"-31.640698570045,-60.681517139052",Ruta,168,SANTA FE,La Capital,Hormigón,No existe,I,Dentro,Urbana,Otra Señal,No existe,Intersección,Bueno,Buena,Diurna,Buen Tiempo,Múltiple,S/D,Colisión,Ninguna,"Horizontal,Vertical",Cordón divisorio,Sin restricción
2021,4536,2021-07-21,Miercoles,22:55:00,,0.0,2,"Automóvil,Moto/Ciclomotor",Bv C Pellegrini Y Gdor. Cabal,2,1,0,0,1,0,0,"-30.793619602918625,-60.59511691331",Avenida,,SAN JUSTO,San Justo,Hormigón,No existe,XVI,Dentro,Urbana,Otra Señal,No existe,Intersección,Bueno,Buena,"Nocturna,Con luz artificial",Buen Tiempo,Múltiple,S/D,Colisión,Ninguna,Faltante,Cordón divisorio,Sin restricción
2021,4537,2021-07-17,Sabado,15:35:00,,0.0,2,"Moto/Ciclomotor,Moto/Ciclomotor",L.N.Alem Y San Martin,3,2,0,0,1,0,0,"-30.787099246875,-60.585781463531",Calle,,ROSARIO,Rosario,Asfalto,No existe,II,Dentro,Urbana,Otra Señal,No existe,Intersección,Bueno,Buena,Diurna,Buen Tiempo,Múltiple,S/D,Colisión,Ninguna,Faltante,Cordón divisorio,Sin restricción
2021,4539,2021-07-14,Miercoles,11:30:00,,0.0,2,"Moto/Ciclomotor,Automóvil",P Gaggero 2053,2,1,0,0,1,0,0,"-30.790104, -60.584017",Calle,,SAN JUSTO,San Justo,Tierra,No existe,XVI,Dentro,Urbana,Otra Señal,No existe,Intersección,Bueno,Buena,Diurna,Buen Tiempo,Múltiple,S/D,Colisión,Ninguna,Faltante,Cordón divisorio,Sin restricción
2021,4540,2021-07-19,Lunes,19:10:00,Ruta Provincial 2,0.0,1,Moto/Ciclomotor,Silvestre Begnis 1550,2,2,0,0,0,0,0,"-30.795877634967,-60.580866098904",Ruta,2,SAN JUSTO,San Justo,Ripio,No existe,XVI,Dentro,Urbana,Otra Señal,No existe,Intersección,Resbaladiza,Reducida,Nocturna,Buen Tiempo,Múltiple,S/D,Colisión,Agua,Faltante,Cordón divisorio,Sin restricción
2021,4541,2021-07-20,Martes,17:00:00,,0.0,2,"Moto/Ciclomotor,Otros",9 de Julio Y A Belotti,2,1,0,0,1,0,0,"-30.790601863979,-60.579095262063",Calle,,SAN JUSTO,San Justo,Asfalto,No existe,XVI,Dentro,Urbana,Otra Señal,No existe,Intersección,Bueno,Buena,Diurna,S/D,Múltiple,S/D,Colisión,S/D,Faltante,Cordón divisorio,Sin restricción
2021,4543,2021-07-26,Lunes,10:40:00,,0.0,2,"Pickup/Utilitario,Moto/Ciclomotor",J J Paso Y Monseñor Zaspe,2,1,0,0,1,0,0,"-31.653162, -60.726415",Avenida,,SANTA FE,La Capital,Asfalto,No existe,I,Dentro,Urbana,Otra Señal,Funciona,Intersección,Bueno,Buena,Diurna,Buen Tiempo,Múltiple,S/D,Colisión,Ninguna,"Horizontal,Vertical",Cordón divisorio,Sin restricción
2021,4544,2021-07-18,Domingo,23:45:00,Ruta Nacional 11,0.0,1,Automóvil,Ruta Nacional 11 Y Sarmiento,1,1,0,0,0,0,0,"-30.939683318138123,-60.64896494150",Ruta,11,SAN JUSTO,San Justo,Ripio,No existe,XVI,Dentro,Urbana,Otra Señal,No existe,Intersección,Bueno,Reducida,"Nocturna,Con luz artificial",Buen Tiempo,Múltiple,S/D,Colisión,Ninguna,Faltante,Cordón divisorio,Sin restricción
2021,4545,2021-07-05,Lunes,08:00:00,Ruta Nacional 168,0.0,2,"Automóvil,Moto/Ciclomotor",Ruta Nac 168 ,2,1,0,0,1,0,0,"-31.640197, -60.660360",Ruta,168,SANTA FE,La Capital,Asfalto,No existe,I,Dentro,Urbana,Otra Señal,No existe,Intersección,Bueno,Buena,Amanecer,Buen Tiempo,Múltiple,S/D,Colisión,Ninguna,Horizontal,Cordón divisorio,Sin restricción
2021,4547,2021-08-07,Sabado,17:00:00,,0.0,2,"Pickup/Utilitario,Moto/Ciclomotor", ,3,1,0,0,1,1,0,"-31.57102, -60.65655",Camino Rural,,MONTE VERA,La Capital,Arena,No existe,I,S/D,Rural,Otra Señal,No existe,Intersección,Otro,Buena,Diurna,Buen Tiempo,Múltiple,S/D,Colisión,Ninguna,Faltante,Cordón divisorio,Sin restricción
2021,4548,2021-07-21,Miercoles,12:10:00,,0.0,2,"Moto/Ciclomotor,Otros",Av. Urquiza Y Juan de Garay,2,1,0,0,1,0,0,"-31.651368093103,-60.71477030766",Avenida,,SANTA FE,La Capital,Asfalto,No existe,I,Dentro,Urbana,Otra Señal,Funciona,Intersección,Bueno,Buena,Diurna,Buen Tiempo,Múltiple,S/D,Colisión,Ninguna,"Horizontal,Vertical",Cordón divisorio,Sin restricción
2021,4549,2021-07-20,Martes,09:10:00,,0.0,2,"Pickup/Utilitario,Automóvil",4 de Enero Y Lisandro de la Torre,2,1,0,0,1,0,0,"-31.650416993217,-60.713097297652",Calle,,SANTA FE,La Capital,Asfalto,No existe,I,Dentro,Urbana,Otra Señal,No existe,Intersección,Bueno,Buena,Diurna,Buen Tiempo,Múltiple,S/D,Colisión,Ninguna,Faltante,Cordón divisorio,Sin restricción
2021,4550,2021-08-08,Domingo,19:15:00,Ruta Secundaria 97-s,0.0,2,"Moto/Ciclomotor,Pickup/Utilitario",Ruta Nacional 11 ,7,5,0,0,0,2,0,"-28.85034, -59.50596",Ruta,97-s,LAS GARZAS,General Obligado,Asfalto,Pavimento,IX,S/D,Urbana,Otra Señal,No existe,Intersección,Bueno,Reducida,Nocturna,S/D,Múltiple,S/D,Colisión,Ninguna,Faltante,Cordón divisorio,Sin restricción
2021,4551,2021-07-01,Jueves,17:05:00,,0.0,2,"Automóvil,Moto/Ciclomotor",Av. Freyre Y La Rioja,5,3,0,0,2,0,0,"-31.642878113739,-60.717836245617",Avenida,,SANTA FE,La Capital,Hormigón,No existe,I,Dentro,Urbana,Otra Señal,No existe,Intersección,Bueno,Buena,Diurna,Buen Tiempo,Múltiple,S/D,Colisión,Ninguna,"Horizontal,Vertical",Cordón divisorio,Sin restricción
2021,4552,2021-07-19,Lunes,14:40:00,,0.0,2,"Moto/Ciclomotor,Taxi/Remis",Belgrano Y Gdor. Crespo,2,1,0,0,1,0,0,"-31.642208346975,-60.700410971404",Calle,,SANTA FE,La Capital,Asfalto,No existe,I,Dentro,Urbana,Otra Señal,No existe,Intersección,Bueno,Buena,Diurna,Buen Tiempo,Múltiple,S/D,Colisión,Ninguna,Faltante,Cordón divisorio,Sin restricción
2021,4553,2021-07-18,Domingo,19:00:00,,0.0,2,"Peatón,Automóvil",9 de Julio 3330,2,1,0,0,1,0,0,"-31.636961586798,-60.706429738121",Calle,,SANTA FE,La Capital,Asfalto,No existe,I,Dentro,Urbana,Otra Señal,No existe,Intersección,Bueno,Buena,Diurna,Buen Tiempo,Múltiple,Peatón,Colisión,Ninguna,Faltante,Cordón divisorio,Sin restricción
2021,4554,2021-07-16,Viernes,11:10:00,,0.0,2,"Moto/Ciclomotor,Pickup/Utilitario",Av. Urquiza Y Catamarca,2,1,0,0,1,0,0,"-31.643300838721,-60.712405196625",Avenida,,SANTA FE,La Capital,Asfalto,No existe,I,Dentro,Urbana,Otra Señal,Funciona,Intersección,Bueno,Buena,Diurna,Buen Tiempo,Múltiple,S/D,Colisión,Ninguna,"Horizontal,Vertical",Cordón divisorio,Sin restricción
2021,4555,2021-08-23,Lunes,11:20:00,,0.0,2,"Peatón,Camión Chasis",Bv. Oroño Y Av. Arijon,2,0,0,0,1,1,0,"-33.00351, -60.66485",Avenida,,ROSARIO,Rosario,Asfalto,Pavimento,II,S/D,Urbana,Otra Señal,Funciona,Intersección,Bueno,Buena,Diurna,Buen Tiempo,Múltiple,Peatón,Colisión,Ninguna,"Horizontal,Vertical",Cordón divisorio,Sin restricción
2021,4556,2021-07-14,Miercoles,12:00:00,,0.0,2,"Automóvil,Moto/Ciclomotor",Mariano Comas Y San Jerónimo,2,1,0,0,1,0,0,"-31.632625120682,-60.703901870959",Calle,,SANTA FE,La Capital,Asfalto,No existe,I,Dentro,Urbana,Otra Señal,No existe,Intersección,Bueno,Buena,Diurna,Buen Tiempo,Múltiple,S/D,Colisión,Ninguna,Horizontal,Cordón divisorio,Sin restricción