anio_acci,nro_acci,fecha,desc_dia,hora_aprox,desc_ruta,km,cant_participantes,desc_participante,calle_avenida_km,total,heridos_leves,heridos_graves,heridos_gravisimos,ilesos,fallecidos,sin_datos,posicion_XY,desc_tipo_via,desc_ruta_ori,desc_loc,desc_dpto,desc_tipo_calzada,desc_tipo_banquina,desc_unidad_regional,desc_lugar_calzada,desc_zona,desc_prioridad,desc_estado_semaforo,desc_lugar_via,desc_estado_via,desc_estado_visibilidad,desc_luminosidad,desc_estado_clima,desc_tipo_colision,desc_tipo_atropello,desc_tipo_hecho,desc_pres_calzada,desc_senializacion,desc_separacion_via,desc_restriccion
2021,4557,2021-07-05,Lunes,,,0.0,2,"Automóvil,Moto/Ciclomotor",Lamadrid Y Mendoza,2,1,0,0,1,0,0,"-31.643839838961,-60.727963812104",Calle,,SANTA FE,La Capital,Asfalto,No existe,I,Dentro,Urbana,Otra Señal,Funciona,Intersección,Bueno,Buena,Diurna,Buen Tiempo,Múltiple,S/D,Colisión,Ninguna,"Horizontal,Vertical",Cordón divisorio,Sin restricción
2021,4558,2021-08-28,Sabado,03:00:00,Ruta Provincial 23,22.0,1,Automóvil, ,3,2,0,0,0,1,0,"-30.43106, -61.92729",Ruta,23,SAN GUILLERMO,San CRISTÓBAL,Asfalto,Natural,XIII,Fuera,Rural,Otra Señal,No existe,Intersección,Bueno,S/D,Nocturna,Buen Tiempo,Múltiple,S/D,Colisión,Ninguna,Faltante,Cordón divisorio,Sin restricción
2021,4559,2021-07-14,Miercoles,11:30:00,,0.0,2,"Moto/Ciclomotor,Automóvil",Mariano Comas Y San Jerónimo,2,1,0,0,1,0,0,"-31.632625120682,-60.703901870959",Calle,,SANTA FE,La Capital,Asfalto,No existe,I,Dentro,Urbana,Otra Señal,No existe,Intersección,Bueno,Buena,Diurna,Buen Tiempo,Múltiple,S/D,Colisión,Ninguna,Horizontal,Cordón divisorio,Sin restricción
2021,4560,2021-07-12,Lunes,14:00:00,,0.0,2,"Moto/Ciclomotor,Pickup/Utilitario",Bv Pellegrini Y San Martin,2,1,0,0,1,0,0,"-31.635649911174,-60.70324476211",Avenida,,SANTA FE,La Capital,Asfalto,No existe,I,Dentro,Urbana,Otra Señal,Funciona,Intersección,Bueno,Buena,Diurna,Buen Tiempo,Múltiple,S/D,Colisión,Ninguna,"Horizontal,Vertical",Cordón divisorio,Sin restricción
2021,4561,2021-07-06,Martes,22:00:00,,0.0,2,"Automóvil,Moto/Ciclomotor",Francia Y Lisandro de la Torre,2,1,0,0,1,0,0,"-31.649897381593,-60.715702610025",Calle,,SANTA FE,La Capital,Asfalto,No existe,I,Dentro,Urbana,Otra Señal,No existe,Intersección,Bueno,Buena,Nocturna,Buen Tiempo,Múltiple,S/D,Colisión,Ninguna,Faltante,Cordón divisorio,Sin restricción
2021,4562,2021-07-12,Lunes,17:40:00,,0.0,2,"Moto/Ciclomotor,Automóvil",9 de Julio Y Salta,2,1,0,0,1,0,0,"-31.649612635917,-60.710170880045",Calle,,SANTA FE,La Capital,Asfalto,No existe,I,Dentro,Urbana,Otra Señal,No existe,Intersección,Bueno,Buena,Diurna,Buen Tiempo,Múltiple,S/D,Colisión,Ninguna,Faltante,Cordón divisorio,Sin restricción
2021,4563,2021-07-01,Jueves,10:10:00,,0.0,2,"Automóvil,Moto/Ciclomotor",Av. Urquiza Y Catamarca,2,1,0,0,1,0,0,"-31.643300838721,-60.712405196625",Avenida,,SANTA FE,La Capital,Asfalto,No existe,I,Dentro,Urbana,Otra Señal,Funciona,Intersección,Bueno,Buena,Diurna,Buen Tiempo,Múltiple,S/D,Colisión,Ninguna,"Horizontal,Vertical",Cordón divisorio,Sin restricción
2021,4564,2021-07-11,Domingo,05:25:00,,0.0,2,"Automóvil,Automóvil",9 de Julio Y Gdor. Crespo,2,1,0,0,1,0,0,"-31.640667549541,-60.707525483452",Calle,,SANTA FE,La Capital,Asfalto,No existe,I,Dentro,Urbana,Otra Señal,No existe,Intersección,Bueno,Buena,"Nocturna,Con luz artificial",Buen Tiempo,Múltiple,S/D,Colisión,Ninguna,Faltante,Cordón divisorio,Sin restricción
2021,4565,2021-07-08,Jueves,16:15:00,,0.0,2,"Moto/Ciclomotor,Automóvil",COSTANERA ESTE ,2,1,0,0,1,0,0,"-31.636742, -60.675958",Calle,,SANTA FE,La Capital,Asfalto,No existe,I,Dentro,Urbana,Otra Señal,S/D,Intersección,Bueno,Buena,Diurna,S/D,Múltiple,S/D,Colisión,Ninguna,S/D,Cordón divisorio,Sin restricción
2021,4566,2021-07-25,Domingo,19:30:00,Ruta Nacional 168,18.0,4,"Automóvil,Automóvil,Automóvil,Moto/Ciclomotor", ,8,3,0,0,5,0,0,"-31.68737367930149, -60.52356062167",Ruta,168,SANTA FE,La Capital,Asfalto,No existe,I,Dentro,Urbana,Otra Señal,No existe,Intersección,Bueno,Buena,Nocturna,Buen Tiempo,Múltiple,S/D,Colisión,Ninguna,Horizontal,Cordón divisorio,Sin restricción
2021,4567,2021-07-06,Martes,16:00:00,,0.0,2,"Automóvil,Automóvil",Monseñor Zaspe Y 25 de Mayo,2,1,0,0,1,0,0,"-31.656022888431,-60.70806353488",Calle,,SANTA FE,La Capital,Asfalto,No existe,I,Dentro,Urbana,Otra Señal,No existe,Intersección,Bueno,Buena,Diurna,Buen Tiempo,Múltiple,S/D,Colisión,Ninguna,Horizontal,Cordón divisorio,Sin restricción
2021,4568,2021-07-09,Viernes,01:30:00,,0.0,2,"Moto/Ciclomotor,Automóvil",Av. Urquiza Y Hipólito Yrigoyen,2,1,0,0,1,0,0,"-31.642184310769,-60.712090974255",Avenida,,SANTA FE,La Capital,Asfalto,No existe,I,Dentro,Urbana,Otra Señal,Funciona,Intersección,Bueno,Buena,"Nocturna,Con luz artificial",Buen Tiempo,Múltiple,S/D,Colisión,Ninguna,"Horizontal,Vertical",Cordón divisorio,Sin restricción
2021,4569,2021-07-05,Lunes,11:30:00,,0.0,2,"Moto/Ciclomotor,Pickup/Utilitario",Mariano Comas Y San Martin,2,1,0,0,1,0,0,"-31.632944399032,-60.702423315328",Calle,,SANTA FE,La Capital,Asfalto,No existe,I,Dentro,Urbana,Otra Señal,No existe,Intersección,Bueno,Buena,Diurna,Buen Tiempo,Múltiple,S/D,Colisión,Ninguna,Horizontal,Cordón divisorio,Sin restricción
2021,4570,2021-07-06,Martes,10:05:00,,0.0,2,"Moto/Ciclomotor,Automóvil",Av. Gral. López Y 9 de Julio,2,1,0,0,1,0,0,"-31.607709, -60.697861",Avenida,,SANTA FE,La Capital,Asfalto,No existe,I,Dentro,Urbana,Otra Señal,No existe,Intersección,Bueno,Buena,Diurna,Buen Tiempo,Múltiple,S/D,Colisión,Ninguna,Faltante,Cordón divisorio,Sin restricción
2021,4571,2021-07-08,Jueves,21:00:00,,0.0,2,"Automóvil,Automóvil",Raúl Alberto Tacca 700,3,1,0,0,2,0,0,"-31.668005760001,-60.717998485439",Calle,,SANTA FE,La Capital,Asfalto,No existe,I,Dentro,Urbana,Otra Señal,No existe,Intersección,Bueno,Buena,Nocturna,Buen Tiempo,Múltiple,S/D,Colisión,Ninguna,Faltante,Cordón divisorio,Sin restricción
2021,4572,2021-07-07,Miercoles,16:00:00,,0.0,2,"Moto/Ciclomotor,Automóvil",9 de Julio Y Bv Pellegrini,3,1,0,0,2,0,0,"-31.635080701526,-60.705886240098",Avenida,,SANTA FE,La Capital,Asfalto,No existe,I,Dentro,Urbana,Otra Señal,Funciona,Intersección,Bueno,Buena,Diurna,Buen Tiempo,Múltiple,S/D,Colisión,Ninguna,Vertical,Cordón divisorio,Sin restricción
2021,4574,2021-08-22,Domingo,05:00:00,,0.0,2,"Transporte de Pasajeros Larga Distancia (Doble Piso),Automóvil",Av. Provincias Unidas Y Av. Eva Perón,26,2,0,3,18,3,0,"-32.93301, -60.71297",Avenida,,ROSARIO,Rosario,Asfalto,No existe,II,Dentro,Urbana,Otra Señal,Funciona,Intersección,Bueno,Buena,Amanecer,Buen Tiempo,Múltiple,S/D,Colisión,Ninguna,S/D,Cordón divisorio,Sin restricción
2021,4575,2021-07-05,Lunes,11:30:00,,0.0,2,"Moto/Ciclomotor,Automóvil",3 de Febrero Y San Jerónimo,2,1,0,0,1,0,0,"-31.657790747301,-60.711261059523",Calle,,SANTA FE,La Capital,Asfalto,No existe,I,Dentro,Urbana,Otra Señal,No existe,Intersección,Bueno,Buena,Diurna,Buen Tiempo,Múltiple,S/D,Colisión,Ninguna,Faltante,Cordón divisorio,Sin restricción
2021,4577,2021-07-05,Lunes,11:25:00,,0.0,2,"Moto/Ciclomotor,Automóvil",Cándido Pujato Y 1ro de Mayo,2,1,0,0,0,0,1,"-31.633385621607,-60.706632366902",Calle,,SANTA FE,La Capital,Asfalto,No existe,I,Dentro,Urbana,Otra Señal,No existe,Intersección,Bueno,Buena,Diurna,Buen Tiempo,Múltiple,S/D,Colisión,Ninguna,Faltante,Cordón divisorio,Sin restricción
2021,4578,2021-07-05,Lunes,11:20:00,,0.0,2,"Moto/Ciclomotor,Automóvil",Av. Leandro Alem Y Belgrano,2,1,0,0,1,0,0,"-31.646696222242,-60.701830918316",Avenida,,SANTA FE,La Capital,Asfalto,No existe,I,Dentro,Urbana,Otra Señal,Funciona,Intersección,Bueno,Buena,Diurna,Buen Tiempo,Múltiple,S/D,Colisión,Ninguna,Faltante,Cordón divisorio,Sin restricción
2021,4580,2021-07-01,Jueves,16:15:00,,0.0,2,"Automóvil,Moto/Ciclomotor",Gaboto Y Londres,3,2,0,0,0,0,1,"-32.968925718288,-60.669604547935",Calle,,ROSARIO,Rosario,Asfalto,No existe,II,Dentro,Urbana,Otra Señal,No existe,Intersección,S/D,S/D,Diurna,S/D,Múltiple,S/D,Colisión,S/D,Faltante,Cordón divisorio,Sin restricción
2021,4581,2021-07-31,Sabado,19:30:00,,0.0,2,"Otros,Moto/Ciclomotor", ,2,1,0,0,1,0,0,"-32.433876, -60.814564",S/D,,GABOTO,San JERÓNIMO,S/D,S/D,XV,Dentro,Urbana,Otra Señal,S/D,Intersección,S/D,S/D,Nocturna,S/D,Múltiple,S/D,Colisión,S/D,S/D,Cordón divisorio,Sin restricción
2021,4582,2021-08-01,Domingo,00:30:00,Ruta Provincial 91,6.1,2,"Moto/Ciclomotor,Automóvil", ,3,0,0,0,1,2,0,"-32.62248, -60.88145",Ruta,91,SERODINO,Iriondo,Asfalto,Natural,X,S/D,Urbana,Otra Señal,No existe,Intersección,Bueno,Reducida,Nocturna,S/D,Múltiple,S/D,Colisión,Ninguna,Faltante,Cordón divisorio,Sin restricción
2021,4583,2021-07-01,Jueves,,,0.0,2,"Automóvil,Moto/Ciclomotor",Lamadrid Y Mariano Moreno,2,1,0,0,1,0,0,"-32.997513802666,-60.662189733716",Calle,,ROSARIO,Rosario,Asfalto,No existe,II,Dentro,Urbana,Otra Señal,No existe,Intersección,S/D,S/D,S/D,S/D,Múltiple,S/D,Colisión,S/D,Vertical,Cordón divisorio,Sin restricción
2021,4584,2021-07-31,Sabado,20:50:00,,0.0,2,"Automóvil,Moto/Ciclomotor",Belgrano Y Cnel. Rodríguez,3,1,0,0,2,0,0,"-31.970175099873,-60.921592377592",Calle,,CORONDA,San JERÓNIMO,Asfalto,No existe,XV,Dentro,Urbana,Otra Señal,No existe,Intersección,Bueno,Buena,Nocturna,S/D,Múltiple,S/D,Colisión,Ninguna,Faltante,Cordón divisorio,Sin restricción
2021,4585,2021-08-06,Viernes,13:25:00,,0.0,2,"Moto/Ciclomotor,Pickup/Utilitario",VICENTE BENÍTEZ ,3,1,0,0,2,0,0,"-28.02495, -61.18721",Calle,,GATO COLORADO,9 de Julio,Ripio,No existe,XII,Dentro,Urbana,Otra Señal,No existe,Intersección,Bueno,Buena,Diurna,Buen Tiempo,Múltiple,S/D,Colisión,Ninguna,Faltante,Cordón divisorio,Sin restricción
2021,4586,2021-07-31,Sabado,21:20:00,,0.0,2,"Automóvil,Moto/Ciclomotor",Belgrano Y French y Berutti,2,1,0,0,1,0,0,"-31.966675112163,-60.921123697572",Calle,,CORONDA,San JERÓNIMO,Asfalto,No existe,XV,Dentro,Urbana,Otra Señal,No existe,Intersección,Bueno,Buena,Nocturna,Buen Tiempo,Múltiple,S/D,Colisión,Ninguna,Faltante,Cordón divisorio,Sin restricción
2021,4587,2021-07-01,Jueves,07:50:00,Ruta Provincial 65,15.0,2,"Automóvil,Tren", ,4,3,0,0,1,0,0,"-32.36460685729977,-61.091634035110",Ruta,65,ESTACIÓN DÍAZ,San JERÓNIMO,Asfalto,Ripio,XV,Dentro,Urbana,Otra Señal,No existe,Intersección,S/D,S/D,Diurna,S/D,Múltiple,S/D,Colisión,S/D,"Horizontal,Vertical",Cordón divisorio,Sin restricción
2021,4588,2021-07-30,Viernes,,,0.0,2,"Pickup/Utilitario,Moto/Ciclomotor", ,2,1,0,0,1,0,0,"-29.888770126179615,-60.28446920965",S/D,,CALCHAQUÍ,Vera,S/D,S/D,XIX,S/D,S/D,Otra Señal,S/D,Intersección,S/D,S/D,S/D,S/D,Múltiple,S/D,Colisión,S/D,S/D,Cordón divisorio,Sin restricción
2021,4589,2021-07-30,Viernes,14:20:00,Ruta Secundaria 40-s,0.0,1,Moto/Ciclomotor, ,1,1,0,0,0,0,0,"-29.056091308593718,-60.42132854461",Ruta,40-s,FORTÍN OLMOS,Vera,Asfalto,S/D,XIX,Dentro,Rural,Otra Señal,S/D,Intersección,S/D,S/D,Diurna,S/D,Múltiple,S/D,Colisión,S/D,S/D,Cordón divisorio,Sin restricción
2021,4590,2021-08-01,Domingo,08:00:00,Ruta Nacional 11,349.0,1,Automóvil, ,3,2,0,0,0,1,0,"-32.59536, -60.84734",Ruta,11,OLIVEROS,Iriondo,Asfalto,Natural,X,S/D,Urbana,Otra Señal,S/D,Intersección,S/D,Buena,Diurna,Buen Tiempo,Múltiple,S/D,Colisión,Ninguna,Faltante,Cordón divisorio,Sin restricción
2021,4591,2021-08-03,Martes,10:40:00,Autopista Provincial Brigadier E.LÓPEZ,19.0,2,"Automóvil,Camión c / Semirremolque", ,2,0,0,0,1,1,0,"-32.72398, -60.7673",Autopista,Brigadier E.LÓPEZ,SAN LORENZO,San Lorenzo,Asfalto,Natural,XVII,S/D,Urbana,Otra Señal,No existe,Intersección,Bueno,Buena,Diurna,Buen Tiempo,Múltiple,S/D,Colisión,Ninguna,Faltante,Cordón divisorio,Sin restricción
2021,4592,2021-08-06,Viernes,12:40:00,,0.0,2,"Moto/Ciclomotor,Camión c / Semirremolque",Gregoria Matorras Y Pedro B Palacios,2,0,0,0,1,1,0,"-32.02646, -61.20515",Calle,,GÁLVEZ,San JERÓNIMO,Tierra,No existe,XV,S/D,Urbana,Otra Señal,No existe,Intersección,S/D,S/D,Diurna,Buen Tiempo,Múltiple,S/D,Colisión,S/D,S/D,Cordón divisorio,Sin restricción
2021,4594,2021-08-07,Sabado,08:15:00,Ruta Secundaria 81-s,45.0,1,Moto/Ciclomotor,Ruta provincial 81 s ,1,0,0,0,0,1,0,"-31.12599, -61.47609",Ruta,81-s,LEHMANN,Castellanos,Tierra,No existe,V,S/D,Rural,Otra Señal,No existe,Intersección,Ahuellamiento,Reducida,Diurna,Buen Tiempo,Múltiple,S/D,Colisión,Ninguna,Faltante,Cordón divisorio,Sin restricción
2021,4595,2021-07-30,Viernes,20:40:00,,0.0,2,"Automóvil,Moto/Ciclomotor",Buenos Aires Y Independencia,2,1,0,0,1,0,0,"-32.053014550405,-61.594451175869",Calle,,CAÑADA ROSQUÍN,San MARTÍN,Asfalto,No existe,XVIII,Dentro,Urbana,Otra Señal,No existe,Intersección,Bueno,Buena,Diurna,Buen Tiempo,Múltiple,S/D,Colisión,Ninguna,Faltante,Cordón divisorio,Sin restricción
2021,4596,2021-03-21,Domingo,15:20:00,Ruta Provincial 1,142.0,1,Automóvil, ,1,1,0,0,0,0,0,"-30.61985, -59.95638",Ruta,1,SAN JAVIER,San Javier,Asfalto,Natural,XIV,S/D,Rural,Otra Señal,No existe,Intersección,Bueno,S/D,Diurna,S/D,Múltiple,S/D,Colisión,S/D,Faltante,Cordón divisorio,Sin restricción
2021,4598,2021-08-08,Domingo,21:30:00,,0.0,2,"Moto/Ciclomotor,Automóvil",Chacabuco Y Ciudad de Súnchales,2,0,0,0,1,1,0,"-31.25145, -61.51135",Calle,,RAFAELA,Castellanos,Asfalto,No existe,V,S/D,Urbana,Otra Señal,No existe,Intersección,Bueno,S/D,Nocturna,Buen Tiempo,Múltiple,S/D,Colisión,S/D,Faltante,Cordón divisorio,Sin restricción
2021,4599,2021-07-30,Viernes,14:20:00,,0.0,2,"Automóvil,Moto/Ciclomotor",Luis Borghi Y Irigoyen,3,1,0,0,2,0,0,"-32.755498053803,-60.736491463507",Calle,,SAN LORENZO,San Lorenzo,Asfalto,No existe,XVII,Dentro,Urbana,Otra Señal,No existe,Intersección,Bueno,S/D,Diurna,Buen Tiempo,Múltiple,S/D,Colisión,Ninguna,Vertical,Cordón divisorio,Sin restricción
2021,4601,2021-07-30,Viernes,23:30:00,Ruta Nacional 11,0.0,2,"Pickup/Utilitario,Moto/Ciclomotor",Av. L de la Torre-Ruta Nac 11 ,2,1,0,0,1,0,0,"-31.96644139506,-60.925552879881",Ruta,11,CORONDA,San JERÓNIMO,Asfalto,Pavimento,XV,Dentro,Urbana,Otra Señal,No existe,Intersección,Bueno,Buena,Nocturna,Buen Tiempo,Múltiple,S/D,Colisión,Ninguna,Horizontal,Cordón divisorio,Sin restricción
2021,4603,2021-07-30,Viernes,17:30:00,,0.0,1,Transporte de Pasajeros Urbano (> 8 asientos),Av. J J Paso Y Saavedra,2,1,0,0,1,0,0,"-31.662021465503,-60.720709003134",Avenida,,SANTA FE,La Capital,Asfalto,No existe,I,Dentro,Urbana,Otra Señal,No existe,Intersección,Bueno,S/D,Diurna,S/D,Múltiple,S/D,Colisión,Ninguna,Horizontal,Cordón divisorio,Sin restricción
2021,4604,2021-07-29,Jueves,11:10:00,,0.0,1,Moto/Ciclomotor,E Zevallos Y Nazareno C Rossi,1,1,0,0,0,0,0,"-32.018862959761,-61.217609433542",Calle,,GÁLVEZ,San JERÓNIMO,S/D,No existe,XV,Dentro,Urbana,Otra Señal,S/D,Intersección,S/D,S/D,Diurna,S/D,Múltiple,S/D,Colisión,S/D,Faltante,Cordón divisorio,Sin restricción
2021,4605,2021-07-29,Jueves,17:20:00,,0.0,2,"Moto/Ciclomotor,Automóvil",Calle 11 Y Calle 26,4,1,0,0,3,0,0,"-32.682643153014,-61.512401185474",Calle,,LAS PAREJAS,Belgrano,Asfalto,No existe,III,Dentro,Urbana,Otra Señal,No existe,Intersección,Bueno,Buena,Diurna,Buen Tiempo,Múltiple,S/D,Colisión,Ninguna,Faltante,Cordón divisorio,Sin restricción
2021,4606,2021-08-08,Domingo,22:20:00,Ruta Nacional 33,677.0,2,"Automóvil,Camión c / Acoplado",Avda.9 de Julio-Ruta Nac 33 ,2,0,0,0,1,1,0,"-33.49895, -61.57786",Ruta,33,FIRMAT,General LÓPEZ,Asfalto,Natural,VIII,S/D,Rural,Otra Señal,No existe,Intersección,Bueno,S/D,Nocturna,S/D,Múltiple,S/D,Colisión,Ninguna,Faltante,Cordón divisorio,Sin restricción
2021,4607,2021-08-10,Martes,20:15:00,Autopista Nacional A008,10.0,1,Automóvil,Mendoza Y Av. Eva Perón,1,0,0,0,0,1,0,"-32.93582, -60.72285",Autopista,A008,ROSARIO,Rosario,Asfalto,S/D,II,S/D,Urbana,Otra Señal,No existe,Intersección,Bueno,S/D,Nocturna,S/D,Múltiple,S/D,Colisión,Ninguna,Faltante,Cordón divisorio,Sin restricción
2021,4608,2021-07-02,Viernes,,,0.0,1,Moto/Ciclomotor, ,2,2,0,0,0,0,0,"-31.6244477760916,-60.6988397800237",S/D,,SANTA FE,La Capital,S/D,S/D,I,S/D,S/D,Otra Señal,S/D,Intersección,S/D,S/D,S/D,S/D,Múltiple,S/D,Colisión,S/D,S/D,Cordón divisorio,Sin restricción
2021,4609,2021-08-11,Miercoles,16:00:00,Ruta Nacional 11,444.0,2,"Moto/Ciclomotor,Camión Chasis",Salta Y Ruta Nac 11,2,0,0,0,1,1,0,"-31.75606, -60.8249",Ruta,11,SAUCE VIEJO,La Capital,Asfalto,Pavimento,I,S/D,Urbana,Otra Señal,No existe,Intersección,Bueno,S/D,Diurna,Buen Tiempo,Múltiple,S/D,Colisión,Ninguna,Horizontal,Cordón divisorio,Sin restricción
2021,4611,2021-08-11,Miercoles,14:50:00,Ruta Nacional 33,569.0,2,"Automóvil,Camión c / Acoplado",Ruta nacional  33 ,3,1,0,0,0,2,0,"-34.11955, -62.41324",Ruta,33,AMENABAR,General LÓPEZ,Asfalto,Natural,VIII,S/D,Rural,Otra Señal,No existe,Intersección,Bueno,S/D,Diurna,Buen Tiempo,Múltiple,S/D,Colisión,"Ninguna,S/D",Faltante,Cordón divisorio,Sin restricción
2021,4612,2021-07-29,Jueves,17:00:00,,0.0,2,"Moto/Ciclomotor,Automóvil",J.Colombres Y Rivarola,2,1,0,0,1,0,0,"-32.966174228332,-60.724752212708",Avenida,,ROSARIO,Rosario,Asfalto,No existe,II,Dentro,Urbana,Otra Señal,No existe,Intersección,Bueno,Buena,Diurna,Buen Tiempo,Múltiple,S/D,Colisión,Ninguna,Horizontal,Cordón divisorio,Sin restricción
2021,4613,2021-07-03,Sabado,21:00:00,,0.0,2,"Pickup/Utilitario,Moto/Ciclomotor",Meyer Y Paraná,2,1,0,0,1,0,0,"-32.861495804439,-61.148079247651",Calle,,CARCARAÑÁ,San Lorenzo,Asfalto,No existe,XVII,Dentro,Urbana,Otra Señal,No existe,Intersección,Bueno,Buena,Diurna,Buen Tiempo,Múltiple,S/D,Colisión,Ninguna,Faltante,Cordón divisorio,Sin restricción
2021,4614,2021-05-03,Lunes,11:15:00,Ruta Secundaria 67-s,0.0,2,"Automóvil,Automóvil", ,7,2,0,0,5,0,0,"-31.33891, -61.81885",Ruta,67-s,SANTA CLARA DE SAGUIER,Castellanos,Tierra,Natural,V,Dentro,Rural,Otra Señal,No existe,Intersección,Bueno,Buena,Diurna,Buen Tiempo,Múltiple,S/D,Colisión,Ninguna,Faltante,Cordón divisorio,Sin restricción
2021,4615,2021-06-30,Miercoles,18:20:00,,0.0,2,"Moto/Ciclomotor,Automóvil",El Ceibo 190,2,1,0,0,1,0,0,"-32.74440905393891,-60.737784965745",Calle,,SAN LORENZO,San Lorenzo,S/D,S/D,XVII,Dentro,Urbana,Otra Señal,S/D,Intersección,S/D,S/D,S/D,S/D,Múltiple,S/D,Colisión,S/D,S/D,Cordón divisorio,Sin restricción
2021,4616,2021-07-03,Sabado,18:20:00,,0.0,2,"Automóvil,Moto/Ciclomotor",El Ceibo 190,2,1,0,0,1,0,0,"-32.705530943656,-60.764968994819",Calle,,PUERTO SAN MARTÍN,San Lorenzo,Asfalto,No existe,XVII,Dentro,Urbana,Otra Señal,No existe,Intersección,Bueno,Buena,Diurna,Buen Tiempo,Múltiple,S/D,Colisión,Ninguna,Faltante,Cordón divisorio,Sin restricción
2021,4617,2021-05-08,Sabado,18:15:00,,0.0,2,"Automóvil,Moto/Ciclomotor",Martin Feirro Y Pedroni,3,2,0,0,1,0,0,"-31.12594, -61.45476",Calle,,LEHMANN,Castellanos,Ripio,No existe,V,Dentro,Urbana,Otra Señal,No existe,Intersección,Bueno,Buena,Diurna,Buen Tiempo,Múltiple,S/D,Colisión,Ninguna,Faltante,Cordón divisorio,Sin restricción
2021,4618,2021-07-29,Jueves,17:40:00,,0.0,2,"Moto/Ciclomotor,Moto/Ciclomotor", ,3,1,0,0,2,0,0,"-31.6244477760916,-60.6988397800237",S/D,,SANTA FE,La Capital,S/D,S/D,I,S/D,S/D,Otra Señal,S/D,Intersección,S/D,S/D,Diurna,S/D,Múltiple,S/D,Colisión,S/D,S/D,Cordón divisorio,Sin restricción
2021,4619,2021-05-19,Miercoles,15:15:00,Ruta Nacional 34,0.0,2,"Camión,Automóvil", ,3,1,0,0,2,0,0,"-30.84503, -61.58223",Ruta,34,TACURAL,Castellanos,Asfalto,Natural,V,Dentro,Rural,Otra Señal,No existe,Intersección,Bueno,Buena,Diurna,Buen Tiempo,Múltiple,S/D,Colisión,Ninguna,"Horizontal,Vertical",Cordón divisorio,Sin restricción
2021,4622,2021-07-03,Sabado,17:35:00,,0.0,2,"Bicicleta,Pickup/Utilitario",Lavalle 422,2,1,0,0,1,0,0,"-32.031101092823,-61.214559892914",Calle,,GÁLVEZ,San JERÓNIMO,Asfalto,No existe,XV,Dentro,Urbana,Otra Señal,No existe,Intersección,Bueno,Buena,Diurna,Buen Tiempo,Múltiple,S/D,Colisión,Ninguna,Faltante,Cordón divisorio,Sin restricción
2021,4623,2021-07-04,Domingo,,,0.0,2,"Automóvil,Moto/Ciclomotor",Av. Peñaloza Y Gorriti,2,1,0,0,1,0,0,"-31.586340218022,-60.71162906314",Avenida,,SANTA FE,La Capital,Asfalto,No existe,I,Dentro,Urbana,Otra Señal,Funciona,Intersección,Bueno,Buena,Diurna,Buen Tiempo,Múltiple,S/D,Colisión,Ninguna,Vertical,Cordón divisorio,Sin restricción
2021,4625,2021-07-04,Domingo,10:25:00,,0.0,1,Automóvil,Doctor Dalfonso 724,1,1,0,0,0,0,0,"-31.860021913669,-61.571438572759",Calle,,SAN MARTIN DE LAS ESCOBAS,San MARTÍN,Asfalto,No existe,XVIII,Dentro,Urbana,Otra Señal,No existe,Intersección,Bueno,Buena,Diurna,Buen Tiempo,Múltiple,S/D,Colisión,Ninguna,Faltante,Cordón divisorio,Sin restricción
2021,4628,2021-07-05,Lunes,21:15:00,,0.0,1,Moto/Ciclomotor,Dr. E Puccio Y Rio Negro,2,2,0,0,0,0,0,"-31.521038958175,-60.678080717099",Calle,,MONTE VERA,La Capital,Ripio,No existe,I,Dentro,Urbana,Otra Señal,No existe,Intersección,Bueno,Buena,Nocturna,Buen Tiempo,Múltiple,S/D,Colisión,Ninguna,Faltante,Cordón divisorio,Sin restricción
2021,4629,2021-07-27,Martes,12:30:00,,0.0,2,"Pickup/Utilitario,Bicicleta",Alberti Y Sarmiento,2,1,0,0,1,0,0,"-32.03154087066647,-61.219446659088",Calle,,GÁLVEZ,San JERÓNIMO,Asfalto,No existe,XV,Dentro,Urbana,Otra Señal,No existe,Intersección,Bueno,Buena,Diurna,Buen Tiempo,Múltiple,Ciclista,Colisión,Ninguna,Faltante,Cordón divisorio,Sin restricción
2021,4630,2021-08-16,Lunes,21:40:00,Autopista Nacional Rosario -Cordoba,352.9,1,Automóvil, ,1,0,0,0,0,1,0,"-32.84357, -61.40773",Autopista,Rosario -Cordoba,CAÑADA DE GÓMEZ,Iriondo,Asfalto,Natural,X,S/D,Rural,Otra Señal,No existe,Intersección,Bueno,S/D,Nocturna,S/D,Múltiple,S/D,Colisión,Ninguna,Faltante,Cordón divisorio,Sin restricción
2021,4631,2021-08-20,Viernes,03:30:00,,0.0,1,Automóvil,Diagonal 8 ,1,0,0,0,0,1,0,"-31.69946, -60.77245",Calle,,SAUCE VIEJO,La Capital,Tierra,No existe,I,S/D,Urbana,Otra Señal,No existe,Intersección,Bueno,S/D,Nocturna,S/D,Múltiple,S/D,Colisión,Ninguna,Faltante,Cordón divisorio,Sin restricción