anio_acci,nro_acci,fecha,desc_dia,hora_aprox,desc_ruta,km,cant_participantes,desc_participante,calle_avenida_km,total,heridos_leves,heridos_graves,heridos_gravisimos,ilesos,fallecidos,sin_datos,posicion_XY,desc_tipo_via,desc_ruta_ori,desc_loc,desc_dpto,desc_tipo_calzada,desc_tipo_banquina,desc_unidad_regional,desc_lugar_calzada,desc_zona,desc_prioridad,desc_estado_semaforo,desc_lugar_via,desc_estado_via,desc_estado_visibilidad,desc_luminosidad,desc_estado_clima,desc_tipo_colision,desc_tipo_atropello,desc_tipo_hecho,desc_pres_calzada,desc_senializacion,desc_separacion_via,desc_restriccion
2021,4633,2021-07-05,Lunes,00:10:00,,0.0,2,"Vehículo Oficial,Automóvil",Boulevard Ovidio Lagos Y Dante Alighieri,2,1,0,0,1,0,0,"-33.045525139366,-61.163446561463",Avenida,,CASILDA,Caseros,Asfalto,No existe,IV,Dentro,Urbana,Otra Señal,No existe,Intersección,Bueno,Buena,Diurna,Buen Tiempo,Múltiple,S/D,Colisión,Ninguna,Vertical,Cordón divisorio,Sin restricción
2021,4634,2021-08-16,Lunes,00:55:00,,0.0,1,Moto/Ciclomotor,Av. Fray Luis Beltrán Y Santa Fe,2,0,0,0,0,2,0,"-32.79299, -60.73313",Avenida,,FRAY LUIS BELTRÁN,San Lorenzo,Asfalto,No existe,XVII,S/D,Urbana,Otra Señal,No existe,Intersección,Bueno,Reducida,Nocturna,Buen Tiempo,Múltiple,S/D,Colisión,S/D,Faltante,Cordón divisorio,Sin restricción
2021,4635,2021-07-05,Lunes,,Ruta Nacional 33,569.0,1,Otros, ,2,1,0,0,1,0,0,"-34.115400, -62.406161",Ruta,33,AMENABAR,General LÓPEZ,Asfalto,Natural,VIII,Dentro,Urbana,Otra Señal,No existe,Intersección,Bueno,Buena,Diurna,Buen Tiempo,Múltiple,S/D,Colisión,Ninguna,Horizontal,Cordón divisorio,Sin restricción
2021,4636,2021-07-05,Lunes,17:40:00,Ruta Nacional 11,0.0,2,"Automóvil,Moto/Ciclomotor",Bv Domingo F Sarmiento Y Bv José M Maciel,2,1,0,0,1,0,0,"-32.454688808063,-60.889610049696",Ruta,11,MACIEL,San JERÓNIMO,Asfalto,No existe,XV,Dentro,Urbana,Otra Señal,No existe,Intersección,Bueno,Buena,Diurna,Buen Tiempo,Múltiple,S/D,Colisión,Ninguna,Faltante,Cordón divisorio,Sin restricción
2021,4637,2021-07-27,Martes,22:00:00,,0.0,2,"Automóvil,Moto/Ciclomotor",Av. Gral. López Y Francia,2,1,0,0,1,0,0,"-31.655731, -60.717563",Avenida,,SANTA FE,La Capital,Asfalto,No existe,I,Dentro,Urbana,Otra Señal,No existe,Intersección,Bueno,Buena,"Nocturna,Con luz artificial",Buen Tiempo,Múltiple,S/D,Colisión,Ninguna,Horizontal,Cordón divisorio,Sin restricción
2021,4639,2021-07-06,Martes,,,0.0,2,"Pickup/Utilitario,Pickup/Utilitario", ,2,1,0,0,1,0,0,"-33.457390, -61.489383",S/D,,FIRMAT,General LÓPEZ,S/D,S/D,VIII,S/D,S/D,Otra Señal,S/D,Intersección,S/D,S/D,S/D,S/D,Múltiple,S/D,Colisión,S/D,S/D,Cordón divisorio,Sin restricción
2021,4640,2021-07-06,Martes,12:00:00,Autopista Provincial Brigadier E.LÓPEZ,3.0,1,Automóvil, ,1,1,0,0,0,0,0,"-32.86134787620136, -60.73208613159",Autopista,Brigadier E.LÓPEZ,GRANADERO BAIGORRIA,Rosario,Asfalto,Natural,XVII,Dentro,Urbana,Otra Señal,No existe,Intersección,Bueno,Buena,Diurna,Buen Tiempo,Múltiple,S/D,Colisión,Ninguna,Horizontal,Cordón divisorio,Sin restricción
2021,4641,2021-07-08,Jueves,,,0.0,2,"Moto/Ciclomotor,Automóvil", ,2,1,0,0,1,0,0,"-31.448825188884307,-60.93028956909",S/D,,ESPERANZA,Las Colonias,S/D,S/D,XI,S/D,S/D,Otra Señal,S/D,Intersección,S/D,S/D,S/D,S/D,Múltiple,S/D,Colisión,S/D,S/D,Cordón divisorio,Sin restricción
2021,4642,2021-07-08,Jueves,10:40:00,,0.0,2,"Moto/Ciclomotor,Moto/Ciclomotor",Bv Centeno Y Dr. Paciello,2,1,0,0,1,0,0,"-32.295850784496,-61.408253372736",Avenida,,CENTENO,San JERÓNIMO,Asfalto,No existe,XV,Dentro,Urbana,Otra Señal,No existe,Intersección,Bueno,Buena,Diurna,Buen Tiempo,Múltiple,S/D,Colisión,Ninguna,Faltante,Cordón divisorio,Sin restricción
2021,4643,2021-07-13,Martes,,,0.0,2,"Pickup/Utilitario,Moto/Ciclomotor", ,2,1,0,0,1,0,0,"-33.45793939517908,-61.488735987735",S/D,,FIRMAT,General LÓPEZ,S/D,S/D,VIII,S/D,S/D,Otra Señal,S/D,Intersección,S/D,S/D,S/D,S/D,Múltiple,S/D,Colisión,S/D,S/D,Cordón divisorio,Sin restricción
2021,4644,2021-07-14,Miercoles,20:05:00,,0.0,1,Moto/Ciclomotor,José de San Martin Y Rivadavia,1,1,0,0,0,0,0,"-31.973817509086,-60.917963092364",Calle,,CORONDA,San JERÓNIMO,Asfalto,No existe,XV,Dentro,Urbana,Otra Señal,No existe,Intersección,S/D,S/D,Nocturna,S/D,Múltiple,S/D,Colisión,S/D,Faltante,Cordón divisorio,Sin restricción
2021,4645,2021-07-26,Lunes,17:20:00,,0.0,2,"Moto/Ciclomotor,Moto/Ciclomotor",Estanislao López Y L de la Torre,3,2,0,0,1,0,0,"-29.463534326496,-60.218868590503",Calle,,VERA,Vera,Asfalto,S/D,XIX,Dentro,Urbana,Otra Señal,S/D,Intersección,S/D,S/D,Diurna,S/D,Múltiple,S/D,Colisión,S/D,S/D,Cordón divisorio,Sin restricción
2021,4647,2021-07-16,Viernes,,,0.0,2,"Automóvil,Moto/Ciclomotor", ,2,1,0,0,1,0,0,"-31.448825188884307,-60.93028956909",S/D,,ESPERANZA,Las Colonias,S/D,S/D,XI,S/D,S/D,Otra Señal,S/D,Intersección,S/D,S/D,S/D,S/D,Múltiple,S/D,Colisión,S/D,S/D,Cordón divisorio,Sin restricción
2021,4648,2021-07-26,Lunes,15:00:00,,0.0,2,"Automóvil,Moto/Ciclomotor",Bv. Oroño 2600,2,1,0,0,1,0,0,"-32.964932368138,-60.658787167277",Avenida,,ROSARIO,Rosario,Asfalto,No existe,II,Dentro,Urbana,Otra Señal,Funciona,Intersección,Bueno,Buena,Diurna,Buen Tiempo,Múltiple,S/D,Colisión,Ninguna,"Horizontal,Vertical",Cordón divisorio,Sin restricción
2021,4649,2021-07-25,Domingo,03:30:00,,0.0,1,Pickup/Utilitario, ,1,1,0,0,0,0,0,"-32.32236771830511,-61.631447423953",Camino Rural,,LOS CARDOS,San MARTÍN,Tierra,S/D,XVIII,Fuera,Rural,Otra Señal,S/D,Intersección,S/D,S/D,S/D,S/D,Múltiple,S/D,Colisión,S/D,S/D,Cordón divisorio,Sin restricción
2021,4650,2021-07-14,Miercoles,10:35:00,Ruta Provincial 64,45.0,1,Transporte de Pasajeros (H/ 8 asientos), ,2,1,0,0,1,0,0,"-31.89772, -61.37947",Ruta,64,LÓPEZ,San JERÓNIMO,S/D,S/D,XV,Dentro,Rural,Otra Señal,S/D,Intersección,S/D,S/D,Diurna,S/D,Múltiple,S/D,Colisión,S/D,S/D,Cordón divisorio,Sin restricción
2021,4651,2021-07-09,Viernes,,,0.0,2,"Camión,Moto/Ciclomotor",Av. Blas Parera Y Chaco,2,1,0,0,1,0,0,"-31.570691470548,-60.729522654902",Avenida,,SANTA FE,La Capital,Asfalto,No existe,I,Dentro,Urbana,Otra Señal,Funciona,Intersección,Bueno,Buena,Diurna,Buen Tiempo,Múltiple,S/D,Colisión,Ninguna,"Horizontal,Vertical",Cordón divisorio,Sin restricción
2021,4652,2021-07-09,Viernes,23:45:00,,0.0,2,"Moto/Ciclomotor,Automóvil",Belgrano 1900,2,1,0,0,1,0,0,"-31.975310221057,-60.922278452978",Calle,,CORONDA,San JERÓNIMO,Asfalto,No existe,XV,Dentro,Urbana,Otra Señal,Funciona,Intersección,Bueno,Buena,Diurna,Buen Tiempo,Múltiple,S/D,Colisión,Ninguna,"Horizontal,Vertical",Cordón divisorio,Sin restricción
2021,4654,2021-07-10,Sabado,,,0.0,2,"Moto/Ciclomotor,Pickup/Utilitario",Boulevard Lisandro de la Torre Y Maipú,3,2,0,0,1,0,0,"-33.052296181663,-61.1788022947",Avenida,,CASILDA,Caseros,Asfalto,No existe,IV,Dentro,Urbana,Otra Señal,No existe,Intersección,Bueno,Buena,Diurna,Buen Tiempo,Múltiple,S/D,Colisión,Ninguna,Faltante,Cordón divisorio,Sin restricción
2021,4657,2021-07-10,Sabado,,,0.0,2,"Automóvil,Automóvil",Ayacucho Y Boulevard Villada,4,1,0,0,3,0,0,"-33.047116318529,-61.184535550109",Avenida,,CASILDA,Caseros,Asfalto,No existe,IV,Dentro,Urbana,Otra Señal,No existe,Intersección,Bueno,Buena,Diurna,Buen Tiempo,Múltiple,S/D,Colisión,Ninguna,Faltante,Cordón divisorio,Sin restricción
2021,4658,2021-07-10,Sabado,19:35:00,Ruta Nacional 34,17.0,1,Pickup/Utilitario, ,3,2,0,0,1,0,0,"-32.80532551319287, -60.86699540393",Ruta,34,LUIS PALACIOS,San Lorenzo,Asfalto,Natural,XVII,Dentro,Rural,Otra Señal,No existe,Intersección,Bueno,Buena,Diurna,Buen Tiempo,Múltiple,S/D,Colisión,Ninguna,Horizontal,Cordón divisorio,Sin restricción
2021,4659,2021-07-25,Domingo,04:30:00,Ruta Provincial 65,0.0,2,"Camión,Camión c / Acoplado",Ruta Nac 34 ,2,1,0,0,1,0,0,"-32.37828075885773,-61.352602243423",Ruta,65,SAN GENARO,San JERÓNIMO,Asfalto,Natural,XV,Dentro,Rural,Otra Señal,No existe,Intersección,Bueno,S/D,Nocturna,Buen Tiempo,Múltiple,S/D,Colisión,Ninguna,"Horizontal,Vertical",Cordón divisorio,Sin restricción
2021,4660,2021-07-10,Sabado,09:50:00,,0.0,2,"Automóvil,Moto/Ciclomotor",Alberdi Y López y Planes,2,1,0,0,1,0,0,"-31.967834646287,-60.919775941129",Calle,,CORONDA,San JERÓNIMO,Ripio,No existe,XV,Dentro,Urbana,Otra Señal,No existe,Intersección,Deteriorada,Buena,Diurna,Buen Tiempo,Múltiple,S/D,Colisión,Ninguna,Faltante,Cordón divisorio,Sin restricción
2021,4662,2021-07-17,Sabado,06:30:00,Ruta Nacional 33,0.0,3,"Moto/Ciclomotor,Automóvil,Transporte de Pasajeros (H/ 8 asientos)",Boulevard 9 de julio Y Boulevard Cristóbal Colon,3,1,0,0,2,0,0,"-33.048198275023,-61.14837628647",Ruta,33,CASILDA,Caseros,Asfalto,No existe,IV,Dentro,Urbana,Otra Señal,Funciona,Intersección,S/D,S/D,Nocturna,S/D,Múltiple,S/D,Colisión,S/D,"Horizontal,Vertical",Cordón divisorio,Sin restricción
2021,4663,2021-07-10,Sabado,18:10:00,,0.0,1,Moto/Ciclomotor,1ro de Mayo Y San Juan,1,1,0,0,0,0,0,"-32.039062862731,-61.224503718716",Calle,,GÁLVEZ,San JERÓNIMO,S/D,No existe,XV,Dentro,Urbana,Otra Señal,S/D,Intersección,S/D,Buena,Diurna,Buen Tiempo,Múltiple,S/D,Colisión,Ninguna,S/D,Cordón divisorio,Sin restricción
2021,4664,2021-07-10,Sabado,11:00:00,Autopista Provincial Brigadier E.LÓPEZ,62.0,1,Automóvil, ,3,1,0,0,2,0,0,"-32.36999505804076, -60.95043807604",Autopista,Brigadier E.LÓPEZ,MONJE,San JERÓNIMO,Asfalto,Pavimento,XV,Dentro,Urbana,Otra Señal,No existe,Intersección,Bueno,Buena,Diurna,Buen Tiempo,Múltiple,S/D,Colisión,Ninguna,Horizontal,Cordón divisorio,Sin restricción
2021,4665,2021-07-25,Domingo,21:40:00,,0.0,2,"Moto/Ciclomotor,Automóvil",Gorriti Y Pje Hermanos Madeo,3,1,0,0,1,0,1,"-31.58562712186,-60.714167918808",Calle,,SANTA FE,La Capital,Asfalto,No existe,I,Dentro,Urbana,Otra Señal,No existe,Intersección,Bueno,Buena,"Nocturna,Con luz artificial",Buen Tiempo,Múltiple,S/D,Colisión,Ninguna,Faltante,Cordón divisorio,Sin restricción
2021,4666,2021-08-20,Viernes,12:00:00,,0.0,2,"Moto/Ciclomotor,Pickup/Utilitario",Juan de Garay Y Maipú,5,0,0,0,4,1,0,"-29.23209, -61.77654",Calle,,TOSTADO,9 de Julio,S/D,S/D,XII,S/D,Urbana,Otra Señal,S/D,Intersección,S/D,S/D,Diurna,S/D,Múltiple,S/D,Colisión,S/D,S/D,Cordón divisorio,Sin restricción
2021,4667,2021-07-11,Domingo,,,0.0,2,"Peatón,Moto/Ciclomotor",Boulevard Lisandro de la Torre Y Boulevard Ovidio Lagos,2,1,0,0,1,0,0,"-33.044589870155,-61.164156852909",Avenida,,CASILDA,Caseros,Asfalto,No existe,IV,Dentro,Urbana,Otra Señal,No existe,Intersección,Bueno,Buena,Diurna,Buen Tiempo,Múltiple,Peatón,Colisión,Ninguna,Horizontal,Cordón divisorio,Sin restricción
2021,4668,2021-07-11,Domingo,05:20:00,,0.0,1,Moto/Ciclomotor,Güemes Y Sáenz PEÑA,1,1,0,0,0,0,0,"-31.981307010732,-60.924755972184",Calle,,CORONDA,San JERÓNIMO,Asfalto,No existe,XV,Dentro,Urbana,Otra Señal,No existe,Intersección,Bueno,Buena,Diurna,Buen Tiempo,Múltiple,S/D,Colisión,Ninguna,Faltante,Cordón divisorio,Sin restricción
2021,4670,2021-07-24,Sabado,17:15:00,Ruta Nacional 11,0.0,2,"Peatón,Moto/Ciclomotor",Av. San Lorenzo Y Florida,2,2,0,0,0,0,0,"-32.82575895169,-60.713523063272",Ruta,11,CAPITÁN BERMÚDEZ,San Lorenzo,Asfalto,No existe,XVII,Dentro,Urbana,Otra Señal,No existe,Intersección,Bueno,S/D,Diurna,S/D,Múltiple,Peatón,Colisión,Ninguna,Faltante,Cordón divisorio,Sin restricción
2021,4671,2021-01-28,Jueves,20:50:00,Ruta Secundaria 80-s,0.0,2,"Camión,Bicicleta", ,2,1,0,0,1,0,0,"-30.89011, -61.34082",Ruta,80-s,HUMBERTO 1°,Castellanos,Asfalto,Natural,V,Dentro,Rural,Otra Señal,No existe,Intersección,Bueno,Buena,Nocturna,Buen Tiempo,Múltiple,S/D,Colisión,Ninguna,Faltante,Cordón divisorio,Sin restricción
2021,4673,2021-07-24,Sabado,02:00:00,,0.0,2,"Automóvil,Moto/Ciclomotor", ,2,1,0,0,1,0,0,"-32.360169800102,-61.336653262529",S/D,,SAN GENARO,San JERÓNIMO,Tierra,No existe,XV,S/D,S/D,Otra Señal,No existe,Intersección,S/D,Buena,Nocturna,S/D,Múltiple,S/D,Colisión,Ninguna,Faltante,Cordón divisorio,Sin restricción
2021,4674,2021-07-18,Domingo,08:45:00,Ruta Provincial 64,36.2,2,"Tren,Camión c / Acoplado", ,3,1,0,0,2,0,0,"-31.91581, -61.2788",Ruta,64,LÓPEZ,San JERÓNIMO,S/D,S/D,XV,Dentro,Rural,Otra Señal,S/D,Intersección,S/D,S/D,Diurna,S/D,Múltiple,S/D,Colisión,S/D,Horizontal,Cordón divisorio,Sin restricción
2021,4675,2021-07-19,Lunes,15:00:00,,0.0,3,"Automóvil,Bicicleta,Bicicleta",Ricchieri Y San Luis,3,2,0,0,1,0,0,"-32.944621557481,-60.663463681791",Calle,,ROSARIO,Rosario,Asfalto,No existe,II,Dentro,Urbana,Otra Señal,No existe,Intersección,S/D,S/D,Diurna,S/D,Múltiple,Ciclista,Colisión,S/D,Horizontal,Cordón divisorio,Sin restricción
2021,4676,2021-07-11,Domingo,18:40:00,Autopista Provincial Brigadier E.LÓPEZ,72.0,1,Pickup/Utilitario, ,1,1,0,0,0,0,0,"-32.28979025542164, -60.97980089093",Autopista,Brigadier E.LÓPEZ,BARRANCAS,San JERÓNIMO,Asfalto,Natural,XV,Dentro,Rural,Otra Señal,No existe,Intersección,Bueno,Buena,Diurna,Buen Tiempo,Múltiple,S/D,Colisión,Ninguna,Horizontal,Cordón divisorio,Sin restricción
2021,4677,2021-07-11,Domingo,,,0.0,2,"Pickup/Utilitario,Moto/Ciclomotor", ,3,2,0,0,1,0,0,"-31.445439248715633, -60.9296196136",S/D,,ESPERANZA,Las Colonias,S/D,S/D,XI,S/D,S/D,Otra Señal,S/D,Intersección,S/D,S/D,S/D,S/D,Múltiple,S/D,Colisión,S/D,S/D,Cordón divisorio,Sin restricción
2021,4678,2021-08-24,Martes,02:50:00,Ruta Nacional 11,860.0,2,"Camión c / Acoplado,Camión c / Acoplado",Ruta Nacional 11 ,3,0,0,0,2,1,0,"-28.57477, -59.37506",Ruta,11,VILLA OCAMPO,General Obligado,Asfalto,Natural,IX,S/D,Rural,Otra Señal,No existe,Intersección,Bueno,S/D,Nocturna,S/D,Múltiple,S/D,Colisión,Ninguna,Faltante,Cordón divisorio,Sin restricción
2021,4679,2021-07-12,Lunes,,,0.0,2,"Pickup/Utilitario,Moto/Ciclomotor", ,2,1,0,0,1,0,0,"-31.445439248715633, -60.9296196136",S/D,,ESPERANZA,Las Colonias,S/D,S/D,XI,S/D,S/D,Otra Señal,S/D,Intersección,S/D,S/D,S/D,S/D,Múltiple,S/D,Colisión,S/D,S/D,Cordón divisorio,Sin restricción
2021,4680,2021-07-12,Lunes,,,0.0,2,"Moto/Ciclomotor,Moto/Ciclomotor", ,3,3,0,0,0,0,0,"-31.445439248715633, -60.9296196136",S/D,,ESPERANZA,Las Colonias,S/D,S/D,XI,S/D,S/D,Otra Señal,S/D,Intersección,S/D,S/D,S/D,S/D,Múltiple,S/D,Colisión,S/D,S/D,Cordón divisorio,Sin restricción
2021,4681,2021-01-30,Sabado,22:00:00,,0.0,2,"Moto/Ciclomotor,Automóvil",Rosario 240,4,3,0,0,1,0,0,"-31.55174, -61.54334",Calle,,ANGÉLICA,Castellanos,Hormigón,No existe,V,Dentro,Urbana,Otra Señal,No existe,Intersección,Bueno,S/D,Nocturna,Buen Tiempo,Múltiple,S/D,Colisión,S/D,S/D,Cordón divisorio,Sin restricción
2021,4682,2021-07-12,Lunes,23:50:00,,0.0,2,"Otros,Moto/Ciclomotor",Av. Francia Y Córdoba,2,1,0,0,1,0,0,"-32.941536033691,-60.665421553116",Avenida,,ROSARIO,Rosario,Asfalto,No existe,II,Dentro,Urbana,Otra Señal,Funciona,Intersección,Bueno,Buena,"Nocturna,Con luz artificial",Buen Tiempo,Múltiple,S/D,Colisión,Ninguna,"Horizontal,Vertical",Cordón divisorio,Sin restricción
2021,4683,2021-01-31,Domingo,21:00:00,Autovía Nacional Rosario -Cordoba,0.0,2,"Automóvil,Tractor", ,4,1,0,0,3,0,0,"-31.44907, -60.93076",Autovía,Rosario -Cordoba,COLONIA CELLO,Castellanos,Asfalto,Natural,V,Dentro,Rural,Otra Señal,No existe,Intersección,Bueno,Reducida,Nocturna,Lluvia,Múltiple,S/D,Colisión,Agua,Horizontal,Cordón divisorio,Sin restricción
2021,4684,2021-08-02,Lunes,22:45:00,Ruta Secundaria 293-s,0.0,1,Moto/Ciclomotor, ,1,1,0,0,0,0,0,"-28.31346, -61.54803",Ruta,293-s,SANTA MARGARITA,9 de Julio,Tierra,Natural,XII,Dentro,Rural,Otra Señal,No existe,Intersección,Otro,Reducida,Nocturna,Otro,Múltiple,S/D,Colisión,Otro,Faltante,Cordón divisorio,Sin restricción
2021,4686,2021-08-25,Miercoles,20:00:00,Ruta Provincial 14,137.0,2,"Moto/Ciclomotor,Pickup/Utilitario", ,2,1,0,0,0,1,0,"-33.8315, -61.77877",Ruta,14,CHAPUY,General LÓPEZ,Asfalto,Pavimento,VIII,S/D,Rural,Otra Señal,No existe,Intersección,Bueno,S/D,Nocturna,S/D,Múltiple,S/D,Colisión,Ninguna,Faltante,Cordón divisorio,Sin restricción
2021,4687,2021-07-19,Lunes,05:15:00,Autopista Provincial Brigadier E.LÓPEZ,110.0,1,Camión c / Acoplado, ,2,1,0,0,1,0,0,"-31.96303, -60.95414",Autopista,Brigadier E.LÓPEZ,CORONDA,San JERÓNIMO,Asfalto,Pavimento,XV,Dentro,Rural,Otra Señal,No existe,Intersección,Bueno,S/D,Nocturna,S/D,Múltiple,S/D,Colisión,S/D,Horizontal,Cordón divisorio,Sin restricción
2021,4688,2021-07-22,Jueves,,,0.0,2,"Moto/Ciclomotor,Moto/Ciclomotor",Azcuénaga 3480,2,1,0,0,1,0,0,"-31.677852588229,-60.777160830015",Calle,,SANTO TOMÉ,La Capital,Asfalto,No existe,I,Dentro,Urbana,Otra Señal,No existe,Intersección,Bueno,Buena,S/D,Buen Tiempo,Múltiple,S/D,Colisión,Ninguna,Faltante,Cordón divisorio,Sin restricción
2021,4689,2021-07-24,Sabado,06:50:00,Ruta Nacional 11,0.0,1,Pickup/Utilitario,Dr. Agote ,7,1,0,0,6,0,0,"-32.228969, -60.981032",Ruta,11,BARRANCAS,San JERÓNIMO,Asfalto,Ripio,XV,Dentro,Urbana,Otra Señal,No existe,Intersección,Bueno,Buena,Amanecer,Buen Tiempo,Múltiple,S/D,Colisión,Ninguna,Horizontal,Cordón divisorio,Sin restricción
2021,4690,2021-07-21,Miercoles,12:00:00,,0.0,2,"Automóvil,Moto/Ciclomotor",Av. Pellegrini Y Colon,2,1,0,0,1,0,0,"-31.889984275307,-61.85822944609",Avenida,,SAN JORGE,San MARTÍN,Asfalto,No existe,XVIII,Dentro,Urbana,Otra Señal,No existe,Intersección,Bueno,Buena,Diurna,Buen Tiempo,Múltiple,S/D,Colisión,Ninguna,Faltante,Cordón divisorio,Sin restricción
2021,4691,2021-07-20,Martes,10:30:00,,0.0,2,"Moto/Ciclomotor,Taxi/Remis",9 de Julio Y Zapata Gollan,2,1,0,0,1,0,0,"-31.619472446137,-60.701315613955",Calle,,SANTA FE,La Capital,Asfalto,No existe,I,Dentro,Urbana,Otra Señal,No existe,Intersección,S/D,S/D,Diurna,S/D,Múltiple,S/D,Colisión,S/D,Vertical,Cordón divisorio,Sin restricción
2021,4694,2021-07-24,Sabado,,,0.0,2,"Moto/Ciclomotor,Moto/Ciclomotor", ,2,2,0,0,0,0,0,"-31.448825188884307,-60.93028956909",S/D,,ESPERANZA,Las Colonias,S/D,S/D,XI,S/D,S/D,Otra Señal,S/D,Intersección,S/D,S/D,S/D,S/D,Múltiple,S/D,Colisión,S/D,S/D,Cordón divisorio,Sin restricción
2021,4695,2021-07-20,Martes,19:05:00,Ruta Nacional 11,335.6,1,Camión c / Semirremolque, ,1,1,0,0,0,0,0,"-31.03398, -60.71387",Ruta,11,EMILIA,La Capital,Asfalto,Natural,I,Dentro,Urbana,Otra Señal,No existe,Intersección,S/D,S/D,Nocturna,S/D,Múltiple,S/D,Colisión,S/D,"Horizontal,Vertical",Cordón divisorio,Sin restricción
2021,4696,2021-07-20,Martes,19:55:00,,0.0,1,Moto/Ciclomotor,Salta 250,1,1,0,0,0,0,0,"-32.037251358028,-61.223002857835",Calle,,GÁLVEZ,San JERÓNIMO,Asfalto,No existe,XV,Dentro,Urbana,Otra Señal,S/D,Intersección,Bueno,Buena,Nocturna,Buen Tiempo,Múltiple,S/D,Colisión,S/D,Faltante,Cordón divisorio,Sin restricción
2021,4697,2021-07-24,Sabado,,,0.0,2,"Moto/Ciclomotor,Automóvil",Lamadrid Y Primera Junta,3,1,0,0,1,0,1,"-31.642674, -60.727605",Calle,,SANTA FE,La Capital,Asfalto,No existe,I,Dentro,Urbana,Otra Señal,No existe,Intersección,Bueno,S/D,S/D,S/D,Múltiple,S/D,Colisión,Ninguna,Faltante,Cordón divisorio,Sin restricción
2021,4698,2021-07-20,Martes,,,0.0,1,Moto/Ciclomotor,Juan Bautista Alberdi 2000,1,1,0,0,0,0,0,"-31.681630, -60.766412",Calle,,SANTO TOMÉ,La Capital,Asfalto,No existe,I,Dentro,Urbana,Otra Señal,Funciona,Intersección,S/D,S/D,S/D,S/D,Múltiple,S/D,Colisión,S/D,Vertical,Cordón divisorio,Sin restricción
2021,4699,2021-07-20,Martes,10:50:00,,0.0,2,"Pickup/Utilitario,Taxi/Remis",Dorrego Y Moreno,2,1,0,0,1,0,0,"-32.027091244508,-61.219014933499",Calle,,GÁLVEZ,San JERÓNIMO,Asfalto,No existe,XV,Dentro,Urbana,Otra Señal,S/D,Intersección,Bueno,Buena,Diurna,Buen Tiempo,Múltiple,S/D,Colisión,Ninguna,S/D,Cordón divisorio,Sin restricción
2021,4700,2021-01-14,Jueves,21:30:00,,0.0,2,"Pickup/Utilitario,Moto/Ciclomotor", ,2,1,0,0,1,0,0,"-29.46548, -60.21299",S/D,,HUMBERTO 1°,Castellanos,Asfalto,Pavimento,V,S/D,S/D,Otra Señal,No existe,Intersección,Bueno,S/D,Nocturna,Buen Tiempo,Múltiple,S/D,Colisión,Ninguna,Faltante,Cordón divisorio,Sin restricción
2021,4701,2021-07-20,Martes,,,0.0,2,"Moto/Ciclomotor,Pickup/Utilitario", ,2,1,0,0,1,0,0,"-31.440411827182295,-61.25966996080",S/D,,PILAR,Las Colonias,S/D,S/D,XI,S/D,S/D,Otra Señal,S/D,Intersección,S/D,S/D,S/D,S/D,Múltiple,S/D,Colisión,S/D,S/D,Cordón divisorio,Sin restricción
2021,4702,2021-07-23,Viernes,,,0.0,2,"Automóvil,Moto/Ciclomotor",French Y Las Heras,2,1,0,0,1,0,0,"-31.594006890337,-60.685051678937",Calle,,SANTA FE,La Capital,"Asfalto,Tierra",No existe,I,Dentro,Urbana,Otra Señal,No existe,Intersección,Bueno,S/D,Diurna,Buen Tiempo,Múltiple,S/D,Colisión,Ninguna,Faltante,Cordón divisorio,Sin restricción
2021,4703,2021-07-20,Martes,22:00:00,,0.0,1,Moto/Ciclomotor,Boulevard Solís ,2,2,0,0,0,0,0,"-33.455883, -61.483979",Avenida,,FIRMAT,General LÓPEZ,S/D,S/D,VIII,Dentro,Urbana,Otra Señal,S/D,Intersección,S/D,S/D,S/D,S/D,Múltiple,S/D,Colisión,S/D,S/D,Cordón divisorio,Sin restricción
2021,4704,2021-07-23,Viernes,,,0.0,2,"Automóvil,Bicicleta", ,2,1,0,0,1,0,0,"-31.448825188884307,-60.93028956909",S/D,,ESPERANZA,Las Colonias,S/D,S/D,XI,S/D,S/D,Otra Señal,S/D,Intersección,S/D,S/D,S/D,S/D,Múltiple,Ciclista,Colisión,S/D,S/D,Cordón divisorio,Sin restricción
2021,4705,2021-07-26,Lunes,,Ruta Nacional 11,582.0,2,"Camión c / Acoplado,Moto/Ciclomotor", ,2,1,0,0,1,0,0,"-30.679900646209685,-60.50413370132",Ruta,11,RAMAYÓN,San Justo,Asfalto,Natural,XVI,Dentro,Rural,Otra Señal,No existe,Intersección,Bueno,Buena,S/D,Buen Tiempo,Múltiple,S/D,Colisión,Ninguna,Horizontal,Cordón divisorio,Sin restricción
2021,4706,2021-07-04,Domingo,,,0.0,6,"Automóvil,Automóvil,Automóvil,Automóvil,Automóvil,Automóvil",CAMINO DE LOS GRANADEROS  Y JUAN PABLO II,8,2,0,0,6,0,0,"-32.885008, -60.710594",Calle,,ROSARIO,Rosario,Asfalto,No existe,II,Dentro,Urbana,Otra Señal,Funciona,Intersección,S/D,S/D,S/D,S/D,Múltiple,S/D,Colisión,S/D,Vertical,Cordón divisorio,Sin restricción
2021,4707,2021-07-19,Lunes,,Autovía Provincial Brigadier E.LÓPEZ,30.0,1,Automóvil, ,1,0,0,1,0,0,0,"-32.649694, -60.823594",Autovía,Brigadier E.LÓPEZ,ANDINO,Iriondo,Asfalto,Natural,X,Fuera,Rural,Otra Señal,No existe,Intersección,Bueno,S/D,S/D,S/D,Múltiple,S/D,Colisión,Ninguna,Horizontal,Cordón divisorio,Sin restricción