anio_acci,nro_acci,fecha,desc_dia,hora_aprox,desc_ruta,km,cant_participantes,desc_participante,calle_avenida_km,total,heridos_leves,heridos_graves,heridos_gravisimos,ilesos,fallecidos,sin_datos,posicion_XY,desc_tipo_via,desc_ruta_ori,desc_loc,desc_dpto,desc_tipo_calzada,desc_tipo_banquina,desc_unidad_regional,desc_lugar_calzada,desc_zona,desc_prioridad,desc_estado_semaforo,desc_lugar_via,desc_estado_via,desc_estado_visibilidad,desc_luminosidad,desc_estado_clima,desc_tipo_colision,desc_tipo_atropello,desc_tipo_hecho,desc_pres_calzada,desc_senializacion,desc_separacion_via,desc_restriccion
2021,4708,2021-07-14,Miercoles,19:20:00,Ruta Nacional 11,0.0,1,Moto/Ciclomotor,Teniente Loza ,2,2,0,0,0,0,0,"-31.562788, -60.756589",Ruta,11,SANTA FE,La Capital,Asfalto,Natural,I,Fuera,Urbana,Otra Señal,No existe,Intersección,Bueno,Buena,Nocturna,Lluvia,Múltiple,S/D,Colisión,Agua,Faltante,Cordón divisorio,Sin restricción
2021,4709,2021-07-24,Sabado,02:00:00,Autopista Nacional Rosario -Cordoba,380.0,2,"Camión c / Acoplado,Pickup/Utilitario", ,4,1,0,0,1,0,2,"-32.81251726792087, -61.58751969034",Autopista,Rosario -Cordoba,ARMSTRONG,Belgrano,Asfalto,Natural,III,Dentro,Urbana,Otra Señal,No existe,Intersección,Bueno,Buena,Nocturna,Buen Tiempo,Múltiple,S/D,Colisión,Ninguna,Horizontal,Cordón divisorio,Sin restricción
2021,4710,2021-07-13,Martes,09:00:00,Autopista Provincial Brigadier E.LÓPEZ,141.0,2,"Pickup/Utilitario,Automóvil", ,3,2,0,0,1,0,0,"-31.681452, -60.807634",Autopista,Brigadier E.LÓPEZ,SANTA FE,La Capital,Asfalto,No existe,I,Dentro,Rural,Otra Señal,No existe,Intersección,Bueno,S/D,Diurna,S/D,Múltiple,S/D,Colisión,Ninguna,Horizontal,Cordón divisorio,Sin restricción
2021,4711,2021-07-04,Domingo,,Ruta Nacional 11,0.0,2,"Automóvil,Bicicleta",Av. San Martin Y Viamonte,2,1,0,0,1,0,0,"-32.869255889325,-60.699890603204",Ruta,11,GRANADERO BAIGORRIA,Rosario,Asfalto,No existe,II,Dentro,Urbana,Otra Señal,Funciona,Intersección,S/D,S/D,S/D,S/D,Múltiple,Ciclista,Colisión,S/D,"Horizontal,Vertical",Cordón divisorio,Sin restricción
2021,4712,2021-07-01,Jueves,17:00:00,,0.0,2,"Moto/Ciclomotor,Moto/Ciclomotor",Boulevard Centenario Y Golianich,2,1,0,0,1,0,0,"-32.815990849713,-61.384696123669",Avenida,,CAÑADA DE GÓMEZ,Iriondo,Asfalto,No existe,X,Dentro,Urbana,Otra Señal,No existe,Intersección,Bueno,Buena,Diurna,Buen Tiempo,Múltiple,S/D,Colisión,Ninguna,Faltante,Cordón divisorio,Sin restricción
2021,4713,2021-07-24,Sabado,,Autopista Nacional A008,0.0,1,Automóvil,Av. Circunvalación Y Mendoza,5,4,0,0,1,0,0,"-32.94051468372347,-60.722406506538",Autopista,A008,ROSARIO,Rosario,Asfalto,No existe,II,Dentro,Urbana,Otra Señal,No existe,Intersección,S/D,S/D,Diurna,S/D,Múltiple,S/D,Colisión,S/D,Horizontal,Cordón divisorio,Sin restricción
2021,4714,2021-07-02,Viernes,11:45:00,,0.0,2,"Automóvil,Moto/Ciclomotor",2 de Abril 0,4,1,0,0,2,0,1,"-33.752179616046,-61.950768806494",Avenida,,VENADO TUERTO,General LÓPEZ,Asfalto,No existe,VIII,Dentro,Urbana,Otra Señal,No existe,Intersección,Bueno,Buena,Diurna,Buen Tiempo,Múltiple,S/D,Colisión,Ninguna,Faltante,Cordón divisorio,Sin restricción
2021,4715,2021-07-02,Viernes,12:40:00,Ruta Nacional 8,0.0,2,"Moto/Ciclomotor,Otros",Ruta Nac 8 Y Vuelta de Obligado,2,1,0,0,0,0,1,"-33.767454230795,-61.964341239014",Ruta,8,VENADO TUERTO,General LÓPEZ,Asfalto,No existe,VIII,Dentro,Urbana,Otra Señal,No existe,Intersección,Bueno,Buena,Diurna,Buen Tiempo,Múltiple,S/D,Colisión,Ninguna,Horizontal,Cordón divisorio,Sin restricción
2021,4716,2021-07-31,Sabado,11:50:00,,0.0,2,"Moto/Ciclomotor,Automóvil",Calle 16 Gral. Obligado 950,3,1,0,0,2,0,0,"-29.147033243084,-59.645258954916",Calle,,RECONQUISTA,General Obligado,Asfalto,No existe,IX,Dentro,Urbana,Otra Señal,No existe,Intersección,S/D,S/D,Diurna,S/D,Múltiple,S/D,Colisión,S/D,Faltante,Cordón divisorio,Sin restricción
2021,4717,2021-07-02,Viernes,13:15:00,,0.0,2,"Moto/Ciclomotor,Moto/Ciclomotor",Carlos Pellegrini Y Gral. Manuel Belgrano,3,2,0,0,0,0,1,"-33.750046530989,-61.963641935006",Calle,,VENADO TUERTO,General LÓPEZ,Asfalto,No existe,VIII,Dentro,Urbana,Otra Señal,No existe,Intersección,Bueno,Buena,Diurna,Buen Tiempo,Múltiple,S/D,Colisión,Ninguna,Vertical,Cordón divisorio,Sin restricción
2021,4718,2021-07-02,Viernes,21:35:00,,0.0,2,"Moto/Ciclomotor,Moto/Ciclomotor",Calle 2-Constituyentes Y Calle 21-Gdor. Iriondo,2,1,0,0,1,0,0,"-29.14850944436,-59.636771554208",Calle,,RECONQUISTA,General Obligado,Tierra,No existe,IX,Dentro,Urbana,Otra Señal,No existe,Intersección,Bueno,Buena,Diurna,Buen Tiempo,Múltiple,S/D,Colisión,Ninguna,Faltante,Cordón divisorio,Sin restricción
2021,4719,2021-07-02,Viernes,21:40:00,Ruta Nacional 11,0.0,1,Moto/Ciclomotor,Calle 1 - Independencia Y Calle 34,1,1,0,0,0,0,0,"-29.13561056144,-59.654856742979",Ruta,11,RECONQUISTA,General Obligado,Asfalto,Pavimento,IX,Dentro,Urbana,Otra Señal,Funciona,Intersección,Bueno,Buena,Diurna,Buen Tiempo,Múltiple,S/D,Colisión,Ninguna,"Horizontal,Vertical",Cordón divisorio,Sin restricción
2021,4720,2021-07-02,Viernes,19:25:00,,0.0,2,"Moto/Ciclomotor,Automóvil",Calle 202 Y Calle 207,2,1,0,0,1,0,0,"-29.10737827628,-59.664695290033",Calle,,AVELLANEDA,General Obligado,S/D,No existe,IX,Dentro,Urbana,Otra Señal,No existe,Intersección,S/D,Buena,Atardecer,Buen Tiempo,Múltiple,S/D,Colisión,S/D,S/D,Cordón divisorio,Sin restricción
2021,4721,2021-08-12,Jueves,12:05:00,,0.0,3,"Moto/Ciclomotor,Automóvil,Camión",Av. de los Trabaj. Ferroviario ,3,1,0,0,2,0,0,"-30.31022, -61.23687",Avenida,,SAN CRISTÓBAL,San CRISTÓBAL,Asfalto,No existe,XIII,S/D,Urbana,Otra Señal,No existe,Intersección,Bueno,Buena,Diurna,Buen Tiempo,Múltiple,S/D,Colisión,Ninguna,Faltante,Cordón divisorio,Sin restricción
2021,4722,2021-07-31,Sabado,12:00:00,Ruta Provincial 70,0.0,2,"Moto/Ciclomotor,Moto/Ciclomotor",Bv Santa Fe Y Gaboto,3,1,0,0,2,0,0,"-31.255122168004,-61.477455527996",Ruta,70,RAFAELA,Castellanos,Asfalto,No existe,V,Dentro,Urbana,Otra Señal,No existe,Intersección,S/D,S/D,Diurna,S/D,Múltiple,S/D,Colisión,S/D,Faltante,Cordón divisorio,Sin restricción
2021,4723,2021-07-31,Sabado,16:20:00,,0.0,2,"Pickup/Utilitario,Moto/Ciclomotor",AVENIDA EVA PERÓN Y DOMINGO PARDAL ,2,1,0,0,1,0,0,"-33.755510772589,-61.948162701302",Avenida,,VENADO TUERTO,General LÓPEZ,Asfalto,No existe,VIII,Dentro,Urbana,Otra Señal,No existe,Intersección,S/D,S/D,Diurna,S/D,Múltiple,S/D,Colisión,S/D,Faltante,Cordón divisorio,Sin restricción
2021,4724,2021-07-03,Sabado,02:00:00,Ruta Provincial 13,252.0,1,Camión, ,2,2,0,0,0,0,0,"-30.493670775958925, -61.2817124046",Ruta,13,CAPIVARA,San CRISTÓBAL,Asfalto,No existe,XIII,Dentro,Rural,Otra Señal,No existe,Intersección,Bueno,Buena,Diurna,Buen Tiempo,Múltiple,S/D,Colisión,Ninguna,Horizontal,Cordón divisorio,Sin restricción
2021,4725,2021-07-31,Sabado,12:00:00,,0.0,2,"Moto/Ciclomotor,Automóvil",E Eterovich Y Falucho,2,1,0,0,1,0,0,"-33.762962676399,-61.947743186223",Calle,,VENADO TUERTO,General LÓPEZ,Tierra,No existe,VIII,Dentro,Urbana,Otra Señal,No existe,Intersección,S/D,S/D,Diurna,S/D,Múltiple,S/D,Colisión,S/D,Faltante,Cordón divisorio,Sin restricción
2021,4727,2021-07-31,Sabado,11:50:00,,0.0,2,"Moto/Ciclomotor,Automóvil",Carlos Pellegrini Y España,2,1,0,0,1,0,0,"-33.747826691867,-61.95954504467",Calle,,VENADO TUERTO,General LÓPEZ,Asfalto,No existe,VIII,Dentro,Urbana,Otra Señal,No existe,Intersección,S/D,S/D,Diurna,S/D,Múltiple,S/D,Colisión,S/D,Faltante,Cordón divisorio,Sin restricción
2021,4730,2021-07-30,Viernes,09:43:00,,0.0,1,Moto/Ciclomotor,López Y Miguel de Azcuénaga,1,1,0,0,0,0,0,"-33.744555372922,-61.973928739609",Calle,,VENADO TUERTO,General LÓPEZ,Asfalto,No existe,VIII,Dentro,Urbana,Otra Señal,No existe,Intersección,S/D,S/D,Diurna,S/D,Múltiple,S/D,Colisión,S/D,Faltante,Cordón divisorio,Sin restricción
2021,4731,2021-07-03,Sabado,,,0.0,2,"Moto/Ciclomotor,Moto/Ciclomotor",Arturo Illia Y Comisario Valentín Kaiser,2,1,0,0,1,0,0,"-31.247345323423,-61.513787942507",Calle,,RAFAELA,Castellanos,Asfalto,No existe,V,Dentro,Urbana,Otra Señal,No existe,Intersección,Bueno,Buena,Diurna,Buen Tiempo,Múltiple,S/D,Colisión,Ninguna,Faltante,Cordón divisorio,Sin restricción
2021,4732,2021-07-30,Viernes,12:31:00,,0.0,1,Otros,Neuquén 700,1,1,0,0,0,0,0,"-33.751014683271,-61.942179229431",Calle,,VENADO TUERTO,General LÓPEZ,Tierra,No existe,VIII,Dentro,Urbana,Otra Señal,No existe,Intersección,S/D,S/D,Diurna,S/D,Múltiple,S/D,Colisión,S/D,Faltante,Cordón divisorio,Sin restricción
2021,4733,2021-07-30,Viernes,19:22:00,,0.0,1,Moto/Ciclomotor,Caparros R Y San Lorenzo,1,1,0,0,0,0,0,"-33.759934557788,-61.948284394589",Calle,,VENADO TUERTO,General LÓPEZ,Tierra,No existe,VIII,Dentro,Urbana,Otra Señal,No existe,Intersección,S/D,S/D,Nocturna,S/D,Múltiple,S/D,Colisión,S/D,Faltante,Cordón divisorio,Sin restricción
2021,4734,2021-07-30,Viernes,21:25:00,,0.0,2,"Automóvil,Automóvil",Gral. Manuel Belgrano Y Maipú,2,1,0,0,1,0,0,"-33.746642215773,-61.966294161073",Calle,,VENADO TUERTO,General LÓPEZ,Asfalto,No existe,VIII,Dentro,Urbana,Otra Señal,No existe,Intersección,S/D,S/D,Nocturna,S/D,Múltiple,S/D,Colisión,S/D,Vertical,Cordón divisorio,Sin restricción
2021,4735,2021-07-03,Sabado,,,0.0,2,"Pickup/Utilitario,Moto/Ciclomotor",Aldao Y Martin Lutter King,2,1,0,0,1,0,0,"-31.495888030848,-60.736472068165",Calle,,RECREO,La Capital,S/D,No existe,I,Dentro,Urbana,Otra Señal,S/D,Intersección,S/D,S/D,S/D,S/D,Múltiple,S/D,Colisión,Ninguna,S/D,Cordón divisorio,Sin restricción
2021,4736,2021-07-29,Jueves,09:00:00,,0.0,2,"Automóvil,Moto/Ciclomotor",Moreno Y Ocampo,2,1,0,0,1,0,0,"-32.818772155186,-61.396473798645",Calle,,CAÑADA DE GÓMEZ,Iriondo,Asfalto,No existe,X,Dentro,Urbana,Otra Señal,No existe,Intersección,S/D,S/D,Diurna,S/D,Múltiple,S/D,Colisión,S/D,Faltante,Cordón divisorio,Sin restricción
2021,4737,2021-07-04,Domingo,14:45:00,Ruta Provincial 70,24.0,1,Pickup/Utilitario, ,3,3,0,0,0,0,0,"-31.433281, -60.968465",Ruta,70,ESPERANZA,Las Colonias,Asfalto,No existe,XI,Dentro,Rural,Otra Señal,No existe,Intersección,Bueno,Buena,Diurna,Buen Tiempo,Múltiple,S/D,Colisión,Ninguna,"Horizontal,Vertical",Cordón divisorio,Sin restricción
2021,4738,2021-07-29,Jueves,09:00:00,Ruta Nacional 11,0.0,2,"Moto/Ciclomotor,Automóvil",BV. HIPÓLITO YRIGOYEN Y IRENEO FACCIOLI,2,1,0,0,1,0,0,"-29.134769, -59.654921",Ruta,11,RECONQUISTA,General Obligado,Asfalto,No existe,IX,Dentro,Urbana,Otra Señal,No existe,Intersección,S/D,S/D,Diurna,S/D,Múltiple,S/D,Colisión,S/D,"Horizontal,Vertical",Cordón divisorio,Sin restricción
2021,4739,2021-07-04,Domingo,19:30:00,Ruta Nacional 11,870.0,2,"Automóvil,Moto/Ciclomotor", ,2,1,0,0,1,0,0,"-28.503383138832906, -59.3464445516",Ruta,11,VILLA OCAMPO,General Obligado,Asfalto,Natural,IX,Dentro,Rural,Otra Señal,No existe,Intersección,Bueno,Buena,Diurna,Buen Tiempo,Múltiple,S/D,Colisión,Ninguna,Horizontal,Cordón divisorio,Sin restricción
2021,4740,2021-07-29,Jueves,10:50:00,,0.0,2,"Automóvil,Bicicleta",Calle 20 9 de Julio Y Calle 47-Islas Malvinas,2,1,0,0,1,0,0,"-29.161224395294,-59.64970884582",Calle,,RECONQUISTA,General Obligado,Asfalto,No existe,IX,Dentro,Urbana,Otra Señal,No existe,Intersección,S/D,S/D,Diurna,S/D,Múltiple,Ciclista,Colisión,S/D,Faltante,Cordón divisorio,Sin restricción
2021,4741,2021-07-04,Domingo,09:10:00,Ruta Nacional 11,405.0,1,Pickup/Utilitario, ,2,2,0,0,0,0,0,"-32.11388843037162, -60.98139997695",Ruta,11,SAN FABIÁN,San JERÓNIMO,Asfalto,Natural,XV,Dentro,Urbana,Otra Señal,No existe,Intersección,Bueno,Buena,Diurna,Buen Tiempo,Múltiple,S/D,Colisión,Ninguna,Horizontal,Cordón divisorio,Sin restricción
2021,4743,2021-07-04,Domingo,,,0.0,1,Automóvil,Islas Malvinas 4200,1,1,0,0,0,0,0,"-32.719795820933,-60.737269847719",Calle,,SAN LORENZO,San Lorenzo,Asfalto,No existe,XVII,Dentro,Urbana,Otra Señal,No existe,Intersección,Bueno,Buena,S/D,Buen Tiempo,Múltiple,S/D,Colisión,Ninguna,S/D,Cordón divisorio,Sin restricción
2021,4744,2021-07-05,Lunes,,,0.0,2,"Automóvil,Moto/Ciclomotor",Av. Doctor E Salva Y Rosario,2,1,0,0,1,0,0,"-31.241665655295,-61.49903495821",Avenida,,RAFAELA,Castellanos,Asfalto,No existe,V,Dentro,Urbana,Otra Señal,No existe,Intersección,Bueno,Buena,Diurna,Buen Tiempo,Múltiple,S/D,Colisión,Ninguna,Faltante,Cordón divisorio,Sin restricción
2021,4745,2021-07-05,Lunes,20:30:00,,0.0,2,"Automóvil,Moto/Ciclomotor",A. Capdevila Y Suipacha,2,1,0,0,1,0,0,"-32.807433899899,-61.395730602332",Calle,,CAÑADA DE GÓMEZ,Iriondo,Tierra,No existe,X,Dentro,Urbana,Otra Señal,No existe,Intersección,Bueno,Buena,Diurna,Buen Tiempo,Múltiple,S/D,Colisión,Ninguna,Faltante,Cordón divisorio,Sin restricción
2021,4746,2021-07-05,Lunes,11:15:00,,0.0,1,Pickup/Utilitario,Guillermo Brown Y Republica de Irlanda,1,1,0,0,0,0,0,"-33.749615187282,-61.987769900401",Calle,,VENADO TUERTO,General LÓPEZ,Tierra,No existe,VIII,Dentro,Urbana,Otra Señal,No existe,Intersección,S/D,Buena,Diurna,Buen Tiempo,Múltiple,S/D,Colisión,Ninguna,Faltante,Cordón divisorio,Sin restricción
2021,4747,2021-08-26,Jueves,15:00:00,Autopista Provincial Brigadier E.LÓPEZ,15.0,2,"Automóvil,Pickup/Utilitario", ,3,1,0,0,0,2,0,"-32.74717, -60.75997",Autopista,Brigadier E.LÓPEZ,SAN LORENZO,San Lorenzo,Asfalto,Pavimento,XVII,S/D,Rural,Otra Señal,No existe,Intersección,Bueno,Reducida humo,Diurna,S/D,Múltiple,S/D,Colisión,Ninguna,Faltante,Cordón divisorio,Sin restricción
2021,4748,2021-07-05,Lunes,14:25:00,,0.0,2,"Pickup/Utilitario,Moto/Ciclomotor",Agüero Y Lisandro de la Torre,2,1,0,0,1,0,0,"-33.741658310587,-61.979224610861",Calle,,VENADO TUERTO,General LÓPEZ,Asfalto,No existe,VIII,Dentro,Urbana,Otra Señal,No existe,Intersección,Bueno,Buena,Diurna,Buen Tiempo,Múltiple,S/D,Colisión,Ninguna,Faltante,Cordón divisorio,Sin restricción
2021,4749,2021-07-05,Lunes,15:35:00,Ruta Nacional 8,0.0,2,"Automóvil,Moto/Ciclomotor",Dr. José Andrés Valdez Y Ruta Nac 8,3,1,0,0,2,0,0,"-33.733758990292,-61.990645904057",Ruta,8,VENADO TUERTO,General LÓPEZ,Asfalto,Ripio,VIII,Dentro,Urbana,Otra Señal,No existe,Intersección,Bueno,Buena,Diurna,Buen Tiempo,Múltiple,S/D,Colisión,Ninguna,Horizontal,Cordón divisorio,Sin restricción
2021,4750,2021-07-06,Martes,10:00:00,,0.0,2,"Automóvil,Moto/Ciclomotor",Garibaldi Y Pavón,2,1,0,0,1,0,0,"-33.750530948645,-61.953849891439",Calle,,VENADO TUERTO,General LÓPEZ,Asfalto,No existe,VIII,Dentro,Urbana,Otra Señal,No existe,Intersección,Bueno,Buena,Diurna,Buen Tiempo,Múltiple,S/D,Colisión,Ninguna,Faltante,Cordón divisorio,Sin restricción
2021,4751,2021-07-06,Martes,11:50:00,,0.0,2,"Automóvil,Moto/Ciclomotor",Bartolomé Mitre Y Gral. Manuel Belgrano,2,1,0,0,1,0,0,"-33.749279961723,-61.964234104211",Calle,,VENADO TUERTO,General LÓPEZ,Asfalto,No existe,VIII,Dentro,Urbana,Otra Señal,No existe,Intersección,Bueno,Buena,Diurna,Buen Tiempo,Múltiple,S/D,Colisión,Ninguna,Faltante,Cordón divisorio,Sin restricción
2021,4752,2021-07-06,Martes,17:25:00,,0.0,2,"Moto/Ciclomotor,Moto/Ciclomotor",José Aufranc Y Junín,3,3,0,0,0,0,0,"-33.73388769098,-61.983771365405",Calle,,VENADO TUERTO,General LÓPEZ,Tierra,No existe,VIII,Dentro,Urbana,Otra Señal,No existe,Intersección,S/D,Buena,Diurna,Buen Tiempo,Múltiple,S/D,Colisión,Ninguna,Faltante,Cordón divisorio,Sin restricción
2021,4753,2021-07-06,Martes,18:50:00,,0.0,1,Moto/Ciclomotor,Lisandro de la Torre 400,2,1,0,0,0,0,1,"-33.752694602709,-61.970548997842",Calle,,VENADO TUERTO,General LÓPEZ,Asfalto,No existe,VIII,Dentro,Urbana,Otra Señal,Funciona,Intersección,Bueno,Buena,Atardecer,Buen Tiempo,Múltiple,S/D,Colisión,Ninguna,Vertical,Cordón divisorio,Sin restricción
2021,4754,2021-07-06,Martes,19:05:00,Ruta Nacional 8,0.0,1,Bicicleta,Hipólito Irigoyen Y Ruta Nac 8,1,1,0,0,0,0,0,"-33.750336202818,-61.977676006226",Ruta,8,VENADO TUERTO,General LÓPEZ,Asfalto,No existe,VIII,Dentro,Urbana,Otra Señal,Funciona,Intersección,Bueno,Buena,Diurna,Buen Tiempo,Múltiple,S/D,Colisión,Ninguna,"Horizontal,Vertical",Cordón divisorio,Sin restricción
2021,4755,2021-07-06,Martes,,,0.0,2,"Automóvil,Moto/Ciclomotor",Las Heras Y Salta,2,1,0,0,1,0,0,"-31.2565656252,-61.484836635665",Calle,,RAFAELA,Castellanos,Asfalto,No existe,V,Dentro,Urbana,Otra Señal,No existe,Intersección,Bueno,Buena,Diurna,Buen Tiempo,Múltiple,S/D,Colisión,Ninguna,Faltante,Cordón divisorio,Sin restricción
2021,4756,2021-07-06,Martes,,,0.0,2,"Automóvil,Moto/Ciclomotor",Bv G L Lehmann Y San Martin,3,2,0,0,1,0,0,"-31.251746661761,-61.491363666609",Avenida,,RAFAELA,Castellanos,Asfalto,No existe,V,Dentro,Urbana,Otra Señal,No existe,Intersección,Bueno,Buena,Amanecer,Buen Tiempo,Múltiple,S/D,Colisión,Ninguna,Horizontal,Cordón divisorio,Sin restricción
2021,4758,2021-07-07,Miercoles,10:20:00,,0.0,2,"Moto/Ciclomotor,Automóvil",Calle 13-Iturraspe Y Calle 28 - San Lorenzo,2,1,0,0,1,0,0,"-29.142473778045,-59.652110442154",Calle,,RECONQUISTA,General Obligado,Asfalto,No existe,IX,Dentro,Urbana,Otra Señal,No existe,Intersección,Deteriorada,Buena,Diurna,Buen Tiempo,Múltiple,S/D,Colisión,Ninguna,Faltante,Cordón divisorio,Sin restricción
2021,4759,2021-08-28,Sabado,05:10:00,Ruta Secundaria 292-s,9.0,1,Moto/Ciclomotor,12 de Octubre Y Av. Eduardo Minetti,2,0,0,0,0,2,0,"-28.62107, -61.63334",Ruta,292-s,VILLA MINETTI,9 de Julio,Asfalto,S/D,XII,S/D,Urbana,Otra Señal,S/D,Intersección,S/D,S/D,Nocturna,S/D,Múltiple,S/D,Colisión,S/D,S/D,Cordón divisorio,Sin restricción
2021,4760,2021-08-08,Domingo,08:50:00,Ruta Provincial 2,0.0,2,"Automóvil,Moto/Ciclomotor", ,4,2,0,0,2,0,0,"-31.51856, -60.67887",Ruta,2,MONTE VERA,La Capital,Hormigón,Natural,I,S/D,S/D,Otra Señal,No existe,Intersección,Bueno,Buena,Diurna,Buen Tiempo,Múltiple,S/D,Colisión,Ninguna,S/D,Cordón divisorio,Sin restricción
2021,4761,2021-07-08,Jueves,10:35:00,,0.0,2,"Pickup/Utilitario,Moto/Ciclomotor",Justo José de Urquiza Y Ricardo Salvadores,2,1,0,0,1,0,0,"-33.755738705881,-61.946284812908",Calle,,VENADO TUERTO,General LÓPEZ,"Asfalto,Ripio",No existe,VIII,Dentro,Urbana,Otra Señal,No existe,Intersección,Bueno,Buena,Diurna,Buen Tiempo,Múltiple,S/D,Colisión,Ninguna,Faltante,Cordón divisorio,Sin restricción
2021,4762,2021-07-08,Jueves,11:55:00,,0.0,2,"Automóvil,Moto/Ciclomotor",Hipólito Irigoyen Y Lisandro de la Torre,2,1,0,0,1,0,0,"-33.748331558362,-61.9739613378",Calle,,VENADO TUERTO,General LÓPEZ,Asfalto,No existe,VIII,Dentro,Urbana,Otra Señal,Funciona,Intersección,Bueno,Buena,Diurna,Buen Tiempo,Múltiple,S/D,Colisión,Ninguna,Vertical,Cordón divisorio,Sin restricción
2021,4763,2021-07-08,Jueves,,,0.0,2,"Bicicleta,Automóvil",Bv Pte. Roca 1290,2,1,0,0,1,0,0,"-31.250599040987,-61.505221246913",Avenida,,RAFAELA,Castellanos,Asfalto,No existe,V,Dentro,Urbana,Otra Señal,Funciona,Intersección,Bueno,Buena,Nocturna,Buen Tiempo,Múltiple,Ciclista,Colisión,Ninguna,"Horizontal,Vertical",Cordón divisorio,Sin restricción
2021,4764,2021-07-08,Jueves,23:15:00,,0.0,2,"Moto/Ciclomotor,Moto/Ciclomotor",Bolívar Y Laínez,2,2,0,0,0,0,0,"-30.95019960323,-61.556900092395",Calle,,SUNCHALES,Castellanos,Asfalto,No existe,V,Dentro,Urbana,Otra Señal,No existe,Intersección,Bueno,Buena,Nocturna,Buen Tiempo,Múltiple,S/D,Colisión,Ninguna,Vertical,Cordón divisorio,Sin restricción
2021,4765,2021-07-08,Jueves,08:00:00,Autopista Nacional A008,0.0,2,"Automóvil,Automóvil",Av. Belgrano 2000,2,2,0,0,0,0,0,"-32.964702348979,-60.621526123871",Autopista,A008,ROSARIO,Rosario,Asfalto,No existe,II,Dentro,Urbana,Otra Señal,No existe,Intersección,Bueno,Buena,Amanecer,Buen Tiempo,Múltiple,S/D,Colisión,Ninguna,Horizontal,Cordón divisorio,Sin restricción
2021,4766,2021-07-09,Viernes,12:10:00,,0.0,1,Automóvil, ,2,2,0,0,0,0,0,"-33.73101645786,-61.942133882902",Calle,,VENADO TUERTO,General LÓPEZ,Tierra,No existe,VIII,Dentro,Urbana,Otra Señal,No existe,Intersección,Bueno,Buena,Diurna,Buen Tiempo,Múltiple,S/D,Colisión,Ninguna,Faltante,Cordón divisorio,Sin restricción
2021,4768,2021-07-27,Martes,,Autopista Nacional A007,9.0,1,Moto/Ciclomotor,Av. Circunvalación Y Entre Ríos,1,1,0,0,0,0,0,,Autopista,A007,SANTA FE,La Capital,Asfalto,Natural,II,Dentro,Urbana,Otra Señal,No existe,Intersección,S/D,S/D,Diurna,S/D,Múltiple,S/D,Colisión,S/D,Horizontal,Cordón divisorio,Sin restricción
2021,4769,2021-07-09,Viernes,,,0.0,1,Bicicleta,25 de Mayo 70,1,1,0,0,0,0,0,"-30.945089650863,-61.565614444034",Calle,,SUNCHALES,Castellanos,Asfalto,No existe,V,Dentro,Urbana,Otra Señal,No existe,Intersección,Bueno,Buena,Diurna,Buen Tiempo,Múltiple,S/D,Colisión,Ninguna,Faltante,Cordón divisorio,Sin restricción
2021,4771,2021-07-09,Viernes,10:30:00,Ruta Provincial 21,5.4,2,"Automóvil,Automóvil", ,2,2,0,0,0,0,0,"-33.05395687322934, -60.60078802517",Ruta,21,ALVEAR,Rosario,Asfalto,Ripio,II,Dentro,Rural,Otra Señal,No existe,Intersección,Bueno,Buena,Diurna,Buen Tiempo,Múltiple,S/D,Colisión,Ninguna,Horizontal,Cordón divisorio,Sin restricción
2021,4772,2021-08-29,Domingo,07:30:00,,0.0,1,Moto/Ciclomotor,Bv. Avellaneda Y Del Valle Iberlucea,2,1,0,0,0,1,0,"-32.91846, -60.674",Calle,,ROSARIO,Rosario,Asfalto,No existe,II,S/D,Urbana,Otra Señal,Funciona,Intersección,Bueno,Buena,Diurna,Buen Tiempo,Múltiple,S/D,Colisión,Ninguna,"Horizontal,Vertical",Cordón divisorio,Sin restricción
2021,4773,2021-07-27,Martes,09:00:00,,0.0,1,Moto/Ciclomotor,Calle 12 San Martin Y Calle 13-Iturraspe,1,1,0,0,0,0,0,"-29.143521572421,-59.642297548549",Calle,,RECONQUISTA,General Obligado,Asfalto,No existe,IX,Dentro,Urbana,Otra Señal,No existe,Intersección,S/D,S/D,Diurna,S/D,Múltiple,S/D,Colisión,S/D,Horizontal,Cordón divisorio,Sin restricción
2021,4774,2021-07-09,Viernes,14:00:00,,0.0,2,"Taxi/Remis,Moto/Ciclomotor",Gdor. Crespo Y Juan Diaz de Solís,3,2,0,0,1,0,0,"-31.63782491807,-60.724733516953",Calle,,SANTA FE,La Capital,Asfalto,No existe,I,Dentro,Urbana,Otra Señal,No existe,Intersección,Bueno,Buena,Diurna,Buen Tiempo,Múltiple,S/D,Colisión,Ninguna,Faltante,Cordón divisorio,Sin restricción
2021,4775,2021-07-10,Sabado,,Ruta Nacional 34,179.0,1,Automóvil, ,3,3,0,0,0,0,0,"-31.61653558271326, -61.54718705032",Ruta,34,SUNCHALES,Castellanos,Asfalto,Ripio,V,Dentro,Urbana,Otra Señal,No existe,Intersección,Bueno,Buena,Diurna,Buen Tiempo,Múltiple,S/D,Colisión,Ninguna,Horizontal,Cordón divisorio,Sin restricción