anio_acci,nro_acci,fecha,desc_dia,hora_aprox,desc_ruta,km,cant_participantes,desc_participante,calle_avenida_km,total,heridos_leves,heridos_graves,heridos_gravisimos,ilesos,fallecidos,sin_datos,posicion_XY,desc_tipo_via,desc_ruta_ori,desc_loc,desc_dpto,desc_tipo_calzada,desc_tipo_banquina,desc_unidad_regional,desc_lugar_calzada,desc_zona,desc_prioridad,desc_estado_semaforo,desc_lugar_via,desc_estado_via,desc_estado_visibilidad,desc_luminosidad,desc_estado_clima,desc_tipo_colision,desc_tipo_atropello,desc_tipo_hecho,desc_pres_calzada,desc_senializacion,desc_separacion_via,desc_restriccion
2021,4776,2021-07-13,Martes,17:00:00,,0.0,2,"Moto/Ciclomotor,Moto/Ciclomotor",Hugo Steritz Y Pedro Barberis,2,2,0,0,0,0,0,"-33.736712821223,-61.951011920277",Calle,,VENADO TUERTO,General LÓPEZ,Ripio,No existe,VIII,Dentro,Urbana,Otra Señal,No existe,Intersección,Deteriorada,Buena,Diurna,Buen Tiempo,Múltiple,S/D,Colisión,Ninguna,Faltante,Cordón divisorio,Sin restricción
2021,4777,2021-07-27,Martes,,,0.0,2,"Moto/Ciclomotor,Automóvil",1ro de Mayo Y General Paz,3,2,0,0,1,0,0,"-31.24753922224045,-61.479913294315",Calle,,RAFAELA,Castellanos,Asfalto,No existe,V,Dentro,Urbana,Otra Señal,No existe,Intersección,S/D,S/D,S/D,S/D,Múltiple,S/D,Colisión,S/D,Horizontal,Cordón divisorio,Sin restricción
2021,4778,2021-07-27,Martes,,,0.0,2,"Bicicleta,Automóvil",Necochea Y Salta,2,1,0,0,1,0,0,"-31.255648517291,-61.484601836056",Calle,,RAFAELA,Castellanos,Asfalto,No existe,V,Dentro,Urbana,Otra Señal,No existe,Intersección,S/D,S/D,S/D,S/D,Múltiple,Ciclista,Colisión,S/D,Faltante,Cordón divisorio,Sin restricción
2021,4779,2021-08-29,Domingo,23:45:00,,0.0,1,Moto/Ciclomotor,Calle 1706 Y Calle 1709,1,0,0,0,0,1,0,"-32.96109, -60.728",Calle,,ROSARIO,Rosario,"Asfalto,Tierra",No existe,II,S/D,Urbana,Otra Señal,No existe,Intersección,Bueno,S/D,Nocturna,S/D,Múltiple,S/D,Colisión,Ninguna,Faltante,Cordón divisorio,Sin restricción
2021,4780,2021-07-15,Jueves,16:55:00,,0.0,1,Moto/Ciclomotor,PUJATO 250,3,3,0,0,0,0,0,"-33.759048992893,-61.94127684576",Calle,,VENADO TUERTO,General LÓPEZ,"Asfalto,Ripio",No existe,VIII,Dentro,Rural,Otra Señal,No existe,Intersección,Bueno,Buena,Nocturna,Buen Tiempo,Múltiple,S/D,Colisión,Ninguna,Faltante,Cordón divisorio,Sin restricción
2021,4781,2021-07-26,Lunes,,Autopista Nacional Gral. Juan Jose Valle,335.0,1,Camión, ,1,1,0,0,0,0,0,"-32.8858, -61.1179",Autopista,Gral. Juan Jose Valle,CAÑADA DE GÓMEZ,Iriondo,Asfalto,Natural,X,Dentro,Rural,Otra Señal,No existe,Intersección,S/D,S/D,S/D,S/D,Múltiple,S/D,Colisión,S/D,Horizontal,Cordón divisorio,Sin restricción
2021,4782,2021-07-15,Jueves,16:55:00,,0.0,2,"Moto/Ciclomotor,Automóvil",Balcarce Y P Avanthay,2,1,0,0,1,0,0,"-31.243910458416,-61.498703065098",Calle,,RAFAELA,Castellanos,Asfalto,No existe,V,Dentro,Urbana,Otra Señal,No existe,Intersección,Bueno,Buena,Diurna,Buen Tiempo,Múltiple,S/D,Colisión,Ninguna,Faltante,Cordón divisorio,Sin restricción
2021,4783,2021-07-26,Lunes,06:15:00,,0.0,2,"Moto/Ciclomotor,Pickup/Utilitario",Calle 44-27 de Abril Y Calle 57-Prof Roberto Roveda,2,1,0,0,1,0,0,"-29.163817225345,-59.665190487325",Calle,,RECONQUISTA,General Obligado,S/D,No existe,IX,Dentro,Urbana,Otra Señal,S/D,Intersección,S/D,S/D,Nocturna,S/D,Múltiple,S/D,Colisión,S/D,S/D,Cordón divisorio,Sin restricción
2021,4784,2021-07-15,Jueves,,,0.0,2,"Moto/Ciclomotor,Bicicleta",Carlos Pellegrini Y Perú,2,2,0,0,0,0,0,"-31.245879185977,-61.504249858143",Calle,,RAFAELA,Castellanos,Asfalto,No existe,VIII,Dentro,Urbana,Otra Señal,Funciona,Intersección,Bueno,Buena,Diurna,Buen Tiempo,Múltiple,Ciclista,Colisión,Ninguna,"Horizontal,Vertical",Cordón divisorio,Sin restricción
2021,4785,2021-07-26,Lunes,18:15:00,,0.0,2,"Bicicleta,Automóvil",Calle 10-Ludueña Y Calle 17-Bartolome Mitre,2,1,0,0,1,0,0,"-29.145806146534,-59.64135441156",Calle,,RECONQUISTA,General Obligado,Asfalto,No existe,IX,Dentro,Urbana,Otra Señal,No existe,Intersección,S/D,S/D,Diurna,S/D,Múltiple,Ciclista,Colisión,S/D,Faltante,Cordón divisorio,Sin restricción
2021,4786,2021-07-15,Jueves,,Ruta Nacional 34,273.0,1,Camión, ,1,1,0,0,0,0,0,"-30.831335896774124, -61.5915486012",Ruta,34,TACURAL,Castellanos,Asfalto,Ripio,V,Dentro,Rural,Otra Señal,No existe,Intersección,Bueno,Buena,Nocturna,Buen Tiempo,Múltiple,S/D,Colisión,Ninguna,Horizontal,Cordón divisorio,Sin restricción
2021,4788,2021-07-26,Lunes,,,0.0,2,"Bicicleta,Camión",Bv Jaime Ferre Y Progreso,2,1,0,0,1,0,0,"-31.239392239325,-61.485129383868",Avenida,,RAFAELA,Castellanos,Asfalto,No existe,V,Dentro,Urbana,Otra Señal,No existe,Intersección,S/D,S/D,S/D,S/D,Múltiple,Ciclista,Colisión,S/D,Vertical,Cordón divisorio,Sin restricción
2021,4789,2021-07-26,Lunes,17:05:00,,0.0,1,Moto/Ciclomotor,G Di Martino Y Falucho,1,1,0,0,0,0,0,"-33.761539077703,-61.948849509755",Calle,,VENADO TUERTO,General LÓPEZ,Tierra,No existe,VIII,Dentro,Urbana,Otra Señal,No existe,Intersección,S/D,S/D,Diurna,S/D,Múltiple,S/D,Colisión,S/D,Faltante,Cordón divisorio,Sin restricción
2021,4790,2021-07-26,Lunes,17:05:00,,0.0,2,"Automóvil,Bicicleta",Cristóbal Colon Y Junín,2,1,0,0,1,0,0,"-33.744265770558,-61.975691594895",Calle,,VENADO TUERTO,General LÓPEZ,Asfalto,No existe,VIII,Dentro,Urbana,Otra Señal,No existe,Intersección,S/D,S/D,Diurna,S/D,Múltiple,Ciclista,Colisión,S/D,Faltante,Cordón divisorio,Sin restricción
2021,4791,2021-07-26,Lunes,15:02:00,,0.0,2,"Moto/Ciclomotor,Camión",Brett S Y Falucho,4,1,0,0,3,0,0,"-33.758869518249,-61.950941973673",Calle,,VENADO TUERTO,General LÓPEZ,Asfalto,No existe,VIII,Dentro,Urbana,Otra Señal,No existe,Intersección,S/D,S/D,Diurna,S/D,Múltiple,S/D,Colisión,S/D,Faltante,Cordón divisorio,Sin restricción
2021,4792,2021-07-15,Jueves,23:00:00,Ruta Nacional 34,253.0,2,"Automóvil,Automóvil", ,4,1,0,0,2,0,1,"-30.99064696801429, -61.50056437565",Ruta,34,SUNCHALES,Castellanos,Asfalto,Natural,V,Dentro,Urbana,Otra Señal,No existe,Intersección,Bueno,S/D,Nocturna,Buen Tiempo,Múltiple,S/D,Colisión,Ninguna,Horizontal,Cordón divisorio,Sin restricción
2021,4793,2021-07-25,Domingo,,Ruta Nacional 11,0.0,1,Automóvil,Calle 131 Raúl Carussi Y Ruta Nacional 11,7,7,0,0,0,0,0,"-29.189886, -59.688627",Ruta,11,RECONQUISTA,General Obligado,Asfalto,Pavimento,IX,Dentro,Urbana,Otra Señal,No existe,Intersección,S/D,S/D,Diurna,S/D,Múltiple,S/D,Colisión,S/D,Horizontal,Cordón divisorio,Sin restricción
2021,4794,2021-07-15,Jueves,18:45:00,,0.0,1,Moto/Ciclomotor,13 de Mayo Y 25 de Mayo,1,1,0,0,0,0,0,"-31.729582646743,-61.087963913265",Calle,,SAN CARLOS CENTRO,Las Colonias,S/D,S/D,XI,Dentro,Urbana,Otra Señal,S/D,Intersección,S/D,Buena,Atardecer,S/D,Múltiple,S/D,Colisión,S/D,S/D,Cordón divisorio,Sin restricción
2021,4795,2021-07-16,Viernes,,,0.0,1,Automóvil,500 Millas Argentinas Y Pbro Emiliano Cerdán,1,1,0,0,0,0,0,"-31.23061269044,-61.507654710641",Calle,,RAFAELA,Castellanos,Ripio,No existe,V,Dentro,Urbana,Otra Señal,No existe,Intersección,Deteriorada,Buena,Diurna,Buen Tiempo,Múltiple,S/D,Colisión,S/D,Faltante,Cordón divisorio,Sin restricción
2021,4797,2021-07-25,Domingo,,Ruta Provincial 70,29.0,1,Automóvil, ,3,3,0,0,0,0,0,"-31.42186, -61.01708",Ruta,70,ESPERANZA,Las Colonias,Asfalto,Natural,XI,Dentro,Rural,Otra Señal,No existe,Intersección,S/D,S/D,S/D,S/D,Múltiple,S/D,Colisión,S/D,Horizontal,Cordón divisorio,Sin restricción
2021,4798,2021-07-16,Viernes,,Ruta Nacional 34,0.0,2,"Camión,Moto/Ciclomotor",Av. Dr. E Salva Y Ruta Nac 34 Gral. Güemes,2,1,0,0,1,0,0,"-31.240741845065,-61.504394072739",Ruta,34,RAFAELA,Castellanos,Asfalto,No existe,V,Dentro,Urbana,Otra Señal,Funciona,Intersección,Bueno,Buena,Amanecer,Buen Tiempo,Múltiple,S/D,Colisión,Ninguna,"Horizontal,Vertical",Cordón divisorio,Sin restricción
2021,4799,2021-07-24,Sabado,,Ruta Provincial 2,144.0,1,Automóvil, ,4,4,0,0,0,0,0,"-30.517690, -60.794886",Ruta,2,VILLA SARALEGUI,San CRISTÓBAL,Tierra,Natural,XIII,Dentro,Rural,Otra Señal,No existe,Intersección,Bueno,S/D,Atardecer,S/D,Múltiple,S/D,Colisión,Ninguna,Faltante,Cordón divisorio,Sin restricción
2021,4800,2021-07-16,Viernes,13:00:00,,0.0,2,"Moto/Ciclomotor,Moto/Ciclomotor",José Aufranc Y Mariano Moreno,3,3,0,0,0,0,0,"-33.732202651608,-61.980652583346",Calle,,VENADO TUERTO,General LÓPEZ,Asfalto,No existe,VIII,Dentro,Urbana,Otra Señal,No existe,Intersección,Bueno,Buena,Diurna,Buen Tiempo,Múltiple,S/D,Colisión,Ninguna,Faltante,Cordón divisorio,Sin restricción
2021,4801,2021-07-17,Sabado,17:15:00,,0.0,2,"Moto/Ciclomotor,Moto/Ciclomotor",Balcarce Y Piacenza,2,2,0,0,0,0,0,"-33.730965224827,-61.968698097477",Calle,,VENADO TUERTO,General LÓPEZ,Ripio,No existe,VIII,Dentro,Urbana,Otra Señal,No existe,Intersección,Bueno,Buena,Diurna,Buen Tiempo,Múltiple,S/D,Colisión,Ninguna,Faltante,Cordón divisorio,Sin restricción
2021,4802,2021-07-24,Sabado,,Ruta Secundaria 96-s,31.0,1,Automóvil, ,2,2,0,0,0,0,0,"-28.911915930970, -59.838897891400",Ruta,96-s,LA SARITA,General Obligado,Ripio,S/D,IX,Fuera,Rural,Otra Señal,S/D,Intersección,S/D,S/D,Atardecer,S/D,Múltiple,S/D,Colisión,S/D,S/D,Cordón divisorio,Sin restricción
2021,4803,2021-07-18,Domingo,04:35:00,,0.0,1,Moto/Ciclomotor,Tomas Alva Edison 800,1,1,0,0,0,0,0,"-33.750704771317,-61.976049726912",Calle,,VENADO TUERTO,General LÓPEZ,Asfalto,No existe,VIII,Dentro,Urbana,Otra Señal,No existe,Intersección,Bueno,Buena,Nocturna,Buen Tiempo,Múltiple,S/D,Colisión,Ninguna,Faltante,Cordón divisorio,Sin restricción
2021,4804,2021-07-17,Sabado,11:00:00,,0.0,2,"Pickup/Utilitario,Moto/Ciclomotor",Calle 30-Lucas Funes Y Calle 47-Islas Malvinas,3,2,0,0,1,0,0,"-29.160519571299,-59.656248466903",Calle,,RECONQUISTA,General Obligado,Asfalto,No existe,IX,Dentro,Urbana,Otra Señal,No existe,Intersección,Bueno,Buena,Diurna,Buen Tiempo,Múltiple,S/D,Colisión,Ninguna,Faltante,Cordón divisorio,Sin restricción
2021,4805,2021-07-24,Sabado,17:15:00,,0.0,2,"Pickup/Utilitario,Moto/Ciclomotor",Calle 24 - Olessio Y Calle 71-Nicaragua,2,1,0,0,1,0,0,"-29.170684665939,-59.653428810618",Calle,,RECONQUISTA,General Obligado,"Asfalto,Tierra",No existe,IX,Dentro,Urbana,Otra Señal,No existe,Intersección,Bueno,Buena,Diurna,Buen Tiempo,Múltiple,S/D,Colisión,Ninguna,Faltante,Cordón divisorio,Sin restricción
2021,4806,2021-07-17,Sabado,18:15:00,,0.0,2,"Moto/Ciclomotor,Camión",9 de Julio Y Bv Urquiza,2,1,0,0,1,0,0,"-28.492764229575,-59.35295936155",Avenida,,VILLA OCAMPO,General Obligado,Asfalto,No existe,IX,Dentro,Urbana,Otra Señal,S/D,Intersección,Bueno,Buena,Diurna,Buen Tiempo,Múltiple,S/D,Colisión,Ninguna,S/D,Cordón divisorio,Sin restricción
2021,4808,2021-07-18,Domingo,19:45:00,,0.0,1,Automóvil, ,3,3,0,0,0,0,0,"-28.703997, -59.536274",Camino Rural,,ARROYO CEIBAL,General Obligado,S/D,S/D,IX,Dentro,Rural,Otra Señal,S/D,Intersección,Ahuellamiento,S/D,S/D,S/D,Múltiple,S/D,Colisión,S/D,S/D,Cordón divisorio,Sin restricción
2021,4809,2021-07-24,Sabado,22:30:00,,0.0,1,Moto/Ciclomotor,Agüero Y Coronel Dorrego,1,1,0,0,0,0,0,"-33.742173, -61.980161",Calle,,VENADO TUERTO,General LÓPEZ,Tierra,No existe,VII,Dentro,Urbana,Otra Señal,No existe,Intersección,Bueno,S/D,Nocturna,Buen Tiempo,Múltiple,S/D,Colisión,Ninguna,Faltante,Cordón divisorio,Sin restricción
2021,4810,2021-07-19,Lunes,,Ruta Nacional 34,242.0,2,"Automóvil,Automóvil", ,2,2,0,0,0,0,0,"-31.081760114935893, -61.4630032671",Ruta,34,LEHMANN,Castellanos,Asfalto,Natural,V,Dentro,Rural,Otra Señal,No existe,Intersección,Bueno,Buena,Diurna,Buen Tiempo,Múltiple,S/D,Colisión,Ninguna,Faltante,Cordón divisorio,Sin restricción
2021,4811,2021-07-24,Sabado,18:05:00,,0.0,2,"Bicicleta,Bicicleta",Juan Carlos Alberdi Y Ituzaingó,2,2,0,0,0,0,0,"-33.755925333559,-61.966069110212",Calle,,VENADO TUERTO,General LÓPEZ,Asfalto,No existe,VIII,Dentro,Urbana,Otra Señal,No existe,Intersección,Bueno,Buena,Diurna,Buen Tiempo,Múltiple,Ciclista,Colisión,Ninguna,Faltante,Cordón divisorio,Sin restricción
2021,4812,2021-07-19,Lunes,18:00:00,,0.0,2,"Automóvil,Moto/Ciclomotor",España Y Piacenza,2,1,0,0,1,0,0,"-33.732471376571,-61.97146729495",Calle,,VENADO TUERTO,General LÓPEZ,Asfalto,No existe,VIII,Dentro,Urbana,Otra Señal,No existe,Intersección,Bueno,Buena,Diurna,Buen Tiempo,Múltiple,S/D,Colisión,Ninguna,Faltante,Cordón divisorio,Sin restricción
2021,4813,2021-07-19,Lunes,11:40:00,,0.0,2,"Pickup/Utilitario,Moto/Ciclomotor",Derqui 2300,2,1,0,0,1,0,0,"-32.808670341432,-61.411700206592",Calle,,CAÑADA DE GÓMEZ,Iriondo,Asfalto,No existe,X,Dentro,Urbana,Otra Señal,No existe,Intersección,Bueno,Buena,Diurna,Buen Tiempo,Múltiple,S/D,Colisión,Ninguna,Faltante,Cordón divisorio,Sin restricción
2021,4814,2021-07-24,Sabado,16:20:00,,0.0,2,"Moto/Ciclomotor,Moto/Ciclomotor",CORNELIO SAAVEDRA Y MARCONI,3,1,0,0,2,0,0,"-33.743195257175,-61.964548497779",Avenida,,VENADO TUERTO,General LÓPEZ,Asfalto,No existe,VIII,Dentro,Urbana,Otra Señal,No existe,Intersección,Bueno,Buena,Diurna,Buen Tiempo,Múltiple,S/D,Colisión,Ninguna,Faltante,Cordón divisorio,Sin restricción
2021,4815,2021-07-24,Sabado,12:42:00,,0.0,1,Bicicleta,Casey Y Carlos Pellegrini,1,1,0,0,0,0,0,"-33.750633486806,-61.964707384521",Calle,,VENADO TUERTO,General LÓPEZ,Asfalto,No existe,VIII,Dentro,Urbana,Otra Señal,No existe,Intersección,Bueno,S/D,Diurna,S/D,Múltiple,S/D,Colisión,Ninguna,Faltante,Cordón divisorio,Sin restricción
2021,4816,2021-07-24,Sabado,12:20:00,,0.0,2,"Camión,Pickup/Utilitario",AV OVIDIO LAGOS Y PTE. PERÓN ,4,1,0,0,3,0,0,"-33.7580573558807,-61.9717097282408",Avenida,,VENADO TUERTO,General LÓPEZ,Asfalto,No existe,VII,Dentro,Urbana,Otra Señal,No existe,Intersección,Bueno,Buena,Diurna,Buen Tiempo,Múltiple,S/D,Colisión,Ninguna,"Horizontal,Vertical",Cordón divisorio,Sin restricción
2021,4817,2021-07-20,Martes,21:15:00,,0.0,3,"Automóvil,Moto/Ciclomotor,Moto/Ciclomotor",Cristóbal Colon Y Juan José Castelli,6,4,0,0,2,0,0,"-33.740273636357,-61.968301212166",Calle,,VENADO TUERTO,General LÓPEZ,Asfalto,No existe,VIII,Dentro,Urbana,Otra Señal,No existe,Intersección,Bueno,Buena,Nocturna,Buen Tiempo,Múltiple,S/D,Colisión,Ninguna,Faltante,Cordón divisorio,Sin restricción
2021,4818,2021-07-20,Martes,09:45:00,,0.0,2,"Automóvil,Bicicleta",Garibaldi Y Leandro N Alem,2,1,0,0,1,0,0,"-33.754708780624,-61.961519932645",Calle,,VENADO TUERTO,General LÓPEZ,Asfalto,No existe,VIII,Dentro,Urbana,Otra Señal,No existe,Intersección,Bueno,Buena,Diurna,Buen Tiempo,Múltiple,Ciclista,Colisión,Ninguna,Vertical,Cordón divisorio,Sin restricción
2021,4819,2021-07-20,Martes,,,0.0,1,Automóvil,Las Colonias 800,2,1,0,0,1,0,0,"-31.251037080682,-61.456120256741",Calle,,RAFAELA,Castellanos,Asfalto,No existe,V,Dentro,Urbana,Otra Señal,No existe,Intersección,Bueno,Buena,S/D,Buen Tiempo,Múltiple,S/D,Colisión,Ninguna,Horizontal,Cordón divisorio,Sin restricción
2021,4821,2021-07-20,Martes,22:00:00,,0.0,2,"Moto/Ciclomotor,Pickup/Utilitario", ,2,1,0,0,1,0,0,"-31.252602597026517,-61.49170014577",S/D,,RAFAELA,Castellanos,S/D,S/D,V,S/D,S/D,Otra Señal,S/D,Intersección,S/D,S/D,Nocturna,S/D,Múltiple,S/D,Colisión,S/D,S/D,Cordón divisorio,Sin restricción
2021,4822,2021-07-20,Martes,16:15:00,Ruta Provincial 31,4.0,2,"Automóvil,Bicicleta", ,2,1,0,0,1,0,0,"-29.06452516449213, -59.65707117916",Ruta,31,AVELLANEDA,General Obligado,Asfalto,Pavimento,VIII,Dentro,Urbana,Otra Señal,No existe,Intersección,Bueno,Buena,Diurna,Buen Tiempo,Múltiple,Ciclista,Colisión,Ninguna,Horizontal,Cordón divisorio,Sin restricción
2021,4823,2021-07-24,Sabado,04:40:00,,0.0,2,"Automóvil,Moto/Ciclomotor",Antártida Argentina Y Güemes,2,2,0,0,0,0,0,"-33.747608302358,-61.949715729623",Calle,,VENADO TUERTO,General LÓPEZ,Asfalto,No existe,VIII,Dentro,Urbana,Otra Señal,No existe,Intersección,Bueno,S/D,Nocturna,S/D,Múltiple,S/D,Colisión,Ninguna,Faltante,Cordón divisorio,Sin restricción
2021,4825,2021-07-23,Viernes,16:30:00,,0.0,1,Automóvil,Batería Libertad Y Gutenberg,1,1,0,0,0,0,0,"-32.75919298655,-60.742172319772",Calle,,SAN LORENZO,San Lorenzo,Asfalto,No existe,XVII,Dentro,Urbana,Otra Señal,No existe,Intersección,Bueno,S/D,Diurna,S/D,Múltiple,S/D,Colisión,Ninguna,Faltante,Cordón divisorio,Sin restricción
2021,4827,2021-07-23,Viernes,17:00:00,,0.0,2,"Pickup/Utilitario,Bicicleta", ,2,1,0,0,1,0,0,"-32.82319142392651,-61.390666981848",S/D,,CAÑADA DE GÓMEZ,Iriondo,S/D,S/D,X,S/D,S/D,Otra Señal,S/D,Intersección,S/D,S/D,S/D,S/D,Múltiple,Ciclista,Colisión,S/D,S/D,Cordón divisorio,Sin restricción
2021,4828,2021-07-21,Miercoles,,Ruta Secundaria 86-s,13.0,2,"Automóvil,Moto/Ciclomotor", ,3,2,0,0,1,0,0,"-30.27029021081915, -60.44623931990",Ruta,86-s,LA CRIOLLA,San Justo,S/D,S/D,XVI,Dentro,Rural,Otra Señal,S/D,Intersección,S/D,S/D,S/D,S/D,Múltiple,S/D,Colisión,S/D,S/D,Cordón divisorio,Sin restricción
2021,4829,2021-07-23,Viernes,14:10:00,,0.0,2,"Moto/Ciclomotor,Automóvil",Calle 71-Nicaragua Y Roca Pte.,2,1,0,0,1,0,0,"-29.171277695212,-59.647315517716",Calle,,RECONQUISTA,General Obligado,Asfalto,S/D,IX,Dentro,Urbana,Otra Señal,S/D,Intersección,S/D,S/D,Diurna,S/D,Múltiple,S/D,Colisión,S/D,S/D,Cordón divisorio,Sin restricción
2021,4831,2021-07-21,Miercoles,17:50:00,,0.0,2,"Moto/Ciclomotor,Pickup/Utilitario",Calle 20 Y Calle 23,2,1,0,0,1,0,0,"-29.1246695894,-59.654204851062",Calle,,AVELLANEDA,General Obligado,Asfalto,No existe,IX,Dentro,Urbana,Otra Señal,S/D,Intersección,Bueno,Buena,Diurna,Buen Tiempo,Múltiple,S/D,Colisión,Ninguna,S/D,Cordón divisorio,Sin restricción
2021,4832,2021-07-23,Viernes,19:30:00,,0.0,2,"Camión c / Acoplado,Moto/Ciclomotor",Calle 4-Fray Antonio Rossi Y Calle 63-Gral Urquiza,2,1,0,0,1,0,0,"-29.168765226067,-59.64059104828",Avenida,,RECONQUISTA,General Obligado,Asfalto,No existe,XI,Dentro,Urbana,Otra Señal,No existe,Intersección,Bueno,Buena,Diurna,Buen Tiempo,Múltiple,S/D,Colisión,Ninguna,Faltante,Cordón divisorio,Sin restricción
2021,4833,2021-07-21,Miercoles,12:00:00,,0.0,2,"Automóvil,Bicicleta",Calle 26 - Bolívar Y Calle 31-Newbery,2,1,0,0,1,0,0,"-29.152294617905,-59.652231523431",Calle,,RECONQUISTA,General Obligado,Asfalto,No existe,IX,Dentro,Urbana,Otra Señal,No existe,Intersección,Bueno,Buena,Diurna,Buen Tiempo,Múltiple,Ciclista,Colisión,Ninguna,Faltante,Cordón divisorio,Sin restricción
2021,4834,2021-07-21,Miercoles,20:10:00,,0.0,2,"Pickup/Utilitario,Automóvil",Pellegrini Y Poleti,2,1,0,0,1,0,0,"-32.808692483829,-61.396865944303",Calle,,CAÑADA DE GÓMEZ,Iriondo,Asfalto,No existe,X,Dentro,Urbana,Otra Señal,No existe,Intersección,Bueno,Buena,Diurna,Buen Tiempo,Múltiple,S/D,Colisión,Ninguna,Faltante,Cordón divisorio,Sin restricción
2021,4835,2021-07-23,Viernes,,,0.0,2,"Moto/Ciclomotor,Otros",G Mainardi Y Rosario,2,1,0,0,0,0,1,"-31.240069443135,-61.498652898746",Calle,,RAFAELA,Castellanos,Asfalto,No existe,VIII,Dentro,Urbana,Otra Señal,No existe,Intersección,Bueno,S/D,S/D,S/D,Múltiple,S/D,Colisión,Ninguna,Faltante,Cordón divisorio,Sin restricción
2021,4836,2021-07-21,Miercoles,,Autopista Nacional Rosario -Cordoba,0.0,2,"Camión c / Acoplado,Camión c / Acoplado", ,2,2,0,0,0,0,0,"-32.87801059589591, -61.16155846296",Autopista,Rosario -Cordoba,CARCARAÑÁ,San Lorenzo,Asfalto,Ripio,XVII,Dentro,Urbana,Otra Señal,No existe,Intersección,Bueno,Buena,Diurna,Buen Tiempo,Múltiple,S/D,Colisión,S/D,Horizontal,Cordón divisorio,Sin restricción
2021,4837,2021-07-23,Viernes,,,0.0,2,"Moto/Ciclomotor,Moto/Ciclomotor",Dante Alighieri Y Vélez Sarsfield,2,2,0,0,0,0,0,"-31.254748, -61.496727",Calle,,RAFAELA,Castellanos,Asfalto,No existe,V,Dentro,Urbana,Otra Señal,No existe,Intersección,Bueno,S/D,S/D,S/D,Múltiple,S/D,Colisión,Ninguna,Horizontal,Cordón divisorio,Sin restricción
2021,4838,2021-07-21,Miercoles,,,0.0,1,Automóvil,R Gonzales 2900,2,1,0,0,1,0,0,"-30.794991354065,-60.59472071717",Calle,,SAN JUSTO,San Justo,Asfalto,No existe,XVI,Dentro,Urbana,Otra Señal,No existe,Intersección,Bueno,Buena,Diurna,Buen Tiempo,Múltiple,S/D,Colisión,Ninguna,Faltante,Cordón divisorio,Sin restricción
2021,4840,2021-07-23,Viernes,,,0.0,1,Pickup/Utilitario, ,1,1,0,0,0,0,0,"-30.868320465087894,-61.34036064147",Camino Rural,,HUMBERTO 1°,Castellanos,Tierra,S/D,V,Dentro,Rural,Otra Señal,S/D,Intersección,S/D,S/D,Nocturna,S/D,Múltiple,S/D,Colisión,S/D,S/D,Cordón divisorio,Sin restricción
2021,4841,2021-07-23,Viernes,,,0.0,2,"Automóvil,Moto/Ciclomotor",Almirante Brown ,2,1,0,0,1,0,0,"-31.250245571136496,-61.48944854736",Calle,,RAFAELA,Castellanos,S/D,S/D,V,Dentro,Urbana,Otra Señal,S/D,Intersección,S/D,S/D,S/D,S/D,Múltiple,S/D,Colisión,S/D,S/D,Cordón divisorio,Sin restricción
2021,4842,2021-07-22,Jueves,,,0.0,2,"Moto/Ciclomotor,Automóvil",Nicolas Avellaneda Y P Avanthay,2,1,0,0,1,0,0,"-31.244855015613,-61.498901664157",Calle,,RAFAELA,Castellanos,Asfalto,No existe,V,Dentro,Urbana,Otra Señal,No existe,Intersección,Bueno,S/D,S/D,S/D,Múltiple,S/D,Colisión,Ninguna,Faltante,Cordón divisorio,Sin restricción
2021,4843,2021-07-22,Jueves,17:50:00,Autopista Provincial Brigadier E.LÓPEZ,153.0,1,Automóvil, ,1,1,0,0,0,0,0,"-31.622585, -60.754196",Autopista,Brigadier E.LÓPEZ,SANTA FE,La Capital,Asfalto,Natural,I,Dentro,Urbana,Otra Señal,No existe,Intersección,Bueno,S/D,Diurna,S/D,Múltiple,S/D,Colisión,Ninguna,Horizontal,Cordón divisorio,Sin restricción
2021,4844,2021-08-05,Jueves,13:10:00,,0.0,2,"Automóvil,Moto/Ciclomotor",Rivadavia 5600,2,1,0,0,1,0,0,"-31.51953, -60.67274",Calle,,MONTE VERA,La Capital,Ripio,No existe,I,Dentro,Urbana,Otra Señal,No existe,Intersección,Con baches,Buena,Diurna,Buen Tiempo,Múltiple,S/D,Colisión,Ninguna,S/D,Cordón divisorio,Sin restricción
2021,4845,2021-08-05,Jueves,09:00:00,Ruta Provincial 2,0.0,2,"Automóvil,Moto/Ciclomotor", ,2,1,0,0,1,0,0,"-31.48899, -60.67535",Ruta,2,MONTE VERA,La Capital,Asfalto,Natural,I,Dentro,Urbana,Otra Señal,No existe,Intersección,Bueno,Buena,Amanecer,Niebla,Múltiple,S/D,Colisión,Ninguna,S/D,Cordón divisorio,Sin restricción