anio_acci,nro_acci,fecha,desc_dia,hora_aprox,desc_ruta,km,cant_participantes,desc_participante,calle_avenida_km,total,heridos_leves,heridos_graves,heridos_gravisimos,ilesos,fallecidos,sin_datos,posicion_XY,desc_tipo_via,desc_ruta_ori,desc_loc,desc_dpto,desc_tipo_calzada,desc_tipo_banquina,desc_unidad_regional,desc_lugar_calzada,desc_zona,desc_prioridad,desc_estado_semaforo,desc_lugar_via,desc_estado_via,desc_estado_visibilidad,desc_luminosidad,desc_estado_clima,desc_tipo_colision,desc_tipo_atropello,desc_tipo_hecho,desc_pres_calzada,desc_senializacion,desc_separacion_via,desc_restriccion
2021,4846,2021-08-01,Domingo,06:00:00,Ruta Provincial 2,0.0,1,Automóvil, ,1,1,0,0,0,0,0,"-31.48899, -60.67535",Ruta,2,MONTE VERA,La Capital,Asfalto,Ripio,I,Fuera,Rural,Otra Señal,No existe,Intersección,Bueno,Buena,"Amanecer,Con luz artificial",Buen Tiempo,Múltiple,S/D,Colisión,Ninguna,Horizontal,Cordón divisorio,Sin restricción
2021,4847,2021-08-05,Jueves,18:10:00,,0.0,2,"Automóvil,Moto/Ciclomotor",Juan B Alberdi Y Florencio Sánchez,2,1,0,0,1,0,0,"-31.18225, -60.3943",Calle,,LAGUNA PAIVA,La Capital,Tierra,No existe,I,S/D,Urbana,Otra Señal,No existe,Intersección,Bueno,Buena,Diurna,Buen Tiempo,Múltiple,S/D,Colisión,Ninguna,Faltante,Cordón divisorio,Sin restricción
2021,4848,2021-08-04,Miercoles,16:00:00,,0.0,2,"Moto/Ciclomotor,Automóvil",Moreno Y 25 de Mayo,2,1,0,0,1,0,0,"-31.3053, -60.663",Calle,,LAGUNA PAIVA,La Capital,Asfalto,No existe,I,Dentro,Urbana,Otra Señal,Funciona,Intersección,Bueno,Buena,Diurna,Buen Tiempo,Múltiple,S/D,Colisión,Ninguna,Vertical,Cordón divisorio,Sin restricción
2021,4849,2021-08-05,Jueves,02:00:00,Autopista Nacional Gral. Juan Jose Valle,22.0,1,Camión c / Semirremolque, ,1,0,0,0,0,1,0,"-32.74245, -60.76205",Autopista,Gral. Juan Jose Valle,SAN LORENZO,San Lorenzo,Asfalto,Natural,XVII,S/D,Rural,Otra Señal,No existe,Intersección,Bueno,S/D,Nocturna,S/D,Múltiple,S/D,Colisión,Ninguna,Faltante,Cordón divisorio,Sin restricción
2021,4851,2021-08-07,Sabado,15:35:00,,0.0,1,Moto/Ciclomotor,Santa Rosa de Lima ,2,2,0,0,0,0,0,"-31.608, -60.58101",Calle,,SAN JOSÉ DEL RINCÓN,La Capital,Arena,No existe,I,Dentro,Urbana,Otra Señal,No existe,Intersección,Ahuellamiento,Buena,Diurna,Buen Tiempo,Múltiple,S/D,Colisión,Material Suelto,Faltante,Cordón divisorio,Sin restricción
2021,4852,2021-08-08,Domingo,09:00:00,Ruta Provincial 1,0.0,1,Moto/Ciclomotor, ,1,1,0,0,0,0,0,"-31.61542, -60.58656",Ruta,1,COLASTINE,La Capital,Asfalto,Pavimento,I,Dentro,Urbana,Otra Señal,No existe,Intersección,Bueno,Buena,Diurna,Buen Tiempo,Múltiple,S/D,Colisión,Ninguna,Faltante,Cordón divisorio,Sin restricción
2021,4854,2021-08-06,Viernes,10:50:00,Ruta Provincial 1,0.0,2,"Moto/Ciclomotor,Automóvil", ,3,1,0,0,2,0,0,"-31.61692, -60.59986",Ruta,1,COLASTINE,La Capital,Asfalto,Pavimento,I,Dentro,Urbana,Otra Señal,Funciona,Intersección,Bueno,Buena,Diurna,Buen Tiempo,Múltiple,S/D,Colisión,Ninguna,Vertical,Cordón divisorio,Sin restricción
2021,4855,2021-08-22,Domingo,16:05:00,,0.0,2,"Automóvil,Moto/Ciclomotor",Bv. Rondeau Y Nansen,2,0,0,0,1,1,0,"-32.90936, -60.68767",Calle,,ROSARIO,Rosario,Asfalto,Pavimento,II,S/D,Urbana,Otra Señal,Funciona,Intersección,Bueno,Buena,Diurna,Buen Tiempo,Múltiple,S/D,Colisión,Ninguna,Horizontal,Cordón divisorio,Sin restricción
2021,4856,2021-08-08,Domingo,20:40:00,,0.0,2,"Automóvil,Moto/Ciclomotor",Juan de Garay ,2,1,0,0,1,0,0,"-31.49898, -60.72994",S/D,,RECREO,La Capital,Asfalto,Ripio,I,Dentro,Urbana,Otra Señal,No existe,Intersección,Bueno,Buena,Nocturna,Buen Tiempo,Múltiple,S/D,Colisión,Ninguna,Faltante,Cordón divisorio,Sin restricción
2021,4857,2021-08-13,Viernes,12:35:00,Ruta Nacional 11,0.0,2,"Automóvil,Otros", ,4,1,0,0,3,0,0,"-31.18903, -60.74352",Ruta,11,LLAMBI CAMPBELL,La Capital,Asfalto,Natural,I,S/D,Urbana,Otra Señal,No existe,Intersección,Bueno,Buena,Diurna,Buen Tiempo,Múltiple,S/D,Colisión,Ninguna,"Horizontal,Vertical",Cordón divisorio,Sin restricción
2021,4858,2021-08-09,Lunes,21:50:00,,0.0,2,"Automóvil,Moto/Ciclomotor",Arenales Y Millan Medina,2,2,0,0,0,0,0,"-31.59278, -60.72206",Calle,,SANTA FE,La Capital,Asfalto,Pavimento,I,Dentro,Urbana,Otra Señal,No existe,Intersección,Bueno,Buena,Con luz artificial,Buen Tiempo,Múltiple,S/D,Colisión,Ninguna,S/D,Cordón divisorio,Sin restricción
2021,4859,2021-07-23,Viernes,19:30:00,,0.0,1,Bicicleta,25 de Mayo 2400,1,1,0,0,0,0,0,"-29.459067997811,-60.219224960225",Calle,,VERA,Vera,Ripio,No existe,XIX,Dentro,Urbana,Otra Señal,No existe,Intersección,Resbaladiza,Buena,Atardecer,Buen Tiempo,Múltiple,S/D,Colisión,Material Suelto,Faltante,Cordón divisorio,Sin restricción
2021,4860,2021-09-10,Viernes,17:00:00,,0.0,2,"Moto/Ciclomotor,Automóvil",Juan Del Campillo Y San Jerónimo,2,1,0,0,1,0,0,"-31.62973497352,-60.703036883668",Calle,,SANTA FE,La Capital,Asfalto,No existe,I,Dentro,Urbana,Otra Señal,No existe,Intersección,Bueno,Buena,Diurna,Buen Tiempo,Múltiple,S/D,Colisión,Ninguna,Horizontal,Cordón divisorio,Sin restricción
2021,4861,2021-07-17,Sabado,08:00:00,,0.0,1,Moto/Ciclomotor, ,1,1,0,0,0,0,0,"-31.408669, -61.978696",Camino Rural,,JOSEFINA,Castellanos,Ripio,No existe,V,Dentro,Rural,Otra Señal,No existe,Intersección,Resbaladiza,Buena,Amanecer,Buen Tiempo,Múltiple,S/D,Colisión,Material Suelto,Faltante,Cordón divisorio,Sin restricción
2021,4862,2021-04-07,Miercoles,00:05:00,Ruta Provincial 13,0.0,2,"Pickup/Utilitario,Automóvil", ,6,1,0,0,5,0,0,"-30.846628884734493, -61.3705716228",Ruta,13,HUMBERTO 1°,Castellanos,Asfalto,Natural,V,Dentro,Rural,Otra Señal,No existe,Intersección,Con baches,Reducida,Nocturna,Niebla,Múltiple,S/D,Colisión,Ninguna,Faltante,Cordón divisorio,Sin restricción
2021,4863,2021-09-08,Miercoles,20:00:00,,0.0,2,"Peatón,Moto/Ciclomotor",Av. A del Valle Y Luciano Torrent,2,1,0,0,1,0,0,"-31.625049224571,-60.699876608602",Avenida,,SANTA FE,La Capital,Asfalto,No existe,I,Dentro,Urbana,Otra Señal,No existe,Intersección,Bueno,Buena,Nocturna,Buen Tiempo,Múltiple,Peatón,Colisión,Ninguna,Horizontal,Cordón divisorio,Sin restricción
2021,4864,2021-04-10,Sabado,20:30:00,Ruta Secundaria 80-s,0.0,2,"Moto/Ciclomotor,Automóvil",Bv San Martin 1100,2,1,0,0,1,0,0,"-30.865997726649,-61.361658154351",Ruta,80-s,HUMBERTO 1°,Castellanos,Asfalto,No existe,V,Dentro,Urbana,Otra Señal,No existe,Intersección,Bueno,Buena,Con luz artificial,Buen Tiempo,Múltiple,S/D,Colisión,Ninguna,Faltante,Cordón divisorio,Sin restricción
2021,4865,2021-09-06,Lunes,21:30:00,,0.0,2,"Automóvil,Moto/Ciclomotor",Av. A del Valle Y Padilla,2,1,0,0,1,0,0,"-31.6218606688,-60.699151871225",Avenida,,SANTA FE,La Capital,Asfalto,No existe,I,Dentro,Urbana,Otra Señal,No existe,Intersección,Bueno,Buena,Nocturna,Buen Tiempo,Múltiple,S/D,Colisión,Ninguna,Faltante,Cordón divisorio,Sin restricción
2021,4866,2021-02-03,Miercoles,05:45:00,Ruta Nacional 11,0.0,2,"Bicicleta,Camión Chasis",Malvinas Argentinas Y Ruta Nac 11,2,1,0,0,1,0,0,"-31.779591189346,-60.847650633782",Ruta,11,SAUCE VIEJO,La Capital,Asfalto,Ripio,I,Dentro,Rural,Otra Señal,No existe,Intersección,Bueno,Buena,Amanecer,Buen Tiempo,Múltiple,Ciclista,Colisión,Ninguna,Horizontal,Cordón divisorio,Sin restricción
2021,4867,2021-09-06,Lunes,16:30:00,,0.0,2,"Automóvil,Automóvil",Pedro Diaz Colodrero Y 9 de Julio,2,1,0,0,1,0,0,"-31.624928786628,-60.702921691862",Calle,,SANTA FE,La Capital,Asfalto,No existe,I,Dentro,Urbana,Otra Señal,No existe,Intersección,Bueno,Buena,Diurna,Buen Tiempo,Múltiple,S/D,Colisión,Ninguna,Faltante,Cordón divisorio,Sin restricción
2021,4868,2021-09-05,Domingo,22:50:00,,0.0,2,"Pickup/Utilitario,Moto/Ciclomotor",Domingo Silva Y San Jerónimo,2,1,0,0,1,0,0,"-31.630635385278,-60.703296625122",Calle,,SANTA FE,La Capital,Asfalto,No existe,I,Dentro,Urbana,Otra Señal,No existe,Intersección,Bueno,Buena,Nocturna,Buen Tiempo,Múltiple,S/D,Colisión,Ninguna,Faltante,Cordón divisorio,Sin restricción
2021,4869,2021-02-07,Domingo,23:00:00,Ruta Nacional 11,0.0,2,"Automóvil,Moto/Ciclomotor",Agustín P Justo Y Ruta Nac 11,2,1,0,0,1,0,0,"-31.767361124075,-60.835600610049",Ruta,11,SAUCE VIEJO,La Capital,Asfalto,Natural,I,Dentro,Urbana,Otra Señal,No existe,Intersección,Bueno,Buena,Nocturna,Buen Tiempo,Múltiple,S/D,Colisión,Ninguna,Faltante,Cordón divisorio,Sin restricción
2021,4870,2021-02-20,Sabado,02:20:00,Ruta Nacional 11,0.0,2,"Moto/Ciclomotor,Moto/Ciclomotor",Buenos Aires Y Ruta Nac 11,2,1,0,0,1,0,0,"-31.771300193235,-60.839309558406",Ruta,11,SAUCE VIEJO,La Capital,Asfalto,Ripio,I,Dentro,Urbana,Otra Señal,No existe,Intersección,Bueno,Buena,Con luz artificial,Buen Tiempo,Múltiple,S/D,Colisión,Ninguna,Faltante,Cordón divisorio,Sin restricción
2021,4871,2021-09-11,Sabado,17:00:00,,0.0,2,"Moto/Ciclomotor,Automóvil",Hernandarias Y Pje Ingenieros,2,1,0,0,1,0,0,"-31.606310731855,-60.699541451902",Calle,,SANTA FE,La Capital,Asfalto,No existe,I,Dentro,Urbana,Otra Señal,No existe,Intersección,Bueno,Buena,Diurna,Buen Tiempo,Múltiple,S/D,Colisión,Ninguna,Faltante,Cordón divisorio,Sin restricción
2021,4872,2021-02-12,Viernes,19:00:00,,0.0,2,"Automóvil,Moto/Ciclomotor",Estados Unidos Y Republica Dominicana,2,1,0,0,1,0,0,"-31.787796937606,-60.843681779606",Calle,,SAUCE VIEJO,La Capital,Tierra,No existe,I,Dentro,Urbana,Otra Señal,No existe,Intersección,Bueno,Buena,"Atardecer,Con luz artificial",Buen Tiempo,Múltiple,S/D,Colisión,Ninguna,Faltante,Cordón divisorio,Sin restricción
2021,4873,2021-09-12,Domingo,19:00:00,,0.0,2,"Automóvil,Moto/Ciclomotor",Av. Facundo Zuviria Y Juan Del Campillo,2,1,0,0,1,0,0,"-31.629277189069,-60.705099325245",Avenida,,SANTA FE,La Capital,Asfalto,No existe,I,Dentro,Urbana,Otra Señal,Funciona,Intersección,Bueno,Buena,Atardecer,Buen Tiempo,Múltiple,S/D,Colisión,Ninguna,"Horizontal,Vertical",Cordón divisorio,Sin restricción
2021,4874,2021-02-03,Miercoles,15:20:00,,0.0,2,"Moto/Ciclomotor,Automóvil",La Rioja Y Simón de Iriondo,3,2,0,0,1,0,0,"-31.675459676289,-60.760184045379",Calle,,SANTO TOMÉ,La Capital,Asfalto,No existe,I,Dentro,Urbana,Otra Señal,No existe,Intersección,Bueno,Buena,Diurna,Buen Tiempo,Múltiple,S/D,Colisión,Ninguna,Faltante,Cordón divisorio,Sin restricción
2021,4875,2021-02-04,Jueves,21:00:00,,0.0,2,"Moto/Ciclomotor,Automóvil",Juan Bautista Alberdi Y Simón de Iriondo,2,1,0,0,1,0,0,"-31.682320497679,-60.762048617182",Calle,,SANTO TOMÉ,La Capital,Asfalto,Pavimento,I,Dentro,Urbana,Otra Señal,No existe,Intersección,Bueno,Buena,Diurna,Buen Tiempo,Múltiple,S/D,Colisión,Ninguna,Vertical,Cordón divisorio,Sin restricción
2021,4876,2021-09-13,Lunes,10:50:00,,0.0,2,"Bicicleta,Automóvil", ,2,1,0,0,1,0,0,"-31.6244477760916,-60.6988397800237",S/D,,SANTA FE,La Capital,Asfalto,No existe,I,S/D,Urbana,Otra Señal,No existe,Intersección,Bueno,Buena,Diurna,Buen Tiempo,Múltiple,Ciclista,Colisión,Ninguna,S/D,Cordón divisorio,Sin restricción
2021,4877,2021-02-09,Martes,20:30:00,,0.0,2,"Bicicleta,Automóvil",Balcarce Y Hipólito Irigoyen,2,1,0,0,1,0,0,"-31.677325999457,-60.765540592839",Calle,,SANTO TOMÉ,La Capital,Asfalto,No existe,I,Dentro,Urbana,Otra Señal,No existe,Intersección,Bueno,Buena,Nocturna,Buen Tiempo,Múltiple,Ciclista,Colisión,Ninguna,Faltante,Cordón divisorio,Sin restricción
2021,4878,2021-09-18,Sabado,19:00:00,,0.0,2,"Moto/Ciclomotor,Automóvil",Espora Y 4 de Enero,2,1,0,0,1,0,0,"-31.602510990683,-60.699260151157",Calle,,SANTA FE,La Capital,Asfalto,No existe,I,Dentro,Urbana,Otra Señal,No existe,Intersección,Bueno,Buena,Nocturna,Buen Tiempo,Múltiple,S/D,Colisión,Ninguna,Faltante,Cordón divisorio,Sin restricción
2021,4879,2021-02-15,Lunes,21:00:00,,0.0,2,"Moto/Ciclomotor,Moto/Ciclomotor",Salta 3575,2,2,0,0,0,0,0,"-31.681425858717,-60.760752293121",Calle,,SANTO TOMÉ,La Capital,Asfalto,No existe,I,Dentro,Urbana,Otra Señal,No existe,Intersección,Bueno,Reducida,Nocturna,Buen Tiempo,Múltiple,S/D,Colisión,Ninguna,Faltante,Cordón divisorio,Sin restricción
2021,4880,2021-09-20,Lunes,19:00:00,,0.0,2,"Moto/Ciclomotor,Automóvil",Vieytes Y 9 de Julio,3,1,0,0,2,0,0,"-31.602180052899,-60.696280924764",Calle,,SANTA FE,La Capital,Asfalto,No existe,I,Dentro,Urbana,Otra Señal,No existe,Intersección,Bueno,Buena,Nocturna,Buen Tiempo,Múltiple,S/D,Colisión,Ninguna,Faltante,Cordón divisorio,Sin restricción
2021,4881,2021-02-13,Sabado,22:45:00,Ruta Nacional 11,0.0,2,"Moto/Ciclomotor,Automóvil",Avenida Nuestra Señora del Luj Y Hernandarias,2,1,0,0,1,0,0,"-31.672783094835,-60.768904107366",Ruta,11,SANTO TOMÉ,La Capital,Asfalto,Pavimento,I,Dentro,Urbana,Otra Señal,Funciona,Intersección,Bueno,Buena,Nocturna,Buen Tiempo,Múltiple,S/D,Colisión,Ninguna,"Horizontal,Vertical",Cordón divisorio,Sin restricción
2021,4882,2021-02-19,Viernes,12:30:00,,0.0,2,"Moto/Ciclomotor,Taxi/Remis",Juan Bautista Alberdi Y Salta,2,1,0,0,1,0,0,"-31.682577834271,-60.760484610866",Calle,,SANTO TOMÉ,La Capital,Asfalto,No existe,I,Dentro,Urbana,Otra Señal,No existe,Intersección,Bueno,Buena,Diurna,Buen Tiempo,Múltiple,S/D,Colisión,Ninguna,Faltante,Cordón divisorio,Sin restricción
2021,4883,2021-02-06,Sabado,16:15:00,,0.0,2,"Automóvil,Bicicleta",Hernandarias Y Simón De Iriondo,2,1,0,0,1,0,0,"-31.674311405483,-60.759921604418",Calle,,SANTA FE,La Capital,Asfalto,No existe,I,Dentro,Urbana,Otra Señal,No existe,Intersección,Bueno,Buena,Diurna,Buen Tiempo,Múltiple,Ciclista,Colisión,Ninguna,Faltante,Cordón divisorio,Sin restricción
2021,4884,2021-09-23,Jueves,13:10:00,,0.0,2,"Moto/Ciclomotor,Automóvil",Boneo Y 1ro de Mayo,2,1,0,0,1,0,0,"-31.603753615191,-60.697962805089",Calle,,SANTA FE,La Capital,Asfalto,No existe,I,Dentro,Urbana,Otra Señal,No existe,Intersección,Bueno,Buena,Diurna,Buen Tiempo,Múltiple,S/D,Colisión,Ninguna,Faltante,Cordón divisorio,Sin restricción
2021,4886,2021-09-17,Viernes,12:15:00,,0.0,2,"Bicicleta,Automóvil",Av. A del Valle Y M De Polonia,3,2,0,0,1,0,0,"-31.618217961606,-60.698191935856",Avenida,,SANTA FE,La Capital,Asfalto,No existe,I,Dentro,Urbana,Otra Señal,Funciona,Intersección,Bueno,Buena,Diurna,Buen Tiempo,Múltiple,Ciclista,Colisión,Ninguna,Vertical,Cordón divisorio,Sin restricción
2021,4887,2021-02-06,Sabado,07:30:00,,0.0,2,"Bicicleta,Automóvil",Calle 12 Y Calle 27,2,1,0,0,1,0,0,"-31.794892, -60.844331",Calle,,SAUCE VIEJO,La Capital,Ripio,No existe,I,Dentro,Urbana,Otra Señal,No existe,Intersección,Con baches,Reducida polvo,Amanecer,Buen Tiempo,Múltiple,Ciclista,Colisión,Ninguna,Faltante,Cordón divisorio,Sin restricción
2021,4888,2021-09-21,Martes,15:10:00,,0.0,2,"Bicicleta,Automóvil",Av. A del Valle Y Quintana,2,1,0,0,1,0,0,"-31.622797537868,-60.699343317909",Avenida,,SANTA FE,La Capital,Asfalto,No existe,I,Dentro,Urbana,Otra Señal,No existe,Intersección,Bueno,Buena,Diurna,Buen Tiempo,Múltiple,Ciclista,Colisión,Ninguna,Faltante,Cordón divisorio,Sin restricción
2021,4889,2021-02-08,Lunes,19:30:00,,0.0,1,Moto/Ciclomotor,Esteban Echeverria Y Calle s/n,1,1,0,0,0,0,0,"-31.34360963881193, -61.82834875930",Calle,,SANTA CLARA DE SAGUIER,Castellanos,Tierra,No existe,V,Dentro,Urbana,Otra Señal,No existe,Intersección,Bueno,Buena,Atardecer,Buen Tiempo,Múltiple,S/D,Colisión,Ninguna,Faltante,Cordón divisorio,Sin restricción
2021,4890,2021-02-12,Viernes,11:45:00,,0.0,2,"Automóvil,Moto/Ciclomotor",San Martin 758,2,1,0,0,1,0,0,"-30.841696858406085,-61.59341633319",Calle,,TACURAL,Castellanos,Asfalto,No existe,V,Dentro,Urbana,Otra Señal,No existe,Intersección,Bueno,Buena,"Diurna,Con luz artificial",Buen Tiempo,Múltiple,S/D,Colisión,Ninguna,Faltante,Cordón divisorio,Sin restricción
2021,4891,2021-08-14,Sabado,10:20:00,,0.0,2,"Moto/Ciclomotor,Automóvil",Salvador del Carril Y Lavalle,2,1,0,0,1,0,0,"-31.62073, -60.68495",Calle,,SANTA FE,La Capital,Asfalto,No existe,I,S/D,Urbana,Otra Señal,No existe,Intersección,Bueno,Buena,Diurna,Buen Tiempo,Múltiple,S/D,Colisión,Ninguna,S/D,Cordón divisorio,Sin restricción
2021,4892,2021-08-13,Viernes,14:40:00,,0.0,2,"Peatón,Pickup/Utilitario",Av. Gral. Paz Y Martin Zapata,2,1,0,0,1,0,0,"-31.62243, -60.68747",Avenida,,SANTA FE,La Capital,Asfalto,No existe,I,S/D,Urbana,Otra Señal,No existe,Intersección,Bueno,Buena,Diurna,Buen Tiempo,Múltiple,Peatón,Colisión,Ninguna,S/D,Cordón divisorio,Sin restricción
2021,4893,2021-02-14,Domingo,14:50:00,,0.0,2,"Moto/Ciclomotor,Pickup/Utilitario",Córdoba Y Simón de Iriondo,2,1,0,0,1,0,0,"-30.843335575161,-61.595682691929",Calle,,TACURAL,Castellanos,Asfalto,No existe,V,Dentro,Urbana,Otra Señal,No existe,Intersección,Bueno,Buena,Diurna,Buen Tiempo,Múltiple,S/D,Colisión,Ninguna,Faltante,Cordón divisorio,Sin restricción
2021,4894,2021-09-23,Jueves,16:25:00,,0.0,2,"Moto/Ciclomotor,Automóvil",J Castelli Y 1ro de Mayo,2,1,0,0,1,0,0,"-31.60556337227,-60.698503183203",Calle,,SANTA FE,La Capital,Asfalto,No existe,I,Dentro,Urbana,Otra Señal,No existe,Intersección,Bueno,Buena,Diurna,Buen Tiempo,Múltiple,S/D,Colisión,Ninguna,Faltante,Cordón divisorio,Sin restricción
2021,4895,2021-08-11,Miercoles,23:55:00,,0.0,2,"Moto/Ciclomotor,Pickup/Utilitario",Salvador del Carril Y Huergo,2,1,0,0,1,0,0,"-31.61998, -60.68921",Calle,,SANTA FE,La Capital,Asfalto,No existe,I,S/D,Urbana,Otra Señal,No existe,Intersección,Bueno,Buena,Nocturna,Buen Tiempo,Múltiple,S/D,Colisión,Ninguna,Horizontal,Cordón divisorio,Sin restricción
2021,4896,2021-02-28,Domingo,07:30:00,,0.0,1,Moto/Ciclomotor, ,2,2,0,0,0,0,0,"-30.848922729492188,-61.35658264160",Camino Rural,,HUMBERTO 1°,Castellanos,Tierra,No existe,V,Dentro,Rural,Otra Señal,No existe,Intersección,Bueno,Buena,Amanecer,Buen Tiempo,Múltiple,S/D,Colisión,Ninguna,Faltante,Cordón divisorio,Sin restricción
2021,4897,2021-09-25,Sabado,04:00:00,,0.0,2,"Moto/Ciclomotor,Moto/Ciclomotor",Estanislao Zeballos Y 4 de Enero,3,2,0,0,1,0,0,"-31.604334356086,-60.699784842291",Calle,,SANTA FE,La Capital,Asfalto,No existe,I,Dentro,Urbana,Otra Señal,No existe,Intersección,Bueno,Buena,Nocturna,Buen Tiempo,Múltiple,S/D,Colisión,Ninguna,Faltante,Cordón divisorio,Sin restricción
2021,4898,2021-08-11,Miercoles,16:55:00,,0.0,2,"Moto/Ciclomotor,Automóvil",Martin Zapata Y Sarmiento,2,1,0,0,1,0,0,"-31.62222, -60.68876",Calle,,SANTA FE,La Capital,Asfalto,No existe,I,Dentro,Urbana,Otra Señal,No existe,Intersección,Bueno,Buena,Diurna,Buen Tiempo,Múltiple,S/D,Colisión,Ninguna,S/D,Cordón divisorio,Sin restricción
2021,4899,2021-08-11,Miercoles,16:30:00,,0.0,2,"Moto/Ciclomotor,Moto/Ciclomotor",Av. Gral. Paz Y Quintana,2,1,0,0,1,0,0,"-31.62505, -60.68928",Calle,,SANTA FE,La Capital,Asfalto,No existe,I,S/D,Urbana,Otra Señal,No existe,Intersección,Bueno,Buena,Diurna,Buen Tiempo,Múltiple,S/D,Colisión,Ninguna,S/D,Cordón divisorio,Sin restricción
2021,4900,2021-09-26,Domingo,15:40:00,,0.0,2,"Moto/Ciclomotor,Automóvil",Av. A del Valle Y Gorostiaga,4,1,0,0,3,0,0,"-31.612070428007,-60.695153169792",Avenida,,SANTA FE,La Capital,Asfalto,No existe,I,Dentro,Urbana,Otra Señal,Funciona,Intersección,Bueno,Buena,Diurna,Buen Tiempo,Múltiple,S/D,Colisión,Ninguna,"Horizontal,Vertical",Cordón divisorio,Sin restricción
2021,4901,2021-09-25,Sabado,18:35:00,Ruta Nacional 11,0.0,2,"Automóvil,Moto/Ciclomotor",Juan Diaz De Solís Y Ruta Nac 11,2,1,0,0,1,0,0,"-31.704518778717,-60.80179275658",Ruta,11,SAUCE VIEJO,La Capital,Asfalto,Ripio,I,Dentro,Urbana,Otra Señal,No existe,Intersección,Bueno,Buena,Diurna,Buen Tiempo,Múltiple,S/D,Colisión,Ninguna,Horizontal,Cordón divisorio,Sin restricción
2021,4902,2021-09-27,Lunes,13:20:00,,0.0,2,"Moto/Ciclomotor,Automóvil",Av. A del Valle Y Lavaisse,2,1,0,0,1,0,0,"-31.612942514629,-60.695649686354",Avenida,,SANTA FE,La Capital,Asfalto,No existe,I,Dentro,Urbana,Otra Señal,Funciona,Intersección,Bueno,Buena,Diurna,Buen Tiempo,Múltiple,S/D,Colisión,Ninguna,"Horizontal,Vertical",Cordón divisorio,Sin restricción
2021,4903,2021-09-24,Viernes,21:30:00,,0.0,2,"Automóvil,Moto/Ciclomotor",4 de enero Y  Frenguelli,2,1,0,0,1,0,0,"-31.690061222367,-60.785336400588",Calle,,SANTO TOMÉ,La Capital,Tierra,No existe,I,Dentro,Urbana,Otra Señal,No existe,Intersección,Bueno,Buena,Diurna,Buen Tiempo,Múltiple,S/D,Colisión,Ninguna,Faltante,Cordón divisorio,Sin restricción
2021,4904,2021-09-30,Jueves,18:20:00,,0.0,2,"Moto/Ciclomotor,Automóvil",Av. Urquiza Y Estanislao Zeballos,2,1,0,0,1,0,0,"-31.60405228457,-60.701063025396",Avenida,,SANTA FE,La Capital,Asfalto,No existe,I,Dentro,Urbana,Otra Señal,No existe,Intersección,Bueno,Buena,Diurna,Buen Tiempo,Múltiple,S/D,Colisión,Ninguna,Faltante,Cordón divisorio,Sin restricción
2021,4905,2021-09-07,Martes,15:30:00,,0.0,2,"Moto/Ciclomotor,Moto/Ciclomotor",Av. Facundo Zuviria Y Quintana,3,2,0,0,1,0,0,"-31.621487860946,-60.705446345949",Avenida,,SANTA FE,La Capital,Asfalto,No existe,I,Dentro,Urbana,Otra Señal,Funciona,Intersección,Bueno,Buena,Diurna,Buen Tiempo,Múltiple,S/D,Colisión,Ninguna,"Horizontal,Vertical",Cordón divisorio,Sin restricción
2021,4906,2021-09-08,Miercoles,13:30:00,,0.0,2,"Moto/Ciclomotor,Automóvil",Arenales Y Larrea,2,1,0,0,1,0,0,"-31.58978910639,-60.720600142879",Calle,,SANTA FE,La Capital,"Asfalto,Tierra",No existe,I,Dentro,Urbana,Otra Señal,No existe,Intersección,Bueno,Buena,Diurna,Buen Tiempo,Múltiple,S/D,Colisión,Ninguna,Horizontal,Cordón divisorio,Sin restricción
2021,4907,2021-09-21,Martes,18:45:00,,0.0,2,"Automóvil,Moto/Ciclomotor",Carlos Chapearouge Y  Frenguelli,2,1,0,0,1,0,0,"-31.690551769727,-60.782556107369",Calle,,SANTO TOMÉ,La Capital,Asfalto,No existe,I,Dentro,Urbana,Otra Señal,No existe,Intersección,Bueno,Buena,Diurna,Buen Tiempo,Múltiple,S/D,Colisión,Ninguna,Faltante,Cordón divisorio,Sin restricción
2021,4908,2021-09-09,Jueves,17:35:00,Ruta Nacional 11,452.0,1,Moto/Ciclomotor, ,1,1,0,0,0,0,0,"-31.73275779423882, -60.81546976902",Ruta,11,SAUCE VIEJO,La Capital,Asfalto,No existe,I,Dentro,Rural,Otra Señal,No existe,Intersección,Bueno,Buena,Diurna,Buen Tiempo,Múltiple,S/D,Colisión,Ninguna,Horizontal,Cordón divisorio,Sin restricción
2021,4909,2021-09-05,Domingo,00:05:00,Ruta Nacional 11,454.0,2,"Automóvil,Automóvil", ,2,2,0,0,0,0,0,"-31.710285252182306, -60.8047998092",Ruta,11,SAUCE VIEJO,La Capital,Asfalto,Pavimento,I,Dentro,Urbana,Otra Señal,No existe,Intersección,Bueno,Buena,Diurna,Buen Tiempo,Múltiple,S/D,Colisión,Ninguna,"Horizontal,Vertical",Cordón divisorio,Sin restricción