anio_acci,nro_acci,fecha,desc_dia,hora_aprox,desc_ruta,km,cant_participantes,desc_participante,calle_avenida_km,total,heridos_leves,heridos_graves,heridos_gravisimos,ilesos,fallecidos,sin_datos,posicion_XY,desc_tipo_via,desc_ruta_ori,desc_loc,desc_dpto,desc_tipo_calzada,desc_tipo_banquina,desc_unidad_regional,desc_lugar_calzada,desc_zona,desc_prioridad,desc_estado_semaforo,desc_lugar_via,desc_estado_via,desc_estado_visibilidad,desc_luminosidad,desc_estado_clima,desc_tipo_colision,desc_tipo_atropello,desc_tipo_hecho,desc_pres_calzada,desc_senializacion,desc_separacion_via,desc_restriccion
2021,4910,2021-09-03,Viernes,16:50:00,,0.0,2,"Bicicleta,Automóvil",Dalmacio Vélez Sarsfield Y Roque Sáenz PEÑA,3,2,0,0,1,0,0,"-31.658687739333,-60.773337515034",Calle,,SANTO TOMÉ,La Capital,Tierra,No existe,I,Dentro,Urbana,Otra Señal,No existe,Intersección,Con baches,Buena,Diurna,Buen Tiempo,Múltiple,Ciclista,Colisión,Ninguna,Faltante,Cordón divisorio,Sin restricción
2021,4911,2021-09-15,Miercoles,10:40:00,,0.0,2,"Moto/Ciclomotor,Automóvil",Av. Peñaloza Y Javier de la Rosa,2,1,0,0,1,0,0,"-31.594810715455,-60.712051689202",Avenida,,SANTA FE,La Capital,Asfalto,No existe,I,Dentro,Urbana,Otra Señal,No existe,Intersección,Bueno,Buena,Diurna,Buen Tiempo,Múltiple,S/D,Colisión,Ninguna,"Horizontal,Vertical",Cordón divisorio,Sin restricción
2021,4912,2021-09-22,Miercoles,16:30:00,,0.0,2,"Moto/Ciclomotor,Automóvil",Don Guanella Y Estrada,2,1,0,0,1,0,0,"-31.595841031987,-60.71649537238",Calle,,SANTA FE,La Capital,Asfalto,No existe,I,Dentro,Urbana,Otra Señal,No existe,Intersección,Bueno,Buena,Diurna,Buen Tiempo,Múltiple,S/D,Colisión,Ninguna,Vertical,Cordón divisorio,Sin restricción
2021,4913,2021-09-09,Jueves,10:20:00,Ruta Provincial 5,0.0,2,"Pickup/Utilitario,Camión Chasis",Martin de Pueyrredón Y Pres Domingo Faustino Sarmiento,3,2,0,0,1,0,0,"-31.657355569683,-60.788398148103",Ruta,5,SANTO TOMÉ,La Capital,Asfalto,Natural,I,Dentro,Urbana,Otra Señal,No existe,Intersección,Bueno,Buena,Diurna,Buen Tiempo,Múltiple,S/D,Colisión,Ninguna,Faltante,Cordón divisorio,Sin restricción
2021,4915,2021-09-05,Domingo,16:55:00,,0.0,2,"Moto/Ciclomotor,Moto/Ciclomotor",Av. Blas Parera Y Millan Medina,2,1,0,0,1,0,0,"-31.593302470448,-60.723672136522",Avenida,,SANTA FE,La Capital,Asfalto,No existe,I,Dentro,Urbana,Otra Señal,Funciona,Intersección,Bueno,Buena,Diurna,Buen Tiempo,Múltiple,S/D,Colisión,Ninguna,"Horizontal,Vertical",Cordón divisorio,Sin restricción
2021,4916,2021-09-01,Miercoles,16:00:00,,0.0,2,"Automóvil,Automóvil",Alvear Y Gutiérrez,2,1,0,0,1,0,0,"-31.625086359044,-60.693068199852",Calle,,SANTA FE,La Capital,Asfalto,No existe,I,Dentro,Urbana,Otra Señal,No existe,Intersección,Bueno,S/D,Diurna,Buen Tiempo,Múltiple,S/D,Colisión,Ninguna,Faltante,Cordón divisorio,Sin restricción
2021,4917,2021-09-05,Domingo,03:00:00,,0.0,1,Automóvil,Av. Luis Carballo Y Bv. Avellaneda,4,2,0,0,0,1,1,"-32.9219, -60.67473",Avenida,,ROSARIO,Rosario,Asfalto,No existe,II,S/D,Urbana,Otra Señal,Funciona,Intersección,Bueno,Buena,Nocturna,S/D,Múltiple,S/D,Colisión,Ninguna,"Horizontal,Vertical",Cordón divisorio,Sin restricción
2021,4918,2021-09-07,Martes,15:30:00,,0.0,2,"Automóvil,Moto/Ciclomotor",Gurruchaga Y A.Maza,4,2,0,0,1,1,0,"-32.90433, -60.68561",Calle,,ROSARIO,Rosario,Asfalto,No existe,II,Dentro,Urbana,Otra Señal,No existe,Intersección,S/D,Buena,Diurna,Buen Tiempo,Múltiple,S/D,Colisión,Ninguna,Faltante,Cordón divisorio,Sin restricción
2021,4920,2021-09-03,Viernes,10:00:00,,0.0,2,"Moto/Ciclomotor,Automóvil",Laprida 5000,2,1,0,0,1,0,0,"-31.62599216061,-60.680595703338",Calle,,SANTA FE,La Capital,Asfalto,No existe,I,Dentro,Urbana,Otra Señal,No existe,Intersección,Bueno,Buena,Diurna,Buen Tiempo,Múltiple,S/D,Colisión,Ninguna,Horizontal,Cordón divisorio,Sin restricción
2021,4921,2021-08-11,Miercoles,10:00:00,,0.0,2,"Moto/Ciclomotor,Automóvil",Güemes Y Diagonal Martínez,2,1,0,0,1,0,0,"-31.61066, -60.69698",Calle,,SANTA FE,La Capital,Asfalto,No existe,I,S/D,Urbana,Otra Señal,No existe,Intersección,Bueno,Buena,Diurna,Buen Tiempo,Múltiple,S/D,Colisión,Ninguna,S/D,Cordón divisorio,Sin restricción
2021,4924,2021-09-01,Miercoles,09:00:00,,0.0,2,"Moto/Ciclomotor,Automóvil",Güemes Y Salvador del Carril,2,1,0,0,1,0,0,"-31.620915130189,-60.683904977186",Calle,,SANTA FE,La Capital,Asfalto,No existe,I,Dentro,Urbana,Otra Señal,No existe,Intersección,Bueno,Buena,Diurna,Buen Tiempo,Múltiple,S/D,Colisión,Ninguna,Faltante,Cordón divisorio,Sin restricción
2021,4925,2021-09-14,Martes,12:20:00,,0.0,2,"Moto/Ciclomotor,Automóvil",Av. Blas Parera Y Larrea,2,1,0,0,1,0,0,"-31.588998227182,-60.724897876846",Avenida,,SANTA FE,La Capital,Asfalto,No existe,I,Dentro,Urbana,Otra Señal,Funciona,Intersección,Bueno,Buena,Diurna,Buen Tiempo,Múltiple,S/D,Colisión,Ninguna,"Horizontal,Vertical",Cordón divisorio,Sin restricción
2021,4926,2021-09-10,Viernes,12:50:00,Autovía Nacional 168,5.0,1,Moto/Ciclomotor, ,1,1,0,0,0,0,0,"-31.63981533052347, -60.62928461820",Autovía,168,LA GUARDIA,La Capital,Asfalto,No existe,I,Dentro,Urbana,Otra Señal,No existe,Intersección,Bueno,Buena,Diurna,Buen Tiempo,Múltiple,S/D,Colisión,Ninguna,Horizontal,Cordón divisorio,Sin restricción
2021,4927,2021-09-08,Miercoles,21:00:00,,0.0,2,"Moto/Ciclomotor,Automóvil",Av. Almte. Brown Y Pje Calcena,2,1,0,0,1,0,0,"-31.626206984404,-60.679205999706",Avenida,,SANTA FE,La Capital,Asfalto,No existe,I,Dentro,Urbana,Otra Señal,No existe,Intersección,Bueno,Buena,Nocturna,Buen Tiempo,Múltiple,S/D,Colisión,Ninguna,Horizontal,Cordón divisorio,Sin restricción
2021,4928,2021-09-30,Jueves,18:05:00,,0.0,2,"Bicicleta,Camión",Calle 25 Y Calle 16,3,0,0,0,2,1,0,"-32.67746, -61.52249",Calle,,LAS PAREJAS,Belgrano,Asfalto,No existe,III,S/D,Urbana,Otra Señal,No existe,Intersección,Deteriorada,Buena,Diurna,Buen Tiempo,Múltiple,Ciclista,Colisión,Otro,S/D,Cordón divisorio,Sin restricción
2021,4929,2021-09-15,Miercoles,21:30:00,Ruta Provincial 1,2.0,2,"Bicicleta,Moto/Ciclomotor", ,2,2,0,0,0,0,0,"-31.624870743748577, -60.6020582506",Ruta,1,COLASTINE,La Capital,Asfalto,Pavimento,I,Dentro,Urbana,Otra Señal,Funciona,Intersección,Bueno,Reducida,Nocturna,Buen Tiempo,Múltiple,Ciclista,Colisión,Ninguna,"Horizontal,Vertical",Cordón divisorio,Sin restricción
2021,4930,2021-09-11,Sabado,12:45:00,,0.0,2,"Moto/Ciclomotor,Pickup/Utilitario",Ángel Cassanello Y Av. A del Valle,2,1,0,0,1,0,0,"-31.609420502361,-60.694048063844",Avenida,,SANTA FE,La Capital,Asfalto,No existe,I,Dentro,Urbana,Otra Señal,Funciona,Intersección,Bueno,Buena,Diurna,Buen Tiempo,Múltiple,S/D,Colisión,Ninguna,"Horizontal,Vertical",Cordón divisorio,Sin restricción
2021,4931,2021-09-17,Viernes,19:55:00,,0.0,2,"Moto/Ciclomotor,Automóvil",Don Guanella Y Estrada,3,1,0,0,2,0,0,"-31.595841031987,-60.71649537238",Calle,,SANTA FE,La Capital,Asfalto,No existe,I,Dentro,Urbana,Otra Señal,No existe,Intersección,Bueno,Buena,Nocturna,Buen Tiempo,Múltiple,S/D,Colisión,Ninguna,Vertical,Cordón divisorio,Sin restricción
2021,4932,2021-09-11,Sabado,22:00:00,Ruta Provincial 1,1.0,2,"Moto/Ciclomotor,Transporte de Pasajeros Urbano (> 8 asientos)", ,2,1,0,0,1,0,0,"-31.629215086070804, -60.6099982093",Ruta,1,COLASTINE,La Capital,Asfalto,No existe,I,Dentro,Urbana,Otra Señal,Funciona,Intersección,Bueno,Buena,Diurna,Buen Tiempo,Múltiple,S/D,Colisión,Ninguna,"Horizontal,Vertical",Cordón divisorio,Sin restricción
2021,4933,2021-09-11,Sabado,21:45:00,,0.0,2,"Moto/Ciclomotor,Automóvil",Av. Almte. Brown Y Salvador del Carril,2,1,0,0,1,0,0,"-31.62182488642,-60.678194001035",Avenida,,SANTA FE,La Capital,Asfalto,No existe,I,Dentro,Urbana,Otra Señal,Funciona,Intersección,Bueno,Buena,Diurna,Buen Tiempo,Múltiple,S/D,Colisión,Ninguna,"Horizontal,Vertical",Cordón divisorio,Sin restricción
2021,4934,2021-08-08,Domingo,16:37:00,,0.0,2,"Automóvil,Automóvil",Av. Gral. Paz Y Ángel Cassanello,2,1,0,0,1,0,0,"-31.61253, -60.67989",Calle,,SANTA FE,La Capital,Asfalto,No existe,I,S/D,Urbana,Otra Señal,No existe,Intersección,Bueno,Buena,S/D,Buen Tiempo,Múltiple,S/D,Colisión,Ninguna,S/D,Cordón divisorio,Sin restricción
2021,4935,2021-09-19,Domingo,19:45:00,Ruta Provincial 4,0.0,2,"Automóvil,Camión Chasis", ,5,4,0,0,1,0,0,"-31.268918, -60.813234",Ruta,4,NELSON,La Capital,Asfalto,Natural,I,Dentro,Rural,Otra Señal,No existe,Intersección,Bueno,Buena,Nocturna,Buen Tiempo,Múltiple,S/D,Colisión,Ninguna,Horizontal,Cordón divisorio,Sin restricción
2021,4936,2021-09-16,Jueves,07:40:00,,0.0,2,"Automóvil,Moto/Ciclomotor",Güemes Y Quintana,2,1,0,0,1,0,0,"-31.625791025991,-60.685321364406",Calle,,SANTA FE,La Capital,Asfalto,No existe,I,Dentro,Urbana,Otra Señal,No existe,Intersección,Bueno,Buena,Diurna,Otro,Múltiple,S/D,Colisión,Ninguna,Faltante,Cordón divisorio,Sin restricción
2021,4937,2021-09-04,Sabado,19:45:00,Ruta Provincial 1,1.0,2,"Moto/Ciclomotor,Pickup/Utilitario", ,2,1,0,0,1,0,0,"-31.633350475227203, -60.6175366289",Ruta,1,COLASTINE,La Capital,Asfalto,Pavimento,I,Dentro,Urbana,Otra Señal,No existe,Intersección,Bueno,Buena,Nocturna,Buen Tiempo,Múltiple,S/D,Colisión,Ninguna,"Horizontal,Vertical",Cordón divisorio,Sin restricción
2021,4938,2021-09-23,Jueves,11:00:00,Ruta Provincial 4,20.0,1,Automóvil, ,3,3,0,0,0,0,0,"-31.281697, -60.753274",Ruta,4,SANTA FE,La Capital,Asfalto,Natural,I,Fuera,Rural,Otra Señal,No existe,Intersección,Bueno,Buena,Diurna,Buen Tiempo,Múltiple,S/D,Colisión,Ninguna,Horizontal,Cordón divisorio,Sin restricción
2021,4939,2021-09-18,Sabado,20:00:00,,0.0,2,"Automóvil,Moto/Ciclomotor",Alvear Y Ricardo Aldao,3,2,0,0,1,0,0,"-31.611458752747,-60.689036450032",Calle,,SANTA FE,La Capital,Asfalto,No existe,I,Dentro,Urbana,Otra Señal,No existe,Intersección,Bueno,Buena,Nocturna,Buen Tiempo,Múltiple,S/D,Colisión,Ninguna,Faltante,Cordón divisorio,Sin restricción
2021,4940,2021-09-03,Viernes,14:00:00,Ruta Provincial 1,1.0,2,"Moto/Ciclomotor,Automóvil", ,2,1,0,0,1,0,0,"-31.63120628717834, -60.61386900106",Ruta,1,COLASTINE,La Capital,Asfalto,Pavimento,I,Dentro,Urbana,Otra Señal,No existe,Intersección,Bueno,Buena,Diurna,Buen Tiempo,Múltiple,S/D,Colisión,Ninguna,Faltante,Cordón divisorio,Sin restricción
2021,4941,2021-09-01,Miercoles,12:00:00,Ruta Secundaria 50-s,78.2,1,Automóvil,General San Martin Ruta S 50 ,2,1,0,0,0,1,0,"-31.57164, -60.99557",Ruta,50-s,LAS TUNAS,Las Colonias,Asfalto,Natural,XI,Fuera,Rural,Otra Señal,No existe,Intersección,Bueno,Buena,Diurna,Buen Tiempo,Múltiple,S/D,Colisión,Ninguna,"Horizontal,Vertical",Cordón divisorio,Sin restricción
2021,4942,2021-09-11,Sabado,20:30:00,Ruta Nacional 11,0.0,2,"Bicicleta,Automóvil",J.J Paso Y Ruta Nacional 11,2,1,0,0,1,0,0,"-31.398539543151823,-60.74729204177",Ruta,11,CANDIOTI,La Capital,Asfalto,Ripio,I,Dentro,Urbana,Otra Señal,No existe,Intersección,Bueno,Buena,Nocturna,Buen Tiempo,Múltiple,S/D,Colisión,Ninguna,Horizontal,Cordón divisorio,Sin restricción
2021,4943,2021-09-20,Lunes,13:00:00,,0.0,2,"Moto/Ciclomotor,Automóvil",Av. Gral. Paz Y Gutiérrez,2,1,0,0,1,0,0,"-31.625775897122,-60.689805959458",Avenida,,SANTA FE,La Capital,Asfalto,No existe,I,Dentro,Urbana,Otra Señal,Funciona,Intersección,Bueno,Buena,Diurna,Buen Tiempo,Múltiple,S/D,Colisión,Ninguna,"Horizontal,Vertical",Cordón divisorio,Sin restricción
2021,4944,2021-09-20,Lunes,01:30:00,Ruta Nacional 168,4.0,3,"Automóvil,Automóvil,Automóvil", ,5,2,0,0,3,0,0,"-31.640040278434775,-60.64078152179",Ruta,168,COLASTINE,La Capital,Asfalto,No existe,I,Dentro,Rural,Otra Señal,No existe,Intersección,Bueno,Buena,Nocturna,Buen Tiempo,Múltiple,S/D,Colisión,Ninguna,Horizontal,Cordón divisorio,Sin restricción
2021,4945,2021-09-17,Viernes,18:00:00,,0.0,2,"Automóvil,Moto/Ciclomotor",José Figueroa Alcorta Y Pte. Irigoyen,3,2,0,0,1,0,0,"-31.765811363649,-60.830567524765",Calle,,SAUCE VIEJO,La Capital,Ripio,No existe,I,Dentro,Urbana,Otra Señal,No existe,Intersección,Bueno,Buena,Diurna,Buen Tiempo,Múltiple,S/D,Colisión,Ninguna,Faltante,Cordón divisorio,Sin restricción
2021,4946,2021-09-20,Lunes,17:00:00,,0.0,2,"Moto/Ciclomotor,Taxi/Remis",Salvador del Carril Y Vélez Sarsfield,3,2,0,0,1,0,0,"-31.621467982162,-60.680863143139",Calle,,SANTA FE,La Capital,Asfalto,No existe,I,Dentro,Urbana,Otra Señal,No existe,Intersección,Bueno,Buena,Diurna,Buen Tiempo,Múltiple,S/D,Colisión,Ninguna,Faltante,Cordón divisorio,Sin restricción
2021,4948,2021-09-15,Miercoles,19:00:00,Ruta Provincial 1,15.0,2,"Moto/Ciclomotor,Automóvil", ,2,1,0,0,1,0,0,"-31.55009034727943, -60.51177295045",Ruta,1,ARROYO LEYES,La Capital,Asfalto,Natural,I,Dentro,Urbana,Otra Señal,No existe,Intersección,Bueno,Buena,Diurna,Buen Tiempo,Múltiple,S/D,Colisión,Ninguna,Horizontal,Cordón divisorio,Sin restricción
2021,4949,2021-09-12,Domingo,21:30:00,Ruta Secundaria 80-s,47.5,2,"Moto/Ciclomotor,Automóvil", ,3,2,0,0,0,1,0,"-31.12303, -61.0115",Ruta,80-s,PROGRESO,Las Colonias,Asfalto,Natural,XI,Dentro,Urbana,Otra Señal,No existe,Intersección,Bueno,Reducida,Nocturna,Buen Tiempo,Múltiple,S/D,Colisión,Ninguna,S/D,Cordón divisorio,Sin restricción
2021,4950,2021-09-27,Lunes,17:35:00,,0.0,2,"Automóvil,Moto/Ciclomotor",Juan José Castelli Y La Rioja,2,1,0,0,1,0,0,"-31.67430355201,-60.76726103295",Calle,,SANTO TOMÉ,La Capital,Asfalto,No existe,I,Dentro,Urbana,Otra Señal,No existe,Intersección,Bueno,Buena,Diurna,Buen Tiempo,Múltiple,S/D,Colisión,Ninguna,Faltante,Cordón divisorio,Sin restricción
2021,4951,2021-09-18,Sabado,21:25:00,,0.0,2,"Moto/Ciclomotor,Moto/Ciclomotor",Mariano Candioti Y Santiago Del Estero,2,2,0,0,0,0,0,"-31.677001907384,-60.756373845654",Calle,,SANTO TOMÉ,La Capital,Asfalto,No existe,I,Dentro,Urbana,Otra Señal,No existe,Intersección,Bueno,Buena,"Nocturna,Con luz artificial",Buen Tiempo,Múltiple,S/D,Colisión,Ninguna,Faltante,Cordón divisorio,Sin restricción
2021,4953,2021-09-24,Viernes,13:35:00,,0.0,2,"Automóvil,Moto/Ciclomotor",J Macia Y Martin Zavalla,2,1,0,0,1,0,0,"-31.688524826172,-60.760580562791",Calle,,SANTO TOMÉ,La Capital,Asfalto,No existe,I,Dentro,Urbana,Otra Señal,No existe,Intersección,Bueno,Buena,Diurna,Buen Tiempo,Múltiple,S/D,Colisión,Ninguna,Faltante,Cordón divisorio,Sin restricción
2021,4954,2021-09-23,Jueves,17:00:00,,0.0,2,"Peatón,Moto/Ciclomotor",Alvear Y Salvador del Carril,2,1,0,0,1,0,0,"-31.619539990935,-60.691409331204",Calle,,SANTA FE,La Capital,Asfalto,No existe,I,Dentro,Urbana,Otra Señal,No funciona,Intersección,Bueno,Buena,Diurna,Buen Tiempo,Múltiple,Peatón,Colisión,Ninguna,"Horizontal,Vertical",Cordón divisorio,Sin restricción
2021,4955,2021-09-30,Jueves,20:20:00,Ruta Provincial 1,19.0,2,"Moto/Ciclomotor,Pickup/Utilitario", ,2,1,0,0,1,0,0,"-31.525877969598053, -60.4798191808",Ruta,1,ARROYO LEYES,La Capital,Asfalto,No existe,I,Dentro,Urbana,Otra Señal,No existe,Intersección,Bueno,Buena,Amanecer,Buen Tiempo,Múltiple,S/D,Colisión,Ninguna,Horizontal,Cordón divisorio,Sin restricción
2021,4956,2021-09-15,Miercoles,07:45:00,,0.0,2,"Automóvil,Moto/Ciclomotor",Balcarce Y Candioti,2,1,0,0,1,0,0,"-31.678555833476,-60.756665905564",Calle,,SANTA FE,La Capital,Asfalto,No existe,I,Dentro,Urbana,Otra Señal,Intermitente,Intersección,Bueno,Buena,Diurna,Buen Tiempo,Múltiple,S/D,Colisión,Ninguna,Vertical,Cordón divisorio,Sin restricción
2021,4957,2021-09-24,Viernes,08:20:00,,0.0,2,"Automóvil,Automóvil",Laprida Y Pje Calcena,2,1,0,0,1,0,0,"-31.62599216061,-60.680595703338",Calle,,SANTA FE,La Capital,Asfalto,No existe,I,Dentro,Urbana,Otra Señal,No existe,Intersección,Bueno,Buena,Diurna,Buen Tiempo,Múltiple,S/D,Colisión,Ninguna,Horizontal,Cordón divisorio,Sin restricción
2021,4958,2021-09-05,Domingo,19:35:00,Ruta Provincial 2,20.0,3,"Automóvil,Automóvil,Pickup/Utilitario", ,6,1,0,0,5,0,0,"-31.382334011108025, -60.6621004849",Ruta,2,CONSTITUYENTE,La Capital,Asfalto,Natural,I,Dentro,Rural,Otra Señal,No existe,Intersección,Bueno,Buena,Atardecer,Buen Tiempo,Múltiple,S/D,Colisión,Ninguna,Horizontal,Cordón divisorio,Sin restricción
2021,4959,2021-09-07,Martes,20:00:00,Ruta Provincial 2,14.0,3,"Automóvil,Automóvil,Automóvil", ,5,4,0,0,1,0,0,"-31.43112579117103, -60.67385721176",Ruta,2,SANTA FE,La Capital,Asfalto,No existe,I,Dentro,Urbana,Otra Señal,No existe,Intersección,Bueno,Buena,Atardecer,Buen Tiempo,Múltiple,S/D,Colisión,Ninguna,Horizontal,Cordón divisorio,Sin restricción
2021,4960,2021-09-17,Viernes,18:15:00,,0.0,2,"Pickup/Utilitario,Moto/Ciclomotor",Balcarce Y Mitre,2,1,0,0,1,0,0,"-31.67881811171,-60.755017620277",Calle,,SANTA FE,La Capital,Asfalto,No existe,I,Dentro,Urbana,Otra Señal,No existe,Intersección,Bueno,Buena,Diurna,Buen Tiempo,Múltiple,S/D,Colisión,Ninguna,Faltante,Cordón divisorio,Sin restricción
2021,4961,2021-09-15,Miercoles,12:50:00,,0.0,2,"Automóvil,Moto/Ciclomotor",Baldaccini Y Entre Ríos,2,1,0,0,1,0,0,"-31.51685914571,-60.676318736089",Calle,,MONTE VERA,La Capital,Asfalto,No existe,I,Dentro,Urbana,Otra Señal,No existe,Intersección,Bueno,Buena,Diurna,Buen Tiempo,Múltiple,S/D,Colisión,Ninguna,Faltante,Cordón divisorio,Sin restricción
2021,4962,2021-09-02,Jueves,21:00:00,,0.0,2,"Automóvil,Moto/Ciclomotor",Juan Bautista Alberdi Y Libertad,2,1,0,0,1,0,0,"-31.682138250827,-60.763117561023",Calle,,SANTO TOMÉ,La Capital,Asfalto,No existe,I,Dentro,Urbana,Otra Señal,No existe,Intersección,Bueno,Buena,"Nocturna,Con luz artificial",Buen Tiempo,Múltiple,S/D,Colisión,Ninguna,Faltante,Cordón divisorio,Sin restricción
2021,4963,2021-09-04,Sabado,21:50:00,,0.0,2,"Moto/Ciclomotor,Bicicleta",Libertad Y Rca Oriental del Uruguay,2,1,0,0,1,0,0,"-31.68362001541,-60.763409160421",Calle,,SANTO TOMÉ,La Capital,Asfalto,No existe,I,Dentro,Urbana,Otra Señal,No existe,Intersección,Bueno,Buena,"Nocturna,Con luz artificial",Buen Tiempo,Múltiple,Ciclista,Colisión,Ninguna,Faltante,Cordón divisorio,Sin restricción
2021,4964,2021-09-20,Lunes,07:35:00,Ruta Provincial 2,17.0,2,"Pickup/Utilitario,Moto/Ciclomotor", ,3,2,0,0,1,0,0,"-31.40577252746324, -60.66573955408",Ruta,2,MONTE VERA,La Capital,Asfalto,No existe,I,Dentro,Urbana,Otra Señal,No existe,Intersección,Bueno,Buena,Diurna,Buen Tiempo,Múltiple,S/D,Colisión,Ninguna,Faltante,Cordón divisorio,Sin restricción
2021,4965,2021-09-20,Lunes,16:50:00,Ruta Provincial 2,17.0,1,Pickup/Utilitario, ,2,2,0,0,0,0,0,"-31.409691660101306, -60.6663189112",Ruta,2,MONTE VERA,La Capital,Ripio,No existe,I,Dentro,Rural,Otra Señal,No existe,Intersección,Bueno,Buena,Diurna,Buen Tiempo,Múltiple,S/D,Colisión,Ninguna,Horizontal,Cordón divisorio,Sin restricción
2021,4966,2021-09-08,Miercoles,00:30:00,Ruta Provincial 2,22.0,2,"Moto/Ciclomotor,Automóvil", ,2,1,0,0,1,0,0,"-31.365424795977567, -60.6618838780",Ruta,2,CONSTITUYENTE,La Capital,Asfalto,Natural,I,Dentro,Rural,Otra Señal,No existe,Intersección,Resbaladiza,Reducida,Nocturna,Lluvia,Múltiple,S/D,Colisión,Agua,Horizontal,Cordón divisorio,Sin restricción
2021,4968,2021-09-06,Lunes,20:00:00,,0.0,2,"Moto/Ciclomotor,Peatón",Libertad 1900,2,1,0,0,1,0,0,"-31.313465237617518,-60.66597819328",Camino Rural,,LAGUNA PAIVA,La Capital,Tierra,No existe,I,Dentro,Urbana,Otra Señal,No existe,Intersección,Bueno,Buena,Atardecer,Buen Tiempo,Múltiple,Peatón,Colisión,Ninguna,Faltante,Cordón divisorio,Sin restricción
2021,4969,2021-09-01,Miercoles,12:15:00,,0.0,2,"Automóvil,Moto/Ciclomotor",MARIANO MORENO Y LEY 1420,3,2,0,0,1,0,0,"-29.141255, -59.643189",Calle,,RECONQUISTA,General Obligado,Asfalto,No existe,IX,Dentro,Urbana,Otra Señal,No existe,Intersección,Bueno,Buena,Diurna,Buen Tiempo,Múltiple,S/D,Colisión,Ninguna,Faltante,Cordón divisorio,Sin restricción
2021,4970,2021-09-08,Miercoles,15:20:00,,0.0,2,"Automóvil,Moto/Ciclomotor",Florencio Sánchez Y Obrero,3,2,0,0,1,0,0,"-31.302450617328,-60.670533773183",Calle,,LAGUNA PAIVA,La Capital,Ripio,No existe,I,Dentro,Urbana,Otra Señal,No existe,Intersección,Bueno,Buena,Diurna,Buen Tiempo,Múltiple,S/D,Colisión,Ninguna,Faltante,Cordón divisorio,Sin restricción
2021,4972,2021-09-03,Viernes,13:20:00,,0.0,2,"Moto/Ciclomotor,Automóvil",ALVEAR  Y LEY 1420,2,1,0,0,1,0,0,"-29.142351, -59.643341",Calle,,RECONQUISTA,General Obligado,Asfalto,No existe,IX,Dentro,Urbana,Otra Señal,No existe,Intersección,Bueno,Buena,Diurna,Buen Tiempo,Múltiple,S/D,Colisión,Ninguna,Faltante,Cordón divisorio,Sin restricción
2021,4973,2021-09-04,Sabado,17:10:00,,0.0,2,"Moto/Ciclomotor,Automóvil",Calle 35-España Y Calle 44-27 de Abril,2,1,0,0,1,0,0,"-29.153231214226,-59.663940080097",Calle,,RECONQUISTA,General Obligado,"Asfalto,Tierra",No existe,IX,Dentro,Urbana,Otra Señal,No existe,Intersección,Bueno,Buena,Diurna,Buen Tiempo,Múltiple,S/D,Colisión,Ninguna,"Horizontal,Vertical",Cordón divisorio,Sin restricción
2021,4974,2021-09-04,Sabado,01:10:00,,0.0,2,"Moto/Ciclomotor,Automóvil",Calle 28 - San Lorenzo Y Calle 7-Sarmiento,2,1,0,0,1,0,0,"-29.139229180548,-59.651664063439",Calle,,RECONQUISTA,General Obligado,Asfalto,No existe,IX,Dentro,Urbana,Otra Señal,No existe,Intersección,Bueno,Buena,Diurna,Buen Tiempo,Múltiple,S/D,Colisión,Ninguna,Vertical,Cordón divisorio,Sin restricción
2021,4975,2021-09-06,Lunes,12:50:00,,0.0,2,"Automóvil,Moto/Ciclomotor",Calle 29-Alte Brown Y Calle 40 - Formosa,2,1,0,0,1,0,0,"-29.150132353201,-59.662233801512",Calle,,RECONQUISTA,General Obligado,Asfalto,No existe,IX,Dentro,Urbana,Otra Señal,No existe,Intersección,Bueno,Buena,Diurna,Buen Tiempo,Múltiple,S/D,Colisión,Ninguna,Faltante,Cordón divisorio,Sin restricción
2021,4976,2021-09-13,Lunes,18:00:00,Ruta Provincial 4,1.0,2,"Automóvil,Automóvil", ,4,2,0,0,2,0,0,"-31.29801358002761, -60.67980257745",Ruta,4,LAGUNA PAIVA,La Capital,Asfalto,Natural,I,Dentro,Rural,Otra Señal,No existe,Intersección,Bueno,Buena,Diurna,Buen Tiempo,Múltiple,S/D,Colisión,Ninguna,Horizontal,Cordón divisorio,Sin restricción
2021,4977,2021-09-07,Martes,12:05:00,,0.0,2,"Moto/Ciclomotor,Pickup/Utilitario",LEY 1420 Y SARMIENTO,2,1,0,0,1,0,0,"-29.140171, -59.643071",Calle,,RECONQUISTA,General Obligado,Asfalto,No existe,IX,Dentro,Urbana,Otra Señal,No existe,Intersección,Bueno,Buena,Diurna,Buen Tiempo,Múltiple,S/D,Colisión,Ninguna,Faltante,Cordón divisorio,Sin restricción