anio_acci,nro_acci,fecha,desc_dia,hora_aprox,desc_ruta,km,cant_participantes,desc_participante,calle_avenida_km,total,heridos_leves,heridos_graves,heridos_gravisimos,ilesos,fallecidos,sin_datos,posicion_XY,desc_tipo_via,desc_ruta_ori,desc_loc,desc_dpto,desc_tipo_calzada,desc_tipo_banquina,desc_unidad_regional,desc_lugar_calzada,desc_zona,desc_prioridad,desc_estado_semaforo,desc_lugar_via,desc_estado_via,desc_estado_visibilidad,desc_luminosidad,desc_estado_clima,desc_tipo_colision,desc_tipo_atropello,desc_tipo_hecho,desc_pres_calzada,desc_senializacion,desc_separacion_via,desc_restriccion
2021,4978,2021-09-07,Martes,09:15:00,,0.0,2,"Moto/Ciclomotor,Automóvil",Calle 33-Pueyrredon 1585,2,1,0,0,1,0,0,"-29.152883140409,-59.657125819579",Calle,,RECONQUISTA,General Obligado,Asfalto,No existe,IX,Dentro,Urbana,Otra Señal,Funciona,Intersección,Bueno,Buena,Diurna,Buen Tiempo,Múltiple,S/D,Colisión,Ninguna,Vertical,Cordón divisorio,Sin restricción
2021,4981,2021-09-07,Martes,11:40:00,,0.0,2,"Moto/Ciclomotor,Pickup/Utilitario",Calle 19-Habegger Y Calle 28 - San Lorenzo,2,1,0,0,1,0,0,"-29.145686809058,-59.652562092602",Calle,,RECONQUISTA,General Obligado,Asfalto,No existe,IX,Dentro,Urbana,Otra Señal,No existe,Intersección,Bueno,Buena,Diurna,Buen Tiempo,Múltiple,S/D,Colisión,Ninguna,Horizontal,Cordón divisorio,Sin restricción
2021,4982,2021-09-25,Sabado,22:00:00,Ruta Provincial 2,0.0,2,"Automóvil,Moto/Ciclomotor",Av. Pte. Perón 2400,2,1,0,0,1,0,0,"-31.305496289038,-60.657982000082",Ruta,2,LAGUNA PAIVA,La Capital,Asfalto,No existe,I,Dentro,Urbana,Otra Señal,No existe,Intersección,Bueno,Buena,"Nocturna,Con luz artificial",Buen Tiempo,Múltiple,S/D,Colisión,Ninguna,Faltante,Cordón divisorio,Sin restricción
2021,4983,2021-09-01,Miercoles,15:00:00,,0.0,2,"Moto/Ciclomotor,Moto/Ciclomotor",Calle 17-Bartolome Mitre Y Calle 24 - Olessio,2,1,0,0,1,0,0,"-29.14487700458,-59.649933878393",Calle,,RECONQUISTA,General Obligado,Asfalto,No existe,IX,Dentro,Urbana,Otra Señal,No existe,Intersección,Bueno,Buena,Diurna,Buen Tiempo,Múltiple,S/D,Colisión,Ninguna,Faltante,Cordón divisorio,Sin restricción
2021,4984,2021-09-28,Martes,21:55:00,,0.0,2,"Moto/Ciclomotor,Moto/Ciclomotor",Calle 12 San Martin Y Calle 17-Bartolome Mitre,2,2,0,0,0,0,0,"-29.145683188457,-59.642608654327",Calle,,RECONQUISTA,General Obligado,Asfalto,No existe,IX,Dentro,Urbana,Otra Señal,No existe,Intersección,Bueno,Buena,Diurna,Buen Tiempo,Múltiple,S/D,Colisión,Ninguna,Horizontal,Cordón divisorio,Sin restricción
2021,4985,2021-09-09,Jueves,18:00:00,Ruta Nacional 11,0.0,2,"Moto/Ciclomotor,Automóvil",Calle 13-Iturraspe Y Ruta Nacional 11,3,2,0,0,0,0,1,"-29.142109, -59.655806",Ruta,11,RECONQUISTA,General Obligado,Asfalto,No existe,IX,Dentro,Urbana,Otra Señal,No existe,Intersección,Bueno,Buena,Diurna,Buen Tiempo,Múltiple,S/D,Colisión,Ninguna,"Horizontal,Vertical",Cordón divisorio,Sin restricción
2021,4986,2021-09-26,Domingo,17:30:00,,0.0,2,"Bicicleta,Automóvil",Calle 10-Ludueña Y Calle 19-Habegger,3,2,0,0,1,0,0,"-29.14688474113,-59.641525379807",Calle,,RECONQUISTA,General Obligado,Asfalto,No existe,IX,Dentro,Urbana,Otra Señal,Funciona,Intersección,Bueno,Buena,Diurna,Buen Tiempo,Múltiple,Ciclista,Colisión,Ninguna,Faltante,Cordón divisorio,Sin restricción
2021,4987,2021-09-25,Sabado,02:10:00,,0.0,1,Moto/Ciclomotor,Calle 17-Bartolome Mitre Y Roca Pte.,1,1,0,0,0,0,0,"-29.145551060054,-59.643811539988",Calle,,RECONQUISTA,General Obligado,Asfalto,No existe,IX,Dentro,Urbana,Otra Señal,No existe,Intersección,Bueno,Buena,Diurna,Buen Tiempo,Múltiple,S/D,Colisión,Ninguna,Horizontal,Cordón divisorio,Sin restricción
2021,4988,2021-09-25,Sabado,20:50:00,,0.0,2,"Moto/Ciclomotor,Automóvil",Calle 23-Gral López Y Calle 4 - Ledesma,2,1,0,0,1,0,0,"-29.149460380832,-59.638109429657",Calle,,RECONQUISTA,General Obligado,Asfalto,No existe,IX,Dentro,Urbana,Otra Señal,No existe,Intersección,Bueno,Buena,Diurna,Buen Tiempo,Múltiple,S/D,Colisión,Ninguna,Faltante,Cordón divisorio,Sin restricción
2021,4990,2021-09-10,Viernes,21:05:00,,0.0,2,"Moto/Ciclomotor,Automóvil",Calle 10-Ludueña Y Calle 25-Rivadavia,3,2,0,0,1,0,0,"-29.150133836052,-59.641956038109",Calle,,RECONQUISTA,General Obligado,Asfalto,No existe,IX,Dentro,Urbana,Otra Señal,No existe,Intersección,Bueno,Buena,Nocturna,Buen Tiempo,Múltiple,S/D,Colisión,Ninguna,Faltante,Cordón divisorio,Sin restricción
2021,4991,2021-09-11,Sabado,16:10:00,,0.0,2,"Pickup/Utilitario,Moto/Ciclomotor",Calle 10-Ludueña Y Calle 13-Iturraspe,3,2,0,0,1,0,0,"-29.143658198455,-59.641094669094",Calle,,RECONQUISTA,General Obligado,Asfalto,No existe,IX,Dentro,Urbana,Otra Señal,No existe,Intersección,Bueno,Buena,Diurna,Buen Tiempo,Múltiple,S/D,Colisión,Ninguna,Faltante,Cordón divisorio,Sin restricción
2021,4992,2021-09-02,Jueves,13:00:00,,0.0,1,Bicicleta,Calle 23-Gral López 765,1,1,0,0,0,0,0,"-29.148540970973,-59.646308357578",Calle,,RECONQUISTA,General Obligado,Asfalto,No existe,IX,Dentro,Urbana,Otra Señal,No existe,Intersección,Bueno,Buena,Diurna,Buen Tiempo,Múltiple,S/D,Colisión,Ninguna,Faltante,Cordón divisorio,Sin restricción
2021,4994,2021-09-22,Miercoles,17:40:00,Ruta Provincial 70,0.0,2,"Automóvil,Moto/Ciclomotor",Rivadavia Y Ruta provincial 70,3,2,0,0,1,0,0,"-31.443343162536642,-60.92657089233",Ruta,70,ESPERANZA,Las Colonias,Asfalto,No existe,XI,Dentro,Urbana,Otra Señal,Funciona,Intersección,Bueno,Buena,Diurna,Buen Tiempo,Múltiple,S/D,Colisión,Ninguna,Vertical,Cordón divisorio,Sin restricción
2021,4996,2021-09-23,Jueves,18:20:00,,0.0,2,"Automóvil,Moto/Ciclomotor",Bv Poeta J Migno Y San Martin,3,1,0,0,2,0,0,"-30.575348694714,-59.92774553066",Avenida,,SAN JAVIER,San Javier,Asfalto,No existe,XIV,Dentro,Urbana,Otra Señal,No existe,Intersección,Bueno,Buena,Atardecer,Buen Tiempo,Múltiple,S/D,Colisión,Ninguna,Faltante,Cordón divisorio,Sin restricción
2021,4997,2021-09-26,Domingo,19:00:00,,0.0,2,"Bicicleta,Automóvil",Rivadavia Y 9 de Julio,2,1,0,0,1,0,0,"-31.455315386216,-60.93020059392",Calle,,ESPERANZA,Las Colonias,Asfalto,No existe,XI,Dentro,Urbana,Otra Señal,No existe,Intersección,Bueno,Buena,Diurna,Buen Tiempo,Múltiple,Ciclista,Colisión,Ninguna,Faltante,Cordón divisorio,Sin restricción
2021,4998,2021-09-24,Viernes,20:50:00,Ruta Provincial 1,5.0,1,Moto/Ciclomotor, ,1,1,0,0,0,0,0,"-31.612668005227885, -60.5847648419",Ruta,1,COLASTINE,La Capital,Asfalto,Natural,XIV,Dentro,Urbana,Otra Señal,No existe,Intersección,Bueno,Reducida,Nocturna,Buen Tiempo,Múltiple,S/D,Colisión,Ninguna,Horizontal,Cordón divisorio,Sin restricción
2021,4999,2021-09-29,Miercoles,08:45:00,,0.0,2,"Automóvil,Bicicleta",Domingo Faustino Sarmiento Y Laprida,2,1,0,0,1,0,0,"-31.443567188075,-60.929811013598",Calle,,ESPERANZA,Las Colonias,Asfalto,No existe,XI,Dentro,Urbana,Otra Señal,No existe,Intersección,Bueno,Buena,Nocturna,Buen Tiempo,Múltiple,Ciclista,Colisión,Ninguna,Horizontal,Cordón divisorio,Sin restricción
2021,5000,2021-09-28,Martes,23:55:00,Ruta Provincial 1,146.0,1,Moto/Ciclomotor, ,1,1,0,0,0,0,0,"-30.57265633388,-59.936738688739",Ruta,1,SAN JAVIER,San Javier,Asfalto,No existe,XIV,Dentro,Urbana,Otra Señal,No existe,Intersección,Bueno,Buena,Nocturna,Buen Tiempo,Múltiple,S/D,Colisión,Ninguna,Horizontal,Cordón divisorio,Sin restricción
2021,5001,2021-09-30,Jueves,17:20:00,,0.0,3,"Automóvil,Automóvil,Pickup/Utilitario",Almirante Brown Y Soler,4,2,0,0,2,0,0,"-31.461922811674,-60.92876138545",Calle,,ESPERANZA,Las Colonias,Asfalto,No existe,XI,Dentro,Urbana,Otra Señal,No existe,Intersección,Bueno,Buena,Diurna,Buen Tiempo,Múltiple,S/D,Colisión,Ninguna,Horizontal,Cordón divisorio,Sin restricción
2021,5002,2021-09-30,Jueves,20:45:00,,0.0,2,"Automóvil,Moto/Ciclomotor",H Irigoyen Y Santiago Cabral,3,1,0,0,2,0,0,"-30.575334779818,-59.935605856986",Calle,,SAN JAVIER,San Javier,Tierra,No existe,XIV,Dentro,Urbana,Otra Señal,No existe,Intersección,Bueno,Buena,Nocturna,Buen Tiempo,Múltiple,S/D,Colisión,Ninguna,Faltante,Cordón divisorio,Sin restricción
2021,5003,2021-09-11,Sabado,20:10:00,,0.0,1,Moto/Ciclomotor,Av. San Martin 800,2,1,0,0,0,0,1,"-29.91286111932,-59.828746939657",Avenida,,ALEJANDRA,San Javier,Tierra,No existe,XIV,Dentro,Urbana,Otra Señal,No existe,Intersección,Bueno,Buena,Nocturna,Buen Tiempo,Múltiple,S/D,Colisión,Ninguna,Faltante,Cordón divisorio,Sin restricción
2021,5004,2021-09-13,Lunes,16:25:00,,0.0,2,"Pickup/Utilitario,Automóvil",Mendoza Y Rivadavia,3,1,0,0,2,0,0,"-31.746499147613,-61.094920861464",Calle,,SAN CARLOS CENTRO,Las Colonias,Ripio,No existe,XI,Dentro,Urbana,Otra Señal,No existe,Intersección,Bueno,Buena,Diurna,Buen Tiempo,Múltiple,S/D,Colisión,Ninguna,Faltante,Cordón divisorio,Sin restricción
2021,5005,2021-09-17,Viernes,21:00:00,,0.0,2,"Automóvil,Moto/Ciclomotor",Almafuerte Y Scalabrini Ortiz,3,2,0,0,1,0,0,"-31.731610894203207,-61.09895646572",Calle,,SAN CARLOS CENTRO,Las Colonias,Ripio,No existe,XI,Dentro,Urbana,Otra Señal,No existe,Intersección,Bueno,Buena,Nocturna,Buen Tiempo,Múltiple,S/D,Colisión,Ninguna,Faltante,Cordón divisorio,Sin restricción
2021,5006,2021-09-20,Lunes,12:10:00,,0.0,2,"Pickup/Utilitario,Moto/Ciclomotor",Mitre Y 25 de Mayo,2,1,0,0,1,0,0,"-31.728069881063,-61.096123177997",Calle,,SAN CARLOS CENTRO,Las Colonias,Asfalto,No existe,XI,Dentro,Urbana,Otra Señal,No existe,Intersección,Bueno,Buena,Diurna,Buen Tiempo,Múltiple,S/D,Colisión,Ninguna,Faltante,Cordón divisorio,Sin restricción
2021,5008,2021-09-01,Miercoles,18:00:00,,0.0,2,"Automóvil,Moto/Ciclomotor",Gobernador Crespo Y Güemes,2,1,0,0,1,0,0,"-31.452118868901,-60.936317977689",Calle,,ESPERANZA,Las Colonias,Asfalto,No existe,XI,Dentro,Urbana,Otra Señal,No existe,Intersección,Bueno,Buena,Diurna,Buen Tiempo,Múltiple,S/D,Colisión,Ninguna,Faltante,Cordón divisorio,Sin restricción
2021,5009,2021-09-01,Miercoles,19:20:00,,0.0,2,"Automóvil,Moto/Ciclomotor",San Martin Y Soler,3,2,0,0,1,0,0,"-31.460735248136,-60.933947050201",Calle,,ESPERANZA,Las Colonias,Hormigón,No existe,XI,Dentro,Urbana,Otra Señal,No existe,Intersección,Bueno,Reducida,Atardecer,Buen Tiempo,Múltiple,S/D,Colisión,Ninguna,Faltante,Cordón divisorio,Sin restricción
2021,5010,2021-09-24,Viernes,09:40:00,Ruta Provincial 6,0.0,2,"Moto/Ciclomotor,Moto/Ciclomotor",Entre Ríos Y San Martin,2,1,0,0,1,0,0,"-31.745066396246,-61.097415570917",Ruta,6,SAN CARLOS CENTRO,Las Colonias,Asfalto,No existe,XI,Dentro,Urbana,Otra Señal,No existe,Intersección,Bueno,Buena,Diurna,Buen Tiempo,Múltiple,S/D,Colisión,Ninguna,Faltante,Cordón divisorio,Sin restricción
2021,5011,2021-09-04,Sabado,09:30:00,Ruta Provincial 70,0.0,2,"Automóvil,Moto/Ciclomotor",A Aufranc Y Nicolas Schneider,2,1,0,0,1,0,0,"-31.444416676687,-60.922082524232",Ruta,70,ESPERANZA,Las Colonias,Asfalto,No existe,XI,Dentro,Urbana,Otra Señal,Funciona,Intersección,Bueno,Buena,Diurna,Buen Tiempo,Múltiple,S/D,Colisión,Ninguna,Vertical,Cordón divisorio,Sin restricción
2021,5012,2021-09-06,Lunes,09:35:00,,0.0,2,"Moto/Ciclomotor,Automóvil",Domingo Faustino Sarmiento Y Gregorio Donnet,2,1,0,0,1,0,0,"-31.444413219624,-60.930045531342",Calle,,ESPERANZA,Las Colonias,Asfalto,No existe,XI,Dentro,Urbana,Otra Señal,No existe,Intersección,Bueno,Buena,Diurna,Buen Tiempo,Múltiple,S/D,Colisión,Ninguna,"Horizontal,Vertical",Cordón divisorio,Sin restricción
2021,5013,2021-09-22,Miercoles,19:40:00,,0.0,2,"Automóvil,Moto/Ciclomotor",Almafuerte Y Sarmiento,3,2,0,0,1,0,0,"-31.732199482182,-61.095665333853",Calle,,SAN CARLOS CENTRO,Las Colonias,Asfalto,No existe,XI,Dentro,Urbana,Otra Señal,No existe,Intersección,Bueno,Buena,Nocturna,Buen Tiempo,Múltiple,S/D,Colisión,Ninguna,Faltante,Cordón divisorio,Sin restricción
2021,5014,2021-09-06,Lunes,14:30:00,,0.0,2,"Automóvil,Moto/Ciclomotor",Cullen Y Domingo Faustino Sarmiento,2,1,0,0,1,0,0,"-31.452125024971,-60.932383536729",Calle,,ESPERANZA,Las Colonias,Hormigón,No existe,XI,Dentro,Urbana,Otra Señal,No existe,Intersección,Bueno,Buena,Diurna,Buen Tiempo,Múltiple,S/D,Colisión,Ninguna,Faltante,Cordón divisorio,Sin restricción
2021,5015,2021-09-07,Martes,18:40:00,,0.0,2,"Automóvil,Bicicleta",Marcos Avellaneda Y Mariano Moreno,4,2,0,0,2,0,0,"-31.453588548913,-60.933891906558",Calle,,ESPERANZA,Las Colonias,Hormigón,No existe,XI,Dentro,Urbana,Otra Señal,No existe,Intersección,Resbaladiza,Buena,Atardecer,Lluvia,Múltiple,Ciclista,Colisión,Agua,Horizontal,Cordón divisorio,Sin restricción
2021,5016,2021-09-08,Miercoles,14:30:00,,0.0,2,"Moto/Ciclomotor,Automóvil",Av. Los Colonizadores Y Maipú,2,1,0,0,1,0,0,"-31.451480082958,-60.919300789539",Avenida,,ESPERANZA,Las Colonias,Asfalto,No existe,XI,Dentro,Urbana,Otra Señal,No existe,Intersección,Bueno,Buena,Diurna,Buen Tiempo,Múltiple,S/D,Colisión,Ninguna,Faltante,Cordón divisorio,Sin restricción
2021,5017,2021-09-23,Jueves,19:30:00,,0.0,2,"Automóvil,Moto/Ciclomotor",Av. A del Valle Y Huergo,3,1,0,0,1,0,1,"-31.614650580253,-60.696647748024",Avenida,,SANTA FE,La Capital,Asfalto,No existe,I,Dentro,Urbana,Otra Señal,Funciona,Intersección,Bueno,Buena,Diurna,Buen Tiempo,Múltiple,S/D,Colisión,Ninguna,Vertical,Cordón divisorio,Sin restricción
2021,5018,2021-09-11,Sabado,16:00:00,,0.0,2,"Automóvil,Automóvil",Av. Córdoba Y General Paz,3,1,0,0,2,0,0,"-31.448195968567,-60.933212488872",Avenida,,ESPERANZA,Las Colonias,Asfalto,No existe,XI,Dentro,Urbana,Otra Señal,No existe,Intersección,Bueno,Buena,Diurna,Buen Tiempo,Múltiple,S/D,Colisión,Ninguna,Faltante,Cordón divisorio,Sin restricción
2021,5019,2021-09-24,Viernes,23:15:00,,0.0,2,"Automóvil,Automóvil",Alvear Y Llerena,2,1,0,0,1,0,0,"-31.615096488764,-60.690096035422",Calle,,SANTA FE,La Capital,Asfalto,No existe,I,Dentro,Urbana,Otra Señal,No existe,Intersección,Bueno,Buena,Nocturna,Buen Tiempo,Múltiple,S/D,Colisión,Ninguna,Faltante,Cordón divisorio,Sin restricción
2021,5020,2021-09-15,Miercoles,13:00:00,,0.0,2,"Automóvil,Moto/Ciclomotor",López y Planes Y Mariano Moreno,3,2,0,0,1,0,0,"-31.455253384602,-60.93438184486",Calle,,ESPERANZA,Las Colonias,Asfalto,No existe,XI,Dentro,Urbana,Otra Señal,No existe,Intersección,Bueno,Buena,Diurna,Buen Tiempo,Múltiple,S/D,Colisión,Ninguna,Vertical,Cordón divisorio,Sin restricción
2021,5021,2021-09-26,Domingo,11:34:00,,0.0,2,"Moto/Ciclomotor,Taxi/Remis",Belgrano Y J Castelli,2,1,0,0,1,0,0,"-31.607381162466,-60.690102345724",Calle,,SANTA FE,La Capital,Asfalto,No existe,I,Dentro,Urbana,Otra Señal,No existe,Intersección,Bueno,Buena,Diurna,Buen Tiempo,Múltiple,S/D,Colisión,Agua,Faltante,Cordón divisorio,Sin restricción
2021,5022,2021-09-25,Sabado,20:05:00,,0.0,2,"Moto/Ciclomotor,Automóvil",Córdoba Y Saavedra,2,1,0,0,1,0,0,"-31.741375315306,-61.100875434857",Calle,,SAN CARLOS CENTRO,Las Colonias,Ripio,No existe,XI,Dentro,Urbana,Otra Señal,No existe,Intersección,Bueno,Buena,Diurna,Buen Tiempo,Múltiple,S/D,Colisión,Ninguna,Faltante,Cordón divisorio,Sin restricción
2021,5023,2021-09-18,Sabado,12:15:00,,0.0,2,"Moto/Ciclomotor,Pickup/Utilitario", ,2,1,0,0,1,0,0,"-31.40084351707876,-61.082358189520",Camino Rural,,HUMBOLDT,Las Colonias,Tierra,No existe,XI,Dentro,Rural,Otra Señal,No existe,Intersección,Bueno,Buena,Diurna,Buen Tiempo,Múltiple,S/D,Colisión,Ninguna,Faltante,Cordón divisorio,Sin restricción
2021,5024,2021-09-27,Lunes,08:35:00,,0.0,2,"Automóvil,Automóvil",Libertad Y Sargento Cabral,4,1,0,0,3,0,0,"-31.75198495388033,-61.102373600006",Calle,,SAN CARLOS SUR,Las Colonias,Ripio,No existe,XI,Dentro,Urbana,Otra Señal,No existe,Intersección,Bueno,Buena,Diurna,Buen Tiempo,Múltiple,S/D,Colisión,Ninguna,S/D,Cordón divisorio,Sin restricción
2021,5025,2021-09-02,Jueves,04:20:00,Ruta Provincial 70,38.0,1,Pickup/Utilitario, ,3,3,0,0,0,0,0,"-31.387696, -61.099538",Ruta,70,HUMBOLDT,Las Colonias,Asfalto,Natural,XI,Fuera,Rural,Otra Señal,No existe,Intersección,Bueno,Reducida,Nocturna,Buen Tiempo,Múltiple,S/D,Colisión,Agua,Faltante,Cordón divisorio,Sin restricción
2021,5026,2021-09-16,Jueves,14:00:00,,0.0,2,"Automóvil,Moto/Ciclomotor",Dr. Gálvez Y Saavedra,2,1,0,0,1,0,0,"-31.455288592249,-60.938201103388",Calle,,ESPERANZA,Las Colonias,Asfalto,No existe,XI,Dentro,Urbana,Otra Señal,No existe,Intersección,Bueno,Buena,Diurna,Buen Tiempo,Múltiple,S/D,Colisión,Ninguna,Horizontal,Cordón divisorio,Sin restricción
2021,5028,2021-09-22,Miercoles,11:20:00,Ruta Provincial 70,0.0,2,"Moto/Ciclomotor,Camión c / Acoplado",M M T de Hoenfels Y Ruta provincial 70,3,2,0,0,1,0,0,"-31.439890143128,-60.941203262575",Ruta,70,ESPERANZA,Las Colonias,Asfalto,No existe,XI,Dentro,Urbana,Otra Señal,No existe,Intersección,Bueno,Buena,Diurna,Buen Tiempo,Múltiple,S/D,Colisión,Ninguna,Vertical,Cordón divisorio,Sin restricción
2021,5029,2021-09-04,Sabado,22:00:00,,0.0,2,"Peatón,Moto/Ciclomotor",Av. Belgrano ,4,0,0,1,3,0,0,"-32.995101071834,-60.76656714997",Avenida,,PEREZ,Rosario,Asfalto,No existe,II,Dentro,Urbana,Otra Señal,No existe,Intersección,Bueno,Reducida,Nocturna,Buen Tiempo,Múltiple,Peatón,Colisión,Ninguna,Faltante,Cordón divisorio,Sin restricción
2021,5031,2021-09-26,Domingo,14:27:00,,0.0,2,"Moto/Ciclomotor,Taxi/Remis",Avellaneda Y Lavaisse,2,1,0,0,1,0,0,"-31.616004792697,-60.681334497606",Calle,,SANTA FE,La Capital,Asfalto,No existe,I,Dentro,Urbana,Otra Señal,No existe,Intersección,Bueno,Buena,Diurna,Buen Tiempo,Múltiple,S/D,Colisión,Ninguna,Faltante,Cordón divisorio,Sin restricción
2021,5033,2021-09-27,Lunes,19:40:00,,0.0,2,"Moto/Ciclomotor,Automóvil",Av. Gral. Paz Y Ricardo Aldao,2,1,0,0,1,0,0,"-31.613276265706,-60.680571661005",Avenida,,SANTA FE,La Capital,Asfalto,No existe,I,Dentro,Urbana,Otra Señal,No existe,Intersección,Bueno,Buena,Nocturna,Buen Tiempo,Múltiple,S/D,Colisión,Ninguna,Horizontal,Cordón divisorio,Sin restricción
2021,5034,2021-09-04,Sabado,09:10:00,Ruta Nacional 11,0.0,2,"Pickup/Utilitario,Moto/Ciclomotor",Combate de San Lorenzo ,2,1,0,0,1,0,0,"-30.362792172581,-60.396957269143",Ruta,11,GOBERNADOR CRESPO,San Justo,Asfalto,No existe,II,Dentro,Urbana,Otra Señal,No existe,Intersección,Bueno,Buena,Diurna,Buen Tiempo,Múltiple,S/D,Colisión,Ninguna,Horizontal,Cordón divisorio,Sin restricción
2021,5036,2021-09-28,Martes,12:55:00,,0.0,2,"Automóvil,Automóvil",Laprida Y Salvador del Carril,2,1,0,0,1,0,0,"-31.62166714668276,-60.679453611373",Calle,,SANTA FE,La Capital,Asfalto,No existe,I,Dentro,Urbana,Otra Señal,No existe,Intersección,Bueno,Buena,Diurna,Buen Tiempo,Múltiple,S/D,Colisión,Ninguna,Faltante,Cordón divisorio,Sin restricción
2021,5041,2021-09-08,Miercoles,08:30:00,,0.0,2,"Moto/Ciclomotor,Pickup/Utilitario",Belgrano Y Saavedra,3,1,0,0,2,0,0,"-29.229037754234,-61.775164957273",Calle,,TOSTADO,9 de Julio,Asfalto,No existe,XII,Dentro,Urbana,Otra Señal,No existe,Intersección,Bueno,Buena,Diurna,Buen Tiempo,Múltiple,S/D,Colisión,Ninguna,Faltante,Cordón divisorio,Sin restricción
2021,5042,2021-09-10,Viernes,20:30:00,,0.0,2,"Automóvil,Moto/Ciclomotor",Pellegrini Y San Nicolas,2,1,0,0,1,0,0,"-33.031742052372,-60.639672023676",Calle,,VILLA GOBERNADOR GÁLVEZ,Rosario,Asfalto,No existe,II,Dentro,Urbana,Otra Señal,No existe,Intersección,Bueno,Buena,Nocturna,Buen Tiempo,Múltiple,S/D,Colisión,Ninguna,Faltante,Cordón divisorio,Sin restricción
2021,5043,2021-09-06,Lunes,21:50:00,,0.0,1,Moto/Ciclomotor,Elorza Y Pedro Ríos,1,1,0,0,0,0,0,"-32.916283776557,-60.813569907189",Calle,,FUNES,Rosario,Asfalto,No existe,II,Dentro,Urbana,Otra Señal,No existe,Intersección,Con baches,Buena,Nocturna,Buen Tiempo,Múltiple,S/D,Colisión,Ninguna,"Horizontal,Vertical",Cordón divisorio,Sin restricción
2021,5044,2021-09-08,Miercoles,08:57:00,,0.0,2,"Moto/Ciclomotor,Moto/Ciclomotor",Avenida Rivadavia Y San Lorenzo,2,1,0,0,1,0,0,"-29.232858656452,-61.769302513859",Avenida,,TOSTADO,9 de Julio,Asfalto,No existe,XII,Dentro,Urbana,Otra Señal,No existe,Intersección,Bueno,Buena,Diurna,Buen Tiempo,Múltiple,S/D,Colisión,Ninguna,Faltante,Cordón divisorio,Sin restricción
2021,5045,2021-09-10,Viernes,03:50:00,,0.0,2,"Automóvil,Moto/Ciclomotor",Av. Filipini Y Bv San diego,2,1,0,0,1,0,0,"-33.019437542113,-60.636436579866",Calle,,VILLA GOBERNADOR GÁLVEZ,Rosario,Asfalto,No existe,II,Dentro,Urbana,Otra Señal,Funciona,Intersección,Bueno,Buena,Diurna,Buen Tiempo,Múltiple,S/D,Colisión,Ninguna,Vertical,Cordón divisorio,Sin restricción
2021,5046,2021-09-14,Martes,12:35:00,,0.0,2,"Bicicleta,Moto/Ciclomotor",25 de Mayo Y Saavedra,2,1,0,0,1,0,0,"-29.229033421835,-61.773792102333",Calle,,TOSTADO,9 de Julio,Asfalto,Ripio,XII,Dentro,Urbana,Otra Señal,No existe,Intersección,Bueno,Buena,Diurna,Buen Tiempo,Múltiple,Ciclista,Colisión,Ninguna,Faltante,Cordón divisorio,Sin restricción
2021,5047,2021-09-14,Martes,08:15:00,,0.0,2,"Moto/Ciclomotor,Automóvil",Av. Fuerza Aérea Y Los Pumas,2,1,0,0,1,0,0,"-32.928681967183,-60.799522466248",Avenida,,FUNES,Rosario,Asfalto,No existe,II,Dentro,Urbana,Otra Señal,No existe,Intersección,Bueno,Buena,Diurna,Buen Tiempo,Múltiple,S/D,Colisión,Ninguna,Faltante,Cordón divisorio,Sin restricción
2021,5048,2021-09-09,Jueves,17:50:00,,0.0,2,"Automóvil,Automóvil",Buenos Aires Y Ing. Mosconi,3,1,0,0,2,0,0,"-33.025778832681,-60.638558606843",Calle,,VILLA GOBERNADOR GÁLVEZ,Rosario,Asfalto,No existe,II,Dentro,Urbana,Otra Señal,No existe,Intersección,Bueno,Buena,Atardecer,Buen Tiempo,Múltiple,S/D,Colisión,Ninguna,Vertical,Cordón divisorio,Sin restricción
2021,5049,2021-09-12,Domingo,15:30:00,,0.0,2,"Automóvil,Moto/Ciclomotor",Mitre 1600,2,1,0,0,1,0,0,"-33.024505702188,-60.634492902162",Calle,,VILLA GOBERNADOR GÁLVEZ,Rosario,Asfalto,No existe,II,Dentro,Urbana,Otra Señal,Funciona,Intersección,Bueno,Buena,Diurna,Buen Tiempo,Múltiple,S/D,Colisión,Ninguna,Vertical,Cordón divisorio,Sin restricción