anio_acci,nro_acci,fecha,desc_dia,hora_aprox,desc_ruta,km,cant_participantes,desc_participante,calle_avenida_km,total,heridos_leves,heridos_graves,heridos_gravisimos,ilesos,fallecidos,sin_datos,posicion_XY,desc_tipo_via,desc_ruta_ori,desc_loc,desc_dpto,desc_tipo_calzada,desc_tipo_banquina,desc_unidad_regional,desc_lugar_calzada,desc_zona,desc_prioridad,desc_estado_semaforo,desc_lugar_via,desc_estado_via,desc_estado_visibilidad,desc_luminosidad,desc_estado_clima,desc_tipo_colision,desc_tipo_atropello,desc_tipo_hecho,desc_pres_calzada,desc_senializacion,desc_separacion_via,desc_restriccion
2021,5050,2021-09-13,Lunes,07:30:00,,0.0,2,"Moto/Ciclomotor,Bicicleta",Magallanes Y Pellegrini,2,1,0,0,1,0,0,"-33.031613798189,-60.635657063491",Calle,,VILLA GOBERNADOR GÁLVEZ,Rosario,Hormigón,No existe,II,Dentro,Urbana,Otra Señal,No existe,Intersección,Bueno,Buena,Diurna,Buen Tiempo,Múltiple,Ciclista,Colisión,Ninguna,Faltante,Cordón divisorio,Sin restricción
2021,5051,2021-09-18,Sabado,21:45:00,,0.0,2,"Pickup/Utilitario,Moto/Ciclomotor",Av. Filipini Y Jaures,2,1,0,0,1,0,0,"-33.02039648277,-60.636694984446",Avenida,,VILLA GOBERNADOR GÁLVEZ,Rosario,Asfalto,No existe,II,Dentro,Urbana,Otra Señal,No existe,Intersección,Bueno,Buena,"Nocturna,Con luz artificial",Buen Tiempo,Múltiple,S/D,Colisión,Ninguna,Faltante,Cordón divisorio,Sin restricción
2021,5052,2021-09-18,Sabado,18:50:00,,0.0,2,"Moto/Ciclomotor,Pickup/Utilitario",Rio Negro Y San Juan,2,1,0,0,1,0,0,"-29.228007389512,-61.763393814234",Calle,,TOSTADO,9 de Julio,Ripio,No existe,XII,Dentro,Urbana,Otra Señal,No existe,Intersección,S/D,Buena,Diurna,Buen Tiempo,Múltiple,S/D,Colisión,S/D,Faltante,Cordón divisorio,Sin restricción
2021,5053,2021-09-18,Sabado,00:05:00,,0.0,2,"Automóvil,Moto/Ciclomotor",Av. Filipini Y Soldado Aguirre,2,1,0,0,1,0,0,"-33.029546507718,-60.637033720956",Avenida,,VILLA GOBERNADOR GÁLVEZ,Rosario,Asfalto,No existe,II,Dentro,Urbana,Otra Señal,No existe,Intersección,Bueno,Reducida,"Nocturna,Con luz artificial",Buen Tiempo,Múltiple,S/D,Colisión,Ninguna,Faltante,Cordón divisorio,Sin restricción
2021,5054,2021-09-27,Lunes,08:40:00,,0.0,2,"Automóvil,Moto/Ciclomotor",Alberdi Y Chubut,2,1,0,0,1,0,0,"-33.033444359437,-60.622198822614",Calle,,VILLA GOBERNADOR GÁLVEZ,Rosario,Asfalto,No existe,II,Dentro,Urbana,Otra Señal,No existe,Intersección,Bueno,Buena,Diurna,Buen Tiempo,Múltiple,S/D,Colisión,Ninguna,Faltante,Cordón divisorio,Sin restricción
2021,5056,2021-09-27,Lunes,14:00:00,,0.0,2,"Automóvil,Moto/Ciclomotor",Av. Juan Domingo Perón Y Pasteur,3,1,0,0,2,0,0,"-33.026344292288,-60.625718535959",Avenida,,VILLA GOBERNADOR GÁLVEZ,Rosario,Asfalto,No existe,II,Dentro,Urbana,Otra Señal,No existe,Intersección,Bueno,Buena,Diurna,Buen Tiempo,Múltiple,S/D,Colisión,Ninguna,Horizontal,Cordón divisorio,Sin restricción
2021,5058,2021-09-09,Jueves,21:35:00,,0.0,2,"Moto/Ciclomotor,Automóvil",3 de Febrero Y Justo Juan Bautista,2,1,0,0,1,0,0,"-33.150507039458,-60.513908984599",Calle,,ARROYO SECO,Rosario,Asfalto,No existe,II,Dentro,Urbana,Otra Señal,No existe,Intersección,Resbaladiza,Buena,Nocturna,Lluvia,Múltiple,S/D,Colisión,Agua,Horizontal,Cordón divisorio,Sin restricción
2021,5059,2021-09-27,Lunes,07:15:00,Ruta Nacional 98,0.0,2,"Moto/Ciclomotor,Moto/Ciclomotor", ,2,2,0,0,0,0,0,"-29.15959, -61.86404",Ruta,98,TOSTADO,9 de Julio,Asfalto,Pavimento,XII,Dentro,Rural,Otra Señal,No existe,Intersección,Bueno,Buena,Diurna,Buen Tiempo,Múltiple,S/D,Colisión,Ninguna,Faltante,Cordón divisorio,Sin restricción
2021,5060,2021-09-14,Martes,16:00:00,,0.0,2,"Automóvil,Automóvil",AV FUERZA AÉREA Y PUENTE AEROPUERTO,3,2,0,0,1,0,0,"-32.927867, -60.777752",Avenida,,FUNES,Rosario,Asfalto,Natural,II,Dentro,Urbana,Otra Señal,No existe,Intersección,Bueno,Buena,Diurna,Buen Tiempo,Múltiple,S/D,Colisión,Ninguna,"Horizontal,Vertical",Cordón divisorio,Sin restricción
2021,5061,2021-09-22,Miercoles,09:30:00,,0.0,2,"Moto/Ciclomotor,Moto/Ciclomotor",Adolfo Calvo Y Hipólito Irigoyen,2,2,0,0,0,0,0,"-32.909822922851,-60.808786163406",Calle,,FUNES,Rosario,Ripio,No existe,II,Dentro,Urbana,Otra Señal,No existe,Intersección,Bueno,Buena,Diurna,Buen Tiempo,Múltiple,S/D,Colisión,Ninguna,Faltante,Cordón divisorio,Sin restricción
2021,5062,2021-09-01,Miercoles,19:10:00,Ruta Nacional 9,0.0,3,"Automóvil,Automóvil,Pickup/Utilitario",Gral. López Y Ruta Nacional 9,3,1,0,0,2,0,0,"-32.920224, -60.818405",Ruta,9,FUNES,Rosario,Asfalto,Ripio,II,Dentro,Urbana,Otra Señal,No existe,Intersección,Resbaladiza,Reducida,Nocturna,Lluvia,Múltiple,S/D,Colisión,Agua,Horizontal,Cordón divisorio,Sin restricción
2021,5063,2021-09-30,Jueves,21:40:00,,0.0,1,Moto/Ciclomotor,12 de Octubre Y Cristóbal Colon,2,1,0,0,1,0,0,"-28.615880686847,-61.631944749586",Calle,,VILLA MINETTI,9 de Julio,Ripio,No existe,XII,Dentro,Urbana,Otra Señal,No existe,Intersección,Bueno,Reducida,Nocturna,Buen Tiempo,Múltiple,S/D,Colisión,Otro,Vertical,Cordón divisorio,Sin restricción
2021,5066,2021-09-27,Lunes,13:10:00,,0.0,2,"Pickup/Utilitario,Moto/Ciclomotor",25 de Mayo Y Juan de Garay,3,2,0,0,1,0,0,"-28.620070564113,-61.626718927283",Calle,,VILLA MINETTI,9 de Julio,Ripio,No existe,XII,Dentro,Urbana,Otra Señal,No existe,Intersección,Bueno,Buena,Diurna,Buen Tiempo,Múltiple,S/D,Colisión,Ninguna,Faltante,Cordón divisorio,Sin restricción
2021,5068,2021-09-12,Domingo,15:00:00,,0.0,1,Automóvil,CAMINO RURAL ,5,1,0,0,4,0,0,"-32.743484973907485,-61.80537521839",Camino Rural,,TORTUGAS,Belgrano,Ripio,No existe,III,Dentro,Rural,Otra Señal,No existe,Intersección,Bueno,Buena,Diurna,Buen Tiempo,Múltiple,S/D,Colisión,Agua,Faltante,Cordón divisorio,Sin restricción
2021,5069,2021-09-19,Domingo,19:00:00,Ruta Secundaria 292-s,8.0,2,"Pickup/Utilitario,Automóvil", ,5,1,0,0,4,0,0,"-28.62526, -61.61187",Ruta,292-s,VILLA MINETTI,9 de Julio,Asfalto,Natural,XII,Dentro,Urbana,Otra Señal,No existe,Intersección,Bueno,Buena,Diurna,Buen Tiempo,Múltiple,S/D,Colisión,Ninguna,Faltante,Cordón divisorio,Sin restricción
2021,5070,2021-09-19,Domingo,11:30:00,Autovía Nacional 19,7.6,2,"Moto/Ciclomotor,Bicicleta", ,2,2,0,0,0,0,0,"-31.656613, -60.857097",Autovía,19,COLONIA SAN JOSÉ.,Las Colonias,Asfalto,Natural,XI,Dentro,Urbana,Otra Señal,No existe,Intersección,Bueno,Buena,Diurna,Buen Tiempo,Múltiple,Ciclista,Colisión,Ninguna,"Horizontal,Vertical",Cordón divisorio,Sin restricción
2021,5071,2021-09-28,Martes,19:00:00,,0.0,2,"Moto/Ciclomotor,Bicicleta",Bv 14 de Diciembre Y Dr. José Iraci,2,1,0,0,1,0,0,"-32.781122851936,-61.606554321001",Avenida,,ARMSTRONG,Belgrano,Asfalto,No existe,III,Dentro,Urbana,Otra Señal,No existe,Intersección,Bueno,Buena,Diurna,Buen Tiempo,Múltiple,Ciclista,Colisión,Ninguna,Faltante,Cordón divisorio,Sin restricción
2021,5072,2021-09-20,Lunes,19:40:00,,0.0,2,"Moto/Ciclomotor,Automóvil",Perú Y San Luis,2,1,0,0,1,0,0,"-32.782794659969,-61.608356045512",Calle,,ARMSTRONG,Belgrano,Asfalto,No existe,III,Dentro,Urbana,Otra Señal,No existe,Intersección,Bueno,Buena,"Nocturna,Con luz artificial",Buen Tiempo,Múltiple,S/D,Colisión,Ninguna,Faltante,Cordón divisorio,Sin restricción
2021,5073,2021-09-04,Sabado,21:00:00,,0.0,2,"Bicicleta,Pickup/Utilitario",Bv 14 de Diciembre 1600,3,1,0,0,2,0,0,"-32.781595087407,-61.603825295109",Calle,,ARMSTRONG,Belgrano,Asfalto,No existe,III,Dentro,Urbana,Otra Señal,No existe,Intersección,Bueno,Buena,"Nocturna,Con luz artificial",Buen Tiempo,Múltiple,Ciclista,Colisión,Ninguna,Faltante,Cordón divisorio,Sin restricción
2021,5074,2021-09-02,Jueves,03:30:00,,0.0,2,"Moto/Ciclomotor,Automóvil", ,3,2,0,0,1,0,0,"-31.106847936095,-60.095031186542",Camino Rural,,HELVECIA,Garay,Tierra,S/D,VII,Dentro,Rural,Otra Señal,S/D,Intersección,S/D,S/D,S/D,S/D,Múltiple,S/D,Colisión,S/D,S/D,Cordón divisorio,Sin restricción
2021,5075,2021-09-07,Martes,16:30:00,,0.0,2,"Moto/Ciclomotor,Camión c / Acoplado",Ayacucho Y 27 de setiembre,2,0,0,0,1,1,0,"-31.239, -61.4956",Calle,,RAFAELA,Castellanos,Asfalto,No existe,V,S/D,Urbana,Otra Señal,No existe,Intersección,Bueno,S/D,Diurna,S/D,Múltiple,S/D,Colisión,Ninguna,Faltante,Cordón divisorio,Sin restricción
2021,5076,2021-09-04,Sabado,17:00:00,Autopista Nacional Rosario -Cordoba,374.0,1,Camión c / Acoplado, ,1,1,0,0,0,0,0,"-32.82322044894884, -61.52580467157",Autopista,Rosario -Cordoba,ARMSTRONG,Belgrano,Asfalto,Natural,III,Dentro,Rural,Otra Señal,No existe,Intersección,Bueno,Buena,Diurna,Lluvia,Múltiple,S/D,Colisión,Agua,Horizontal,Cordón divisorio,Sin restricción
2021,5077,2021-09-04,Sabado,04:25:00,,0.0,2,"Automóvil,Pickup/Utilitario",Bv Bell Ville Y Dr. Ricardo Fischer,7,4,0,0,3,0,0,"-32.789373762024,-61.607129613046",Calle,,ARMSTRONG,Belgrano,Asfalto,No existe,III,Dentro,Urbana,Otra Señal,No existe,Intersección,Bueno,Buena,Nocturna,Buen Tiempo,Múltiple,S/D,Colisión,Ninguna,Faltante,Cordón divisorio,Sin restricción
2021,5079,2021-09-29,Miercoles,10:05:00,,0.0,2,"Moto/Ciclomotor,Automóvil",Avenida 17 Y Calle 20,2,1,0,0,1,0,0,"-32.680822840945,-61.517924750336",Calle,,LAS PAREJAS,Belgrano,Hormigón,No existe,III,Dentro,Urbana,Otra Señal,No existe,Intersección,Bueno,Buena,Diurna,Buen Tiempo,Múltiple,S/D,Colisión,Ninguna,Faltante,Cordón divisorio,Sin restricción
2021,5080,2021-09-11,Sabado,23:30:00,,0.0,2,"Moto/Ciclomotor,Pickup/Utilitario",Boulevard Ocampo Y Presidente B Rivadavia,3,2,0,0,1,0,0,"-31.103982031345367,-60.09090453386",Avenida,,HELVECIA,Garay,Asfalto,No existe,VII,Dentro,Urbana,Otra Señal,No existe,Intersección,Bueno,Buena,Nocturna,Buen Tiempo,Múltiple,S/D,Colisión,Ninguna,Faltante,Cordón divisorio,Sin restricción
2021,5081,2021-09-23,Jueves,18:00:00,Ruta Nacional 178,0.0,1,Moto/Ciclomotor,Avenida 13 Y Calle 10,1,1,0,0,0,0,0,"-32.685756209998,-61.524106505021",Ruta,178,LAS PAREJAS,Belgrano,Hormigón,No existe,III,Dentro,Urbana,Otra Señal,No existe,Intersección,Bueno,Buena,Diurna,Buen Tiempo,Múltiple,S/D,Colisión,Ninguna,"Horizontal,Vertical",Cordón divisorio,Sin restricción
2021,5082,2021-09-11,Sabado,02:15:00,,0.0,2,"Moto/Ciclomotor,Moto/Ciclomotor",Calle 7 Y Calle 96,2,0,0,0,1,1,0,"-31.43954, -62.06581",Calle,,FRONTERA,Castellanos,Asfalto,S/D,V,S/D,Urbana,Otra Señal,S/D,Intersección,Bueno,S/D,Nocturna,S/D,Múltiple,S/D,Colisión,S/D,Faltante,Cordón divisorio,Sin restricción
2021,5083,2021-09-23,Jueves,12:50:00,,0.0,2,"Moto/Ciclomotor,Automóvil",Calle 11 Y Calle 26,2,1,0,0,1,0,0,"-32.682643153014,-61.512401185474",Calle,,LAS PAREJAS,Belgrano,Hormigón,No existe,III,Dentro,Urbana,Otra Señal,No existe,Intersección,Bueno,Buena,Diurna,Buen Tiempo,Múltiple,S/D,Colisión,Ninguna,Faltante,Cordón divisorio,Sin restricción
2021,5084,2021-09-18,Sabado,20:30:00,Ruta Provincial 1,120.0,1,Moto/Ciclomotor, ,2,1,0,0,1,0,0,"-30.817024, -60.007777",Ruta,1,COLONIA MASCIAS,Garay,Asfalto,Natural,VII,Dentro,Urbana,Otra Señal,No existe,Intersección,Bueno,Buena,Nocturna,Buen Tiempo,Múltiple,S/D,Colisión,Ninguna,Horizontal,Cordón divisorio,Sin restricción
2021,5085,2021-09-24,Viernes,15:30:00,Ruta Provincial 95,873.0,1,Pickup/Utilitario, ,2,1,0,0,1,0,0,"-28.40601, -61.47903",Ruta,95,VILLA MINETTI,9 de Julio,Asfalto,Natural,XII,Fuera,Rural,Otra Señal,No existe,Intersección,Ahuellamiento,Buena,Diurna,Buen Tiempo,Múltiple,S/D,Colisión,Ninguna,Horizontal,Cordón divisorio,Sin restricción
2021,5086,2021-09-17,Viernes,19:10:00,,0.0,2,"Pickup/Utilitario,Moto/Ciclomotor",Calle 15 Y Calle 16,2,1,0,0,1,0,0,"-32.683075320346,-61.520281631371",Calle,,LAS PAREJAS,Belgrano,Asfalto,No existe,III,Dentro,Urbana,Otra Señal,No existe,Intersección,Bueno,Buena,Diurna,Buen Tiempo,Múltiple,S/D,Colisión,Ninguna,Faltante,Cordón divisorio,Sin restricción
2021,5087,2021-09-29,Miercoles,11:45:00,,0.0,1,Pickup/Utilitario,CAMINO RURAL ,1,1,0,0,0,0,0,"-32.59185349480606, -61.76828870266",Camino Rural,,MONTES DE OCA,Belgrano,Tierra,No existe,III,Dentro,Rural,Otra Señal,No existe,Intersección,Bueno,Buena,Diurna,Buen Tiempo,Múltiple,S/D,Colisión,Ninguna,Faltante,Cordón divisorio,Sin restricción
2021,5088,2021-09-11,Sabado,15:35:00,Ruta Nacional 95,804.0,1,Camión c / Acoplado, ,2,2,0,0,0,0,0,"-29.0106, -61.62876",Ruta,95,POZO BORRADO,9 de Julio,Asfalto,Natural,XII,Fuera,Urbana,Otra Señal,No existe,Intersección,Bueno,Buena,Diurna,Buen Tiempo,Múltiple,S/D,Colisión,Ninguna,Horizontal,Cordón divisorio,Sin restricción
2021,5089,2021-09-16,Jueves,18:50:00,,0.0,2,"Pickup/Utilitario,Automóvil",Avenida 17 Y Avenida 34,2,1,0,0,1,0,0,"-32.677636357867,-61.509278581107",Calle,,LAS PAREJAS,Belgrano,Ripio,No existe,III,Dentro,Urbana,Otra Señal,No existe,Intersección,Bueno,Buena,Diurna,Buen Tiempo,Múltiple,S/D,Colisión,Ninguna,Faltante,Cordón divisorio,Sin restricción
2021,5090,2021-09-07,Martes,06:30:00,Ruta Provincial 1,73.0,1,Automóvil, ,7,1,0,0,6,0,0,"-30.754723548889125,-59.99713182449",Ruta,1,CAYASTA,Garay,Asfalto,Natural,VII,Fuera,Urbana,Otra Señal,No existe,Intersección,Ahuellamiento,Buena,Nocturna,Buen Tiempo,Múltiple,S/D,Colisión,Material Suelto,Vertical,Cordón divisorio,Sin restricción
2021,5092,2021-09-09,Jueves,20:30:00,,0.0,2,"Moto/Ciclomotor,Moto/Ciclomotor",ADOLFO MEDINA Y SIN OGDI,3,1,0,0,2,0,0,"-28.02059, -61.18567",Calle,,GATO COLORADO,9 de Julio,Ripio,No existe,XII,Dentro,Urbana,Otra Señal,No existe,Intersección,Bueno,Reducida,Nocturna,Buen Tiempo,Múltiple,S/D,Colisión,Ninguna,Faltante,Cordón divisorio,Sin restricción
2021,5093,2021-09-15,Miercoles,16:35:00,,0.0,2,"Moto/Ciclomotor,Automóvil",Avenida 13 Y Calle 8,3,2,0,0,1,0,0,"-32.68605257684,-61.524826401769",Avenida,,LAS PAREJAS,Belgrano,Asfalto,No existe,III,Dentro,Urbana,Otra Señal,No existe,Intersección,Bueno,Buena,Diurna,Buen Tiempo,Múltiple,S/D,Colisión,Ninguna,Faltante,Cordón divisorio,Sin restricción
2021,5095,2021-09-09,Jueves,13:20:00,Ruta Nacional 178,0.0,2,"Automóvil,Automóvil",Calle 31 Y Ruta 178,4,1,0,0,3,0,0,"-32.676303807912,-61.528860284925",Ruta,178,LAS PAREJAS,Belgrano,Asfalto,No existe,III,Dentro,Urbana,Otra Señal,No existe,Intersección,Bueno,Buena,Diurna,Buen Tiempo,Múltiple,S/D,Colisión,Ninguna,Horizontal,Cordón divisorio,Sin restricción
2021,5096,2021-09-03,Viernes,07:00:00,,0.0,2,"Automóvil,Automóvil",Mitre Y Pedro Ríos,3,1,0,0,2,0,0,"-32.918708972272,-60.799635895051",Avenida,,FUNES,Rosario,Asfalto,No existe,II,Dentro,Urbana,Otra Señal,No existe,Intersección,Bueno,Buena,Diurna,Buen Tiempo,Múltiple,S/D,Colisión,Ninguna,Faltante,Cordón divisorio,Sin restricción
2021,5097,2021-09-10,Viernes,18:30:00,,0.0,2,"Moto/Ciclomotor,Moto/Ciclomotor",Avenida 17 Y Calle 13,4,2,0,0,2,0,0,"-32.682476835599,-61.522051865368",Avenida,,LAS PAREJAS,Belgrano,Asfalto,No existe,III,Dentro,Urbana,Otra Señal,No existe,Intersección,Bueno,Buena,Diurna,Buen Tiempo,Múltiple,S/D,Colisión,Ninguna,Horizontal,Cordón divisorio,Sin restricción
2021,5098,2021-09-03,Viernes,17:30:00,Ruta Nacional 9,0.0,3,"Automóvil,Automóvil,Pickup/Utilitario",Los Tizones Y Ruta Nacional 9,5,3,0,0,2,0,0,"-32.915668, -60.848841",Ruta,9,FUNES,Rosario,Asfalto,Ripio,II,Dentro,Urbana,Otra Señal,No existe,Intersección,Bueno,Buena,Diurna,Buen Tiempo,Múltiple,S/D,Colisión,Ninguna,Horizontal,Cordón divisorio,Sin restricción
2021,5099,2021-09-18,Sabado,23:15:00,Ruta Nacional 33,0.0,2,"Automóvil,Moto/Ciclomotor",Ruta Nac 33 Y 25 de Mayo,2,1,0,0,1,0,0,"-33.019041, -60.875495",Ruta,33,ZAVALLA,Rosario,Asfalto,Pavimento,II,Dentro,Urbana,Otra Señal,No existe,Intersección,Bueno,Buena,"Nocturna,Con luz artificial",Buen Tiempo,Múltiple,S/D,Colisión,Ninguna,Horizontal,Cordón divisorio,Sin restricción
2021,5100,2021-09-04,Sabado,10:55:00,,0.0,2,"Peatón,Moto/Ciclomotor",El Algarrobo Y El Jilguero,3,3,0,0,0,0,0,"-32.96928398141,-60.734805557708",Calle,,PEREZ,Rosario,Asfalto,No existe,II,Dentro,Urbana,Otra Señal,No existe,Intersección,Bueno,Buena,Diurna,Buen Tiempo,Múltiple,Peatón,Colisión,Ninguna,Faltante,Cordón divisorio,Sin restricción
2021,5101,2021-09-12,Domingo,22:50:00,,0.0,1,Moto/Ciclomotor,Fray C Rodríguez Y Av. Pte. Perón,1,0,0,0,0,1,0,"-31.61821, -60.71854",Avenida,,SANTA FE,La Capital,Asfalto,No existe,I,S/D,Urbana,Otra Señal,No existe,Intersección,Bueno,S/D,Nocturna,S/D,Múltiple,S/D,Colisión,Ninguna,Horizontal,Cordón divisorio,Sin restricción
2021,5102,2021-09-12,Domingo,12:00:00,Ruta Nacional A012,61.5,2,"Moto/Ciclomotor,Pickup/Utilitario", ,2,0,0,0,1,1,0,"-32.77408, -60.78974",Ruta,A012,RICARDONE,San Lorenzo,Asfalto,Natural,XVII,S/D,Urbana,Otra Señal,No existe,Intersección,Bueno,Buena,Diurna,Buen Tiempo,Múltiple,S/D,Colisión,Ninguna,Faltante,Cordón divisorio,Sin restricción
2021,5104,2021-09-06,Lunes,,,0.0,1,Automóvil,Vera Mujica 600,1,1,0,0,0,0,0,"-31.665040988616,-60.724976374243",Calle,,SANTA FE,La Capital,Asfalto,No existe,I,Dentro,Urbana,Otra Señal,No existe,Intersección,Bueno,Buena,Diurna,Buen Tiempo,Múltiple,S/D,Colisión,Ninguna,Faltante,Cordón divisorio,Sin restricción
2021,5107,2021-09-01,Miercoles,16:00:00,,0.0,2,"Automóvil,Automóvil",Av. López y Planes Y Juan Del Campillo,2,2,0,0,0,0,0,"-31.627587240916,-60.713845344486",Avenida,,SANTA FE,La Capital,Asfalto,No existe,I,Dentro,Urbana,Otra Señal,No existe,Intersección,Bueno,Buena,Diurna,Buen Tiempo,Múltiple,S/D,Colisión,Ninguna,"Horizontal,Vertical",Cordón divisorio,Sin restricción
2021,5108,2021-09-01,Miercoles,04:20:00,,0.0,2,"Moto/Ciclomotor,Moto/Ciclomotor",Avenida 17 Y Calle 28,2,1,0,0,1,0,0,"-32.679012810276,-61.512894337426",Avenida,,LAS PAREJAS,Belgrano,Hormigón,No existe,III,Dentro,Urbana,Otra Señal,No existe,Intersección,Deteriorada,Reducida,"Nocturna,Con luz artificial",Buen Tiempo,Múltiple,S/D,Colisión,Ninguna,Faltante,Cordón divisorio,Sin restricción
2021,5109,2021-09-19,Domingo,,,0.0,1,Otros,El Chaja ,2,2,0,0,0,0,0,"-32.964414310323,-60.734933702329",S/D,,PEREZ,Rosario,S/D,S/D,II,S/D,Urbana,Otra Señal,S/D,Intersección,S/D,S/D,S/D,S/D,Múltiple,S/D,Colisión,S/D,S/D,Cordón divisorio,Sin restricción
2021,5110,2021-09-02,Jueves,,,0.0,2,"Moto/Ciclomotor,Automóvil",Iturraspe Y Saavedra,2,1,0,0,0,0,1,"-31.627163932887,-60.710511478103",Calle,,SANTA FE,La Capital,Asfalto,No existe,I,Dentro,Urbana,Otra Señal,Funciona,Intersección,Bueno,Buena,Diurna,Buen Tiempo,Múltiple,S/D,Colisión,Ninguna,Vertical,Cordón divisorio,Sin restricción
2021,5111,2021-09-13,Lunes,23:10:00,Autopista Provincial Brigadier E.LÓPEZ,127.5,1,Automóvil, ,1,0,0,0,0,1,0,"-31.82279, -60.88127",Autopista,Brigadier E.LÓPEZ,DESVÍO ARIJÓN,San JERÓNIMO,Asfalto,Natural,XV,S/D,Urbana,Otra Señal,No existe,Intersección,Bueno,S/D,Nocturna,S/D,Múltiple,S/D,Colisión,Ninguna,Faltante,Cordón divisorio,Sin restricción
2021,5112,2021-09-05,Domingo,,,0.0,2,"Bicicleta,Automóvil",Av. Peñaloza Y Diagonal Goyena,2,1,0,0,1,0,0,"-31.615948395912,-60.71313997937",Avenida,,SANTA FE,La Capital,Asfalto,No existe,I,Dentro,Urbana,Otra Señal,Funciona,Intersección,Bueno,Buena,Diurna,Buen Tiempo,Múltiple,Ciclista,Colisión,Ninguna,"Horizontal,Vertical",Cordón divisorio,Sin restricción
2021,5113,2021-09-11,Sabado,12:25:00,Ruta Nacional 33,0.0,2,"Moto/Ciclomotor,Automóvil",Av. Las Palmeras Y Ruta Nac 33,2,1,0,0,1,0,0,"-32.980276, -60.736086",Ruta,33,PEREZ,Rosario,Asfalto,No existe,II,Dentro,Urbana,Otra Señal,Funciona,Intersección,Bueno,Buena,Diurna,Buen Tiempo,Múltiple,S/D,Colisión,Ninguna,"Horizontal,Vertical",Cordón divisorio,Sin restricción
2021,5114,2021-09-06,Lunes,20:00:00,,0.0,2,"Moto/Ciclomotor,Automóvil",Av. Pte. Perón Y Bolivia,2,1,0,0,0,0,1,"-31.622929437416,-60.718631601795",Avenida,,SANTA FE,La Capital,Asfalto,No existe,I,Dentro,Urbana,Otra Señal,Funciona,Intersección,Bueno,Buena,"Nocturna,Con luz artificial",Buen Tiempo,Múltiple,S/D,Colisión,Ninguna,"Horizontal,Vertical",Cordón divisorio,Sin restricción
2021,5115,2021-09-12,Domingo,15:20:00,,0.0,2,"Automóvil,Automóvil",Calle 11-Alvear Y Calle 24-Alessio,3,1,0,0,2,0,0,"-29.141673054232,-59.649507974184",Calle,,RECONQUISTA,General Obligado,Asfalto,No existe,IX,Dentro,Urbana,Otra Señal,No existe,Intersección,Bueno,Buena,Diurna,Buen Tiempo,Múltiple,S/D,Colisión,Ninguna,Faltante,Cordón divisorio,Sin restricción
2021,5116,2021-09-15,Miercoles,17:30:00,,0.0,2,"Moto/Ciclomotor,Pickup/Utilitario",French Y Las Heras,4,0,0,0,3,1,0,"-31.59406, -60.68506",Calle,,SANTA FE,La Capital,Asfalto,No existe,I,S/D,Urbana,Otra Señal,No existe,Intersección,Bueno,Buena,Diurna,Buen Tiempo,Múltiple,S/D,Colisión,Ninguna,Faltante,Cordón divisorio,Sin restricción
2021,5117,2021-09-15,Miercoles,18:45:00,,0.0,2,"Moto/Ciclomotor,Moto/Ciclomotor",Calle 12 San Martin 667,3,2,0,0,1,0,0,"-29.144248458436,-59.64240631372",Calle,,RECONQUISTA,General Obligado,Asfalto,No existe,IX,Dentro,Urbana,Otra Señal,No existe,Intersección,Bueno,Buena,Diurna,Buen Tiempo,Múltiple,S/D,Colisión,Ninguna,"Horizontal,Vertical",Cordón divisorio,Sin restricción
2021,5118,2021-09-17,Viernes,18:45:00,Autopista Nacional Gral. Juan Jose Valle,271.0,2,"Bicicleta,Camión", ,2,0,0,0,1,1,0,"-33.04837, -60.66074",Autopista,Gral. Juan Jose Valle,VILLA GOBERNADOR GÁLVEZ,Rosario,Asfalto,Natural,II,S/D,Rural,Otra Señal,No existe,Intersección,Bueno,S/D,Diurna,S/D,Múltiple,Ciclista,Colisión,Ninguna,Faltante,Cordón divisorio,Sin restricción
2021,5119,2021-09-17,Viernes,20:15:00,,0.0,2,"Moto/Ciclomotor,Peatón",Calle 10-Ludueña Y Calle 29-Alte Brown,2,1,0,0,1,0,0,"-29.152286442604,-59.642272325232",Calle,,RECONQUISTA,General Obligado,Asfalto,No existe,IX,Dentro,Urbana,Otra Señal,No existe,Intersección,Bueno,Buena,Nocturna,Buen Tiempo,Múltiple,Peatón,Colisión,Ninguna,Faltante,Cordón divisorio,Sin restricción
2021,5120,2021-09-18,Sabado,14:53:00,Ruta Nacional 11,0.0,2,"Bicicleta,Automóvil",Pasaje 21-23- México ,2,1,0,0,0,0,1,"-29.146912, -59.656595",Ruta,11,RECONQUISTA,General Obligado,Asfalto,No existe,IX,Dentro,Urbana,Otra Señal,No existe,Intersección,Bueno,Buena,Diurna,Buen Tiempo,Múltiple,Ciclista,Colisión,Ninguna,Horizontal,Cordón divisorio,Sin restricción
2021,5121,2021-09-10,Viernes,09:00:00,,0.0,2,"Moto/Ciclomotor,Automóvil",Hipólito Yrigoyen Y Iturraspe,3,2,0,0,0,0,1,"-31.895567709576,-61.868518926143",Calle,,SANTA FE,La Capital,Asfalto,No existe,I,Dentro,Urbana,Otra Señal,No existe,Intersección,Bueno,Buena,Diurna,Buen Tiempo,Múltiple,S/D,Colisión,Ninguna,Faltante,Cordón divisorio,Sin restricción