anio_acci,nro_acci,fecha,desc_dia,hora_aprox,desc_ruta,km,cant_participantes,desc_participante,calle_avenida_km,total,heridos_leves,heridos_graves,heridos_gravisimos,ilesos,fallecidos,sin_datos,posicion_XY,desc_tipo_via,desc_ruta_ori,desc_loc,desc_dpto,desc_tipo_calzada,desc_tipo_banquina,desc_unidad_regional,desc_lugar_calzada,desc_zona,desc_prioridad,desc_estado_semaforo,desc_lugar_via,desc_estado_via,desc_estado_visibilidad,desc_luminosidad,desc_estado_clima,desc_tipo_colision,desc_tipo_atropello,desc_tipo_hecho,desc_pres_calzada,desc_senializacion,desc_separacion_via,desc_restriccion
2021,5122,2021-09-22,Miercoles,08:35:00,,0.0,2,"Automóvil,Moto/Ciclomotor",Calle 21-Gdor. Iriondo Y Calle 26 - Bolívar,2,1,0,0,1,0,0,"-29.146920006787,-59.651473687791",Calle,,RECONQUISTA,General Obligado,Asfalto,No existe,IX,Dentro,Urbana,Otra Señal,No existe,Intersección,Bueno,Buena,Diurna,Buen Tiempo,Múltiple,S/D,Colisión,Ninguna,Faltante,Cordón divisorio,Sin restricción
2021,5123,2021-09-27,Lunes,14:00:00,,0.0,2,"Moto/Ciclomotor,Otros",1ro de Mayo Y Eva Perón,2,1,0,0,1,0,0,"-31.643757255018,-60.709799568186",Calle,,SANTA FE,La Capital,Asfalto,No existe,I,Dentro,Urbana,Otra Señal,No existe,Intersección,Bueno,Buena,Diurna,Buen Tiempo,Múltiple,S/D,Colisión,S/D,Horizontal,Cordón divisorio,Sin restricción
2021,5124,2021-09-10,Viernes,16:00:00,,0.0,1,Moto/Ciclomotor,Av. Blas Parera Y J M Zuviria,1,1,0,0,0,0,0,"-31.613034869922,-60.718070805739",Calle,,SANTA FE,La Capital,Asfalto,No existe,I,Dentro,Urbana,Otra Señal,Funciona,Intersección,Bueno,Buena,Diurna,Buen Tiempo,Múltiple,S/D,Colisión,Ninguna,"Horizontal,Vertical",Cordón divisorio,Sin restricción
2021,5125,2021-09-16,Jueves,14:40:00,,0.0,2,"Automóvil,Automóvil",Calle 18 - Gral. Belgrano Y Calle 27-Gdor Freyre,5,1,0,0,4,0,0,"-29.150679603388,-59.647031318121",Calle,,RECONQUISTA,General Obligado,Asfalto,No existe,IX,Dentro,Urbana,Otra Señal,No existe,Intersección,Bueno,Buena,Diurna,Buen Tiempo,Múltiple,S/D,Colisión,Ninguna,Faltante,Cordón divisorio,Sin restricción
2021,5126,2021-09-24,Viernes,18:40:00,,0.0,2,"Automóvil,Moto/Ciclomotor",25 de Mayo Y Lisandro de la Torre,2,1,0,0,1,0,0,"-31.651669022965,-60.706886635737",Calle,,SANTA FE,La Capital,Asfalto,No existe,I,Dentro,Urbana,Otra Señal,No existe,Intersección,Bueno,Buena,Diurna,Buen Tiempo,Múltiple,S/D,Colisión,Ninguna,Horizontal,Cordón divisorio,Sin restricción
2021,5127,2021-09-11,Sabado,15:00:00,,0.0,2,"Moto/Ciclomotor,Moto/Ciclomotor",Av. Blas Parera Y Fray C Rodríguez,2,1,0,0,0,0,1,"-31.618156592975,-60.716597789388",Avenida,,SANTA FE,La Capital,Asfalto,No existe,I,Dentro,Urbana,Otra Señal,Funciona,Intersección,Bueno,Buena,Diurna,Buen Tiempo,Múltiple,S/D,Colisión,Ninguna,"Horizontal,Vertical",Cordón divisorio,Sin restricción
2021,5128,2021-09-23,Jueves,16:00:00,,0.0,2,"Peatón,Automóvil",1ro de Mayo Y Bv Pellegrini,2,1,0,0,1,0,0,"-31.634835161949,-60.707070231345",Avenida,,SANTA FE,La Capital,Asfalto,No existe,I,Dentro,Urbana,Otra Señal,Funciona,Intersección,Bueno,Buena,Diurna,Buen Tiempo,Múltiple,Peatón,Colisión,Ninguna,Vertical,Cordón divisorio,Sin restricción
2021,5130,2021-09-13,Lunes,,,0.0,2,"Moto/Ciclomotor,Pickup/Utilitario",P LUIS DURRO 5100,2,1,0,0,1,0,0,"-31.587630337405546, -60.7073954921",Calle,,SANTA FE,La Capital,Asfalto,No existe,I,Dentro,Urbana,Otra Señal,Funciona,Intersección,Bueno,Buena,Diurna,Buen Tiempo,Múltiple,S/D,Colisión,Ninguna,"Horizontal,Vertical",Cordón divisorio,Sin restricción
2021,5131,2021-09-21,Martes,11:30:00,,0.0,2,"Moto/Ciclomotor,Automóvil",9 de Julio Y Suipacha,2,1,0,0,1,0,0,"-31.639492566132,-60.707179262185",Calle,,SANTA FE,La Capital,Asfalto,No existe,I,Dentro,Urbana,Otra Señal,Funciona,Intersección,Bueno,Buena,Diurna,Buen Tiempo,Múltiple,S/D,Colisión,Ninguna,"Horizontal,Vertical",Cordón divisorio,Sin restricción
2021,5132,2021-09-22,Miercoles,19:40:00,,0.0,2,"Moto/Ciclomotor,Moto/Ciclomotor",Calle 24-Alessio Y Calle 31-Newbery,4,3,0,0,1,0,0,"-29.152431251871,-59.650997720516",Calle,,RECONQUISTA,General Obligado,Asfalto,No existe,IX,Dentro,Urbana,Otra Señal,No existe,Intersección,Bueno,Buena,Nocturna,Buen Tiempo,Múltiple,S/D,Colisión,Ninguna,Faltante,Cordón divisorio,Sin restricción
2021,5133,2021-09-15,Miercoles,10:00:00,,0.0,2,"Moto/Ciclomotor,Automóvil",Padre Catena 4300,2,1,0,0,1,0,0,"-31.631344761261,-60.721626538685",Calle,,SANTA FE,La Capital,Asfalto,No existe,I,Dentro,Urbana,Otra Señal,No existe,Intersección,Bueno,Buena,Diurna,Buen Tiempo,Múltiple,S/D,Colisión,Ninguna,Faltante,Cordón divisorio,Sin restricción
2021,5134,2021-09-21,Martes,09:40:00,,0.0,2,"Moto/Ciclomotor,Transporte de Pasajeros Urbano (> 8 asientos)",San Jerónimo 1551,2,1,0,0,1,0,0,"-31.65729505923,-60.711117079104",Calle,,SANTA FE,La Capital,Asfalto,No existe,I,Dentro,Urbana,Otra Señal,No existe,Intersección,Bueno,Buena,Diurna,Buen Tiempo,Múltiple,S/D,Colisión,Ninguna,Faltante,Cordón divisorio,Sin restricción
2021,5135,2021-09-17,Viernes,09:20:00,,0.0,2,"Moto/Ciclomotor,Automóvil",Av. Peñaloza Y Derqui,2,1,0,0,0,0,1,"-31.613034859323,-60.713244225524",Calle,,SANTA FE,La Capital,Asfalto,No existe,I,Dentro,Urbana,Otra Señal,No existe,Intersección,Bueno,Buena,Diurna,Buen Tiempo,Múltiple,S/D,Colisión,Ninguna,"Horizontal,Vertical",Cordón divisorio,Sin restricción
2021,5136,2021-09-18,Sabado,15:00:00,,0.0,2,"Bicicleta,Otros",9 de Julio Y La Rioja,2,1,0,0,1,0,0,"-31.645070402688,-60.70881332602",Calle,,SANTA FE,La Capital,Asfalto,No existe,I,Dentro,Urbana,Otra Señal,No existe,Intersección,Bueno,Buena,Diurna,Buen Tiempo,Múltiple,Ciclista,Colisión,Ninguna,Horizontal,Cordón divisorio,Sin restricción
2021,5137,2021-09-10,Viernes,12:20:00,,0.0,2,"Moto/Ciclomotor,Automóvil",Bv Poeta J Migno ,3,1,0,0,2,0,0,"-30.575708535127,-59.926022555479",Avenida,,SAN JAVIER,San Javier,Asfalto,No existe,XIV,Dentro,Urbana,Otra Señal,No existe,Intersección,Bueno,Buena,Diurna,Buen Tiempo,Múltiple,S/D,Colisión,Ninguna,Horizontal,Cordón divisorio,Sin restricción
2021,5139,2021-09-14,Martes,22:00:00,,0.0,2,"Moto/Ciclomotor,Automóvil",La Rioja Y San Luis,2,1,0,0,1,0,0,"-31.64646817384,-60.703120620621",Calle,,SANTA FE,La Capital,Asfalto,Pavimento,I,Dentro,Urbana,Otra Señal,No existe,Intersección,Bueno,Buena,"Nocturna,Con luz artificial",Buen Tiempo,Múltiple,S/D,Colisión,Ninguna,Faltante,Cordón divisorio,Sin restricción
2021,5140,2021-09-14,Martes,13:50:00,,0.0,2,"Taxi/Remis,Peatón",Junín Y San Martin,2,1,0,0,1,0,0,"-31.638900018896,-60.704249563717",Calle,,SANTA FE,La Capital,Asfalto,No existe,I,Dentro,Urbana,Otra Señal,No existe,Intersección,Bueno,Buena,Diurna,Buen Tiempo,Múltiple,Peatón,Colisión,Ninguna,Horizontal,Cordón divisorio,Sin restricción
2021,5141,2021-09-04,Sabado,19:40:00,,0.0,2,"Automóvil,Moto/Ciclomotor",LIBERTAD  Y PUEBLO MOCOVÍ,3,1,0,0,2,0,0,"-30.586819, -59.936063",Avenida,,SAN JAVIER,San Javier,Asfalto,No existe,XIV,Dentro,Urbana,Otra Señal,No existe,Intersección,Bueno,Buena,Nocturna,Buen Tiempo,Múltiple,S/D,Colisión,Ninguna,Faltante,Cordón divisorio,Sin restricción
2021,5142,2021-09-14,Martes,14:50:00,,0.0,2,"Transporte de Pasajeros Urbano (> 8 asientos),Automóvil",Rivadavia Y Suipacha,4,2,0,0,2,0,0,"-31.640564672148,-60.702475325938",Calle,,SANTA FE,La Capital,Asfalto,No existe,I,Dentro,Urbana,Otra Señal,Funciona,Intersección,Bueno,Buena,Diurna,Buen Tiempo,Múltiple,S/D,Colisión,Ninguna,"Horizontal,Vertical",Cordón divisorio,Sin restricción
2021,5143,2021-09-09,Jueves,17:30:00,,0.0,2,"Moto/Ciclomotor,Pickup/Utilitario",9 de Julio Y Hipólito Yrigoyen,2,1,0,0,1,0,0,"-31.641747504472733,-60.70786893367",Calle,,SANTA FE,La Capital,Asfalto,No existe,I,Dentro,Urbana,Otra Señal,No existe,Intersección,Bueno,Buena,Diurna,Buen Tiempo,Múltiple,S/D,Colisión,Ninguna,Horizontal,Cordón divisorio,Sin restricción
2021,5144,2021-09-23,Jueves,14:30:00,,0.0,2,"Moto/Ciclomotor,Automóvil",Av. López y Planes Y Pedro Diaz Colodrero,2,1,0,0,1,0,0,"-31.62267892353,-60.713449526275",Avenida,,SANTA FE,La Capital,Asfalto,No existe,I,Dentro,Urbana,Otra Señal,Funciona,Intersección,Bueno,Buena,Diurna,Buen Tiempo,Múltiple,S/D,Colisión,Ninguna,"Horizontal,Vertical",Cordón divisorio,Sin restricción
2021,5145,2021-09-02,Jueves,10:20:00,,0.0,2,"Automóvil,Moto/Ciclomotor",Av. Gral. López Y Rivadavia,2,1,0,0,1,0,0,"-30.580208198699,-59.931682707374",Calle,,SAN JAVIER,San Javier,Asfalto,No existe,XIV,Dentro,Urbana,Otra Señal,No existe,Intersección,Bueno,S/D,Diurna,Buen Tiempo,Múltiple,S/D,Colisión,Ninguna,Horizontal,Cordón divisorio,Sin restricción
2021,5146,2021-09-25,Sabado,,Autopista Provincial Brigadier E.LÓPEZ,154.0,2,"Automóvil,Automóvil", ,2,0,0,0,0,0,2,"-31.62261724982551, -60.74707306465",Autopista,Brigadier E.LÓPEZ,SANTA FE,La Capital,Asfalto,Ripio,I,Dentro,Urbana,Otra Señal,No existe,Intersección,Bueno,Buena,Diurna,Buen Tiempo,Múltiple,S/D,Colisión,Ninguna,"Horizontal,Vertical",Cordón divisorio,Sin restricción
2021,5147,2021-09-25,Sabado,13:30:00,,0.0,2,"Moto/Ciclomotor,Automóvil",Av. López y Planes 3960,3,2,0,0,0,0,1,"-31.628508682592,-60.713870234614",Calle,,SANTA FE,La Capital,Asfalto,No existe,I,Dentro,Urbana,Otra Señal,No existe,Intersección,Bueno,Buena,Diurna,Buen Tiempo,Múltiple,S/D,Colisión,Ninguna,"Horizontal,Vertical",Cordón divisorio,Sin restricción
2021,5148,2021-04-12,Lunes,18:30:00,,0.0,1,Moto/Ciclomotor,Bv T Madrejón Y H Irigoyen,1,1,0,0,0,0,0,"-30.582502520251,-59.93806155947",Avenida,,SAN JAVIER,San Javier,Asfalto,No existe,XIV,Dentro,Urbana,Otra Señal,No existe,Intersección,Bueno,Buena,Diurna,Buen Tiempo,Múltiple,S/D,Colisión,Ninguna,Faltante,Cordón divisorio,Sin restricción
2021,5149,2021-09-09,Jueves,17:10:00,,0.0,2,"Moto/Ciclomotor,Automóvil",9 de Julio Y Moreno,2,1,0,0,1,0,0,"-31.654348383841,-60.711593303172",Calle,,SANTA FE,La Capital,Asfalto,No existe,I,Dentro,Urbana,Otra Señal,No existe,Intersección,Bueno,Buena,Diurna,Buen Tiempo,Múltiple,S/D,Colisión,Ninguna,Faltante,Cordón divisorio,Sin restricción
2021,5150,2021-09-09,Jueves,12:45:00,,0.0,2,"Moto/Ciclomotor,Automóvil",9 de Julio Y Moreno,2,1,0,0,1,0,0,"-31.654348383841,-60.711593303172",Calle,,SANTA FE,La Capital,Asfalto,No existe,I,Dentro,Urbana,Otra Señal,No existe,Intersección,Bueno,Buena,Diurna,Buen Tiempo,Múltiple,S/D,Colisión,Ninguna,Faltante,Cordón divisorio,Sin restricción
2021,5151,2021-09-26,Domingo,06:40:00,,0.0,2,"Moto/Ciclomotor,Automóvil",Av. Pte. Perón Y Pedro Centeno,2,1,0,0,0,0,1,"-31.623853666618,-60.71865978475",Avenida,,SANTA FE,La Capital,Asfalto,No existe,I,Dentro,Urbana,Otra Señal,Funciona,Intersección,Bueno,Buena,Diurna,Buen Tiempo,Múltiple,S/D,Colisión,Ninguna,Vertical,Cordón divisorio,Sin restricción
2021,5152,2021-09-07,Martes,19:10:00,,0.0,2,"Moto/Ciclomotor,Otros",Juan de Garay Y San Jerónimo,2,1,0,0,1,0,0,"-31.652280271187,-60.709685109285",Calle,,SANTA FE,La Capital,Asfalto,No existe,I,Dentro,Urbana,Otra Señal,No existe,Intersección,Bueno,Buena,"Nocturna,Con luz artificial",Buen Tiempo,Múltiple,S/D,Colisión,Ninguna,Horizontal,Cordón divisorio,Sin restricción
2021,5153,2021-09-22,Miercoles,07:15:00,,0.0,2,"Moto/Ciclomotor,Moto/Ciclomotor",Av. Uriburu Y Grandoli,2,1,0,0,1,0,0,"-32.99016031092,-60.628551594672",Avenida,,ROSARIO,Rosario,Asfalto,No existe,II,Dentro,Urbana,Otra Señal,Funciona,Intersección,Bueno,Buena,Diurna,Buen Tiempo,Múltiple,S/D,Colisión,Ninguna,"Horizontal,Vertical",Cordón divisorio,Sin restricción
2021,5154,2021-09-07,Martes,19:00:00,,0.0,2,"Moto/Ciclomotor,Automóvil",4 de Enero Y Junín,2,1,0,0,1,0,0,"-31.637748296997,-60.70947457963",Calle,,SANTA FE,La Capital,Asfalto,No existe,I,Dentro,Urbana,Otra Señal,Funciona,Intersección,Bueno,Buena,Diurna,Buen Tiempo,Múltiple,S/D,Colisión,Ninguna,"Horizontal,Vertical",Cordón divisorio,Sin restricción
2021,5156,2021-09-17,Viernes,18:00:00,,0.0,2,"Moto/Ciclomotor,Pickup/Utilitario",Av. Urquiza Y Gdor. Crespo,2,1,0,0,1,0,0,"-31.639847808762,-60.711414328802",Avenida,,SANTA FE,La Capital,Asfalto,No existe,I,Dentro,Urbana,Otra Señal,Funciona,Intersección,Bueno,Buena,Diurna,Buen Tiempo,Múltiple,S/D,Colisión,Ninguna,"Horizontal,Vertical",Cordón divisorio,Sin restricción
2021,5157,2021-09-23,Jueves,09:00:00,,0.0,2,"Moto/Ciclomotor,Automóvil",Ayacucho Y Bv. Seguí,3,1,0,0,2,0,0,"-32.981117209799,-60.63548645965",Avenida,,ROSARIO,Rosario,Asfalto,No existe,II,Dentro,Urbana,Otra Señal,No existe,Intersección,Bueno,Buena,Diurna,Buen Tiempo,Múltiple,S/D,Colisión,Ninguna,Faltante,Cordón divisorio,Sin restricción
2021,5158,2021-09-05,Domingo,21:20:00,,0.0,1,Moto/Ciclomotor, ,2,1,0,0,1,0,0,"-31.145703867345826,-60.13199621296",Camino Rural,,CAMPO DEL MEDIO,Garay,Tierra,S/D,VII,Dentro,Rural,Otra Señal,No existe,Intersección,Otro,Reducida,Nocturna,Buen Tiempo,Múltiple,S/D,Colisión,Ninguna,Faltante,Cordón divisorio,Sin restricción
2021,5159,2021-09-25,Sabado,13:10:00,,0.0,2,"Moto/Ciclomotor,Automóvil",Bv. Oroño Y Gaboto,3,1,0,0,2,0,0,"-32.970658742437,-60.659958070584",Avenida,,ROSARIO,Rosario,Asfalto,No existe,II,Dentro,Urbana,Otra Señal,Funciona,Intersección,Bueno,Buena,Diurna,Buen Tiempo,Múltiple,S/D,Colisión,Ninguna,"Horizontal,Vertical",Cordón divisorio,Sin restricción
2021,5160,2021-09-18,Sabado,04:55:00,Autopista Nacional A007,0.0,2,"Automóvil,Automóvil",Av. 27 de Febrero Y Lisandro de la Torre,2,1,0,0,1,0,0,"-31.651933357041,-60.705565517324",Autopista,A007,SANTA FE,La Capital,Asfalto,Pavimento,I,Dentro,Urbana,Otra Señal,Funciona,Intersección,Bueno,Buena,"Nocturna,Con luz artificial",Buen Tiempo,Múltiple,S/D,Colisión,Ninguna,"Horizontal,Vertical",Cordón divisorio,Sin restricción
2021,5161,2021-09-26,Domingo,08:00:00,,0.0,1,Camión Chasis, ,1,1,0,0,0,0,0,"-31.547751777092042,-60.81365438185",Camino Rural,,EMPALME SAN CARLOS,Las Colonias,Tierra,No existe,XI,Fuera,Rural,Otra Señal,No existe,Intersección,Bueno,Buena,Diurna,S/D,Múltiple,S/D,Colisión,Ninguna,Vertical,Cordón divisorio,Sin restricción
2021,5162,2021-09-24,Viernes,11:30:00,,0.0,2,"Moto/Ciclomotor,Pickup/Utilitario",San Martin Y Virasoro,3,1,0,0,2,0,0,"-32.970144936715,-60.642640855682",Calle,,ROSARIO,Rosario,Asfalto,No existe,II,Dentro,Urbana,Otra Señal,No existe,Intersección,Bueno,Buena,Diurna,Buen Tiempo,Múltiple,S/D,Colisión,Ninguna,"Horizontal,Vertical",Cordón divisorio,Sin restricción
2021,5163,2021-09-23,Jueves,09:15:00,,0.0,2,"Moto/Ciclomotor,Pickup/Utilitario",Av. Uriburu Y Mitre,4,2,0,0,2,0,0,"-32.990871453276,-60.650795815256",Avenida,,ROSARIO,Rosario,Asfalto,No existe,II,Dentro,Urbana,Otra Señal,No existe,Intersección,Bueno,Buena,Diurna,Buen Tiempo,Múltiple,S/D,Colisión,Ninguna,"Horizontal,Vertical",Cordón divisorio,Sin restricción
2021,5164,2021-09-25,Sabado,21:10:00,,0.0,2,"Automóvil,Moto/Ciclomotor",Av. Battle y Ordoñez Y Buenos Aires,3,2,0,0,1,0,0,"-33.008815859151,-60.64466719015",Avenida,,ROSARIO,Rosario,Asfalto,No existe,II,Dentro,Urbana,Otra Señal,No existe,Intersección,Bueno,Buena,"Nocturna,Con luz artificial",Buen Tiempo,Múltiple,S/D,Colisión,Ninguna,"Horizontal,Vertical",Cordón divisorio,Sin restricción
2021,5165,2021-09-16,Jueves,16:00:00,,0.0,2,"Moto/Ciclomotor,Automóvil",4 de Enero Y Eva Perón,2,1,0,0,1,0,0,"-31.643515687936,-60.71107329396",Calle,,SANTA FE,La Capital,Asfalto,No existe,I,Dentro,Urbana,Otra Señal,No existe,Intersección,Bueno,Buena,Diurna,Buen Tiempo,Múltiple,S/D,Colisión,Ninguna,Horizontal,Cordón divisorio,Sin restricción
2021,5166,2021-09-01,Miercoles,12:25:00,,0.0,2,"Automóvil,Moto/Ciclomotor",Bv. Seguí Y Paraguay,3,1,0,0,2,0,0,"-32.977966234357,-60.651920550083",Avenida,,ROSARIO,Rosario,Asfalto,No existe,II,Dentro,Urbana,Otra Señal,No existe,Intersección,Bueno,Buena,Diurna,Buen Tiempo,Múltiple,S/D,Colisión,Ninguna,Faltante,Cordón divisorio,Sin restricción
2021,5167,2021-09-05,Domingo,18:15:00,,0.0,2,"Moto/Ciclomotor,Automóvil",Sánchez de Bustamante Y Salva,2,1,0,0,0,0,1,"-33.001684777166,-60.640252096403",Calle,,ROSARIO,Rosario,Asfalto,No existe,II,Dentro,Urbana,Otra Señal,No existe,Intersección,Bueno,Buena,Diurna,Buen Tiempo,Múltiple,S/D,Colisión,Ninguna,Faltante,Cordón divisorio,Sin restricción
2021,5169,2021-09-06,Lunes,07:00:00,,0.0,2,"Moto/Ciclomotor,Automóvil",Mitre 4010,3,1,0,0,2,0,0,"-32.983530529767,-60.648939201962",Calle,,ROSARIO,Rosario,Asfalto,No existe,II,Dentro,Urbana,Otra Señal,No existe,Intersección,Bueno,Buena,Diurna,Buen Tiempo,Múltiple,S/D,Colisión,Ninguna,Faltante,Cordón divisorio,Sin restricción
2021,5170,2021-09-06,Lunes,13:00:00,,0.0,2,"Moto/Ciclomotor,Automóvil",Av. Corrientes Y Hilarion de la Quintana,2,1,0,0,1,0,0,"-33.001056496144,-60.653340554705",Calle,,ROSARIO,Rosario,Asfalto,No existe,II,Dentro,Urbana,Otra Señal,No existe,Intersección,Bueno,Buena,Diurna,Buen Tiempo,Múltiple,S/D,Colisión,Ninguna,Faltante,Cordón divisorio,Sin restricción
2021,5171,2021-09-26,Domingo,23:50:00,,0.0,2,"Automóvil,Moto/Ciclomotor",Av. Corrientes Y Sarmiento,3,3,0,0,0,0,0,"-32.99998978559,-60.653385551618",Avenida,,ROSARIO,Rosario,Asfalto,No existe,II,Dentro,Urbana,Otra Señal,Intermitente,Intersección,Bueno,Buena,"Nocturna,Con luz artificial",Buen Tiempo,Múltiple,S/D,Colisión,Ninguna,Vertical,Cordón divisorio,Sin restricción
2021,5172,2021-09-24,Viernes,00:35:00,,0.0,2,"Automóvil,Moto/Ciclomotor",Av. Battle y Ordoñez Y Laprida,2,0,0,0,1,1,0,"-33.00887338721,-60.64672344202",Avenida,,ROSARIO,Rosario,Asfalto,No existe,II,Dentro,Urbana,Otra Señal,Funciona,Intersección,Bueno,Buena,"Nocturna,Con luz artificial",Buen Tiempo,Múltiple,S/D,Colisión,Ninguna,"Horizontal,Vertical",Cordón divisorio,Sin restricción
2021,5173,2021-09-07,Martes,01:00:00,,0.0,2,"Bicicleta,Automóvil",San Martin Y Pje. Gral. Savio,2,1,0,0,0,0,1,"-32.996433211955,-60.648023227063",Avenida,,ROSARIO,Rosario,Asfalto,No existe,II,Dentro,Urbana,Otra Señal,No existe,Intersección,Bueno,Buena,"Nocturna,Con luz artificial",Buen Tiempo,Múltiple,Ciclista,Colisión,Ninguna,Faltante,Cordón divisorio,Sin restricción
2021,5174,2021-09-29,Miercoles,11:15:00,,0.0,2,"Moto/Ciclomotor,Moto/Ciclomotor",Ayacucho Y Bv. Seguí,3,1,0,0,2,0,0,"-32.981117209799,-60.63548645965",Avenida,,ROSARIO,Rosario,Asfalto,No existe,II,Dentro,Urbana,Otra Señal,No existe,Intersección,Bueno,Buena,Diurna,Buen Tiempo,Múltiple,S/D,Colisión,Ninguna,Vertical,Cordón divisorio,Sin restricción
2021,5175,2021-09-07,Martes,20:20:00,,0.0,2,"Moto/Ciclomotor,Pickup/Utilitario",Buenos Aires Y Centeno,3,2,0,0,1,0,0,"-32.985783757628,-60.642354129923",Calle,,ROSARIO,Rosario,Asfalto,No existe,II,Dentro,Urbana,Otra Señal,No existe,Intersección,Bueno,Reducida,Diurna,Buen Tiempo,Múltiple,S/D,Colisión,Ninguna,Faltante,Cordón divisorio,Sin restricción
2021,5176,2021-09-24,Viernes,19:00:00,,0.0,2,"Automóvil,Automóvil",Bv. Seguí Y Mitre,2,1,0,0,1,0,0,"-32.978716541034,-60.64771983852",Avenida,,ROSARIO,Rosario,Asfalto,No existe,II,Dentro,Urbana,Otra Señal,No existe,Intersección,Bueno,Buena,Atardecer,Buen Tiempo,Múltiple,S/D,Colisión,Ninguna,Horizontal,Cordón divisorio,Sin restricción
2021,5177,2021-09-30,Jueves,15:20:00,,0.0,2,"Automóvil,Moto/Ciclomotor",Estado de Israel Y Pje. Barcelona,2,1,0,0,1,0,0,"-32.992185413982,-60.66092668604",Calle,,ROSARIO,Rosario,Asfalto,No existe,II,Dentro,Urbana,Otra Señal,No existe,Intersección,Bueno,Buena,Diurna,Buen Tiempo,Múltiple,S/D,Colisión,Ninguna,Faltante,Cordón divisorio,Sin restricción
2021,5178,2021-09-01,Miercoles,15:50:00,,0.0,2,"Moto/Ciclomotor,Automóvil",Av. Corrientes Y Dean Funes,2,1,0,0,1,0,0,"-32.974878710355,-60.649702364765",Avenida,,ROSARIO,Rosario,Asfalto,No existe,II,Dentro,Urbana,Otra Señal,No existe,Intersección,Bueno,Buena,Diurna,Buen Tiempo,Múltiple,S/D,Colisión,Ninguna,Vertical,Cordón divisorio,Sin restricción
2021,5179,2021-09-02,Jueves,14:30:00,,0.0,2,"Moto/Ciclomotor,Automóvil",1ro de Mayo Y Cándido Pujato,2,1,0,0,1,0,0,"-31.633385621607,-60.706632366902",Calle,,SANTA FE,La Capital,Asfalto,No existe,I,Dentro,Urbana,Otra Señal,No existe,Intersección,Bueno,Buena,Diurna,Buen Tiempo,Múltiple,S/D,Colisión,Ninguna,Faltante,Cordón divisorio,Sin restricción
2021,5180,2021-09-01,Miercoles,11:50:00,,0.0,2,"Automóvil,Moto/Ciclomotor",Ameghino Y Entre Ríos,2,1,0,0,1,0,0,"-32.986602085437,-60.651199812264",Calle,,ROSARIO,Rosario,Asfalto,No existe,II,Dentro,Urbana,Otra Señal,No existe,Intersección,Bueno,Buena,Diurna,Buen Tiempo,Múltiple,S/D,Colisión,Ninguna,Vertical,Cordón divisorio,Sin restricción
2021,5181,2021-09-07,Martes,12:30:00,,0.0,2,"Moto/Ciclomotor,Automóvil",Esteban de Luca Y Sarmiento,2,1,0,0,1,0,0,"-32.99493141638,-60.649238215739",Calle,,ROSARIO,Rosario,Asfalto,No existe,II,Dentro,Urbana,Otra Señal,No existe,Intersección,Bueno,Buena,Diurna,Buen Tiempo,Múltiple,S/D,Colisión,Ninguna,Faltante,Cordón divisorio,Sin restricción
2021,5182,2021-09-10,Viernes,20:50:00,,0.0,2,"Moto/Ciclomotor,Automóvil",Abanderado Grandoli Y Pje. Rufino Ortega Bis,2,1,0,0,1,0,0,"-32.981193197051,-60.627897732055",Avenida,,ROSARIO,Rosario,Asfalto,No existe,II,Dentro,Urbana,Otra Señal,No existe,Intersección,Bueno,Buena,"Nocturna,Con luz artificial",Buen Tiempo,Múltiple,S/D,Colisión,Ninguna,Faltante,Cordón divisorio,Sin restricción
2021,5183,2021-09-12,Domingo,18:10:00,,0.0,2,"Automóvil,Bicicleta",Av. Battle y Ordoñez Y Salva,2,1,0,0,1,0,0,"-33.008672707058,-60.639947832771",Avenida,,ROSARIO,Rosario,Asfalto,No existe,II,Dentro,Urbana,Otra Señal,No existe,Intersección,Bueno,Buena,Diurna,Buen Tiempo,Múltiple,S/D,Colisión,Ninguna,Horizontal,Cordón divisorio,Sin restricción
2021,5184,2021-09-08,Miercoles,13:40:00,,0.0,2,"Moto/Ciclomotor,Automóvil",Güemes Y Ituzaingó,2,1,0,0,1,0,0,"-31.640525,-60.689685",Calle,,SANTA FE,La Capital,Asfalto,No existe,I,Dentro,Urbana,Otra Señal,No existe,Intersección,Bueno,S/D,Diurna,S/D,Múltiple,S/D,Colisión,Ninguna,Horizontal,Cordón divisorio,Sin restricción