anio_acci,nro_acci,fecha,desc_dia,hora_aprox,desc_ruta,km,cant_participantes,desc_participante,calle_avenida_km,total,heridos_leves,heridos_graves,heridos_gravisimos,ilesos,fallecidos,sin_datos,posicion_XY,desc_tipo_via,desc_ruta_ori,desc_loc,desc_dpto,desc_tipo_calzada,desc_tipo_banquina,desc_unidad_regional,desc_lugar_calzada,desc_zona,desc_prioridad,desc_estado_semaforo,desc_lugar_via,desc_estado_via,desc_estado_visibilidad,desc_luminosidad,desc_estado_clima,desc_tipo_colision,desc_tipo_atropello,desc_tipo_hecho,desc_pres_calzada,desc_senializacion,desc_separacion_via,desc_restriccion
2021,5185,2021-09-11,Sabado,13:00:00,,0.0,2,"Moto/Ciclomotor,Automóvil",Candioti 3750,2,1,0,0,1,0,0,"-31.634861943957,-60.694791608922",Calle,,SANTA FE,La Capital,Asfalto,No existe,I,Dentro,Urbana,Otra Señal,No existe,Intersección,Bueno,S/D,Diurna,S/D,Múltiple,S/D,Colisión,S/D,Faltante,Cordón divisorio,Sin restricción
2021,5186,2021-09-17,Viernes,08:05:00,Autopista Nacional A007,0.0,2,"Automóvil,Moto/Ciclomotor",Av. Leandro Alem Y Candioti,2,1,0,0,1,0,0,"-31.645900870863,-60.698035055161",Autopista,A007,SANTA FE,La Capital,Asfalto,No existe,I,Dentro,Urbana,Otra Señal,Funciona,Intersección,Bueno,S/D,Diurna,S/D,Múltiple,S/D,Colisión,S/D,"Horizontal,Vertical",Cordón divisorio,Sin restricción
2021,5187,2021-09-21,Martes,19:00:00,,0.0,2,"Moto/Ciclomotor,Pickup/Utilitario",Alvear Y Castellanos,2,1,0,0,1,0,0,"-31.636012863616,-60.696258815863",Calle,,SANTA FE,La Capital,Asfalto,No existe,I,Dentro,Urbana,Otra Señal,No existe,Intersección,Bueno,S/D,Diurna,S/D,Múltiple,S/D,Colisión,S/D,Horizontal,Cordón divisorio,Sin restricción
2021,5188,2021-09-20,Lunes,22:40:00,,0.0,2,"Automóvil,Automóvil",Belgrano Y Maipú,2,1,0,0,1,0,0,"-31.634654476766,-60.698114424461",Calle,,SANTA FE,La Capital,Asfalto,No existe,I,Dentro,Urbana,Otra Señal,No existe,Intersección,Bueno,S/D,Nocturna,S/D,Múltiple,S/D,Colisión,S/D,Horizontal,Cordón divisorio,Sin restricción
2021,5189,2021-09-14,Martes,21:10:00,,0.0,2,"Automóvil,Moto/Ciclomotor",Bv. Seguí Y Maipú,2,1,0,0,1,0,0,"-32.979658608558,-60.643653419396",Avenida,,ROSARIO,Rosario,Asfalto,No existe,II,Dentro,Urbana,Otra Señal,No existe,Intersección,Bueno,Buena,"Nocturna,Con luz artificial",Buen Tiempo,Múltiple,S/D,Colisión,Ninguna,Faltante,Cordón divisorio,Sin restricción
2021,5191,2021-08-06,Viernes,15:00:00,,0.0,2,"Moto/Ciclomotor,Pickup/Utilitario",Av. A del Valle Y Llerena,2,1,0,0,1,0,0,"-31.61384, -60.69617",Calle,,SANTA FE,La Capital,Asfalto,No existe,I,S/D,Urbana,Otra Señal,No existe,Intersección,Bueno,Buena,Diurna,Buen Tiempo,Múltiple,S/D,Colisión,Ninguna,S/D,Cordón divisorio,Sin restricción
2021,5192,2021-09-15,Miercoles,17:30:00,,0.0,2,"Moto/Ciclomotor,Automóvil",Av. Corrientes Y Benito Juárez,2,1,0,0,1,0,0,"-32.993052452465,-60.653646099027",Calle,,ROSARIO,Rosario,Asfalto,No existe,II,Dentro,Urbana,Otra Señal,No existe,Intersección,Bueno,Buena,Diurna,Buen Tiempo,Múltiple,S/D,Colisión,Ninguna,Faltante,Cordón divisorio,Sin restricción
2021,5193,2021-09-08,Miercoles,14:30:00,,0.0,2,"Peatón,Moto/Ciclomotor",ROSARIO VERA PEÑALOZA 3900,2,1,0,0,1,0,0,"-31.639089, -60.658981",Calle,,SANTA FE,La Capital,Asfalto,No existe,I,Dentro,Urbana,Otra Señal,No existe,Intersección,S/D,S/D,Diurna,S/D,Múltiple,Peatón,Colisión,S/D,Faltante,Cordón divisorio,Sin restricción
2021,5194,2021-08-05,Jueves,09:30:00,,0.0,2,"Moto/Ciclomotor,Automóvil",J Castelli Y Alberdi,2,1,0,0,1,0,0,"-31.60882, -60.6837",Calle,,SANTA FE,La Capital,Asfalto,No existe,I,S/D,Urbana,Otra Señal,No existe,Intersección,Bueno,Buena,Diurna,Buen Tiempo,Múltiple,S/D,Colisión,Ninguna,S/D,Cordón divisorio,Sin restricción
2021,5195,2021-08-05,Jueves,19:20:00,,0.0,2,"Automóvil,Automóvil",Av. Gral. Paz Y Luciano Torrent,2,1,0,0,1,0,0,"-31.6267, -60.69043",Calle,,SANTA FE,La Capital,Asfalto,No existe,I,S/D,Urbana,Otra Señal,No existe,Intersección,Bueno,Buena,Diurna,Buen Tiempo,Múltiple,S/D,Colisión,Ninguna,S/D,Cordón divisorio,Sin restricción
2021,5196,2021-09-15,Miercoles,21:30:00,,0.0,2,"Automóvil,Automóvil",Anchorena Y Pavón,2,1,0,0,1,0,0,"-32.99731713817,-60.634287002701",Calle,,ROSARIO,Rosario,Asfalto,No existe,II,Dentro,Urbana,Otra Señal,No existe,Intersección,Bueno,Buena,Nocturna,Buen Tiempo,Múltiple,S/D,Colisión,Ninguna,Horizontal,Cordón divisorio,Sin restricción
2021,5197,2021-09-22,Miercoles,11:20:00,,0.0,2,"Moto/Ciclomotor,Bicicleta",PUENTE ING CANDIOTI ,2,1,0,0,1,0,0,"-31.640549, -60.678986",Calle,,SANTA FE,La Capital,Asfalto,No existe,I,Dentro,Urbana,Otra Señal,No existe,Intersección,Bueno,Buena,Diurna,Buen Tiempo,Múltiple,Ciclista,Colisión,Ninguna,Horizontal,Cordón divisorio,Sin restricción
2021,5198,2021-09-16,Jueves,14:00:00,,0.0,2,"Automóvil,Moto/Ciclomotor",Abanderado Grandoli Y Dr. Rivas,2,1,0,0,1,0,0,"-32.987076424475,-60.62836273017",Calle,,ROSARIO,Rosario,Asfalto,No existe,II,Dentro,Urbana,Otra Señal,No existe,Intersección,Bueno,Buena,Diurna,Buen Tiempo,Múltiple,S/D,Colisión,Ninguna,Faltante,Cordón divisorio,Sin restricción
2021,5199,2021-09-10,Viernes,21:25:00,,0.0,2,"Moto/Ciclomotor,Automóvil",Grandoli Y Isola Bis,3,1,0,0,2,0,0,"-32.991375894482,-60.628485744539",Avenida,,ROSARIO,Rosario,Asfalto,No existe,II,Dentro,Urbana,Otra Señal,No existe,Intersección,Bueno,Buena,Nocturna,Buen Tiempo,Múltiple,S/D,Colisión,Ninguna,Horizontal,Cordón divisorio,Sin restricción
2021,5200,2021-09-16,Jueves,08:20:00,Autopista Nacional A008,0.0,1,Moto/Ciclomotor,Av. Circunvalación Y Ayacucho,2,1,0,0,1,0,0,"-33.014625847165,-60.635057386556",Autopista,A008,ROSARIO,Rosario,Asfalto,No existe,II,Dentro,Urbana,Otra Señal,Funciona,Intersección,Bueno,Buena,Diurna,Buen Tiempo,Múltiple,S/D,Colisión,Ninguna,Vertical,Cordón divisorio,Sin restricción
2021,5201,2021-09-23,Jueves,11:00:00,Ruta Nacional 168,0.0,2,"Moto/Ciclomotor,Automóvil",Ruta Nac 168 472,3,2,0,0,1,0,0,"-31.640465, -60.659767",Ruta,168,SANTA FE,La Capital,Hormigón,Natural,I,Dentro,Urbana,Otra Señal,No existe,Intersección,Con baches,Buena,Diurna,Buen Tiempo,Múltiple,S/D,Colisión,Ninguna,Vertical,Cordón divisorio,Sin restricción
2021,5202,2021-09-19,Domingo,20:30:00,,0.0,2,"Moto/Ciclomotor,Automóvil",Amenábar Y Laprida,2,1,0,0,1,0,0,"-32.972886248306,-60.64072776133",Calle,,ROSARIO,Rosario,Asfalto,No existe,II,Dentro,Urbana,Otra Señal,No existe,Intersección,Bueno,Buena,Diurna,Buen Tiempo,Múltiple,S/D,Colisión,Ninguna,Faltante,Cordón divisorio,Sin restricción
2021,5203,2021-09-11,Sabado,16:20:00,,0.0,2,"Moto/Ciclomotor,Peatón",Ivanowski 85,2,1,0,0,1,0,0,"-32.985358089955,-60.633161572978",Calle,,ROSARIO,Rosario,Asfalto,No existe,II,Dentro,Urbana,Otra Señal,No existe,Intersección,Bueno,Buena,Diurna,Buen Tiempo,Múltiple,Peatón,Colisión,Ninguna,Faltante,Cordón divisorio,Sin restricción
2021,5204,2021-08-04,Miercoles,18:00:00,,0.0,2,"Moto/Ciclomotor,Automóvil",Salvador del Carril Y Las Heras,2,1,0,0,1,0,0,"-31.61947, -60.69211",S/D,,SANTA FE,La Capital,Asfalto,No existe,I,S/D,Urbana,Otra Señal,No existe,Intersección,Bueno,Buena,Diurna,Buen Tiempo,Múltiple,S/D,Colisión,Ninguna,S/D,Cordón divisorio,Sin restricción
2021,5205,2021-09-11,Sabado,13:30:00,,0.0,2,"Automóvil,Pickup/Utilitario",San Martin Y Pte. Quintana,3,2,0,0,1,0,0,"-32.982898368337,-60.645082671165",Avenida,,ROSARIO,Rosario,Asfalto,No existe,II,Dentro,Urbana,Otra Señal,No existe,Intersección,Bueno,Buena,Diurna,Buen Tiempo,Múltiple,S/D,Colisión,Ninguna,"Horizontal,Vertical",Cordón divisorio,Sin restricción
2021,5206,2021-09-05,Domingo,05:50:00,Ruta Nacional 11,462.0,2,"Moto/Ciclomotor,Automóvil",PUENTE CARRETERO SANTA FE - SANTO TOME ,2,1,0,0,1,0,0,"-31.667640, -60.752191",Ruta,11,SANTA FE,La Capital,Asfalto,No existe,I,Dentro,Urbana,Otra Señal,No existe,Intersección,Bueno,Reducida,Nocturna,Buen Tiempo,Múltiple,S/D,Colisión,Ninguna,Horizontal,Cordón divisorio,Sin restricción
2021,5208,2021-08-03,Martes,18:00:00,,0.0,2,"Pickup/Utilitario,Pickup/Utilitario",Güemes Y Agustín Delgado,2,1,0,0,1,0,0,"-31.62401, -60.6848",Calle,,SANTA FE,La Capital,S/D,No existe,I,S/D,Urbana,Otra Señal,No existe,Intersección,Bueno,Buena,Diurna,Buen Tiempo,Múltiple,S/D,Colisión,Ninguna,S/D,Cordón divisorio,Sin restricción
2021,5209,2021-09-05,Domingo,12:30:00,,0.0,2,"Automóvil,Automóvil",Francia Y Juan de Garay,4,1,0,0,2,0,1,"-31.651130688631,-60.716096868676",Calle,,SANTA FE,La Capital,Asfalto,No existe,I,Dentro,Urbana,Otra Señal,No existe,Intersección,Bueno,Buena,Diurna,Buen Tiempo,Múltiple,S/D,Colisión,Ninguna,Faltante,Cordón divisorio,Sin restricción
2021,5210,2021-09-12,Domingo,14:15:00,,0.0,2,"Moto/Ciclomotor,Automóvil",Dean Funes Y Entre Ríos,3,1,0,0,2,0,0,"-32.975128662594,-60.64831183979",Calle,,ROSARIO,Rosario,Asfalto,No existe,II,Dentro,Urbana,Otra Señal,No existe,Intersección,Bueno,Buena,Diurna,Buen Tiempo,Múltiple,S/D,Colisión,Ninguna,Faltante,Cordón divisorio,Sin restricción
2021,5211,2021-08-03,Martes,21:15:00,,0.0,2,"Moto/Ciclomotor,Moto/Ciclomotor",Av. Gral. Paz Y Salvador del Carril,2,1,0,0,1,0,0,"-31.6205, -60.68601",Calle,,SANTA FE,La Capital,Asfalto,No existe,I,S/D,Urbana,Otra Señal,No existe,Intersección,Bueno,Buena,Nocturna,Buen Tiempo,Múltiple,S/D,Colisión,Ninguna,Vertical,Cordón divisorio,Sin restricción
2021,5212,2021-08-02,Lunes,08:05:00,,0.0,2,"Automóvil,Automóvil",J Castelli Y Las Heras,2,1,0,0,1,0,0,"-31.6077, -60.68899",Calle,,SANTA FE,La Capital,Asfalto,No existe,I,S/D,Urbana,Otra Señal,No existe,Intersección,Bueno,Buena,Diurna,Buen Tiempo,Múltiple,S/D,Colisión,Ninguna,S/D,Cordón divisorio,Sin restricción
2021,5213,2021-09-07,Martes,16:30:00,,0.0,2,"Automóvil,Moto/Ciclomotor",Juan de Garay Y Saavedra,2,1,0,0,1,0,0,"-31.650879921239,-60.717391692186",Calle,,SANTA FE,La Capital,Asfalto,No existe,I,Dentro,Urbana,Otra Señal,No existe,Intersección,Bueno,Buena,Diurna,Buen Tiempo,Múltiple,S/D,Colisión,Ninguna,Faltante,Cordón divisorio,Sin restricción
2021,5214,2021-08-12,Jueves,17:30:00,,0.0,2,"Moto/Ciclomotor,Automóvil",Regis Martínez ,2,0,0,0,0,0,2,"-31.61604, -60.71302",Calle,,SANTA FE,La Capital,Asfalto,No existe,I,S/D,Urbana,Otra Señal,Funciona,Intersección,Bueno,Buena,Diurna,Buen Tiempo,Múltiple,S/D,Colisión,Ninguna,Vertical,Cordón divisorio,Sin restricción
2021,5215,2021-08-11,Miercoles,17:00:00,,0.0,2,"Moto/Ciclomotor,Automóvil",Av. López y Planes Y Juan Del Campillo,2,0,0,0,0,0,2,"-31.6273, -60.71385",Avenida,,SANTA FE,La Capital,Asfalto,No existe,I,S/D,Urbana,Otra Señal,Funciona,Intersección,Bueno,Buena,Diurna,Buen Tiempo,Múltiple,S/D,Colisión,Ninguna,Vertical,Cordón divisorio,Sin restricción
2021,5217,2021-09-11,Sabado,15:30:00,,0.0,2,"Otros,Moto/Ciclomotor",Moreno Y San Lorenzo,3,0,0,0,1,0,2,"-31.653010508135,-60.719395393264",Calle,,SANTA FE,La Capital,Asfalto,No existe,I,Dentro,Urbana,Otra Señal,No existe,Intersección,Bueno,Buena,Diurna,Buen Tiempo,Múltiple,S/D,Colisión,Ninguna,Faltante,Cordón divisorio,Sin restricción
2021,5218,2021-09-13,Lunes,09:40:00,,0.0,2,"Moto/Ciclomotor,Camión Chasis",Garibaldi Y L.N.Alem,2,1,0,0,1,0,0,"-32.987720623826,-60.638253512737",Calle,,ROSARIO,Rosario,Asfalto,No existe,II,Dentro,Urbana,Otra Señal,No existe,Intersección,Bueno,Buena,Diurna,Buen Tiempo,Múltiple,S/D,Colisión,Ninguna,Faltante,Cordón divisorio,Sin restricción
2021,5219,2021-09-11,Sabado,20:50:00,,0.0,2,"Taxi/Remis,Moto/Ciclomotor",Av. J J Paso Y Santiago de Chile,3,1,0,0,2,0,0,"-31.660655, -60.728199",Avenida,,SANTA FE,La Capital,Asfalto,No existe,I,Dentro,Urbana,Otra Señal,No existe,Intersección,Bueno,Buena,Nocturna,Buen Tiempo,Múltiple,S/D,Colisión,Ninguna,Horizontal,Cordón divisorio,Sin restricción
2021,5220,2021-09-15,Miercoles,00:20:00,,0.0,2,"Automóvil,Moto/Ciclomotor",Av. Corrientes Y Bv. Seguí,2,1,0,0,1,0,0,"-32.978418286421,-60.650596614027",Avenida,,ROSARIO,Rosario,Asfalto,No existe,II,Dentro,Urbana,Otra Señal,No existe,Intersección,Bueno,Buena,"Nocturna,Con luz artificial",Buen Tiempo,Múltiple,S/D,Colisión,Ninguna,Faltante,Cordón divisorio,Sin restricción
2021,5221,2021-09-14,Martes,12:15:00,,0.0,2,"Moto/Ciclomotor,Automóvil",Amenábar Y Francia,2,1,0,0,1,0,0,"-31.65779725266,-60.718151244068",Calle,,SANTA FE,La Capital,Asfalto,No existe,I,Dentro,Urbana,Otra Señal,No existe,Intersección,Bueno,Buena,Diurna,Buen Tiempo,Múltiple,S/D,Colisión,Ninguna,Horizontal,Cordón divisorio,Sin restricción
2021,5222,2021-09-11,Sabado,11:50:00,,0.0,4,"Pickup/Utilitario,Automóvil,Automóvil,Pickup/Utilitario",Dean Funes Y Entre Ríos,7,2,0,0,5,0,0,"-32.975128662594,-60.64831183979",Calle,,ROSARIO,Rosario,Asfalto,Pavimento,II,Dentro,Urbana,Otra Señal,No existe,Intersección,Bueno,Buena,Diurna,Buen Tiempo,Múltiple,S/D,Colisión,Ninguna,Horizontal,Cordón divisorio,Sin restricción
2021,5226,2021-09-15,Miercoles,12:00:00,,0.0,2,"Taxi/Remis,Moto/Ciclomotor",Juan Diaz de Solís Y Jujuy,2,1,0,0,1,0,0,"-31.659142, -60.730622",Calle,,SANTA FE,La Capital,Asfalto,No existe,I,Dentro,Urbana,Otra Señal,No existe,Intersección,Bueno,Buena,Diurna,Buen Tiempo,Múltiple,S/D,Colisión,Ninguna,Faltante,Cordón divisorio,Sin restricción
2021,5227,2021-09-28,Martes,21:00:00,,0.0,2,"Moto/Ciclomotor,Automóvil",Av. Francia Y Garibaldi,2,1,0,0,1,0,0,"-32.981028296115,-60.675610679292",Avenida,,ROSARIO,Rosario,Asfalto,No existe,II,Dentro,Urbana,Otra Señal,No existe,Intersección,Bueno,Buena,"Nocturna,Con luz artificial",Buen Tiempo,Múltiple,S/D,Colisión,Ninguna,Horizontal,Cordón divisorio,Sin restricción
2021,5229,2021-09-23,Jueves,12:30:00,,0.0,2,"Moto/Ciclomotor,Automóvil",Av. Francia Y Aurora,2,1,0,0,0,0,1,"-32.999478281669,-60.677954429046",Avenida,,ROSARIO,Rosario,Asfalto,No existe,II,Dentro,Urbana,Otra Señal,No existe,Intersección,Bueno,Buena,Diurna,Buen Tiempo,Múltiple,S/D,Colisión,Ninguna,Faltante,Cordón divisorio,Sin restricción
2021,5230,2021-09-17,Viernes,23:50:00,Ruta Nacional 11,462.0,2,"Moto/Ciclomotor,Pickup/Utilitario",ACCESO AL PUENTE CARRETERO ,2,1,0,0,1,0,0,"-31.6677, -60.75264",Ruta,11,SANTA FE,La Capital,Asfalto,No existe,I,Dentro,Urbana,Otra Señal,No existe,Intersección,Bueno,Buena,Nocturna,Buen Tiempo,Múltiple,S/D,Colisión,Ninguna,Horizontal,Cordón divisorio,Sin restricción
2021,5231,2021-09-26,Domingo,08:30:00,,0.0,2,"Pickup/Utilitario,Automóvil",Av. Battle y Ordoñez Y Bv. Oroño,3,2,0,0,1,0,0,"-33.009297518676,-60.664898224387",Avenida,,ROSARIO,Rosario,Asfalto,No existe,II,Dentro,Urbana,Otra Señal,Funciona,Intersección,Bueno,Buena,Diurna,Buen Tiempo,Múltiple,S/D,Colisión,Ninguna,"Horizontal,Vertical",Cordón divisorio,Sin restricción
2021,5235,2021-09-23,Jueves,18:20:00,Autopista Nacional A008,0.0,2,"Automóvil,Peatón",Av. Circunvalación Y Av. Ovidio Lagos,2,0,0,1,1,0,0,"-33.007778791103,-60.677013966922",Autopista,A008,ROSARIO,Rosario,Asfalto,Pavimento,II,Dentro,Urbana,Otra Señal,No existe,Intersección,Bueno,Buena,Atardecer,Buen Tiempo,Múltiple,Peatón,Colisión,Ninguna,"Horizontal,Vertical",Cordón divisorio,Sin restricción
2021,5237,2021-09-28,Martes,09:00:00,,0.0,1,Moto/Ciclomotor,Av. Francia Y Pje. J.Marc,1,1,0,0,0,0,0,"-32.993281660723,-60.678024523661",Calle,,ROSARIO,Rosario,Asfalto,Pavimento,II,Dentro,Urbana,Otra Señal,No existe,Intersección,Bueno,Buena,Diurna,Buen Tiempo,Múltiple,S/D,Colisión,Ninguna,"Horizontal,Vertical",Cordón divisorio,Sin restricción
2021,5239,2021-09-03,Viernes,18:30:00,,0.0,2,"Moto/Ciclomotor,Automóvil",Av. Provincias Unidas Y Ituzaingó,2,1,0,0,1,0,0,"-32.952208, -60.712053",Avenida,,ROSARIO,Rosario,Asfalto,No existe,II,Dentro,Urbana,Otra Señal,Funciona,Intersección,Bueno,Buena,Diurna,Buen Tiempo,Múltiple,S/D,Colisión,Ninguna,"Horizontal,Vertical",Cordón divisorio,Sin restricción
2021,5240,2021-09-07,Martes,08:00:00,,0.0,2,"Taxi/Remis,Moto/Ciclomotor",Amenábar Y P.L.Funes,3,2,0,0,1,0,0,"-32.963635931775,-60.700277536623",Calle,,ROSARIO,Rosario,Asfalto,No existe,II,Dentro,Urbana,Otra Señal,No existe,Intersección,Bueno,Buena,Diurna,Buen Tiempo,Múltiple,S/D,Colisión,Ninguna,Faltante,Cordón divisorio,Sin restricción
2021,5241,2021-09-20,Lunes,21:20:00,,0.0,2,"Bicicleta,Automóvil",Corrientes Y Francia,2,1,0,0,1,0,0,"-31.652328158815,-60.716448691858",Calle,,SANTA FE,La Capital,Asfalto,No existe,I,Dentro,Urbana,Otra Señal,No existe,Intersección,Bueno,Reducida,Nocturna,Buen Tiempo,Múltiple,Ciclista,Colisión,Ninguna,Horizontal,Cordón divisorio,Sin restricción
2021,5242,2021-09-24,Viernes,09:40:00,,0.0,2,"Moto/Ciclomotor,Peatón",Av. J J Paso Y Saavedra,2,1,0,0,1,0,0,"-31.662021465503,-60.720709003134",Avenida,,SANTA FE,La Capital,Asfalto,No existe,I,Dentro,Urbana,Otra Señal,No existe,Intersección,Bueno,Buena,Diurna,Buen Tiempo,Múltiple,Peatón,Colisión,Ninguna,Vertical,Cordón divisorio,Sin restricción
2021,5243,2021-09-25,Sabado,13:00:00,,0.0,2,"Moto/Ciclomotor,Automóvil",Av. Mosconi Y Juan de Garay,3,1,0,0,2,0,0,"-31.648507915315,-60.730145563335",Avenida,,SANTA FE,La Capital,Asfalto,No existe,I,Dentro,Urbana,Otra Señal,No existe,Intersección,Bueno,Buena,Diurna,Buen Tiempo,Múltiple,S/D,Colisión,Ninguna,Faltante,Cordón divisorio,Sin restricción
2021,5244,2021-09-25,Sabado,21:25:00,Autopista Nacional A007,0.0,2,"Automóvil,Pickup/Utilitario",Av. Circunvalación Y Intendente Manuel Irigoyen,3,1,0,0,2,0,0,"-31.663370132446314,-60.73181569576",Autopista,A007,SANTA FE,La Capital,Asfalto,Natural,I,Dentro,Urbana,Otra Señal,No existe,Intersección,Bueno,Buena,Nocturna,Buen Tiempo,Múltiple,S/D,Colisión,Ninguna,Faltante,Cordón divisorio,Sin restricción
2021,5246,2021-08-12,Jueves,06:50:00,Ruta Secundaria 81-s,0.0,2,"Automóvil,Moto/Ciclomotor", ,2,0,0,1,1,0,0,"-31.06373, -61.15525",Ruta,81-s,LEHMANN,Castellanos,Asfalto,Natural,V,Dentro,Rural,Otra Señal,No existe,Intersección,Con baches,Buena,Nocturna,Buen Tiempo,Múltiple,S/D,Colisión,Ninguna,Vertical,Cordón divisorio,Sin restricción
2021,5248,2021-09-13,Lunes,15:30:00,,0.0,2,"Moto/Ciclomotor,Pickup/Utilitario",Irurtia Y J.Colombres,3,2,0,0,1,0,0,"-32.967020280146,-60.724715694797",Calle,,ROSARIO,Rosario,Asfalto,No existe,II,Dentro,Urbana,Otra Señal,No existe,Intersección,Bueno,Buena,Diurna,Buen Tiempo,Múltiple,S/D,Colisión,Ninguna,Faltante,Cordón divisorio,Sin restricción
2021,5249,2021-08-04,Miercoles,14:00:00,Ruta Nacional 11,0.0,2,"Moto/Ciclomotor,Pickup/Utilitario", ,2,1,0,0,1,0,0,"-29.89131, -60.2806",Ruta,11,CALCHAQUÍ,Vera,Ripio,Natural,XIX,S/D,Urbana,Otra Señal,No existe,Intersección,Bueno,Buena,Diurna,Buen Tiempo,Múltiple,S/D,Colisión,Ninguna,Faltante,Cordón divisorio,Sin restricción
2021,5251,2021-09-11,Sabado,12:00:00,,0.0,2,"Moto/Ciclomotor,Moto/Ciclomotor",Av. Provincias Unidas Y Rueda,2,2,0,0,0,0,0,"-32.962776314924,-60.711759454086",Calle,,ROSARIO,Rosario,Asfalto,No existe,II,Dentro,Urbana,Otra Señal,No existe,Intersección,Bueno,Buena,Diurna,Buen Tiempo,Múltiple,S/D,Colisión,Ninguna,Vertical,Cordón divisorio,Sin restricción
2021,5252,2021-08-08,Domingo,10:50:00,,0.0,1,Moto/Ciclomotor,Bv Belgrano Y Sgto. Cabral,1,1,0,0,0,0,0,"-29.88837, -60.28522",S/D,,CALCHAQUÍ,Vera,Asfalto,No existe,XIX,Dentro,Urbana,Otra Señal,No existe,Intersección,Bueno,Buena,Diurna,Buen Tiempo,Múltiple,S/D,Colisión,Ninguna,Vertical,Cordón divisorio,Sin restricción
2021,5254,2021-09-09,Jueves,21:30:00,,0.0,2,"Transporte de Pasajeros Urbano (> 8 asientos),Moto/Ciclomotor",Av. De Las Palmeras Y Bv. Seguí,3,1,0,0,2,0,0,"-32.971631426356,-60.734008725865",Avenida,,ROSARIO,Rosario,Asfalto,No existe,II,Dentro,Urbana,Otra Señal,No existe,Intersección,Bueno,Buena,Diurna,Buen Tiempo,Múltiple,S/D,Colisión,Ninguna,Faltante,Cordón divisorio,Sin restricción
2021,5256,2021-09-24,Viernes,13:50:00,,0.0,2,"Peatón,Tren",F.More 230,2,1,0,0,1,0,0,"-32.930869460105896,-60.69384902715",Calle,,ROSARIO,Rosario,Asfalto,No existe,II,Dentro,Urbana,Otra Señal,No existe,Intersección,S/D,S/D,Diurna,S/D,Múltiple,Peatón,Colisión,S/D,Vertical,Cordón divisorio,Sin restricción
2021,5257,2021-09-17,Viernes,11:00:00,,0.0,2,"Bicicleta,Camión Chasis",Bv. Seguí Y P.L.Funes,3,1,0,0,2,0,0,"-32.970602815693,-60.700007115969",Avenida,,ROSARIO,Rosario,Asfalto,No existe,II,Dentro,Urbana,Otra Señal,No existe,Intersección,Bueno,Buena,Diurna,Buen Tiempo,Múltiple,Ciclista,Colisión,Ninguna,Horizontal,Cordón divisorio,Sin restricción
2021,5258,2021-09-06,Lunes,06:50:00,Ruta Provincial 21,0.0,1,Moto/Ciclomotor,Av. Gral. San Martin Y Moreno,1,1,0,0,0,0,0,"-33.024576340064,-60.625861241204",Ruta,21,VILLA GOBERNADOR GÁLVEZ,Rosario,Asfalto,No existe,II,Dentro,Urbana,Otra Señal,No existe,Intersección,Bueno,Buena,Diurna,Buen Tiempo,Múltiple,S/D,Colisión,Ninguna,Horizontal,Cordón divisorio,Sin restricción
2021,5259,2021-09-24,Viernes,10:10:00,,0.0,2,"Moto/Ciclomotor,Automóvil",AV. JORGE NEWBERY Y LOS ALERCES,2,1,0,0,1,0,0,"-32.90829,-60.729986",Avenida,,ROSARIO,Rosario,Asfalto,No existe,II,Dentro,Urbana,Otra Señal,No funciona,Intersección,Bueno,Buena,Diurna,S/D,Múltiple,S/D,Colisión,Ninguna,Vertical,Cordón divisorio,Sin restricción
2021,5261,2021-09-22,Miercoles,17:10:00,,0.0,2,"Moto/Ciclomotor,Automóvil",Cullen Y La Republica,2,1,0,0,1,0,0,"-32.918472253035,-60.709773146175",Calle,,ROSARIO,Rosario,Asfalto,No existe,II,Dentro,Urbana,Otra Señal,No existe,Intersección,Bueno,Buena,Diurna,Buen Tiempo,Múltiple,S/D,Colisión,Ninguna,Faltante,Cordón divisorio,Sin restricción
2021,5262,2021-09-18,Sabado,18:55:00,,0.0,2,"Peatón,Moto/Ciclomotor",Pje. J.Casals 3860,2,2,0,0,0,0,0,"-32.973982357929,-60.697434309308",Calle,,ROSARIO,Rosario,Asfalto,No existe,II,Dentro,Urbana,Otra Señal,No existe,Intersección,Bueno,Buena,Diurna,Buen Tiempo,Múltiple,Peatón,Colisión,Ninguna,Faltante,Cordón divisorio,Sin restricción
2021,5263,2021-09-18,Sabado,12:30:00,,0.0,2,"Moto/Ciclomotor,Automóvil",Pje. Apipe Y Tarragona Bis,2,1,0,0,1,0,0,"-32.920257131203,-60.73497761728",Calle,,ROSARIO,Rosario,Asfalto,No existe,II,Dentro,Urbana,Otra Señal,No existe,Intersección,Deteriorada,Buena,Diurna,Buen Tiempo,Múltiple,S/D,Colisión,Ninguna,Faltante,Cordón divisorio,Sin restricción