anio_acci,nro_acci,fecha,desc_dia,hora_aprox,desc_ruta,km,cant_participantes,desc_participante,calle_avenida_km,total,heridos_leves,heridos_graves,heridos_gravisimos,ilesos,fallecidos,sin_datos,posicion_XY,desc_tipo_via,desc_ruta_ori,desc_loc,desc_dpto,desc_tipo_calzada,desc_tipo_banquina,desc_unidad_regional,desc_lugar_calzada,desc_zona,desc_prioridad,desc_estado_semaforo,desc_lugar_via,desc_estado_via,desc_estado_visibilidad,desc_luminosidad,desc_estado_clima,desc_tipo_colision,desc_tipo_atropello,desc_tipo_hecho,desc_pres_calzada,desc_senializacion,desc_separacion_via,desc_restriccion
2021,5264,2021-09-24,Viernes,11:40:00,,0.0,2,"Moto/Ciclomotor,Automóvil",J.J.Paso Y Larrea,2,1,0,0,0,0,1,"-32.919775105105,-60.697964829297",Calle,,ROSARIO,Rosario,Asfalto,No existe,II,Dentro,Urbana,Otra Señal,No existe,Intersección,Bueno,Buena,Diurna,Buen Tiempo,Múltiple,S/D,Colisión,Ninguna,Faltante,Cordón divisorio,Sin restricción
2021,5265,2021-09-07,Martes,16:30:00,Ruta Nacional 9,0.0,2,"Moto/Ciclomotor,Taxi/Remis",Av. Eva Perón 7700,2,1,0,0,1,0,0,"-32.93028876185417,-60.727957338094",Ruta,9,ROSARIO,Rosario,Asfalto,No existe,II,Dentro,Urbana,Otra Señal,Funciona,Intersección,Resbaladiza,Buena,Diurna,Lluvia,Múltiple,S/D,Colisión,Agua,"Horizontal,Vertical",Cordón divisorio,Sin restricción
2021,5266,2021-09-17,Viernes,15:30:00,,0.0,2,"Peatón,Camión Chasis",Sáenz PEÑA 480,2,1,0,0,1,0,0,"-33.017690362033,-60.613284643938",Calle,,VILLA GOBERNADOR GÁLVEZ,Rosario,Asfalto,No existe,II,Dentro,Urbana,Otra Señal,No existe,Intersección,Bueno,Buena,Diurna,Buen Tiempo,Múltiple,Peatón,Colisión,Ninguna,Faltante,Cordón divisorio,Sin restricción
2021,5267,2021-09-22,Miercoles,13:00:00,,0.0,2,"Moto/Ciclomotor,Camión c / Acoplado",Av. Juan Domingo Perón Y Perú,2,1,0,0,1,0,0,"-33.003353476524374,-60.61531126499",Avenida,,VILLA GOBERNADOR GÁLVEZ,Rosario,Asfalto,No existe,II,Dentro,Urbana,Otra Señal,No existe,Intersección,Bueno,Buena,Diurna,Buen Tiempo,Múltiple,S/D,Colisión,Ninguna,Faltante,Cordón divisorio,Sin restricción
2021,5268,2021-09-04,Sabado,10:25:00,,0.0,2,"Moto/Ciclomotor,Automóvil",Andreu Y Bv San diego,2,1,0,0,1,0,0,"-33.018667961489,-60.613666758142",Avenida,,VILLA GOBERNADOR GÁLVEZ,Rosario,Asfalto,No existe,II,Dentro,Urbana,Otra Señal,No existe,Intersección,Bueno,Buena,Diurna,Buen Tiempo,Múltiple,S/D,Colisión,Ninguna,Faltante,Cordón divisorio,Sin restricción
2021,5269,2021-09-19,Domingo,17:45:00,Autopista Nacional A008,0.0,2,"Moto/Ciclomotor,Camión Chasis",Av. Circunvalación Y Av. Pte. Perón,2,1,0,0,1,0,0,"-32.930939663003,-60.724560656901",Autopista,A008,ROSARIO,Rosario,Asfalto,No existe,II,Dentro,Urbana,Otra Señal,Funciona,Intersección,Bueno,Buena,Diurna,Buen Tiempo,Múltiple,S/D,Colisión,Ninguna,"Horizontal,Vertical",Cordón divisorio,Sin restricción
2021,5270,2021-09-07,Martes,12:40:00,Ruta Provincial 21,0.0,1,Moto/Ciclomotor, ,2,2,0,0,0,0,0,"-33.042344, -60.610260",Ruta,21,VILLA GOBERNADOR GÁLVEZ,Rosario,Asfalto,Pavimento,II,Dentro,Urbana,Otra Señal,No existe,Intersección,Bueno,Buena,Diurna,Buen Tiempo,Múltiple,S/D,Colisión,Ninguna,Horizontal,Cordón divisorio,Sin restricción
2021,5271,2021-09-23,Jueves,19:10:00,,0.0,2,"Moto/Ciclomotor,Automóvil",Av. De Las Palmeras 3800,3,2,0,0,1,0,0,"-32.974036173291,-60.734476503777",Avenida,,ROSARIO,Rosario,Asfalto,No existe,II,Dentro,Urbana,Otra Señal,No existe,Intersección,Bueno,Buena,Diurna,Buen Tiempo,Múltiple,S/D,Colisión,Ninguna,Faltante,Cordón divisorio,Sin restricción
2021,5272,2021-09-02,Jueves,01:10:00,Ruta Nacional 11,0.0,2,"Taxi/Remis,Pickup/Utilitario",Av. Eva Perón Y González del Solar,2,1,0,0,1,0,0,"-32.928649370968,-60.736850139514",Ruta,11,ROSARIO,Rosario,Asfalto,No existe,II,Dentro,Urbana,Otra Señal,Funciona,Intersección,Bueno,Reducida,Nocturna,Lluvia,Múltiple,S/D,Colisión,Agua,"Horizontal,Vertical",Cordón divisorio,Sin restricción
2021,5273,2021-09-01,Miercoles,07:21:00,,0.0,2,"Taxi/Remis,Moto/Ciclomotor",Acevedo Bis Y Morrison,2,1,0,0,1,0,0,"-32.924957837028,-60.749596828275",Calle,,ROSARIO,Rosario,Asfalto,No existe,II,Dentro,Urbana,Otra Señal,No existe,Intersección,Bueno,Buena,Diurna,Buen Tiempo,Múltiple,S/D,Colisión,Ninguna,Vertical,Cordón divisorio,Sin restricción
2021,5274,2021-09-24,Viernes,15:40:00,,0.0,2,"Moto/Ciclomotor,Moto/Ciclomotor",Benítez Y Dean Funes,4,1,0,0,0,0,3,"-32.967662909206,-60.720160150488",Calle,,ROSARIO,Rosario,Asfalto,No existe,II,Dentro,Urbana,Otra Señal,No existe,Intersección,Bueno,Buena,Diurna,Buen Tiempo,Múltiple,S/D,Colisión,Ninguna,Faltante,Cordón divisorio,Sin restricción
2021,5275,2021-09-09,Jueves,08:00:00,Autopista Nacional A008,0.0,2,"Automóvil,Automóvil",Av. Circunvalación Y Av. Uriburu,4,2,0,0,2,0,0,"-32.992116303207,-60.70146551598",Autopista,A008,ROSARIO,Rosario,Asfalto,Natural,II,Dentro,Urbana,Otra Señal,No existe,Intersección,Bueno,Buena,Diurna,Buen Tiempo,Múltiple,S/D,Colisión,Ninguna,Horizontal,Cordón divisorio,Sin restricción
2021,5276,2021-09-16,Jueves,08:30:00,,0.0,2,"Moto/Ciclomotor,Automóvil",San Luis Y Piazza,2,1,0,0,1,0,0,"-33.019298933731,-60.604466872376",Calle,,VILLA GOBERNADOR GÁLVEZ,Rosario,Asfalto,No existe,II,Dentro,Urbana,Otra Señal,No existe,Intersección,Con baches,Buena,Diurna,Buen Tiempo,Múltiple,S/D,Colisión,Ninguna,Faltante,Cordón divisorio,Sin restricción
2021,5277,2021-09-18,Sabado,17:45:00,,0.0,2,"Moto/Ciclomotor,Automóvil",COMANDANTE ESPORA Y 12 DE OCTUBRE,2,1,0,0,1,0,0,"-33.023873880859,-60.615725728501",Calle,,VILLA GOBERNADOR GÁLVEZ,Rosario,Asfalto,No existe,II,Dentro,Urbana,Otra Señal,No existe,Intersección,Bueno,Buena,Diurna,Buen Tiempo,Múltiple,S/D,Colisión,Ninguna,Faltante,Cordón divisorio,Sin restricción
2021,5278,2021-09-25,Sabado,12:00:00,,0.0,2,"Automóvil,Moto/Ciclomotor",Colombia Y Viamonte,2,1,0,0,1,0,0,"-32.956995812743,-60.715247706914",Calle,,ROSARIO,Rosario,Asfalto,No existe,II,Dentro,Urbana,Otra Señal,No existe,Intersección,Bueno,Buena,Diurna,Buen Tiempo,Múltiple,S/D,Colisión,Ninguna,Faltante,Cordón divisorio,Sin restricción
2021,5280,2021-09-10,Viernes,13:15:00,,0.0,2,"Automóvil,Moto/Ciclomotor",Donado Y J.B.Justo,2,2,0,0,0,0,0,"-32.915306656435,-60.72810783415",Calle,,ROSARIO,Rosario,Asfalto,No existe,II,Dentro,Urbana,Otra Señal,No existe,Intersección,Bueno,Buena,Diurna,Buen Tiempo,Múltiple,S/D,Colisión,Ninguna,Faltante,Cordón divisorio,Sin restricción
2021,5281,2021-09-04,Sabado,20:10:00,,0.0,2,"Automóvil,Moto/Ciclomotor",Bv. Wilde Y J.B.Justo,2,1,0,0,1,0,0,"-32.915610125906,-60.739433181785",Avenida,,ROSARIO,Rosario,Asfalto,No existe,II,Dentro,Urbana,Otra Señal,No existe,Intersección,Resbaladiza,Buena,Diurna,Lluvia,Múltiple,S/D,Colisión,Agua,Faltante,Cordón divisorio,Sin restricción
2021,5282,2021-09-01,Miercoles,11:50:00,,0.0,2,"Pickup/Utilitario,Moto/Ciclomotor",Derqui Y J.Colombres,2,1,0,0,1,0,0,"-32.938476676585,-60.729400392501",Calle,,ROSARIO,Rosario,Asfalto,No existe,II,Dentro,Urbana,Otra Señal,No existe,Intersección,Bueno,Buena,Diurna,Buen Tiempo,Múltiple,S/D,Colisión,Ninguna,Faltante,Cordón divisorio,Sin restricción
2021,5283,2021-09-18,Sabado,15:20:00,,0.0,1,Moto/Ciclomotor,Constitución Y 12 de Octubre,2,1,0,0,1,0,0,"-33.026791364448,-60.615596164487",Calle,,VILLA GOBERNADOR GÁLVEZ,Rosario,Tierra,No existe,II,Dentro,Urbana,Otra Señal,No existe,Intersección,Con baches,Buena,Diurna,Buen Tiempo,Múltiple,S/D,Colisión,Ninguna,Faltante,Cordón divisorio,Sin restricción
2021,5285,2021-09-19,Domingo,01:45:00,,0.0,2,"Moto/Ciclomotor,Automóvil",Av. Gral. San Martin Y Libertad,2,1,0,0,1,0,0,"-33.021076761072,-60.629678825064",Calle,,VILLA GOBERNADOR GÁLVEZ,Rosario,Asfalto,No existe,II,Dentro,Urbana,Otra Señal,No existe,Intersección,Bueno,Buena,"Nocturna,Con luz artificial",Buen Tiempo,Múltiple,S/D,Colisión,Ninguna,Horizontal,Cordón divisorio,Sin restricción
2021,5286,2021-09-16,Jueves,16:10:00,,0.0,2,"Moto/Ciclomotor,Pickup/Utilitario",Alberdi Y 9 De Julio,2,1,0,0,1,0,0,"-33.061416057186,-60.607966904278",Calle,,ROSARIO,Rosario,S/D,S/D,II,Dentro,Urbana,Otra Señal,S/D,Intersección,S/D,S/D,S/D,S/D,Múltiple,S/D,Colisión,S/D,S/D,Cordón divisorio,Sin restricción
2021,5287,2021-08-08,Domingo,02:50:00,Autovía Nacional 19,0.0,2,"Automóvil,Automóvil", ,8,4,0,0,4,0,0,"-31.52697, -61.56255",Autovía,19,ANGÉLICA,Castellanos,Hormigón,Pavimento,V,S/D,S/D,Otra Señal,S/D,Intersección,Bueno,S/D,S/D,S/D,Múltiple,S/D,Colisión,S/D,S/D,Cordón divisorio,Sin restricción
2021,5288,2021-09-02,Jueves,05:30:00,,0.0,2,"Automóvil,Bicicleta",Donado Y Mendoza,2,1,0,0,1,0,0,"-32.94057916408,-60.726985632092",Calle,,ROSARIO,Rosario,Asfalto,No existe,II,Dentro,Urbana,Otra Señal,Funciona,Intersección,Bueno,Buena,"Nocturna,Con luz artificial",Buen Tiempo,Múltiple,Ciclista,Colisión,Ninguna,Vertical,Cordón divisorio,Sin restricción
2021,5289,2021-09-06,Lunes,12:00:00,Autopista Nacional A008,0.0,2,"Moto/Ciclomotor,Automóvil",Av. Circunvalación Y Av. Pellegrini,2,1,0,0,1,0,0,"-32.94892072677612,-60.721880793571",Autopista,A008,ROSARIO,Rosario,Asfalto,No existe,II,Dentro,Urbana,Otra Señal,No existe,Intersección,Bueno,Buena,Diurna,Buen Tiempo,Múltiple,S/D,Colisión,Ninguna,Horizontal,Cordón divisorio,Sin restricción
2021,5290,2021-09-16,Jueves,22:20:00,,0.0,2,"Moto/Ciclomotor,Automóvil",Donado Y Gustavo Cochet,2,1,0,0,1,0,0,"-32.939875154876,-60.727000508813",Calle,,ROSARIO,Rosario,Asfalto,No existe,II,Dentro,Urbana,Otra Señal,No existe,Intersección,Bueno,Buena,"Nocturna,Con luz artificial",Buen Tiempo,Múltiple,S/D,Colisión,Ninguna,Faltante,Cordón divisorio,Sin restricción
2021,5291,2021-08-01,Domingo,19:25:00,,0.0,2,"Moto/Ciclomotor,Automóvil",Mitre B Y España,3,1,0,0,2,0,0,"-29.45768, -60.21395",S/D,,VERA,Vera,Asfalto,No existe,XIX,S/D,Urbana,Otra Señal,No existe,Intersección,Bueno,Buena,Atardecer,Buen Tiempo,Múltiple,S/D,Colisión,Ninguna,Faltante,Cordón divisorio,Sin restricción
2021,5292,2021-09-17,Viernes,16:15:00,,0.0,2,"Bicicleta,Automóvil",Friuli Y Tucumán,2,1,0,0,1,0,0,"-32.933161208589,-60.735511791536",Calle,,ROSARIO,Rosario,Asfalto,No existe,II,Dentro,Urbana,Otra Señal,No existe,Intersección,Bueno,Buena,Diurna,Buen Tiempo,Múltiple,Ciclista,Colisión,Ninguna,Faltante,Cordón divisorio,Sin restricción
2021,5293,2021-08-05,Jueves,13:50:00,,0.0,2,"Camión Chasis,Moto/Ciclomotor",Colon Y Av. Arronga,3,2,0,0,1,0,0,"-29.45875, -60.20318",Calle,,VERA,Vera,"Asfalto,Ripio",No existe,XIX,S/D,Urbana,Otra Señal,No existe,Intersección,Bueno,Buena,Diurna,Buen Tiempo,Múltiple,S/D,Colisión,Ninguna,Faltante,Cordón divisorio,Sin restricción
2021,5294,2021-08-07,Sabado,22:25:00,,0.0,1,Moto/Ciclomotor,Alvear 2447,1,1,0,0,0,0,0,"-29.4654, -60.22109",Calle,,VERA,Vera,Tierra,No existe,XIX,S/D,Urbana,Otra Señal,No existe,Intersección,Bueno,Reducida,Nocturna,Buen Tiempo,Múltiple,S/D,Colisión,Ninguna,Faltante,Cordón divisorio,Sin restricción
2021,5295,2021-09-11,Sabado,19:20:00,Ruta Provincial 5,0.0,2,"Pickup/Utilitario,Moto/Ciclomotor", ,2,1,0,0,1,0,0,"-31.53381200063813, -60.71191300216",Ruta,5,RECREO,La Capital,Asfalto,Ripio,I,Dentro,Urbana,Otra Señal,No existe,Intersección,Bueno,Buena,Nocturna,Buen Tiempo,Múltiple,S/D,Colisión,Ninguna,Faltante,Cordón divisorio,Sin restricción
2021,5296,2021-09-09,Jueves,14:55:00,Autopista Nacional Rosario -Cordoba,300.0,1,Automóvil, ,3,3,0,0,0,0,0,"-32.92133, -60.9203",Autopista,Rosario -Cordoba,ROLDÁN,San Lorenzo,Asfalto,Natural,XVII,Dentro,Rural,Otra Señal,No existe,Intersección,Bueno,Buena,Diurna,Viento Fuerte,Múltiple,S/D,Colisión,Ninguna,Horizontal,Cordón divisorio,Sin restricción
2021,5297,2021-09-15,Miercoles,19:25:00,,0.0,2,"Moto/Ciclomotor,Pickup/Utilitario",ITALIA Y SAN MARTIN,2,1,0,0,1,0,0,"-33.073767024749,-60.576989722497",Calle,,PUEBLO ESTHER,Rosario,Asfalto,No existe,II,Dentro,Urbana,Otra Señal,No existe,Intersección,Bueno,Buena,Diurna,Buen Tiempo,Múltiple,S/D,Colisión,Ninguna,Horizontal,Cordón divisorio,Sin restricción
2021,5298,2021-09-15,Miercoles,16:30:00,Ruta Provincial 21,0.0,2,"Camión Chasis,Moto/Ciclomotor",RIO SALADA ,2,1,0,0,1,0,0,"-33.095160126686096,-60.56096971035",Ruta,21,PUEBLO ESTHER,Rosario,Asfalto,Ripio,II,Dentro,Urbana,Otra Señal,No existe,Intersección,Bueno,Buena,Diurna,Buen Tiempo,Múltiple,S/D,Colisión,Ninguna,Horizontal,Cordón divisorio,Sin restricción
2021,5299,2021-09-12,Domingo,05:50:00,,0.0,1,Moto/Ciclomotor,Belgrano 800,1,1,0,0,0,0,0,"-33.111169930199,-60.558592114459",Calle,,GENERAL LAGOS,Rosario,Asfalto,No existe,II,Dentro,Urbana,Otra Señal,No existe,Intersección,Bueno,Buena,Nocturna,Buen Tiempo,Múltiple,S/D,Colisión,Ninguna,Faltante,Cordón divisorio,Sin restricción
2021,5300,2021-08-08,Domingo,18:00:00,,0.0,1,Moto/Ciclomotor,Lavalle Y España,1,1,0,0,0,0,0,"-29.45676, -60.22006",S/D,,VERA,Vera,Tierra,No existe,XIX,S/D,S/D,Otra Señal,No existe,Intersección,Bueno,Buena,Diurna,Buen Tiempo,Múltiple,S/D,Colisión,Ninguna,Faltante,Cordón divisorio,Sin restricción
2021,5301,2021-08-12,Jueves,18:20:00,,0.0,2,"Moto/Ciclomotor,Automóvil",Sarmiento D Y E Alemán,2,1,0,0,1,0,0,"-29.46067, -60.21575",Calle,,VERA,Vera,Asfalto,No existe,XIX,Dentro,Urbana,Otra Señal,S/D,Intersección,Bueno,Buena,Atardecer,Buen Tiempo,Múltiple,S/D,Colisión,Ninguna,Faltante,Cordón divisorio,Sin restricción
2021,5302,2021-09-29,Miercoles,02:30:00,Ruta Provincial 18,0.0,2,"Bicicleta,Taxi/Remis",Av. Ovidio Lagos 6500,2,1,0,0,1,0,0,"-33.013820771885,-60.678313836179",Ruta,18,ROSARIO,Rosario,Asfalto,No existe,II,Dentro,Urbana,Otra Señal,Funciona,Intersección,Bueno,Buena,"Nocturna,Con luz artificial",Buen Tiempo,Múltiple,Ciclista,Colisión,Ninguna,"Horizontal,Vertical",Cordón divisorio,Sin restricción
2021,5303,2021-09-12,Domingo,22:40:00,Autopista Nacional Rosario -Cordoba,0.0,1,Automóvil, ,2,2,0,0,0,0,0,"-32.948700, -60.773665",Autopista,Rosario -Cordoba,ROSARIO,Rosario,Asfalto,Natural,II,Dentro,Urbana,Otra Señal,No existe,Intersección,Bueno,Buena,Nocturna,Buen Tiempo,Múltiple,S/D,Colisión,Ninguna,S/D,Cordón divisorio,Sin restricción
2021,5305,2021-09-22,Miercoles,07:45:00,,0.0,2,"Moto/Ciclomotor,Peatón",A F Temporelli Y San Lorenzo,2,2,0,0,0,0,0,"-33.036358260156,-60.644972072438",Calle,,VILLA GOBERNADOR GÁLVEZ,Rosario,Asfalto,No existe,II,Dentro,Urbana,Otra Señal,No existe,Intersección,Deteriorada,Buena,Diurna,Buen Tiempo,Múltiple,Ciclista,Colisión,Material Suelto,Faltante,Cordón divisorio,Sin restricción
2021,5307,2021-09-25,Sabado,12:10:00,Ruta Nacional 11,166.0,1,Moto/Ciclomotor, ,1,1,0,0,0,0,0,"-31.531304941582235, -60.7223420012",Ruta,11,RECREO,La Capital,Asfalto,Pavimento,I,Dentro,Rural,Otra Señal,No existe,Intersección,Bueno,Buena,Diurna,Buen Tiempo,Múltiple,S/D,Colisión,Ninguna,Horizontal,Cordón divisorio,Sin restricción
2021,5309,2021-09-12,Domingo,14:30:00,,0.0,2,"Moto/Ciclomotor,Moto/Ciclomotor",crespo Y Soldado Aguirre,2,1,0,0,1,0,0,"-33.029667335391,-60.649451055474",Avenida,,VILLA GOBERNADOR GÁLVEZ,Rosario,"Asfalto,Ripio",No existe,II,Dentro,Urbana,Otra Señal,No existe,Intersección,Bueno,Buena,Diurna,Buen Tiempo,Múltiple,S/D,Colisión,Material Suelto,Faltante,Cordón divisorio,Sin restricción
2021,5310,2021-09-14,Martes,19:30:00,,0.0,1,Bicicleta,1ro de Mayo Y Mantovani J,1,1,0,0,0,0,0,"-30.783644408543,-60.593778564471",Calle,,SAN JUSTO,San Justo,Asfalto,Pavimento,XVI,Dentro,Urbana,Otra Señal,No existe,Intersección,Bueno,Buena,Diurna,Buen Tiempo,Múltiple,S/D,Colisión,Ninguna,Faltante,Cordón divisorio,Sin restricción
2021,5311,2021-09-19,Domingo,16:45:00,,0.0,2,"Automóvil,Moto/Ciclomotor",Bv. Wilde Y Filiberto,2,1,0,0,1,0,0,"-32.93734292155,-60.738673569847",Avenida,,ROSARIO,Rosario,Asfalto,No existe,II,Dentro,Urbana,Otra Señal,No existe,Intersección,Bueno,Buena,Diurna,Buen Tiempo,Múltiple,S/D,Colisión,Ninguna,Horizontal,Cordón divisorio,Sin restricción
2021,5312,2021-09-25,Sabado,13:45:00,,0.0,2,"Moto/Ciclomotor,Moto/Ciclomotor",Bordabhere Y Marcos Paz,3,2,0,0,0,0,1,"-33.028398, -60.646701",Avenida,,VILLA GOBERNADOR GÁLVEZ,Rosario,"Tierra,Ripio",No existe,II,Dentro,Urbana,Otra Señal,No existe,Intersección,Deteriorada,Buena,Diurna,Buen Tiempo,Múltiple,S/D,Colisión,Ninguna,Faltante,Cordón divisorio,Sin restricción
2021,5313,2021-09-17,Viernes,12:20:00,,0.0,2,"Automóvil,Pickup/Utilitario",Brasil Y Mendoza,2,1,0,0,1,0,0,"-32.940484235898,-60.719552567005",Calle,,ROSARIO,Rosario,Asfalto,No existe,II,Dentro,Urbana,Otra Señal,Funciona,Intersección,Bueno,Buena,Diurna,Buen Tiempo,Múltiple,S/D,Colisión,Ninguna,"Horizontal,Vertical",Cordón divisorio,Sin restricción
2021,5314,2021-09-02,Jueves,06:50:00,,0.0,2,"Moto/Ciclomotor,Automóvil",Soldado Aguirre Y 9 de Julio,2,1,0,0,1,0,0,"-33.029634191574,-60.648021849648",Avenida,,VILLA GOBERNADOR GÁLVEZ,Rosario,"Asfalto,Tierra",No existe,II,Dentro,Urbana,Otra Señal,No existe,Intersección,Bueno,Buena,Diurna,Buen Tiempo,Múltiple,S/D,Colisión,Ninguna,Faltante,Cordón divisorio,Sin restricción
2021,5315,2021-09-05,Domingo,12:50:00,,0.0,1,Moto/Ciclomotor,Fraga Y Montevideo,2,1,0,0,1,0,0,"-32.947379245257,-60.709929946109",Calle,,ROSARIO,Rosario,Asfalto,No existe,II,Dentro,Urbana,Otra Señal,No existe,Intersección,Bueno,Buena,Diurna,Buen Tiempo,Múltiple,S/D,Colisión,Ninguna,Faltante,Cordón divisorio,Sin restricción
2021,5317,2021-09-11,Sabado,20:15:00,,0.0,2,"Automóvil,Automóvil",Av. Pellegrini Y Cullen,2,1,0,0,1,0,0,"-32.948410510835,-60.708795109082",Avenida,,ROSARIO,Rosario,Hormigón,No existe,II,Dentro,Urbana,Otra Señal,Funciona,Intersección,Bueno,Buena,Nocturna,Buen Tiempo,Múltiple,S/D,Colisión,Ninguna,"Horizontal,Vertical",Cordón divisorio,Sin restricción
2021,5318,2021-09-21,Martes,23:45:00,,0.0,2,"Bicicleta,Automóvil",Av. Provincias Unidas Y J.J.Paso,3,1,0,0,1,0,1,"-32.920049888432,-60.713715806863",Avenida,,ROSARIO,Rosario,Asfalto,No existe,II,Dentro,Urbana,Otra Señal,No existe,Intersección,Bueno,Buena,"Nocturna,Con luz artificial",Buen Tiempo,Múltiple,Peatón,Colisión,Ninguna,Horizontal,Cordón divisorio,Sin restricción
2021,5320,2021-09-12,Domingo,17:50:00,,0.0,2,"Automóvil,Pickup/Utilitario",ANGELONI Y FIGEREDO,2,1,0,0,1,0,0,"-30.791911915556,-60.588621112332",Calle,,GOBERNADOR CRESPO,San Justo,Asfalto,No existe,XVI,Dentro,Urbana,Otra Señal,No existe,Intersección,Bueno,Buena,Diurna,Buen Tiempo,Múltiple,S/D,Colisión,Ninguna,Faltante,Cordón divisorio,Sin restricción
2021,5321,2021-09-18,Sabado,10:00:00,,0.0,2,"Automóvil,Peatón",Matienzo Y Mendoza,2,1,0,0,1,0,0,"-32.941667307822,-60.694631439793",Calle,,ROSARIO,Rosario,Asfalto,No existe,II,Dentro,Urbana,Otra Señal,Funciona,Intersección,Bueno,Buena,Diurna,Buen Tiempo,Múltiple,Peatón,Colisión,Ninguna,"Horizontal,Vertical",Cordón divisorio,Sin restricción
2021,5322,2021-08-09,Lunes,09:30:00,,0.0,2,"Moto/Ciclomotor,Automóvil",Iturraspe Y Av. Urquiza,2,0,0,0,0,0,2,"-31.62777, -60.70789",Avenida,,SANTA FE,La Capital,Asfalto,No existe,I,S/D,Urbana,Otra Señal,Funciona,Intersección,Bueno,Buena,Diurna,Buen Tiempo,Múltiple,S/D,Colisión,Ninguna,Vertical,Cordón divisorio,Sin restricción
2021,5325,2021-09-08,Miercoles,17:15:00,,0.0,2,"Bicicleta,Moto/Ciclomotor",Av. Eva Perón Y Av. Provincias Unidas,2,1,0,0,1,0,0,"-32.93309032917023,-60.712901428341",Avenida,,ROSARIO,Rosario,Asfalto,No existe,II,Dentro,Urbana,Otra Señal,Funciona,Intersección,Bueno,Buena,Diurna,Buen Tiempo,Múltiple,Ciclista,Colisión,Ninguna,"Horizontal,Vertical",Cordón divisorio,Sin restricción
2021,5326,2021-09-21,Martes,17:20:00,,0.0,2,"Automóvil,Automóvil",25 de Mayo 2575,2,1,0,0,1,0,0,"-30.790341494399,-60.595869517586",Calle,,SAN JUSTO,San Justo,Asfalto,No existe,XVI,Dentro,Urbana,Otra Señal,No existe,Intersección,Bueno,Buena,Diurna,Buen Tiempo,Múltiple,S/D,Colisión,Ninguna,Faltante,Cordón divisorio,Sin restricción
2021,5327,2021-09-18,Sabado,13:00:00,,0.0,2,"Moto/Ciclomotor,Automóvil",Av. Iriondo Y H Irigoyen,2,1,0,0,1,0,0,"-30.797594245461,-60.594564341989",Calle,,SAN JUSTO,San Justo,Asfalto,No existe,XVI,Dentro,Urbana,Otra Señal,No existe,Intersección,Bueno,Buena,Diurna,Buen Tiempo,Múltiple,S/D,Colisión,Ninguna,Faltante,Cordón divisorio,Sin restricción
2021,5328,2021-07-19,Lunes,18:15:00,,0.0,1,Moto/Ciclomotor,Colon Y Sarmiento D,3,3,0,0,0,0,0,"-29.456409127008,-60.214905172876",Calle,,VERA,Vera,Asfalto,No existe,XIX,Dentro,Urbana,Otra Señal,No existe,Intersección,Bueno,Buena,Diurna,Buen Tiempo,Múltiple,S/D,Colisión,Ninguna,Faltante,Cordón divisorio,Sin restricción
2021,5329,2021-09-10,Viernes,17:40:00,,0.0,2,"Peatón,Moto/Ciclomotor",Av. Eva Perón Y Méjico,2,1,0,0,1,0,0,"-32.931879716096,-60.718848858466",Avenida,,ROSARIO,Rosario,Asfalto,No existe,II,Dentro,Urbana,Otra Señal,Funciona,Intersección,Bueno,Buena,Diurna,Buen Tiempo,Múltiple,Peatón,Colisión,Ninguna,"Horizontal,Vertical",Cordón divisorio,Sin restricción
2021,5330,2021-09-15,Miercoles,14:45:00,,0.0,2,"Moto/Ciclomotor,Automóvil",Colon Y Mitre B,3,2,0,0,1,0,0,"-29.456582430753,-60.213730376979",Calle,,VERA,Vera,Asfalto,No existe,XIX,Dentro,Urbana,Otra Señal,No existe,Intersección,Bueno,Buena,Diurna,Buen Tiempo,Múltiple,S/D,Colisión,Ninguna,Faltante,Cordón divisorio,Sin restricción
2021,5331,2021-09-04,Sabado,18:50:00,,0.0,2,"Automóvil,Bicicleta",Chubut Y Cno San Roque,2,1,0,0,0,0,1,"-30.783237238287,-60.589116739754",Calle,,SAN JUSTO,San Justo,Asfalto,No existe,XVI,Dentro,Urbana,Otra Señal,No existe,Intersección,Bueno,Buena,Diurna,Buen Tiempo,Múltiple,Ciclista,Colisión,Ninguna,Faltante,Cordón divisorio,Sin restricción
2021,5333,2021-09-10,Viernes,10:40:00,,0.0,2,"Moto/Ciclomotor,Pickup/Utilitario",URQUIZA  Y ROBERTO MURDY,2,1,0,0,1,0,0,"-29.451837, -60.217870",Calle,,VERA,Vera,Ripio,No existe,XIX,Dentro,Urbana,Otra Señal,No existe,Intersección,Bueno,Buena,Diurna,Buen Tiempo,Múltiple,S/D,Colisión,Ninguna,Faltante,Cordón divisorio,Sin restricción
2021,5334,2021-09-07,Martes,17:05:00,,0.0,2,"Peatón,Moto/Ciclomotor",Soldado Gómez ,2,1,0,0,1,0,0,"-29.444657564163172,-60.21886467933",Calle,,VERA,Vera,Asfalto,No existe,XIX,Dentro,Urbana,Otra Señal,No existe,Intersección,Bueno,Buena,Diurna,Buen Tiempo,Múltiple,Peatón,Colisión,Ninguna,Faltante,Cordón divisorio,Sin restricción