anio_acci,nro_acci,fecha,desc_dia,hora_aprox,desc_ruta,km,cant_participantes,desc_participante,calle_avenida_km,total,heridos_leves,heridos_graves,heridos_gravisimos,ilesos,fallecidos,sin_datos,posicion_XY,desc_tipo_via,desc_ruta_ori,desc_loc,desc_dpto,desc_tipo_calzada,desc_tipo_banquina,desc_unidad_regional,desc_lugar_calzada,desc_zona,desc_prioridad,desc_estado_semaforo,desc_lugar_via,desc_estado_via,desc_estado_visibilidad,desc_luminosidad,desc_estado_clima,desc_tipo_colision,desc_tipo_atropello,desc_tipo_hecho,desc_pres_calzada,desc_senializacion,desc_separacion_via,desc_restriccion
2021,5335,2021-09-11,Sabado,19:10:00,,0.0,2,"Bicicleta,Moto/Ciclomotor",9 de Julio Y L N Alem,2,1,0,0,1,0,0,"-30.789653660026,-60.586371566907",Calle,,SAN JUSTO,San Justo,Asfalto,No existe,XVI,Dentro,Urbana,Otra Señal,Funciona,Intersección,Bueno,Buena,Nocturna,Buen Tiempo,Múltiple,S/D,Colisión,Ninguna,Vertical,Cordón divisorio,Sin restricción
2021,5336,2021-09-03,Viernes,07:50:00,,0.0,2,"Moto/Ciclomotor,Automóvil",BERNARDO DE YRIGOYEN  Y SAN MARTIN,2,1,0,0,1,0,0,"-29.468873, -60.212393",Calle,,VERA,Vera,Asfalto,No existe,XIX,Dentro,Urbana,Otra Señal,No existe,Intersección,Bueno,Buena,Diurna,Buen Tiempo,Múltiple,S/D,Colisión,Ninguna,Faltante,Cordón divisorio,Sin restricción
2021,5337,2021-09-30,Jueves,18:10:00,,0.0,1,Moto/Ciclomotor,Fco Romero Y S Martin,1,1,0,0,0,0,0,"-30.788094385247,-60.581112263905",Calle,,SAN JUSTO,San Justo,Asfalto,No existe,XVI,Dentro,Urbana,Otra Señal,No existe,Intersección,Bueno,Buena,Diurna,Buen Tiempo,Múltiple,S/D,Colisión,Ninguna,Faltante,Cordón divisorio,Sin restricción
2021,5338,2021-09-18,Sabado,19:00:00,,0.0,2,"Moto/Ciclomotor,Automóvil",Libertad Y Mariano Moreno,2,1,0,0,1,0,0,"-30.367436657226,-60.404642728695",Calle,,GOBERNADOR CRESPO,San Justo,Asfalto,No existe,XVI,Dentro,Urbana,Otra Señal,No existe,Intersección,Bueno,Buena,Atardecer,Buen Tiempo,Múltiple,S/D,Colisión,Ninguna,Faltante,Cordón divisorio,Sin restricción
2021,5339,2021-09-13,Lunes,12:00:00,,0.0,2,"Moto/Ciclomotor,Automóvil",H Irigoyen ,2,1,0,0,1,0,0,"-29.467332851284,-60.222711886937",Calle,,VERA,Vera,Asfalto,No existe,XIX,Dentro,Urbana,Otra Señal,No existe,Intersección,Bueno,Buena,Diurna,Buen Tiempo,Múltiple,S/D,Colisión,Ninguna,Faltante,Cordón divisorio,Sin restricción
2021,5341,2021-08-07,Sabado,10:00:00,,0.0,2,"Bicicleta,Pickup/Utilitario",Av. López y Planes Y Quintana,2,0,0,0,0,0,2,"-31.61984, -60.71348",Avenida,,SANTA FE,La Capital,Asfalto,No existe,I,S/D,Rural,Otra Señal,Funciona,Intersección,Bueno,Buena,Diurna,Buen Tiempo,Múltiple,Ciclista,Colisión,Ninguna,Vertical,Cordón divisorio,Sin restricción
2021,5342,2021-08-03,Martes,08:30:00,,0.0,2,"Moto/Ciclomotor,Moto/Ciclomotor",Av. Blas Parera Y M De Polonia,2,0,0,0,0,0,2,"-31.61407, -60.71778",Avenida,,SANTA FE,La Capital,Asfalto,No existe,I,S/D,Urbana,Otra Señal,Funciona,Intersección,Bueno,Buena,Diurna,Buen Tiempo,Múltiple,S/D,Colisión,Ninguna,Vertical,Cordón divisorio,Sin restricción
2021,5343,2021-08-02,Lunes,,,0.0,2,"Moto/Ciclomotor,Automóvil",Fray C Rodríguez Y Av. López y Planes,2,0,0,0,0,0,2,"-31.61869, -60.71345",Avenida,,SANTA FE,La Capital,Asfalto,No existe,I,S/D,Urbana,Otra Señal,Funciona,Intersección,Bueno,Buena,Diurna,Buen Tiempo,Múltiple,S/D,Colisión,Ninguna,Vertical,Cordón divisorio,Sin restricción
2021,5344,2021-09-21,Martes,17:30:00,,0.0,2,"Peatón,Moto/Ciclomotor",Colombia Y Pampa,2,1,0,0,1,0,0,"-32.946816951664,-60.715859435523",Calle,,ROSARIO,Rosario,Asfalto,No existe,II,Dentro,Urbana,Otra Señal,No existe,Intersección,Bueno,Buena,Diurna,Buen Tiempo,Múltiple,Peatón,Colisión,Ninguna,Faltante,Cordón divisorio,Sin restricción
2021,5345,2021-08-01,Domingo,13:30:00,,0.0,2,"Moto/Ciclomotor,Automóvil",Fray C Rodríguez Y Av. López y Planes,2,0,0,0,0,0,2,"-31.61881, -60.71347",Avenida,,SANTA FE,La Capital,Asfalto,No existe,I,S/D,Urbana,Otra Señal,Funciona,Intersección,Bueno,Buena,Diurna,Buen Tiempo,Múltiple,S/D,Colisión,Ninguna,Vertical,Cordón divisorio,Sin restricción
2021,5346,2021-08-01,Domingo,12:00:00,,0.0,2,"Automóvil,Moto/Ciclomotor",Av. Peñaloza Y Martin Zapata,2,0,0,0,0,0,2,"-31.61699, -60.71312",Avenida,,SANTA FE,La Capital,Asfalto,No existe,I,S/D,Urbana,Otra Señal,Funciona,Intersección,Bueno,Buena,Diurna,Buen Tiempo,Múltiple,S/D,Colisión,Ninguna,Vertical,Cordón divisorio,Sin restricción
2021,5347,2021-09-11,Sabado,17:00:00,,0.0,2,"Pickup/Utilitario,Moto/Ciclomotor",Calle sin nombre Y Calle sin nombre,3,2,0,0,1,0,0,"-30.382369474558253,-60.33066237554",Calle,,COLONIA DOLORES,San Justo,Asfalto,No existe,XVI,Dentro,Urbana,Otra Señal,No existe,Intersección,Bueno,Buena,Diurna,Buen Tiempo,Múltiple,S/D,Colisión,Ninguna,Faltante,Cordón divisorio,Sin restricción
2021,5348,2021-08-10,Martes,17:25:00,,0.0,2,"Moto/Ciclomotor,Pickup/Utilitario",J J Paso Y Av. Urquiza,2,1,0,0,1,0,0,"-31.66231, -60.71799",Avenida,,SANTA FE,La Capital,Asfalto,Pavimento,I,Dentro,Urbana,Otra Señal,Funciona,Intersección,Bueno,Buena,Diurna,Buen Tiempo,Múltiple,S/D,Colisión,Ninguna,Vertical,Cordón divisorio,Sin restricción
2021,5349,2021-08-12,Jueves,11:05:00,,0.0,2,"Moto/Ciclomotor,Automóvil",Intendente Manuel Irigoyen ,2,2,0,0,0,0,0,"-31.66241, -60.72853",S/D,,SANTA FE,La Capital,Asfalto,S/D,I,S/D,S/D,Otra Señal,S/D,Intersección,Bueno,S/D,S/D,S/D,Múltiple,S/D,Colisión,S/D,S/D,Cordón divisorio,Sin restricción
2021,5350,2021-09-05,Domingo,00:05:00,Ruta Nacional 11,0.0,2,"Peatón,Pickup/Utilitario",JOSÉ JOZAMI ,2,1,0,0,1,0,0,"-30.671713112980164, -60.5041740541",Ruta,11,RAMAYÓN,San Justo,Asfalto,No existe,XVI,Dentro,Urbana,Otra Señal,No existe,Intersección,Bueno,Buena,Nocturna,Buen Tiempo,Múltiple,Peatón,Colisión,Ninguna,Horizontal,Cordón divisorio,Sin restricción
2021,5353,2021-09-28,Martes,22:50:00,,0.0,2,"Bicicleta,Automóvil",Balcarce Y Catamarca,2,1,0,0,1,0,0,"-32.938134345381,-60.650470539194",Calle,,ROSARIO,Rosario,Asfalto,No existe,II,Dentro,Urbana,Otra Señal,No existe,Intersección,Bueno,Buena,"Nocturna,Con luz artificial",Buen Tiempo,Múltiple,Ciclista,Colisión,Ninguna,"Horizontal,Vertical",Cordón divisorio,Sin restricción
2021,5354,2021-09-24,Viernes,16:15:00,,0.0,2,"Moto/Ciclomotor,Pickup/Utilitario",Italia Y Ocampo,2,1,0,0,1,0,0,"-32.964709915456,-60.652916943477",Calle,,ROSARIO,Rosario,Asfalto,No existe,II,Dentro,Urbana,Otra Señal,No existe,Intersección,S/D,S/D,Diurna,S/D,Múltiple,S/D,Colisión,S/D,Vertical,Cordón divisorio,Sin restricción
2021,5355,2021-09-03,Viernes,00:30:00,,0.0,2,"Moto/Ciclomotor,Moto/Ciclomotor",9 de Julio Y Belgrano,3,3,0,0,0,0,0,"-29.459102699314,-60.211720311768",Calle,,VERA,Vera,Asfalto,No existe,XIX,Dentro,Urbana,Otra Señal,No existe,Intersección,Bueno,Buena,Diurna,Buen Tiempo,Múltiple,S/D,Colisión,Ninguna,Faltante,Cordón divisorio,Sin restricción
2021,5356,2021-09-03,Viernes,23:00:00,,0.0,2,"Moto/Ciclomotor,Moto/Ciclomotor", ,3,1,0,0,2,0,0,"-29.435375, -60.218796",Camino Rural,,VERA,Vera,Tierra,No existe,XIX,Dentro,Rural,Otra Señal,No existe,Intersección,Deteriorada,Reducida,Nocturna,Buen Tiempo,Múltiple,S/D,Colisión,Ninguna,Faltante,Cordón divisorio,Sin restricción
2021,5357,2021-08-13,Viernes,10:15:00,Ruta Nacional 168,0.0,1,Bicicleta,FRENTE A LA FACULTAD ,1,1,0,0,0,0,0,"-31.63975, -60.67055",Ruta,168,SANTA FE,La Capital,Asfalto,Natural,I,S/D,Urbana,Otra Señal,No existe,Intersección,Bueno,Buena,Diurna,Buen Tiempo,Múltiple,Ciclista,Colisión,Ninguna,S/D,Cordón divisorio,Sin restricción
2021,5358,2021-09-24,Viernes,14:30:00,,0.0,2,"Bicicleta,Automóvil",Balcarce Y E.Zeballos,2,1,0,0,1,0,0,"-32.952529296257,-60.654092642289",Calle,,ROSARIO,Rosario,Asfalto,No existe,II,Dentro,Urbana,Otra Señal,No existe,Intersección,Bueno,Buena,Diurna,Buen Tiempo,Múltiple,Ciclista,Colisión,Ninguna,Horizontal,Cordón divisorio,Sin restricción
2021,5359,2021-08-13,Viernes,13:30:00,,0.0,2,"Moto/Ciclomotor,Automóvil",Laurencio Maradona ,2,1,0,0,0,0,1,"-31.63971, -60.66078",Calle,,SANTA FE,La Capital,Asfalto,Pavimento,I,Dentro,Urbana,Otra Señal,No existe,Intersección,Bueno,Buena,Nocturna,Buen Tiempo,Múltiple,S/D,Colisión,Ninguna,Faltante,Cordón divisorio,Sin restricción
2021,5360,2021-09-29,Miercoles,13:15:00,,0.0,2,"Moto/Ciclomotor,Automóvil",Lamadrid Y Teodoro Hertz,3,2,0,0,1,0,0,"-29.874656199708,-61.946355380547",Calle,,CERES,San CRISTÓBAL,Asfalto,No existe,II,Dentro,Urbana,Otra Señal,No existe,Intersección,Bueno,Buena,Diurna,Buen Tiempo,Múltiple,S/D,Colisión,Ninguna,Faltante,Cordón divisorio,Sin restricción
2021,5361,2021-09-21,Martes,11:00:00,,0.0,2,"Moto/Ciclomotor,Moto/Ciclomotor",España Y Moreno,3,3,0,0,0,0,0,"-29.457838062163,-60.212722770226",Calle,,VERA,Vera,Asfalto,No existe,XIX,Dentro,Urbana,Otra Señal,No existe,Intersección,Bueno,Buena,Diurna,Buen Tiempo,Múltiple,S/D,Colisión,Ninguna,Faltante,Cordón divisorio,Sin restricción
2021,5362,2021-09-25,Sabado,22:30:00,,0.0,2,"Moto/Ciclomotor,Automóvil",Balcarce Y Montevideo,2,1,0,0,1,0,0,"-32.953678218224,-60.65438012897",Calle,,ROSARIO,Rosario,Asfalto,No existe,II,Dentro,Urbana,Otra Señal,No existe,Intersección,Bueno,Buena,Nocturna,Buen Tiempo,Múltiple,S/D,Colisión,Ninguna,Horizontal,Cordón divisorio,Sin restricción
2021,5363,2021-09-29,Miercoles,12:45:00,,0.0,2,"Moto/Ciclomotor,Automóvil",Pérez de Denis Gregoria Y Pje Juan Ramonda,2,1,0,0,1,0,0,"-29.890814043387,-61.945665408922",Calle,,CERES,San CRISTÓBAL,Ripio,No existe,XIII,Dentro,Urbana,Otra Señal,No existe,Intersección,Bueno,Buena,Diurna,Buen Tiempo,Múltiple,S/D,Colisión,Ninguna,Faltante,Cordón divisorio,Sin restricción
2021,5364,2021-09-01,Miercoles,12:00:00,Ruta Nacional 11,0.0,2,"Automóvil,Moto/Ciclomotor",Rivadavia Y Ruta Nacional 11,3,2,0,0,1,0,0,"-29.88988280296322,-60.280426740646",Ruta,11,CALCHAQUÍ,Vera,Asfalto,Ripio,XIX,Dentro,Urbana,Otra Señal,No existe,Intersección,Bueno,Buena,Diurna,Buen Tiempo,Múltiple,S/D,Colisión,Ninguna,Horizontal,Cordón divisorio,Sin restricción
2021,5365,2021-09-26,Domingo,10:30:00,,0.0,1,Moto/Ciclomotor,CAMINO RURAL ,1,1,0,0,0,0,0,"-30.049495697021484,-61.85577392578",Camino Rural,,HERSILIA,San CRISTÓBAL,Tierra,No existe,XIII,Dentro,Rural,Otra Señal,No existe,Intersección,Con baches,Buena,Nocturna,Buen Tiempo,Múltiple,S/D,Colisión,Ninguna,Faltante,Cordón divisorio,Sin restricción
2021,5366,2021-09-18,Sabado,21:20:00,,0.0,2,"Bicicleta,Automóvil",Mariano Moreno Y Santa Fe,2,1,0,0,1,0,0,"-32.942837258,-60.650240418293",Calle,,ROSARIO,Rosario,Asfalto,No existe,II,Dentro,Urbana,Otra Señal,Funciona,Intersección,Bueno,Buena,"Nocturna,Con luz artificial",Buen Tiempo,Múltiple,Ciclista,Colisión,Ninguna,"Horizontal,Vertical",Cordón divisorio,Sin restricción
2021,5367,2021-09-23,Jueves,,Ruta Nacional 34,386.0,2,"Moto/Ciclomotor,Pickup/Utilitario", ,3,2,0,0,1,0,0,"-29.900567248090237, -61.9278749229",Ruta,34,CERES,San CRISTÓBAL,Asfalto,Natural,XIII,Dentro,Urbana,Otra Señal,No existe,Intersección,Bueno,Buena,Diurna,Buen Tiempo,Múltiple,S/D,Colisión,Ninguna,Horizontal,Cordón divisorio,Sin restricción
2021,5368,2021-09-17,Viernes,01:05:00,,0.0,2,"Moto/Ciclomotor,Moto/Ciclomotor",Entre Ríos Y Rioja,3,1,0,0,2,0,0,"-32.947096534029,-60.641254086537",Calle,,ROSARIO,Rosario,Asfalto,No existe,II,Dentro,Urbana,Otra Señal,No existe,Intersección,Bueno,Buena,"Nocturna,Con luz artificial",Buen Tiempo,Múltiple,S/D,Colisión,Ninguna,"Horizontal,Vertical",Cordón divisorio,Sin restricción
2021,5369,2021-09-23,Jueves,22:10:00,,0.0,2,"Automóvil,Moto/Ciclomotor",Hipólito Irigoyen Y Sarmiento,2,1,0,0,1,0,0,"-30.305084560176,-61.23838425186",Calle,,SAN CRISTÓBAL,San CRISTÓBAL,Asfalto,No existe,XIII,Dentro,Urbana,Otra Señal,No existe,Intersección,Bueno,Buena,Nocturna,Buen Tiempo,Múltiple,S/D,Colisión,Ninguna,Faltante,Cordón divisorio,Sin restricción
2021,5370,2021-09-05,Domingo,20:30:00,,0.0,2,"Automóvil,Automóvil",Entre Ríos Y Virasoro,3,1,0,0,2,0,0,"-32.969404, -60.646867",Calle,,ROSARIO,Rosario,Asfalto,No existe,II,Dentro,Urbana,Otra Señal,Funciona,Intersección,Bueno,Buena,Diurna,Buen Tiempo,Múltiple,S/D,Colisión,Ninguna,"Horizontal,Vertical",Cordón divisorio,Sin restricción
2021,5371,2021-09-11,Sabado,09:30:00,,0.0,2,"Moto/Ciclomotor,Automóvil",Balcarce Y E.Zeballos,2,1,0,0,1,0,0,"-32.952529296257,-60.654092642289",Calle,,ROSARIO,Rosario,Asfalto,No existe,II,Dentro,Urbana,Otra Señal,No existe,Intersección,Bueno,Buena,Diurna,Buen Tiempo,Múltiple,S/D,Colisión,Ninguna,Horizontal,Cordón divisorio,Sin restricción
2021,5373,2021-09-19,Domingo,01:50:00,Ruta Provincial 2,226.0,2,"Tren,Camión",Ruta 13 Y Ruta 2,3,1,0,0,2,0,0,"-30.331044467940114, -61.2264747113",Ruta,2,SAN CRISTÓBAL,San CRISTÓBAL,Asfalto,Natural,XIII,Dentro,Urbana,Otra Señal,No existe,Intersección,Bueno,Buena,Nocturna,Buen Tiempo,Múltiple,S/D,Colisión,Ninguna,"Horizontal,Vertical",Cordón divisorio,Sin restricción
2021,5374,2021-09-02,Jueves,15:20:00,,0.0,4,"Automóvil,Automóvil,Automóvil,Pickup/Utilitario",Av. Pellegrini Y Maipú,9,2,0,0,7,0,0,"-32.957879304885864,-60.63794106245",Avenida,,ROSARIO,Rosario,Asfalto,No existe,II,Dentro,Urbana,Otra Señal,Funciona,Intersección,Bueno,Buena,Diurna,Lluvia,Múltiple,S/D,Colisión,Agua,"Horizontal,Vertical",Cordón divisorio,Sin restricción
2021,5375,2021-09-06,Lunes,20:30:00,,0.0,2,"Moto/Ciclomotor,Automóvil",Ituzaingó Y Mitre,2,1,0,0,1,0,0,"-32.960471819529,-60.643137685641",Calle,,ROSARIO,Rosario,Asfalto,No existe,II,Dentro,Urbana,Otra Señal,No existe,Intersección,Bueno,Buena,"Nocturna,Con luz artificial",Buen Tiempo,Múltiple,S/D,Colisión,Ninguna,Horizontal,Cordón divisorio,Sin restricción
2021,5377,2021-09-06,Lunes,12:10:00,,0.0,2,"Automóvil,Automóvil",La Paz Y Laprida,2,1,0,0,1,0,0,"-32.964862560115,-60.638705296176",Calle,,ROSARIO,Rosario,Asfalto,No existe,II,Dentro,Urbana,Otra Señal,No existe,Intersección,Bueno,Buena,Diurna,Buen Tiempo,Múltiple,S/D,Colisión,Ninguna,Faltante,Cordón divisorio,Sin restricción
2021,5378,2021-09-15,Miercoles,07:45:00,,0.0,2,"Moto/Ciclomotor,Automóvil",Cochabamba Y San Martin,2,1,0,0,0,0,1,"-32.958687332233,-60.63969841741",Calle,,ROSARIO,Rosario,Asfalto,No existe,II,Dentro,Urbana,Otra Señal,No existe,Intersección,Bueno,Buena,Diurna,Buen Tiempo,Múltiple,S/D,Colisión,Ninguna,Horizontal,Cordón divisorio,Sin restricción
2021,5380,2021-09-01,Miercoles,09:00:00,,0.0,2,"Automóvil,Moto/Ciclomotor",Azcuénaga Y Cochabamba,2,1,0,0,1,0,0,"-30.303498403312,-61.227720081387",Calle,,SAN CRISTÓBAL,San CRISTÓBAL,Tierra,No existe,XIII,Dentro,Urbana,Otra Señal,No existe,Intersección,Bueno,Buena,Diurna,Buen Tiempo,Múltiple,S/D,Colisión,Ninguna,Faltante,Cordón divisorio,Sin restricción
2021,5381,2021-09-05,Domingo,06:00:00,,0.0,2,"Bicicleta,Automóvil",Mendoza Y Sarmiento,2,1,0,0,1,0,0,"-32.95147161322,-60.639452118392",Calle,,ROSARIO,Rosario,Asfalto,No existe,II,Dentro,Urbana,Otra Señal,No existe,Intersección,Bueno,Buena,Nocturna,Buen Tiempo,Múltiple,Ciclista,Colisión,Ninguna,Horizontal,Cordón divisorio,Sin restricción
2021,5382,2021-08-14,Sabado,13:25:00,,0.0,2,"Moto/Ciclomotor,Automóvil",Candioti Y Balcarce,2,1,0,0,1,0,0,"-31.63827, -60.69579",Avenida,,SANTA FE,La Capital,Asfalto,No existe,I,Dentro,Urbana,Otra Señal,Funciona,Intersección,Bueno,S/D,Diurna,S/D,Múltiple,S/D,Colisión,S/D,S/D,Cordón divisorio,Sin restricción
2021,5383,2021-08-05,Jueves,13:15:00,,0.0,2,"Automóvil,Moto/Ciclomotor",Ituzaingó Y Alvear,2,1,0,0,1,0,0,"-31.63902, -60.69723",Calle,,SANTA FE,La Capital,Asfalto,No existe,I,Dentro,Urbana,Otra Señal,No existe,Intersección,Bueno,S/D,S/D,S/D,Múltiple,S/D,Colisión,S/D,S/D,Cordón divisorio,Sin restricción
2021,5384,2021-09-02,Jueves,09:25:00,,0.0,2,"Automóvil,Peatón",Paraguay Y San Luis,2,1,0,0,1,0,0,"-32.94803171177,-60.644378459849",Calle,,ROSARIO,Rosario,Asfalto,No existe,II,Dentro,Urbana,Otra Señal,Funciona,Intersección,Bueno,Buena,Diurna,Buen Tiempo,Múltiple,Peatón,Colisión,Ninguna,"Horizontal,Vertical",Cordón divisorio,Sin restricción
2021,5385,2021-08-03,Martes,18:30:00,,0.0,2,"Pickup/Utilitario,Moto/Ciclomotor",Castellanos Y Alvear,2,1,0,0,1,0,0,"-31.63604, -60.69624",Calle,,SANTA FE,La Capital,Asfalto,No existe,I,Dentro,Urbana,Otra Señal,No existe,Intersección,Bueno,S/D,Diurna,S/D,Múltiple,S/D,Colisión,S/D,S/D,Cordón divisorio,Sin restricción
2021,5386,2021-09-02,Jueves,13:30:00,,0.0,3,"Automóvil,Automóvil,Automóvil",Montevideo Y Pte. Roca,5,1,0,0,4,0,0,"-32.95485913753512,-60.647551417350",Calle,,ROSARIO,Rosario,Asfalto,No existe,II,Dentro,Urbana,Otra Señal,No existe,Intersección,Bueno,Buena,Diurna,Buen Tiempo,Múltiple,S/D,Colisión,Ninguna,"Horizontal,Vertical",Cordón divisorio,Sin restricción
2021,5387,2021-09-17,Viernes,21:00:00,Ruta Nacional 11,339.0,2,"Moto/Ciclomotor,Camión c / Acoplado",Ruta Nac 11 ,3,0,0,1,1,1,0,"-32.6602, -60.79804",Ruta,11,TIMBÚES,San Lorenzo,Hormigón,Ripio,XVII,S/D,Urbana,Otra Señal,No existe,Intersección,Bueno,Buena,Nocturna,Buen Tiempo,Múltiple,S/D,Colisión,Ninguna,"Horizontal,Vertical",Cordón divisorio,Sin restricción
2021,5388,2021-08-14,Sabado,13:30:00,,0.0,2,"Moto/Ciclomotor,Automóvil",Av. Urquiza Y Av. Gral. López,2,1,0,0,1,0,0,"-31.65594, -60.7162",Calle,,SANTA FE,La Capital,Asfalto,Pavimento,I,Dentro,Urbana,Otra Señal,Funciona,Intersección,Bueno,Buena,Diurna,Buen Tiempo,Múltiple,S/D,Colisión,Ninguna,Faltante,Cordón divisorio,Sin restricción
2021,5389,2021-08-13,Viernes,12:30:00,,0.0,2,"Moto/Ciclomotor,Pickup/Utilitario",4 de Enero Y Salta,2,1,0,0,1,0,0,"-31.64929, -60.7126",Calle,,SANTA FE,La Capital,Asfalto,Pavimento,I,Dentro,Urbana,Otra Señal,No existe,Intersección,Bueno,Buena,Diurna,Buen Tiempo,Múltiple,S/D,Colisión,Ninguna,Faltante,Cordón divisorio,Sin restricción
2021,5390,2021-09-01,Miercoles,21:30:00,Ruta Provincial 2,0.0,2,"Moto/Ciclomotor,Pickup/Utilitario",Ruta 2 Y Tito Cetera,9,2,0,0,7,0,0,"-30.317855505451,-61.227935457802",Ruta,2,SAN CRISTÓBAL,San CRISTÓBAL,Asfalto,Ripio,XIII,Dentro,Urbana,Otra Señal,No existe,Intersección,Bueno,Buena,Diurna,Buen Tiempo,Múltiple,S/D,Colisión,Ninguna,Horizontal,Cordón divisorio,Sin restricción
2021,5391,2021-09-04,Sabado,13:10:00,,0.0,2,"Moto/Ciclomotor,Automóvil",Cochabamba Y L.N.Alem,2,1,0,0,1,0,0,"-32.960188211031,-60.631320133218",Calle,,ROSARIO,Rosario,Asfalto,No existe,II,Dentro,Urbana,Otra Señal,No existe,Intersección,Bueno,Buena,Diurna,Buen Tiempo,Múltiple,S/D,Colisión,Ninguna,"Horizontal,Vertical",Cordón divisorio,Sin restricción
2021,5392,2021-09-18,Sabado,20:50:00,Ruta Nacional 11,794.0,2,"Automóvil,Camión",Ruta Nacional 11 ,3,2,0,0,0,1,0,"-29.09838, -59.64487",Ruta,11,AVELLANEDA,General Obligado,Asfalto,Natural,IX,S/D,Rural,Otra Señal,No existe,Intersección,Bueno,S/D,Nocturna,S/D,Múltiple,S/D,Colisión,Ninguna,S/D,Cordón divisorio,Sin restricción
2021,5393,2021-09-03,Viernes,15:45:00,,0.0,2,"Automóvil,Moto/Ciclomotor",España Y Gálvez,2,1,0,0,1,0,0,"-32.967252182399,-60.652132138542",Calle,,ROSARIO,Rosario,Asfalto,No existe,II,Dentro,Urbana,Otra Señal,No existe,Intersección,Resbaladiza,Buena,Diurna,Buen Tiempo,Múltiple,S/D,Colisión,Agua,Vertical,Cordón divisorio,Sin restricción
2021,5394,2021-09-04,Sabado,12:15:00,,0.0,2,"Automóvil,Moto/Ciclomotor",Dorrego Y Gálvez,2,1,0,0,1,0,0,"-32.96676569829,-60.654845410795",Calle,,ROSARIO,Rosario,Asfalto,No existe,II,Dentro,Urbana,Otra Señal,No existe,Intersección,Bueno,Buena,Diurna,Buen Tiempo,Múltiple,S/D,Colisión,Ninguna,Faltante,Cordón divisorio,Sin restricción
2021,5395,2021-09-25,Sabado,22:10:00,,0.0,2,"Moto/Ciclomotor,Automóvil",J.M.de Rosas Y Riobamba,2,1,0,0,1,0,0,"-32.964244660778,-60.635450990328",Calle,,ROSARIO,Rosario,Asfalto,No existe,II,Dentro,Urbana,Otra Señal,No existe,Intersección,Bueno,Buena,"Nocturna,Con luz artificial",Buen Tiempo,Múltiple,S/D,Colisión,Ninguna,Faltante,Cordón divisorio,Sin restricción
2021,5396,2021-09-03,Viernes,16:00:00,,0.0,2,"Automóvil,Peatón",3 De Febrero Y Pte. Roca,2,1,0,0,1,0,0,"-32.95152381062508,-60.646732002496",Calle,,ROSARIO,Rosario,Asfalto,No existe,II,Dentro,Urbana,Otra Señal,No existe,Intersección,Bueno,Buena,Diurna,Buen Tiempo,Múltiple,Peatón,Colisión,Ninguna,Horizontal,Cordón divisorio,Sin restricción
2021,5397,2021-09-25,Sabado,16:30:00,,0.0,2,"Moto/Ciclomotor,Automóvil",Entre Ríos Y Gálvez,2,1,0,0,1,0,0,"-32.968247396117,-60.646571959833",Calle,,ROSARIO,Rosario,Asfalto,No existe,II,Dentro,Urbana,Otra Señal,No existe,Intersección,Bueno,Buena,Diurna,Buen Tiempo,Múltiple,S/D,Colisión,Ninguna,"Horizontal,Vertical",Cordón divisorio,Sin restricción
2021,5398,2021-09-08,Miercoles,10:10:00,,0.0,2,"Automóvil,Moto/Ciclomotor",Entre Ríos 400,3,1,0,0,2,0,0,"-32.941909432411194,-60.63995540142",Calle,,ROSARIO,Rosario,Asfalto,No existe,II,Dentro,Urbana,Otra Señal,No existe,Intersección,Bueno,Buena,Diurna,Buen Tiempo,Múltiple,S/D,Colisión,Ninguna,Faltante,Cordón divisorio,Sin restricción
2021,5399,2021-09-08,Miercoles,01:40:00,,0.0,2,"Automóvil,Automóvil",Av. Pellegrini Y Entre Ríos,3,1,0,0,2,0,0,"-32.956709075333,-60.643668389624",Avenida,,ROSARIO,Rosario,Asfalto,No existe,II,Dentro,Urbana,Otra Señal,No existe,Intersección,Bueno,Buena,"Nocturna,Con luz artificial",Buen Tiempo,Múltiple,S/D,Colisión,Ninguna,"Horizontal,Vertical",Cordón divisorio,Sin restricción
2021,5400,2021-09-28,Martes,11:10:00,,0.0,2,"Moto/Ciclomotor,Pickup/Utilitario",Bv. Oroño Y Av. Lugones,2,1,0,0,1,0,0,"-32.95828663027131, -60.65686795534",Avenida,,ROSARIO,Rosario,Asfalto,No existe,II,Dentro,Urbana,Otra Señal,No existe,Intersección,Bueno,Buena,Diurna,Buen Tiempo,Múltiple,S/D,Colisión,Ninguna,Horizontal,Cordón divisorio,Sin restricción
2021,5401,2021-09-14,Martes,14:20:00,,0.0,2,"Moto/Ciclomotor,Automóvil",9 De Julio Y Valparaíso,2,1,0,0,1,0,0,"-32.94599853793,-60.683707140309",Calle,,ROSARIO,Rosario,Asfalto,No existe,II,Dentro,Urbana,Otra Señal,No existe,Intersección,Bueno,Buena,Diurna,Buen Tiempo,Múltiple,S/D,Colisión,Ninguna,Faltante,Cordón divisorio,Sin restricción