anio_acci,nro_acci,fecha,desc_dia,hora_aprox,desc_ruta,km,cant_participantes,desc_participante,calle_avenida_km,total,heridos_leves,heridos_graves,heridos_gravisimos,ilesos,fallecidos,sin_datos,posicion_XY,desc_tipo_via,desc_ruta_ori,desc_loc,desc_dpto,desc_tipo_calzada,desc_tipo_banquina,desc_unidad_regional,desc_lugar_calzada,desc_zona,desc_prioridad,desc_estado_semaforo,desc_lugar_via,desc_estado_via,desc_estado_visibilidad,desc_luminosidad,desc_estado_clima,desc_tipo_colision,desc_tipo_atropello,desc_tipo_hecho,desc_pres_calzada,desc_senializacion,desc_separacion_via,desc_restriccion
2021,5402,2021-09-04,Sabado,04:45:00,,0.0,2,"Moto/Ciclomotor,Moto/Ciclomotor",Córdoba Y Mariano Moreno,2,1,0,0,1,0,0,"-32.944186794018,-60.650583079212",Calle,,ROSARIO,Rosario,Asfalto,No existe,II,Dentro,Urbana,Otra Señal,No existe,Intersección,Bueno,Buena,"Nocturna,Con luz artificial",Buen Tiempo,Múltiple,S/D,Colisión,Ninguna,"Horizontal,Vertical",Cordón divisorio,Sin restricción
2021,5403,2021-09-19,Domingo,00:45:00,,0.0,2,"Moto/Ciclomotor,Automóvil",Albert Sabin Y Almafuerte,2,1,0,0,1,0,0,"-32.917363340557,-60.690725588104",Calle,,ROSARIO,Rosario,Asfalto,No existe,II,Dentro,Urbana,Otra Señal,Funciona,Intersección,Bueno,Buena,Nocturna,Buen Tiempo,Múltiple,S/D,Colisión,Ninguna,"Horizontal,Vertical",Cordón divisorio,Sin restricción
2021,5404,2021-09-18,Sabado,08:30:00,,0.0,2,"Automóvil,Automóvil",Buenos Aires Y Viamonte,2,1,0,0,1,0,0,"-32.966280660165,-60.637440192646",Calle,,ROSARIO,Rosario,Asfalto,No existe,II,Dentro,Urbana,Otra Señal,No existe,Intersección,Bueno,Buena,Diurna,Buen Tiempo,Múltiple,S/D,Colisión,Ninguna,"Horizontal,Vertical",Cordón divisorio,Sin restricción
2021,5405,2021-09-09,Jueves,04:50:00,,0.0,2,"Pickup/Utilitario,Automóvil",Laprida Y Rioja,5,3,0,0,2,0,0,"-32.948550030487,-60.634255582634",Calle,,ROSARIO,Rosario,Asfalto,No existe,II,Dentro,Urbana,Otra Señal,No existe,Intersección,Bueno,Buena,"Nocturna,Con luz artificial",Buen Tiempo,Múltiple,S/D,Colisión,Ninguna,Horizontal,Cordón divisorio,Sin restricción
2021,5406,2021-09-18,Sabado,11:50:00,,0.0,2,"Moto/Ciclomotor,Automóvil",Virasoro 1500,2,1,0,0,1,0,0,"-32.968894889996,-60.649644970518",Calle,,ROSARIO,Rosario,Asfalto,No existe,II,Dentro,Urbana,Otra Señal,No existe,Intersección,Bueno,Buena,Diurna,Buen Tiempo,Múltiple,S/D,Colisión,Ninguna,Faltante,Cordón divisorio,Sin restricción
2021,5407,2021-09-01,Miercoles,13:15:00,,0.0,1,Transporte de Pasajeros Urbano (> 8 asientos),Bv. Oroño Y Córdoba,2,1,0,0,1,0,0,"-32.94373134575,-60.653179113236",Calle,,ROSARIO,Rosario,Asfalto,No existe,II,Dentro,Urbana,Otra Señal,Funciona,Intersección,Bueno,Buena,Diurna,Buen Tiempo,Múltiple,S/D,Colisión,Ninguna,"Horizontal,Vertical",Cordón divisorio,Sin restricción
2021,5408,2021-09-20,Lunes,09:35:00,,0.0,2,"Moto/Ciclomotor,Automóvil",Av. Francia Y Av. Pellegrini,3,1,0,0,2,0,0,"-32.952439492342,-60.668385091878",Avenida,,ROSARIO,Rosario,Asfalto,No existe,II,Dentro,Urbana,Otra Señal,Funciona,Intersección,Bueno,Buena,Diurna,Buen Tiempo,Múltiple,S/D,Colisión,Agua,"Horizontal,Vertical",Cordón divisorio,Sin restricción
2021,5409,2021-09-16,Jueves,18:45:00,,0.0,2,"Bicicleta,Automóvil",Pte. Roca Y Santa Fe,3,1,0,0,2,0,0,"-32.943811750527,-60.644781575329",Calle,,ROSARIO,Rosario,Asfalto,No existe,II,Dentro,Urbana,Otra Señal,No existe,Intersección,Bueno,Buena,Diurna,Buen Tiempo,Múltiple,Ciclista,Colisión,Ninguna,"Horizontal,Vertical",Cordón divisorio,Sin restricción
2021,5410,2021-08-13,Viernes,09:00:00,,0.0,2,"Moto/Ciclomotor,Automóvil",Av. 27 de Febrero Y Mendoza,2,1,0,0,1,0,0,"-31.6497, -60.70492",Calle,,SANTA FE,La Capital,Asfalto,Pavimento,I,Dentro,Urbana,Otra Señal,Funciona,Intersección,Bueno,Buena,Diurna,Buen Tiempo,Múltiple,S/D,Colisión,Ninguna,Faltante,Cordón divisorio,Sin restricción
2021,5411,2021-09-18,Sabado,11:45:00,,0.0,2,"Moto/Ciclomotor,Automóvil",Rodríguez Y San Juan,5,1,0,0,4,0,0,"-32.946475020737,-60.65966422521",Calle,,ROSARIO,Rosario,Asfalto,No existe,II,Dentro,Urbana,Otra Señal,No existe,Intersección,Bueno,Buena,Diurna,Buen Tiempo,Múltiple,S/D,Colisión,Ninguna,Horizontal,Cordón divisorio,Sin restricción
2021,5412,2021-09-20,Lunes,13:30:00,,0.0,2,"Automóvil,Automóvil",Av. Eudoro Carrasco Y Bv. 27 De Febrero,3,1,0,0,2,0,0,"-32.963263233698,-60.668154796242",Calle,,ROSARIO,Rosario,Asfalto,No existe,II,Dentro,Urbana,Otra Señal,Funciona,Intersección,Bueno,Buena,Diurna,Buen Tiempo,Múltiple,S/D,Colisión,Ninguna,"Horizontal,Vertical",Cordón divisorio,Sin restricción
2021,5413,2021-09-14,Martes,12:00:00,,0.0,2,"Automóvil,Automóvil",9 De Julio Y Castellanos,3,1,0,0,2,0,0,"-32.947229207716,-60.676901945036",Calle,,ROSARIO,Rosario,Asfalto,No existe,II,Dentro,Urbana,Otra Señal,No existe,Intersección,Bueno,Buena,Diurna,Buen Tiempo,Múltiple,S/D,Colisión,Ninguna,Faltante,Cordón divisorio,Sin restricción
2021,5414,2021-09-09,Jueves,14:00:00,,0.0,2,"Pickup/Utilitario,Moto/Ciclomotor",Av. Belgrano Y Rioja,2,1,0,0,1,0,0,"-32.949601220255,-60.628701144073",Avenida,,ROSARIO,Rosario,Asfalto,No existe,II,Dentro,Urbana,Otra Señal,Funciona,Intersección,Bueno,Buena,Diurna,Buen Tiempo,Múltiple,S/D,Colisión,Ninguna,"Horizontal,Vertical",Cordón divisorio,Sin restricción
2021,5415,2021-09-20,Lunes,15:50:00,,0.0,3,"Moto/Ciclomotor,Automóvil,Automóvil",Ocampo Y San Martin,3,1,0,0,2,0,0,"-32.966718167572,-60.641714669639",Avenida,,ROSARIO,Rosario,Asfalto,No existe,II,Dentro,Urbana,Otra Señal,No existe,Intersección,Bueno,Buena,Diurna,Buen Tiempo,Múltiple,S/D,Colisión,Ninguna,Horizontal,Cordón divisorio,Sin restricción
2021,5416,2021-09-24,Viernes,08:40:00,,0.0,2,"Moto/Ciclomotor,Automóvil",Gálvez Y Sarmiento,3,1,0,0,2,0,0,"-32.968748855594,-60.643769922977",Calle,,ROSARIO,Rosario,Asfalto,No existe,II,Dentro,Urbana,Otra Señal,No existe,Intersección,Bueno,Buena,Diurna,Buen Tiempo,Múltiple,S/D,Colisión,Ninguna,Faltante,Cordón divisorio,Sin restricción
2021,5417,2021-09-24,Viernes,11:15:00,,0.0,1,Automóvil,Junín Y Mar del Plata,2,1,0,0,1,0,0,"-32.926735427948,-60.681934060037",Calle,,ROSARIO,Rosario,Asfalto,No existe,II,Dentro,Urbana,Otra Señal,No existe,Intersección,Bueno,Buena,Diurna,Buen Tiempo,Múltiple,S/D,Colisión,Ninguna,Faltante,Cordón divisorio,Sin restricción
2021,5418,2021-09-07,Martes,13:20:00,,0.0,2,"Moto/Ciclomotor,Automóvil",Albert Sabin Y Av. Génova,2,1,0,0,1,0,0,"-32.915336923422,-60.690909003441",Calle,,ROSARIO,Rosario,Asfalto,No existe,II,Dentro,Urbana,Otra Señal,No existe,Intersección,Bueno,Buena,Diurna,Buen Tiempo,Múltiple,S/D,Colisión,Ninguna,"Horizontal,Vertical",Cordón divisorio,Sin restricción
2021,5419,2021-09-11,Sabado,23:10:00,Ruta Nacional 11,0.0,2,"Automóvil,Camión c / Acoplado",Bv Belgrano ,2,1,0,0,1,0,0,"-29.88873481750485,-60.279922485351",Ruta,11,CALCHAQUÍ,Vera,Asfalto,Pavimento,XIX,Dentro,Urbana,Otra Señal,No existe,Intersección,Bueno,Buena,"Diurna,Con luz artificial",Buen Tiempo,Múltiple,S/D,Colisión,Ninguna,Horizontal,Cordón divisorio,Sin restricción
2021,5420,2021-09-13,Lunes,16:15:00,,0.0,2,"Automóvil,Taxi/Remis",L.N.Alem Y Montevideo,3,2,0,0,1,0,0,"-32.957892995037,-60.630756752973",Calle,,ROSARIO,Rosario,Asfalto,No existe,II,Dentro,Urbana,Otra Señal,No existe,Intersección,Bueno,Buena,Diurna,Buen Tiempo,Múltiple,S/D,Colisión,Ninguna,Horizontal,Cordón divisorio,Sin restricción
2021,5421,2021-09-21,Martes,13:00:00,,0.0,2,"Automóvil,Moto/Ciclomotor",Bv. Rondeau Y Maestro Massa,2,1,0,0,1,0,0,"-32.874609881323,-60.698264830189",Avenida,,ROSARIO,Rosario,Asfalto,No existe,II,Dentro,Urbana,Otra Señal,Funciona,Intersección,Bueno,Buena,Diurna,Buen Tiempo,Múltiple,S/D,Colisión,Ninguna,"Horizontal,Vertical",Cordón divisorio,Sin restricción
2021,5422,2021-09-17,Viernes,13:40:00,,0.0,2,"Bicicleta,Automóvil",L.N.Alem Y Montevideo,2,1,0,0,1,0,0,"-32.957892995037,-60.630756752973",Calle,,ROSARIO,Rosario,Asfalto,No existe,II,Dentro,Urbana,Otra Señal,No existe,Intersección,Bueno,Buena,Diurna,Buen Tiempo,Múltiple,Ciclista,Colisión,Ninguna,Horizontal,Cordón divisorio,Sin restricción
2021,5423,2021-09-14,Martes,07:30:00,,0.0,2,"Moto/Ciclomotor,Automóvil",Pje. Boedo Y Superi,2,1,0,0,1,0,0,"-32.896635502364,-60.706244153495",Calle,,ROSARIO,Rosario,Asfalto,No existe,II,Dentro,Urbana,Otra Señal,No existe,Intersección,Bueno,Buena,Diurna,Buen Tiempo,Múltiple,S/D,Colisión,Ninguna,Vertical,Cordón divisorio,Sin restricción
2021,5424,2021-09-10,Viernes,17:00:00,,0.0,2,"Moto/Ciclomotor,Pickup/Utilitario",Ejercito Argentino Y Gral. Obligado,2,1,0,0,1,0,0,"-29.89741981029512,-60.289905667305",Calle,,CALCHAQUÍ,Vera,Ripio,No existe,XIX,Dentro,Urbana,Otra Señal,No existe,Intersección,Bueno,Buena,Diurna,Buen Tiempo,Múltiple,S/D,Colisión,Ninguna,Faltante,Cordón divisorio,Sin restricción
2021,5425,2021-09-23,Jueves,09:10:00,,0.0,2,"Bicicleta,Automóvil",España Y Riobamba,2,1,0,0,1,0,0,"-32.961518245275,-60.650684074606",Calle,,ROSARIO,Rosario,Asfalto,No existe,II,Dentro,Urbana,Otra Señal,No existe,Intersección,Bueno,Buena,Diurna,Buen Tiempo,Múltiple,Ciclista,Colisión,Ninguna,Faltante,Cordón divisorio,Sin restricción
2021,5426,2021-09-22,Miercoles,21:00:00,,0.0,2,"Moto/Ciclomotor,Automóvil",Av. Wheelwright Y Dorrego,2,1,0,0,1,0,0,"-32.932875752449036,-60.64773112535",Avenida,,ROSARIO,Rosario,Asfalto,No existe,II,Dentro,Urbana,Otra Señal,No existe,Intersección,Bueno,Buena,"Nocturna,Con luz artificial",Buen Tiempo,Múltiple,S/D,Colisión,Ninguna,"Horizontal,Vertical",Cordón divisorio,Sin restricción
2021,5427,2021-09-06,Lunes,12:10:00,Ruta Nacional 11,676.0,1,Camión c / Acoplado, ,1,1,0,0,0,0,0,"-29.876497, -60.283577",Ruta,11,CALCHAQUÍ,Vera,Asfalto,Natural,XIX,Dentro,Urbana,Otra Señal,No existe,Intersección,Bueno,Buena,Diurna,Buen Tiempo,Múltiple,S/D,Colisión,Ninguna,Faltante,Cordón divisorio,Sin restricción
2021,5429,2021-09-09,Jueves,14:40:00,,0.0,2,"Automóvil,Automóvil",Palestina Y Unión,4,3,0,0,1,0,0,"-32.885810216967,-60.704692406206",Calle,,ROSARIO,Rosario,Asfalto,No existe,II,Dentro,Urbana,Otra Señal,No existe,Intersección,Bueno,Buena,Diurna,Buen Tiempo,Múltiple,S/D,Colisión,Ninguna,Faltante,Cordón divisorio,Sin restricción
2021,5430,2021-09-12,Domingo,23:40:00,Autovía Nacional 19,102.0,2,"Camión,Moto/Ciclomotor", ,5,4,0,0,1,0,0,"-31.468130, -61.807072",Autovía,19,ESTACIÓN CLUCELLAS,Castellanos,Hormigón,Pavimento,V,Dentro,Rural,Otra Señal,No existe,Intersección,Bueno,Buena,Nocturna,Buen Tiempo,Múltiple,S/D,Colisión,Ninguna,Faltante,Cordón divisorio,Sin restricción
2021,5432,2021-07-14,Miercoles,21:45:00,,0.0,2,"Moto/Ciclomotor,Automóvil",Av. Carlos Colombres Y Gurruchaga,2,1,0,0,1,0,0,"-32.903375677375,-60.681307105878",Avenida,,ROSARIO,Rosario,Asfalto,No existe,II,Dentro,Urbana,Otra Señal,Funciona,Intersección,Bueno,Buena,"Nocturna,Con luz artificial",Buen Tiempo,Múltiple,Ciclista,Colisión,Ninguna,"Horizontal,Vertical",Cordón divisorio,Sin restricción
2021,5434,2021-08-11,Miercoles,13:30:00,,0.0,2,"Moto/Ciclomotor,Automóvil",Av. Urquiza Y Tucumán,2,1,0,0,1,0,0,"-31.64528, -60.7129",Calle,,SANTA FE,La Capital,Asfalto,Pavimento,I,Dentro,Urbana,Otra Señal,Funciona,Intersección,Bueno,Buena,Diurna,Buen Tiempo,Múltiple,S/D,Colisión,Ninguna,Faltante,Cordón divisorio,Sin restricción
2021,5435,2021-09-05,Domingo,20:00:00,,0.0,2,"Moto/Ciclomotor,Automóvil",España Y Khantuta,3,2,0,0,1,0,0,"-33.012152916352,-60.65698807401",Calle,,ROSARIO,Rosario,Asfalto,No existe,II,Dentro,Urbana,Otra Señal,No existe,Intersección,Bueno,Buena,"Nocturna,Con luz artificial",Buen Tiempo,Múltiple,S/D,Colisión,Ninguna,Vertical,Cordón divisorio,Sin restricción
2021,5437,2021-08-11,Miercoles,11:30:00,,0.0,2,"Bicicleta,Automóvil",9 de Julio Y Gdor. Crespo,2,1,0,0,1,0,0,"-31.64068, -60.70752",Calle,,SANTA FE,La Capital,Asfalto,Pavimento,I,S/D,Urbana,Otra Señal,No existe,Intersección,Bueno,Buena,Diurna,Buen Tiempo,Múltiple,Ciclista,Colisión,Ninguna,Faltante,Cordón divisorio,Sin restricción
2021,5438,2021-09-22,Miercoles,08:10:00,Autovía Nacional 19,47.0,2,"Camión c / Acoplado,Pickup/Utilitario",Ruta Nacional 19 ,3,1,0,1,0,1,0,"-31.59434, -61.25962",Autovía,19,SA PEREIRA,Las Colonias,Asfalto,Natural,XI,S/D,Rural,Otra Señal,No existe,Intersección,Bueno,Buena,Diurna,Buen Tiempo,Múltiple,S/D,Colisión,Ninguna,S/D,Cordón divisorio,Sin restricción
2021,5439,2021-09-15,Miercoles,07:00:00,,0.0,2,"Moto/Ciclomotor,Automóvil",Beruti 2900,3,2,0,0,1,0,0,"-32.974274285563,-60.626271360315",Calle,,ROSARIO,Rosario,Asfalto,No existe,II,Dentro,Urbana,Otra Señal,No existe,Intersección,S/D,S/D,Diurna,Buen Tiempo,Múltiple,S/D,Colisión,S/D,Faltante,Cordón divisorio,Sin restricción
2021,5440,2021-09-13,Lunes,11:20:00,,0.0,2,"Moto/Ciclomotor,Pickup/Utilitario",Palestina 2100,3,1,0,0,2,0,0,,Calle,,ROSARIO,Rosario,Asfalto,No existe,II,Dentro,Urbana,Otra Señal,No existe,Intersección,Bueno,Buena,Diurna,Buen Tiempo,Múltiple,S/D,Colisión,Ninguna,Vertical,Cordón divisorio,Sin restricción
2021,5441,2021-09-11,Sabado,07:30:00,Ruta Nacional 34,0.0,2,"Automóvil,Moto/Ciclomotor",Grandoli Y Ruta Nac 34,3,2,0,0,1,0,0,"-32.886799, -60.730879",Ruta,34,ROSARIO,Rosario,Asfalto,No existe,II,Dentro,Urbana,Otra Señal,No existe,Intersección,S/D,S/D,Diurna,Buen Tiempo,Múltiple,S/D,Colisión,S/D,Faltante,Cordón divisorio,Sin restricción
2021,5442,2021-09-07,Martes,19:20:00,,0.0,2,"Moto/Ciclomotor,Camión Chasis",Bv. Bouchard Y Av. J.Suarez,2,1,0,0,1,0,0,"-32.890219594946,-60.726955376159",Avenida,,ROSARIO,Rosario,Asfalto,No existe,II,Dentro,Urbana,Otra Señal,No existe,Intersección,Resbaladiza,Buena,Atardecer,Buen Tiempo,Múltiple,S/D,Colisión,Agua,Faltante,Cordón divisorio,Sin restricción
2021,5443,2021-09-22,Miercoles,08:40:00,Autopista Provincial Brigadier E.LÓPEZ,131.0,1,Camión c / Acoplado, ,1,0,0,0,0,1,0,"-31.7904, -60.86308",Autopista,Brigadier E.LÓPEZ,SAUCE VIEJO,La Capital,Asfalto,Natural,I,S/D,Rural,Otra Señal,No existe,Intersección,Bueno,S/D,Diurna,Buen Tiempo,Múltiple,S/D,Colisión,Ninguna,Faltante,Cordón divisorio,Sin restricción
2021,5444,2021-09-22,Miercoles,21:00:00,,0.0,2,"Peatón,Transporte de Pasajeros Urbano (> 8 asientos)",Hipólito Yrigoyen Y Rivadavia,2,0,0,0,1,1,0,"-31.64273, -60.70315",Calle,,SANTA FE,La Capital,Asfalto,No existe,I,S/D,Urbana,Otra Señal,Funciona,Intersección,Bueno,S/D,Nocturna,S/D,Múltiple,Peatón,Colisión,Ninguna,"Horizontal,Vertical",Cordón divisorio,Sin restricción
2021,5445,2021-09-26,Domingo,02:10:00,,0.0,2,"Moto/Ciclomotor,Automóvil",Nicolas Laguna 3700,3,1,0,0,2,0,0,"-32.882178451344,-60.724316743555",Calle,,ROSARIO,Rosario,Asfalto,No existe,II,Dentro,Urbana,Otra Señal,No existe,Intersección,Bueno,Buena,Diurna,Buen Tiempo,Múltiple,S/D,Colisión,Ninguna,Faltante,Cordón divisorio,Sin restricción
2021,5446,2021-08-10,Martes,21:00:00,,0.0,2,"Moto/Ciclomotor,Automóvil",Mariano Comas Y 4 de Enero,2,1,0,0,1,0,0,"-31.63186, -60.70777",Calle,,SANTA FE,La Capital,Asfalto,Pavimento,I,Dentro,Urbana,Otra Señal,No existe,Intersección,Bueno,Buena,Nocturna,Buen Tiempo,Múltiple,S/D,Colisión,Otro,Faltante,Cordón divisorio,Sin restricción
2021,5447,2021-09-21,Martes,17:35:00,,0.0,2,"Automóvil,Bicicleta",Gaboto Y San Martin,2,1,0,0,1,0,0,"-32.973611867571,-60.643382882141",Calle,,ROSARIO,Rosario,Asfalto,No existe,II,Dentro,Urbana,Otra Señal,Funciona,Intersección,Bueno,Buena,Diurna,Buen Tiempo,Múltiple,Ciclista,Colisión,Ninguna,"Horizontal,Vertical",Cordón divisorio,Sin restricción
2021,5448,2021-08-09,Lunes,20:00:00,,0.0,2,"Moto/Ciclomotor,Automóvil",9 de Julio Y Catamarca,2,1,0,0,1,0,0,"-31.64233, -60.71774",Calle,,SANTA FE,La Capital,Asfalto,Pavimento,I,Dentro,Urbana,Otra Señal,No existe,Intersección,Bueno,Buena,Nocturna,Buen Tiempo,Múltiple,S/D,Colisión,Ninguna,Faltante,Cordón divisorio,Sin restricción
2021,5449,2021-09-17,Viernes,16:30:00,,0.0,3,"Bicicleta,Automóvil,Automóvil",Av. Sorrento Y Bv. Rondeau,3,2,0,0,1,0,0,"-32.907067537307704,-60.68849802017",Avenida,,ROSARIO,Rosario,Asfalto,No existe,II,Dentro,Urbana,Otra Señal,Funciona,Intersección,Bueno,Buena,Diurna,Buen Tiempo,Múltiple,Ciclista,Colisión,Ninguna,"Horizontal,Vertical",Cordón divisorio,Sin restricción
2021,5450,2021-08-09,Lunes,09:00:00,,0.0,2,"Moto/Ciclomotor,Pickup/Utilitario",San Martin Y Obispo Gelabert,2,1,0,0,1,0,0,"-31.63684, -60.70359",Calle,,SANTA FE,La Capital,Asfalto,Pavimento,I,Dentro,Urbana,Otra Señal,No existe,Intersección,Bueno,Buena,Diurna,Buen Tiempo,Múltiple,S/D,Colisión,Ninguna,Faltante,Cordón divisorio,Sin restricción
2021,5451,2021-09-10,Viernes,12:35:00,,0.0,2,"Moto/Ciclomotor,Pickup/Utilitario",Laprida Y Muñoz,3,1,0,0,2,0,0,"-33.00830007775,-60.646748365295",Calle,,ROSARIO,Rosario,Asfalto,No existe,II,Dentro,Urbana,Otra Señal,No existe,Intersección,Bueno,Buena,Diurna,Otro,Múltiple,S/D,Colisión,Ninguna,Faltante,Cordón divisorio,Sin restricción
2021,5452,2021-09-17,Viernes,09:00:00,,0.0,2,"Bicicleta,Automóvil",Garibaldi Y San Martin,2,1,0,0,1,0,0,"-32.986384071075,-60.645694842802",Avenida,,ROSARIO,Rosario,Asfalto,No existe,II,Dentro,Urbana,Otra Señal,No existe,Intersección,Bueno,Buena,Diurna,Buen Tiempo,Múltiple,Ciclista,Colisión,Ninguna,Horizontal,Cordón divisorio,Sin restricción
2021,5453,2021-09-14,Martes,18:00:00,,0.0,2,"Automóvil,Peatón",Av. Arijon Y Av. Corrientes,2,1,0,0,1,0,0,"-33.003189223402,-60.653245202875",Calle,,ROSARIO,Rosario,Asfalto,No existe,II,Dentro,Urbana,Otra Señal,No existe,Intersección,Bueno,Buena,Diurna,Buen Tiempo,Múltiple,Peatón,Colisión,Ninguna,Faltante,Cordón divisorio,Sin restricción
2021,5455,2021-09-04,Sabado,13:30:00,,0.0,2,"Automóvil,Moto/Ciclomotor",Melincue Y Rui Barbosa,3,1,0,0,2,0,0,"-33.006269812677,-60.647707554886",Calle,,ROSARIO,Rosario,Asfalto,No existe,II,Dentro,Urbana,Otra Señal,No existe,Intersección,Bueno,Buena,Diurna,Otro,Múltiple,S/D,Colisión,Ninguna,Faltante,Cordón divisorio,Sin restricción
2021,5456,2021-09-24,Viernes,01:20:00,,0.0,2,"Peatón,Tren",AV. DE LAS PALMERAS Y EL CHAJA,2,0,0,0,1,1,0,"-32.96437, -60.73267",Avenida,,ROSARIO,Rosario,"Asfalto,Tierra",No existe,II,S/D,Urbana,Otra Señal,No existe,Intersección,Bueno,S/D,Nocturna,S/D,Múltiple,Peatón,Colisión,Ninguna,Faltante,Cordón divisorio,Sin restricción
2021,5457,2021-09-22,Miercoles,10:30:00,,0.0,2,"Automóvil,Pickup/Utilitario",Ameghino Y Balcarce,3,1,0,0,2,0,0,"-32.984640739187,-60.662184971148",Calle,,ROSARIO,Rosario,Asfalto,No existe,II,Dentro,Urbana,Otra Señal,No existe,Intersección,Bueno,Buena,Diurna,Buen Tiempo,Múltiple,S/D,Colisión,Ninguna,Faltante,Cordón divisorio,Sin restricción
2021,5458,2021-08-07,Sabado,13:30:00,,0.0,2,"Bicicleta,Otros",4 de Enero Y Primera Junta,2,1,0,0,1,0,0,"-31.64678, -60.71202",Calle,,SANTA FE,La Capital,Asfalto,Pavimento,I,Dentro,Urbana,Otra Señal,No existe,Intersección,Bueno,Buena,Diurna,Buen Tiempo,Múltiple,Ciclista,Colisión,Ninguna,Faltante,Cordón divisorio,Sin restricción
2021,5459,2021-09-21,Martes,09:40:00,,0.0,2,"Moto/Ciclomotor,Automóvil",Buenos Aires Y Bv. Seguí,3,1,0,0,2,0,0,"-32.97993886852,-60.640878613227",Avenida,,ROSARIO,Rosario,Asfalto,No existe,II,Dentro,Urbana,Otra Señal,No existe,Intersección,Bueno,Buena,Diurna,Buen Tiempo,Múltiple,S/D,Colisión,Ninguna,Faltante,Cordón divisorio,Sin restricción
2021,5460,2021-09-23,Jueves,18:30:00,Ruta Provincial 70,59.0,2,"Moto/Ciclomotor,Pickup/Utilitario", ,2,1,0,0,1,0,0,"-31.347945, -61.220527",Ruta,70,NUEVO TORINO,Las Colonias,Asfalto,Natural,XI,Dentro,Rural,Otra Señal,No existe,Intersección,Bueno,Buena,Diurna,Buen Tiempo,Múltiple,S/D,Colisión,Ninguna,Horizontal,Cordón divisorio,Sin restricción
2021,5461,2021-08-07,Sabado,11:20:00,,0.0,2,"Bicicleta,Automóvil",Av. Leandro Alem Y La Rioja,2,1,0,0,1,0,0,"-31.64692, -60.70203",Calle,,SANTA FE,La Capital,Asfalto,Pavimento,I,Dentro,Urbana,Otra Señal,Funciona,Intersección,Bueno,Buena,Diurna,Buen Tiempo,Múltiple,Ciclista,Colisión,Ninguna,Faltante,Cordón divisorio,Sin restricción
2021,5462,2021-09-25,Sabado,16:00:00,,0.0,2,"Moto/Ciclomotor,Automóvil",San Martin 7200,2,0,0,0,1,1,0,"-33.02009, -60.65304",Calle,,ROSARIO,Rosario,Asfalto,No existe,II,S/D,Urbana,Otra Señal,No existe,Intersección,Bueno,S/D,Diurna,S/D,Múltiple,S/D,Colisión,Ninguna,Faltante,Cordón divisorio,Sin restricción
2021,5463,2021-08-05,Jueves,07:40:00,,0.0,2,"Moto/Ciclomotor,Automóvil",Av. Leandro Alem Y Belgrano,2,1,0,0,1,0,0,"-31.64687, -60.70175",Calle,,SANTA FE,La Capital,Asfalto,Pavimento,I,Dentro,Urbana,Otra Señal,Funciona,Intersección,Bueno,Buena,Diurna,Buen Tiempo,Múltiple,S/D,Colisión,Ninguna,Faltante,Cordón divisorio,Sin restricción
2021,5464,2021-09-22,Miercoles,12:35:00,,0.0,2,"Bicicleta,Automóvil",Saavedra Y Pje. Larguia,3,2,0,0,1,0,0,"-32.979563129827,-60.636916855982",Calle,,ROSARIO,Rosario,Asfalto,No existe,II,Dentro,Urbana,Otra Señal,No existe,Intersección,Bueno,Buena,Diurna,Buen Tiempo,Múltiple,Ciclista,Colisión,S/D,Faltante,Cordón divisorio,Sin restricción
2021,5465,2021-09-22,Miercoles,10:30:00,,0.0,2,"Moto/Ciclomotor,Automóvil",España Y Moreno,2,1,0,0,1,0,0,"-29.457838062163,-60.212722770226",Calle,,VERA,Vera,S/D,No existe,XIX,Dentro,Urbana,Otra Señal,S/D,Intersección,S/D,S/D,Diurna,S/D,Múltiple,S/D,Colisión,S/D,S/D,Cordón divisorio,Sin restricción
2021,5466,2021-09-20,Lunes,08:05:00,,0.0,2,"Moto/Ciclomotor,Automóvil",Leiva Y Pje. Edison,2,1,0,0,1,0,0,"-33.005454004889,-60.637812547654",Calle,,ROSARIO,Rosario,Asfalto,No existe,II,Dentro,Urbana,Otra Señal,No existe,Intersección,Bueno,Buena,Diurna,Buen Tiempo,Múltiple,S/D,Colisión,Ninguna,Faltante,Cordón divisorio,Sin restricción
2021,5467,2021-09-30,Jueves,19:50:00,Ruta Nacional 11,0.0,2,"Moto/Ciclomotor,Automóvil",Av. San Lorenzo Y Juan de Garay,2,1,0,0,1,0,0,"-32.811027653642,-60.717895200859",Ruta,11,CAPITÁN BERMÚDEZ,San Lorenzo,Asfalto,No existe,XVII,Dentro,Urbana,Otra Señal,No existe,Intersección,Bueno,Buena,Diurna,Buen Tiempo,Múltiple,S/D,Colisión,Ninguna,"Horizontal,Vertical",Cordón divisorio,Sin restricción