anio_acci,nro_acci,fecha,desc_dia,hora_aprox,desc_ruta,km,cant_participantes,desc_participante,calle_avenida_km,total,heridos_leves,heridos_graves,heridos_gravisimos,ilesos,fallecidos,sin_datos,posicion_XY,desc_tipo_via,desc_ruta_ori,desc_loc,desc_dpto,desc_tipo_calzada,desc_tipo_banquina,desc_unidad_regional,desc_lugar_calzada,desc_zona,desc_prioridad,desc_estado_semaforo,desc_lugar_via,desc_estado_via,desc_estado_visibilidad,desc_luminosidad,desc_estado_clima,desc_tipo_colision,desc_tipo_atropello,desc_tipo_hecho,desc_pres_calzada,desc_senializacion,desc_separacion_via,desc_restriccion
2021,5469,2021-09-03,Viernes,,,0.0,2,"Automóvil,Moto/Ciclomotor",Boulevard Ovidio Lagos Y Dante Alighieri,2,1,0,0,1,0,0,"-33.045500106115,-61.163713860744",Calle,,CASILDA,Caseros,Asfalto,No existe,IV,Dentro,Urbana,Otra Señal,No existe,Intersección,Bueno,Buena,Diurna,Buen Tiempo,Múltiple,S/D,Colisión,Ninguna,Vertical,Cordón divisorio,Sin restricción
2021,5470,2021-09-30,Jueves,,,0.0,2,"Moto/Ciclomotor,Bicicleta", ,2,1,0,0,1,0,0,"-31.411857, -60.921012",S/D,,LA ORILLA,Las Colonias,S/D,S/D,XI,S/D,S/D,Otra Señal,S/D,Intersección,S/D,S/D,S/D,S/D,Múltiple,S/D,Colisión,S/D,S/D,Cordón divisorio,Sin restricción
2021,5471,2021-09-03,Viernes,10:15:00,,0.0,2,"Automóvil,Bicicleta",Boulevard Lisandro de la Torre Y Boulevard Ovidio Lagos,2,1,0,0,1,0,0,"-33.044589870155,-61.164156852909",Avenida,,CASILDA,Caseros,Asfalto,No existe,IV,Dentro,Urbana,Otra Señal,No existe,Intersección,Bueno,Buena,Diurna,Buen Tiempo,Múltiple,Ciclista,Colisión,Ninguna,Horizontal,Cordón divisorio,Sin restricción
2021,5472,2021-09-30,Jueves,,,0.0,2,"Automóvil,Bicicleta", ,2,1,0,0,1,0,0,"-31.448825188884307,-60.93028956909",S/D,,ESPERANZA,Las Colonias,S/D,S/D,XI,S/D,S/D,Otra Señal,S/D,Intersección,S/D,S/D,S/D,S/D,Múltiple,Ciclista,Colisión,S/D,S/D,Cordón divisorio,Sin restricción
2021,5473,2021-09-01,Miercoles,22:30:00,Autopista Provincial Brigadier E.LÓPEZ,7.0,1,Automóvil, ,2,1,0,0,0,1,0,"-32.82471, -60.74097",Autopista,Brigadier E.LÓPEZ,CAPITÁN BERMÚDEZ,San Lorenzo,Asfalto,No existe,XVII,Dentro,Rural,Otra Señal,No existe,Intersección,Resbaladiza,Reducida,Nocturna,Lluvia,Múltiple,S/D,Colisión,Agua,Horizontal,Cordón divisorio,Sin restricción
2021,5474,2021-09-30,Jueves,,,0.0,2,"Automóvil,Automóvil", ,2,1,0,0,0,0,1,"-31.448825188884307,-60.93028956909",S/D,,ESPERANZA,Las Colonias,S/D,S/D,XI,S/D,S/D,Otra Señal,S/D,Intersección,S/D,S/D,S/D,S/D,Múltiple,S/D,Colisión,S/D,S/D,Cordón divisorio,Sin restricción
2021,5475,2021-08-06,Viernes,18:40:00,,0.0,2,"Bicicleta,Automóvil",Primera Junta Y 1ro de Mayo,2,1,0,0,1,0,0,"-31.647, -60.71073",Calle,,SANTA FE,La Capital,Asfalto,Pavimento,I,Dentro,Urbana,Otra Señal,Funciona,Intersección,Bueno,Buena,Atardecer,Buen Tiempo,Múltiple,Ciclista,Colisión,Ninguna,Faltante,Cordón divisorio,Sin restricción
2021,5476,2021-08-03,Martes,16:00:00,,0.0,2,"Bicicleta,Otros",Bv Pellegrini Y Rivadavia,2,1,0,0,1,0,0,"-31.63613, -60.7011",Calle,,SANTA FE,La Capital,Asfalto,Pavimento,I,Dentro,Urbana,Otra Señal,Funciona,Intersección,Bueno,Buena,Diurna,Buen Tiempo,Múltiple,Ciclista,Colisión,Ninguna,Faltante,Cordón divisorio,Sin restricción
2021,5477,2021-09-29,Miercoles,14:50:00,,0.0,2,"Moto/Ciclomotor,Camión Chasis",Bv. Seguí Y Barra,2,0,0,0,1,1,0,"-32.97092, -60.70561",Calle,,ROSARIO,Rosario,Asfalto,No existe,II,S/D,Urbana,Otra Señal,No existe,Intersección,Bueno,S/D,Diurna,S/D,Múltiple,S/D,Colisión,Ninguna,Faltante,Cordón divisorio,Sin restricción
2021,5478,2021-08-06,Viernes,21:00:00,,0.0,2,"Moto/Ciclomotor,Automóvil",Pres Domingo Faustino Sarmiento Y Juan José Paso,2,1,0,0,1,0,0,"-31.65974, -60.77461",S/D,,SANTO TOMÉ,La Capital,Asfalto,No existe,I,S/D,Urbana,Otra Señal,No existe,Intersección,Bueno,Buena,Nocturna,Buen Tiempo,Múltiple,S/D,Colisión,Ninguna,Faltante,Cordón divisorio,Sin restricción
2021,5479,2021-09-04,Sabado,,,0.0,2,"Automóvil,Automóvil",Juan José Castelli Y Republica de Chile,2,1,0,0,1,0,0,"-31.656303622505,-60.762642769879",Calle,,SANTO TOMÉ,La Capital,Ripio,No existe,I,Dentro,Urbana,Otra Señal,No existe,Intersección,"Con baches,Deteriorada",Buena,Diurna,Buen Tiempo,Múltiple,S/D,Colisión,Ninguna,Faltante,Cordón divisorio,Sin restricción
2021,5480,2021-09-04,Sabado,,,0.0,2,"Pickup/Utilitario,Automóvil",Lisandro de la Torre Y San Jerónimo,3,1,0,0,2,0,0,"-31.651154749354,-60.70936554731",Calle,,SANTA FE,La Capital,Asfalto,No existe,I,Dentro,Urbana,Otra Señal,No existe,Intersección,Bueno,Buena,S/D,Buen Tiempo,Múltiple,S/D,Colisión,Ninguna,Horizontal,Cordón divisorio,Sin restricción
2021,5481,2021-09-04,Sabado,05:50:00,Ruta Nacional 11,412.0,1,Automóvil, ,1,1,0,0,0,0,0,"-32.05925228043182, -60.95844783097",Ruta,11,AROCENA,San JERÓNIMO,Asfalto,No existe,XV,Dentro,Rural,Otra Señal,No existe,Intersección,Bueno,Buena,Diurna,Buen Tiempo,Múltiple,S/D,Colisión,Ninguna,Faltante,Cordón divisorio,Sin restricción
2021,5482,2021-09-15,Miercoles,17:30:00,,0.0,2,"Automóvil,Moto/Ciclomotor",Carlos Doce Y Urquiza,2,1,0,0,1,0,0,"-32.052113779663,-61.602958053211",Calle,,CAÑADA ROSQUÍN,San MARTÍN,Asfalto,No existe,XVII,Dentro,Urbana,Otra Señal,No existe,Intersección,S/D,S/D,Diurna,S/D,Múltiple,S/D,Colisión,S/D,Faltante,Cordón divisorio,Sin restricción
2021,5483,2021-09-30,Jueves,04:20:00,Ruta Nacional 11,459.0,1,Moto/Ciclomotor,Avenida Nuestra Señora del Luj Y Ruta 11 Avenida Richieri,1,0,0,0,0,1,0,"-31.68621, -60.77972",Ruta,11,SANTO TOMÉ,La Capital,Asfalto,No existe,I,S/D,Urbana,Otra Señal,No existe,Intersección,Bueno,S/D,Nocturna,S/D,Múltiple,S/D,Colisión,Ninguna,Faltante,Cordón divisorio,Sin restricción
2021,5484,2021-09-29,Miercoles,,,0.0,2,"Pickup/Utilitario,Camión", ,4,3,0,0,1,0,0,"-29.23839569091797,-61.788311004638",Camino Rural,,TOSTADO,9 de Julio,S/D,S/D,XII,S/D,Rural,Otra Señal,S/D,Intersección,S/D,S/D,S/D,S/D,Múltiple,S/D,Colisión,S/D,S/D,Cordón divisorio,Sin restricción
2021,5486,2021-09-04,Sabado,15:10:00,,0.0,2,"Automóvil,Moto/Ciclomotor",Av. Carlos A Poucel Y José Ingenieros,4,1,0,0,3,0,0,"-32.740006124,-60.738199063539",Avenida,,SAN LORENZO,San Lorenzo,Asfalto,No existe,XVII,Dentro,Urbana,Otra Señal,No existe,Intersección,Bueno,Buena,Diurna,Buen Tiempo,Múltiple,S/D,Colisión,Ninguna,Faltante,Cordón divisorio,Sin restricción
2021,5487,2021-09-04,Sabado,16:15:00,Ruta Nacional 11,0.0,2,"Moto/Ciclomotor,Automóvil",Av. San Martin Y Santiago del Estero,2,1,0,0,1,0,0,"-32.741320372711,-60.733968914179",Ruta,11,SAN LORENZO,San Lorenzo,Asfalto,No existe,XVII,Dentro,Urbana,Otra Señal,No existe,Intersección,Bueno,Buena,Diurna,Buen Tiempo,Múltiple,S/D,Colisión,Ninguna,Horizontal,Cordón divisorio,Sin restricción
2021,5488,2021-09-05,Domingo,,,0.0,1,Moto/Ciclomotor,Arturo Illia Y San Jerónimo,1,1,0,0,0,0,0,"-31.662913511565,-60.712818425577",Calle,,SANTA FE,La Capital,Asfalto,No existe,I,Dentro,Urbana,Otra Señal,No existe,Intersección,Bueno,Buena,Diurna,Buen Tiempo,Múltiple,S/D,Colisión,Ninguna,Horizontal,Cordón divisorio,Sin restricción
2021,5489,2021-09-15,Miercoles,13:10:00,Ruta Secundaria 87-s,13.0,1,Automóvil, ,1,1,0,0,0,0,0,"-29.67885, -60.34748",Ruta,87-s,MARGARITA,Vera,S/D,S/D,XIX,Dentro,Rural,Otra Señal,S/D,Intersección,S/D,S/D,Diurna,S/D,Múltiple,S/D,Colisión,S/D,S/D,Cordón divisorio,Sin restricción
2021,5490,2021-09-05,Domingo,,Autopista Nacional A007,0.0,1,Automóvil, ,1,1,0,0,0,0,0,"-31.631495860768617, -60.7329724404",Autopista,A007,SANTA FE,La Capital,Asfalto,Pavimento,I,Dentro,Rural,Otra Señal,No existe,Intersección,Bueno,Buena,S/D,Buen Tiempo,Múltiple,S/D,Colisión,Ninguna,Horizontal,Cordón divisorio,Sin restricción
2021,5492,2021-09-06,Lunes,01:30:00,Ruta Secundaria 40-s,0.0,2,"Moto/Ciclomotor,Moto/Ciclomotor", ,4,4,0,0,0,0,0,"-32.202429771423304,-61.68703079223",Ruta,40-s,EL TRÉBOL,San MARTÍN,Asfalto,Natural,XVIII,Dentro,Rural,Otra Señal,No existe,Intersección,Bueno,Reducida,Nocturna,Buen Tiempo,Múltiple,S/D,Colisión,Ninguna,Horizontal,Cordón divisorio,Sin restricción
2021,5493,2021-09-08,Miercoles,19:40:00,Ruta Provincial Brigadier E.LÓPEZ,0.0,2,"Moto/Ciclomotor,Automóvil", ,3,1,0,0,2,0,0,"-31.7087, -60.8271",Ruta,Brigadier E.LÓPEZ,SANTA FE,La Capital,Asfalto,Natural,I,S/D,Rural,Otra Señal,No existe,Intersección,Bueno,Buena,Atardecer,Buen Tiempo,Múltiple,S/D,Colisión,Ninguna,S/D,Cordón divisorio,Sin restricción
2021,5494,2021-09-07,Martes,19:20:00,,0.0,2,"Automóvil,Bicicleta",Urquiza 1900,2,1,0,0,1,0,0,"-32.74746785292769, -60.74842516147",Calle,,SAN LORENZO,San Lorenzo,Asfalto,No existe,XVII,Dentro,Urbana,Otra Señal,No existe,Intersección,Bueno,Buena,Atardecer,Buen Tiempo,Múltiple,Ciclista,Colisión,Ninguna,Vertical,Cordón divisorio,Sin restricción
2021,5495,2021-09-07,Martes,18:00:00,,0.0,2,"Automóvil,Automóvil",Paraná Y Rivadavia,3,2,0,0,1,0,0,"-32.861192359146,-61.149704488343",Calle,,CARCARAÑÁ,San Lorenzo,Asfalto,No existe,XVII,Dentro,Urbana,Otra Señal,No existe,Intersección,Bueno,Buena,Diurna,Buen Tiempo,Múltiple,S/D,Colisión,Ninguna,Faltante,Cordón divisorio,Sin restricción
2021,5496,2021-09-27,Lunes,10:45:00,Ruta Nacional 9,381.0,4,"Pickup/Utilitario,Camión,Automóvil,Automóvil", ,7,6,0,0,0,1,0,"-32.79673, -61.47325",Ruta,9,CAÑADA DE GÓMEZ,Iriondo,Asfalto,Pavimento,X,S/D,Urbana,Otra Señal,No existe,Intersección,Bueno,S/D,Diurna,S/D,Múltiple,S/D,Colisión,Ninguna,Faltante,Cordón divisorio,Sin restricción
2021,5497,2021-09-08,Miercoles,,Ruta Provincial 1,73.0,1,Automóvil, ,1,0,0,0,0,1,0,"-31.18458, -60.15204",Ruta,1,CAYASTA,Garay,Asfalto,Natural,VII,Dentro,Rural,Otra Señal,No existe,Intersección,Bueno,Buena,Diurna,Buen Tiempo,Múltiple,S/D,Colisión,Ninguna,Horizontal,Cordón divisorio,Sin restricción
2021,5499,2021-09-10,Viernes,12:00:00,Ruta Provincial 93,44.0,1,Automóvil,Ruta Prov. 93 ,2,0,0,0,1,1,0,"-33.43771, -61.53043",Ruta,93,FIRMAT,General LÓPEZ,Asfalto,Natural,VIII,S/D,Rural,Otra Señal,No existe,Intersección,Bueno,S/D,Diurna,S/D,Múltiple,S/D,Colisión,Ninguna,Faltante,Cordón divisorio,Sin restricción
2021,5500,2021-09-11,Sabado,18:30:00,Ruta Nacional 33,632.0,2,"Automóvil,Camión c / Acoplado",Ruta Nacional 33 ,2,0,0,0,1,1,0,"-33.71383, -61.98081",Ruta,33,VENADO TUERTO,General LÓPEZ,Asfalto,Pavimento,VIII,S/D,Urbana,Otra Señal,No existe,Intersección,Bueno,S/D,Diurna,Buen Tiempo,Múltiple,S/D,Colisión,Ninguna,Faltante,Cordón divisorio,Sin restricción
2021,5501,2021-09-28,Martes,20:00:00,Ruta Nacional 9,0.0,2,"Automóvil,Moto/Ciclomotor",Maíz Y Ruta Nacional 9,3,1,0,0,2,0,0,"-32.90972828865048,-60.885297060012",Ruta,9,ROLDÁN,San Lorenzo,"Asfalto,Tierra",Natural,XVII,Dentro,Urbana,Otra Señal,No existe,Intersección,Bueno,Buena,Nocturna,Buen Tiempo,Múltiple,S/D,Colisión,Ninguna,Horizontal,Cordón divisorio,Sin restricción
2021,5502,2021-09-08,Miercoles,,Ruta Nacional 33,685.0,3,"Automóvil,Automóvil,Camión", ,3,2,0,0,1,0,0,"-33.45947537200026, -61.50898572304",Ruta,33,FIRMAT,General LÓPEZ,Asfalto,Natural,VIII,S/D,S/D,Otra Señal,No existe,Intersección,Bueno,Buena,S/D,Buen Tiempo,Múltiple,S/D,Colisión,Ninguna,Horizontal,Cordón divisorio,Sin restricción
2021,5503,2021-09-28,Martes,,,0.0,1,Moto/Ciclomotor, ,1,1,0,0,0,0,0,"-31.448825188884307,-60.93028956909",S/D,,ESPERANZA,Las Colonias,S/D,S/D,XI,S/D,S/D,Otra Señal,S/D,Intersección,S/D,S/D,S/D,S/D,Múltiple,S/D,Colisión,S/D,S/D,Cordón divisorio,Sin restricción
2021,5504,2021-09-16,Jueves,,,0.0,2,"Moto/Ciclomotor,Moto/Ciclomotor",Av. Facundo Zuviria Y Gorriti,4,4,0,0,0,0,0,"-31.589188740874,-60.697970094108",Avenida,,SANTA FE,La Capital,Asfalto,No existe,I,Dentro,Urbana,Otra Señal,Funciona,Intersección,S/D,S/D,S/D,S/D,Múltiple,S/D,Colisión,S/D,Vertical,Cordón divisorio,Sin restricción
2021,5505,2021-09-08,Miercoles,,Ruta Provincial 2,0.0,2,"Moto/Ciclomotor,Bicicleta",6 de Caballería Y Ruta Prov. 2,2,1,0,0,1,0,0,"-29.237977927218,-61.780810832002",Ruta,2,TOSTADO,9 de Julio,Asfalto,No existe,XII,Dentro,Urbana,Otra Señal,No existe,Intersección,Bueno,Buena,Diurna,Buen Tiempo,Múltiple,S/D,Colisión,Ninguna,Horizontal,Cordón divisorio,Sin restricción
2021,5506,2021-09-28,Martes,,,0.0,1,Camión c / Acoplado, ,1,1,0,0,0,0,0,"-31.448825188884307,-60.93028956909",S/D,,ESPERANZA,Las Colonias,S/D,S/D,XI,Fuera,Rural,Otra Señal,S/D,Intersección,S/D,S/D,S/D,S/D,Múltiple,S/D,Colisión,S/D,S/D,Cordón divisorio,Sin restricción
2021,5507,2021-09-16,Jueves,07:00:00,,0.0,2,"Automóvil,Taxi/Remis",Espora Y Rivadavia,3,2,0,0,1,0,0,"-31.604130319259,-60.691711666505",Calle,,SANTA FE,La Capital,Asfalto,No existe,I,Dentro,Urbana,Otra Señal,No existe,Intersección,S/D,S/D,Nocturna,S/D,Múltiple,S/D,Colisión,S/D,Faltante,Cordón divisorio,Sin restricción
2021,5508,2021-09-08,Miercoles,22:15:00,,0.0,2,"Moto/Ciclomotor,Moto/Ciclomotor",B Irigoyen Y San Martin,2,1,0,0,1,0,0,"-29.468881179734,-60.212374667571",Calle,,VERA,Vera,S/D,No existe,XIX,Dentro,Urbana,Otra Señal,No existe,Intersección,S/D,S/D,Nocturna,Buen Tiempo,Múltiple,S/D,Colisión,S/D,S/D,Cordón divisorio,Sin restricción
2021,5509,2021-09-28,Martes,01:30:00,,0.0,2,"Moto/Ciclomotor,Moto/Ciclomotor",AZCASUBI Y ITALIA,2,1,0,0,0,0,1,"-33.451700, -61.481143",Calle,,FIRMAT,General LÓPEZ,S/D,S/D,VIII,Dentro,Urbana,Otra Señal,S/D,Intersección,S/D,S/D,Nocturna,S/D,Múltiple,S/D,Colisión,S/D,S/D,Cordón divisorio,Sin restricción
2021,5510,2021-09-27,Lunes,,,0.0,2,"Automóvil,Moto/Ciclomotor", ,2,1,0,0,1,0,0,"-31.448825188884307,-60.93028956909",S/D,,ESPERANZA,Las Colonias,S/D,S/D,XI,S/D,Urbana,Otra Señal,S/D,Intersección,S/D,S/D,S/D,S/D,Múltiple,S/D,Colisión,S/D,S/D,Cordón divisorio,Sin restricción
2021,5511,2021-09-27,Lunes,,,0.0,2,"Automóvil,Pickup/Utilitario", ,3,2,0,0,1,0,0,"-31.448825188884307,-60.93028956909",S/D,,ESPERANZA,Las Colonias,S/D,S/D,XI,S/D,S/D,Otra Señal,S/D,Intersección,S/D,S/D,S/D,S/D,Múltiple,S/D,Colisión,S/D,S/D,Cordón divisorio,Sin restricción
2021,5512,2021-09-10,Viernes,07:20:00,Ruta Nacional 168,1.0,2,"Automóvil,Automóvil", ,3,3,0,0,0,0,0,"-31.640536745564052, -60.6823459987",Ruta,168,SANTA FE,La Capital,Asfalto,Ripio,I,Dentro,Urbana,Otra Señal,No existe,Intersección,Bueno,Buena,Diurna,Buen Tiempo,Múltiple,S/D,Colisión,Ninguna,Horizontal,Cordón divisorio,Sin restricción
2021,5514,2021-09-16,Jueves,,,0.0,2,"Pickup/Utilitario,Peatón",Callao Y Estado de Israel,2,1,0,0,1,0,0,"-32.992579, -60.672363",Calle,,ROSARIO,Rosario,S/D,No existe,II,Dentro,Urbana,Otra Señal,No existe,Intersección,S/D,S/D,S/D,S/D,Múltiple,Peatón,Colisión,S/D,Vertical,Cordón divisorio,Sin restricción
2021,5515,2021-09-10,Viernes,07:20:00,Ruta Nacional 168,1.0,2,"Automóvil,Moto/Ciclomotor", ,3,1,0,0,2,0,0,"-31.641058649501186, -60.6798974268",Ruta,168,SANTA FE,La Capital,Asfalto,No existe,I,Dentro,Urbana,Otra Señal,No existe,Intersección,Bueno,Buena,Diurna,Buen Tiempo,Múltiple,S/D,Colisión,Ninguna,Horizontal,Cordón divisorio,Sin restricción
2021,5516,2021-09-15,Miercoles,07:55:00,Ruta Nacional 11,0.0,2,"Moto/Ciclomotor,Automóvil",Av. San Martin Y B de Astrada,2,1,0,0,1,0,0,"-32.73987352479109, -60.73400343203",Ruta,11,SAN LORENZO,San Lorenzo,Asfalto,No existe,XVII,Dentro,Urbana,Otra Señal,Funciona,Intersección,S/D,S/D,Diurna,S/D,Múltiple,S/D,Colisión,S/D,Vertical,Cordón divisorio,Sin restricción
2021,5517,2021-09-16,Jueves,08:15:00,,0.0,1,Bicicleta,Catamarca Y Dorrego,1,1,0,0,0,0,0,"-32.938623133345,-60.64776337032",Calle,,SAN LORENZO,San Lorenzo,Asfalto,No existe,XVII,Dentro,Urbana,Otra Señal,No existe,Intersección,S/D,S/D,Diurna,S/D,Múltiple,S/D,Colisión,S/D,Horizontal,Cordón divisorio,Sin restricción
2021,5521,2021-09-10,Viernes,09:30:00,,0.0,1,Moto/Ciclomotor, ,1,1,0,0,0,0,0,"-31.974489090876162,-60.91611235790",S/D,,CORONDA,San JERÓNIMO,S/D,S/D,XV,S/D,S/D,Otra Señal,S/D,Intersección,S/D,S/D,S/D,S/D,Múltiple,S/D,Colisión,S/D,S/D,Cordón divisorio,Sin restricción
2021,5522,2021-09-10,Viernes,21:25:00,,0.0,2,"Camión c / Acoplado,Automóvil", ,2,1,0,0,1,0,0,"-32.45677622015708,-60.892428646194",S/D,,MACIEL,San JERÓNIMO,S/D,S/D,XV,S/D,S/D,Otra Señal,S/D,Intersección,S/D,S/D,S/D,S/D,Múltiple,S/D,Colisión,S/D,S/D,Cordón divisorio,Sin restricción
2021,5523,2021-09-10,Viernes,20:30:00,,0.0,2,"Automóvil,Moto/Ciclomotor", ,2,1,0,0,1,0,0,"-32.45677622015708,-60.892428646194",S/D,,MACIEL,San JERÓNIMO,S/D,S/D,XV,S/D,S/D,Otra Señal,S/D,Intersección,S/D,S/D,S/D,S/D,Múltiple,S/D,Colisión,S/D,S/D,Cordón divisorio,Sin restricción
2021,5524,2021-09-25,Sabado,14:20:00,,0.0,2,"Moto/Ciclomotor,Automóvil",Mendoza Y 9 de Julio,3,2,0,0,1,0,0,"-32.716249823570266,-60.73303341865",Calle,,PUERTO SAN MARTÍN,San Lorenzo,Asfalto,No existe,XVII,Dentro,Urbana,Otra Señal,No existe,Intersección,Bueno,Buena,Diurna,Buen Tiempo,Múltiple,S/D,Colisión,Ninguna,Horizontal,Cordón divisorio,Sin restricción
2021,5526,2021-09-11,Sabado,,,0.0,2,"Moto/Ciclomotor,Automóvil",Ayacucho 5100,2,1,0,0,1,0,0,"-31.59080826099,-60.724574744096",Calle,,SANTA FE,La Capital,Asfalto,No existe,I,Dentro,Urbana,Otra Señal,No existe,Intersección,Bueno,Buena,S/D,Buen Tiempo,Múltiple,S/D,Colisión,Ninguna,Faltante,Cordón divisorio,Sin restricción
2021,5527,2021-09-11,Sabado,18:55:00,,0.0,2,"Automóvil,Moto/Ciclomotor", ,3,2,0,0,1,0,0,"-33.74080270377522,-61.974644338677",S/D,,VENADO TUERTO,General LÓPEZ,S/D,S/D,VIII,S/D,S/D,Otra Señal,S/D,Intersección,S/D,S/D,S/D,S/D,Múltiple,S/D,Colisión,S/D,S/D,Cordón divisorio,Sin restricción
2021,5528,2021-09-25,Sabado,13:30:00,,0.0,2,"Moto/Ciclomotor,Bicicleta",Avda. Roque Sáenz PEÑA Y Gaboto,2,2,0,0,0,0,0,"-32.785717277185,-60.729652553349",Avenida,,FRAY LUIS BELTRÁN,San Lorenzo,Asfalto,No existe,XVII,Dentro,Urbana,Otra Señal,No existe,Intersección,Otro,Reducida,Diurna,Otro,Múltiple,Ciclista,Colisión,Ninguna,Faltante,Cordón divisorio,Sin restricción
2021,5529,2021-09-11,Sabado,07:30:00,,0.0,1,Automóvil,Avda. 9 de Julio 800,3,3,0,0,0,0,0,"-32.030122671194,-61.229449423489",Avenida,,GÁLVEZ,San JERÓNIMO,S/D,S/D,XV,Dentro,Urbana,Otra Señal,S/D,Intersección,S/D,S/D,S/D,S/D,Múltiple,S/D,Colisión,S/D,S/D,Cordón divisorio,Sin restricción
2021,5530,2021-09-26,Domingo,20:25:00,,0.0,2,"Moto/Ciclomotor,Automóvil",Brown Y Islas Malvinas,3,1,0,0,2,0,0,"-32.737381302466,-60.742172840935",Calle,,SAN LORENZO,San Lorenzo,Asfalto,No existe,XVII,Dentro,Urbana,Otra Señal,No existe,Intersección,Bueno,Buena,"Nocturna,Con luz artificial",Buen Tiempo,Múltiple,S/D,Colisión,Ninguna,Vertical,Cordón divisorio,Sin restricción
2021,5533,2021-09-26,Domingo,01:45:00,,0.0,2,"Moto/Ciclomotor,Automóvil",Av. Sorrento Y Pacheco,2,1,0,0,0,0,1,"-32.907275, -60.693390",Avenida,,ROSARIO,Rosario,Asfalto,No existe,II,Dentro,Urbana,Otra Señal,Funciona,Intersección,Bueno,Buena,"Nocturna,Con luz artificial",Buen Tiempo,Múltiple,S/D,Colisión,Ninguna,"Horizontal,Vertical",Cordón divisorio,Sin restricción
2021,5534,2021-09-25,Sabado,,,0.0,2,"Pickup/Utilitario,Bicicleta", ,2,1,0,0,1,0,0,"-31.448825188884307,-60.93028956909",S/D,,ESPERANZA,Las Colonias,S/D,S/D,XI,S/D,S/D,Otra Señal,S/D,Intersección,S/D,S/D,S/D,S/D,Múltiple,Ciclista,Colisión,S/D,S/D,Cordón divisorio,Sin restricción
2021,5535,2021-09-13,Lunes,11:30:00,,0.0,2,"Automóvil,Moto/Ciclomotor",Beruti Y Jacinto Viñas,3,2,0,0,1,0,0,"-31.583545994337,-60.734474167632",Calle,,SANTA FE,La Capital,Tierra,No existe,I,Dentro,Urbana,Otra Señal,No existe,Intersección,Deteriorada,Buena,Diurna,Buen Tiempo,Múltiple,S/D,Colisión,Ninguna,Faltante,Cordón divisorio,Sin restricción
2021,5536,2021-09-25,Sabado,,,0.0,2,"Automóvil,Bicicleta", ,2,1,0,0,1,0,0,"-31.552681592713814,-61.07791426788",S/D,,SAN JERÓNIMO NORTE,Las Colonias,S/D,S/D,XI,S/D,S/D,Otra Señal,S/D,Intersección,S/D,S/D,S/D,S/D,Múltiple,Ciclista,Colisión,S/D,S/D,Cordón divisorio,Sin restricción
2021,5537,2021-09-13,Lunes,,Ruta Nacional 11,164.0,2,"Moto/Ciclomotor,Camión c / Acoplado", ,2,1,0,0,1,0,0,"-31.54823750297424, -60.72559015762",Ruta,11,RECREO,La Capital,Asfalto,No existe,I,Dentro,Urbana,Otra Señal,No existe,Intersección,Bueno,Buena,Diurna,Buen Tiempo,Múltiple,S/D,Colisión,Ninguna,Horizontal,Cordón divisorio,Sin restricción
2021,5539,2021-09-13,Lunes,12:00:00,,0.0,2,"Automóvil,Moto/Ciclomotor",Av. Provincias Unidas Y Cerrito,2,1,0,0,1,0,0,"-32.953322340127,-60.712129952524",Avenida,,ROSARIO,Rosario,Asfalto,No existe,II,Dentro,Urbana,Otra Señal,No existe,Intersección,Bueno,Buena,Diurna,Buen Tiempo,Múltiple,S/D,Colisión,Ninguna,"Horizontal,Vertical",Cordón divisorio,Sin restricción
2021,5540,2021-09-13,Lunes,01:50:00,Ruta Nacional 11,431.0,1,Moto/Ciclomotor, ,1,1,0,0,0,0,0,"-31.882122222193736, -60.8909045420",Ruta,11,DESVÍO ARIJÓN,San JERÓNIMO,Asfalto,No existe,XV,Dentro,Urbana,Otra Señal,No existe,Intersección,Bueno,Buena,Nocturna,Buen Tiempo,Múltiple,S/D,Colisión,Ninguna,Horizontal,Cordón divisorio,Sin restricción
2021,5541,2021-09-24,Viernes,,,0.0,2,"Moto/Ciclomotor,Automóvil",Buenos Aires 4129,4,1,0,0,3,0,0,"-33.05591245144,-61.187105101065",Calle,,CASILDA,Caseros,Asfalto,No existe,IV,Dentro,Urbana,Otra Señal,No existe,Intersección,Bueno,Buena,Diurna,Buen Tiempo,Múltiple,S/D,Colisión,Ninguna,Faltante,Cordón divisorio,Sin restricción
2021,5543,2021-09-24,Viernes,,,0.0,2,"Peatón,Moto/Ciclomotor", ,2,1,0,0,1,0,0,"-32.95817760227484,-60.666264034822",S/D,,ROSARIO,Rosario,S/D,S/D,II,S/D,Urbana,Otra Señal,S/D,Intersección,S/D,S/D,S/D,S/D,Múltiple,Peatón,Colisión,S/D,S/D,Cordón divisorio,Sin restricción
2021,5545,2021-09-23,Jueves,16:30:00,,0.0,1,Moto/Ciclomotor, ,2,2,0,0,0,0,0,"-32.02990316193605,-61.224353612259",S/D,,GÁLVEZ,San JERÓNIMO,S/D,S/D,XV,S/D,S/D,Otra Señal,S/D,Intersección,S/D,S/D,S/D,S/D,Múltiple,S/D,Colisión,S/D,S/D,Cordón divisorio,Sin restricción
2021,5546,2021-09-23,Jueves,,,0.0,2,"Automóvil,Moto/Ciclomotor", ,2,1,0,0,1,0,0,"-32.02990316193605,-61.224353612259",S/D,,MELINCUÉ,General LÓPEZ,S/D,S/D,VIII,S/D,S/D,Otra Señal,S/D,Intersección,S/D,S/D,Diurna,S/D,Múltiple,S/D,Colisión,S/D,S/D,Cordón divisorio,Sin restricción