anio_acci,nro_acci,fecha,desc_dia,hora_aprox,desc_ruta,km,cant_participantes,desc_participante,calle_avenida_km,total,heridos_leves,heridos_graves,heridos_gravisimos,ilesos,fallecidos,sin_datos,posicion_XY,desc_tipo_via,desc_ruta_ori,desc_loc,desc_dpto,desc_tipo_calzada,desc_tipo_banquina,desc_unidad_regional,desc_lugar_calzada,desc_zona,desc_prioridad,desc_estado_semaforo,desc_lugar_via,desc_estado_via,desc_estado_visibilidad,desc_luminosidad,desc_estado_clima,desc_tipo_colision,desc_tipo_atropello,desc_tipo_hecho,desc_pres_calzada,desc_senializacion,desc_separacion_via,desc_restriccion
2021,5547,2021-08-06,Viernes,17:30:00,,0.0,2,"Automóvil,Moto/Ciclomotor",Calle 14 Y Calle 57,3,2,0,0,1,0,0,"-31.704, -60.77196",Calle,,SAUCE VIEJO,La Capital,Ripio,S/D,I,Dentro,Urbana,Otra Señal,No existe,Intersección,Bueno,Buena,Diurna,Buen Tiempo,Múltiple,S/D,Colisión,Ninguna,Faltante,Cordón divisorio,Sin restricción
2021,5549,2021-08-01,Domingo,15:00:00,,0.0,2,"Automóvil,Moto/Ciclomotor",Hipólito Irigoyen Y Laprade,2,1,0,0,1,0,0,"-31.68619, -60.76699",Calle,,SANTO TOMÉ,La Capital,Asfalto,No existe,I,Dentro,Urbana,Otra Señal,Funciona,Intersección,Bueno,Buena,Diurna,Buen Tiempo,Múltiple,S/D,Colisión,Ninguna,S/D,Cordón divisorio,Sin restricción
2021,5550,2021-08-02,Lunes,16:30:00,,0.0,2,"Automóvil,Moto/Ciclomotor",Martin Zavalla Y Mariano Candioti,2,1,0,0,1,0,0,"-31.6888, -60.7587",Calle,,SANTO TOMÉ,La Capital,Asfalto,No existe,I,Dentro,Urbana,Otra Señal,No existe,Intersección,Bueno,Buena,Diurna,Buen Tiempo,Múltiple,S/D,Colisión,Ninguna,Faltante,Cordón divisorio,Sin restricción
2021,5551,2021-09-23,Jueves,00:00:00,,0.0,1,Moto/Ciclomotor,Av. Fray Luis Beltrán Y Maestra Barragán - Ex Bs.As.,2,1,0,0,0,0,1,"-32.790918111213,-60.733826271343",Avenida,,FRAY LUIS BELTRÁN,San Lorenzo,Ripio,No existe,XVII,Dentro,Urbana,Otra Señal,No existe,Intersección,Deteriorada,S/D,Nocturna,S/D,Múltiple,S/D,Colisión,S/D,Faltante,Cordón divisorio,Sin restricción
2021,5552,2021-09-01,Miercoles,,,0.0,2,"Moto/Ciclomotor,Pickup/Utilitario", ,3,2,0,0,1,0,0,"-31.601023532846398, -60.7153275466",S/D,,SANTA FE,La Capital,S/D,S/D,I,S/D,S/D,Otra Señal,S/D,Intersección,S/D,S/D,S/D,S/D,Múltiple,S/D,Colisión,S/D,S/D,Cordón divisorio,Sin restricción
2021,5553,2021-09-23,Jueves,22:00:00,,0.0,2,"Moto/Ciclomotor,Moto/Ciclomotor",Belgrano Y 1 de Mayo,3,1,0,0,2,0,0,"-32.856666406751,-61.153112539776",Calle,,CARCARAÑÁ,San Lorenzo,Asfalto,No existe,XVII,Dentro,Urbana,Otra Señal,No existe,Intersección,Bueno,Buena,"Nocturna,Con luz artificial",Buen Tiempo,Múltiple,S/D,Colisión,Ninguna,Vertical,Cordón divisorio,Sin restricción
2021,5554,2021-09-01,Miercoles,,,0.0,1,Otros, ,1,1,0,0,0,0,0,"-31.57343515302248, -60.71096902509",S/D,,SANTA FE,La Capital,S/D,S/D,I,S/D,S/D,Otra Señal,S/D,Intersección,S/D,S/D,S/D,S/D,Múltiple,S/D,Colisión,S/D,S/D,Cordón divisorio,Sin restricción
2021,5555,2021-10-02,Sabado,16:30:00,Ruta Secundaria 83-s,182.0,1,Pickup/Utilitario, ,2,1,0,0,0,1,0,"-28.76453, -60.08865",Ruta,83-s,INTIYACO,Vera,S/D,S/D,XIX,S/D,Rural,Otra Señal,S/D,Intersección,S/D,S/D,Diurna,S/D,Múltiple,S/D,Colisión,S/D,S/D,Cordón divisorio,Sin restricción
2021,5556,2021-09-01,Miercoles,,,0.0,2,"Pickup/Utilitario,Moto/Ciclomotor", ,2,1,0,0,1,0,0,"-32.78528556250947,-61.603353964723",S/D,,ARMSTRONG,Belgrano,S/D,S/D,III,S/D,S/D,Otra Señal,S/D,Intersección,S/D,S/D,S/D,S/D,Múltiple,S/D,Colisión,S/D,S/D,Cordón divisorio,Sin restricción
2021,5557,2021-10-08,Viernes,23:00:00,Ruta Provincial 2,32.0,2,"Moto/Ciclomotor,Automóvil",Pastor Barrios Y Obrero,2,0,0,0,1,1,0,"-31.3031, -60.65923",Ruta,2,LAGUNA PAIVA,La Capital,Asfalto,No existe,I,Dentro,Urbana,Otra Señal,No existe,Intersección,Bueno,Reducida,Nocturna,Buen Tiempo,Múltiple,S/D,Colisión,Ninguna,Faltante,Cordón divisorio,Sin restricción
2021,5558,2021-10-08,Viernes,20:40:00,,0.0,2,"Moto/Ciclomotor,Automóvil",Av. Casiano Casas Y Blas Parera,3,1,0,0,1,1,0,"-32.90248, -60.7028",Calle,,ROSARIO,Rosario,Asfalto,No existe,II,Dentro,Urbana,Otra Señal,No existe,Intersección,Bueno,Buena,Nocturna,Buen Tiempo,Múltiple,S/D,Colisión,Ninguna,Horizontal,Cordón divisorio,Sin restricción
2021,5559,2021-09-21,Martes,18:30:00,,0.0,2,"Automóvil,Moto/Ciclomotor",Juan M De Rosas Y Urquiza,3,3,0,0,0,0,0,"-32.747539162716,-60.742865241853",Calle,,SAN LORENZO,San Lorenzo,Asfalto,No existe,XVII,Dentro,Urbana,Otra Señal,No existe,Intersección,Bueno,Buena,Diurna,Buen Tiempo,Múltiple,S/D,Colisión,Ninguna,"Horizontal,Vertical",Cordón divisorio,Sin restricción
2021,5560,2021-09-01,Miercoles,,,0.0,2,"Pickup/Utilitario,Moto/Ciclomotor",Hipólito Yrigoyen Y San Lorenzo,2,1,0,0,1,0,0,"-33.041066566598,-61.162499458516",Calle,,CASILDA,Caseros,Asfalto,No existe,IV,Dentro,Urbana,Otra Señal,No existe,Intersección,Bueno,Buena,S/D,Buen Tiempo,Múltiple,S/D,Colisión,Ninguna,Faltante,Cordón divisorio,Sin restricción
2021,5561,2021-09-01,Miercoles,12:00:00,Ruta Secundaria 2-s,0.0,2,"Moto/Ciclomotor,Automóvil",Alvear Y Balcarce,2,1,0,0,1,0,0,"-34.008859992027304,-61.91275477409",Ruta,2-s,MARÍA TERESA,General LÓPEZ,Asfalto,No existe,VIII,Dentro,Urbana,Otra Señal,No existe,Intersección,Bueno,Buena,Diurna,Buen Tiempo,Múltiple,S/D,Colisión,Ninguna,Faltante,Cordón divisorio,Sin restricción
2021,5562,2021-09-22,Miercoles,19:05:00,,0.0,2,"Automóvil,Moto/Ciclomotor",Jujuy Y Rivadavia Bernardino,2,1,0,0,1,0,0,"-32.825046619372,-60.71746865977",Calle,,CAPITÁN BERMÚDEZ,San Lorenzo,Asfalto,No existe,XVII,Dentro,Urbana,Otra Señal,No existe,Intersección,Deteriorada,Buena,Nocturna,Buen Tiempo,Múltiple,S/D,Colisión,Ninguna,Faltante,Cordón divisorio,Sin restricción
2021,5563,2021-09-12,Domingo,05:30:00,,0.0,2,"Taxi/Remis,Automóvil",C Escalada Y Entre Ríos,2,1,0,0,1,0,0,"-32.819380419891,-60.714961718658",Calle,,CAPITÁN BERMÚDEZ,San Lorenzo,Asfalto,No existe,XVII,Dentro,Urbana,Otra Señal,No existe,Intersección,Bueno,Buena,"Nocturna,Con luz artificial",Buen Tiempo,Múltiple,S/D,Colisión,Ninguna,Horizontal,Cordón divisorio,Sin restricción
2021,5564,2021-09-18,Sabado,17:30:00,Ruta Nacional 9,0.0,1,Moto/Ciclomotor,Urquiza ,1,1,0,0,0,0,0,"-32.90546357631685,-60.908739566803",Ruta,9,ROLDÁN,San Lorenzo,Asfalto,Natural,XVII,Dentro,Urbana,Otra Señal,Funciona,Intersección,Con baches,Buena,Diurna,Buen Tiempo,Múltiple,S/D,Colisión,Ninguna,"Horizontal,Vertical",Cordón divisorio,Sin restricción
2021,5565,2021-09-01,Miercoles,15:00:00,,0.0,2,"Automóvil,Moto/Ciclomotor",9 de Julio Y Rioja,3,1,0,0,2,0,0,"-32.897787301711,-60.90898651942",Calle,,ROLDÁN,San Lorenzo,Asfalto,No existe,XVII,Dentro,Urbana,Otra Señal,No existe,Intersección,Bueno,Buena,Diurna,Buen Tiempo,Múltiple,S/D,Colisión,Ninguna,Faltante,Cordón divisorio,Sin restricción
2021,5566,2021-09-21,Martes,21:30:00,Ruta Nacional A012,0.0,2,"Tren,Automóvil", ,3,1,0,0,2,0,0,"-32.902196, -60.893437",Ruta,A012,ROLDÁN,San Lorenzo,Asfalto,No existe,XVII,Dentro,Urbana,Otra Señal,No existe,Intersección,Bueno,Buena,"Nocturna,Con luz artificial",Buen Tiempo,Múltiple,S/D,Colisión,Ninguna,"Horizontal,Vertical",Cordón divisorio,Sin restricción
2021,5567,2021-09-02,Jueves,09:05:00,,0.0,2,"Automóvil,Bicicleta",Boulevard Lisandro de la Torre Y San Lorenzo,2,1,0,0,1,0,0,"-33.042783033369,-61.161162496589",Calle,,CASILDA,Caseros,Asfalto,No existe,IV,Dentro,Urbana,Otra Señal,No existe,Intersección,Bueno,Buena,Diurna,Buen Tiempo,Múltiple,Ciclista,Colisión,Ninguna,Horizontal,Cordón divisorio,Sin restricción
2021,5568,2021-09-02,Jueves,22:05:00,,0.0,2,"Automóvil,Pickup/Utilitario",Boulevard Lisandro de la Torre Y Boulevard Ovidio Lagos,3,3,0,0,0,0,0,"-33.044573750365,-61.164434971469",Avenida,,CASILDA,Caseros,Asfalto,No existe,IV,Dentro,Urbana,Otra Señal,No existe,Intersección,Bueno,Buena,Diurna,Buen Tiempo,Múltiple,S/D,Colisión,Ninguna,Horizontal,Cordón divisorio,Sin restricción
2021,5569,2021-09-02,Jueves,19:30:00,Ruta Nacional 11,431.0,1,Moto/Ciclomotor, ,2,2,0,0,0,0,0,"-31.89676827734962, -60.89682496407",Ruta,11,DESVÍO ARIJÓN,San JERÓNIMO,Asfalto,No existe,XV,Dentro,Urbana,Otra Señal,No existe,Intersección,Bueno,Buena,Diurna,Buen Tiempo,Múltiple,S/D,Colisión,Ninguna,Horizontal,Cordón divisorio,Sin restricción
2021,5570,2021-09-20,Lunes,17:10:00,Ruta Nacional 11,0.0,2,"Automóvil,Peatón",Falucho 600,3,2,0,0,1,0,0,"-32.737641929754,-60.733896084734",Ruta,11,SAN LORENZO,San Lorenzo,Asfalto,No existe,XVII,Dentro,Urbana,Otra Señal,Funciona,Intersección,Bueno,Buena,Diurna,Buen Tiempo,Múltiple,Peatón,Colisión,Ninguna,"Horizontal,Vertical",Cordón divisorio,Sin restricción
2021,5571,2021-09-02,Jueves,20:20:00,,0.0,2,"Moto/Ciclomotor,Automóvil",Falucho Y Franciscanos,2,1,0,0,1,0,0,"-32.735144804873,-60.748293969452",Calle,,SAN LORENZO,San Lorenzo,Asfalto,No existe,XVII,Dentro,Urbana,Otra Señal,No existe,Intersección,Bueno,Buena,Diurna,Buen Tiempo,Múltiple,S/D,Colisión,Ninguna,Faltante,Cordón divisorio,Sin restricción
2021,5572,2021-08-03,Martes,18:20:00,,0.0,2,"Automóvil,Moto/Ciclomotor",Juan Bautista Alberdi Y  Saavedra Miguel de Cervantes,2,1,0,0,1,0,0,"-31.68083, -60.7709",Calle,,SANTO TOMÉ,La Capital,Asfalto,No existe,I,Dentro,Urbana,Otra Señal,No existe,Intersección,Bueno,Buena,Atardecer,Buen Tiempo,Múltiple,S/D,Colisión,Ninguna,Faltante,Cordón divisorio,Sin restricción
2021,5573,2021-09-02,Jueves,14:30:00,Ruta Nacional 9,0.0,2,"Automóvil,Bicicleta",1 de Mayo Y Ruta Nacional 9,3,1,0,0,1,0,1,"-32.905059123777,-60.911455048927",Ruta,9,ROLDÁN,San Lorenzo,Asfalto,No existe,XVII,Dentro,Urbana,Otra Señal,No existe,Intersección,Bueno,Buena,Diurna,Buen Tiempo,Múltiple,Ciclista,Colisión,Ninguna,Horizontal,Cordón divisorio,Sin restricción
2021,5576,2021-09-22,Miercoles,,,0.0,2,"Bicicleta,Transporte de Pasajeros Urbano (> 8 asientos)",Aldao Y Santa Fe,2,1,0,0,1,0,0,"-31.490513947624,-60.734730231048",Calle,,RECREO,La Capital,Asfalto,No existe,I,Dentro,Urbana,Otra Señal,No existe,Intersección,Bueno,S/D,S/D,S/D,Múltiple,Ciclista,Colisión,Ninguna,Faltante,Cordón divisorio,Sin restricción
2021,5577,2021-10-08,Viernes,03:50:00,,0.0,1,Moto/Ciclomotor, ,2,1,0,0,0,1,0,"-27.99962, -61.17704",Camino Rural,,GATO COLORADO,9 de Julio,Tierra,No existe,XII,Dentro,Rural,Otra Señal,No existe,Intersección,Bueno,Reducida,Nocturna,Buen Tiempo,Múltiple,S/D,Colisión,Ninguna,Faltante,Cordón divisorio,Sin restricción
2021,5578,2021-09-22,Miercoles,,,0.0,2,"Automóvil,Moto/Ciclomotor",Av. Peñaloza Y French,2,1,0,0,1,0,0,"-31.588107206702,-60.711742581132",Avenida,,SANTA FE,La Capital,Asfalto,No existe,I,Dentro,Urbana,Otra Señal,No existe,Intersección,Bueno,Buena,Diurna,Buen Tiempo,Múltiple,S/D,Colisión,Ninguna,Horizontal,Cordón divisorio,Sin restricción
2021,5579,2021-09-22,Miercoles,10:52:00,,0.0,2,"Automóvil,Moto/Ciclomotor",Lisandro de la Torre Y San Jerónimo,2,1,0,0,1,0,0,"-31.651154749354,-60.70936554731",Calle,,SANTA FE,La Capital,Asfalto,No existe,I,Dentro,Urbana,Otra Señal,No existe,Intersección,Bueno,Buena,Diurna,Buen Tiempo,Múltiple,S/D,Colisión,Ninguna,Horizontal,Cordón divisorio,Sin restricción
2021,5580,2021-09-11,Sabado,19:25:00,,0.0,2,"Moto/Ciclomotor,Bicicleta",Eva Perón Y Rioja,2,2,0,0,0,0,0,"-32.710620469922,-60.740447339733",Calle,,PUERTO SAN MARTÍN,San Lorenzo,Asfalto,No existe,XVII,Dentro,Urbana,Otra Señal,No existe,Intersección,Bueno,Buena,Nocturna,Buen Tiempo,Múltiple,Ciclista,Colisión,Ninguna,Faltante,Cordón divisorio,Sin restricción
2021,5581,2021-09-12,Domingo,01:40:00,,0.0,2,"Tren,Automóvil",Genaro Roldan 1000,6,3,0,0,3,0,0,"-32.732238903463,-60.73806569087",Calle,,SAN LORENZO,San Lorenzo,Asfalto,No existe,XVII,Dentro,Urbana,Otra Señal,No existe,Intersección,Bueno,Buena,Nocturna,Buen Tiempo,Múltiple,S/D,Colisión,Ninguna,Vertical,Cordón divisorio,Sin restricción
2021,5582,2021-09-21,Martes,18:15:00,,0.0,1,Moto/Ciclomotor,Eva Perón 1150,1,1,0,0,0,0,0,"-31.895833122233,-61.855731341171",Calle,,SAN JORGE,San MARTÍN,Asfalto,No existe,XVIII,Dentro,Urbana,Otra Señal,No existe,Intersección,Bueno,Buena,Diurna,Buen Tiempo,Múltiple,S/D,Colisión,Ninguna,Horizontal,Cordón divisorio,Sin restricción
2021,5583,2021-09-19,Domingo,23:30:00,Ruta Nacional 11,0.0,2,"Automóvil,Moto/Ciclomotor",Av. San Martin Y Pte. Illia -Ex. Entre Ríos,3,2,0,0,1,0,0,"-32.79141814725,-60.72382244049",Ruta,11,FRAY LUIS BELTRÁN,San Lorenzo,Asfalto,Pavimento,XVII,Dentro,Urbana,Otra Señal,Funciona,Intersección,Bueno,Buena,"Nocturna,Con luz artificial",Otro,Múltiple,S/D,Colisión,Ninguna,Vertical,Cordón divisorio,Sin restricción
2021,5586,2021-08-05,Jueves,19:30:00,,0.0,2,"Automóvil,Moto/Ciclomotor",Juan José Castelli Y Lisandro de La Torre,2,1,0,0,1,0,0,"-31.67946, -60.76821",Calle,,SANTO TOMÉ,La Capital,Asfalto,No existe,I,Dentro,Urbana,Otra Señal,No existe,Intersección,Bueno,Buena,"Nocturna,Con luz artificial",Buen Tiempo,Múltiple,S/D,Colisión,Ninguna,Faltante,Cordón divisorio,Sin restricción
2021,5587,2021-10-10,Domingo,06:35:00,,0.0,1,Automóvil,Urquiza Y Arroyo Ludueña,2,1,0,0,0,1,0,"-32.93104, -60.7663",Avenida,,FUNES,Rosario,Asfalto,No existe,II,Dentro,Urbana,Otra Señal,No existe,Intersección,Bueno,Buena,Nocturna,Buen Tiempo,Múltiple,S/D,Colisión,Ninguna,Faltante,Cordón divisorio,Sin restricción
2021,5588,2021-08-05,Jueves,10:50:00,,0.0,2,"Automóvil,Bicicleta",Juan José Castelli Y Hernandarias,2,1,0,0,1,0,0,"-31.67322, -60.767",S/D,,SANTO TOMÉ,La Capital,Asfalto,No existe,I,Fuera,Urbana,Otra Señal,Intermitente,Intersección,Bueno,Buena,Diurna,Buen Tiempo,Múltiple,S/D,Colisión,Ninguna,Faltante,Cordón divisorio,Sin restricción
2021,5589,2021-09-14,Martes,17:00:00,,0.0,2,"Automóvil,Moto/Ciclomotor",Presidente General Julio Argen Y San Juan,2,1,0,0,1,0,0,"-33.047822939521,-61.158739628084",Calle,,CASILDA,Caseros,Asfalto,No existe,IV,Dentro,Urbana,Otra Señal,No existe,Intersección,Bueno,Buena,Diurna,Buen Tiempo,Múltiple,S/D,Colisión,Ninguna,Faltante,Cordón divisorio,Sin restricción
2021,5590,2021-10-10,Domingo,15:00:00,Ruta Nacional 34,0.0,2,"Automóvil,Camión c / Acoplado",Ruta Nac 34 Y Salvat,3,1,0,0,1,1,0,"-32.88414, -60.73544",Ruta,34,ROSARIO,Rosario,Asfalto,Natural,II,Dentro,Urbana,Otra Señal,No existe,Intersección,Bueno,Buena,Diurna,Lluvia,Múltiple,S/D,Colisión,Ninguna,Faltante,Cordón divisorio,Sin restricción
2021,5591,2021-09-14,Martes,,,0.0,2,"Moto/Ciclomotor,Pickup/Utilitario",12 de Octubre Y Sarmiento,2,1,0,0,1,0,0,"-29.231886191824,-61.770879699855",Calle,,TOSTADO,9 de Julio,Asfalto,No existe,XII,Dentro,Urbana,Otra Señal,S/D,Intersección,Bueno,Buena,Diurna,Buen Tiempo,Múltiple,S/D,Colisión,Ninguna,S/D,Cordón divisorio,Sin restricción
2021,5592,2021-08-13,Viernes,14:15:00,,0.0,2,"Automóvil,Moto/Ciclomotor",Balcarce ,2,1,0,0,1,0,0,"-31.67635, -60.77164",Calle,,SANTO TOMÉ,La Capital,Asfalto,No existe,I,Dentro,Urbana,Otra Señal,No existe,Intersección,Bueno,Buena,Diurna,Buen Tiempo,Múltiple,S/D,Colisión,Ninguna,Faltante,Cordón divisorio,Sin restricción
2021,5593,2021-10-09,Sabado,21:15:00,Ruta Provincial 3,12.0,1,Automóvil, ,3,2,0,0,0,1,0,"-29.36299, -60.18475",Ruta,3,VERA,Vera,Asfalto,No existe,XIX,S/D,Rural,Otra Señal,No existe,Intersección,Bueno,Reducida,Nocturna,Buen Tiempo,Múltiple,S/D,Colisión,Ninguna,S/D,Cordón divisorio,Sin restricción
2021,5594,2021-09-14,Martes,20:10:00,,0.0,2,"Automóvil,Moto/Ciclomotor",Belgrano Y Mariano Moreno,3,1,0,0,2,0,0,"-31.976094129355,-60.922365638807",Calle,,CORONDA,San JERÓNIMO,Asfalto,No existe,XV,Dentro,Urbana,Otra Señal,No existe,Intersección,Bueno,Buena,Diurna,Buen Tiempo,Múltiple,S/D,Colisión,Ninguna,Faltante,Cordón divisorio,Sin restricción
2021,5595,2021-09-21,Martes,13:50:00,,0.0,2,"Camión Chasis,Moto/Ciclomotor",Juan de Garay Y San Martin,2,1,0,0,1,0,0,"-31.876949071884177,-61.12899720668",Calle,,GESSLER,San JERÓNIMO,S/D,S/D,XV,Dentro,Urbana,Otra Señal,S/D,Intersección,S/D,S/D,Diurna,S/D,Múltiple,S/D,Colisión,S/D,S/D,Cordón divisorio,Sin restricción
2021,5596,2021-08-15,Domingo,12:30:00,,0.0,2,"Automóvil,Moto/Ciclomotor",Hipólito Irigoyen Y Aristóbulo del Valle,2,1,0,0,1,0,0,"-31.67654, -60.7653",Calle,,SANTO TOMÉ,La Capital,Asfalto,No existe,I,S/D,Urbana,Otra Señal,No existe,Intersección,Bueno,Buena,Diurna,Buen Tiempo,Múltiple,S/D,Colisión,Ninguna,Vertical,Cordón divisorio,Sin restricción
2021,5597,2021-09-21,Martes,11:40:00,,0.0,1,Automóvil,ANTONIO BALARIS Y AV REPUBLICA ,3,2,0,0,1,0,0,"-32.030420, -61.212784",Avenida,,GÁLVEZ,San JERÓNIMO,Asfalto,S/D,XV,Dentro,Urbana,Otra Señal,S/D,Intersección,S/D,S/D,Diurna,S/D,Múltiple,S/D,Colisión,S/D,S/D,Cordón divisorio,Sin restricción
2021,5599,2021-08-15,Domingo,21:55:00,,0.0,2,"Moto/Ciclomotor,Automóvil",San Martin Y M De Polonia,2,1,0,0,1,0,0,"-31.61811, -60.69886",Calle,,SANTA FE,La Capital,Asfalto,No existe,I,Dentro,Urbana,Otra Señal,No existe,Intersección,Bueno,S/D,Nocturna,S/D,Múltiple,S/D,Colisión,Ninguna,Vertical,Cordón divisorio,Sin restricción
2021,5600,2021-08-15,Domingo,23:30:00,,0.0,2,"Moto/Ciclomotor,Automóvil",Av. Facundo Zuviria Y Iturraspe,3,1,0,0,2,0,0,"-31.62835, -60.70515",Calle,,SANTA FE,La Capital,Asfalto,No existe,I,Dentro,Urbana,Otra Señal,No existe,Intersección,Bueno,S/D,Nocturna,Buen Tiempo,Múltiple,S/D,Colisión,Ninguna,S/D,Cordón divisorio,Sin restricción
2021,5601,2021-10-11,Lunes,15:50:00,Ruta Provincial 18,13.5,1,Automóvil, ,1,0,0,0,0,1,0,"-33.14955, -60.71714",Ruta,18,ÁLVAREZ,Rosario,Asfalto,Pavimento,II,Dentro,Urbana,Otra Señal,No existe,Intersección,Bueno,S/D,Diurna,Buen Tiempo,Múltiple,S/D,Colisión,Ninguna,Horizontal,Cordón divisorio,Sin restricción
2021,5602,2021-09-12,Domingo,17:15:00,,0.0,2,"Moto/Ciclomotor,Moto/Ciclomotor",Av. Fray Luis Beltrán Y Pueyrredón,3,2,0,0,1,0,0,"-32.798223172252,-60.731259992791",Avenida,,FRAY LUIS BELTRÁN,San Lorenzo,Asfalto,Pavimento,XVII,Dentro,Urbana,Otra Señal,No existe,Intersección,Bueno,Buena,Atardecer,Otro,Múltiple,S/D,Colisión,Ninguna,Faltante,Cordón divisorio,Sin restricción
2021,5603,2021-08-12,Jueves,14:45:00,,0.0,2,"Moto/Ciclomotor,Automóvil",Av. A del Valle Y Martin Zapata,3,1,0,0,2,0,0,"-31.62013, -60.69852",Avenida,,SANTA FE,La Capital,Asfalto,No existe,I,Dentro,Urbana,Otra Señal,No existe,Intersección,Bueno,Buena,Diurna,Buen Tiempo,Múltiple,S/D,Colisión,Ninguna,Vertical,Cordón divisorio,Sin restricción
2021,5604,2021-09-21,Martes,,Ruta Nacional 168,0.0,1,Automóvil, ,1,1,0,0,0,0,0,"-31.6406424343586,-60.6819494068622",Ruta,168,SANTA FE,La Capital,Asfalto,No existe,I,Dentro,Urbana,Otra Señal,No existe,Intersección,Bueno,S/D,S/D,S/D,Múltiple,S/D,Colisión,Ninguna,Horizontal,Cordón divisorio,Sin restricción
2021,5605,2021-09-20,Lunes,10:25:00,Ruta Nacional 11,0.0,2,"Automóvil,Bicicleta",Av. San Martin Y Juan de Garay,2,1,0,0,1,0,0,"-32.787945125223,-60.724872456188",Ruta,11,FRAY LUIS BELTRÁN,San Lorenzo,Asfalto,Pavimento,XVII,Dentro,Urbana,Otra Señal,No existe,Intersección,Bueno,Buena,S/D,S/D,Múltiple,Ciclista,Colisión,Ninguna,Horizontal,Cordón divisorio,Sin restricción
2021,5606,2021-10-13,Miercoles,06:00:00,Autopista Nacional Gral. Juan Jose Valle,283.0,3,"Automóvil,Camión c / Acoplado,Camión c / Semirremolque", ,3,0,0,0,2,1,0,"-33.04653, -60.66183",Autopista,Gral. Juan Jose Valle,VILLA GOBERNADOR GÁLVEZ,Rosario,Hormigón,No existe,II,Dentro,Rural,Otra Señal,No existe,Intersección,Bueno,Reducida,Nocturna,Lluvia,Múltiple,S/D,Colisión,Agua,"Horizontal,Vertical",Cordón divisorio,Sin restricción
2021,5607,2021-09-20,Lunes,23:40:00,,0.0,2,"Moto/Ciclomotor,Automóvil",Av. San Lorenzo Y 9 de Julio,3,2,0,0,1,0,0,"-32.820312603261,-60.715145382619",Avenida,,CAPITÁN BERMÚDEZ,San Lorenzo,Asfalto,No existe,XVII,Dentro,Urbana,Otra Señal,Funciona,Intersección,Bueno,Buena,Diurna,Buen Tiempo,Múltiple,S/D,Colisión,Ninguna,"Horizontal,Vertical",Cordón divisorio,Sin restricción
2021,5608,2021-09-14,Martes,16:45:00,,0.0,2,"Automóvil,Moto/Ciclomotor",Gral. Las Heras Y M Moreno,3,2,0,0,1,0,0,"-32.81232550476,-60.722694558455",Calle,,CAPITÁN BERMÚDEZ,San Lorenzo,Ripio,No existe,XVII,Dentro,Urbana,Otra Señal,No existe,Intersección,Bueno,Buena,Diurna,Buen Tiempo,Múltiple,S/D,Colisión,Ninguna,Faltante,Cordón divisorio,Sin restricción
2021,5610,2021-09-18,Sabado,20:30:00,,0.0,2,"Automóvil,Bicicleta",España Y Sarmiento,2,1,0,0,1,0,0,"-32.660860521894,-60.793584999881",Calle,,TIMBÚES,San Lorenzo,Asfalto,No existe,XVII,Dentro,Urbana,Otra Señal,No existe,Intersección,"Con baches,Resbaladiza",Buena,Diurna,Buen Tiempo,Múltiple,Ciclista,Colisión,Agua,Faltante,Cordón divisorio,Sin restricción
2021,5611,2021-09-17,Viernes,,,0.0,2,"Automóvil,Moto/Ciclomotor",Gdor. Crespo 2900,2,1,0,0,1,0,0,"-31.640403577561,-60.708777920504",Calle,,SANTA FE,La Capital,Asfalto,No existe,I,Dentro,Urbana,Otra Señal,No existe,Intersección,Bueno,Buena,Diurna,Buen Tiempo,Múltiple,S/D,Colisión,Ninguna,Horizontal,Cordón divisorio,Sin restricción
2021,5612,2021-09-20,Lunes,18:30:00,,0.0,2,"Moto/Ciclomotor,Automóvil",Mitre Y Rivadavia,3,1,0,0,2,0,0,"-31.977362208734,-60.918485039135",Calle,,CORONDA,San JERÓNIMO,Asfalto,No existe,XV,Dentro,Urbana,Otra Señal,No existe,Intersección,Bueno,Buena,Diurna,Buen Tiempo,Múltiple,S/D,Colisión,Ninguna,Faltante,Cordón divisorio,Sin restricción
2021,5613,2021-09-20,Lunes,00:05:00,,0.0,2,"Automóvil,Moto/Ciclomotor",Juan Lavalle Y Quintana,2,1,0,0,1,0,0,"-33.737359233266,-61.978073944411",Calle,,VENADO TUERTO,General LÓPEZ,Asfalto,No existe,VIII,Dentro,Urbana,Otra Señal,No existe,Intersección,Bueno,Buena,Nocturna,S/D,Múltiple,S/D,Colisión,Ninguna,Faltante,Cordón divisorio,Sin restricción
2021,5614,2021-10-13,Miercoles,20:20:00,Ruta Nacional 34,342.0,2,"Automóvil,Camión c / Acoplado",ruta pcial 39-s ,2,0,0,0,1,1,0,"-30.22631, -61.72896",Ruta,34,ARRUFÓ,San CRISTÓBAL,"Asfalto,Ripio",Ripio,XIII,Dentro,Rural,Otra Señal,No existe,Intersección,Bueno,Buena,Nocturna,Buen Tiempo,Múltiple,S/D,Colisión,Ninguna,Vertical,Cordón divisorio,Sin restricción