anio_acci,nro_acci,fecha,desc_dia,hora_aprox,desc_ruta,km,cant_participantes,desc_participante,calle_avenida_km,total,heridos_leves,heridos_graves,heridos_gravisimos,ilesos,fallecidos,sin_datos,posicion_XY,desc_tipo_via,desc_ruta_ori,desc_loc,desc_dpto,desc_tipo_calzada,desc_tipo_banquina,desc_unidad_regional,desc_lugar_calzada,desc_zona,desc_prioridad,desc_estado_semaforo,desc_lugar_via,desc_estado_via,desc_estado_visibilidad,desc_luminosidad,desc_estado_clima,desc_tipo_colision,desc_tipo_atropello,desc_tipo_hecho,desc_pres_calzada,desc_senializacion,desc_separacion_via,desc_restriccion
2021,5615,2021-10-14,Jueves,21:00:00,Autopista Provincial Brigadier E.LÓPEZ,1.5,2,"Automóvil,Automóvil", ,2,0,0,0,0,2,0,"-32.87172, -60.71967",Autopista,Brigadier E.LÓPEZ,ROSARIO,Rosario,Asfalto,Pavimento,II,S/D,Rural,Otra Señal,No existe,Intersección,Bueno,S/D,Nocturna,Viento Fuerte,Múltiple,S/D,Colisión,Ninguna,Faltante,Cordón divisorio,Sin restricción
2021,5616,2021-08-10,Martes,11:40:00,,0.0,2,"Automóvil,Automóvil",Iturraspe Y San Jerónimo,2,1,0,0,1,0,0,"-31.62889, -60.70281",Calle,,SANTA FE,La Capital,Asfalto,No existe,I,Dentro,Urbana,Otra Señal,No existe,Intersección,Bueno,Buena,Diurna,Buen Tiempo,Múltiple,S/D,Colisión,Ninguna,Vertical,Cordón divisorio,Sin restricción
2021,5617,2021-08-09,Lunes,20:40:00,,0.0,2,"Moto/Ciclomotor,Automóvil",9 de Julio Y Agustín Delgado,2,1,0,0,1,0,0,"-31.62044, -60.70155",Calle,,SANTA FE,La Capital,Asfalto,No existe,I,Dentro,Urbana,Otra Señal,No existe,Intersección,Bueno,Buena,Nocturna,Buen Tiempo,Múltiple,S/D,Colisión,Agua,Vertical,Cordón divisorio,Sin restricción
2021,5618,2021-08-05,Jueves,,,0.0,2,"Transporte de Pasajeros Urbano (> 8 asientos),Bicicleta",Av. A del Valle Y Gutiérrez,2,1,0,0,1,0,0,"-31.62375, -60.69957",Avenida,,SANTA FE,La Capital,Asfalto,No existe,I,Dentro,Urbana,Otra Señal,Funciona,Intersección,Bueno,Buena,Diurna,Buen Tiempo,Múltiple,Ciclista,Colisión,Ninguna,Vertical,Cordón divisorio,Sin restricción
2021,5620,2021-08-05,Jueves,,,0.0,2,"Pickup/Utilitario,Moto/Ciclomotor",Quintana Y Pedro Alejandro Vittori,2,1,0,0,1,0,0,"-31.62312, -60.69785",S/D,,SANTA FE,La Capital,Asfalto,No existe,I,S/D,S/D,Otra Señal,No existe,Intersección,Bueno,Buena,Diurna,Buen Tiempo,Múltiple,S/D,Colisión,Ninguna,Vertical,Cordón divisorio,Sin restricción
2021,5621,2021-08-04,Miercoles,,,0.0,2,"Moto/Ciclomotor,Automóvil",Juan Del Campillo Y 4 de Enero,2,1,0,0,1,0,0,"-31.62896, -60.70695",Calle,,SANTA FE,La Capital,Asfalto,No existe,I,Dentro,Urbana,Otra Señal,No existe,Intersección,Bueno,Buena,Diurna,Buen Tiempo,Múltiple,S/D,Colisión,Ninguna,Vertical,Cordón divisorio,Sin restricción
2021,5622,2021-10-17,Domingo,01:00:00,Ruta Provincial 1,10.5,2,"Moto/Ciclomotor,Camión c / Acoplado",Ruta Provincial 1 ,2,0,0,0,1,1,0,"-31.58017, -60.55136",Ruta,1,SAN JOSÉ DEL RINCÓN,La Capital,Asfalto,Natural,I,S/D,Urbana,Otra Señal,No existe,Intersección,Bueno,Reducida,"Nocturna,Con luz artificial",Buen Tiempo,Múltiple,S/D,Colisión,Ninguna,Horizontal,Cordón divisorio,Sin restricción
2021,5623,2021-08-04,Miercoles,,,0.0,2,"Bicicleta,Automóvil",Ángel Cassanello Y San Martin,2,1,0,0,1,0,0,"-31.60919, -60.69545",Calle,,SANTA FE,La Capital,Asfalto,No existe,I,Dentro,Urbana,Otra Señal,No existe,Intersección,Bueno,Buena,Diurna,Buen Tiempo,Múltiple,Ciclista,Colisión,Ninguna,Vertical,Cordón divisorio,Sin restricción
2021,5624,2021-08-04,Miercoles,,,0.0,2,"Moto/Ciclomotor,Automóvil",Av. Facundo Zuviria 4800,2,1,0,0,1,0,0,"-31.60919, -60.69545",Avenida,,SANTA FE,La Capital,Asfalto,No existe,I,Dentro,Urbana,Otra Señal,No existe,Intersección,Bueno,Buena,Diurna,Buen Tiempo,Múltiple,S/D,Colisión,Ninguna,Vertical,Cordón divisorio,Sin restricción
2021,5625,2021-08-08,Domingo,,,0.0,2,"Moto/Ciclomotor,Automóvil",9 de Julio Y Juan Del Campillo,2,1,0,0,1,0,0,"-31.62954, -60.70423",Calle,,SANTA FE,La Capital,Asfalto,No existe,I,Dentro,Urbana,Otra Señal,No existe,Intersección,Bueno,Buena,Diurna,Buen Tiempo,Múltiple,S/D,Colisión,Ninguna,Vertical,Cordón divisorio,Sin restricción
2021,5626,2021-08-03,Martes,13:20:00,,0.0,2,"Peatón,Moto/Ciclomotor",Av. A del Valle Y Gutiérrez,2,1,0,0,1,0,0,"-31.62379, -60.69941",Avenida,,SANTA FE,La Capital,Asfalto,No existe,I,S/D,Urbana,Otra Señal,No existe,Intersección,Bueno,Buena,Diurna,Buen Tiempo,Múltiple,Peatón,Colisión,Ninguna,Vertical,Cordón divisorio,Sin restricción
2021,5627,2021-08-03,Martes,,,0.0,2,"Peatón,Bicicleta",PARQUE FEDERAL ,2,1,0,0,1,0,0,"-31.62209, -60.69574",S/D,,SANTA FE,La Capital,Asfalto,No existe,I,S/D,S/D,Otra Señal,No existe,Intersección,Bueno,Buena,Diurna,Buen Tiempo,Múltiple,Ciclista,Colisión,Ninguna,Faltante,Cordón divisorio,Sin restricción
2021,5628,2021-09-19,Domingo,06:20:00,,0.0,1,Automóvil,E Lussenhoff Y Lisandro de la Torre,1,1,0,0,0,0,0,"-33.728061689317,-61.989850869873",Calle,,VENADO TUERTO,General LÓPEZ,Ripio,No existe,VIII,Dentro,Urbana,Otra Señal,No existe,Intersección,Bueno,Buena,Diurna,Buen Tiempo,Múltiple,S/D,Colisión,Agua,Faltante,Cordón divisorio,Sin restricción
2021,5629,2021-10-18,Lunes,23:10:00,Ruta Nacional 11,669.0,2,"Moto/Ciclomotor,Camión c / Semirremolque",Ruta Nacional 11 ,2,0,0,0,1,1,0,"-29.93439, -60.2969",Ruta,11,CALCHAQUÍ,Vera,Asfalto,Natural,XIX,S/D,Rural,Otra Señal,No existe,Intersección,Bueno,S/D,Nocturna,S/D,Múltiple,S/D,Colisión,Ninguna,Faltante,Cordón divisorio,Sin restricción
2021,5630,2021-09-20,Lunes,,,0.0,2,"Moto/Ciclomotor,Moto/Ciclomotor",Lisandro de La Torre Y 4 de enero,2,2,0,0,0,0,0,"-31.676991, -60.782325",Calle,,SANTO TOMÉ,La Capital,Ripio,No existe,I,Dentro,Urbana,Otra Señal,No existe,Intersección,Bueno,Buena,Diurna,Buen Tiempo,Múltiple,S/D,Colisión,Ninguna,Faltante,Cordón divisorio,Sin restricción
2021,5631,2021-09-19,Domingo,18:15:00,,0.0,2,"Moto/Ciclomotor,Pickup/Utilitario",Colon Y Sarmiento D,4,3,0,0,1,0,0,"-29.456409127008,-60.214905172876",Calle,,VERA,Vera,Asfalto,No existe,XIX,Dentro,Urbana,Otra Señal,No existe,Intersección,Bueno,S/D,Diurna,Buen Tiempo,Múltiple,S/D,Colisión,Ninguna,Faltante,Cordón divisorio,Sin restricción
2021,5632,2021-09-18,Sabado,12:05:00,,0.0,2,"Pickup/Utilitario,Automóvil",Rioja 400,2,1,0,0,1,0,0,"-32.825144703748,-60.719231512555",Calle,,CAPITÁN BERMÚDEZ,San Lorenzo,Asfalto,No existe,XVII,Dentro,Urbana,Otra Señal,No existe,Intersección,Bueno,Buena,Diurna,Buen Tiempo,Múltiple,S/D,Colisión,Ninguna,Faltante,Cordón divisorio,Sin restricción
2021,5633,2021-09-17,Viernes,20:52:00,Ruta Nacional 11,0.0,2,"Automóvil,Moto/Ciclomotor",Av. San Martin Y Entre Ríos,3,2,0,0,1,0,0,"-32.743091845391,-60.734026115505",Ruta,11,SAN LORENZO,San Lorenzo,Asfalto,No existe,XVII,Dentro,Urbana,Otra Señal,Funciona,Intersección,Bueno,Buena,"Nocturna,Con luz artificial",Buen Tiempo,Múltiple,S/D,Colisión,Ninguna,"Horizontal,Vertical",Cordón divisorio,Sin restricción
2021,5634,2021-09-19,Domingo,17:20:00,Ruta Nacional 11,0.0,2,"Bicicleta,Automóvil",LISANDRO DE LA TORRE 1400,2,1,0,0,1,0,0,"-31.971004, -60.926404",Ruta,11,CORONDA,San JERÓNIMO,Asfalto,Ripio,XV,Dentro,Urbana,Otra Señal,No existe,Intersección,Bueno,Buena,Diurna,Buen Tiempo,Múltiple,Ciclista,Colisión,Ninguna,"Horizontal,Vertical",Cordón divisorio,Sin restricción
2021,5635,2021-09-19,Domingo,06:05:00,,0.0,2,"Automóvil,Peatón",Avda. Jorge Newbery ,3,1,0,0,2,0,0,"-32.03591823577877,-61.213792562484",Avenida,,GÁLVEZ,San JERÓNIMO,Asfalto,S/D,XV,Dentro,Urbana,Otra Señal,S/D,Intersección,Bueno,S/D,S/D,S/D,Múltiple,Peatón,Colisión,S/D,S/D,Cordón divisorio,Sin restricción
2021,5636,2021-09-19,Domingo,,,0.0,2,"Automóvil,Bicicleta", ,2,1,0,0,1,0,0,"-31.448825188884307,-60.93028956909",S/D,,ESPERANZA,Las Colonias,S/D,S/D,XI,S/D,S/D,Otra Señal,S/D,Intersección,S/D,S/D,S/D,S/D,Múltiple,S/D,Colisión,S/D,S/D,Cordón divisorio,Sin restricción
2021,5637,2021-10-18,Lunes,10:15:00,Ruta Nacional 33,767.0,2,"Automóvil,Camión c / Acoplado",Ruta Nac 33 ,3,0,0,0,1,2,0,"-33.01837, -60.90525",Ruta,33,ZAVALLA,Rosario,Asfalto,Ripio,II,S/D,Rural,Otra Señal,No existe,Intersección,Bueno,Buena,Diurna,Buen Tiempo,Múltiple,S/D,Colisión,Ninguna,Faltante,Cordón divisorio,Sin restricción
2021,5638,2021-08-03,Martes,17:00:00,,0.0,2,"Moto/Ciclomotor,Automóvil",9 de Julio Y Juan Del Campillo,2,1,0,0,1,0,0,"-31.62951, -60.70425",Calle,,SANTA FE,La Capital,Asfalto,No existe,I,Dentro,Urbana,Otra Señal,No existe,Intersección,Bueno,Buena,Diurna,Buen Tiempo,Múltiple,S/D,Colisión,Ninguna,Vertical,Cordón divisorio,Sin restricción
2021,5639,2021-08-14,Sabado,17:30:00,Autovía Nacional 19,14.0,2,"Automóvil,Moto/Ciclomotor", ,2,1,0,0,1,0,0,"-31.64284, -60.93784",Autovía,19,SAN AGUSTÍN,Las Colonias,Asfalto,Natural,XI,Dentro,Rural,Otra Señal,No existe,Intersección,Bueno,Buena,Diurna,Buen Tiempo,Múltiple,S/D,Colisión,Ninguna,Faltante,Cordón divisorio,Sin restricción
2021,5640,2021-08-04,Miercoles,18:30:00,,0.0,2,"Camión c / Acoplado,Moto/Ciclomotor",Sarmiento Y I Crespo,2,1,0,0,1,0,0,"-31.11856, -60.88967",Calle,,SANTO DOMINGO,Las Colonias,Asfalto,No existe,XI,Fuera,Urbana,Otra Señal,No existe,Intersección,Bueno,Buena,Diurna,Buen Tiempo,Múltiple,S/D,Colisión,Ninguna,Horizontal,Cordón divisorio,Sin restricción
2021,5641,2021-10-19,Martes,10:50:00,Autopista Nacional A008,3.8,1,Moto/Ciclomotor,Av. Circunvalación ,1,0,0,0,0,1,0,"-32.89455, -60.72063",Autopista,A008,ROSARIO,Rosario,Asfalto,Pavimento,II,Dentro,Urbana,Otra Señal,No existe,Intersección,Bueno,Buena,Con luz artificial,Buen Tiempo,Múltiple,S/D,Colisión,Ninguna,Faltante,Cordón divisorio,Sin restricción
2021,5642,2021-09-19,Domingo,,Ruta Provincial 93,50.0,2,"Pickup/Utilitario,Moto/Ciclomotor", ,2,1,0,0,1,0,0,"-33.411015, -61.608738",Ruta,93,CAÑADA DEL UCLE,General LÓPEZ,Asfalto,Natural,VIII,Dentro,Rural,Otra Señal,No existe,Intersección,Bueno,S/D,S/D,S/D,Múltiple,S/D,Colisión,Ninguna,Horizontal,Cordón divisorio,Sin restricción
2021,5644,2021-09-17,Viernes,20:00:00,Ruta Nacional 34,87.0,5,"Automóvil,Camión c / Acoplado,Automóvil,Camión c / Acoplado,Camión", ,5,2,0,0,3,0,0,"-32.36291427826181, -61.37503566631",Ruta,34,SAN GENARO,San JERÓNIMO,Asfalto,No existe,XV,Dentro,Urbana,Otra Señal,No existe,Intersección,Bueno,Buena,Diurna,Buen Tiempo,Múltiple,S/D,Colisión,Ninguna,Horizontal,Cordón divisorio,Sin restricción
2021,5645,2021-08-15,Domingo,10:45:00,,0.0,2,"Moto/Ciclomotor,Moto/Ciclomotor",Sarmiento Y 25 de Mayo,3,2,0,0,1,0,0,"-31.40542, -61.08579",S/D,,HUMBOLDT,Las Colonias,Asfalto,No existe,XI,S/D,S/D,Otra Señal,No existe,Intersección,Bueno,Buena,Diurna,Buen Tiempo,Múltiple,S/D,Colisión,Ninguna,S/D,Cordón divisorio,Sin restricción
2021,5646,2021-09-19,Domingo,17:50:00,,0.0,2,"Cuatriciclo,Moto/Ciclomotor", ,2,1,0,0,1,0,0,"-34.376511, -62.129266",S/D,,DIEGO DE ALVEAR,General LÓPEZ,S/D,S/D,VIII,S/D,Rural,Otra Señal,S/D,Intersección,S/D,S/D,S/D,S/D,Múltiple,S/D,Colisión,S/D,S/D,Cordón divisorio,Sin restricción
2021,5647,2021-10-20,Miercoles,20:00:00,Ruta Nacional 11,480.0,2,"Moto/Ciclomotor,Automóvil",Ruta Nacional 11 Y 9 de Julio,2,0,0,0,1,1,0,"-31.53134, -60.72224",Ruta,11,RECREO,La Capital,Asfalto,Ripio,I,Dentro,Rural,Otra Señal,No existe,Intersección,Bueno,Buena,Diurna,Buen Tiempo,Múltiple,S/D,Colisión,Ninguna,Faltante,Cordón divisorio,Sin restricción
2021,5648,2021-09-17,Viernes,17:45:00,,0.0,2,"Moto/Ciclomotor,Pickup/Utilitario",I Doratto Y Sarmiento,3,2,0,0,1,0,0,"-32.034534166119,-61.21722399777",Calle,,GÁLVEZ,San JERÓNIMO,Asfalto,No existe,XV,Dentro,Urbana,Otra Señal,No existe,Intersección,Bueno,Buena,Diurna,Buen Tiempo,Múltiple,S/D,Colisión,Ninguna,S/D,Cordón divisorio,Sin restricción
2021,5649,2021-09-19,Domingo,00:20:00,,0.0,2,"Moto/Ciclomotor,Moto/Ciclomotor",Doctor Estanislao Zeballos Sev Y España,3,2,0,0,1,0,0,"-33.048141002654994,-61.16600632667",Calle,,CASILDA,Caseros,Asfalto,No existe,IV,Dentro,Urbana,Otra Señal,No existe,Intersección,Bueno,S/D,Nocturna,S/D,Múltiple,S/D,Colisión,Ninguna,Faltante,Cordón divisorio,Sin restricción
2021,5650,2021-10-21,Jueves,08:30:00,Ruta Secundaria 34-s,30.0,2,"Moto/Ciclomotor,Camión Chasis",Av. Silvestre Begnis Y Callao,2,0,0,0,1,1,0,"-32.851, -60.72055",Ruta,34-s,GRANADERO BAIGORRIA,Rosario,Asfalto,No existe,II,Dentro,Urbana,Otra Señal,No existe,Intersección,Bueno,Buena,Diurna,S/D,Múltiple,S/D,Colisión,Ninguna,Faltante,Cordón divisorio,Sin restricción
2021,5651,2021-09-15,Miercoles,18:20:00,,0.0,2,"Automóvil,Moto/Ciclomotor",Curupaiti Y M de Iriondo,2,1,0,0,1,0,0,"-32.753347049316,-60.743446981629",Calle,,SAN LORENZO,San Lorenzo,Asfalto,No existe,XVII,Dentro,Urbana,Otra Señal,No existe,Intersección,Deteriorada,Buena,Diurna,Buen Tiempo,Múltiple,S/D,Colisión,Ninguna,Faltante,Cordón divisorio,Sin restricción
2021,5652,2021-09-16,Jueves,06:55:00,,0.0,1,Bicicleta,Castelnovo 300,1,1,0,0,0,0,0,"-32.76253134012222,-60.741970539093",Calle,,SAN LORENZO,San Lorenzo,Asfalto,No existe,XVII,S/D,Urbana,Otra Señal,No existe,Intersección,S/D,S/D,Nocturna,Buen Tiempo,Múltiple,S/D,Colisión,S/D,Faltante,Cordón divisorio,Sin restricción
2021,5653,2021-08-03,Martes,13:10:00,,0.0,2,"Bicicleta,Automóvil",Sarmiento Y Juan de Garay,2,1,0,0,1,0,0,"-31.73806, -61.0971",Calle,,SAN CARLOS CENTRO,Las Colonias,Asfalto,No existe,XI,Dentro,Urbana,Otra Señal,No existe,Intersección,Bueno,Buena,Diurna,Buen Tiempo,Múltiple,Ciclista,Colisión,Ninguna,Vertical,Cordón divisorio,Sin restricción
2021,5654,2021-09-18,Sabado,,,0.0,2,"Moto/Ciclomotor,Pickup/Utilitario", ,2,1,0,0,1,0,0,"-31.44544954603153, -60.92956865170",Calle,,ESPERANZA,Las Colonias,S/D,S/D,XI,Dentro,Urbana,Otra Señal,S/D,Intersección,S/D,S/D,S/D,S/D,Múltiple,S/D,Colisión,S/D,S/D,Cordón divisorio,Sin restricción
2021,5655,2021-10-22,Viernes,23:30:00,Autopista Nacional A008,8.0,1,Moto/Ciclomotor,Av. Circunvalación Y Av. Eva Perón,2,0,0,0,1,1,0,"-32.93122, -60.72308",Autopista,A008,ROSARIO,Rosario,Asfalto,No existe,II,Fuera,Urbana,Otra Señal,No existe,Intersección,Bueno,Buena,"Nocturna,Con luz artificial",Lluvia,Múltiple,S/D,Colisión,Agua,Faltante,Cordón divisorio,Sin restricción
2021,5658,2021-08-01,Domingo,00:45:00,,0.0,2,"Automóvil,Moto/Ciclomotor",San Martin Y Weihmuller,4,2,0,0,2,0,0,"-31.73342, -61.09448",Calle,,SAN CARLOS CENTRO,Las Colonias,Asfalto,No existe,XI,Dentro,Urbana,Otra Señal,No existe,Intersección,Bueno,Buena,Nocturna,Buen Tiempo,Múltiple,S/D,Colisión,Ninguna,Vertical,Cordón divisorio,Sin restricción
2021,5659,2021-09-19,Domingo,20:50:00,,0.0,2,"Automóvil,Moto/Ciclomotor",Boulevard Villada Y Diaz Vélez,2,1,0,0,1,0,0,"-33.049407174592,-61.188714633519",Avenida,,CASILDA,Caseros,S/D,S/D,IV,Dentro,Urbana,Otra Señal,S/D,Intersección,S/D,S/D,Nocturna,S/D,Múltiple,S/D,Colisión,S/D,S/D,Cordón divisorio,Sin restricción
2021,5660,2021-10-23,Sabado,00:05:00,,0.0,1,Moto/Ciclomotor,Av. Peñaloza Y Chaco,3,2,0,0,0,1,0,"-31.57484, -60.71079",Avenida,,SANTA FE,La Capital,Asfalto,No existe,I,S/D,Urbana,Otra Señal,No existe,Intersección,Bueno,Buena,Nocturna,Viento Fuerte,Múltiple,S/D,Colisión,Ninguna,Faltante,Cordón divisorio,Sin restricción
2021,5661,2021-08-10,Martes,19:30:00,,0.0,2,"Pickup/Utilitario,Moto/Ciclomotor",Dr. Gálvez Y R G Videla,2,1,0,0,1,0,0,"-31.4545, -60.94184",Calle,,ESPERANZA,Las Colonias,Ripio,Natural,XI,Dentro,Urbana,Otra Señal,S/D,Intersección,Bueno,Buena,Con luz artificial,Buen Tiempo,Múltiple,S/D,Colisión,Ninguna,S/D,Cordón divisorio,Sin restricción
2021,5662,2021-08-14,Sabado,23:50:00,Ruta Provincial 70,0.0,1,Moto/Ciclomotor,Rafaela ,1,1,0,0,0,0,0,"-31.46584, -60.91601",Ruta,70,ESPERANZA,Las Colonias,Asfalto,Pavimento,XI,S/D,Urbana,Otra Señal,No existe,Intersección,Bueno,Buena,Nocturna,Buen Tiempo,Múltiple,S/D,Colisión,Ninguna,Horizontal,Cordón divisorio,Sin restricción
2021,5663,2021-08-15,Domingo,14:10:00,,0.0,2,"Bicicleta,Automóvil",Güemes Y General Manuel Belgrano,2,1,0,0,1,0,0,"-31.45341, -60.93063",Calle,,ESPERANZA,Las Colonias,Asfalto,No existe,XI,Dentro,Urbana,Otra Señal,No existe,Intersección,Bueno,Buena,Diurna,Buen Tiempo,Múltiple,S/D,Colisión,Ninguna,S/D,Cordón divisorio,Sin restricción
2021,5664,2021-08-14,Sabado,12:30:00,,0.0,2,"Automóvil,Automóvil",Simón de Iriondo Y French,4,1,0,0,3,0,0,"-31.44127, -60.92803",Calle,,ESPERANZA,Las Colonias,Asfalto,No existe,XI,Dentro,Urbana,Otra Señal,No existe,Intersección,Bueno,Buena,Diurna,Buen Tiempo,Múltiple,S/D,Colisión,Ninguna,Horizontal,Cordón divisorio,Sin restricción
2021,5665,2021-09-19,Domingo,,Ruta Nacional A007,0.0,1,Automóvil,Av. Leandro Alem Y San Luis,2,2,0,0,0,0,0,"-31.647017373193,-60.703288159061",Ruta,A007,SANTA FE,La Capital,Asfalto,No existe,I,Dentro,Urbana,Otra Señal,No existe,Intersección,Bueno,S/D,S/D,S/D,Múltiple,S/D,Colisión,Ninguna,Horizontal,Cordón divisorio,Sin restricción
2021,5666,2021-09-18,Sabado,,,0.0,2,"Automóvil,Moto/Ciclomotor",Carlos Silvestre Begnis Y Julio A Roca,3,2,0,0,1,0,0,"-29.232480881095,-61.766493800489",Avenida,,TOSTADO,9 de Julio,Asfalto,No existe,XII,Dentro,Urbana,Otra Señal,No existe,Intersección,Bueno,Buena,Diurna,Buen Tiempo,Múltiple,S/D,Colisión,Ninguna,Faltante,Cordón divisorio,Sin restricción
2021,5667,2021-08-13,Viernes,19:50:00,,0.0,2,"Automóvil,Moto/Ciclomotor",Av. Córdoba Y R G Videla,2,1,0,0,1,0,0,"-31.44681, -60.93948",Avenida,,ESPERANZA,Las Colonias,Asfalto,S/D,XI,S/D,Urbana,Otra Señal,No existe,Intersección,Bueno,Buena,Nocturna,Buen Tiempo,Múltiple,S/D,Colisión,Ninguna,Vertical,Cordón divisorio,Sin restricción
2021,5669,2021-09-19,Domingo,04:20:00,,0.0,1,Moto/Ciclomotor,Av. Blas Parera Y Boneo,1,1,0,0,0,0,0,"-31.598464667129,-60.722231638691",Avenida,,SANTA FE,La Capital,Asfalto,No existe,I,Dentro,Urbana,Otra Señal,No existe,Intersección,Bueno,Buena,"Nocturna,Con luz artificial",S/D,Múltiple,S/D,Colisión,Ninguna,Horizontal,Cordón divisorio,Sin restricción
2021,5670,2021-09-18,Sabado,19:20:00,,0.0,2,"Moto/Ciclomotor,Automóvil",E Alemán Y San Martin,3,2,0,0,1,0,0,"-29.461395505895,-60.210905514175",Calle,,VERA,Vera,S/D,No existe,XIX,Dentro,Urbana,Otra Señal,No existe,Intersección,S/D,Buena,Nocturna,Buen Tiempo,Múltiple,S/D,Colisión,S/D,S/D,Cordón divisorio,Sin restricción
2021,5671,2021-09-18,Sabado,09:50:00,Ruta Provincial 20,0.0,1,Moto/Ciclomotor,Av. Cincuentenario 660,2,2,0,0,0,0,0,"-32.26630266922635, -61.89962381609",Ruta,20,MARÍA SUSANA,San MARTÍN,Asfalto,No existe,XVIII,Dentro,Urbana,Otra Señal,No existe,Intersección,Bueno,Buena,Diurna,Buen Tiempo,Múltiple,S/D,Colisión,Ninguna,Faltante,Cordón divisorio,Sin restricción
2021,5672,2021-09-01,Miercoles,14:00:00,Autopista Nacional A008,0.0,1,Moto/Ciclomotor,Av. Circunvalación Y Av. Sorrento,1,1,0,0,0,0,0,"-32.908278261705,-60.724324702182",Autopista,A008,ROSARIO,Rosario,Asfalto,No existe,II,Dentro,Urbana,Otra Señal,No existe,Intersección,Bueno,Buena,Diurna,Buen Tiempo,Múltiple,S/D,Colisión,Ninguna,Horizontal,Cordón divisorio,Sin restricción
2021,5673,2021-09-22,Miercoles,13:00:00,Autopista Provincial Brigadier E.LÓPEZ,0.0,1,Moto/Ciclomotor,Av. Circunvalación ,1,1,0,0,0,0,0,"-31.628097, -60.731264",Autopista,Brigadier E.LÓPEZ,SANTA FE,La Capital,Asfalto,Natural,I,Dentro,Urbana,Otra Señal,No existe,Intersección,Bueno,S/D,S/D,S/D,Múltiple,S/D,Colisión,Ninguna,"Horizontal,Vertical",Cordón divisorio,Sin restricción
2021,5674,2021-09-15,Miercoles,,Ruta Nacional 33,667.0,2,"Camión c / Acoplado,Camión c / Acoplado", ,2,1,0,0,1,0,0,"-33.544232469545534, -61.6607031894",Ruta,33,CHOVET,General LÓPEZ,Asfalto,Ripio,VIII,Dentro,Rural,Otra Señal,No existe,Intersección,Bueno,Buena,Diurna,Buen Tiempo,Múltiple,S/D,Colisión,Ninguna,Horizontal,Cordón divisorio,Sin restricción
2021,5675,2021-10-25,Lunes,07:30:00,Ruta Nacional 11,636.0,2,"Automóvil,Camión", ,3,0,0,0,2,1,0,"-30.22108, -60.35921",Ruta,11,LA CRIOLLA,San Justo,Asfalto,Ripio,XVI,Dentro,Urbana,Otra Señal,No existe,Intersección,Bueno,Buena,Diurna,Buen Tiempo,Múltiple,S/D,Colisión,Ninguna,"Horizontal,Vertical",Cordón divisorio,Sin restricción
2021,5677,2021-09-18,Sabado,05:00:00,Ruta Nacional 33,636.0,1,Moto/Ciclomotor, ,1,1,0,0,0,0,0,"-33.69744646941423, -61.95069587397",Ruta,33,VENADO TUERTO,General LÓPEZ,Asfalto,No existe,VIII,Dentro,Urbana,Otra Señal,No existe,Intersección,Bueno,Buena,Diurna,Buen Tiempo,Múltiple,S/D,Colisión,Ninguna,Horizontal,Cordón divisorio,Sin restricción
2021,5678,2021-09-30,Jueves,18:20:00,,0.0,2,"Pickup/Utilitario,Moto/Ciclomotor",AV General López Y Buenos Aires,2,1,0,0,1,0,0,"-29.345780844752,-59.964201442966",Avenida,,MALABRIGO,General Obligado,Asfalto,S/D,IX,Dentro,Urbana,Otra Señal,S/D,Intersección,S/D,S/D,S/D,S/D,Múltiple,S/D,Colisión,S/D,S/D,Cordón divisorio,Sin restricción
2021,5680,2021-09-30,Jueves,20:50:00,Ruta Nacional 11,0.0,1,Moto/Ciclomotor,Calle 13-Iturraspe Y Ruta Nacional 11,1,1,0,0,0,0,0,"-29.142095, -59.655957",Ruta,11,RECONQUISTA,General Obligado,Asfalto,No existe,IX,Dentro,Urbana,Otra Señal,No existe,Intersección,Bueno,Buena,"Nocturna,Con luz artificial",Buen Tiempo,Múltiple,S/D,Colisión,Ninguna,Horizontal,Cordón divisorio,Sin restricción
2021,5681,2021-09-01,Miercoles,11:00:00,,0.0,2,"Moto/Ciclomotor,Automóvil", ,2,1,0,0,1,0,0,"-33.75770136779,-61.946431700445",Avenida,,VENADO TUERTO,General LÓPEZ,Asfalto,No existe,VIII,Dentro,Urbana,Otra Señal,No existe,Intersección,Bueno,Buena,Diurna,Buen Tiempo,Múltiple,S/D,Colisión,Ninguna,Faltante,Cordón divisorio,Sin restricción
2021,5682,2021-09-01,Miercoles,14:55:00,,0.0,2,"Pickup/Utilitario,Automóvil",Calle 25-Rivadavia 440,3,1,0,0,2,0,0,"-29.15008048797,-59.64245453176",Calle,,RECONQUISTA,General Obligado,Asfalto,No existe,IX,Dentro,Urbana,Otra Señal,No existe,Intersección,Bueno,Buena,Diurna,Buen Tiempo,Múltiple,S/D,Colisión,Ninguna,Faltante,Cordón divisorio,Sin restricción
2021,5683,2021-09-30,Jueves,11:15:00,,0.0,2,"Moto/Ciclomotor,Automóvil",Doctor Farran Y 25 de Mayo,2,1,0,0,1,0,0,"-28.490579724311843,-59.35054779052",Calle,,VILLA OCAMPO,General Obligado,S/D,S/D,IX,Dentro,Urbana,Otra Señal,S/D,Intersección,S/D,S/D,S/D,S/D,Múltiple,S/D,Colisión,S/D,S/D,Cordón divisorio,Sin restricción