anio_acci,nro_acci,fecha,desc_dia,hora_aprox,desc_ruta,km,cant_participantes,desc_participante,calle_avenida_km,total,heridos_leves,heridos_graves,heridos_gravisimos,ilesos,fallecidos,sin_datos,posicion_XY,desc_tipo_via,desc_ruta_ori,desc_loc,desc_dpto,desc_tipo_calzada,desc_tipo_banquina,desc_unidad_regional,desc_lugar_calzada,desc_zona,desc_prioridad,desc_estado_semaforo,desc_lugar_via,desc_estado_via,desc_estado_visibilidad,desc_luminosidad,desc_estado_clima,desc_tipo_colision,desc_tipo_atropello,desc_tipo_hecho,desc_pres_calzada,desc_senializacion,desc_separacion_via,desc_restriccion
2021,5684,2021-09-01,Miercoles,,Ruta Nacional 11,0.0,1,Moto/Ciclomotor,Av. San Martin Y Salta,2,2,0,0,0,0,0,"-32.744899414342,-60.734078281028",Ruta,11,SAN LORENZO,San Lorenzo,Asfalto,No existe,XVII,Dentro,Urbana,Otra Señal,Funciona,Intersección,Bueno,Buena,Diurna,Lluvia,Múltiple,S/D,Colisión,Agua,"Horizontal,Vertical",Cordón divisorio,Sin restricción
2021,5685,2021-09-01,Miercoles,,,0.0,2,"Automóvil,Moto/Ciclomotor",Av. A del Valle Y Matheu,2,1,0,0,1,0,0,"-31.593260723697,-60.692142338904",Avenida,,SANTA FE,La Capital,Asfalto,No existe,I,Dentro,Urbana,Otra Señal,No existe,Intersección,Bueno,Buena,Diurna,Buen Tiempo,Múltiple,S/D,Colisión,Ninguna,Faltante,Cordón divisorio,Sin restricción
2021,5686,2021-09-30,Jueves,,,0.0,2,"Moto/Ciclomotor,Automóvil",Av. Brasil ,2,1,0,0,1,0,0,"-31.246833, -61.469361",Avenida,,RAFAELA,Castellanos,S/D,S/D,V,Dentro,Urbana,Otra Señal,S/D,Intersección,S/D,S/D,S/D,S/D,Múltiple,S/D,Colisión,S/D,S/D,Cordón divisorio,Sin restricción
2021,5687,2021-10-02,Sabado,11:40:00,,0.0,2,"Moto/Ciclomotor,Automóvil",Obispo Gelabert Y Avenida Pedro Cello Gómez,2,0,0,0,0,1,1,"-31.66418, -60.75686",Calle,,SANTO TOMÉ,La Capital,Asfalto,No existe,I,S/D,Urbana,Otra Señal,No existe,Intersección,Bueno,S/D,Diurna,S/D,Múltiple,S/D,Colisión,Ninguna,Faltante,Cordón divisorio,Sin restricción
2021,5688,2021-09-30,Jueves,,,0.0,1,Moto/Ciclomotor,A Marini Y 14 de Julio,1,1,0,0,0,0,0,"-31.243749135809,-61.481503016027",Calle,,RAFAELA,Castellanos,Asfalto,No existe,V,Dentro,Urbana,Otra Señal,No existe,Intersección,Bueno,S/D,S/D,S/D,Múltiple,S/D,Colisión,Ninguna,Faltante,Cordón divisorio,Sin restricción
2021,5689,2021-09-01,Miercoles,19:10:00,Ruta Nacional 11,0.0,2,"Automóvil,Moto/Ciclomotor",Lehman ,2,1,0,0,1,0,0,"-31.490088636673,-60.731832653946",Ruta,11,RECREO,La Capital,Asfalto,Ripio,I,Dentro,Urbana,Otra Señal,No existe,Intersección,Bueno,Buena,Diurna,Buen Tiempo,Múltiple,S/D,Colisión,Ninguna,Horizontal,Cordón divisorio,Sin restricción
2021,5690,2021-09-30,Jueves,18:00:00,Ruta Provincial 70,0.0,2,"Automóvil,Moto/Ciclomotor",Bv Santa Fe Y Salta,2,1,0,0,1,0,0,"-31.253954414438,-61.484102952884",Ruta,70,RAFAELA,Castellanos,Asfalto,Pavimento,V,Dentro,Urbana,Otra Señal,No existe,Intersección,Bueno,Buena,Diurna,Buen Tiempo,Múltiple,S/D,Colisión,Ninguna,"Horizontal,Vertical",Cordón divisorio,Sin restricción
2021,5691,2021-09-02,Jueves,09:00:00,Ruta Nacional 33,696.0,1,Automóvil, ,1,1,0,0,0,0,0,"-33.44258074110336, -61.48402932400",Ruta,33,FIRMAT,General LÓPEZ,Asfalto,Natural,VIII,Dentro,Urbana,Otra Señal,No existe,Intersección,Bueno,Buena,Diurna,Buen Tiempo,Múltiple,S/D,Colisión,Ninguna,Horizontal,Cordón divisorio,Sin restricción
2021,5692,2021-09-02,Jueves,,,0.0,2,"Automóvil,Automóvil",Av. Jorge Newbery Y Bv. Wilde,3,2,0,0,1,0,0,"-32.908633758673,-60.739868916521",Avenida,,ROSARIO,Rosario,Asfalto,No existe,II,Dentro,Urbana,Otra Señal,No existe,Intersección,Bueno,Buena,Diurna,Buen Tiempo,Múltiple,S/D,Colisión,Ninguna,Vertical,Cordón divisorio,Sin restricción
2021,5693,2021-09-30,Jueves,14:15:00,,0.0,2,"Moto/Ciclomotor,Automóvil",Junín Y Quintana,3,1,0,0,2,0,0,"-33.73851513128,-61.980188127199",Calle,,VENADO TUERTO,General LÓPEZ,Asfalto,No existe,VII,Dentro,Urbana,Otra Señal,No existe,Intersección,Bueno,Buena,Diurna,Buen Tiempo,Múltiple,S/D,Colisión,Ninguna,Faltante,Cordón divisorio,Sin restricción
2021,5694,2021-09-02,Jueves,02:30:00,Ruta Nacional 33,0.0,2,"Taxi/Remis,Transporte de Pasajeros Larga Distancia (> 8 asientos)",Av. Dr. E Salva Y Conscripto Elías Zurbriggen,2,1,0,0,1,0,0,"-31.240809307035,-61.504793972082",Ruta,33,RAFAELA,Castellanos,Asfalto,Pavimento,V,Dentro,Urbana,Otra Señal,Funciona,Intersección,Bueno,Buena,"Nocturna,Con luz artificial",Buen Tiempo,Múltiple,S/D,Colisión,Ninguna,"Horizontal,Vertical",Cordón divisorio,Sin restricción
2021,5696,2021-09-02,Jueves,06:50:00,,0.0,2,"Moto/Ciclomotor,Automóvil",Calle 25-Rivadavia Y Calle 9-Mariano Moreno,2,1,0,0,1,0,0,"-28.486195445609,-59.356711617189",Calle,,RECONQUISTA,General Obligado,S/D,S/D,IX,Dentro,Urbana,Otra Señal,S/D,Intersección,S/D,S/D,S/D,S/D,Múltiple,S/D,Colisión,S/D,S/D,Cordón divisorio,Sin restricción
2021,5697,2021-09-30,Jueves,05:15:00,,0.0,2,"Moto/Ciclomotor,Pickup/Utilitario",AV PTE. PERÓN Y 3 DE FEBRERO,2,1,0,0,1,0,0,"-33.760790, -61.960492",Avenida,,VENADO TUERTO,General LÓPEZ,Asfalto,No existe,VIII,Dentro,Urbana,Otra Señal,No existe,Intersección,Bueno,S/D,Diurna,Buen Tiempo,Múltiple,S/D,Colisión,Ninguna,Faltante,Cordón divisorio,Sin restricción
2021,5698,2021-09-30,Jueves,06:45:00,Ruta Provincial 39,0.0,1,Automóvil, ,1,1,0,0,0,0,0,"-30.368050, -60.407265",Ruta,39,GOBERNADOR CRESPO,San Justo,Asfalto,Natural,XVI,Dentro,Urbana,Otra Señal,S/D,Intersección,S/D,S/D,S/D,S/D,Múltiple,S/D,Colisión,S/D,S/D,Cordón divisorio,Sin restricción
2021,5699,2021-09-30,Jueves,17:30:00,,0.0,2,"Automóvil,Automóvil",Colombia Y Pringles,3,1,0,0,2,0,0,"-32.835720, -61.388273",Calle,,CAÑADA DE GÓMEZ,Iriondo,"Asfalto,Ripio",No existe,X,Dentro,Urbana,Otra Señal,No existe,Intersección,Bueno,Buena,Diurna,S/D,Múltiple,S/D,Colisión,Ninguna,Faltante,Cordón divisorio,Sin restricción
2021,5700,2021-09-03,Viernes,10:32:00,,0.0,2,"Moto/Ciclomotor,Moto/Ciclomotor",Av. Dr. Luis Chapuis Y Fernando Azcoaga,2,2,0,0,0,0,0,"-33.727923482505,-61.982474416498",Avenida,,VENADO TUERTO,General LÓPEZ,Asfalto,No existe,VIII,Dentro,Urbana,Otra Señal,No existe,Intersección,Bueno,Buena,Diurna,Buen Tiempo,Múltiple,S/D,Colisión,Ninguna,Faltante,Cordón divisorio,Sin restricción
2021,5701,2021-09-03,Viernes,05:00:00,,0.0,1,Pickup/Utilitario, ,1,1,0,0,0,0,0,"-29.03589150617248, -59.57735511546",Camino Rural,,RECONQUISTA,General Obligado,Asfalto,No existe,IX,Dentro,Rural,Otra Señal,No existe,Intersección,Bueno,Buena,Diurna,Buen Tiempo,Múltiple,S/D,Colisión,Ninguna,Faltante,Cordón divisorio,Sin restricción
2021,5702,2021-09-03,Viernes,,Ruta Nacional 11,0.0,2,"Pickup/Utilitario,Moto/Ciclomotor",Calle 8 Y Ruta Nacional 11,5,1,0,0,4,0,0,"-28.943272233009356,-59.56301629543",Ruta,11,GUADALUPE NORTE,General Obligado,Asfalto,Ripio,IX,Dentro,Urbana,Otra Señal,No existe,Intersección,Bueno,Buena,Diurna,Buen Tiempo,Múltiple,S/D,Colisión,Ninguna,Horizontal,Cordón divisorio,Sin restricción
2021,5703,2021-08-13,Viernes,14:00:00,,0.0,2,"Moto/Ciclomotor,Automóvil",Berutti Y San Martin,2,1,0,0,1,0,0,"-31.4463, -60.92956",Calle,,ESPERANZA,Las Colonias,Asfalto,Ripio,XI,S/D,Urbana,Otra Señal,No existe,Intersección,Bueno,Buena,Diurna,Buen Tiempo,Múltiple,S/D,Colisión,Ninguna,Vertical,Cordón divisorio,Sin restricción
2021,5704,2021-09-30,Jueves,20:00:00,Autopista Nacional A008,0.0,2,"Automóvil,Transporte de Pasajeros Larga Distancia (Doble Piso)",Av. Circunvalación Y Av. Ovidio Lagos,2,1,0,0,1,0,0,"-33.00805807113644,-60.676953792571",Autopista,A008,ROSARIO,Rosario,Asfalto,No existe,II,Dentro,Urbana,Otra Señal,No existe,Intersección,Bueno,Buena,"Nocturna,Con luz artificial",Buen Tiempo,Múltiple,S/D,Colisión,Ninguna,Faltante,Cordón divisorio,Sin restricción
2021,5705,2021-09-03,Viernes,,Ruta Provincial 32,56.0,1,Automóvil, ,2,2,0,0,0,0,0,"-28.53410579948391, -59.63328262943",Ruta,32,VILLA ANA,General Obligado,S/D,Ripio,IX,Dentro,Urbana,Otra Señal,No existe,Intersección,S/D,S/D,S/D,S/D,Múltiple,S/D,Colisión,S/D,S/D,Cordón divisorio,Sin restricción
2021,5706,2021-09-30,Jueves,20:30:00,Autopista Nacional A008,0.0,3,"Automóvil,Automóvil,Camión",Av. Circunvalación Y Av. Ovidio Lagos,3,2,0,0,1,0,0,"-33.00805807113644,-60.676953792571",Autopista,A008,ROSARIO,Rosario,Asfalto,No existe,II,Dentro,Urbana,Otra Señal,No existe,Intersección,Bueno,Buena,"Nocturna,Con luz artificial",S/D,Múltiple,S/D,Colisión,Ninguna,Faltante,Cordón divisorio,Sin restricción
2021,5707,2021-09-03,Viernes,21:00:00,,0.0,2,"Moto/Ciclomotor,Automóvil",9 de Julio Y Sarmiento,2,2,0,0,0,0,0,"-32.812474263648,-61.390017295767",Calle,,CAÑADA DE GÓMEZ,Iriondo,Asfalto,No existe,X,Dentro,Urbana,Otra Señal,No existe,Intersección,Bueno,Buena,Diurna,Buen Tiempo,Múltiple,S/D,Colisión,Ninguna,Faltante,Cordón divisorio,Sin restricción
2021,5708,2021-09-29,Miercoles,15:00:00,Ruta Provincial 6,0.0,2,"Pickup/Utilitario,Moto/Ciclomotor",Rivadavia Y San Martin,2,1,0,0,1,0,0,"-31.763382695203,-61.101985587513",Ruta,6,SAN CARLOS SUR,Las Colonias,Asfalto,No existe,XI,Dentro,Urbana,Otra Señal,No existe,Intersección,Bueno,Buena,Diurna,Buen Tiempo,Múltiple,S/D,Colisión,Ninguna,Faltante,Cordón divisorio,Sin restricción
2021,5709,2021-09-04,Sabado,21:50:00,,0.0,2,"Automóvil,Moto/Ciclomotor",Santa Fe ,2,1,0,0,1,0,0,"-28.48731485897,-59.608885091421",Calle,,VILLA ANA,General Obligado,S/D,No existe,XI,Dentro,Urbana,Otra Señal,S/D,Intersección,S/D,S/D,Nocturna,S/D,Múltiple,S/D,Colisión,S/D,S/D,Cordón divisorio,Sin restricción
2021,5710,2021-09-29,Miercoles,,,0.0,1,Moto/Ciclomotor,Calle 45 Y Calle 12,3,3,0,0,0,0,0,"-28.342892940763,-59.257722582464",Calle,,LAS TOSCAS,General Obligado,S/D,S/D,IX,Dentro,Urbana,Otra Señal,S/D,Intersección,S/D,S/D,S/D,S/D,Múltiple,S/D,Colisión,S/D,S/D,Cordón divisorio,Sin restricción
2021,5711,2021-09-05,Domingo,12:30:00,,0.0,2,"Moto/Ciclomotor,Automóvil", ,2,1,0,0,1,0,0,"-33.74080270377522,-61.974644338677",S/D,,VENADO TUERTO,General LÓPEZ,S/D,S/D,VIII,S/D,S/D,Otra Señal,S/D,Intersección,S/D,S/D,S/D,S/D,Múltiple,S/D,Colisión,S/D,S/D,Cordón divisorio,Sin restricción
2021,5712,2021-09-05,Domingo,07:00:00,,0.0,1,Automóvil,Joaquín Argosnz Y Neuquén,2,2,0,0,0,0,0,"-33.753623033311,-61.940113187762",Calle,,VENADO TUERTO,General LÓPEZ,Tierra,No existe,VIII,Dentro,Urbana,Otra Señal,No existe,Intersección,Bueno,Buena,Amanecer,Buen Tiempo,Múltiple,S/D,Colisión,Ninguna,Faltante,Cordón divisorio,Sin restricción
2021,5713,2021-09-29,Miercoles,16:10:00,,0.0,2,"Automóvil,Moto/Ciclomotor",Uruguay Y San Lorenzo,2,1,0,0,1,0,0,"-33.754075090026,-61.952883598155",Calle,,VENADO TUERTO,General LÓPEZ,Asfalto,No existe,VIII,Dentro,Urbana,Otra Señal,No existe,Intersección,Bueno,Buena,Diurna,Buen Tiempo,Múltiple,S/D,Colisión,Ninguna,Faltante,Cordón divisorio,Sin restricción
2021,5714,2021-09-05,Domingo,21:30:00,,0.0,2,"Moto/Ciclomotor,Automóvil",Av. Dr. Luis Chapuis Y Manuel Vicente Manzano,2,1,0,0,1,0,0,"-33.727093153426,-61.983102562261",Calle,,VENADO TUERTO,General LÓPEZ,Asfalto,No existe,VIII,Dentro,Urbana,Otra Señal,No existe,Intersección,Bueno,Buena,Diurna,Buen Tiempo,Múltiple,S/D,Colisión,Ninguna,Faltante,Cordón divisorio,Sin restricción
2021,5715,2021-09-29,Miercoles,21:15:00,Ruta Nacional 33,614.0,2,"Moto/Ciclomotor,Automóvil", ,2,1,0,0,1,0,0,"-33.789800, -62.127902",Ruta,33,VENADO TUERTO,General LÓPEZ,Asfalto,Ripio,VIII,Dentro,Urbana,Otra Señal,No existe,Intersección,Bueno,Buena,Diurna,Buen Tiempo,Múltiple,S/D,Colisión,Ninguna,Horizontal,Cordón divisorio,Sin restricción
2021,5716,2021-09-05,Domingo,03:00:00,Ruta Nacional 11,736.0,1,Moto/Ciclomotor, ,2,2,0,0,0,0,0,"-29.398421770254668, -60.0809519635",Ruta,11,MALABRIGO,General Obligado,Asfalto,No existe,IX,Dentro,Urbana,Otra Señal,No existe,Intersección,Bueno,Buena,Diurna,Buen Tiempo,Múltiple,S/D,Colisión,Ninguna,Horizontal,Cordón divisorio,Sin restricción
2021,5717,2021-09-05,Domingo,00:10:00,Ruta Nacional 11,882.0,1,Moto/Ciclomotor, ,1,1,0,0,0,0,0,"-28.424390983733993, -59.2877378065",Ruta,11,TACUARENDÍ,General Obligado,Asfalto,Natural,IX,Dentro,Urbana,Otra Señal,No existe,Intersección,Bueno,Buena,Nocturna,Buen Tiempo,Múltiple,S/D,Colisión,Ninguna,Horizontal,Cordón divisorio,Sin restricción
2021,5718,2021-09-05,Domingo,,,0.0,2,"Moto/Ciclomotor,Automóvil",Calle 18 - Gral. Belgrano Y Calle 19-Habegger,2,2,0,0,0,0,0,"-29.146338442849,-59.646444937756",Calle,,RECONQUISTA,General Obligado,Asfalto,No existe,IX,Dentro,Urbana,Otra Señal,No existe,Intersección,Bueno,Buena,Diurna,Buen Tiempo,Múltiple,S/D,Colisión,Ninguna,Horizontal,Cordón divisorio,Sin restricción
2021,5719,2021-09-05,Domingo,,,0.0,2,"Moto/Ciclomotor,Moto/Ciclomotor",Calle 10-Ludueña Y Calle 17-Bartolome Mitre,3,3,0,0,0,0,0,"-29.145806146534,-59.64135441156",Calle,,RECONQUISTA,General Obligado,Asfalto,No existe,IX,Dentro,Urbana,Otra Señal,No existe,Intersección,Bueno,Buena,Diurna,Buen Tiempo,Múltiple,S/D,Colisión,Ninguna,Faltante,Cordón divisorio,Sin restricción
2021,5720,2021-09-06,Lunes,15:35:00,,0.0,2,"Automóvil,Automóvil",Bartolomé Mitre Y Italia,6,6,0,0,0,0,0,"-33.746004609449,-61.958208807087",Calle,,VENADO TUERTO,General LÓPEZ,Asfalto,No existe,VIII,Dentro,Urbana,Otra Señal,No existe,Intersección,Bueno,Buena,Diurna,Buen Tiempo,Múltiple,S/D,Colisión,Ninguna,Faltante,Cordón divisorio,Sin restricción
2021,5721,2021-08-11,Miercoles,10:50:00,Ruta Provincial 70,0.0,2,"Pickup/Utilitario,Bicicleta",Maipú ,2,1,0,0,1,0,0,"-31.44562, -60.91725",Ruta,70,ESPERANZA,Las Colonias,Asfalto,S/D,XI,Dentro,Urbana,Otra Señal,No existe,Intersección,Bueno,Buena,Diurna,Buen Tiempo,Múltiple,Ciclista,Colisión,Ninguna,Horizontal,Cordón divisorio,Sin restricción
2021,5722,2021-09-06,Lunes,06:00:00,,0.0,1,Automóvil,Iriondo Y Rawson,1,1,0,0,0,0,0,"-32.827169081535,-61.394982090985",Calle,,CAÑADA DE GÓMEZ,Iriondo,Asfalto,No existe,X,Dentro,Urbana,Otra Señal,No existe,Intersección,Bueno,Buena,Amanecer,Buen Tiempo,Múltiple,S/D,Colisión,Ninguna,Faltante,Cordón divisorio,Sin restricción
2021,5723,2021-10-05,Martes,13:30:00,,0.0,2,"Moto/Ciclomotor,Pickup/Utilitario",Barra Y Bv. 27 De Febrero,2,0,0,0,1,1,0,"-32.95926, -60.70604",Avenida,,ROSARIO,Rosario,Asfalto,No existe,II,S/D,Urbana,Otra Señal,No existe,Intersección,Bueno,Buena,Diurna,Buen Tiempo,Múltiple,S/D,Colisión,Ninguna,Horizontal,Cordón divisorio,Sin restricción
2021,5724,2021-09-28,Martes,,,0.0,1,Bicicleta,Bv C Pellegrini ,2,1,0,0,1,0,0,"-30.7913202085,-60.609797769837",Calle,,SAN JUSTO,San Justo,S/D,S/D,XI,Dentro,Urbana,Otra Señal,S/D,Intersección,S/D,S/D,Diurna,S/D,Múltiple,S/D,Colisión,S/D,S/D,Cordón divisorio,Sin restricción
2021,5725,2021-09-06,Lunes,15:30:00,Autopista Nacional Rosario -Cordoba,362.0,2,"Automóvil,Automóvil", ,2,2,0,0,0,0,0,"-32.84534668615334, -61.39938581447",Autopista,Rosario -Cordoba,CAÑADA DE GÓMEZ,Iriondo,Asfalto,Pavimento,X,Dentro,Urbana,Otra Señal,No existe,Intersección,Bueno,Buena,Diurna,Buen Tiempo,Múltiple,S/D,Colisión,Ninguna,Horizontal,Cordón divisorio,Sin restricción
2021,5726,2021-09-28,Martes,12:05:00,,0.0,2,"Automóvil,Moto/Ciclomotor",Calle 8 Y Calle 9,2,1,0,0,1,0,0,"-29.116097799084,-59.660963151827",Calle,,AVELLANEDA,General Obligado,Asfalto,No existe,IX,Dentro,Urbana,Otra Señal,No existe,Intersección,Bueno,Buena,Diurna,Buen Tiempo,Múltiple,S/D,Colisión,Ninguna,Faltante,Cordón divisorio,Sin restricción
2021,5728,2021-09-06,Lunes,13:50:00,Ruta Nacional 11,0.0,1,Automóvil,CAMINO RURAL 33,1,1,0,0,0,0,0,"-28.446787227893235, -59.3254709096",Ruta,11,VILLA OCAMPO,General Obligado,Asfalto,No existe,IX,Dentro,Rural,Otra Señal,No existe,Intersección,Bueno,Buena,Diurna,Buen Tiempo,Múltiple,S/D,Colisión,Ninguna,Horizontal,Cordón divisorio,Sin restricción
2021,5729,2021-09-28,Martes,17:15:00,,0.0,2,"Moto/Ciclomotor,Pickup/Utilitario",Av. Dr. Luis Chapuis Y Nora Wade de Basualde,2,1,0,0,1,0,0,"-33.733720, -61.978020",Avenida,,VENADO TUERTO,General LÓPEZ,Asfalto,No existe,VIII,Dentro,Urbana,Otra Señal,No existe,Intersección,Bueno,Buena,Diurna,Buen Tiempo,Múltiple,S/D,Colisión,Ninguna,Faltante,Cordón divisorio,Sin restricción
2021,5730,2021-09-28,Martes,12:25:00,,0.0,2,"Pickup/Utilitario,Bicicleta",Falucho Y 2 de Abril,2,1,0,0,1,0,0,"-33.754215909563,-61.954521611541",Calle,,VENADO TUERTO,General LÓPEZ,Asfalto,No existe,VIII,Dentro,Urbana,Otra Señal,No existe,Intersección,Bueno,Buena,Diurna,Buen Tiempo,Múltiple,Ciclista,Colisión,Ninguna,Faltante,Cordón divisorio,Sin restricción
2021,5731,2021-09-07,Martes,15:15:00,,0.0,2,"Automóvil,Automóvil",Guillermo Dimmer Y Miguel de Azcuénaga,2,2,0,0,0,0,0,"-33.73424038606,-61.982015596868",Calle,,VENADO TUERTO,General LÓPEZ,S/D,S/D,IX,Dentro,Urbana,Otra Señal,S/D,Intersección,S/D,Buena,Diurna,Buen Tiempo,Múltiple,S/D,Colisión,S/D,Vertical,Cordón divisorio,Sin restricción
2021,5733,2021-09-27,Lunes,17:30:00,Ruta Nacional 9,0.0,2,"Automóvil,Moto/Ciclomotor",Suipacha ,2,1,0,0,1,0,0,"-32.810025, -61.396384",Ruta,9,CAÑADA DE GÓMEZ,Iriondo,Asfalto,Pavimento,X,Dentro,Urbana,Otra Señal,No existe,Intersección,Bueno,Buena,Diurna,Buen Tiempo,Múltiple,S/D,Colisión,Ninguna,Horizontal,Cordón divisorio,Sin restricción
2021,5735,2021-09-28,Martes,,,0.0,2,"Moto/Ciclomotor,Moto/Ciclomotor",Av. Facundo Zuviria Y Quintana,2,2,0,0,0,0,0,"-31.621487860946,-60.705446345949",Avenida,,SANTA FE,La Capital,Asfalto,No existe,I,Dentro,Urbana,Otra Señal,Funciona,Intersección,Bueno,S/D,S/D,Buen Tiempo,Múltiple,S/D,Colisión,Ninguna,"Horizontal,Vertical",Cordón divisorio,Sin restricción
2021,5736,2021-09-27,Lunes,05:00:00,Ruta Nacional 34,0.0,1,Pickup/Utilitario, ,2,1,0,0,1,0,0,"-30.492534, -61.632235",Ruta,34,MONIGOTES,San CRISTÓBAL,Asfalto,Natural,XIII,Dentro,Rural,Otra Señal,No existe,Intersección,Bueno,Buena,Nocturna,Buen Tiempo,Múltiple,S/D,Colisión,Otro,Horizontal,Cordón divisorio,Sin restricción
2021,5737,2021-01-21,Jueves,18:50:00,,0.0,2,"Automóvil,Bicicleta",Dentesano ,2,1,0,0,1,0,0,"-30.9416, -61.55836",Calle,,SUNCHALES,Castellanos,Asfalto,No existe,V,Dentro,Urbana,Otra Señal,No existe,Intersección,S/D,S/D,Diurna,Otro,Múltiple,Ciclista,Colisión,S/D,S/D,Cordón divisorio,Sin restricción
2021,5738,2021-09-08,Miercoles,15:05:00,Ruta Nacional 8,0.0,2,"Automóvil,Automóvil",Martin de Pueyrredón Y Ruta Nac 8,3,2,0,0,0,0,1,"-33.748570146771,-61.979043559042",Ruta,8,VENADO TUERTO,General LÓPEZ,Asfalto,Pavimento,VIII,Dentro,Urbana,Otra Señal,Funciona,Intersección,Bueno,Buena,Diurna,Buen Tiempo,Múltiple,S/D,Colisión,Ninguna,"Horizontal,Vertical",Cordón divisorio,Sin restricción
2021,5739,2021-09-27,Lunes,07:25:00,,0.0,2,"Bicicleta,Automóvil",Calle 23-Gral López Y Calle 26 - Bolívar,2,1,0,0,1,0,0,"-29.147971469794,-59.651624300251",Calle,,RECONQUISTA,General Obligado,Asfalto,No existe,IX,Dentro,Urbana,Otra Señal,No existe,Intersección,Bueno,Buena,Diurna,S/D,Múltiple,Ciclista,Colisión,Ninguna,Faltante,Cordón divisorio,Sin restricción
2021,5740,2021-09-08,Miercoles,14:15:00,Autopista Provincial Brigadier E.LÓPEZ,17.0,2,"Camión c / Acoplado,Bicicleta", ,2,0,0,1,1,0,0,"-32.740802008365826, -60.7627698733",Autopista,Brigadier E.LÓPEZ,SAN LORENZO,San Lorenzo,Asfalto,Pavimento,XVII,Dentro,Urbana,Otra Señal,No existe,Intersección,Bueno,Buena,Diurna,Buen Tiempo,Múltiple,Ciclista,Colisión,Ninguna,Horizontal,Cordón divisorio,Sin restricción
2021,5741,2021-08-13,Viernes,13:44:00,,0.0,2,"Automóvil,Moto/Ciclomotor",General Manuel Belgrano Y Santiago Denner,2,0,0,0,1,0,1,"-31.43237, -60.92422",Calle,,ESPERANZA,Las Colonias,Ripio,S/D,XI,S/D,Urbana,Otra Señal,No existe,Intersección,Bueno,Buena,Diurna,Buen Tiempo,Múltiple,S/D,Colisión,Ninguna,Vertical,Cordón divisorio,Sin restricción
2021,5742,2021-08-08,Domingo,23:30:00,,0.0,1,Automóvil, ,1,1,0,0,0,0,0,"-31.44795, -60.93068",S/D,,ESPERANZA,Las Colonias,Asfalto,Natural,XI,Fuera,Urbana,Otra Señal,No existe,Intersección,S/D,Buena,Nocturna,Buen Tiempo,Múltiple,S/D,Colisión,S/D,S/D,Cordón divisorio,Sin restricción
2021,5745,2021-10-31,Domingo,00:05:00,Ruta Nacional 11,318.0,1,Automóvil, ,2,1,0,0,0,1,0,"-32.8352, -60.71053",Ruta,11,CAPITÁN BERMÚDEZ,San Lorenzo,Asfalto,Natural,XVII,S/D,Rural,Otra Señal,No existe,Intersección,Bueno,S/D,Nocturna,S/D,Múltiple,S/D,Colisión,S/D,Faltante,Cordón divisorio,Sin restricción
2021,5746,2021-09-08,Miercoles,,Ruta Nacional 34,0.0,1,Pickup/Utilitario,Eduardo D'Agostino Y Ruta Nac 34 Gral. Güemes,1,1,0,0,0,0,0,"-31.22239722003809, -61.49855094142",Ruta,34,RAFAELA,Castellanos,Asfalto,Natural,V,Dentro,Urbana,Otra Señal,No existe,Intersección,Bueno,Buena,Diurna,Buen Tiempo,Múltiple,S/D,Colisión,Ninguna,S/D,Cordón divisorio,Sin restricción
2021,5747,2021-09-08,Miercoles,,Ruta Nacional 34,0.0,2,"Camión,Camión", ,2,2,0,0,0,0,0,"-32.601479788957825, -61.1692294061",Ruta,34,TOTORAS,Iriondo,Asfalto,Natural,X,Dentro,Urbana,Otra Señal,No existe,Intersección,Bueno,Buena,Nocturna,Buen Tiempo,Múltiple,S/D,Colisión,Ninguna,Horizontal,Cordón divisorio,Sin restricción
2021,5749,2021-08-06,Viernes,23:15:00,,0.0,2,"Moto/Ciclomotor,Automóvil",Av. Córdoba Y Gobernador Crespo,6,1,0,0,5,0,0,"-31.44788, -60.93499",Avenida,,ESPERANZA,Las Colonias,Asfalto,S/D,XI,Dentro,Urbana,Otra Señal,S/D,Intersección,Bueno,Buena,Con luz artificial,Buen Tiempo,Múltiple,S/D,Colisión,Ninguna,S/D,Cordón divisorio,Sin restricción
2021,5750,2021-09-26,Domingo,02:00:00,Ruta Provincial 21,0.0,1,Automóvil,Av. Gral. San Martin 1500,1,1,0,0,0,0,0,"-33.019264573221,-60.631437222952",Ruta,21,VILLA GOBERNADOR GÁLVEZ,Rosario,Asfalto,No existe,II,Dentro,Urbana,Otra Señal,Funciona,Intersección,Bueno,Buena,"Nocturna,Con luz artificial",S/D,Múltiple,S/D,Colisión,Ninguna,"Horizontal,Vertical",Cordón divisorio,Sin restricción
2021,5751,2021-10-10,Domingo,07:50:00,,0.0,1,Automóvil,Antonio Ballaris ,1,0,0,0,0,1,0,"-32.01707, -61.20907",Camino Rural,,GÁLVEZ,San JERÓNIMO,Tierra,S/D,XV,S/D,Rural,Otra Señal,S/D,Intersección,S/D,S/D,Diurna,S/D,Múltiple,S/D,Colisión,S/D,S/D,Cordón divisorio,Sin restricción