anio_acci,nro_acci,fecha,desc_dia,hora_aprox,desc_ruta,km,cant_participantes,desc_participante,calle_avenida_km,total,heridos_leves,heridos_graves,heridos_gravisimos,ilesos,fallecidos,sin_datos,posicion_XY,desc_tipo_via,desc_ruta_ori,desc_loc,desc_dpto,desc_tipo_calzada,desc_tipo_banquina,desc_unidad_regional,desc_lugar_calzada,desc_zona,desc_prioridad,desc_estado_semaforo,desc_lugar_via,desc_estado_via,desc_estado_visibilidad,desc_luminosidad,desc_estado_clima,desc_tipo_colision,desc_tipo_atropello,desc_tipo_hecho,desc_pres_calzada,desc_senializacion,desc_separacion_via,desc_restriccion
2021,5752,2021-09-08,Miercoles,20:30:00,,0.0,2,"Pickup/Utilitario,Moto/Ciclomotor",Calle 12 Y Calle 21,3,2,0,0,1,0,0,"-29.122923732833,-59.659461177269",Calle,,AVELLANEDA,General Obligado,Asfalto,No existe,IX,Dentro,Urbana,Otra Señal,No existe,Intersección,Bueno,Buena,Nocturna,Buen Tiempo,Múltiple,S/D,Colisión,Ninguna,Faltante,Cordón divisorio,Sin restricción
2021,5753,2021-09-26,Domingo,,,0.0,1,Moto/Ciclomotor, ,1,1,0,0,0,0,0,"-30.770485, -60.546237",Camino Rural,,SAN JUSTO,San Justo,Tierra,S/D,XVI,Dentro,Rural,Otra Señal,S/D,Intersección,S/D,S/D,Nocturna,S/D,Múltiple,S/D,Colisión,S/D,S/D,Cordón divisorio,Sin restricción
2021,5754,2021-09-08,Miercoles,17:20:00,,0.0,2,"Pickup/Utilitario,Moto/Ciclomotor",Paraguay Y Santa Fe,3,1,0,0,1,0,1,"-28.490006329368,-59.609018153722",Calle,,VILLA ANA,General Obligado,S/D,No existe,IX,Dentro,Urbana,Otra Señal,S/D,Intersección,S/D,Buena,Diurna,S/D,Múltiple,S/D,Colisión,S/D,S/D,Cordón divisorio,Sin restricción
2021,5755,2021-08-06,Viernes,12:00:00,,0.0,2,"Automóvil,Automóvil", ,2,1,0,0,1,0,0,"-31.44795, -60.93068",S/D,,ESPERANZA,Las Colonias,Asfalto,S/D,XI,S/D,Urbana,Otra Señal,Funciona,Intersección,S/D,Buena,Diurna,Buen Tiempo,Múltiple,S/D,Colisión,S/D,S/D,Cordón divisorio,Sin restricción
2021,5756,2021-08-05,Jueves,19:40:00,,0.0,2,"Bicicleta,Pickup/Utilitario",General Manuel Belgrano Y G Lehmann,2,1,0,0,1,0,0,"-31.4509, -60.9299",Calle,,ESPERANZA,Las Colonias,Asfalto,No existe,XI,S/D,Urbana,Otra Señal,No existe,Intersección,Bueno,Buena,Amanecer,Buen Tiempo,Múltiple,Ciclista,Colisión,Ninguna,Horizontal,Cordón divisorio,Sin restricción
2021,5757,2021-10-14,Jueves,23:05:00,Ruta Provincial 10,114.4,1,Camión c / Acoplado, ,1,0,0,0,0,1,0,"-31.91448, -61.27529",Ruta,10,LÓPEZ,San JERÓNIMO,Asfalto,Natural,XV,S/D,Rural,Otra Señal,No existe,Intersección,Bueno,S/D,Nocturna,S/D,Múltiple,S/D,Colisión,Ninguna,Faltante,Cordón divisorio,Sin restricción
2021,5758,2021-08-03,Martes,16:40:00,,0.0,2,"Bicicleta,Automóvil",Rivadavia Y Av. Los Colonizadores,2,1,0,0,1,0,0,"-31.44936, -60.9284",Calle,,ESPERANZA,Las Colonias,Asfalto,Pavimento,XI,S/D,Urbana,Otra Señal,No existe,Intersección,Bueno,Buena,Diurna,Buen Tiempo,Múltiple,Ciclista,Colisión,Ninguna,Horizontal,Cordón divisorio,Sin restricción
2021,5759,2021-09-26,Domingo,03:00:00,Ruta Nacional 11,780.0,1,Moto/Ciclomotor, ,2,2,0,0,0,0,0,"-29.212349, -59.707576",Ruta,11,RECONQUISTA,General Obligado,Asfalto,No existe,IX,Dentro,Rural,Otra Señal,No existe,Intersección,Bueno,S/D,Nocturna,Buen Tiempo,Múltiple,S/D,Colisión,Ninguna,Horizontal,Cordón divisorio,Sin restricción
2021,5760,2021-08-01,Domingo,10:45:00,,0.0,2,"Moto/Ciclomotor,Automóvil",Mariano Moreno Y Av. Córdoba,3,1,0,0,2,0,0,"-31.44854, -60.93231",Calle,,ESPERANZA,Las Colonias,Asfalto,Pavimento,XI,Dentro,Urbana,Otra Señal,No existe,Intersección,Bueno,Reducida,Amanecer,Buen Tiempo,Múltiple,S/D,Colisión,Ninguna,S/D,Cordón divisorio,Sin restricción
2021,5761,2021-01-04,Lunes,,,0.0,2,"Moto/Ciclomotor,Bicicleta",J J Paso Y Av. Eva Perón,2,1,0,0,1,0,0,"-30.94675, -61.56826",Avenida,,SUNCHALES,Castellanos,Asfalto,Pavimento,V,S/D,Urbana,Otra Señal,No existe,Intersección,Bueno,Buena,Diurna,S/D,Múltiple,Ciclista,Colisión,Ninguna,Vertical,Cordón divisorio,Sin restricción
2021,5763,2021-09-26,Domingo,19:50:00,,0.0,1,Moto/Ciclomotor,Coronel Dorrego Y Lisandro de la Torre,1,1,0,0,0,0,0,"-33.735877044413,-61.985057846288",Calle,,VENADO TUERTO,General LÓPEZ,Ripio,No existe,VIII,Dentro,Urbana,Otra Señal,No existe,Intersección,Bueno,S/D,Nocturna,S/D,Múltiple,S/D,Colisión,Ninguna,Faltante,Cordón divisorio,Sin restricción
2021,5764,2021-09-08,Miercoles,00:30:00,Ruta Provincial 66,47.0,2,"Camión c / Acoplado,Camión c / Acoplado", ,2,1,0,0,1,0,0,"-32.06176291450318, -61.59315464663",Ruta,66,CAÑADA ROSQUÍN,San MARTÍN,Asfalto,Ripio,XVIII,Dentro,Rural,Otra Señal,No existe,Intersección,Deteriorada,Buena,Nocturna,Buen Tiempo,Múltiple,S/D,Colisión,Ninguna,"Horizontal,Vertical",Cordón divisorio,Sin restricción
2021,5765,2021-09-26,Domingo,09:50:00,,0.0,2,"Moto/Ciclomotor,Automóvil",AVENIDA MARCONI  Y SANTA FE,3,2,0,0,1,0,0,"-33.740650, -61.959817",Avenida,,VENADO TUERTO,General LÓPEZ,Asfalto,No existe,VIII,Dentro,Urbana,Otra Señal,Funciona,Intersección,Bueno,S/D,Diurna,Buen Tiempo,Múltiple,S/D,Colisión,Ninguna,"Horizontal,Vertical",Cordón divisorio,Sin restricción
2021,5766,2021-05-08,Sabado,18:15:00,,0.0,2,"Automóvil,Moto/Ciclomotor",Martin Feirro Y Pedroni,3,1,0,0,2,0,0,"-30.94675, -61.56826",Calle,,LEHMANN,Castellanos,Asfalto,Natural,V,Dentro,Urbana,Otra Señal,No existe,Intersección,Bueno,Buena,Diurna,Buen Tiempo,Múltiple,S/D,Colisión,Ninguna,Faltante,Cordón divisorio,Sin restricción
2021,5767,2021-09-09,Jueves,23:45:00,Ruta Provincial 70,0.0,2,"Pickup/Utilitario,Automóvil",Bv Santa Fe Y Víctor Manuel,2,1,0,0,1,0,0,"-31.254784383953,-61.479381737883",Ruta,70,RAFAELA,Castellanos,Asfalto,No existe,V,Dentro,Urbana,Otra Señal,No existe,Intersección,Bueno,Buena,Nocturna,Buen Tiempo,Múltiple,S/D,Colisión,Ninguna,"Horizontal,Vertical",Cordón divisorio,Sin restricción
2021,5768,2021-09-26,Domingo,04:50:00,,0.0,2,"Automóvil,Moto/Ciclomotor",Chaco Y Esperanto,2,1,0,0,1,0,0,"-33.742862801135,-61.94856173101",Calle,,VENADO TUERTO,General LÓPEZ,Asfalto,No existe,VIII,Dentro,Urbana,Otra Señal,No existe,Intersección,Bueno,S/D,"Nocturna,Con luz artificial",S/D,Múltiple,S/D,Colisión,Ninguna,Faltante,Cordón divisorio,Sin restricción
2021,5769,2021-10-31,Domingo,20:40:00,Ruta Secundaria 83-s,19.0,2,"Peatón,Automóvil",Ruta Provincial 83-s ,2,0,0,0,1,1,0,"-29.54742, -60.41512",Ruta,83-s,LA GALLARETA,Vera,Asfalto,S/D,XIX,S/D,Rural,Otra Señal,S/D,Intersección,S/D,S/D,Nocturna,S/D,Múltiple,Peatón,Colisión,S/D,S/D,Cordón divisorio,Sin restricción
2021,5770,2021-09-26,Domingo,00:15:00,Ruta Nacional 8,0.0,1,Moto/Ciclomotor,Alberdi Juan Bautista Y Ruta Nac 8,1,1,0,0,0,0,0,"-33.758725, -61.971204",Ruta,8,VENADO TUERTO,General LÓPEZ,Asfalto,No existe,VIII,Dentro,Urbana,Otra Señal,No existe,Intersección,Bueno,S/D,Nocturna,Buen Tiempo,Múltiple,S/D,Colisión,Ninguna,"Horizontal,Vertical",Cordón divisorio,Sin restricción
2021,5771,2021-10-31,Domingo,20:15:00,,0.0,2,"Moto/Ciclomotor,Moto/Ciclomotor",Calle 34 3540,2,0,0,0,0,1,1,"-29.17354, -59.66023",Calle,,RECONQUISTA,General Obligado,S/D,S/D,IX,S/D,Urbana,Otra Señal,S/D,Intersección,S/D,S/D,Nocturna,S/D,Múltiple,S/D,Colisión,S/D,S/D,Cordón divisorio,Sin restricción
2021,5772,2021-09-25,Sabado,,,0.0,2,"Moto/Ciclomotor,Automóvil",Av. Fray Luis Beltrán Y Maestra Barragán - Ex Bs.As.,2,1,0,0,1,0,0,"-32.790934, -60.733812",Avenida,,FRAY LUIS BELTRÁN,San Lorenzo,"Asfalto,Ripio",No existe,XVII,Dentro,Urbana,Otra Señal,No existe,Intersección,Bueno,S/D,S/D,S/D,Múltiple,S/D,Colisión,Ninguna,Faltante,Cordón divisorio,Sin restricción
2021,5773,2021-09-25,Sabado,,,0.0,2,"Moto/Ciclomotor,Pickup/Utilitario",Av. Belgrano Y Tucumán,2,1,0,0,1,0,0,"-32.821669, -60.723359",Avenida,,CAPITÁN BERMÚDEZ,San Lorenzo,Asfalto,No existe,XVII,Dentro,Urbana,Otra Señal,No existe,Intersección,Bueno,S/D,S/D,S/D,Múltiple,S/D,Colisión,Ninguna,Faltante,Cordón divisorio,Sin restricción
2021,5774,2021-09-25,Sabado,01:35:00,,0.0,2,"Moto/Ciclomotor,Moto/Ciclomotor",San Martin ,3,3,0,0,0,0,0,"-29.340291627929,-59.966538148229",Calle,,MALABRIGO,General Obligado,S/D,S/D,IX,Dentro,Urbana,Otra Señal,S/D,Intersección,S/D,S/D,S/D,S/D,Múltiple,S/D,Colisión,S/D,S/D,Cordón divisorio,Sin restricción
2021,5775,2021-09-10,Viernes,17:30:00,Ruta Provincial 40,0.0,1,Moto/Ciclomotor,Calle 44-27 de Abril ,2,2,0,0,0,0,0,"-29.153840469604,-59.664046015935",Ruta,40,RECONQUISTA,General Obligado,Asfalto,Ripio,IX,Dentro,Urbana,Otra Señal,No existe,Intersección,Bueno,Buena,Diurna,Buen Tiempo,Múltiple,S/D,Colisión,Ninguna,Vertical,Cordón divisorio,Sin restricción
2021,5776,2021-09-25,Sabado,01:40:00,,0.0,1,Moto/Ciclomotor,Calle 4 - Ledesma Y Calle 31-Newbery,1,1,0,0,0,0,0,"-29.153761098791,-59.638741867967",Calle,,RECONQUISTA,General Obligado,"Asfalto,Ripio",No existe,IX,Dentro,Urbana,Otra Señal,No existe,Intersección,Bueno,Buena,Diurna,Buen Tiempo,Múltiple,S/D,Colisión,Material Suelto,Faltante,Cordón divisorio,Sin restricción
2021,5777,2021-05-20,Jueves,12:00:00,,0.0,2,"Automóvil,Moto/Ciclomotor",Alberdi Y 25 de mayo,2,1,0,0,1,0,0,"-31.12423, -61.45326",Calle,,LEHMANN,Castellanos,Hormigón,No existe,V,Dentro,Urbana,Otra Señal,No existe,Intersección,Bueno,Buena,Diurna,Buen Tiempo,Múltiple,S/D,Colisión,Ninguna,Vertical,Cordón divisorio,Sin restricción
2021,5778,2021-09-25,Sabado,,,0.0,2,"Automóvil,Automóvil",Hipólito Vieytes Y Méjico,2,1,0,0,1,0,0,"-31.270783, -61.498168",Avenida,,RAFAELA,Castellanos,Tierra,No existe,V,Dentro,Urbana,Otra Señal,No existe,Intersección,Bueno,Buena,Diurna,Buen Tiempo,Múltiple,S/D,Colisión,Ninguna,Faltante,Cordón divisorio,Sin restricción
2021,5779,2021-09-10,Viernes,17:00:00,,0.0,2,"Automóvil,Moto/Ciclomotor",Ocampo Y Pellegrini,2,1,0,0,1,0,0,"-32.81831796165,-61.399200103047",Calle,,CAÑADA DE GÓMEZ,Iriondo,Asfalto,No existe,X,Dentro,Urbana,Otra Señal,No existe,Intersección,Bueno,Buena,Diurna,Buen Tiempo,Múltiple,S/D,Colisión,Ninguna,Faltante,Cordón divisorio,Sin restricción
2021,5780,2021-09-25,Sabado,18:30:00,,0.0,2,"Automóvil,Moto/Ciclomotor",Chile Y Runciman,2,1,0,0,1,0,0,"-33.757723604485,-61.957277491952",Calle,,VENADO TUERTO,General LÓPEZ,Asfalto,No existe,VIII,Dentro,Urbana,Otra Señal,No existe,Intersección,Bueno,Buena,Diurna,Buen Tiempo,Múltiple,S/D,Colisión,Ninguna,Faltante,Cordón divisorio,Sin restricción
2021,5781,2021-09-25,Sabado,18:30:00,,0.0,2,"Moto/Ciclomotor,Moto/Ciclomotor", ,3,1,0,0,1,0,1,"-33.74080270377522,-61.974644338677",S/D,,VENADO TUERTO,General LÓPEZ,S/D,S/D,VIII,S/D,S/D,Otra Señal,S/D,Intersección,S/D,S/D,S/D,S/D,Múltiple,S/D,Colisión,S/D,S/D,Cordón divisorio,Sin restricción
2021,5782,2021-09-24,Viernes,21:00:00,,0.0,1,Moto/Ciclomotor,Italia 570,1,1,0,0,0,0,0,"-33.744489981211,-61.959400141855",Calle,,VENADO TUERTO,General LÓPEZ,Asfalto,No existe,VIII,Dentro,Urbana,Otra Señal,No existe,Intersección,Bueno,S/D,"Nocturna,Con luz artificial",Buen Tiempo,Múltiple,S/D,Colisión,Ninguna,Faltante,Cordón divisorio,Sin restricción
2021,5783,2021-09-25,Sabado,18:50:00,,0.0,1,Moto/Ciclomotor,CHILE  Y EVA PERÓN,2,2,0,0,0,0,0,"-33.753606, -61.949667",Avenida,,VENADO TUERTO,General LÓPEZ,Asfalto,No existe,VIII,Dentro,Urbana,Otra Señal,No existe,Intersección,Bueno,S/D,Diurna,S/D,Múltiple,S/D,Colisión,Ninguna,Faltante,Cordón divisorio,Sin restricción
2021,5784,2021-09-10,Viernes,,,0.0,2,"Moto/Ciclomotor,Automóvil",San Luis Y Santiago,2,1,0,0,1,0,0,"-32.945840910085,-60.656663669725",Calle,,ROSARIO,Rosario,Asfalto,No existe,II,Dentro,Urbana,Otra Señal,No existe,Intersección,S/D,S/D,Diurna,S/D,Múltiple,S/D,Colisión,S/D,Vertical,Cordón divisorio,Sin restricción
2021,5785,2021-09-10,Viernes,,Autopista Nacional A008,0.0,1,Automóvil,Av. Circunvalación Y Av. Jorge Newbery,1,1,0,0,0,0,0,"-32.908220887184164,-60.72433769702",Autopista,A008,ROSARIO,Rosario,Asfalto,Pavimento,II,Dentro,Urbana,Otra Señal,No existe,Intersección,S/D,S/D,Diurna,S/D,Múltiple,S/D,Colisión,S/D,Horizontal,Cordón divisorio,Sin restricción
2021,5786,2021-09-24,Viernes,19:30:00,Ruta Nacional 11,0.0,1,Moto/Ciclomotor,Calle 21-Gdor. Iriondo Y Ruta Nacional 11,1,1,0,0,0,0,0,"-29.146449, -59.656521",Ruta,11,RECONQUISTA,General Obligado,Asfalto,No existe,IX,Dentro,Urbana,Otra Señal,No existe,Intersección,Bueno,S/D,"Nocturna,Con luz artificial",S/D,Múltiple,S/D,Colisión,Ninguna,"Horizontal,Vertical",Cordón divisorio,Sin restricción
2021,5787,2021-09-10,Viernes,19:30:00,,0.0,3,"Automóvil,Automóvil,Moto/Ciclomotor",Belgrano Y Brown,3,1,0,0,2,0,0,"-33.03076751138,-60.625594586039",Calle,,VILLA GOBERNADOR GÁLVEZ,Rosario,Asfalto,No existe,II,Dentro,Urbana,Otra Señal,No existe,Intersección,S/D,S/D,Diurna,S/D,Múltiple,S/D,Colisión,S/D,Faltante,Cordón divisorio,Sin restricción
2021,5788,2021-09-24,Viernes,09:00:00,,0.0,2,"Automóvil,Moto/Ciclomotor",Calle 15 Y Calle 32,2,1,0,0,1,0,0,"-29.14327898904,-59.654723212733",Calle,,AVELLANEDA,General Obligado,Asfalto,No existe,IX,Dentro,Urbana,Otra Señal,No existe,Intersección,Bueno,S/D,Diurna,S/D,Múltiple,S/D,Colisión,Ninguna,Faltante,Cordón divisorio,Sin restricción
2021,5789,2021-09-11,Sabado,11:10:00,,0.0,2,"Moto/Ciclomotor,Pickup/Utilitario",AV PTE. PERÓN Y MATHEU,3,1,0,0,2,0,0,"-33.753797,-61.949521",Avenida,,VENADO TUERTO,General LÓPEZ,Asfalto,No existe,VIII,Dentro,Urbana,Otra Señal,No existe,Intersección,S/D,S/D,Diurna,S/D,Múltiple,S/D,Colisión,S/D,Vertical,Cordón divisorio,Sin restricción
2021,5790,2021-09-03,Viernes,,,0.0,1,Automóvil,España Y Tucumán,1,1,0,0,0,0,0,"-32.940290341076,-60.645351942547",Calle,,ROSARIO,Rosario,Asfalto,No existe,II,Dentro,Urbana,Otra Señal,No existe,Intersección,Bueno,Buena,Nocturna,Buen Tiempo,Múltiple,S/D,Colisión,Ninguna,Horizontal,Cordón divisorio,Sin restricción
2021,5791,2021-09-11,Sabado,13:45:00,,0.0,2,"Moto/Ciclomotor,Automóvil",Mariano López Y Tomas Alva Edison,2,1,0,0,1,0,0,"-33.727353665583,-61.994068586834",Calle,,VENADO TUERTO,General LÓPEZ,Asfalto,No existe,VIII,Dentro,Urbana,Otra Señal,No existe,Intersección,S/D,S/D,Diurna,S/D,Múltiple,S/D,Colisión,S/D,Faltante,Cordón divisorio,Sin restricción
2021,5793,2021-09-14,Martes,19:45:00,,0.0,1,Automóvil,L Bessone Y Rivadavia,1,1,0,0,0,0,0,"-31.741635471545,-61.0937028652",Calle,,SAN CARLOS CENTRO,Las Colonias,Asfalto,No existe,XI,Dentro,Urbana,Otra Señal,No existe,Intersección,Bueno,Buena,Atardecer,Buen Tiempo,Múltiple,S/D,Colisión,S/D,S/D,Cordón divisorio,Sin restricción
2021,5794,2021-09-11,Sabado,14:55:00,,0.0,2,"Moto/Ciclomotor,Automóvil",Caparros R Y Runciman,2,1,0,0,1,0,0,"-33.762675167363,-61.95338626962",Calle,,VENADO TUERTO,General LÓPEZ,S/D,No existe,VIII,Dentro,Urbana,Otra Señal,No existe,Intersección,S/D,S/D,Diurna,S/D,Múltiple,S/D,Colisión,S/D,Faltante,Cordón divisorio,Sin restricción
2021,5795,2021-10-19,Martes,15:40:00,,0.0,2,"Moto/Ciclomotor,Automóvil",Leandro N Alem Y M M T de Hoenfels,2,1,0,0,0,1,0,"-31.43403, -60.93938",Calle,,ESPERANZA,Las Colonias,S/D,S/D,XI,S/D,Urbana,Otra Señal,S/D,Intersección,S/D,S/D,Diurna,S/D,Múltiple,S/D,Colisión,S/D,S/D,Cordón divisorio,Sin restricción
2021,5796,2021-09-24,Viernes,07:00:00,Ruta Nacional 34,260.0,1,Camión c / Acoplado, ,1,1,0,0,0,0,0,"-30.945596, -61.539764",Ruta,34,SUNCHALES,Castellanos,Asfalto,Ripio,V,Dentro,Urbana,Otra Señal,No existe,Intersección,Bueno,Buena,Diurna,S/D,Múltiple,S/D,Colisión,Ninguna,Faltante,Cordón divisorio,Sin restricción
2021,5797,2021-09-11,Sabado,15:57:00,,0.0,2,"Moto/Ciclomotor,Moto/Ciclomotor",Jujuy Y Pedro Barberis,3,3,0,0,0,0,0,"-33.7361150498,-61.951478477996",Calle,,VENADO TUERTO,General LÓPEZ,Asfalto,No existe,VII,Dentro,Urbana,Otra Señal,No existe,Intersección,S/D,S/D,Diurna,S/D,Múltiple,S/D,Colisión,S/D,Vertical,Cordón divisorio,Sin restricción
2021,5798,2021-09-11,Sabado,19:33:00,,0.0,2,"Moto/Ciclomotor,Automóvil",Balcarce Y Piacenza,2,1,0,0,1,0,0,"-33.730965224827,-61.968698097477",Calle,,VENADO TUERTO,General LÓPEZ,S/D,No existe,VIII,Dentro,Urbana,Otra Señal,No existe,Intersección,S/D,S/D,Nocturna,S/D,Múltiple,S/D,Colisión,S/D,Faltante,Cordón divisorio,Sin restricción
2021,5801,2021-09-15,Miercoles,09:00:00,Autopista Nacional A008,0.0,2,"Camión c / Acoplado,Camión",Av. Circunvalación Y Av. Ovidio Lagos,2,1,0,0,1,0,0,"-33.007778791103,-60.677013966922",Autopista,A008,ROSARIO,Rosario,Asfalto,Pavimento,II,Dentro,Urbana,Otra Señal,No existe,Intersección,Bueno,Buena,Diurna,Buen Tiempo,Múltiple,S/D,Colisión,Ninguna,Vertical,Cordón divisorio,Sin restricción
2021,5802,2021-09-11,Sabado,,Ruta Provincial 70,0.0,2,"Moto/Ciclomotor,Automóvil",BV SANTA FE Y SAN LORENZO,3,1,0,0,2,0,0,"-31.25344,-61.487527",Ruta,70,RAFAELA,Castellanos,Hormigón,No existe,V,Dentro,Urbana,Otra Señal,No existe,Intersección,S/D,S/D,S/D,S/D,Múltiple,S/D,Colisión,S/D,Horizontal,Cordón divisorio,Sin restricción
2021,5803,2021-09-15,Miercoles,08:00:00,Autopista Nacional A008,0.0,2,"Camión,Camión c / Acoplado",Av. Circunvalación Y Bv. Oroño,2,1,0,0,1,0,0,"-33.01102774799,-60.664651480621",Autopista,A008,ROSARIO,Rosario,Asfalto,Pavimento,II,Dentro,Urbana,Otra Señal,Funciona,Intersección,Bueno,Buena,Amanecer,Buen Tiempo,Múltiple,S/D,Colisión,Ninguna,Horizontal,Cordón divisorio,Sin restricción
2021,5804,2021-09-23,Jueves,12:05:00,,0.0,1,Moto/Ciclomotor,Av. Dr. Luis Chapuis Y Manuel Vicente Manzano,3,3,0,0,0,0,0,"-33.71926138707,-61.989219586726",Avenida,,VENADO TUERTO,General LÓPEZ,Asfalto,No existe,VIII,Dentro,Urbana,Otra Señal,No existe,Intersección,Bueno,S/D,Diurna,S/D,Múltiple,S/D,Colisión,Ninguna,Faltante,Cordón divisorio,Sin restricción
2021,5805,2021-09-11,Sabado,,,0.0,2,"Moto/Ciclomotor,Automóvil",Bv H Irigoyen Y Fdo Fader,3,2,0,0,1,0,0,"-31.263387448508,-61.494186997779",Avenida,,RAFAELA,Castellanos,Asfalto,No existe,V,Dentro,Urbana,Otra Señal,No existe,Intersección,S/D,S/D,S/D,S/D,Múltiple,S/D,Colisión,S/D,Horizontal,Cordón divisorio,Sin restricción
2021,5806,2021-09-23,Jueves,07:35:00,,0.0,2,"Automóvil,Bicicleta",Bartolomé Mitre Y Mariano Moreno,2,1,0,0,1,0,0,"-33.750445015397,-61.966354013338",Avenida,,VENADO TUERTO,General LÓPEZ,Asfalto,No existe,VIII,Dentro,Urbana,Otra Señal,No existe,Intersección,Bueno,Buena,Diurna,S/D,Múltiple,Ciclista,Colisión,Ninguna,Faltante,Cordón divisorio,Sin restricción
2021,5807,2021-09-23,Jueves,,,0.0,1,Automóvil, ,1,1,0,0,0,0,0,"-31.13958835601803,-61.454558372497",Camino Rural,,LEHMANN,Castellanos,Tierra,S/D,V,Dentro,Rural,Otra Señal,S/D,Intersección,S/D,S/D,Nocturna,S/D,Múltiple,S/D,Colisión,S/D,S/D,Cordón divisorio,Sin restricción
2021,5808,2021-09-11,Sabado,,Ruta Nacional 11,0.0,2,"Moto/Ciclomotor,Bicicleta", ,2,2,0,0,0,0,0,"-28.36442, -59.26375",Ruta,11,LAS TOSCAS,General Obligado,Asfalto,Natural,IX,Dentro,Rural,Otra Señal,No existe,Intersección,S/D,S/D,S/D,S/D,Múltiple,Ciclista,Colisión,S/D,Horizontal,Cordón divisorio,Sin restricción
2021,5809,2021-09-11,Sabado,19:02:00,Ruta Secundaria 95-s,35.0,1,Automóvil, ,2,2,0,0,0,0,0,"-28.90991, -59.84126",Ruta,95-s,LA SARITA,General Obligado,Ripio,S/D,IX,S/D,S/D,Otra Señal,S/D,Intersección,S/D,S/D,Nocturna,S/D,Múltiple,S/D,Colisión,S/D,S/D,Cordón divisorio,Sin restricción
2021,5810,2021-09-15,Miercoles,18:50:00,,0.0,2,"Moto/Ciclomotor,Moto/Ciclomotor",Calle 12 San Martin 667,3,1,0,0,1,0,1,"-29.144248458436,-59.64240631372",Calle,,RECONQUISTA,General Obligado,Asfalto,No existe,IX,Dentro,Urbana,Otra Señal,No existe,Intersección,Bueno,Buena,Diurna,Buen Tiempo,Múltiple,S/D,Colisión,Ninguna,Faltante,Cordón divisorio,Sin restricción
2021,5811,2021-09-15,Miercoles,13:45:00,,0.0,2,"Automóvil,Moto/Ciclomotor",Calle 37-Bvard. Lovato 1480,3,2,0,0,1,0,0,"-29.154870021136,-59.65594562778",Avenida,,RECONQUISTA,General Obligado,Asfalto,No existe,IX,Dentro,Urbana,Otra Señal,No existe,Intersección,Bueno,Buena,Diurna,Buen Tiempo,Múltiple,S/D,Colisión,Ninguna,Horizontal,Cordón divisorio,Sin restricción
2021,5812,2021-09-15,Miercoles,18:05:00,,0.0,2,"Moto/Ciclomotor,Bicicleta",Calle 307 ,2,2,0,0,0,0,0,"-29.1082549095154,-59.6568024158478",Calle,,AVELLANEDA,General Obligado,Asfalto,No existe,IX,Dentro,Urbana,Otra Señal,No existe,Intersección,Bueno,Buena,Diurna,Buen Tiempo,Múltiple,Ciclista,Colisión,Ninguna,S/D,Cordón divisorio,Sin restricción
2021,5813,2021-09-12,Domingo,00:40:00,,0.0,2,"Moto/Ciclomotor,Automóvil",Calle nro. 33 Y Lisandro de la Torre,2,1,0,0,1,0,0,"-33.72493878006936,-61.991948336362",Calle,,VENADO TUERTO,General LÓPEZ,S/D,No existe,VIII,Dentro,Urbana,Otra Señal,No existe,Intersección,S/D,S/D,Nocturna,S/D,Múltiple,S/D,Colisión,S/D,Faltante,Cordón divisorio,Sin restricción
2021,5814,2021-09-23,Jueves,,,0.0,1,Moto/Ciclomotor,Callao Y Libertad,1,1,0,0,0,0,0,"-32.82494902610781,-61.392937302589",Calle,,CAÑADA DE GÓMEZ,Iriondo,S/D,S/D,X,Dentro,Urbana,Otra Señal,S/D,Intersección,S/D,S/D,S/D,S/D,Múltiple,S/D,Colisión,S/D,S/D,Cordón divisorio,Sin restricción
2021,5815,2021-09-15,Miercoles,07:10:00,,0.0,1,Bicicleta,Calle 13 620,1,1,0,0,0,0,0,"-29.118765762945,-59.657330147236",Calle,,AVELLANEDA,General Obligado,Asfalto,No existe,IX,Dentro,Urbana,Otra Señal,Funciona,Intersección,Bueno,Buena,Diurna,Buen Tiempo,Múltiple,S/D,Colisión,Ninguna,Vertical,Cordón divisorio,Sin restricción
2021,5816,2021-09-12,Domingo,02:22:00,,0.0,2,"Pickup/Utilitario,Moto/Ciclomotor",Juan José Castelli Y López,2,1,0,0,1,0,0,"-33.741140626197,-61.967630512348",Calle,,VENADO TUERTO,General LÓPEZ,Asfalto,No existe,VIII,Dentro,Urbana,Otra Señal,No existe,Intersección,S/D,S/D,Nocturna,S/D,Múltiple,S/D,Colisión,S/D,Faltante,Cordón divisorio,Sin restricción
2021,5817,2021-09-15,Miercoles,01:00:00,,0.0,1,Automóvil,Av. A del Valle Y Gorriti,1,1,0,0,0,0,0,"-31.590685250378,-60.692270799516",Avenida,,SANTA FE,La Capital,Asfalto,No existe,I,Dentro,Urbana,Otra Señal,Funciona,Intersección,Bueno,Buena,Nocturna,Buen Tiempo,Múltiple,S/D,Colisión,Ninguna,Vertical,Cordón divisorio,Sin restricción
2021,5818,2021-09-12,Domingo,07:30:00,,0.0,1,Automóvil, ,1,1,0,0,0,0,0,"-31.60013, -61.78894",Camino Rural,,GARIBALDI,Castellanos,S/D,S/D,V,Dentro,Rural,Otra Señal,S/D,Intersección,S/D,S/D,Diurna,S/D,Múltiple,S/D,Colisión,S/D,S/D,Cordón divisorio,Sin restricción