anio_acci,nro_acci,fecha,desc_dia,hora_aprox,desc_ruta,km,cant_participantes,desc_participante,calle_avenida_km,total,heridos_leves,heridos_graves,heridos_gravisimos,ilesos,fallecidos,sin_datos,posicion_XY,desc_tipo_via,desc_ruta_ori,desc_loc,desc_dpto,desc_tipo_calzada,desc_tipo_banquina,desc_unidad_regional,desc_lugar_calzada,desc_zona,desc_prioridad,desc_estado_semaforo,desc_lugar_via,desc_estado_via,desc_estado_visibilidad,desc_luminosidad,desc_estado_clima,desc_tipo_colision,desc_tipo_atropello,desc_tipo_hecho,desc_pres_calzada,desc_senializacion,desc_separacion_via,desc_restriccion
2021,5819,2021-09-22,Miercoles,12:15:00,,0.0,2,"Automóvil,Peatón",Calle 18-Belgrano Y Calle 9-Mariano Moreno,2,1,0,0,1,0,0,"-29.140972832742,-59.645692551287",Calle,,RECONQUISTA,General Obligado,Asfalto,No existe,IX,Dentro,Urbana,Otra Señal,No existe,Intersección,Bueno,S/D,Diurna,S/D,Múltiple,Peatón,Colisión,Ninguna,Faltante,Cordón divisorio,Sin restricción
2021,5820,2021-09-12,Domingo,20:30:00,,0.0,1,Moto/Ciclomotor,Bv Almirante Brown 1500,1,1,0,0,0,0,0,"-28.47951963543892,-59.354882240295",Calle,,VILLA OCAMPO,General Obligado,S/D,No existe,IX,Dentro,Urbana,Otra Señal,No existe,Intersección,S/D,S/D,Nocturna,S/D,Múltiple,S/D,Colisión,S/D,S/D,Cordón divisorio,Sin restricción
2021,5821,2021-09-12,Domingo,13:30:00,,0.0,2,"Moto/Ciclomotor,Pickup/Utilitario",Calle 24 - Olessio Y Calle 131 Raúl Carussi,3,2,0,0,1,0,0,"-29.19394369226,-59.657026443874",Calle,,RECONQUISTA,General Obligado,S/D,No existe,IX,Dentro,Urbana,Otra Señal,S/D,Intersección,S/D,S/D,Diurna,S/D,Múltiple,S/D,Colisión,S/D,S/D,Cordón divisorio,Sin restricción
2021,5822,2021-09-22,Miercoles,16:20:00,,0.0,2,"Automóvil,Bicicleta",Calle 9-Mariano Moreno Y Calle 10-Ludueña,2,1,0,0,1,0,0,"-29.141505573023,-59.640773292624",Calle,,RECONQUISTA,General Obligado,Asfalto,No existe,IX,Dentro,Urbana,Otra Señal,No existe,Intersección,Bueno,Buena,Diurna,Buen Tiempo,Múltiple,Ciclista,Colisión,Ninguna,Faltante,Cordón divisorio,Sin restricción
2021,5823,2021-09-22,Miercoles,,,0.0,2,"Automóvil,Moto/Ciclomotor",Av. Doctor E Salva Y Rosario,2,1,0,0,1,0,0,"-31.241665655295,-61.49903495821",Avenida,,RAFAELA,Castellanos,Asfalto,No existe,V,Dentro,Urbana,Otra Señal,No existe,Intersección,Bueno,S/D,Diurna,Buen Tiempo,Múltiple,S/D,Colisión,Ninguna,Vertical,Cordón divisorio,Sin restricción
2021,5824,2021-09-16,Jueves,19:25:00,Ruta Nacional 11,809.0,2,"Camión c / Acoplado,Bicicleta", ,2,1,0,0,1,0,0,"-28.98626836631127, -59.58212528099",Ruta,11,GUADALUPE NORTE,General Obligado,Asfalto,No existe,IX,Dentro,Urbana,Otra Señal,No existe,Intersección,Bueno,Buena,Diurna,Buen Tiempo,Múltiple,Ciclista,Colisión,Ninguna,Faltante,Cordón divisorio,Sin restricción
2021,5825,2021-09-22,Miercoles,10:58:00,,0.0,1,Moto/Ciclomotor,España  Y MARCONI,1,1,0,0,0,0,0,"-33.742635327125,-61.963483760088",Calle,,VENADO TUERTO,General LÓPEZ,Asfalto,No existe,VIII,Dentro,Urbana,Otra Señal,Funciona,Intersección,Bueno,Buena,Diurna,Buen Tiempo,Múltiple,S/D,Colisión,Ninguna,"Horizontal,Vertical",Cordón divisorio,Sin restricción
2021,5827,2021-09-22,Miercoles,07:05:00,,0.0,2,"Pickup/Utilitario,Moto/Ciclomotor",Jujuy Y Liniers Santiago,2,1,0,0,1,0,0,"-33.739433854527,-61.957627877402",Calle,,VENADO TUERTO,General LÓPEZ,Asfalto,No existe,VIII,Dentro,Urbana,Otra Señal,No existe,Intersección,Bueno,Buena,Diurna,Buen Tiempo,Múltiple,S/D,Colisión,Ninguna,Faltante,Cordón divisorio,Sin restricción
2021,5828,2021-09-16,Jueves,16:30:00,Ruta Nacional 11,0.0,1,Bicicleta,San Martin 800,1,1,0,0,0,0,0,"-31.760182512069896, -61.1011200308",Ruta,11,SAN CARLOS SUR,Las Colonias,Asfalto,No existe,IX,Dentro,Urbana,Otra Señal,S/D,Intersección,Bueno,Buena,Diurna,Buen Tiempo,Múltiple,S/D,Colisión,Ninguna,Faltante,Cordón divisorio,Sin restricción
2021,5829,2021-09-14,Martes,18:30:00,Ruta Nacional 11,786.0,2,"Automóvil,Moto/Ciclomotor", ,3,2,0,0,1,0,0,"-29.164749851477747,-59.65976475620",Ruta,11,RECONQUISTA,General Obligado,Asfalto,No existe,IX,Dentro,Urbana,Otra Señal,No existe,Intersección,Bueno,Buena,Diurna,Buen Tiempo,Múltiple,S/D,Colisión,Ninguna,Faltante,Cordón divisorio,Sin restricción
2021,5830,2021-09-12,Domingo,,,0.0,2,"Moto/Ciclomotor,Automóvil",Aldao Y Av. Mitre,2,1,0,0,1,0,0,"-31.491553734877,-60.735054101211",Avenida,,RECREO,La Capital,Asfalto,No existe,I,Dentro,Urbana,Otra Señal,No existe,Intersección,S/D,S/D,Nocturna,S/D,Múltiple,S/D,Colisión,S/D,Faltante,Cordón divisorio,Sin restricción
2021,5831,2021-09-13,Lunes,09:20:00,,0.0,2,"Moto/Ciclomotor,Moto/Ciclomotor",Calle 2 Y Calle 121,3,2,0,0,1,0,0,"-29.122249166176,-59.66566941464",Calle,,AVELLANEDA,General Obligado,Asfalto,No existe,IX,Dentro,Urbana,Otra Señal,No existe,Intersección,S/D,S/D,Diurna,S/D,Múltiple,S/D,Colisión,S/D,Faltante,Cordón divisorio,Sin restricción
2021,5832,2021-08-06,Viernes,03:30:00,Ruta Provincial 1,67.0,1,Camión, ,2,2,0,0,0,0,0,"-31.18634, -60.15463",Ruta,1,CAYASTA,Garay,Asfalto,Natural,VII,Dentro,S/D,Otra Señal,No existe,Intersección,Ahuellamiento,Reducida,Diurna,Buen Tiempo,Múltiple,S/D,Colisión,Ninguna,Vertical,Cordón divisorio,Sin restricción
2021,5833,2021-08-03,Martes,07:10:00,Ruta Provincial 1,0.0,1,Automóvil,Ruta Prov. 1 ,2,2,0,0,0,0,0,"-31.19083, -60.1578",Ruta,1,CAYASTA,Garay,Asfalto,Natural,VII,Dentro,Urbana,Otra Señal,No existe,Intersección,Bueno,Buena,Diurna,Buen Tiempo,Múltiple,S/D,Colisión,Ninguna,Vertical,Cordón divisorio,Sin restricción
2021,5834,2021-09-13,Lunes,08:00:00,,0.0,2,"Moto/Ciclomotor,Moto/Ciclomotor",Almte. Brown Y Chacabuco,2,1,0,0,1,0,0,"-32.818628709851,-61.383001963411",Calle,,CAÑADA DE GÓMEZ,Iriondo,Asfalto,No existe,X,Dentro,Urbana,Otra Señal,No existe,Intersección,S/D,S/D,Diurna,S/D,Múltiple,S/D,Colisión,S/D,S/D,Cordón divisorio,Sin restricción
2021,5836,2021-09-13,Lunes,,,0.0,2,"Automóvil,Moto/Ciclomotor",Antonio Podio Y Juan B Justo,3,1,0,0,2,0,0,"-31.256241385387,-61.513021909921",Calle,,RAFAELA,Castellanos,Asfalto,No existe,V,Dentro,Urbana,Otra Señal,No existe,Intersección,S/D,S/D,S/D,S/D,Múltiple,S/D,Colisión,S/D,Faltante,Cordón divisorio,Sin restricción
2021,5838,2021-09-13,Lunes,14:00:00,Ruta Provincial 70,0.0,2,"Moto/Ciclomotor,Automóvil",Bv H Irigoyen Y Chacabuco,2,1,0,0,1,0,0,"-31.254440067784,-61.492392739347",Ruta,70,RAFAELA,Castellanos,Asfalto,No existe,V,Dentro,Urbana,Otra Señal,No existe,Intersección,S/D,S/D,Diurna,S/D,Múltiple,S/D,Colisión,S/D,"Horizontal,Vertical",Cordón divisorio,Sin restricción
2021,5839,2021-09-17,Viernes,17:10:00,,0.0,2,"Moto/Ciclomotor,Moto/Ciclomotor",Antonio Podio Y Juan Larrea,3,3,0,0,0,0,0,"-31.2664009418,-61.515231206344",Calle,,RAFAELA,Castellanos,Asfalto,No existe,V,Dentro,Urbana,Otra Señal,No existe,Intersección,Bueno,Buena,Diurna,Buen Tiempo,Múltiple,S/D,Colisión,Ninguna,Vertical,Cordón divisorio,Sin restricción
2021,5840,2021-09-22,Miercoles,17:30:00,Ruta Nacional 33,641.0,2,"Automóvil,Camión", ,4,1,0,0,3,0,0,"-33.691423, -61.940315",Ruta,33,MURPHY,General LÓPEZ,Asfalto,Ripio,VIII,Dentro,Rural,Otra Señal,No existe,Intersección,Bueno,S/D,Diurna,S/D,Múltiple,S/D,Colisión,Ninguna,Horizontal,Cordón divisorio,Sin restricción
2021,5841,2021-09-17,Viernes,,,0.0,1,Moto/Ciclomotor,América Y Bv Santa Fe,1,1,0,0,0,0,0,"-31.256622431843,-61.468907818093",Avenida,,RAFAELA,Castellanos,Asfalto,No existe,V,Dentro,Urbana,Otra Señal,Funciona,Intersección,Bueno,Buena,S/D,Buen Tiempo,Múltiple,S/D,Colisión,Ninguna,"Horizontal,Vertical",Cordón divisorio,Sin restricción
2021,5842,2021-09-17,Viernes,,Ruta Provincial 70,0.0,2,"Moto/Ciclomotor,Moto/Ciclomotor",Bv H Irigoyen Y Remedios de Escalada,2,2,0,0,0,0,0,,Ruta,70,RAFAELA,Castellanos,Asfalto,No existe,V,Dentro,Urbana,Otra Señal,Funciona,Intersección,Bueno,Buena,S/D,Buen Tiempo,Múltiple,S/D,Colisión,Ninguna,"Horizontal,Vertical",Cordón divisorio,Sin restricción
2021,5843,2021-09-13,Lunes,,Ruta Provincial 70,0.0,2,"Automóvil,Moto/Ciclomotor",Bv Santa Fe Y Constitución,2,1,0,0,1,0,0,"-31.25495802913,-61.478397714541",Ruta,70,RAFAELA,Castellanos,Asfalto,No existe,IX,Dentro,Urbana,Otra Señal,No existe,Intersección,S/D,S/D,Diurna,S/D,Múltiple,S/D,Colisión,S/D,Faltante,Cordón divisorio,Sin restricción
2021,5844,2021-09-17,Viernes,,,0.0,2,"Moto/Ciclomotor,Moto/Ciclomotor",A Lincoln Y Juan Larrea,2,1,0,0,0,0,1,"-31.266877353745,-61.512682463138",Calle,,RAFAELA,Castellanos,Asfalto,No existe,V,Dentro,Urbana,Otra Señal,No existe,Intersección,Bueno,Buena,Diurna,Buen Tiempo,Múltiple,S/D,Colisión,Ninguna,Faltante,Cordón divisorio,Sin restricción
2021,5845,2021-09-17,Viernes,,,0.0,2,"Pickup/Utilitario,Moto/Ciclomotor",Av. Aristóbulo del Valle Y Esteban Echeverria,2,1,0,0,1,0,0,"-31.261298053062,-61.470103516064",Avenida,,RAFAELA,Castellanos,Asfalto,No existe,V,Dentro,Urbana,Otra Señal,No existe,Intersección,Bueno,Buena,Diurna,Buen Tiempo,Múltiple,S/D,Colisión,Ninguna,Vertical,Cordón divisorio,Sin restricción
2021,5846,2021-09-21,Martes,02:35:00,,0.0,2,"Automóvil,Moto/Ciclomotor",Bv H Irigoyen Y E Oliber,2,1,0,0,1,0,0,"-31.259121, -61.493176",Calle,,RAFAELA,Castellanos,Asfalto,No existe,V,Dentro,Urbana,Otra Señal,No existe,Intersección,Bueno,S/D,"Nocturna,Con luz artificial",S/D,Múltiple,S/D,Colisión,Ninguna,Faltante,Cordón divisorio,Sin restricción
2021,5847,2021-09-17,Viernes,,,0.0,2,"Automóvil,Moto/Ciclomotor",Av. Brasil Y Víctor Manuel,2,1,0,0,1,0,0,"-31.244536245042,-61.482454696348",Avenida,,RAFAELA,Castellanos,Asfalto,No existe,V,Dentro,Urbana,Otra Señal,No existe,Intersección,Bueno,Buena,Diurna,Buen Tiempo,Múltiple,S/D,Colisión,Ninguna,Faltante,Cordón divisorio,Sin restricción
2021,5848,2021-09-13,Lunes,03:10:00,,0.0,1,Moto/Ciclomotor,Calle 3-Almafuerte Y Calle 30-Lucas Funes,1,1,0,0,0,0,0,"-29.136948986934,-59.652586343928",Calle,,RECONQUISTA,General Obligado,S/D,No existe,IX,Dentro,Urbana,Otra Señal,No existe,Intersección,S/D,S/D,Nocturna,S/D,Múltiple,S/D,Colisión,S/D,Faltante,Cordón divisorio,Sin restricción
2021,5849,2021-09-17,Viernes,12:30:00,,0.0,2,"Automóvil,Moto/Ciclomotor",PASAJE 46/54 ,3,1,0,0,2,0,0,"-28.484158515930144,-59.34215784072",Calle,,VILLA OCAMPO,General Obligado,S/D,S/D,IX,Dentro,Urbana,Otra Señal,S/D,Intersección,Bueno,S/D,Diurna,S/D,Múltiple,S/D,Colisión,S/D,S/D,Cordón divisorio,Sin restricción
2021,5850,2021-09-20,Lunes,14:00:00,,0.0,2,"Moto/Ciclomotor,Peatón", ,2,2,0,0,0,0,0,"-32.82319142392651,-61.390666981848",S/D,,CAÑADA DE GÓMEZ,Iriondo,S/D,S/D,X,S/D,S/D,Otra Señal,S/D,Intersección,S/D,S/D,Diurna,S/D,Múltiple,Peatón,Colisión,S/D,S/D,Cordón divisorio,Sin restricción
2021,5851,2021-09-13,Lunes,13:45:00,,0.0,2,"Moto/Ciclomotor,Moto/Ciclomotor",Calle 16 Y Calle 45,2,2,0,0,0,0,0,"-28.342879293692,-59.255218937826",Calle,,LAS TOSCAS,General Obligado,S/D,No existe,IX,Dentro,Urbana,Otra Señal,S/D,Intersección,S/D,S/D,Diurna,S/D,Múltiple,S/D,Colisión,S/D,S/D,Cordón divisorio,Sin restricción
2021,5852,2021-10-23,Sabado,03:10:00,Ruta Nacional 9,365.0,2,"Moto/Ciclomotor,Automóvil",Ruta Nac 9 ,2,0,0,0,1,1,0,"-32.82952, -61.28174",Ruta,9,CORREA,Iriondo,Asfalto,Natural,X,S/D,Rural,Otra Señal,No existe,Intersección,S/D,S/D,Nocturna,S/D,Múltiple,S/D,Colisión,S/D,Faltante,Cordón divisorio,Sin restricción
2021,5853,2021-08-07,Sabado,19:00:00,Ruta Provincial 1,0.0,2,"Pickup/Utilitario,Moto/Ciclomotor", ,6,2,0,0,4,0,0,"-31.42049, -60.33939",Ruta,1,SANTA ROSA DE CALCHINES,Garay,Asfalto,Natural,VII,Dentro,Urbana,Otra Señal,S/D,Intersección,Bueno,S/D,S/D,Buen Tiempo,Múltiple,S/D,Colisión,Ninguna,Faltante,Cordón divisorio,Sin restricción
2021,5854,2021-09-20,Lunes,,,0.0,1,Moto/Ciclomotor,Calle 8 Y Calle 9,1,1,0,0,0,0,0,"-28.359786970993,-59.259997015176",Calle,,LAS TOSCAS,General Obligado,S/D,S/D,IX,Dentro,Urbana,Otra Señal,S/D,Intersección,S/D,S/D,S/D,S/D,Múltiple,S/D,Colisión,S/D,S/D,Cordón divisorio,Sin restricción
2021,5855,2021-09-13,Lunes,13:10:00,,0.0,2,"Moto/Ciclomotor,Moto/Ciclomotor",CALLE 14 Y CALLE 49,3,3,0,0,0,0,0,"-28.341731, -59.256395",Calle,,LAS TOSCAS,General Obligado,S/D,No existe,IX,Dentro,Urbana,Otra Señal,S/D,Intersección,S/D,S/D,Diurna,S/D,Múltiple,S/D,Colisión,S/D,S/D,Cordón divisorio,Sin restricción
2021,5856,2021-09-13,Lunes,22:00:00,,0.0,2,"Moto/Ciclomotor,Taxi/Remis",Av. Gral. López Y Misiones,3,2,0,0,1,0,0,"-32.813627859003,-60.719661928844",Avenida,,CAPITÁN BERMÚDEZ,San Lorenzo,Asfalto,No existe,XVII,Dentro,Urbana,Otra Señal,No existe,Intersección,Deteriorada,S/D,Nocturna,S/D,Múltiple,S/D,Colisión,S/D,Faltante,Cordón divisorio,Sin restricción
2021,5857,2021-10-23,Sabado,19:30:00,Ruta Provincial 13,68.5,2,"Moto/Ciclomotor,Automóvil",Ruta Provincial 13 ,3,0,0,0,2,1,0,"-31.90954, -61.84874",Ruta,13,SAN JORGE,San MARTÍN,Asfalto,Natural,XVIII,S/D,Rural,Otra Señal,No existe,Intersección,Bueno,S/D,Nocturna,S/D,Múltiple,S/D,Colisión,S/D,Faltante,Cordón divisorio,Sin restricción
2021,5858,2021-08-14,Sabado,15:10:00,,0.0,2,"Moto/Ciclomotor,Automóvil",Senador Dr. Armando Antille Y Chacabuco,2,1,0,0,1,0,0,"-31.09693, -60.0871",S/D,,HELVECIA,Garay,S/D,S/D,VII,S/D,Urbana,Otra Señal,S/D,Intersección,S/D,S/D,S/D,S/D,Múltiple,S/D,Colisión,S/D,S/D,Cordón divisorio,Sin restricción
2021,5859,2021-09-17,Viernes,15:00:00,,0.0,2,"Moto/Ciclomotor,Automóvil",Brigadier Estanislao López Y Santa Fe,3,2,0,0,1,0,0,"-28.49336861447,-59.371196253669",Calle,,VILLA OCAMPO,General Obligado,S/D,S/D,IX,Dentro,Urbana,Otra Señal,S/D,Intersección,S/D,S/D,Diurna,Buen Tiempo,Múltiple,S/D,Colisión,S/D,S/D,Cordón divisorio,Sin restricción
2021,5861,2021-10-30,Sabado,02:25:00,Ruta Provincial 66,76.0,3,"Automóvil,Camión c / Acoplado,Pickup/Utilitario", ,3,0,0,0,2,1,0,"-32.01959, -61.91866",Ruta,66,CARLOS PELLEGRINI,San MARTÍN,Asfalto,Natural,XVIII,S/D,Rural,Otra Señal,No existe,Intersección,Bueno,S/D,Nocturna,S/D,Múltiple,S/D,Colisión,Ninguna,Faltante,Cordón divisorio,Sin restricción
2021,5862,2021-09-17,Viernes,,,0.0,1,Moto/Ciclomotor,Rivadavia Y Tucumán,1,1,0,0,0,0,0,"-31.734872685383,-61.09205647528",Calle,,SAN CARLOS CENTRO,Las Colonias,Asfalto,No existe,XI,Dentro,Urbana,Otra Señal,No existe,Intersección,Bueno,Buena,Diurna,Buen Tiempo,Múltiple,S/D,Colisión,Ninguna,Faltante,Cordón divisorio,Sin restricción
2021,5863,2021-09-20,Lunes,18:35:00,,0.0,2,"Automóvil,Moto/Ciclomotor",Calle 43-Fuerza Aérea Y Calle 44-27 de Abril,3,2,0,0,1,0,0,"-29.156741530193,-59.664231862397",Calle,,RECONQUISTA,General Obligado,Asfalto,S/D,IX,Dentro,Urbana,Otra Señal,S/D,Intersección,Bueno,S/D,Diurna,S/D,Múltiple,S/D,Colisión,Ninguna,S/D,Cordón divisorio,Sin restricción
2021,5864,2021-09-18,Sabado,19:30:00,,0.0,2,"Automóvil,Moto/Ciclomotor",Av. Dr. Luis Chapuis Y Manuel Vicente Manzano,2,1,0,0,1,0,0,"-33.727093153426,-61.983102562261",Avenida,,VENADO TUERTO,General LÓPEZ,Asfalto,No existe,VIII,Dentro,Urbana,Otra Señal,No existe,Intersección,Bueno,S/D,Atardecer,Buen Tiempo,Múltiple,S/D,Colisión,Ninguna,Faltante,Cordón divisorio,Sin restricción
2021,5865,2021-09-18,Sabado,,,0.0,2,"Transporte de Pasajeros Urbano (> 8 asientos),Moto/Ciclomotor",Av. Blas Parera Y Av. Santa Fe,2,1,0,0,1,0,0,"-31.57429398046,-60.728797526692",Avenida,,SANTA FE,La Capital,Asfalto,No existe,I,Dentro,Urbana,Otra Señal,No existe,Intersección,Bueno,Buena,Diurna,Buen Tiempo,Múltiple,S/D,Colisión,Ninguna,Faltante,Cordón divisorio,Sin restricción
2021,5867,2021-08-17,Martes,12:00:00,,0.0,2,"Moto/Ciclomotor,Automóvil",Sarmiento Y San Lorenzo,2,1,0,0,1,0,0,"-30.9416, -61.55836",Calle,,CALCHAQUÍ,Vera,Ripio,No existe,XIX,S/D,Urbana,Otra Señal,No existe,Intersección,Bueno,Buena,Diurna,Buen Tiempo,Múltiple,S/D,Colisión,Ninguna,Faltante,Cordón divisorio,Sin restricción
2021,5868,2021-09-18,Sabado,,,0.0,2,"Pickup/Utilitario,Moto/Ciclomotor",Av. Blas Parera Y Florencio Fernández,2,1,0,0,1,0,0,"-31.576195797916,-60.728196071169",Avenida,,SANTA FE,La Capital,Asfalto,No existe,I,Dentro,Urbana,Otra Señal,Funciona,Intersección,Bueno,Buena,Diurna,Buen Tiempo,Múltiple,S/D,Colisión,Ninguna,Vertical,Cordón divisorio,Sin restricción
2021,5869,2021-09-18,Sabado,12:30:00,Ruta Nacional 11,0.0,2,"Moto/Ciclomotor,Moto/Ciclomotor",Av. Mitre Y Ruta Nacional 11,3,3,0,0,0,0,0,"-31.49232566356659,-60.732542574405",Ruta,11,RECREO,La Capital,Asfalto,No existe,I,Dentro,Urbana,Otra Señal,Funciona,Intersección,S/D,S/D,Diurna,S/D,Múltiple,S/D,Colisión,S/D,Vertical,Cordón divisorio,Sin restricción
2021,5870,2021-08-17,Martes,13:20:00,,0.0,2,"Moto/Ciclomotor,Camión Chasis",San Martin ,2,1,0,0,1,0,0,"-32.74734, -60.75485",Calle,,VERA,Vera,Asfalto,No existe,XIX,Dentro,Urbana,Otra Señal,No existe,Intersección,Bueno,Buena,Diurna,Buen Tiempo,Múltiple,S/D,Colisión,Ninguna,Faltante,Cordón divisorio,Sin restricción
2021,5871,2021-08-06,Viernes,21:30:00,,0.0,2,"Moto/Ciclomotor,Automóvil",Avenida 21 Y Calle 14,2,1,0,0,1,0,0,"-32.67511, -61.5121",Avenida,,LAS PAREJAS,Belgrano,Asfalto,No existe,III,Dentro,Urbana,Otra Señal,No existe,Intersección,Bueno,Buena,Nocturna,Buen Tiempo,Múltiple,S/D,Colisión,Ninguna,S/D,Cordón divisorio,Sin restricción
2021,5872,2021-09-19,Domingo,00:21:00,Ruta Nacional 8,0.0,2,"Bicicleta,Pickup/Utilitario",Estados Unidos Y Ovidio Lagos Av.,2,1,0,0,1,0,0,"-33.764202, -61.966870",Ruta,8,VENADO TUERTO,General LÓPEZ,Asfalto,Ripio,VIII,Dentro,Urbana,Otra Señal,No existe,Intersección,S/D,S/D,Nocturna,S/D,Múltiple,Ciclista,Colisión,S/D,Horizontal,Cordón divisorio,Sin restricción
2021,5873,2021-09-20,Lunes,,,0.0,2,"Automóvil,Peatón",Mariano Moreno Y Mendoza,2,1,0,0,1,0,0,"-32.949315332297,-60.651866619123",Calle,,ROSARIO,Rosario,Asfalto,No existe,II,Dentro,Urbana,Otra Señal,No existe,Intersección,Bueno,Buena,"Nocturna,Con luz artificial",Buen Tiempo,Múltiple,Peatón,Colisión,Ninguna,Horizontal,Cordón divisorio,Sin restricción
2021,5874,2021-09-18,Sabado,19:50:00,Ruta Nacional 19,73.0,2,"Camión Chasis,Automóvil", ,3,2,0,0,1,0,0,"-31.576195797916,-60.728196071169",Ruta,19,ANGÉLICA,Castellanos,Asfalto,No existe,V,Dentro,Rural,Otra Señal,No existe,Intersección,Bueno,Buena,Diurna,Buen Tiempo,Múltiple,S/D,Colisión,Ninguna,Horizontal,Cordón divisorio,Sin restricción
2021,5875,2021-09-19,Domingo,,Ruta Nacional 34,213.0,1,Moto/Ciclomotor, ,2,2,0,0,0,0,0,"-31.327, -61.52304",Ruta,34,SUSANA,Castellanos,Asfalto,Natural,V,Dentro,Rural,Otra Señal,No existe,Intersección,S/D,S/D,Nocturna,S/D,Múltiple,S/D,Colisión,S/D,Horizontal,Cordón divisorio,Sin restricción
2021,5878,2021-09-18,Sabado,,,0.0,2,"Automóvil,Moto/Ciclomotor",Antonio Podio Y J J Paso,3,2,0,0,1,0,0,"-31.265542257963,-61.515018015641",Calle,,RAFAELA,Castellanos,Asfalto,No existe,V,Dentro,Urbana,Otra Señal,No existe,Intersección,Bueno,Buena,Diurna,Buen Tiempo,Múltiple,S/D,Colisión,Ninguna,Faltante,Cordón divisorio,Sin restricción
2021,5880,2021-10-25,Lunes,20:35:00,Ruta Nacional 8,359.0,2,"Moto/Ciclomotor,Camión Chasis",Ruta Nac 8 ,3,0,0,0,1,2,0,"-33.80276, -61.93354",Ruta,8,VENADO TUERTO,General LÓPEZ,Asfalto,Natural,VIII,S/D,Rural,Otra Señal,No existe,Intersección,Bueno,S/D,Nocturna,S/D,Múltiple,S/D,Colisión,Ninguna,Faltante,Cordón divisorio,Sin restricción
2021,5881,2021-09-18,Sabado,,Ruta Nacional 11,0.0,2,"Moto/Ciclomotor,Moto/Ciclomotor", ,2,2,0,0,0,0,0,"-28.222712028092,-59.264734015484",Ruta,11,EL RABÓN,General Obligado,S/D,S/D,IX,Dentro,S/D,Otra Señal,S/D,Intersección,S/D,S/D,Nocturna,S/D,Múltiple,S/D,Colisión,S/D,S/D,Cordón divisorio,Sin restricción
2021,5882,2021-08-14,Sabado,21:30:00,,0.0,2,"Moto/Ciclomotor,Automóvil",Maipú Y Moreno,2,1,0,0,1,0,0,"-32.47187, -61.57789",Calle,,LAS ROSAS,Belgrano,Hormigón,No existe,III,S/D,Urbana,Otra Señal,No existe,Intersección,Bueno,Buena,Nocturna,Buen Tiempo,Múltiple,S/D,Colisión,Ninguna,S/D,Cordón divisorio,Sin restricción
2021,5883,2021-09-18,Sabado,19:10:00,Ruta Provincial 31,0.0,2,"Camión,Pickup/Utilitario", ,2,2,0,0,0,0,0,"-29.0235614776611,-59.6510088443755",Ruta,31,ESTACIÓN MOUSSY,General Obligado,S/D,S/D,IX,Dentro,Urbana,Otra Señal,S/D,Intersección,S/D,S/D,Nocturna,S/D,Múltiple,S/D,Colisión,S/D,S/D,Cordón divisorio,Sin restricción
2021,5884,2021-10-29,Viernes,23:40:00,Autopista Provincial Brigadier E.LÓPEZ,96.0,2,"Camión c / Acoplado,Camión Chasis", ,2,1,0,0,0,1,0,"-32.08104, -60.99384",Autopista,Brigadier E.LÓPEZ,AROCENA,San JERÓNIMO,Asfalto,Pavimento,XV,S/D,Rural,Otra Señal,No existe,Intersección,Bueno,S/D,Nocturna,S/D,Múltiple,S/D,Colisión,Ninguna,Horizontal,Cordón divisorio,Sin restricción
2021,5885,2021-08-06,Viernes,17:20:00,Ruta Nacional 178,0.0,2,"Moto/Ciclomotor,Automóvil", ,7,3,0,0,4,0,0,"-32.48671, -61.58549",Ruta,178,LAS ROSAS,Belgrano,Asfalto,Ripio,III,Dentro,Urbana,Otra Señal,No existe,Intersección,Bueno,Buena,Diurna,Buen Tiempo,Múltiple,S/D,Colisión,Ninguna,S/D,Cordón divisorio,Sin restricción
2021,5886,2021-09-18,Sabado,06:40:00,Ruta Provincial 32,51.0,1,Pickup/Utilitario, ,2,2,0,0,0,0,0,"-28.506270498382147, -59.5576675961",Ruta,32,VILLA ANA,General Obligado,S/D,S/D,XI,Dentro,Rural,Otra Señal,S/D,Intersección,S/D,S/D,Amanecer,S/D,Múltiple,S/D,Colisión,S/D,S/D,Cordón divisorio,Sin restricción
2021,5887,2021-10-13,Miercoles,09:30:00,Ruta Provincial 91,18.0,3,"Camión c / Acoplado,Camión,Camión", ,3,2,0,0,0,1,0,"-32.60596, -61.04387",Ruta,91,SERODINO,Iriondo,Asfalto,Natural,X,S/D,Rural,Otra Señal,No existe,Intersección,Bueno,Reducida,Diurna,Lluvia,Múltiple,S/D,Colisión,Agua,Faltante,Cordón divisorio,Sin restricción
2021,5888,2021-08-18,Miercoles,17:40:00,,0.0,2,"Moto/Ciclomotor,Moto/Ciclomotor",Rosario Y Pte. Perón,2,1,0,0,1,0,0,"-32.95883, -60.693",Calle,,VERA,Vera,Asfalto,No existe,XIX,Dentro,Urbana,Otra Señal,No existe,Intersección,Bueno,Buena,Atardecer,Buen Tiempo,Múltiple,S/D,Colisión,Ninguna,Faltante,Cordón divisorio,Sin restricción
2021,5889,2021-08-18,Miercoles,19:25:00,,0.0,2,"Moto/Ciclomotor,Otros",Urquiza Y Corrientes,2,2,0,0,0,0,0,"-32.95883, -60.693",Calle,,VERA,Vera,Tierra,No existe,XIX,S/D,Urbana,Otra Señal,No existe,Intersección,Bueno,Reducida,Atardecer,Buen Tiempo,Múltiple,S/D,Colisión,Ninguna,Faltante,Cordón divisorio,Sin restricción