anio_acci,nro_acci,fecha,desc_dia,hora_aprox,desc_ruta,km,cant_participantes,desc_participante,calle_avenida_km,total,heridos_leves,heridos_graves,heridos_gravisimos,ilesos,fallecidos,sin_datos,posicion_XY,desc_tipo_via,desc_ruta_ori,desc_loc,desc_dpto,desc_tipo_calzada,desc_tipo_banquina,desc_unidad_regional,desc_lugar_calzada,desc_zona,desc_prioridad,desc_estado_semaforo,desc_lugar_via,desc_estado_via,desc_estado_visibilidad,desc_luminosidad,desc_estado_clima,desc_tipo_colision,desc_tipo_atropello,desc_tipo_hecho,desc_pres_calzada,desc_senializacion,desc_separacion_via,desc_restriccion
2021,5891,2021-08-26,Jueves,16:00:00,,0.0,2,"Camión Chasis,Moto/Ciclomotor",Corrientes Y Rivadavia,2,1,0,0,1,0,0,"-32.95883, -60.693",Calle,,VERA,Vera,Asfalto,No existe,XIX,S/D,Urbana,Otra Señal,No existe,Intersección,Bueno,Buena,Diurna,Buen Tiempo,Múltiple,S/D,Colisión,Ninguna,Faltante,Cordón divisorio,Sin restricción
2021,5892,2021-08-28,Sabado,17:10:00,Ruta Nacional 11,0.0,1,Automóvil, ,2,1,0,0,1,0,0,"-30.9416, -61.55836",Ruta,11,VERA,Vera,Asfalto,Natural,XIX,Dentro,Rural,Otra Señal,No existe,Intersección,Bueno,Buena,Diurna,Buen Tiempo,Múltiple,S/D,Colisión,Ninguna,Faltante,Cordón divisorio,Sin restricción
2021,5893,2021-08-26,Jueves,16:45:00,,0.0,2,"Bicicleta,Moto/Ciclomotor",E Alemán ,3,2,0,0,1,0,0,"-30.94675, -61.56826",Calle,,VERA,Vera,Asfalto,No existe,XIX,Dentro,Urbana,Otra Señal,No existe,Intersección,Bueno,Buena,Diurna,Buen Tiempo,Múltiple,S/D,Colisión,Ninguna,Faltante,Cordón divisorio,Sin restricción
2021,5894,2021-08-04,Miercoles,11:00:00,,0.0,2,"Automóvil,Moto/Ciclomotor",Bv Villa María Y Moreno,4,1,0,0,3,0,0,"-32.79144, -61.60332",Calle,,ARMSTRONG,Belgrano,Asfalto,No existe,III,Dentro,Urbana,Otra Señal,No existe,Intersección,Bueno,S/D,Amanecer,Buen Tiempo,Múltiple,S/D,Colisión,Ninguna,S/D,Cordón divisorio,Sin restricción
2021,5895,2021-08-10,Martes,21:00:00,,0.0,2,"Moto/Ciclomotor,Automóvil",A Castellanos Y Bv 14 de Diciembre,2,1,0,0,1,0,0,"-32.78263, -61.59832",Calle,,ARMSTRONG,Belgrano,Asfalto,No existe,III,S/D,Urbana,Otra Señal,No existe,Intersección,Bueno,Buena,Nocturna,Buen Tiempo,Múltiple,S/D,Colisión,Ninguna,Vertical,Cordón divisorio,Sin restricción
2021,5896,2021-08-28,Sabado,16:30:00,,0.0,1,Moto/Ciclomotor,Soldado Gómez 1362,1,1,0,0,0,0,0,"-29.4666, -60.2232",Calle,,VERA,Vera,Tierra,No existe,XIX,Dentro,Urbana,Otra Señal,No existe,Intersección,Bueno,Buena,Diurna,Buen Tiempo,Múltiple,S/D,Colisión,Ninguna,Faltante,Cordón divisorio,Sin restricción
2021,5900,2021-08-14,Sabado,02:30:00,,0.0,1,Moto/Ciclomotor,Bv Libertad ,1,1,0,0,0,0,0,"-32.1933, -61.70144",Calle,,EL TRÉBOL,San MARTÍN,Asfalto,No existe,XVIII,S/D,Urbana,Otra Señal,No existe,Intersección,Bueno,Buena,Nocturna,Buen Tiempo,Múltiple,S/D,Colisión,Ninguna,Vertical,Cordón divisorio,Sin restricción
2021,5901,2021-08-07,Sabado,,Ruta Provincial 1,0.0,2,"Automóvil,Automóvil", ,5,2,0,0,3,0,0,"-29.91365, -59.83446",Ruta,1,ALEJANDRA,San Javier,Asfalto,Natural,XIV,S/D,Rural,Otra Señal,No existe,Intersección,Bueno,Buena,Diurna,Buen Tiempo,Múltiple,S/D,Colisión,Ninguna,Vertical,Cordón divisorio,Sin restricción
2021,5903,2021-08-04,Miercoles,07:45:00,Ruta Provincial 1,0.0,2,"Camión c / Acoplado,Moto/Ciclomotor", ,3,0,0,1,2,0,0,"-30.5781, -59.93875",Ruta,1,SAN JAVIER,San Javier,Asfalto,Natural,XIV,Dentro,Urbana,Otra Señal,No existe,Intersección,Bueno,Buena,Diurna,Buen Tiempo,Múltiple,S/D,Colisión,Ninguna,S/D,Cordón divisorio,Sin restricción
2021,5904,2021-08-14,Sabado,06:45:00,,0.0,2,"Automóvil,Pickup/Utilitario", ,4,4,0,0,0,0,0,"-30.44863, -60.43118",S/D,,SILVA,San Justo,Asfalto,No existe,XVI,S/D,S/D,Otra Señal,No existe,Intersección,Bueno,Reducida,Amanecer,Niebla,Múltiple,S/D,Colisión,Ninguna,Vertical,Cordón divisorio,Sin restricción
2021,5905,2021-08-28,Sabado,10:50:00,,0.0,2,"Peatón,Moto/Ciclomotor",Rivadavia Y Corrientes,2,1,0,0,0,0,1,"-29.46585, -60.21082",Calle,,VERA,Vera,Asfalto,No existe,XIX,S/D,Urbana,Otra Señal,No existe,Intersección,Con baches,Buena,Nocturna,Buen Tiempo,Múltiple,Ciclista,Colisión,Ninguna,Faltante,Cordón divisorio,Sin restricción
2021,5906,2021-08-20,Viernes,15:15:00,Autovía Nacional 19,117.5,2,"Automóvil,Tractor", ,4,4,0,0,0,0,0,"-32.95883, -60.693",Autovía,19,ROSARIO,Rosario,Hormigón,Pavimento,II,Dentro,Rural,Otra Señal,No existe,Intersección,Bueno,Buena,Diurna,Buen Tiempo,Múltiple,S/D,Colisión,Ninguna,Vertical,Cordón divisorio,Sin restricción
2021,5907,2021-08-11,Miercoles,12:20:00,,0.0,2,"Moto/Ciclomotor,Automóvil",Zeballos Y 25 de Mayo,3,2,0,0,1,0,0,"-30.36027, -60.39912",Calle,,GOBERNADOR CRESPO,San Justo,Asfalto,No existe,XVI,Dentro,Urbana,Otra Señal,No existe,Intersección,Bueno,Buena,Diurna,Buen Tiempo,Múltiple,S/D,Colisión,Ninguna,Horizontal,Cordón divisorio,Sin restricción
2021,5908,2021-08-10,Martes,08:15:00,,0.0,2,"Automóvil,Moto/Ciclomotor",Belgrano Y M S M de Balcarce,3,2,0,0,1,0,0,"-30.79664, -60.59269",Calle,,SAN JUSTO,San Justo,Asfalto,No existe,XVI,Dentro,Urbana,Otra Señal,No existe,Intersección,Bueno,Buena,Diurna,Buen Tiempo,Múltiple,S/D,Colisión,Ninguna,Faltante,Cordón divisorio,Sin restricción
2021,5909,2021-08-04,Miercoles,,,0.0,2,"Moto/Ciclomotor,Automóvil",Tucumán Y Suipacha,2,1,0,0,1,0,0,"-32.9372, -60.66312",Calle,,ROSARIO,Rosario,Asfalto,S/D,II,Dentro,Urbana,Otra Señal,S/D,Intersección,S/D,S/D,S/D,S/D,Múltiple,S/D,Colisión,S/D,S/D,Cordón divisorio,Sin restricción
2021,5910,2021-08-13,Viernes,,,0.0,2,"Taxi/Remis,Automóvil",Rodríguez Y Urquiza,3,1,0,0,2,0,0,"-32.93935, -60.65786",Calle,,ROSARIO,Rosario,Asfalto,S/D,II,Dentro,Urbana,Otra Señal,S/D,Intersección,S/D,S/D,S/D,S/D,Múltiple,S/D,Colisión,S/D,S/D,Cordón divisorio,Sin restricción
2021,5911,2021-08-11,Miercoles,15:17:00,,0.0,2,"Moto/Ciclomotor,Automóvil",Maipú Y Mendoza,2,1,0,0,1,0,0,"-32.95206, -60.63653",Calle,,ROSARIO,Rosario,Asfalto,No existe,II,Dentro,Urbana,Otra Señal,No existe,Intersección,Bueno,Buena,Diurna,Buen Tiempo,Múltiple,S/D,Colisión,S/D,S/D,Cordón divisorio,Sin restricción
2021,5912,2021-08-14,Sabado,09:00:00,,0.0,2,"Bicicleta,Pickup/Utilitario",San Martin 1600,2,1,0,0,1,0,0,"-32.95649, -60.63914",Calle,,ROSARIO,Rosario,Asfalto,No existe,II,Dentro,Urbana,Otra Señal,No existe,Intersección,Bueno,Buena,Diurna,Buen Tiempo,Múltiple,Ciclista,Colisión,Ninguna,Faltante,Cordón divisorio,Sin restricción
2021,5913,2021-08-12,Jueves,09:00:00,,0.0,2,"Pickup/Utilitario,Peatón",3 De Febrero Y 1 de Mayo,2,1,0,0,1,0,0,"-32.95425, -60.63133",Calle,,ROSARIO,Rosario,Asfalto,No existe,II,Dentro,Urbana,Otra Señal,No existe,Intersección,Bueno,Buena,Diurna,Buen Tiempo,Múltiple,Peatón,Colisión,Ninguna,Faltante,Cordón divisorio,Sin restricción
2021,5914,2021-08-04,Miercoles,13:15:00,,0.0,2,"Peatón,Automóvil",Tucumán Y Av. Corrientes,2,1,0,0,1,0,0,"-32.94107, -60.64123",Calle,,ROSARIO,Rosario,Asfalto,No existe,II,Dentro,Urbana,Otra Señal,No existe,Intersección,Bueno,Buena,Diurna,Buen Tiempo,Múltiple,Peatón,Colisión,Ninguna,S/D,Cordón divisorio,Sin restricción
2021,5915,2021-08-06,Viernes,17:10:00,,0.0,2,"Automóvil,Moto/Ciclomotor",España Y Brown,2,1,0,0,1,0,0,"-32.93571, -60.64415",Calle,,ROSARIO,Rosario,Asfalto,No existe,II,Dentro,Urbana,Otra Señal,No existe,Intersección,Bueno,Buena,Diurna,Buen Tiempo,Múltiple,S/D,Colisión,Ninguna,Faltante,Cordón divisorio,Sin restricción
2021,5916,2021-08-06,Viernes,08:35:00,,0.0,2,"Peatón,Moto/Ciclomotor",Balcarce Y Montevideo,2,1,0,0,1,0,0,"-32.95368, -60.65437",Calle,,ROSARIO,Rosario,Asfalto,No existe,II,Dentro,Urbana,Otra Señal,No existe,Intersección,Bueno,Buena,Diurna,Buen Tiempo,Múltiple,Peatón,Colisión,Ninguna,Faltante,Cordón divisorio,Sin restricción
2021,5917,2021-08-03,Martes,12:00:00,,0.0,2,"Moto/Ciclomotor,Automóvil",Salta Y Cafferata,2,1,0,0,1,0,0,"-32.93362, -60.66926",Calle,,ROSARIO,Rosario,Asfalto,No existe,II,Dentro,Urbana,Otra Señal,No existe,Intersección,Bueno,Buena,Diurna,Buen Tiempo,Múltiple,S/D,Colisión,Ninguna,Faltante,Cordón divisorio,Sin restricción
2021,5918,2021-08-04,Miercoles,19:50:00,,0.0,2,"Automóvil,Moto/Ciclomotor",Pte. Roca Y Tucumán,2,1,0,0,1,0,0,"-32.94056, -60.6439",Calle,,ROSARIO,Rosario,Asfalto,No existe,II,Dentro,Urbana,Otra Señal,No existe,Intersección,Bueno,Buena,Diurna,Buen Tiempo,Múltiple,S/D,Colisión,Ninguna,Faltante,Cordón divisorio,Sin restricción
2021,5920,2021-08-08,Domingo,14:55:00,,0.0,2,"Pickup/Utilitario,Automóvil",Castellanos Y San Luis,3,1,0,0,2,0,0,"-32.94246, -60.67568",Calle,,ROSARIO,Rosario,Asfalto,No existe,II,Dentro,Urbana,Otra Señal,No existe,Intersección,Bueno,Buena,Diurna,Buen Tiempo,Múltiple,S/D,Colisión,Ninguna,Faltante,Cordón divisorio,Sin restricción
2021,5921,2021-08-13,Viernes,20:00:00,,0.0,2,"Automóvil,Vehículo Oficial",Av. Pellegrini Y Buenos Aires,2,1,0,0,1,0,0,"-32.95841, -60.63555",Calle,,ROSARIO,Rosario,Asfalto,No existe,II,Dentro,Urbana,Otra Señal,Funciona,Intersección,Bueno,Buena,Nocturna,Buen Tiempo,Múltiple,S/D,Colisión,Ninguna,Faltante,Cordón divisorio,Sin restricción
2021,5922,2021-08-12,Jueves,15:30:00,,0.0,2,"Moto/Ciclomotor,Automóvil",Laprida Y 3 De Febrero,2,1,0,0,1,0,0,"-32.95355, -60.63572",Calle,,ROSARIO,Rosario,S/D,No existe,II,Dentro,Urbana,Otra Señal,No existe,Intersección,Otro,Buena,Diurna,Buen Tiempo,Múltiple,S/D,Colisión,Ninguna,Faltante,Cordón divisorio,Sin restricción
2021,5923,2021-08-14,Sabado,10:30:00,,0.0,2,"Moto/Ciclomotor,Automóvil",Av. Pellegrini Y Bv. Oroño,2,1,0,0,1,0,0,"-32.9547, -60.65606",Calle,,ROSARIO,Rosario,Asfalto,No existe,II,Dentro,Urbana,Otra Señal,Funciona,Intersección,Bueno,Buena,Diurna,Buen Tiempo,Múltiple,S/D,Colisión,Ninguna,Faltante,Cordón divisorio,Sin restricción
2021,5924,2021-08-29,Domingo,19:20:00,,0.0,2,"Moto/Ciclomotor,Moto/Ciclomotor",América Y Rosario,3,2,0,0,1,0,0,"-32.70581, -60.74253",Calle,,PUERTO SAN MARTÍN,San Lorenzo,Asfalto,No existe,XVII,Dentro,Urbana,Otra Señal,No existe,Intersección,Bueno,Buena,Atardecer,Buen Tiempo,Múltiple,S/D,Colisión,Ninguna,Horizontal,Cordón divisorio,Sin restricción
2021,5925,2021-11-04,Jueves,22:05:00,,0.0,1,Moto/Ciclomotor,San Martin Y Salta,1,0,0,0,0,1,0,"-29.89356, -60.28855",Calle,,CALCHAQUÍ,Vera,Asfalto,S/D,XIX,S/D,Urbana,Otra Señal,No existe,Intersección,S/D,Reducida,Nocturna,Lluvia,Múltiple,S/D,Colisión,Agua,S/D,Cordón divisorio,Sin restricción
2021,5926,2021-08-12,Jueves,14:00:00,,0.0,2,"Moto/Ciclomotor,Pickup/Utilitario",F.More Y Virasoro,3,2,0,0,1,0,0,"-32.9611, -60.69294",Calle,,ROSARIO,Rosario,Asfalto,No existe,II,Dentro,Urbana,Otra Señal,No existe,Intersección,Bueno,Buena,Diurna,Buen Tiempo,Múltiple,S/D,Colisión,Ninguna,Faltante,Cordón divisorio,Sin restricción
2021,5927,2021-11-06,Sabado,08:20:00,Ruta Provincial 17,1.5,1,Moto/Ciclomotor, ,2,0,0,1,0,1,0,"-29.86742, -61.92562",Ruta,17,CERES,San CRISTÓBAL,Hormigón,No existe,XIII,Fuera,Rural,Otra Señal,No existe,Intersección,Bueno,Buena,Diurna,Buen Tiempo,Múltiple,S/D,Colisión,Ninguna,Faltante,Cordón divisorio,Sin restricción
2021,5928,2021-08-30,Lunes,17:35:00,,0.0,3,"Moto/Ciclomotor,Automóvil,Automóvil",Córdoba Y 9 de Julio,3,1,0,0,2,0,0,"-32.71717, -60.73335",Calle,,PUERTO SAN MARTÍN,San Lorenzo,Asfalto,No existe,XVII,Dentro,Urbana,Otra Señal,No existe,Intersección,Bueno,Buena,Diurna,Buen Tiempo,Múltiple,S/D,Colisión,Ninguna,Horizontal,Cordón divisorio,Sin restricción
2021,5929,2021-08-05,Jueves,16:20:00,,0.0,2,"Moto/Ciclomotor,Automóvil",Cochabamba Y Av. Corrientes,7,2,0,0,5,0,0,"-32.95772, -60.64539",Calle,,ROSARIO,Rosario,Asfalto,No existe,II,Dentro,Urbana,Otra Señal,No existe,Intersección,Bueno,Buena,Diurna,Buen Tiempo,Múltiple,S/D,Colisión,Ninguna,Faltante,Cordón divisorio,Sin restricción
2021,5930,2021-08-18,Miercoles,18:30:00,Ruta Nacional 11,0.0,2,"Pickup/Utilitario,Moto/Ciclomotor",Av. San Martin Y Alvear,2,1,0,0,1,0,0,"-32.78062, -60.72709",Ruta,11,FRAY LUIS BELTRÁN,San Lorenzo,Asfalto,Pavimento,XVII,Dentro,Urbana,Otra Señal,No existe,Intersección,Bueno,Buena,Atardecer,Otro,Múltiple,S/D,Colisión,Ninguna,Faltante,Cordón divisorio,Sin restricción
2021,5931,2021-08-08,Domingo,02:20:00,,0.0,2,"Taxi/Remis,Automóvil",Balcarce 1413,5,4,0,0,1,0,0,"-32.95166, -60.65361",Calle,,ROSARIO,Rosario,Asfalto,No existe,II,Dentro,Urbana,Otra Señal,No existe,Intersección,Bueno,Buena,Nocturna,Buen Tiempo,Múltiple,S/D,Colisión,Ninguna,Faltante,Cordón divisorio,Sin restricción
2021,5932,2021-08-20,Viernes,09:40:00,Ruta Nacional 11,0.0,2,"Moto/Ciclomotor,Automóvil",Av. San Martin Y Pte. Illia -Ex. Entre Ríos,2,1,0,0,1,0,0,"-32.79144, -60.72379",Ruta,11,FRAY LUIS BELTRÁN,San Lorenzo,Asfalto,Pavimento,XVII,Dentro,Urbana,Otra Señal,Funciona,Intersección,Bueno,Buena,Diurna,Buen Tiempo,Múltiple,S/D,Colisión,Ninguna,Vertical,Cordón divisorio,Sin restricción
2021,5933,2021-08-09,Lunes,18:00:00,,0.0,1,Moto/Ciclomotor,Mendoza Y Rodríguez,2,1,0,0,1,0,0,"-32.94787, -60.66",Calle,,ROSARIO,Rosario,Asfalto,No existe,II,Dentro,Urbana,Otra Señal,No existe,Intersección,Bueno,Buena,Diurna,Buen Tiempo,Múltiple,S/D,Colisión,Ninguna,Faltante,Cordón divisorio,Sin restricción
2021,5934,2021-08-20,Viernes,13:00:00,Autopista Provincial Brigadier E.LÓPEZ,10.0,1,Camión Chasis, ,1,1,0,0,0,0,0,"-32.78659, -60.74468",Autopista,Brigadier E.LÓPEZ,FRAY LUIS BELTRÁN,San Lorenzo,S/D,No existe,XVII,Dentro,Urbana,Otra Señal,No existe,Intersección,Bueno,Buena,Diurna,Buen Tiempo,Múltiple,S/D,Colisión,Ninguna,Faltante,Cordón divisorio,Sin restricción
2021,5935,2021-11-06,Sabado,03:00:00,,0.0,2,"Moto/Ciclomotor,Camión Chasis",Avenida Mitre Y Pérez de Denis Gregoria,4,0,0,0,3,1,0,"-29.88875, -61.94757",Avenida,,CERES,San CRISTÓBAL,Asfalto,No existe,XIII,Dentro,Urbana,Otra Señal,No existe,Intersección,Bueno,Buena,"Nocturna,Con luz artificial",Buen Tiempo,Múltiple,S/D,Colisión,Ninguna,Vertical,Cordón divisorio,Sin restricción
2021,5936,2021-08-12,Jueves,09:00:00,,0.0,2,"Bicicleta,Automóvil",Pte. Roca Y Riobamba,2,1,0,0,1,0,0,"-32.96185, -60.6493",S/D,,ROSARIO,Rosario,Asfalto,No existe,II,S/D,S/D,Otra Señal,No existe,Intersección,Bueno,Buena,Diurna,Buen Tiempo,Múltiple,Ciclista,Colisión,Ninguna,Faltante,Cordón divisorio,Sin restricción
2021,5937,2021-08-14,Sabado,11:00:00,,0.0,2,"Peatón,Automóvil",Bv. Oroño Y Bv. 27 De Febrero,2,1,0,0,1,0,0,"-32.96488, -60.65871",Avenida,,ROSARIO,Rosario,Asfalto,No existe,I,Dentro,Urbana,Otra Señal,Funciona,Intersección,Bueno,Buena,Diurna,Buen Tiempo,Múltiple,Peatón,Colisión,Ninguna,Vertical,Cordón divisorio,Sin restricción
2021,5938,2021-08-11,Miercoles,17:30:00,,0.0,2,"Moto/Ciclomotor,Automóvil",Bv. Oroño Y Av. Dante Alighieri,2,1,0,0,1,0,0,"-32.96248, -60.65813",Calle,,ROSARIO,Rosario,Asfalto,No existe,II,Dentro,Urbana,Otra Señal,No existe,Intersección,Bueno,Buena,Diurna,Buen Tiempo,Múltiple,S/D,Colisión,Agua,Faltante,Cordón divisorio,Sin restricción
2021,5939,2021-08-10,Martes,12:30:00,,0.0,2,"Moto/Ciclomotor,Automóvil",Entre Ríos Y Ocampo,3,2,0,0,1,0,0,"-32.96596, -60.64603",Calle,,ROSARIO,Rosario,Asfalto,No existe,II,Dentro,Urbana,Otra Señal,No existe,Intersección,Bueno,Buena,Diurna,Buen Tiempo,Múltiple,S/D,Colisión,Ninguna,Faltante,Cordón divisorio,Sin restricción
2021,5940,2021-11-07,Domingo,06:50:00,,0.0,1,Moto/Ciclomotor,Santiago del Estero Y General López,1,0,0,0,0,1,0,"-30.69255, -61.04916",Calle,,ELISA,Las Colonias,Asfalto,No existe,XI,Fuera,Urbana,Otra Señal,No existe,Intersección,Bueno,Buena,Nocturna,Buen Tiempo,Múltiple,S/D,Colisión,Ninguna,Faltante,Cordón divisorio,Sin restricción
2021,5941,2021-08-05,Jueves,16:20:00,,0.0,2,"Moto/Ciclomotor,Automóvil",Av. Corrientes Y Cerrito,3,2,0,0,1,0,0,"-32.96128, -60.64619",Calle,,ROSARIO,Rosario,Asfalto,No existe,II,Dentro,Urbana,Otra Señal,No existe,Intersección,Bueno,Buena,Diurna,Buen Tiempo,Múltiple,S/D,Colisión,Ninguna,Faltante,Cordón divisorio,Sin restricción
2021,5942,2021-08-06,Viernes,17:35:00,,0.0,2,"Moto/Ciclomotor,Automóvil",Bv. 27 De Febrero Y Alvear,2,1,0,0,1,0,0,"-32.96464, -60.65999",Avenida,,ROSARIO,Rosario,Asfalto,S/D,II,Dentro,Urbana,Otra Señal,No existe,Intersección,Bueno,Buena,Diurna,Buen Tiempo,Múltiple,S/D,Colisión,Ninguna,Faltante,Cordón divisorio,Sin restricción
2021,5943,2021-08-04,Miercoles,20:20:00,,0.0,2,"Moto/Ciclomotor,Moto/Ciclomotor",Cochabamba Y Av. Corrientes,2,1,0,0,1,0,0,"-32.95772, -60.64534",Calle,,ROSARIO,Rosario,Asfalto,S/D,II,Dentro,Urbana,Otra Señal,No existe,Intersección,Bueno,Buena,"Nocturna,Con luz artificial",Buen Tiempo,Múltiple,S/D,Colisión,Ninguna,Faltante,Cordón divisorio,Sin restricción
2021,5944,2021-08-04,Miercoles,13:00:00,,0.0,2,"Moto/Ciclomotor,Automóvil",Riobamba Y Beruti,3,2,0,0,1,0,0,"-32.9663, -60.62423",Calle,,ROSARIO,Rosario,Asfalto,No existe,II,Dentro,Urbana,Otra Señal,No existe,Intersección,Bueno,Buena,Diurna,Buen Tiempo,Múltiple,S/D,Colisión,Ninguna,Faltante,Cordón divisorio,Sin restricción
2021,5945,2021-08-03,Martes,21:00:00,,0.0,2,"Automóvil,Taxi/Remis",Cochabamba Y Av. Corrientes,5,2,0,0,3,0,0,"-32.95772, -60.64534",Calle,,ROSARIO,Rosario,Asfalto,S/D,II,Dentro,Urbana,Otra Señal,No existe,Intersección,Bueno,Buena,"Nocturna,Con luz artificial",Buen Tiempo,Múltiple,S/D,Colisión,Ninguna,Vertical,Cordón divisorio,Sin restricción
2021,5946,2021-08-03,Martes,07:50:00,,0.0,2,"Moto/Ciclomotor,Automóvil",Ituzaingó Y Paraguay,2,1,0,0,1,0,0,"-32.95976, -60.64733",Calle,,ROSARIO,Rosario,Asfalto,No existe,II,Dentro,Urbana,Otra Señal,No existe,Intersección,Bueno,Buena,Nocturna,Buen Tiempo,Múltiple,S/D,Colisión,Ninguna,Faltante,Cordón divisorio,Sin restricción
2021,5947,2021-08-02,Lunes,12:00:00,,0.0,2,"Moto/Ciclomotor,Automóvil",Viamonte ,2,1,0,0,1,0,0,"-32.9658, -60.64021",Calle,,ROSARIO,Rosario,Asfalto,S/D,II,Dentro,Urbana,Otra Señal,No existe,Intersección,Bueno,Buena,Diurna,Buen Tiempo,Múltiple,S/D,Colisión,Ninguna,Faltante,Cordón divisorio,Sin restricción
2021,5948,2021-08-02,Lunes,19:30:00,,0.0,2,"Moto/Ciclomotor,Automóvil",San Martin Y Ocampo,2,1,0,0,1,0,0,"-32.96672, -60.64179",Avenida,,ROSARIO,Rosario,Asfalto,No existe,II,Dentro,Urbana,Otra Señal,No existe,Intersección,Bueno,Buena,Diurna,Buen Tiempo,Múltiple,S/D,Colisión,Ninguna,Faltante,Cordón divisorio,Sin restricción
2021,5949,2021-08-02,Lunes,15:30:00,,0.0,2,"Bicicleta,Automóvil",Dorrego Y Ituzaingó,2,1,0,0,1,0,0,"-32.95866, -60.65289",Calle,,ROSARIO,Rosario,Asfalto,No existe,II,Dentro,Urbana,Otra Señal,No existe,Intersección,Bueno,Buena,Diurna,Buen Tiempo,Múltiple,Ciclista,Colisión,Ninguna,Faltante,Cordón divisorio,Sin restricción
2021,5950,2021-08-02,Lunes,18:30:00,,0.0,2,"Moto/Ciclomotor,Pickup/Utilitario",Colon Y Viamonte,4,3,0,0,1,0,0,"-32.96761, -60.63025",Calle,,ROSARIO,Rosario,Asfalto,No existe,II,Dentro,Urbana,Otra Señal,No existe,Intersección,Bueno,Buena,Atardecer,Buen Tiempo,Múltiple,S/D,Colisión,Ninguna,Faltante,Cordón divisorio,Sin restricción
2021,5951,2021-11-11,Jueves,20:40:00,Ruta Provincial 6,48.0,2,"Automóvil,Pickup/Utilitario", ,2,1,0,0,0,1,0,"-31.61799, -60.94855",Ruta,6,FRANCK,Las Colonias,Asfalto,Natural,XI,Dentro,Rural,Otra Señal,No existe,Intersección,Bueno,Reducida,Nocturna,Buen Tiempo,Múltiple,S/D,Colisión,Ninguna,Vertical,Cordón divisorio,Sin restricción
2021,5953,2021-08-04,Miercoles,12:15:00,,0.0,2,"Moto/Ciclomotor,Automóvil",Pje. Aconcagua Y Paysandú,3,1,0,0,0,0,2,"-32.88236, -60.69498",Calle,,ROSARIO,Rosario,Asfalto,No existe,II,Dentro,Urbana,Otra Señal,No existe,Intersección,Bueno,Reducida,Diurna,Buen Tiempo,Múltiple,Ciclista,Colisión,Ninguna,Faltante,Cordón divisorio,Sin restricción
2021,5954,2021-11-19,Viernes,18:40:00,,0.0,2,"Moto/Ciclomotor,Bicicleta",Rivadavia 2500,2,1,0,0,0,1,0,"-32.70709, -60.75084",Calle,,PUERTO SAN MARTÍN,San Lorenzo,Asfalto,No existe,XVII,Dentro,Urbana,Otra Señal,No existe,Intersección,Bueno,Buena,Diurna,Buen Tiempo,Múltiple,Ciclista,Colisión,Ninguna,Faltante,Cordón divisorio,Sin restricción
2021,5955,2021-11-20,Sabado,04:20:00,Ruta Provincial 13,269.0,2,"Moto/Ciclomotor,Automóvil",Ruta 13 ,6,2,0,0,3,1,0,"-30.3471, -61.24565",Ruta,13,SAN CRISTÓBAL,San CRISTÓBAL,Asfalto,Natural,XIII,Dentro,Rural,Otra Señal,No existe,Intersección,Deteriorada,Reducida,Nocturna,Buen Tiempo,Múltiple,S/D,Colisión,Ninguna,Faltante,Cordón divisorio,Sin restricción
2021,5956,2021-08-04,Miercoles,05:20:00,,0.0,2,"Moto/Ciclomotor,Automóvil",Junín Y Florida,2,1,0,0,1,0,0,"-32.92685, -60.68328",S/D,,ROSARIO,Rosario,Asfalto,S/D,II,S/D,Urbana,Otra Señal,S/D,Intersección,Bueno,S/D,S/D,Buen Tiempo,Múltiple,S/D,Colisión,Ninguna,S/D,Cordón divisorio,Sin restricción
2021,5957,2021-08-04,Miercoles,22:15:00,,0.0,2,"Automóvil,Moto/Ciclomotor",José Ingenieros Y L.M.Drago Bis,2,2,0,0,0,0,0,"-32.91607, -60.67648",S/D,,ROSARIO,Rosario,Asfalto,S/D,II,S/D,Urbana,Otra Señal,S/D,Intersección,Bueno,S/D,S/D,Buen Tiempo,Múltiple,S/D,Colisión,Ninguna,S/D,Cordón divisorio,Sin restricción
2021,5958,2021-08-05,Jueves,14:00:00,,0.0,2,"Moto/Ciclomotor,Automóvil",Nicolas Laguna Y Pje. Galileo,2,1,0,0,1,0,0,"-32.88746, -60.72407",Calle,,ROSARIO,Rosario,Asfalto,S/D,II,S/D,Urbana,Otra Señal,S/D,Intersección,S/D,S/D,S/D,Buen Tiempo,Múltiple,S/D,Colisión,S/D,S/D,Cordón divisorio,Sin restricción
2021,5959,2021-11-21,Domingo,10:20:00,,0.0,2,"Moto/Ciclomotor,Transporte de Pasajeros Urbano (> 8 asientos)",Laprida Y Av. Battle y Ordoñez,2,0,0,0,1,1,0,"-33.00886, -60.64671",Avenida,,ROSARIO,Rosario,Asfalto,No existe,II,S/D,Urbana,Otra Señal,Funciona,Intersección,Bueno,Buena,Diurna,Buen Tiempo,Múltiple,S/D,Colisión,Ninguna,Vertical,Cordón divisorio,Sin restricción
2021,5960,2021-08-28,Sabado,13:25:00,Autopista Provincial Brigadier E.LÓPEZ,11.0,2,"Automóvil,Automóvil", ,3,3,0,0,0,0,0,"-32.7885, -60.74425",Autopista,Brigadier E.LÓPEZ,FRAY LUIS BELTRÁN,San Lorenzo,Asfalto,No existe,XVII,Dentro,Rural,Otra Señal,No existe,Intersección,Bueno,S/D,Diurna,Buen Tiempo,Múltiple,S/D,Colisión,Ninguna,Faltante,Cordón divisorio,Sin restricción