anio_acci,nro_acci,fecha,desc_dia,hora_aprox,desc_ruta,km,cant_participantes,desc_participante,calle_avenida_km,total,heridos_leves,heridos_graves,heridos_gravisimos,ilesos,fallecidos,sin_datos,posicion_XY,desc_tipo_via,desc_ruta_ori,desc_loc,desc_dpto,desc_tipo_calzada,desc_tipo_banquina,desc_unidad_regional,desc_lugar_calzada,desc_zona,desc_prioridad,desc_estado_semaforo,desc_lugar_via,desc_estado_via,desc_estado_visibilidad,desc_luminosidad,desc_estado_clima,desc_tipo_colision,desc_tipo_atropello,desc_tipo_hecho,desc_pres_calzada,desc_senializacion,desc_separacion_via,desc_restriccion
2021,5961,2021-08-21,Sabado,15:00:00,Ruta Nacional 11,0.0,2,"Moto/Ciclomotor,Automóvil",Av. San Martin Y Belgrano,3,2,0,0,1,0,0,"-32.78224, -60.72662",Ruta,11,FRAY LUIS BELTRÁN,San Lorenzo,Asfalto,Pavimento,XVII,Dentro,Urbana,Otra Señal,Funciona,Intersección,Bueno,Buena,Diurna,Otro,Múltiple,S/D,Colisión,Ninguna,Vertical,Cordón divisorio,Sin restricción
2021,5962,2021-08-29,Domingo,18:10:00,,0.0,2,"Automóvil,Moto/Ciclomotor",Saavedra ,4,1,0,0,3,0,0,"-30.9416, -61.55836",Calle,,FRAY LUIS BELTRÁN,San Lorenzo,Tierra,No existe,XVII,Dentro,Urbana,Otra Señal,No existe,Intersección,Con baches,Buena,Atardecer,Otro,Múltiple,S/D,Colisión,Ninguna,Faltante,Cordón divisorio,Sin restricción
2021,5963,2021-08-22,Domingo,15:45:00,,0.0,2,"Pickup/Utilitario,Moto/Ciclomotor",Reconquista Y Alvear,2,1,0,0,1,0,0,"-32.74734, -60.75485",Calle,,FRAY LUIS BELTRÁN,San Lorenzo,Asfalto,No existe,XVII,Dentro,Urbana,Otra Señal,No existe,Intersección,Bueno,Buena,Diurna,Buen Tiempo,Múltiple,S/D,Colisión,Ninguna,S/D,Cordón divisorio,Sin restricción
2021,5964,2021-08-06,Viernes,10:30:00,,0.0,1,Moto/Ciclomotor,Sarmiento Y San Juan,1,1,0,0,0,0,0,"-30.87221, -61.34492",Calle,,HUMBERTO 1°,Castellanos,Ripio,No existe,V,S/D,Urbana,Otra Señal,No existe,Intersección,Deteriorada,Buena,Diurna,Buen Tiempo,Múltiple,S/D,Colisión,Ninguna,Faltante,Cordón divisorio,Sin restricción
2021,5965,2021-08-09,Lunes,,,0.0,2,"Moto/Ciclomotor,Automóvil",José Ingenieros Y Alberdi J B,2,1,0,0,1,0,0,"-30.94366, -61.56336",Calle,,SUNCHALES,Castellanos,Asfalto,Pavimento,V,S/D,Urbana,Otra Señal,No existe,Intersección,Bueno,Buena,Nocturna,Buen Tiempo,Múltiple,S/D,Colisión,Ninguna,Faltante,Cordón divisorio,Sin restricción
2021,5967,2021-11-24,Miercoles,02:15:00,Ruta Secundaria 80-s,7.0,1,Automóvil,Ruta Provincial 80 ,2,1,0,0,0,1,0,"-31.28944, -60.62736",Ruta,80-s,LAGUNA PAIVA,La Capital,Tierra,No existe,I,Fuera,Rural,Otra Señal,No existe,Intersección,Otro,Reducida,Nocturna,Buen Tiempo,Múltiple,S/D,Colisión,Ninguna,Faltante,Cordón divisorio,Sin restricción
2021,5968,2021-11-26,Viernes,20:45:00,Ruta Provincial 10,216.0,2,"Moto/Ciclomotor,Pickup/Utilitario", ,3,0,0,0,2,1,0,"-31.09389, -61.19197",Ruta,10,SARMIENTO,Las Colonias,Asfalto,Natural,XI,Dentro,Rural,Otra Señal,No existe,Intersección,Bueno,Buena,Nocturna,Buen Tiempo,Múltiple,S/D,Colisión,Ninguna,Faltante,Cordón divisorio,Sin restricción
2021,5969,2021-11-26,Viernes,15:40:00,Ruta Secundaria 83-s,120.0,2,"Tractor,Pickup/Utilitario",Ruta Prov. 83 S ,3,0,0,0,2,1,0,"-29.13499, -60.41742",Ruta,83-s,FORTÍN OLMOS,Vera,Tierra,Natural,XIX,Fuera,Rural,Otra Señal,No existe,Intersección,Ahuellamiento,Buena,Diurna,Buen Tiempo,Múltiple,S/D,Colisión,Otro,Faltante,Cordón divisorio,Sin restricción
2021,5971,2021-08-04,Miercoles,16:00:00,,0.0,2,"Moto/Ciclomotor,Pickup/Utilitario",Roca ,2,1,0,0,1,0,0,"-32.77269, -60.78502",S/D,,RICARDONE,San Lorenzo,S/D,S/D,XVII,S/D,S/D,Otra Señal,S/D,Intersección,S/D,S/D,S/D,S/D,Múltiple,S/D,Colisión,S/D,S/D,Cordón divisorio,Sin restricción
2021,5972,2021-08-17,Martes,12:30:00,,0.0,2,"Peatón,Camión c / Acoplado",Av. Belgrano ,2,1,0,0,1,0,0,"-32.82, -60.72386",Calle,,CAPITÁN BERMÚDEZ,San Lorenzo,Asfalto,S/D,XVII,Dentro,Urbana,Otra Señal,S/D,Intersección,S/D,S/D,Diurna,S/D,Múltiple,Peatón,Colisión,S/D,S/D,Cordón divisorio,Sin restricción
2021,5973,2021-11-27,Sabado,04:05:00,,0.0,1,Automóvil,Av. San Martin Y Santa Fe,1,0,0,0,0,1,0,"-32.79017, -60.72417",Avenida,,FRAY LUIS BELTRÁN,San Lorenzo,Asfalto,Pavimento,XVII,S/D,Urbana,Otra Señal,No existe,Intersección,Bueno,Buena,Nocturna,Otro,Múltiple,S/D,Colisión,Ninguna,Faltante,Cordón divisorio,Sin restricción
2021,5975,2021-08-17,Martes,20:30:00,Ruta Nacional 11,0.0,2,"Moto/Ciclomotor,Automóvil", ,2,2,0,0,0,0,0,"-32.73547, -60.73392",Ruta,11,SAN LORENZO,San Lorenzo,Asfalto,S/D,XVII,Dentro,Urbana,Otra Señal,S/D,Intersección,S/D,S/D,Nocturna,S/D,Múltiple,S/D,Colisión,S/D,S/D,Cordón divisorio,Sin restricción
2021,5977,2021-08-18,Miercoles,13:10:00,,0.0,2,"Pickup/Utilitario,Moto/Ciclomotor",B de Astrada Y Dorrego,3,2,0,0,1,0,0,"-32.73942, -60.7369",Calle,,SAN LORENZO,San Lorenzo,Asfalto,S/D,XVII,Dentro,Urbana,Otra Señal,S/D,Intersección,S/D,S/D,Diurna,S/D,Múltiple,S/D,Colisión,S/D,S/D,Cordón divisorio,Sin restricción
2021,5978,2021-08-19,Jueves,13:00:00,Ruta Nacional 11,0.0,2,"Peatón,Automóvil",Av. San Martin Y San Luis,2,1,0,0,1,0,0,"-32.75356, -60.73429",Ruta,11,SAN LORENZO,San Lorenzo,Asfalto,S/D,XVII,Dentro,Urbana,Otra Señal,S/D,Intersección,S/D,S/D,Diurna,S/D,Múltiple,S/D,Colisión,S/D,S/D,Cordón divisorio,Sin restricción
2021,5979,2021-08-19,Jueves,13:30:00,,0.0,2,"Moto/Ciclomotor,Moto/Ciclomotor",9 de Julio Y Thompson,3,3,0,0,0,0,0,"-32.78062, -60.72709",Calle,,SAN LORENZO,San Lorenzo,Asfalto,S/D,XVII,Dentro,Urbana,Otra Señal,S/D,Intersección,S/D,S/D,Diurna,S/D,Múltiple,S/D,Colisión,S/D,S/D,Cordón divisorio,Sin restricción
2021,5980,2021-08-21,Sabado,12:45:00,,0.0,2,"Pickup/Utilitario,Moto/Ciclomotor",C Escalada ,2,1,0,0,1,0,0,"-32.73547, -60.73392",Calle,,SAN LORENZO,San Lorenzo,Asfalto,S/D,XVII,Dentro,Urbana,Otra Señal,S/D,Intersección,S/D,S/D,Diurna,S/D,Múltiple,S/D,Colisión,S/D,S/D,Cordón divisorio,Sin restricción
2021,5982,2021-08-25,Miercoles,15:00:00,Ruta Nacional A012,0.0,2,"Moto/Ciclomotor,Pickup/Utilitario",Vélez Sarsfield ,2,1,0,0,1,0,0,"-32.76798, -60.73431",Ruta,A012,SAN LORENZO,San Lorenzo,Asfalto,S/D,XVII,Dentro,Urbana,Otra Señal,S/D,Intersección,S/D,S/D,Diurna,S/D,Múltiple,S/D,Colisión,S/D,S/D,Cordón divisorio,Sin restricción
2021,5983,2021-08-05,Jueves,08:45:00,,0.0,1,Automóvil, ,1,1,0,0,0,0,0,"-32.66506, -60.7952",Calle,,TIMBÚES,San Lorenzo,Asfalto,Natural,XVII,Fuera,Rural,Otra Señal,No existe,Intersección,Bueno,Buena,Diurna,Buen Tiempo,Múltiple,S/D,Colisión,Ninguna,Vertical,Cordón divisorio,Sin restricción
2021,5984,2021-08-24,Martes,,,0.0,2,"Bicicleta,Automóvil",Vélez Sarsfield ,2,1,0,0,1,0,0,"-32.78062, -60.72709",Calle,,SAN LORENZO,San Lorenzo,Asfalto,S/D,XVII,S/D,S/D,Otra Señal,S/D,Intersección,S/D,S/D,S/D,S/D,Múltiple,S/D,Colisión,S/D,S/D,Cordón divisorio,Sin restricción
2021,5985,2021-08-01,Domingo,17:00:00,,0.0,2,"Automóvil,Moto/Ciclomotor",Mitre Y Padre O Madesma,3,1,0,0,2,0,0,"-32.66983, -60.78468",Calle,,TIMBÚES,San Lorenzo,Ripio,No existe,XVII,S/D,Urbana,Otra Señal,No existe,Intersección,Bueno,Buena,Diurna,Buen Tiempo,Múltiple,S/D,Colisión,Ninguna,S/D,Cordón divisorio,Sin restricción
2021,5986,2021-08-14,Sabado,11:00:00,,0.0,1,Moto/Ciclomotor,Av. San Martin Y Tte. roca,1,1,0,0,0,0,0,"-32.66732, -60.7928",Calle,,SAN LORENZO,San Lorenzo,Hormigón,Ripio,XVII,Dentro,Urbana,Otra Señal,No existe,Intersección,Bueno,Buena,Diurna,Buen Tiempo,Múltiple,S/D,Colisión,Ninguna,Vertical,Cordón divisorio,Sin restricción
2021,5987,2021-08-09,Lunes,16:40:00,,0.0,2,"Automóvil,Automóvil",Granadero Baigorria Y Clemente Albelo,2,1,0,0,1,0,0,"-32.73333, -60.74036",S/D,,SAN LORENZO,San Lorenzo,Asfalto,S/D,XVII,S/D,S/D,Otra Señal,S/D,Intersección,S/D,S/D,S/D,S/D,Múltiple,S/D,Colisión,S/D,S/D,Cordón divisorio,Sin restricción
2021,5990,2021-08-05,Jueves,20:40:00,Ruta Nacional 11,0.0,2,"Moto/Ciclomotor,Moto/Ciclomotor", ,2,2,0,0,0,0,0,"-32.76628, -60.73149",Ruta,11,SAN LORENZO,San Lorenzo,S/D,S/D,XVII,S/D,Urbana,Otra Señal,S/D,Intersección,S/D,S/D,S/D,S/D,Múltiple,S/D,Colisión,S/D,S/D,Cordón divisorio,Sin restricción
2021,5991,2021-11-29,Lunes,20:40:00,Ruta Nacional 11,451.0,2,"Peatón,Automóvil",Turquía ,3,0,0,0,2,1,0,"-31.73188, -60.81514",Ruta,11,SAUCE VIEJO,La Capital,Asfalto,Ripio,I,S/D,Urbana,Otra Señal,No existe,Intersección,S/D,Buena,Nocturna,Buen Tiempo,Múltiple,Peatón,Colisión,Ninguna,Faltante,Cordón divisorio,Sin restricción
2021,5992,2021-08-04,Miercoles,07:30:00,,0.0,1,Otros,Uruguay ,1,1,0,0,0,0,0,"-32.72684, -60.73593",Calle,,SAN LORENZO,San Lorenzo,S/D,S/D,XVII,S/D,S/D,Otra Señal,S/D,Intersección,S/D,S/D,S/D,S/D,Múltiple,S/D,Colisión,S/D,S/D,Cordón divisorio,Sin restricción
2021,5993,2021-11-07,Domingo,18:30:00,Ruta Nacional 11,333.0,1,Moto/Ciclomotor,Ruta 18 S Y Ruta Nac 11,1,0,0,0,0,1,0,"-32.71305, -60.75713",Ruta,11,PUERTO SAN MARTÍN,San Lorenzo,Asfalto,Ripio,XVII,Dentro,Urbana,Otra Señal,No existe,Intersección,Con baches,Buena,Diurna,Buen Tiempo,Múltiple,S/D,Colisión,Ninguna,Faltante,Cordón divisorio,Sin restricción
2021,5994,2021-08-03,Martes,06:35:00,,0.0,2,"Moto/Ciclomotor,Taxi/Remis",Granadero Baigorria Y Av. San Martin,2,1,0,0,1,0,0,"-32.73444, -60.73383",Avenida,,SAN LORENZO,San Lorenzo,Asfalto,S/D,XVII,S/D,Urbana,Otra Señal,S/D,Intersección,S/D,S/D,S/D,S/D,Múltiple,S/D,Colisión,S/D,S/D,Cordón divisorio,Sin restricción
2021,5995,2021-08-11,Miercoles,08:15:00,,0.0,2,"Moto/Ciclomotor,Moto/Ciclomotor",Independencia Y Libertad,2,1,0,0,1,0,0,"-32.88918, -60.9046",Calle,,ROLDÁN,San Lorenzo,Asfalto,S/D,XVII,S/D,Urbana,Otra Señal,S/D,Intersección,Bueno,S/D,Diurna,S/D,Múltiple,S/D,Colisión,S/D,S/D,Cordón divisorio,Sin restricción
2021,5996,2021-08-31,Martes,,,0.0,2,"Pickup/Utilitario,Bicicleta",Richieri Y Dorrego,2,1,0,0,1,0,0,"-32.74868, -60.73735",Calle,,SAN LORENZO,San Lorenzo,Asfalto,S/D,XVII,S/D,S/D,Otra Señal,S/D,Intersección,S/D,S/D,S/D,S/D,Múltiple,S/D,Colisión,S/D,S/D,Cordón divisorio,Sin restricción
2021,5997,2021-08-31,Martes,21:40:00,,0.0,2,"Automóvil,Automóvil",Irigoyen Y Santiago del Estero,5,4,0,0,1,0,0,"-32.74868, -60.73738",Calle,,SAN LORENZO,San Lorenzo,Asfalto,S/D,XVII,Dentro,Urbana,Otra Señal,S/D,Intersección,S/D,S/D,Nocturna,S/D,Múltiple,S/D,Colisión,S/D,S/D,Cordón divisorio,Sin restricción
2021,5999,2021-08-14,Sabado,02:40:00,Ruta Nacional 9,0.0,1,Moto/Ciclomotor,Urquiza ,1,1,0,0,0,0,0,"-32.90553, -60.90875",Ruta,9,ROLDÁN,San Lorenzo,Asfalto,S/D,XVII,S/D,S/D,Otra Señal,S/D,Intersección,Bueno,S/D,Nocturna,S/D,Múltiple,S/D,Colisión,S/D,S/D,Cordón divisorio,Sin restricción
2021,6000,2021-08-12,Jueves,15:00:00,,0.0,1,Moto/Ciclomotor,Almte. Brown Y Santa Fe,1,1,0,0,0,0,0,"-32.89569, -60.90772",Calle,,ROLDÁN,San Lorenzo,Asfalto,S/D,XVII,S/D,Urbana,Otra Señal,S/D,Intersección,Bueno,S/D,Diurna,S/D,Múltiple,S/D,Colisión,S/D,S/D,Cordón divisorio,Sin restricción
2021,6001,2021-08-04,Miercoles,14:44:00,Autopista Nacional Rosario -Cordoba,320.0,2,"Camión Chasis,Camión c / Acoplado", ,2,1,0,0,1,0,0,"-32.92017, -60.92545",Autopista,Rosario -Cordoba,ROLDÁN,San Lorenzo,Asfalto,Natural,XVII,S/D,S/D,Otra Señal,S/D,Intersección,Bueno,S/D,Diurna,S/D,Múltiple,S/D,Colisión,S/D,S/D,Cordón divisorio,Sin restricción
2021,6002,2021-11-03,Miercoles,11:40:00,,0.0,2,"Bicicleta,Automóvil",Bv Gálvez Y Candioti,2,0,0,0,1,1,0,"-31.6373, -60.69551",Calle,,SANTA FE,La Capital,Asfalto,No existe,I,S/D,Urbana,Otra Señal,Funciona,Intersección,Bueno,S/D,Diurna,S/D,Múltiple,Ciclista,Colisión,S/D,Vertical,Cordón divisorio,Sin restricción
2021,6003,2021-08-01,Domingo,14:25:00,,0.0,2,"Automóvil,Automóvil",Bv Estanislao López Y Avellaneda,3,2,0,0,1,0,0,"-32.8982, -60.90414",Calle,,ROLDÁN,San Lorenzo,Asfalto,S/D,XVII,S/D,Urbana,Otra Señal,No existe,Intersección,Bueno,S/D,Diurna,S/D,Múltiple,S/D,Colisión,S/D,S/D,Cordón divisorio,Sin restricción
2021,6004,2021-08-28,Sabado,08:45:00,,0.0,1,Moto/Ciclomotor, ,1,1,0,0,0,0,0,"-32.7885, -60.74425",Calle,,SAN LORENZO,San Lorenzo,Asfalto,S/D,XVII,Dentro,Urbana,Otra Señal,S/D,Intersección,S/D,S/D,Diurna,S/D,Múltiple,S/D,Colisión,S/D,S/D,Cordón divisorio,Sin restricción
2021,6005,2021-08-02,Lunes,09:00:00,,0.0,1,Moto/Ciclomotor,Reconquista ,1,1,0,0,0,0,0,"-29.14568, -59.64257",S/D,,PUERTO SAN MARTÍN,San Lorenzo,Asfalto,No existe,XVII,S/D,S/D,Otra Señal,No existe,Intersección,Bueno,Buena,Diurna,Buen Tiempo,Múltiple,S/D,Colisión,Ninguna,Faltante,Cordón divisorio,Sin restricción
2021,6007,2021-11-04,Jueves,17:00:00,Autovía Nacional 19,6.3,2,"Bicicleta,Pickup/Utilitario", ,2,0,0,0,1,1,0,"-31.6595, -60.83993",Autovía,19,COLONIA SAN JOSÉ.,Las Colonias,Asfalto,Pavimento,XI,S/D,Rural,Otra Señal,No existe,Intersección,Bueno,S/D,Diurna,S/D,Múltiple,Ciclista,Colisión,Ninguna,Horizontal,Cordón divisorio,Sin restricción
2021,6010,2021-08-08,Domingo,03:10:00,Ruta Secundaria 18-s,0.0,1,Automóvil, ,2,2,0,0,0,0,0,"-32.70764, -60.79103",Ruta,18-s,PUERTO SAN MARTÍN,San Lorenzo,Asfalto,Ripio,XVII,Dentro,Urbana,Otra Señal,No existe,Intersección,Bueno,Buena,Nocturna,Buen Tiempo,Múltiple,S/D,Colisión,Ninguna,Faltante,Cordón divisorio,Sin restricción
2021,6011,2021-08-08,Domingo,04:35:00,,0.0,1,Moto/Ciclomotor,Córdoba Y Av. San Martin,2,2,0,0,0,0,0,"-32.71751, -60.73106",Calle,,PUERTO SAN MARTÍN,San Lorenzo,Asfalto,No existe,XVII,Dentro,Urbana,Otra Señal,No existe,Intersección,Bueno,Buena,Nocturna,Buen Tiempo,Múltiple,S/D,Colisión,Ninguna,Faltante,Cordón divisorio,Sin restricción
2021,6012,2021-08-21,Sabado,13:10:00,,0.0,2,"Moto/Ciclomotor,Automóvil",9 de Julio Y Reconquista,2,1,0,0,1,0,0,"-32.95883, -60.693",Calle,,TOSTADO,9 de Julio,Asfalto,No existe,XII,S/D,Urbana,Otra Señal,No existe,Intersección,Bueno,Reducida polvo,Diurna,S/D,Múltiple,S/D,Colisión,Ninguna,Faltante,Cordón divisorio,Sin restricción
2021,6013,2021-08-31,Martes,12:30:00,,0.0,1,Moto/Ciclomotor,José Félix Y Brig Juan Manuel de Rosas,2,2,0,0,0,0,0,"-29.2364, -61.75964",Calle,,TOSTADO,9 de Julio,Ripio,No existe,XII,Dentro,Urbana,Otra Señal,No existe,Intersección,S/D,Buena,Diurna,Buen Tiempo,Múltiple,S/D,Colisión,Ninguna,Faltante,Cordón divisorio,Sin restricción
2021,6015,2021-08-27,Viernes,18:00:00,,0.0,2,"Moto/Ciclomotor,Moto/Ciclomotor",Caseros Y Gral. Paz,2,2,0,0,0,0,0,"-30.30279, -61.23169",Calle,,SAN CRISTÓBAL,San CRISTÓBAL,Asfalto,No existe,XIII,Dentro,Urbana,Otra Señal,No existe,Intersección,Bueno,Buena,Diurna,Buen Tiempo,Múltiple,S/D,Colisión,Ninguna,Vertical,Cordón divisorio,Sin restricción
2021,6016,2021-08-22,Domingo,20:30:00,,0.0,1,Moto/Ciclomotor, ,2,2,0,0,0,0,0,"-32.75356, -60.73429",Camino Rural,,MONTE VERA,La Capital,Ripio,No existe,I,S/D,Rural,Otra Señal,No existe,Intersección,Con baches,Reducida polvo,Nocturna,Buen Tiempo,Múltiple,S/D,Colisión,Otro,Faltante,Cordón divisorio,Sin restricción
2021,6017,2021-08-31,Martes,12:30:00,,0.0,2,"Bicicleta,Automóvil",Rivadavia 2100,2,1,0,0,1,0,0,"-32.74868, -60.73735",Calle,,LAGUNA PAIVA,La Capital,Asfalto,No existe,I,Dentro,Urbana,Otra Señal,No existe,Intersección,Bueno,Buena,Diurna,Buen Tiempo,Múltiple,S/D,Colisión,Ninguna,Faltante,Cordón divisorio,Sin restricción
2021,6018,2021-08-27,Viernes,17:15:00,,0.0,2,"Moto/Ciclomotor,Otros",Las Heras Y San José,3,3,0,0,0,0,0,"-29.2364, -61.75964",Calle,,LAGUNA PAIVA,La Capital,Tierra,No existe,I,Dentro,Urbana,Otra Señal,No existe,Intersección,Bueno,Buena,Diurna,Buen Tiempo,Múltiple,S/D,Colisión,Ninguna,Faltante,Cordón divisorio,Sin restricción
2021,6019,2021-08-10,Martes,14:25:00,,0.0,2,"Bicicleta,Moto/Ciclomotor",Buenos Aires Y Belgrano,2,1,0,0,1,0,0,"-32.71228, -60.73409",S/D,,PUERTO SAN MARTÍN,San Lorenzo,Asfalto,No existe,XVII,Dentro,Urbana,Otra Señal,No existe,Intersección,Bueno,Buena,Diurna,Buen Tiempo,Múltiple,Ciclista,Colisión,Ninguna,Faltante,Cordón divisorio,Sin restricción
2021,6020,2021-11-04,Jueves,23:25:00,Ruta Provincial 1,153.0,2,"Bicicleta,Camión",Ruta Nº 1 ,2,0,0,0,1,1,0,"-30.52355, -59.92765",Ruta,1,SAN JAVIER,San Javier,Asfalto,Natural,XIV,S/D,Rural,Otra Señal,No existe,Intersección,Bueno,S/D,Nocturna,S/D,Múltiple,Ciclista,Colisión,Ninguna,Faltante,Cordón divisorio,Sin restricción
2021,6021,2021-08-10,Martes,19:40:00,Ruta Secundaria 18-s,0.0,2,"Moto/Ciclomotor,Automóvil",Ruta 18 S ,2,1,0,0,1,0,0,"-32.70835, -60.787",Ruta,18-s,PUERTO SAN MARTÍN,San Lorenzo,Asfalto,Ripio,XVII,Dentro,Urbana,Otra Señal,No existe,Intersección,Bueno,Buena,Nocturna,Buen Tiempo,Múltiple,S/D,Colisión,Ninguna,Faltante,Cordón divisorio,Sin restricción
2021,6023,2021-08-24,Martes,11:00:00,,0.0,2,"Pickup/Utilitario,Moto/Ciclomotor",Av. L de la Torre Y Santa Fe,2,1,0,0,1,0,0,"-31.30425, -60.65694",Calle,,LAGUNA PAIVA,La Capital,Asfalto,No existe,I,Dentro,Urbana,Otra Señal,No existe,Intersección,Bueno,Buena,Diurna,Buen Tiempo,Múltiple,S/D,Colisión,Ninguna,Faltante,Cordón divisorio,Sin restricción
2021,6024,2021-08-15,Domingo,16:20:00,,0.0,2,"Moto/Ciclomotor,Moto/Ciclomotor",Sgto. Cabral Y Jujuy,5,2,0,0,3,0,0,"-32.71304, -60.73534",Calle,,PUERTO SAN MARTÍN,San Lorenzo,Asfalto,No existe,XVII,Dentro,Urbana,Otra Señal,No existe,Intersección,Bueno,Buena,Diurna,Buen Tiempo,Múltiple,S/D,Colisión,Ninguna,Faltante,Cordón divisorio,Sin restricción
2021,6025,2021-08-02,Lunes,11:05:00,,0.0,2,"Bicicleta,Automóvil",Ituzaingó Y Pellegrini,2,1,0,0,1,0,0,"-32.77968, -60.73654",S/D,,FRAY LUIS BELTRÁN,San Lorenzo,Asfalto,No existe,XVII,S/D,S/D,Otra Señal,No existe,Intersección,Deteriorada,Buena,S/D,Otro,Múltiple,Ciclista,Colisión,Ninguna,Faltante,Cordón divisorio,Sin restricción
2021,6026,2021-08-02,Lunes,22:00:00,,0.0,2,"Peatón,Automóvil",Las Heras Y J J Paso,2,1,0,0,1,0,0,"-32.79992, -60.7261",S/D,,FRAY LUIS BELTRÁN,San Lorenzo,Asfalto,No existe,XVII,S/D,S/D,Otra Señal,No existe,Intersección,Bueno,Reducida,S/D,Otro,Múltiple,Peatón,Colisión,Ninguna,Faltante,Cordón divisorio,Sin restricción
2021,6027,2021-08-06,Viernes,15:10:00,,0.0,2,"Moto/Ciclomotor,Moto/Ciclomotor",Falucho Y Artigas,2,2,0,0,0,0,0,"-32.79661, -60.72688",S/D,,FRAY LUIS BELTRÁN,San Lorenzo,Asfalto,No existe,XVII,S/D,S/D,Otra Señal,No existe,Intersección,Bueno,Buena,S/D,Otro,Múltiple,S/D,Colisión,Ninguna,Faltante,Cordón divisorio,Sin restricción
2021,6028,2021-08-09,Lunes,17:25:00,,0.0,1,Moto/Ciclomotor,Av. San Martin Y Alvear,1,1,0,0,0,0,0,"-32.78065, -60.72706",S/D,,FRAY LUIS BELTRÁN,San Lorenzo,Asfalto,Pavimento,XVII,S/D,S/D,Otra Señal,No existe,Intersección,Bueno,Buena,S/D,Otro,Múltiple,S/D,Colisión,Ninguna,Faltante,Cordón divisorio,Sin restricción
2021,6029,2021-08-09,Lunes,,,0.0,2,"Automóvil,Moto/Ciclomotor",Quiroga Y Av. Fray Luis Beltrán,4,2,0,0,2,0,0,"-32.78905, -60.73454",S/D,,FRAY LUIS BELTRÁN,San Lorenzo,Asfalto,No existe,XVII,S/D,S/D,Otra Señal,No existe,Intersección,Otro,Buena,S/D,Otro,Múltiple,S/D,Colisión,Ninguna,Faltante,Cordón divisorio,Sin restricción
2021,6030,2021-11-13,Sabado,18:20:00,,0.0,1,Moto/Ciclomotor,Tucumán ,1,0,0,0,0,1,0,"-32.21049, -61.71396",Camino Rural,,EL TRÉBOL,San MARTÍN,Tierra,Natural,XVIII,S/D,Rural,Otra Señal,No existe,Intersección,"Ahuellamiento,Otro",Buena,Diurna,Buen Tiempo,Múltiple,S/D,Colisión,S/D,Faltante,Cordón divisorio,Sin restricción
2021,6031,2021-08-01,Domingo,,,0.0,2,"Bicicleta,Moto/Ciclomotor", ,2,1,0,0,0,0,1,"-32.82069, -60.72403",S/D,,CAPITÁN BERMÚDEZ,San Lorenzo,S/D,S/D,XVII,S/D,S/D,Otra Señal,S/D,Intersección,S/D,S/D,S/D,S/D,Múltiple,Ciclista,Colisión,S/D,S/D,Cordón divisorio,Sin restricción
2021,6033,2021-11-13,Sabado,04:02:00,,0.0,2,"Pickup/Utilitario,Automóvil",Av. Cobos Y A Victorero,3,2,0,0,0,1,0,"-34.26661, -62.71251",Avenida,,RUFINO,General LÓPEZ,Asfalto,No existe,VIII,S/D,Urbana,Otra Señal,No existe,Intersección,Bueno,S/D,Nocturna,S/D,Múltiple,S/D,Colisión,Ninguna,Faltante,Cordón divisorio,Sin restricción
2021,6034,2021-08-06,Viernes,,,0.0,2,"Moto/Ciclomotor,Automóvil",2 de Abril Y Formosa,2,1,0,0,1,0,0,"-32.8144, -60.71932",S/D,,CAPITÁN BERMÚDEZ,San Lorenzo,S/D,S/D,XVII,S/D,S/D,Otra Señal,S/D,Intersección,S/D,S/D,S/D,S/D,Múltiple,S/D,Colisión,S/D,S/D,Cordón divisorio,Sin restricción
2021,6035,2021-08-06,Viernes,,,0.0,2,"Moto/Ciclomotor,Automóvil",Eva Perón Y J V González,3,2,0,0,1,0,0,"-32.83178, -60.71467",S/D,,CAPITÁN BERMÚDEZ,San Lorenzo,S/D,S/D,XVII,S/D,S/D,Otra Señal,S/D,Intersección,S/D,S/D,S/D,S/D,Múltiple,S/D,Colisión,S/D,S/D,Cordón divisorio,Sin restricción
2021,6036,2021-08-06,Viernes,21:30:00,,0.0,2,"Automóvil,Moto/Ciclomotor",Av. San Lorenzo Y 9 de Julio,2,1,0,0,1,0,0,"-32.82029, -60.71513",S/D,,CAPITÁN BERMÚDEZ,San Lorenzo,S/D,S/D,XVII,S/D,S/D,Otra Señal,S/D,Intersección,S/D,S/D,Nocturna,S/D,Múltiple,S/D,Colisión,S/D,S/D,Cordón divisorio,Sin restricción
2021,6037,2021-02-26,Viernes,16:30:00,,0.0,2,"Moto/Ciclomotor,Moto/Ciclomotor",Bolívar Y E Zeballos,2,1,0,0,1,0,0,"-30.946362111923,-61.55804634126",Calle,,SUNCHALES,Castellanos,Asfalto,No existe,V,S/D,Urbana,Otra Señal,No existe,Intersección,Bueno,Buena,Diurna,Buen Tiempo,Múltiple,S/D,Colisión,Ninguna,Faltante,Cordón divisorio,Sin restricción
2021,6038,2021-08-11,Miercoles,19:45:00,,0.0,2,"Automóvil,Moto/Ciclomotor",Av. San Lorenzo 2500,2,0,0,0,1,0,1,"-32.82932, -60.71227",S/D,,CAPITÁN BERMÚDEZ,San Lorenzo,S/D,S/D,XVII,S/D,S/D,Otra Señal,S/D,Intersección,S/D,S/D,Nocturna,S/D,Múltiple,S/D,Colisión,S/D,S/D,Cordón divisorio,Sin restricción
2021,6039,2021-11-06,Sabado,23:30:00,,0.0,2,"Moto/Ciclomotor,Tractor",Calle 36 Y Av. 71,2,0,0,0,1,1,0,"-34.01684, -61.60913",Calle,,VILLA CAÑAS,General LÓPEZ,Tierra,No existe,VIII,S/D,Rural,Otra Señal,No existe,Intersección,Bueno,S/D,Nocturna,S/D,Múltiple,S/D,Colisión,Ninguna,Faltante,Cordón divisorio,Sin restricción
2021,6040,2021-08-02,Lunes,,,0.0,2,"Automóvil,Bicicleta",Av. San Martin Y San Luis,2,1,0,0,1,0,0,"-32.75357, -60.73441",S/D,,SAN LORENZO,San Lorenzo,S/D,S/D,XVII,S/D,Urbana,Otra Señal,S/D,Intersección,S/D,S/D,S/D,S/D,Múltiple,Ciclista,Colisión,S/D,S/D,Cordón divisorio,Sin restricción