anio_acci,nro_acci,fecha,desc_dia,hora_aprox,desc_ruta,km,cant_participantes,desc_participante,calle_avenida_km,total,heridos_leves,heridos_graves,heridos_gravisimos,ilesos,fallecidos,sin_datos,posicion_XY,desc_tipo_via,desc_ruta_ori,desc_loc,desc_dpto,desc_tipo_calzada,desc_tipo_banquina,desc_unidad_regional,desc_lugar_calzada,desc_zona,desc_prioridad,desc_estado_semaforo,desc_lugar_via,desc_estado_via,desc_estado_visibilidad,desc_luminosidad,desc_estado_clima,desc_tipo_colision,desc_tipo_atropello,desc_tipo_hecho,desc_pres_calzada,desc_senializacion,desc_separacion_via,desc_restriccion
2021,6041,2021-08-05,Jueves,17:15:00,,0.0,2,"Moto/Ciclomotor,Moto/Ciclomotor",Dorrego Y 9 de Julio,4,1,0,0,3,0,0,"-32.7381, -60.73685",S/D,,SAN LORENZO,San Lorenzo,S/D,S/D,XVII,S/D,S/D,Otra Señal,S/D,Intersección,S/D,S/D,Diurna,S/D,Múltiple,S/D,Colisión,S/D,S/D,Cordón divisorio,Sin restricción
2021,6042,2021-08-02,Lunes,17:25:00,,0.0,2,"Bicicleta,Automóvil",Santiago del Estero Y Irigoyen,2,1,0,0,1,0,0,"-32.74129, -60.73611",S/D,,SAN LORENZO,San Lorenzo,S/D,S/D,XVII,S/D,S/D,Otra Señal,S/D,Intersección,S/D,S/D,Diurna,S/D,Múltiple,Ciclista,Colisión,S/D,S/D,Cordón divisorio,Sin restricción
2021,6043,2021-08-05,Jueves,18:20:00,,0.0,2,"Moto/Ciclomotor,Automóvil",Av. San Martin Y Dr. Ghio,3,1,0,0,2,0,0,"-32.74969, -60.73427",S/D,,SAN LORENZO,San Lorenzo,S/D,S/D,XVII,S/D,Urbana,Otra Señal,S/D,Intersección,S/D,S/D,Diurna,S/D,Múltiple,S/D,Colisión,S/D,S/D,Cordón divisorio,Sin restricción
2021,6044,2021-08-06,Viernes,17:00:00,,0.0,2,"Bicicleta,Automóvil",Salta Y Av. San Martin,2,1,0,0,1,0,0,"-32.74495, -60.73411",S/D,,SAN LORENZO,San Lorenzo,S/D,S/D,XVII,S/D,Urbana,Otra Señal,S/D,Intersección,S/D,S/D,Diurna,S/D,Múltiple,Ciclista,Colisión,S/D,S/D,Cordón divisorio,Sin restricción
2021,6045,2021-11-09,Martes,11:30:00,Autopista Nacional A008,11.0,2,"Moto/Ciclomotor,Camión",Bv. 27 De Febrero Y Av. Circunvalación,2,0,0,0,1,1,0,"-32.95963, -60.72035",Autopista,A008,ROSARIO,Rosario,Asfalto,No existe,II,S/D,Urbana,Otra Señal,No existe,Intersección,Bueno,S/D,Diurna,S/D,Múltiple,S/D,Colisión,Ninguna,Faltante,Cordón divisorio,Sin restricción
2021,6047,2021-08-16,Lunes,20:10:00,,0.0,2,"Moto/Ciclomotor,Automóvil",Maipú Y Moreno,2,1,0,0,1,0,0,"-31.30537, -60.66049",Calle,,LAGUNA PAIVA,La Capital,Asfalto,No existe,I,Dentro,Urbana,Otra Señal,No existe,Intersección,Bueno,Buena,"Nocturna,Con luz artificial",Buen Tiempo,Múltiple,S/D,Colisión,Ninguna,Faltante,Cordón divisorio,Sin restricción
2021,6049,2021-11-13,Sabado,10:00:00,,0.0,2,"Moto/Ciclomotor,Camión c / Acoplado",Calle 5 Y San Francisco de Asís-Calle 66,3,1,0,0,1,1,0,"-31.42805, -62.06273",Calle,,FRONTERA,Castellanos,Asfalto,No existe,V,S/D,Urbana,Otra Señal,No existe,Intersección,Bueno,S/D,Diurna,Buen Tiempo,Múltiple,S/D,Colisión,Ninguna,Faltante,Cordón divisorio,Sin restricción
2021,6050,2021-08-18,Miercoles,23:00:00,,0.0,2,"Automóvil,Automóvil",Alvear Y Balcarce,2,1,0,0,1,0,0,"-31.63798, -60.69683",Calle,,SANTA FE,La Capital,Asfalto,No existe,I,Dentro,Urbana,Otra Señal,S/D,Intersección,Bueno,S/D,Nocturna,S/D,Múltiple,Ciclista,Colisión,S/D,S/D,Cordón divisorio,Sin restricción
2021,6051,2021-08-20,Viernes,12:30:00,,0.0,2,"Bicicleta,Automóvil",Candioti Y Gdor. Candioti,2,1,0,0,1,0,0,"-31.64009, -60.69626",Calle,,SANTA FE,La Capital,Asfalto,No existe,I,Dentro,Urbana,Otra Señal,S/D,Intersección,Bueno,S/D,Diurna,S/D,Múltiple,Ciclista,Colisión,S/D,S/D,Cordón divisorio,Sin restricción
2021,6052,2021-11-16,Martes,12:35:00,,0.0,2,"Moto/Ciclomotor,Automóvil",Italia Y Roque Sáenz PEÑA,2,0,0,0,1,1,0,"-33.73415, -61.96752",Calle,,VENADO TUERTO,General LÓPEZ,Tierra,No existe,VIII,S/D,Urbana,Otra Señal,No existe,Intersección,Bueno,S/D,Diurna,S/D,Múltiple,S/D,Colisión,Ninguna,Faltante,Cordón divisorio,Sin restricción
2021,6053,2021-08-23,Lunes,12:00:00,,0.0,2,"Moto/Ciclomotor,Automóvil",Vélez Sarsfield Y Ituzaingó,2,1,0,0,1,0,0,"-31.64121, -60.68653",Calle,,SANTA FE,La Capital,Asfalto,No existe,I,Dentro,Urbana,Otra Señal,No existe,Intersección,Bueno,S/D,Diurna,S/D,Múltiple,S/D,Colisión,S/D,S/D,Cordón divisorio,Sin restricción
2021,6054,2021-11-17,Miercoles,18:45:00,,0.0,1,Cuatriciclo,Santa Fe Y Rosendo M. Fraga,1,0,0,0,0,1,0,"-32.20192, -61.70655",Calle,,EL TRÉBOL,San MARTÍN,Asfalto,No existe,XVIII,S/D,Urbana,Otra Señal,No existe,Intersección,Bueno,Buena,Diurna,Buen Tiempo,Múltiple,S/D,Colisión,Ninguna,Horizontal,Cordón divisorio,Sin restricción
2021,6055,2021-08-27,Viernes,17:30:00,,0.0,2,"Moto/Ciclomotor,Automóvil",Alvear Y Maipú,2,1,0,0,1,0,0,"-31.63512, -60.69597",Calle,,SANTA FE,La Capital,Asfalto,No existe,I,Dentro,Urbana,Otra Señal,No existe,Intersección,Bueno,S/D,Diurna,S/D,Múltiple,S/D,Colisión,S/D,S/D,Cordón divisorio,Sin restricción
2021,6056,2021-08-28,Sabado,17:20:00,,0.0,2,"Automóvil,Automóvil",Alvear Y Pje Grilli,2,2,0,0,0,0,0,"-32.95883, -60.693",Calle,,SANTA FE,La Capital,Asfalto,No existe,I,Dentro,Urbana,Otra Señal,No existe,Intersección,Bueno,S/D,Diurna,S/D,Múltiple,S/D,Colisión,S/D,S/D,Cordón divisorio,Sin restricción
2021,6057,2021-08-29,Domingo,23:30:00,,0.0,2,"Moto/Ciclomotor,Automóvil",Castellanos 1800,2,1,0,0,1,0,0,"-31.63649, -60.69411",Calle,,SANTA FE,La Capital,Asfalto,No existe,I,Dentro,Urbana,Otra Señal,No existe,Intersección,Bueno,S/D,Nocturna,S/D,Múltiple,S/D,Colisión,S/D,S/D,Cordón divisorio,Sin restricción
2021,6058,2021-08-30,Lunes,15:30:00,,0.0,2,"Moto/Ciclomotor,Automóvil",Alvear Y Juan Del Campillo,2,1,0,0,1,0,0,"-31.63151, -60.69488",Calle,,SANTA FE,La Capital,Asfalto,No existe,I,Dentro,Urbana,Otra Señal,No existe,Intersección,Bueno,S/D,Diurna,S/D,Múltiple,S/D,Colisión,S/D,S/D,Cordón divisorio,Sin restricción
2021,6059,2021-11-20,Sabado,21:10:00,,0.0,2,"Moto/Ciclomotor,Automóvil",Pasaje Falucho Y Fray Mamerto Esquiu,2,0,0,0,0,1,1,"-31.54586, -61.07866",Calle,,SAN JERÓNIMO NORTE,Las Colonias,Asfalto,No existe,XI,S/D,Urbana,Otra Señal,No existe,Intersección,Bueno,S/D,Nocturna,S/D,Múltiple,S/D,Colisión,Ninguna,Faltante,Cordón divisorio,Sin restricción
2021,6060,2021-08-17,Martes,22:40:00,,0.0,2,"Automóvil,Camión c / Acoplado",Av. Leandro Alem ,2,1,0,0,1,0,0,"-31.63798, -60.69683",Avenida,,SANTA FE,La Capital,Hormigón,S/D,I,Dentro,Urbana,Otra Señal,No existe,Intersección,Bueno,S/D,Nocturna,S/D,Múltiple,S/D,Colisión,Ninguna,S/D,Cordón divisorio,Sin restricción
2021,6061,2021-11-21,Domingo,11:45:00,,0.0,2,"Moto/Ciclomotor,Pickup/Utilitario",Martin Fierro Y Falucho,3,0,0,0,0,1,2,"-32.80209, -60.72191",Calle,,CAPITÁN BERMÚDEZ,San Lorenzo,Asfalto,No existe,XVII,S/D,Urbana,Otra Señal,No existe,Intersección,Bueno,S/D,Diurna,S/D,Múltiple,S/D,Colisión,Ninguna,Faltante,Cordón divisorio,Sin restricción
2021,6062,2021-08-17,Martes,17:45:00,,0.0,2,"Moto/Ciclomotor,Automóvil",San Martin Y Salta,2,1,0,0,1,0,0,"-31.65031, -60.70771",Calle,,SANTA FE,La Capital,Asfalto,Pavimento,I,Dentro,Urbana,Otra Señal,No existe,Intersección,Bueno,Buena,Diurna,Buen Tiempo,Múltiple,S/D,Colisión,Ninguna,Faltante,Cordón divisorio,Sin restricción
2021,6063,2021-08-17,Martes,23:15:00,,0.0,2,"Moto/Ciclomotor,Automóvil",San Martin Y Bv Pellegrini,2,1,0,0,1,0,0,"-31.63551, -60.70319",Calle,,SANTA FE,La Capital,Asfalto,Pavimento,I,Dentro,Urbana,Otra Señal,Funciona,Intersección,Bueno,Buena,"Nocturna,Con luz artificial",Buen Tiempo,Múltiple,S/D,Colisión,Ninguna,Faltante,Cordón divisorio,Sin restricción
2021,6064,2021-08-01,Domingo,00:20:00,,0.0,2,"Automóvil,Moto/Ciclomotor",Las Heras 3552,2,1,0,0,1,0,0,"-31.63624, -60.69744",Calle,,SANTA FE,La Capital,Asfalto,No existe,I,Dentro,Urbana,Otra Señal,No existe,Intersección,Bueno,S/D,Nocturna,S/D,Múltiple,S/D,Colisión,S/D,S/D,Cordón divisorio,Sin restricción
2021,6065,2021-08-16,Lunes,12:20:00,,0.0,2,"Automóvil,Automóvil",Av. Urquiza Y Juan de Garay,2,1,0,0,1,0,0,"-31.65139, -60.71477",Avenida,,SANTA FE,La Capital,Asfalto,Pavimento,I,Dentro,Urbana,Otra Señal,Funciona,Intersección,Bueno,Buena,Diurna,Buen Tiempo,Múltiple,S/D,Colisión,Ninguna,Faltante,Cordón divisorio,Sin restricción
2021,6066,2021-08-20,Viernes,20:40:00,,0.0,2,"Moto/Ciclomotor,Automóvil",Mendoza Y San Jerónimo,2,1,0,0,1,0,0,"-31.64884, -60.70866",Calle,,SANTA FE,La Capital,Asfalto,No existe,I,Dentro,Urbana,Otra Señal,No existe,Intersección,Bueno,Buena,"Nocturna,Con luz artificial",Buen Tiempo,Múltiple,S/D,Colisión,Ninguna,Faltante,Cordón divisorio,Sin restricción
2021,6067,2021-11-26,Viernes,20:00:00,Ruta Provincial 40,0.5,3,"Moto/Ciclomotor,Camión,Automóvil",Calle 46 ,3,0,0,0,2,1,0,"-29.1538, -59.66537",Ruta,40,RECONQUISTA,General Obligado,Asfalto,No existe,IX,S/D,Urbana,Otra Señal,No existe,Intersección,S/D,S/D,Nocturna,S/D,Múltiple,S/D,Colisión,Ninguna,Faltante,Cordón divisorio,Sin restricción
2021,6068,2021-11-28,Domingo,05:45:00,Ruta Nacional 11,872.0,1,Moto/Ciclomotor,Ruta Nacional 11 Y Ruta Provincial 32,2,1,0,0,0,1,0,"-28.48854, -59.34547",Ruta,11,VILLA OCAMPO,General Obligado,Asfalto,Pavimento,IX,S/D,Rural,Otra Señal,No existe,Intersección,Bueno,S/D,Nocturna,Lluvia,Múltiple,S/D,Colisión,Agua,Faltante,Cordón divisorio,Sin restricción
2021,6069,2021-11-30,Martes,10:35:00,,0.0,1,Bicicleta,Falucho 645,1,0,0,0,0,1,0,"-31.25599, -61.5005",Calle,,RAFAELA,Castellanos,Asfalto,No existe,V,S/D,Urbana,Otra Señal,No existe,Intersección,Bueno,S/D,Diurna,S/D,Múltiple,S/D,Colisión,Ninguna,Horizontal,Cordón divisorio,Sin restricción
2021,6070,2021-08-24,Martes,10:30:00,,0.0,2,"Moto/Ciclomotor,Automóvil",Mariano Comas ,2,1,0,0,1,0,0,"-31.63169, -60.70843",Calle,,SANTA FE,La Capital,Asfalto,Pavimento,I,Dentro,Urbana,Otra Señal,No existe,Intersección,Bueno,Buena,Diurna,Buen Tiempo,Múltiple,S/D,Colisión,Ninguna,Faltante,Cordón divisorio,Sin restricción
2021,6071,2021-11-30,Martes,01:15:00,Ruta Nacional 33,535.0,2,"Moto/Ciclomotor,Pickup/Utilitario",Ruta Nacional 33 Y Azcuénaga,2,1,0,0,0,1,0,"-34.27523, -62.68968",Ruta,33,RUFINO,General LÓPEZ,Asfalto,Pavimento,VIII,S/D,Rural,Otra Señal,No existe,Intersección,Bueno,S/D,Nocturna,S/D,Múltiple,S/D,Colisión,Ninguna,Faltante,Cordón divisorio,Sin restricción
2021,6072,2021-08-25,Miercoles,18:25:00,,0.0,2,"Moto/Ciclomotor,Otros",HILARIO SABRINO 1300,3,2,0,0,1,0,0,"-31.65721, -60.77045",Calle,,SANTO TOMÉ,La Capital,Ripio,No existe,I,Dentro,Urbana,Otra Señal,No existe,Intersección,Bueno,Buena,Atardecer,Buen Tiempo,Múltiple,S/D,Colisión,Ninguna,Faltante,Cordón divisorio,Sin restricción
2021,6074,2021-11-30,Martes,10:30:00,,0.0,2,"Bicicleta,Camión",Bv. 27 De Febrero Y Campbell,2,0,0,0,1,1,0,"-32.95929, -60.70719",Avenida,,ROSARIO,Rosario,Asfalto,No existe,II,S/D,Urbana,Otra Señal,Funciona,Intersección,Bueno,S/D,Diurna,Buen Tiempo,Múltiple,Ciclista,Colisión,Ninguna,"Horizontal,Vertical",Cordón divisorio,Sin restricción
2021,6075,2021-11-27,Sabado,20:00:00,,0.0,2,"Bicicleta,Moto/Ciclomotor",25 de Mayo Y San Luis,2,0,0,0,0,1,1,"-32.75231, -60.74097",Calle,,SAN LORENZO,San Lorenzo,Asfalto,No existe,XVII,S/D,Urbana,Otra Señal,No existe,Intersección,Bueno,S/D,Nocturna,S/D,Múltiple,Ciclista,Colisión,Ninguna,Faltante,Cordón divisorio,Sin restricción
2021,6076,2021-08-21,Sabado,14:30:00,,0.0,2,"Automóvil,Automóvil",Pres Domingo Faustino Sarmiento 4150,2,1,0,0,1,0,0,"-31.65768, -60.78658",Calle,,SANTO TOMÉ,La Capital,Asfalto,Natural,I,Dentro,Urbana,Otra Señal,No existe,Intersección,Bueno,Buena,Diurna,Buen Tiempo,Múltiple,S/D,Colisión,Ninguna,Faltante,Cordón divisorio,Sin restricción
2021,6077,2021-08-20,Viernes,13:00:00,,0.0,2,"Automóvil,Bicicleta",9 de Julio Y J Castelli,2,1,0,0,1,0,0,"-31.60584, -60.69733",Calle,,SANTA FE,La Capital,Asfalto,No existe,I,Dentro,Urbana,Otra Señal,No existe,Intersección,Bueno,Buena,Diurna,Buen Tiempo,Múltiple,Ciclista,Colisión,Ninguna,Vertical,Cordón divisorio,Sin restricción
2021,6078,2021-08-20,Viernes,14:30:00,,0.0,2,"Automóvil,Moto/Ciclomotor",Av. Facundo Zuviria Y Pedro Ferre,2,1,0,0,1,0,0,"-31.62539, -60.70538",Avenida,,SANTA FE,La Capital,Asfalto,No existe,I,Dentro,Urbana,Otra Señal,No existe,Intersección,S/D,Buena,Diurna,Buen Tiempo,Múltiple,S/D,Colisión,Ninguna,S/D,Cordón divisorio,Sin restricción
2021,6079,2021-08-28,Sabado,18:45:00,,0.0,2,"Moto/Ciclomotor,Automóvil",Av. A del Valle Y Quintana,2,1,0,0,1,0,0,"-31.62283, -60.69923",Calle,,SANTA FE,La Capital,Asfalto,No existe,I,Dentro,Urbana,Otra Señal,No existe,Intersección,Bueno,Buena,Diurna,Buen Tiempo,Múltiple,S/D,Colisión,Ninguna,Vertical,Cordón divisorio,Sin restricción
2021,6080,2021-08-27,Viernes,15:30:00,,0.0,2,"Transporte de Pasajeros (H/ 8 asientos),Moto/Ciclomotor",General Manuel Belgrano 3100,2,1,0,0,1,0,0,"-31.67683, -60.76324",Calle,,SANTO TOMÉ,La Capital,Asfalto,No existe,I,Dentro,Urbana,Otra Señal,No existe,Intersección,Bueno,Buena,Diurna,Buen Tiempo,Múltiple,S/D,Colisión,Ninguna,Horizontal,Cordón divisorio,Sin restricción
2021,6081,2021-08-18,Miercoles,21:10:00,,0.0,2,"Automóvil,Moto/Ciclomotor",Alberdi ,3,2,0,0,1,0,0,"-31.68276, -60.75943",Calle,,SANTA FE,La Capital,Asfalto,No existe,I,Dentro,Urbana,Otra Señal,S/D,Intersección,Bueno,Buena,Nocturna,Buen Tiempo,Múltiple,S/D,Colisión,Ninguna,Faltante,Cordón divisorio,Sin restricción
2021,6082,2021-08-16,Lunes,20:30:00,,0.0,2,"Vehículo Oficial,Automóvil",Av. A del Valle Y J P López,4,2,0,0,2,0,0,"-31.60856, -60.69368",Avenida,,SANTA FE,La Capital,Asfalto,No existe,I,Dentro,Urbana,Otra Señal,No existe,Intersección,Bueno,Buena,Nocturna,Buen Tiempo,Múltiple,S/D,Colisión,Ninguna,Vertical,Cordón divisorio,Sin restricción
2021,6083,2021-08-16,Lunes,18:30:00,,0.0,2,"Moto/Ciclomotor,Automóvil",Av. A del Valle Y Quintana,2,0,0,1,1,0,0,"-31.6228, -60.69941",Avenida,,SANTA FE,La Capital,Asfalto,No existe,I,Dentro,Urbana,Otra Señal,No existe,Intersección,Bueno,Buena,Diurna,Buen Tiempo,Múltiple,S/D,Colisión,Ninguna,Vertical,Cordón divisorio,Sin restricción
2021,6084,2021-08-20,Viernes,07:30:00,Ruta Provincial 6,4.0,2,"Moto/Ciclomotor,Bicicleta", ,2,1,0,0,1,0,0,"-31.76646, -61.10279",Ruta,6,SAN CARLOS SUR,Las Colonias,Asfalto,Natural,XI,Dentro,Rural,Otra Señal,No existe,Intersección,Bueno,Buena,Diurna,Buen Tiempo,Múltiple,Ciclista,Colisión,Ninguna,S/D,Cordón divisorio,Sin restricción
2021,6086,2021-08-29,Domingo,14:30:00,,0.0,2,"Pickup/Utilitario,Moto/Ciclomotor",9 de Julio Y Mariano Moreno,2,1,0,0,1,0,0,"-31.58377, -60.93991",Calle,,FRANCK,Las Colonias,Asfalto,Pavimento,XI,Dentro,Urbana,Otra Señal,No existe,Intersección,Bueno,Buena,Diurna,Buen Tiempo,Múltiple,S/D,Colisión,Ninguna,Faltante,Cordón divisorio,Sin restricción
2021,6087,2021-08-27,Viernes,15:35:00,,0.0,2,"Automóvil,Moto/Ciclomotor",Saavedra Y Bernardino Rivadavia,2,1,0,0,1,0,0,"-31.5893, -60.93854",Calle,,FRANCK,Las Colonias,Asfalto,No existe,XI,Dentro,Urbana,Otra Señal,No existe,Intersección,Bueno,Buena,Diurna,Buen Tiempo,Múltiple,S/D,Colisión,Ninguna,Vertical,Cordón divisorio,Sin restricción
2021,6088,2021-08-31,Martes,12:30:00,,0.0,2,"Moto/Ciclomotor,Automóvil",13 de Mayo Y T Lubary,3,2,0,0,1,0,0,"-31.72864, -61.08767",Calle,,SAN CARLOS CENTRO,Las Colonias,Asfalto,No existe,XI,Dentro,Urbana,Otra Señal,No existe,Intersección,Bueno,Buena,Diurna,Buen Tiempo,Múltiple,S/D,Colisión,Ninguna,Faltante,Cordón divisorio,Sin restricción
2021,6089,2021-09-30,Jueves,14:00:00,Ruta Nacional 11,0.0,2,"Moto/Ciclomotor,Moto/Ciclomotor",La Rioja Y Ruta Nac 11 Av. Perón,3,2,0,0,1,0,0,"-32.729582712477,-60.744289765654",Ruta,11,SAN LORENZO,San Lorenzo,Asfalto,No existe,XVII,Dentro,Urbana,Otra Señal,No existe,Intersección,Bueno,S/D,Diurna,Buen Tiempo,Múltiple,S/D,Colisión,Ninguna,Faltante,Cordón divisorio,Sin restricción
2021,6090,2021-08-19,Jueves,18:10:00,Ruta Provincial 6,0.0,2,"Moto/Ciclomotor,Pickup/Utilitario",San Martin Y Weihmuller,2,1,0,0,1,0,0,"-31.73342, -61.09451",Ruta,6,SAN CARLOS CENTRO,Las Colonias,Asfalto,S/D,XI,Dentro,Urbana,Otra Señal,S/D,Intersección,S/D,S/D,Diurna,S/D,Múltiple,S/D,Colisión,S/D,S/D,Cordón divisorio,Sin restricción
2021,6091,2021-09-25,Sabado,14:55:00,Ruta Provincial 10,0.0,1,Moto/Ciclomotor,Ruta Nac 11 Y Saavedra,2,1,0,0,1,0,0,"-32.717860, -60.753563",Ruta,10,SAN LORENZO,San Lorenzo,Asfalto,Natural,XVIII,Dentro,Urbana,Otra Señal,S/D,Intersección,Bueno,S/D,Diurna,S/D,Múltiple,S/D,Colisión,Ninguna,Horizontal,Cordón divisorio,Sin restricción
2021,6093,2021-08-30,Lunes,12:30:00,Ruta Provincial 6,0.0,2,"Moto/Ciclomotor,Automóvil",Perú ,2,1,0,0,1,0,0,"-31.45069, -60.9115",Ruta,6,ESPERANZA,Las Colonias,Asfalto,Natural,XI,Dentro,Urbana,Otra Señal,No existe,Intersección,Bueno,Buena,Diurna,Buen Tiempo,Múltiple,S/D,Colisión,Ninguna,S/D,Cordón divisorio,Sin restricción
2021,6094,2021-09-20,Lunes,17:10:00,Ruta Nacional 11,0.0,2,"Moto/Ciclomotor,Bicicleta",Av. San Martin Y Ledesma,2,2,0,0,0,0,0,"-32.728089523332,-60.732964401811",Ruta,11,SAN LORENZO,San Lorenzo,Asfalto,No existe,XVII,Dentro,Urbana,Otra Señal,No existe,Intersección,Bueno,Buena,Diurna,S/D,Múltiple,Ciclista,Colisión,Ninguna,Faltante,Cordón divisorio,Sin restricción
2021,6095,2021-09-09,Jueves,21:50:00,,0.0,1,Moto/Ciclomotor,General López Y Suiza,1,1,0,0,0,0,0,"-32.729812748056,-60.734333311439",Calle,,SAN LORENZO,San Lorenzo,Asfalto,No existe,XVII,Dentro,Urbana,Otra Señal,No existe,Intersección,Bueno,S/D,Nocturna,S/D,Múltiple,S/D,Colisión,Ninguna,Faltante,Cordón divisorio,Sin restricción
2021,6096,2021-09-03,Viernes,08:30:00,,0.0,1,Moto/Ciclomotor,Genaro Roldan 1051,2,1,0,0,0,0,1,"-32.7321275821,-60.738642154402",Calle,,SAN LORENZO,San Lorenzo,Asfalto,No existe,XVII,Dentro,Urbana,Otra Señal,No existe,Intersección,Bueno,S/D,Diurna,S/D,Múltiple,S/D,Colisión,Ninguna,Faltante,Cordón divisorio,Sin restricción
2021,6097,2021-09-17,Viernes,18:00:00,,0.0,2,"Pickup/Utilitario,Moto/Ciclomotor",Bv Oroño Y Islas Malvinas,3,1,0,0,2,0,0,"-32.734380387665,-60.739598241462",Calle,,SAN LORENZO,San Lorenzo,Asfalto,No existe,XVII,Dentro,Urbana,Otra Señal,No existe,Intersección,Bueno,S/D,Diurna,Buen Tiempo,Múltiple,S/D,Colisión,S/D,"Horizontal,Vertical",Cordón divisorio,Sin restricción
2021,6098,2021-08-10,Martes,09:00:00,,0.0,2,"Automóvil,Moto/Ciclomotor",Cochabamba ,2,1,0,0,1,0,0,"-32.75403, -60.74033",S/D,,SAN LORENZO,San Lorenzo,S/D,S/D,XVII,S/D,Urbana,Otra Señal,S/D,Intersección,S/D,S/D,S/D,S/D,Múltiple,S/D,Colisión,S/D,S/D,Cordón divisorio,Sin restricción
2021,6099,2021-08-06,Viernes,20:05:00,,0.0,2,"Moto/Ciclomotor,Taxi/Remis",Tte. roca Y Falucho,2,1,0,0,1,0,0,"-32.73684, -60.7389",S/D,,SAN LORENZO,San Lorenzo,S/D,S/D,XVII,S/D,Urbana,Otra Señal,S/D,Intersección,S/D,S/D,S/D,S/D,Múltiple,S/D,Colisión,S/D,S/D,Cordón divisorio,Sin restricción
2021,6100,2021-08-10,Martes,,,0.0,2,"Moto/Ciclomotor,Moto/Ciclomotor",Falucho Y Sargento Cabral,2,1,0,0,1,0,0,"-32.73824, -60.73056",S/D,,SAN LORENZO,San Lorenzo,S/D,S/D,XVII,S/D,Urbana,Otra Señal,S/D,Intersección,S/D,S/D,S/D,S/D,Múltiple,S/D,Colisión,S/D,S/D,Cordón divisorio,Sin restricción
2021,6101,2021-09-29,Miercoles,17:30:00,,0.0,2,"Automóvil,Automóvil",ALBERDI  Y CAMINO DE LA MEDIA LEGUA,3,1,0,0,2,0,0,"-32.923315, -60.910338",Avenida,,ROLDÁN,San Lorenzo,Tierra,No existe,XVII,Dentro,Rural,Otra Señal,No existe,Intersección,S/D,S/D,Diurna,S/D,Múltiple,S/D,Colisión,S/D,S/D,Cordón divisorio,Sin restricción
2021,6102,2021-09-22,Miercoles,09:20:00,Autopista Nacional Rosario -Cordoba,315.0,1,Automóvil, ,2,1,0,0,1,0,0,"-32.924530, -60.911926",Autopista,Rosario -Cordoba,ROLDÁN,San Lorenzo,Asfalto,Ripio,XVII,Dentro,Urbana,Otra Señal,No existe,Intersección,Bueno,Buena,Diurna,S/D,Múltiple,S/D,Colisión,Ninguna,Horizontal,Cordón divisorio,Sin restricción
2021,6103,2021-08-11,Miercoles,14:15:00,,0.0,2,"Moto/Ciclomotor,Automóvil",Irigoyen Y Santiago del Estero,2,1,0,0,1,0,0,"-32.74129, -60.73611",S/D,,SAN LORENZO,San Lorenzo,S/D,S/D,XVII,S/D,Urbana,Otra Señal,S/D,Intersección,S/D,S/D,S/D,S/D,Múltiple,S/D,Colisión,S/D,S/D,Cordón divisorio,Sin restricción
2021,6104,2021-09-20,Lunes,18:45:00,,0.0,2,"Bicicleta,Automóvil",Echague Y Entre Ríos,2,1,0,0,1,0,0,"-32.901885701861,-60.916339094177",Calle,,ROLDÁN,San Lorenzo,Asfalto,No existe,XVII,Dentro,Urbana,Otra Señal,No existe,Intersección,Bueno,S/D,Atardecer,S/D,Múltiple,Ciclista,Colisión,Ninguna,Faltante,Cordón divisorio,Sin restricción
2021,6106,2021-09-07,Martes,19:30:00,Autopista Nacional Rosario -Cordoba,0.0,1,Automóvil, ,1,1,0,0,0,0,0,"-32.928598, -60.883826",Autopista,Rosario -Cordoba,ROLDÁN,San Lorenzo,Asfalto,Natural,XVII,Fuera,Rural,Otra Señal,No existe,Intersección,S/D,S/D,Nocturna,S/D,Múltiple,S/D,Colisión,S/D,Horizontal,Cordón divisorio,Sin restricción
2021,6107,2021-09-07,Martes,15:30:00,,0.0,2,"Bicicleta,Moto/Ciclomotor",Córdoba Y Gálvez,2,1,0,0,1,0,0,"-32.895093, -60.898985",Calle,,ROLDÁN,San Lorenzo,"Asfalto,Tierra",S/D,XVII,Dentro,Urbana,Otra Señal,No existe,Intersección,Bueno,S/D,Diurna,Buen Tiempo,Múltiple,Ciclista,Colisión,S/D,S/D,Cordón divisorio,Sin restricción
2021,6108,2021-09-14,Martes,07:50:00,,0.0,2,"Automóvil,Moto/Ciclomotor",Buenos Aires Y Reconquista,2,1,0,0,1,0,0,"-32.711693, -60.737342",Calle,,PUERTO SAN MARTÍN,San Lorenzo,Asfalto,No existe,XVII,Dentro,Urbana,Otra Señal,No existe,Intersección,Bueno,Buena,Diurna,Buen Tiempo,Múltiple,S/D,Colisión,Ninguna,Faltante,Cordón divisorio,Sin restricción
2021,6109,2021-09-17,Viernes,19:30:00,,0.0,2,"Automóvil,Peatón",Av. San Martin Y Cayetano Nerbutti,2,1,0,0,1,0,0,"-32.718378873477,-60.731332994732",S/D,,PUERTO SAN MARTÍN,San Lorenzo,Asfalto,No existe,XVII,S/D,S/D,Otra Señal,No existe,Intersección,Bueno,Buena,Nocturna,Buen Tiempo,Múltiple,Peatón,Colisión,Ninguna,Horizontal,Cordón divisorio,Sin restricción
2021,6110,2021-09-21,Martes,09:30:00,,0.0,2,"Moto/Ciclomotor,Peatón",Falucho Y Jujuy,2,2,0,0,0,0,0,"-32.712834983731,-60.736471310778",Calle,,PUERTO SAN MARTÍN,San Lorenzo,Asfalto,No existe,XVII,Dentro,Urbana,Otra Señal,No existe,Intersección,Bueno,Buena,Diurna,Buen Tiempo,Múltiple,Ciclista,Colisión,Ninguna,Faltante,Cordón divisorio,Sin restricción