anio_acci,nro_acci,fecha,desc_dia,hora_aprox,desc_ruta,km,cant_participantes,desc_participante,calle_avenida_km,total,heridos_leves,heridos_graves,heridos_gravisimos,ilesos,fallecidos,sin_datos,posicion_XY,desc_tipo_via,desc_ruta_ori,desc_loc,desc_dpto,desc_tipo_calzada,desc_tipo_banquina,desc_unidad_regional,desc_lugar_calzada,desc_zona,desc_prioridad,desc_estado_semaforo,desc_lugar_via,desc_estado_via,desc_estado_visibilidad,desc_luminosidad,desc_estado_clima,desc_tipo_colision,desc_tipo_atropello,desc_tipo_hecho,desc_pres_calzada,desc_senializacion,desc_separacion_via,desc_restriccion
2021,6111,2021-09-24,Viernes,15:10:00,,0.0,2,"Moto/Ciclomotor,Automóvil",Av. Fray Luis Beltrán Y Maestra Barragán - Ex Bs.As.,3,1,0,0,2,0,0,"-32.790918111213,-60.733826271343",Avenida,,FRAY LUIS BELTRÁN,San Lorenzo,Asfalto,No existe,XVII,Dentro,Urbana,Otra Señal,No existe,Intersección,Bueno,Buena,Diurna,Otro,Múltiple,S/D,Colisión,Ninguna,Faltante,Cordón divisorio,Sin restricción
2021,6112,2021-09-08,Miercoles,14:00:00,Ruta Nacional 11,0.0,1,Moto/Ciclomotor,Av. San Martin Y Avellaneda,1,1,0,0,0,0,0,"-32.785320, -60.725680",Ruta,11,FRAY LUIS BELTRÁN,San Lorenzo,Asfalto,Ripio,XVII,Dentro,Urbana,Otra Señal,No existe,Intersección,Bueno,S/D,Diurna,Otro,Múltiple,S/D,Colisión,Ninguna,Faltante,Cordón divisorio,Sin restricción
2021,6113,2021-08-12,Jueves,14:20:00,,0.0,2,"Moto/Ciclomotor,Camión Chasis",Sargento Cabral Y 9 de Julio,2,1,0,0,1,0,0,"-32.73916, -60.73056",S/D,,SAN LORENZO,San Lorenzo,S/D,S/D,XVII,S/D,Urbana,Otra Señal,S/D,Intersección,S/D,S/D,S/D,S/D,Múltiple,S/D,Colisión,S/D,S/D,Cordón divisorio,Sin restricción
2021,6114,2021-09-20,Lunes,17:15:00,,0.0,2,"Automóvil,Moto/Ciclomotor",Luis Borghi 1500,2,1,0,0,1,0,0,"-32.756152976812,-60.72733371811",Calle,,SAN LORENZO,San Lorenzo,Asfalto,S/D,XVII,Dentro,Urbana,Otra Señal,S/D,Intersección,Bueno,S/D,Diurna,S/D,Múltiple,S/D,Colisión,S/D,S/D,Cordón divisorio,Sin restricción
2021,6115,2021-09-08,Miercoles,16:35:00,Ruta Nacional 11,0.0,2,"Moto/Ciclomotor,Automóvil",Congreso Y Ruta Nac 11,4,2,0,0,2,0,0,"-32.763231819796,-60.732329115142",Ruta,11,SAN LORENZO,San Lorenzo,Asfalto,No existe,XVII,Dentro,Urbana,Otra Señal,No existe,Intersección,Bueno,Buena,Diurna,Buen Tiempo,Múltiple,S/D,Colisión,Ninguna,Faltante,Cordón divisorio,Sin restricción
2021,6116,2021-08-13,Viernes,20:35:00,Ruta Nacional 34,0.0,3,"Automóvil,Automóvil,Camión c / Semirremolque",Grandoli ,6,2,0,0,4,0,0,"-32.86722, -60.7636",Ruta,34,ROSARIO,Rosario,Asfalto,Pavimento,II,Dentro,Urbana,Otra Señal,S/D,Intersección,Bueno,Buena,Nocturna,Buen Tiempo,Múltiple,S/D,Colisión,Ninguna,S/D,Cordón divisorio,Sin restricción
2021,6117,2021-09-07,Martes,17:30:00,,0.0,2,"Bicicleta,Automóvil",Dr. Ghio Y General López,2,1,0,0,1,0,0,"-32.749648774865,-60.735274944305",Calle,,SAN LORENZO,San Lorenzo,Asfalto,No existe,XVII,Dentro,Urbana,Otra Señal,No existe,Intersección,Bueno,Buena,Diurna,S/D,Múltiple,Ciclista,Colisión,Ninguna,S/D,Cordón divisorio,Sin restricción
2021,6118,2021-08-02,Lunes,08:30:00,,0.0,2,"Moto/Ciclomotor,Automóvil",Av. Sorrento Y F.Rauch,2,2,0,0,0,0,0,"-32.90736, -60.69755",S/D,,ROSARIO,Rosario,S/D,S/D,II,S/D,Urbana,Otra Señal,S/D,Intersección,S/D,S/D,S/D,S/D,Múltiple,S/D,Colisión,S/D,S/D,Cordón divisorio,Sin restricción
2021,6119,2021-08-02,Lunes,13:38:00,,0.0,2,"Automóvil,Bicicleta",Washington Y Zelaya,2,1,0,0,1,0,0,"-32.90203, -60.69394",S/D,,ROSARIO,Rosario,Asfalto,Pavimento,II,S/D,S/D,Otra Señal,No existe,Intersección,Bueno,Buena,Diurna,Buen Tiempo,Múltiple,Ciclista,Colisión,Ninguna,Horizontal,Cordón divisorio,Sin restricción
2021,6120,2021-09-30,Jueves,17:30:00,,0.0,2,"Automóvil,Bicicleta",Gral. Paz Y S Gaboto,4,1,0,0,3,0,0,"-32.836147179588,-60.716511243354",Calle,,CAPITÁN BERMÚDEZ,San Lorenzo,Asfalto,No existe,XVII,Dentro,Urbana,Otra Señal,No existe,Intersección,Bueno,S/D,Diurna,Buen Tiempo,Múltiple,S/D,Colisión,Ninguna,Faltante,Cordón divisorio,Sin restricción
2021,6121,2021-08-07,Sabado,19:30:00,,0.0,2,"Automóvil,Bicicleta",Bv. Rondeau Y Av. Puccio,2,1,0,0,1,0,0,"-32.89489, -60.69238",Calle,,ROSARIO,Rosario,Asfalto,Pavimento,II,S/D,Urbana,Otra Señal,Funciona,Intersección,Bueno,Buena,Atardecer,Buen Tiempo,Múltiple,Ciclista,Colisión,Ninguna,Horizontal,Cordón divisorio,Sin restricción
2021,6122,2021-08-13,Viernes,13:30:00,,0.0,2,"Moto/Ciclomotor,Moto/Ciclomotor",Albert Sabin Y J.J.Paso,2,1,0,0,1,0,0,"-32.91957, -60.68866",Avenida,,ROSARIO,Rosario,Asfalto,S/D,II,Dentro,Urbana,Otra Señal,Funciona,Intersección,Bueno,S/D,Diurna,S/D,Múltiple,S/D,Colisión,Ninguna,S/D,Cordón divisorio,Sin restricción
2021,6123,2021-08-14,Sabado,18:30:00,,0.0,2,"Automóvil,Moto/Ciclomotor",Bv. 27 De Febrero 2600,3,2,0,0,1,0,0,"-32.96376, -60.66442",Avenida,,ROSARIO,Rosario,Asfalto,No existe,II,S/D,Urbana,Otra Señal,No existe,Intersección,Bueno,Buena,Diurna,Buen Tiempo,Múltiple,S/D,Colisión,Ninguna,Faltante,Cordón divisorio,Sin restricción
2021,6124,2021-08-12,Jueves,18:25:00,,0.0,2,"Bicicleta,Automóvil",Av. Francia Y La Paz,2,1,0,0,1,0,0,"-32.95935, -60.66989",Calle,,ROSARIO,Rosario,Asfalto,S/D,II,S/D,Urbana,Otra Señal,Funciona,Intersección,Bueno,Buena,Diurna,Buen Tiempo,Múltiple,Ciclista,Colisión,Ninguna,Horizontal,Cordón divisorio,Sin restricción
2021,6125,2021-08-14,Sabado,13:10:00,,0.0,2,"Moto/Ciclomotor,Automóvil",Int José Constantine Bis Y Aníbal Maffei,2,1,0,0,1,0,0,"-33.15091, -60.50129",Calle,,ARROYO SECO,Rosario,Asfalto,S/D,II,Dentro,Urbana,Otra Señal,S/D,Intersección,Deteriorada,S/D,S/D,Buen Tiempo,Múltiple,S/D,Colisión,Ninguna,Faltante,Cordón divisorio,Sin restricción
2021,6127,2021-08-14,Sabado,22:20:00,,0.0,2,"Automóvil,Automóvil",Vuelta De Obligado Y J.M.Gutierrez,2,0,0,0,0,0,2,"-32.99442, -60.66136",Calle,,ROSARIO,Rosario,Asfalto,Pavimento,II,S/D,Urbana,Otra Señal,No existe,Intersección,Bueno,Buena,"Nocturna,Con luz artificial",Buen Tiempo,Múltiple,S/D,Colisión,Ninguna,Faltante,Cordón divisorio,Sin restricción
2021,6131,2021-07-29,Jueves,14:30:00,,0.0,2,"Moto/Ciclomotor,Automóvil",Venezuela Y Lito Gonella,4,2,0,0,2,0,0,"-31.45162, -60.91132",Calle,,ESPERANZA,Las Colonias,Asfalto,No existe,XI,Dentro,Urbana,Otra Señal,No existe,Intersección,Bueno,Buena,Diurna,Buen Tiempo,Múltiple,S/D,Colisión,Ninguna,Horizontal,Cordón divisorio,Sin restricción
2021,6132,2021-08-29,Domingo,19:00:00,,0.0,2,"Automóvil,Bicicleta",Mariano Moreno Y 27 de Febrero,2,1,0,0,1,0,0,"-31.46627, -60.93773",Calle,,ESPERANZA,Las Colonias,Asfalto,S/D,XI,Dentro,Urbana,Otra Señal,No existe,Intersección,Bueno,Buena,"Nocturna,Con luz artificial",Buen Tiempo,Múltiple,S/D,Colisión,Ninguna,Horizontal,Cordón divisorio,Sin restricción
2021,6134,2021-08-28,Sabado,11:20:00,,0.0,2,"Automóvil,Moto/Ciclomotor",Domingo Faustino Sarmiento Y Marcos Avellaneda,2,1,0,0,1,0,0,"-31.45381, -60.93286",Calle,,ESPERANZA,Las Colonias,Asfalto,S/D,XI,Dentro,Urbana,Otra Señal,No existe,Intersección,Bueno,Buena,Diurna,Buen Tiempo,Múltiple,S/D,Colisión,Ninguna,Vertical,Cordón divisorio,Sin restricción
2021,6135,2021-08-29,Domingo,,,0.0,1,Moto/Ciclomotor,Rafaela Y Chacabuco,1,1,0,0,0,0,0,"-31.45094, -60.9171",Calle,,ESPERANZA,Las Colonias,Asfalto,S/D,XI,S/D,Urbana,Otra Señal,S/D,Intersección,Bueno,S/D,Nocturna,S/D,Múltiple,S/D,Colisión,S/D,S/D,Cordón divisorio,Sin restricción
2021,6136,2021-12-02,Jueves,03:05:00,Ruta Provincial 65,87.0,2,"Pickup/Utilitario,Camión c / Acoplado",Ruta Provincial 65 ,2,0,0,0,1,1,0,"-32.43511, -61.73044",Ruta,65,LAS ROSAS,Belgrano,Asfalto,Natural,III,Dentro,Rural,Otra Señal,No existe,Intersección,Con baches,Buena,Nocturna,Buen Tiempo,Múltiple,S/D,Colisión,Material Suelto,Faltante,Cordón divisorio,Sin restricción
2021,6137,2021-08-17,Martes,19:20:00,Ruta Provincial 6,0.0,2,"Moto/Ciclomotor,Automóvil",Justo José de Urquiza Y Carlos Bosch,2,1,0,0,1,0,0,"-31.43432, -60.9119",Ruta,6,ESPERANZA,Las Colonias,Asfalto,Natural,XI,Dentro,Urbana,Otra Señal,No existe,Intersección,Bueno,Buena,Atardecer,Buen Tiempo,Múltiple,S/D,Colisión,Ninguna,Horizontal,Cordón divisorio,Sin restricción
2021,6138,2021-12-08,Miercoles,07:28:00,Ruta Nacional 178,181.0,2,"Moto/Ciclomotor,Camión c / Acoplado",Ruta 178 ,2,0,0,0,1,1,0,"-32.66605, -61.52889",Ruta,178,LAS PAREJAS,Belgrano,Asfalto,Natural,III,Dentro,Rural,Otra Señal,No existe,Intersección,Bueno,Buena,Diurna,Buen Tiempo,Múltiple,S/D,Colisión,Otro,Horizontal,Cordón divisorio,Sin restricción
2021,6139,2021-08-15,Domingo,18:10:00,,0.0,2,"Moto/Ciclomotor,Automóvil",Av. Avellaneda B Y Av. Battle y Ordoñez,3,0,0,0,0,0,3,"-33.00842, -60.63344",Avenida,,ROSARIO,Rosario,Asfalto,Pavimento,II,S/D,Urbana,Otra Señal,No existe,Intersección,Bueno,Buena,"Atardecer,Con luz artificial",Buen Tiempo,Múltiple,S/D,Colisión,Ninguna,Faltante,Cordón divisorio,Sin restricción
2021,6141,2021-12-04,Sabado,02:10:00,Ruta Provincial 2,30.0,2,"Automóvil,Camión Chasis", ,3,0,0,0,2,1,0,"-31.31721, -60.67386",Ruta,2,LAGUNA PAIVA,La Capital,Asfalto,Natural,I,Dentro,Rural,Otra Señal,No existe,Intersección,Bueno,Reducida,Nocturna,Buen Tiempo,Múltiple,S/D,Colisión,Ninguna,Horizontal,Cordón divisorio,Sin restricción
2021,6142,2021-08-19,Jueves,16:00:00,Ruta Provincial 6,0.0,2,"Automóvil,Moto/Ciclomotor",Av. Los Colonizadores ,3,1,0,0,2,0,0,"-31.45331, -60.91194",Ruta,6,ESPERANZA,Las Colonias,Asfalto,Pavimento,XI,S/D,Urbana,Otra Señal,Funciona,Intersección,Bueno,Buena,Diurna,Buen Tiempo,Múltiple,S/D,Colisión,Ninguna,Horizontal,Cordón divisorio,Sin restricción
2021,6143,2021-12-05,Domingo,20:50:00,Ruta Provincial 1,46.0,1,Automóvil,Ruta Provic 1 ,1,0,0,0,0,1,0,"-31.35498, -60.30896",Ruta,1,SANTA ROSA DE CALCHINES,Garay,Asfalto,Natural,VII,Dentro,Rural,Otra Señal,No existe,Intersección,Bueno,Buena,Nocturna,Buen Tiempo,Múltiple,S/D,Colisión,Ninguna,Faltante,Cordón divisorio,Sin restricción
2021,6144,2021-08-19,Jueves,13:00:00,,0.0,2,"Automóvil,Moto/Ciclomotor",Mariano Moreno Y Aristóbulo del Valle,2,1,0,0,1,0,0,"-31.43749, -60.92872",Calle,,ESPERANZA,Las Colonias,Asfalto,Pavimento,XI,Dentro,Urbana,Otra Señal,No existe,Intersección,Bueno,Buena,Diurna,Buen Tiempo,Múltiple,S/D,Colisión,Ninguna,S/D,Cordón divisorio,Sin restricción
2021,6145,2021-08-21,Sabado,16:00:00,,0.0,2,"Moto/Ciclomotor,Automóvil",Aristóbulo del Valle Y Simón de Iriondo,5,3,0,0,2,0,0,"-31.43749, -60.92872",Calle,,ESPERANZA,Las Colonias,Asfalto,S/D,XI,Dentro,Urbana,Otra Señal,No existe,Intersección,Bueno,Buena,Diurna,Buen Tiempo,Múltiple,S/D,Colisión,Ninguna,S/D,Cordón divisorio,Sin restricción
2021,6146,2021-08-11,Miercoles,08:00:00,,0.0,2,"Bicicleta,Moto/Ciclomotor",Crespo Y Gral.Mosconi,2,0,0,0,0,0,2,"-32.9847, -60.67933",Calle,,ROSARIO,Rosario,Asfalto,Pavimento,II,S/D,Urbana,Otra Señal,No existe,Intersección,Bueno,Buena,Diurna,Buen Tiempo,Múltiple,Ciclista,Colisión,Ninguna,Faltante,Cordón divisorio,Sin restricción
2021,6147,2021-12-16,Jueves,13:00:00,,0.0,2,"Moto/Ciclomotor,Pickup/Utilitario",J P López Y Republica de Siria,2,0,0,0,1,1,0,"-31.60898, -60.69167",Calle,,SANTA FE,La Capital,Asfalto,No existe,I,S/D,Urbana,Otra Señal,No existe,Intersección,Bueno,Buena,Diurna,Buen Tiempo,Múltiple,S/D,Colisión,Ninguna,S/D,Cordón divisorio,Sin restricción
2021,6148,2021-08-11,Miercoles,17:30:00,,0.0,2,"Moto/Ciclomotor,Automóvil",Av. Battle y Ordoñez Y Bv. Oroño,2,1,0,0,0,0,1,"-33.00929, -60.66444",S/D,,ROSARIO,Rosario,Asfalto,Pavimento,II,S/D,Urbana,Otra Señal,Funciona,Intersección,Bueno,Buena,Diurna,Buen Tiempo,Múltiple,S/D,Colisión,Ninguna,"Horizontal,Vertical",Cordón divisorio,Sin restricción
2021,6150,2021-08-22,Domingo,13:30:00,,0.0,2,"Automóvil,Moto/Ciclomotor",Almirante Brown Y Cullen,2,1,0,0,1,0,0,"-31.45353, -60.92612",Calle,,ESPERANZA,Las Colonias,Asfalto,S/D,XI,Dentro,Urbana,Otra Señal,No existe,Intersección,Bueno,Buena,Diurna,Buen Tiempo,Múltiple,S/D,Colisión,Ninguna,S/D,Cordón divisorio,Sin restricción
2021,6152,2021-12-18,Sabado,10:50:00,,0.0,2,"Moto/Ciclomotor,Pickup/Utilitario",San Martin Y J Castelli,2,0,0,0,1,1,0,"-31.6064, -60.69465",Calle,,SANTA FE,La Capital,Asfalto,No existe,I,Dentro,Urbana,Otra Señal,No existe,Intersección,Bueno,Buena,Diurna,Buen Tiempo,Múltiple,S/D,Colisión,Ninguna,Vertical,Cordón divisorio,Sin restricción
2021,6153,2021-08-22,Domingo,,,0.0,2,"Pickup/Utilitario,Moto/Ciclomotor",Av. Los Colonizadores 900,3,1,0,0,2,0,0,"-31.45128, -60.92037",Avenida,,ESPERANZA,Las Colonias,Hormigón,S/D,XI,Dentro,Urbana,Otra Señal,S/D,Intersección,Bueno,Buena,Nocturna,S/D,Múltiple,S/D,Colisión,Ninguna,S/D,Cordón divisorio,Sin restricción
2021,6155,2021-12-19,Domingo,17:15:00,,0.0,2,"Moto/Ciclomotor,Automóvil",Avenida Nuestra Señora del Luj Y Martin Zavalla,2,0,0,0,1,1,0,"-31.6849, -60.77842",Avenida,,SANTO TOMÉ,La Capital,Asfalto,No existe,I,Dentro,Urbana,Otra Señal,No existe,Intersección,Bueno,Buena,Atardecer,Buen Tiempo,Múltiple,S/D,Colisión,Ninguna,Faltante,Cordón divisorio,Sin restricción
2021,6158,2021-08-14,Sabado,01:45:00,Autopista Nacional 9,0.0,1,Moto/Ciclomotor,Bv. Oroño ,1,1,0,0,0,0,0,"-33.01827, -60.66331",Autopista,9,ROSARIO,Rosario,Asfalto,Pavimento,II,S/D,Urbana,Otra Señal,No existe,Intersección,Bueno,Buena,Nocturna,Buen Tiempo,Múltiple,S/D,Colisión,Ninguna,Faltante,Cordón divisorio,Sin restricción
2021,6159,2021-08-27,Viernes,14:00:00,,0.0,2,"Moto/Ciclomotor,Moto/Ciclomotor", ,2,2,0,0,0,0,0,"-31.44908, -60.93013",Calle,,ESPERANZA,Las Colonias,Asfalto,Pavimento,XI,Dentro,Urbana,Otra Señal,No existe,Intersección,Bueno,Buena,Diurna,Buen Tiempo,Múltiple,S/D,Colisión,Ninguna,Horizontal,Cordón divisorio,Sin restricción
2021,6161,2021-08-29,Domingo,07:30:00,Ruta Provincial 1,75.0,2,"Automóvil,Moto/Ciclomotor", ,2,1,0,0,1,0,0,"-31.18964, -60.1573",Ruta,1,CAYASTA,Garay,Asfalto,Natural,VII,S/D,Urbana,Otra Señal,No existe,Intersección,Bueno,Buena,Amanecer,Buen Tiempo,Múltiple,S/D,Colisión,Ninguna,S/D,Cordón divisorio,Sin restricción
2021,6162,2021-12-24,Viernes,02:55:00,Ruta Nacional 34,108.0,2,"Automóvil,Transporte de Pasajeros Larga Distancia (Doble Piso)", ,2,0,0,0,1,1,0,"-32.20825, -61.4881",Ruta,34,LAS BANDURRIAS,San MARTÍN,Asfalto,Natural,XVIII,Dentro,Rural,Otra Señal,No existe,Intersección,Bueno,Reducida,Nocturna,Buen Tiempo,Múltiple,S/D,Colisión,Ninguna,Faltante,Cordón divisorio,Sin restricción
2021,6164,2021-08-22,Domingo,14:45:00,Ruta Nacional 9,0.0,1,Moto/Ciclomotor, ,1,1,0,0,0,0,0,"-32.78461, -61.54646",Ruta,9,ARMSTRONG,Belgrano,Asfalto,Pavimento,III,Dentro,Rural,Otra Señal,No existe,Intersección,Con baches,Buena,Diurna,Buen Tiempo,Múltiple,S/D,Colisión,Ninguna,Horizontal,Cordón divisorio,Sin restricción
2021,6165,2021-12-26,Domingo,03:30:00,Ruta Provincial 2,23.0,1,Pickup/Utilitario, ,2,1,0,0,0,1,0,"-31.36772, -60.66191",Ruta,2,LAGUNA PAIVA,La Capital,Asfalto,Natural,I,Fuera,Rural,Otra Señal,No existe,Intersección,Bueno,S/D,Nocturna,Buen Tiempo,Múltiple,S/D,Colisión,Ninguna,"Horizontal,Vertical",Cordón divisorio,Sin restricción
2021,6167,2021-08-22,Domingo,19:30:00,,0.0,2,"Automóvil,Moto/Ciclomotor",Dr. Ricardo Fischer Y F Quiroga,2,1,0,0,1,0,0,"-32.77573, -61.60372",Calle,,ARMSTRONG,Belgrano,Asfalto,No existe,III,Dentro,Urbana,Otra Señal,No existe,Intersección,Bueno,Buena,Amanecer,Buen Tiempo,Múltiple,S/D,Colisión,Ninguna,Vertical,Cordón divisorio,Sin restricción
2021,6168,2021-12-26,Domingo,12:00:00,,0.0,1,Moto/Ciclomotor,Juan José Castelli 4400,1,0,0,0,0,1,0,"-31.68927, -60.76992",Calle,,SANTO TOMÉ,La Capital,Tierra,No existe,I,S/D,Urbana,Otra Señal,No existe,Intersección,Otro,S/D,Diurna,Buen Tiempo,Múltiple,S/D,Colisión,Ninguna,Faltante,Cordón divisorio,Sin restricción
2021,6170,2021-12-31,Viernes,16:20:00,Ruta Provincial 2,327.0,2,"Automóvil,Pickup/Utilitario", ,3,2,0,0,0,1,0,"-29.46744, -61.70203",Ruta,2,LOGROÑO,9 de Julio,Asfalto,Pavimento,XII,Dentro,Rural,Otra Señal,No existe,Intersección,Bueno,Buena,Diurna,Buen Tiempo,Múltiple,S/D,Colisión,Ninguna,S/D,Cordón divisorio,Sin restricción
2021,6171,2021-12-31,Viernes,21:00:00,Ruta Provincial 2,276.0,1,Automóvil, ,1,0,0,0,0,1,0,"-29.77171, -61.48175",Ruta,2,ESTEBAN RAMS,9 de Julio,Asfalto,Natural,XII,Dentro,Urbana,Otra Señal,No existe,Intersección,Bueno,Buena,Nocturna,Buen Tiempo,Múltiple,S/D,Colisión,Ninguna,Faltante,Cordón divisorio,Sin restricción
2021,6172,2021-12-18,Sabado,09:45:00,Ruta Provincial 4,17.4,2,"Pickup/Utilitario,Camión c / Semirremolque",Ruta Prov. 4 ,6,0,0,1,1,4,0,"-31.26211, -60.84957",Ruta,4,NELSON,La Capital,Asfalto,Natural,I,Dentro,Rural,Otra Señal,No existe,Intersección,Bueno,Buena,Diurna,Buen Tiempo,Múltiple,S/D,Colisión,Ninguna,Horizontal,Cordón divisorio,Sin restricción
2021,6173,2021-12-01,Miercoles,15:20:00,,0.0,2,"Bicicleta,Automóvil",Ayolas Y Buenos Aires,2,0,0,0,1,1,0,"-32.97773, -60.64034",Calle,,ROSARIO,Rosario,Asfalto,No existe,II,Dentro,Urbana,Otra Señal,Funciona,Intersección,Bueno,Buena,Diurna,Buen Tiempo,Múltiple,Ciclista,Colisión,Ninguna,"Horizontal,Vertical",Cordón divisorio,Sin restricción
2021,6174,2021-08-31,Martes,14:10:00,Ruta Nacional 11,647.0,3,"Camión,Moto/Ciclomotor,Automóvil", ,3,2,0,0,1,0,0,"-30.14677, -60.33775",Ruta,11,VERA Y PINTADO,San Justo,Asfalto,Natural,XVI,Dentro,Rural,Otra Señal,No existe,Intersección,Bueno,Reducida humo,Diurna,Buen Tiempo,Múltiple,S/D,Colisión,Otro,Vertical,Cordón divisorio,Sin restricción
2021,6175,2021-08-24,Martes,07:15:00,Ruta Nacional 11,0.0,2,"Moto/Ciclomotor,Automóvil",9 de julio ,2,1,0,0,1,0,0,"-30.22598, -60.35966",Ruta,11,LA CRIOLLA,San Justo,Asfalto,Ripio,XVI,Dentro,Urbana,Otra Señal,No existe,Intersección,Bueno,Buena,Diurna,Buen Tiempo,Múltiple,S/D,Colisión,Ninguna,Faltante,Cordón divisorio,Sin restricción
2021,6176,2021-12-01,Miercoles,19:20:00,,0.0,2,"Moto/Ciclomotor,Pickup/Utilitario",Salta Y Uriburu,2,0,0,0,1,1,0,"-32.74483, -60.74047",Calle,,SAN LORENZO,San Lorenzo,Asfalto,No existe,XVII,S/D,Urbana,Otra Señal,No existe,Intersección,Bueno,S/D,Nocturna,S/D,Múltiple,S/D,Colisión,Ninguna,Faltante,Cordón divisorio,Sin restricción
2021,6177,2021-12-02,Jueves,19:50:00,Autopista Nacional Rosario -Cordoba,304.0,1,Automóvil, ,1,0,0,0,0,1,0,"-32.93376, -60.84345",Autopista,Rosario -Cordoba,FUNES,Rosario,Asfalto,Natural,II,S/D,Rural,Otra Señal,No existe,Intersección,Deteriorada,S/D,Nocturna,S/D,Múltiple,S/D,Colisión,Ninguna,Faltante,Cordón divisorio,Sin restricción
2021,6179,2021-08-17,Martes,,,0.0,2,"Automóvil,Automóvil",Domingo Faustino Sarmiento Y Rivadavia,4,3,0,0,1,0,0,"-31.55203, -61.0784",Calle,,SAN JERÓNIMO NORTE,Las Colonias,Asfalto,No existe,XI,Dentro,Urbana,Otra Señal,No existe,Intersección,Bueno,Buena,Nocturna,Buen Tiempo,Múltiple,S/D,Colisión,Ninguna,Vertical,Cordón divisorio,Sin restricción
2021,6180,2021-08-19,Jueves,08:45:00,,0.0,2,"Moto/Ciclomotor,Automóvil",Montevideo Y Alsina,2,1,0,0,1,0,0,"-32.94929, -60.67884",Calle,,ROSARIO,Rosario,Asfalto,S/D,II,Dentro,Urbana,Otra Señal,S/D,Intersección,S/D,S/D,Diurna,S/D,Múltiple,S/D,Colisión,S/D,S/D,Cordón divisorio,Sin restricción
2021,6181,2021-08-23,Lunes,08:45:00,,0.0,2,"Bicicleta,Automóvil",Urquiza Y Pueyrredón,2,1,0,0,1,0,0,"-32.93954, -60.65647",Calle,,ROSARIO,Rosario,Asfalto,S/D,II,Dentro,Urbana,Otra Señal,S/D,Intersección,S/D,S/D,Diurna,S/D,Múltiple,Ciclista,Colisión,S/D,S/D,Cordón divisorio,Sin restricción
2021,6182,2021-08-23,Lunes,,,0.0,2,"Moto/Ciclomotor,Automóvil",Av. Jorge Cura Y Santiago,2,1,0,0,1,0,0,"-32.97074, -60.66291",Calle,,ROSARIO,Rosario,Asfalto,S/D,II,Dentro,Urbana,Otra Señal,S/D,Intersección,S/D,S/D,S/D,S/D,Múltiple,S/D,Colisión,S/D,S/D,Cordón divisorio,Sin restricción
2021,6183,2021-12-12,Domingo,18:00:00,,0.0,1,Moto/Ciclomotor,Bv Pellegrini Y Fray Luis Beltrán,1,0,0,0,0,1,0,"-32.89826, -60.91116",Calle,,ROLDÁN,San Lorenzo,Asfalto,No existe,XVII,S/D,Urbana,Otra Señal,No existe,Intersección,Bueno,S/D,Diurna,S/D,Múltiple,S/D,Colisión,Ninguna,Faltante,Cordón divisorio,Sin restricción
2021,6184,2021-08-20,Viernes,16:30:00,,0.0,2,"Automóvil,Bicicleta",Italia Y Salta,2,1,0,0,1,0,0,"-32.93767, -60.64613",Calle,,ROSARIO,Rosario,Asfalto,No existe,II,Dentro,Urbana,Otra Señal,No existe,Intersección,Bueno,Buena,Diurna,Buen Tiempo,Múltiple,Ciclista,Colisión,Ninguna,Faltante,Cordón divisorio,Sin restricción
2021,6185,2021-08-23,Lunes,09:30:00,,0.0,2,"Moto/Ciclomotor,Pickup/Utilitario",Ocampo Y Buenos Aires,2,1,0,0,1,0,0,"-32.96745, -60.63777",Calle,,ROSARIO,Rosario,Asfalto,No existe,II,Dentro,Urbana,Otra Señal,No existe,Intersección,Bueno,Buena,Diurna,Buen Tiempo,Múltiple,S/D,Colisión,Ninguna,Faltante,Cordón divisorio,Sin restricción
2021,6186,2021-08-20,Viernes,09:15:00,,0.0,2,"Moto/Ciclomotor,Taxi/Remis",San Juan Y Dorrego,2,1,0,0,1,0,0,"-32.94821, -60.65014",Calle,,ROSARIO,Rosario,Asfalto,No existe,II,Dentro,Urbana,Otra Señal,No existe,Intersección,Bueno,Buena,Diurna,S/D,Múltiple,S/D,Colisión,Ninguna,Vertical,Cordón divisorio,Sin restricción
2021,6187,2021-08-12,Jueves,08:50:00,,0.0,2,"Automóvil,Moto/Ciclomotor",San Martin 6500,2,1,0,0,1,0,0,"-32.95643, -60.69418",Avenida,,ROSARIO,Rosario,Asfalto,S/D,II,S/D,Urbana,Otra Señal,Funciona,Intersección,Bueno,Buena,Diurna,Buen Tiempo,Múltiple,S/D,Colisión,S/D,S/D,Cordón divisorio,Sin restricción
2021,6188,2021-08-02,Lunes,10:30:00,,0.0,2,"Moto/Ciclomotor,Automóvil",Colon Y Virasoro,2,1,0,0,1,0,0,"-32.97223, -60.63139",Calle,,ROSARIO,Rosario,Asfalto,S/D,II,S/D,Urbana,Otra Señal,S/D,Intersección,S/D,S/D,S/D,S/D,Múltiple,S/D,Colisión,S/D,S/D,Cordón divisorio,Sin restricción
2021,6189,2021-08-08,Domingo,19:40:00,,0.0,2,"Moto/Ciclomotor,Bicicleta",San Martin Y Bv. Seguí,3,1,0,0,2,0,0,"-32.97967, -60.64426",Avenida,,ROSARIO,Rosario,Asfalto,No existe,II,Dentro,Urbana,Otra Señal,Funciona,Intersección,Bueno,Buena,"Nocturna,Con luz artificial",Buen Tiempo,Múltiple,Ciclista,Colisión,S/D,Vertical,Cordón divisorio,Sin restricción
2021,6192,2021-08-24,Martes,14:00:00,,0.0,2,"Moto/Ciclomotor,Automóvil",Entre Ríos Y Gálvez,2,1,0,0,1,0,0,"-32.96828, -60.64656",Calle,,ROSARIO,Rosario,Asfalto,No existe,II,Dentro,Urbana,Otra Señal,No existe,Intersección,Bueno,Buena,Diurna,Buen Tiempo,Múltiple,S/D,Colisión,Ninguna,Faltante,Cordón divisorio,Sin restricción