anio_acci,nro_acci,fecha,desc_dia,hora_aprox,desc_ruta,km,cant_participantes,desc_participante,calle_avenida_km,total,heridos_leves,heridos_graves,heridos_gravisimos,ilesos,fallecidos,sin_datos,posicion_XY,desc_tipo_via,desc_ruta_ori,desc_loc,desc_dpto,desc_tipo_calzada,desc_tipo_banquina,desc_unidad_regional,desc_lugar_calzada,desc_zona,desc_prioridad,desc_estado_semaforo,desc_lugar_via,desc_estado_via,desc_estado_visibilidad,desc_luminosidad,desc_estado_clima,desc_tipo_colision,desc_tipo_atropello,desc_tipo_hecho,desc_pres_calzada,desc_senializacion,desc_separacion_via,desc_restriccion
2021,6193,2021-08-24,Martes,00:00:00,,0.0,2,"Moto/Ciclomotor,Automóvil",Bv. Oroño Y Montevideo,2,1,0,0,1,0,0,"-32.95346, -60.65567",Calle,,ROSARIO,Rosario,Asfalto,No existe,II,Dentro,Urbana,Otra Señal,No existe,Intersección,Bueno,Buena,"Nocturna,Con luz artificial",Buen Tiempo,Múltiple,S/D,Colisión,Ninguna,Faltante,Cordón divisorio,Sin restricción
2021,6194,2021-12-05,Domingo,03:15:00,,0.0,2,"Moto/Ciclomotor,Automóvil",Bernardo Houssay Y Almafuerte,2,0,0,0,1,1,0,"-32.92424, -60.83689",Calle,,FUNES,Rosario,Asfalto,No existe,II,S/D,Urbana,Otra Señal,No existe,Intersección,Bueno,S/D,Nocturna,S/D,Múltiple,S/D,Colisión,Ninguna,Faltante,Cordón divisorio,Sin restricción
2021,6195,2021-12-11,Sabado,21:00:00,,0.0,1,Moto/Ciclomotor, ,2,0,0,0,0,2,0,"-31.17405, -61.48262",Camino Rural,,LEHMANN,Castellanos,Tierra,S/D,V,S/D,Rural,Otra Señal,S/D,Intersección,S/D,S/D,Nocturna,S/D,Múltiple,S/D,Colisión,S/D,S/D,Cordón divisorio,Sin restricción
2021,6196,2021-08-22,Domingo,00:30:00,,0.0,2,"Automóvil,Moto/Ciclomotor",Rodríguez Y San Luis,2,1,0,0,1,0,0,"-32.94539, -60.65941",Calle,,ROSARIO,Rosario,Asfalto,No existe,II,Dentro,Urbana,Otra Señal,No existe,Intersección,Bueno,Buena,"Nocturna,Con luz artificial",Buen Tiempo,Múltiple,S/D,Colisión,Ninguna,Vertical,Cordón divisorio,Sin restricción
2021,6197,2021-08-06,Viernes,22:40:00,,0.0,2,"Moto/Ciclomotor,Automóvil",Ameghino Y Entre Ríos,2,2,0,0,0,0,0,"-32.98664, -60.6512",S/D,,ROSARIO,Rosario,Asfalto,No existe,II,Dentro,Urbana,Otra Señal,No existe,Intersección,Bueno,Buena,Nocturna,Buen Tiempo,Múltiple,S/D,Colisión,Ninguna,Faltante,Cordón divisorio,Sin restricción
2021,6198,2021-08-17,Martes,14:50:00,,0.0,2,"Bicicleta,Automóvil",Bv. Oroño Y Brown,2,1,0,0,1,0,0,"-32.93442, -60.65082",Calle,,ROSARIO,Rosario,Asfalto,No existe,II,Dentro,Urbana,Otra Señal,No existe,Intersección,Otro,Buena,Diurna,Buen Tiempo,Múltiple,S/D,Colisión,Ninguna,Faltante,Cordón divisorio,Sin restricción
2021,6199,2021-08-09,Lunes,10:15:00,,0.0,2,"Bicicleta,Automóvil",Saavedra Y Italia,2,1,0,0,1,0,0,"-32.97623, -60.65581",S/D,,ROSARIO,Rosario,Asfalto,No existe,II,Dentro,Urbana,Otra Señal,No existe,Intersección,Bueno,Buena,Diurna,Buen Tiempo,Múltiple,Ciclista,Colisión,Ninguna,Faltante,Cordón divisorio,Sin restricción
2021,6200,2021-08-17,Martes,19:45:00,,0.0,2,"Automóvil,Moto/Ciclomotor",España A Y Rioja,2,1,0,0,1,0,0,"-32.94606, -60.64681",Calle,,ROSARIO,Rosario,Asfalto,No existe,II,Dentro,Urbana,Otra Señal,No existe,Intersección,Bueno,Buena,Nocturna,Buen Tiempo,Múltiple,S/D,Colisión,Ninguna,Faltante,Cordón divisorio,Sin restricción
2021,6201,2021-08-11,Miercoles,13:00:00,,0.0,2,"Bicicleta,Automóvil",Buenos Aires Y Dr. Rivas,2,1,0,0,1,0,0,"-32.98019, -60.64093",Calle,,ROSARIO,Rosario,Asfalto,No existe,II,Dentro,Urbana,Otra Señal,No existe,Intersección,Bueno,Buena,Diurna,Buen Tiempo,Múltiple,Ciclista,Colisión,Ninguna,Faltante,Cordón divisorio,Sin restricción
2021,6202,2021-08-21,Sabado,07:15:00,,0.0,2,"Automóvil,Moto/Ciclomotor",San Lorenzo Y Mitre,2,1,0,0,1,0,0,"-32.94386, -60.63895",Calle,,ROSARIO,Rosario,Asfalto,No existe,II,Dentro,Urbana,Otra Señal,No existe,Intersección,Bueno,Buena,Diurna,Buen Tiempo,Múltiple,S/D,Colisión,Ninguna,Faltante,Cordón divisorio,Sin restricción
2021,6203,2021-08-19,Jueves,16:00:00,,0.0,2,"Automóvil,Moto/Ciclomotor",9 De Julio Y Paraguay,2,1,0,0,1,0,0,"-32.95286, -60.64557",Calle,,ROSARIO,Rosario,Asfalto,No existe,II,Dentro,Urbana,Otra Señal,No existe,Intersección,Bueno,Buena,Diurna,Buen Tiempo,Múltiple,S/D,Colisión,Ninguna,Faltante,Cordón divisorio,Sin restricción
2021,6204,2021-08-07,Sabado,11:15:00,,0.0,2,"Automóvil,Automóvil",San Martin ,2,1,0,0,1,0,0,"-32.95846, -60.69045",Avenida,,ROSARIO,Rosario,Asfalto,No existe,II,Dentro,Urbana,Otra Señal,No existe,Intersección,Bueno,Buena,Diurna,Buen Tiempo,Múltiple,S/D,Colisión,Ninguna,Faltante,Cordón divisorio,Sin restricción
2021,6205,2021-12-27,Lunes,23:40:00,Ruta Provincial 1,18.0,1,Moto/Ciclomotor, ,1,0,0,0,0,1,0,"-31.53194, -60.4877",Ruta,1,ARROYO LEYES,La Capital,Asfalto,Natural,I,S/D,Urbana,Otra Señal,No existe,Intersección,Bueno,S/D,Nocturna,S/D,Múltiple,S/D,Colisión,Ninguna,Faltante,Cordón divisorio,Sin restricción
2021,6206,2021-08-10,Martes,16:35:00,,0.0,2,"Automóvil,Moto/Ciclomotor",L.N.Alem Y Dean Funes,2,1,0,0,1,0,0,"-32.97741, -60.63563",S/D,,ROSARIO,Rosario,Asfalto,No existe,II,S/D,S/D,Otra Señal,No existe,Intersección,Bueno,Buena,Diurna,Buen Tiempo,Múltiple,S/D,Colisión,Ninguna,Vertical,Cordón divisorio,Sin restricción
2021,6207,2021-08-09,Lunes,19:00:00,,0.0,3,"Moto/Ciclomotor,Automóvil,Automóvil",San Martin Y Gaboto,3,1,0,0,2,0,0,"-32.97368, -60.64338",Avenida,,ROSARIO,Rosario,Asfalto,No existe,II,S/D,Urbana,Otra Señal,Funciona,Intersección,Bueno,Buena,"Atardecer,Con luz artificial",Buen Tiempo,Múltiple,S/D,Colisión,S/D,Vertical,Cordón divisorio,Sin restricción
2021,6208,2021-12-09,Jueves,14:00:00,,0.0,2,"Automóvil,Pickup/Utilitario", ,4,3,0,0,0,1,0,"-33.03216, -61.59935",Camino Rural,,VILLA ELOÍSA,Iriondo,Tierra,No existe,X,S/D,Rural,Otra Señal,No existe,Intersección,S/D,Reducida polvo,Diurna,S/D,Múltiple,S/D,Colisión,Ninguna,Faltante,Cordón divisorio,Sin restricción
2021,6209,2021-08-10,Martes,14:05:00,,0.0,2,"Automóvil,Automóvil",Buenos Aires Y Rueda,3,3,0,0,0,0,0,"-32.97207, -60.63887",Calle,,ROSARIO,Rosario,Asfalto,No existe,II,Dentro,Urbana,Otra Señal,No existe,Intersección,Bueno,Buena,Diurna,Buen Tiempo,Múltiple,S/D,Colisión,Ninguna,Faltante,Cordón divisorio,Sin restricción
2021,6210,2021-08-24,Martes,16:30:00,,0.0,2,"Automóvil,Moto/Ciclomotor",Entre Ríos Y Salta,3,1,0,0,2,0,0,"-32.93898, -60.63923",Calle,,ROSARIO,Rosario,Asfalto,No existe,II,Dentro,Urbana,Otra Señal,No existe,Intersección,Bueno,Buena,Diurna,Buen Tiempo,Múltiple,S/D,Colisión,Ninguna,Faltante,Cordón divisorio,Sin restricción
2021,6211,2021-08-16,Lunes,10:00:00,,0.0,2,"Moto/Ciclomotor,Automóvil",San Martin Y Pje. Gral. Savio,2,1,0,0,1,0,0,"-32.99647, -60.64793",Calle,,ROSARIO,Rosario,Asfalto,No existe,II,Dentro,Urbana,Otra Señal,No existe,Intersección,Bueno,Buena,S/D,Buen Tiempo,Múltiple,S/D,Colisión,Ninguna,Vertical,Cordón divisorio,Sin restricción
2021,6212,2021-08-19,Jueves,18:30:00,,0.0,2,"Bicicleta,Otros",Paraguay Y 3 De Febrero,2,1,0,0,1,0,0,"-32.95177, -60.64527",Calle,,ROSARIO,Rosario,Asfalto,No existe,II,Dentro,Urbana,Otra Señal,No existe,Intersección,Bueno,Buena,Diurna,Buen Tiempo,Múltiple,Ciclista,Colisión,Ninguna,Faltante,Cordón divisorio,Sin restricción
2021,6213,2021-08-27,Viernes,22:10:00,,0.0,2,"Peatón,Taxi/Remis",3 De Febrero Y Dorrego,2,1,0,0,1,0,0,"-32.95079, -60.65083",Calle,,ROSARIO,Rosario,Asfalto,No existe,II,Dentro,Urbana,Otra Señal,No existe,Intersección,Bueno,Buena,"Nocturna,Con luz artificial",Buen Tiempo,Múltiple,Peatón,Colisión,Ninguna,Faltante,Cordón divisorio,Sin restricción
2021,6214,2021-08-11,Miercoles,12:55:00,,0.0,2,"Peatón,Otros",Ameghino Y Bv. Oroño,2,1,0,0,1,0,0,"-32.98441, -60.66344",Avenida,,ROSARIO,Rosario,Asfalto,No existe,II,Dentro,Urbana,Otra Señal,No existe,Intersección,Bueno,Buena,Diurna,Buen Tiempo,Múltiple,Peatón,Colisión,Ninguna,Faltante,Cordón divisorio,Sin restricción
2021,6215,2021-12-10,Viernes,22:35:00,Ruta Nacional 8,376.0,2,"Pickup/Utilitario,Camión c / Acoplado",Ruta Nac 8 ,3,0,0,0,1,2,0,"-33.69956, -62.04976",Ruta,8,VENADO TUERTO,General LÓPEZ,Asfalto,Natural,VIII,S/D,Rural,Otra Señal,No existe,Intersección,Bueno,S/D,Nocturna,S/D,Múltiple,S/D,Colisión,Ninguna,Faltante,Cordón divisorio,Sin restricción
2021,6216,2021-08-11,Miercoles,17:15:00,,0.0,2,"Automóvil,Automóvil",Av. Ntra.Sra.del Rosario Y Leiva,3,1,0,0,2,0,0,"-32.99956, -60.63806",Avenida,,ROSARIO,Rosario,Asfalto,No existe,II,S/D,Urbana,Otra Señal,Funciona,Intersección,Bueno,Buena,Diurna,Buen Tiempo,Múltiple,S/D,Colisión,Ninguna,Vertical,Cordón divisorio,Sin restricción
2021,6217,2021-08-12,Jueves,09:50:00,,0.0,2,"Bicicleta,Automóvil",Lamadrid Y Sarmiento,2,1,0,0,1,0,0,"-32.99712, -60.64915",Calle,,ROSARIO,Rosario,Asfalto,No existe,II,Dentro,Urbana,Otra Señal,No existe,Intersección,Bueno,Buena,Diurna,Buen Tiempo,Múltiple,Ciclista,Colisión,Ninguna,S/D,Cordón divisorio,Sin restricción
2021,6219,2021-08-29,Domingo,15:00:00,,0.0,2,"Peatón,Bicicleta",1 de Mayo 1000,2,1,0,0,1,0,0,"-32.95048, -60.63049",Calle,,ROSARIO,Rosario,Asfalto,No existe,II,Dentro,Urbana,Otra Señal,No existe,Intersección,Bueno,S/D,Diurna,Buen Tiempo,Múltiple,Peatón,Colisión,S/D,S/D,Cordón divisorio,Sin restricción
2021,6220,2021-08-15,Domingo,23:25:00,,0.0,2,"Bicicleta,Automóvil",Av. Bermúdez Y Marco Polo,2,1,0,0,1,0,0,"-33.01077, -60.64221",Calle,,ROSARIO,Rosario,Asfalto,No existe,II,S/D,Urbana,Otra Señal,No existe,Intersección,Bueno,Reducida,S/D,Buen Tiempo,Múltiple,Ciclista,Colisión,Ninguna,S/D,Cordón divisorio,Sin restricción
2021,6221,2021-08-16,Lunes,21:50:00,,0.0,2,"Peatón,Automóvil",Sánchez de Bustamante ,2,1,0,0,1,0,0,"-33.00229, -60.65767",Calle,,ROSARIO,Rosario,Asfalto,No existe,II,Dentro,Urbana,Otra Señal,No existe,Intersección,Bueno,Buena,Nocturna,Buen Tiempo,Múltiple,Peatón,Colisión,Ninguna,Faltante,Cordón divisorio,Sin restricción
2021,6222,2021-08-13,Viernes,14:30:00,,0.0,2,"Pickup/Utilitario,Moto/Ciclomotor",Beruti Y Centeno,3,2,0,0,1,0,0,"-32.98806, -60.62977",Calle,,ROSARIO,Rosario,Asfalto,No existe,II,Dentro,Urbana,Otra Señal,No existe,Intersección,Bueno,Buena,Diurna,Buen Tiempo,Múltiple,S/D,Colisión,Ninguna,Faltante,Cordón divisorio,Sin restricción
2021,6223,2021-12-11,Sabado,04:30:00,,0.0,2,"Moto/Ciclomotor,Automóvil",Gdor. Freyre Y Santiago del Estero,2,0,0,0,1,1,0,"-31.63529, -60.7156",Calle,,SANTA FE,La Capital,Asfalto,No existe,I,S/D,Urbana,Otra Señal,Funciona,Intersección,Bueno,S/D,Nocturna,S/D,Múltiple,S/D,Colisión,Ninguna,Vertical,Cordón divisorio,Sin restricción
2021,6224,2021-08-17,Martes,18:10:00,,0.0,2,"Moto/Ciclomotor,Automóvil",Av. Arijon Y Buenos Aires,3,3,0,0,0,0,0,"-33.00304, -60.64506",Avenida,,ROSARIO,Rosario,Asfalto,No existe,II,Dentro,Urbana,Otra Señal,No existe,Intersección,Bueno,Buena,Diurna,Buen Tiempo,Múltiple,S/D,Colisión,Ninguna,Faltante,Cordón divisorio,Sin restricción
2021,6225,2021-08-29,Domingo,17:40:00,,0.0,2,"Bicicleta,Pickup/Utilitario",Rioja ,2,1,0,0,1,0,0,"-32.95271, -60.6275",Avenida,,ROSARIO,Rosario,Asfalto,No existe,II,Dentro,Urbana,Otra Señal,No existe,Intersección,Bueno,Buena,Diurna,Buen Tiempo,Múltiple,Ciclista,Colisión,Ninguna,Faltante,Cordón divisorio,Sin restricción
2021,6226,2021-08-28,Sabado,01:20:00,,0.0,2,"Peatón,Taxi/Remis",9 De Julio Y Bv. Oroño,2,1,0,0,1,0,0,"-32.95114, -60.6551",Avenida,,ROSARIO,Rosario,S/D,No existe,II,Dentro,Urbana,Otra Señal,No existe,Intersección,Bueno,Buena,"Nocturna,Con luz artificial",Buen Tiempo,Múltiple,Peatón,Colisión,Ninguna,S/D,Cordón divisorio,Sin restricción
2021,6227,2021-08-14,Sabado,21:00:00,,0.0,2,"Bicicleta,Automóvil",Av. San José De Calasanz Y Pje. Gallegos,2,1,0,0,1,0,0,"-32.94053, -60.74761",Avenida,,ROSARIO,Rosario,Asfalto,No existe,II,Dentro,Urbana,Otra Señal,S/D,Intersección,Bueno,Buena,Con luz artificial,Buen Tiempo,Múltiple,Ciclista,Colisión,Ninguna,S/D,Cordón divisorio,Sin restricción
2021,6228,2021-08-14,Sabado,20:00:00,Autopista Nacional Rosario -Cordoba,0.0,2,"Automóvil,Automóvil",Bv. Wilde ,6,2,0,0,4,0,0,"-32.92818, -60.73908",Autopista,Rosario -Cordoba,ROSARIO,Rosario,Asfalto,Natural,II,Dentro,Urbana,Otra Señal,No existe,Intersección,Bueno,Buena,Nocturna,Buen Tiempo,Múltiple,S/D,Colisión,Ninguna,Vertical,Cordón divisorio,Sin restricción
2021,6229,2021-08-13,Viernes,16:45:00,Autopista Nacional Rosario -Cordoba,0.0,2,"Peatón,Automóvil", ,2,1,0,0,1,0,0,"-32.92786, -60.74071",Autopista,Rosario -Cordoba,ROSARIO,Rosario,Tierra,No existe,II,Dentro,Urbana,Otra Señal,No existe,Intersección,Deteriorada,Buena,Diurna,Buen Tiempo,Múltiple,Peatón,Colisión,Ninguna,S/D,Cordón divisorio,Sin restricción
2021,6230,2021-09-30,Jueves,11:30:00,,0.0,2,"Automóvil,Moto/Ciclomotor",General López Y Urquiza,2,1,0,0,1,0,0,"-32.747665357267,-60.735226640381",Calle,,SAN LORENZO,San Lorenzo,Asfalto,No existe,XVII,Dentro,Urbana,Otra Señal,No existe,Intersección,Bueno,S/D,Diurna,Buen Tiempo,Múltiple,S/D,Colisión,S/D,Horizontal,Cordón divisorio,Sin restricción
2021,6231,2021-06-28,Lunes,13:00:00,Ruta Provincial 13,0.0,2,"Automóvil,Bicicleta",R Balbín ,2,1,0,0,1,0,0,"-30.948794171877644,-61.56672797032",Ruta,13,SUNCHALES,Castellanos,Asfalto,Natural,V,Dentro,Urbana,Otra Señal,No existe,Intersección,Bueno,Buena,Diurna,Otro,Múltiple,Ciclista,Colisión,Ninguna,Faltante,Cordón divisorio,Sin restricción
2021,6232,2021-12-13,Lunes,16:50:00,,0.0,2,"Peatón,Transporte de Pasajeros Urbano (> 8 asientos)",Garay Y Roullon,2,0,0,0,1,1,0,"-32.96601, -60.70132",Calle,,ROSARIO,Rosario,Asfalto,No existe,II,S/D,Urbana,Otra Señal,No existe,Intersección,Bueno,Buena,Diurna,Buen Tiempo,Múltiple,Peatón,Colisión,Ninguna,Faltante,Cordón divisorio,Sin restricción
2021,6233,2021-07-01,Jueves,07:15:00,,0.0,2,"Moto/Ciclomotor,Automóvil",Suipacha 800,2,1,0,0,1,0,0,"-32.770081758499146,-60.73475539684",Calle,,SAN LORENZO,San Lorenzo,Asfalto,No existe,XVII,Dentro,Urbana,Otra Señal,No existe,Intersección,Bueno,S/D,Diurna,Buen Tiempo,Múltiple,S/D,Colisión,S/D,Faltante,Cordón divisorio,Sin restricción
2021,6234,2021-04-15,Jueves,10:00:00,,0.0,2,"Automóvil,Bicicleta",Italia Y Urquiza,2,1,0,0,1,0,0,"-30.941135631692,-61.560702704232",Calle,,SUNCHALES,Castellanos,Asfalto,No existe,V,Dentro,Urbana,Otra Señal,No existe,Intersección,Bueno,Buena,Diurna,Buen Tiempo,Múltiple,Ciclista,Colisión,Ninguna,Faltante,Cordón divisorio,Sin restricción
2021,6235,2021-02-15,Lunes,11:20:00,,0.0,1,Moto/Ciclomotor,C Colon Y Cervantes,1,1,0,0,0,0,0,"-30.944161118156,-61.542682585665",Calle,,SUNCHALES,Castellanos,Hormigón,No existe,V,Dentro,Urbana,Otra Señal,No existe,Intersección,Bueno,Reducida,Diurna,Buen Tiempo,Múltiple,S/D,Colisión,Ninguna,Faltante,Cordón divisorio,Sin restricción
2021,6236,2021-08-11,Miercoles,16:35:00,Autopista Nacional Rosario -Cordoba,0.0,1,Moto/Ciclomotor,Bv. Wilde ,2,2,0,0,0,0,0,"-32.9282, -60.73896",Autopista,Rosario -Cordoba,ROSARIO,Rosario,Asfalto,Ripio,II,Dentro,Urbana,Otra Señal,No existe,Intersección,Bueno,Buena,Diurna,Buen Tiempo,Múltiple,S/D,Colisión,Ninguna,Vertical,Cordón divisorio,Sin restricción
2021,6237,2021-08-15,Domingo,19:00:00,,0.0,2,"Moto/Ciclomotor,Automóvil",Av. Provincias Unidas Y José Ingenieros,3,2,0,0,1,0,0,"-32.95281, -60.71211",Calle,,ROSARIO,Rosario,Asfalto,No existe,II,Dentro,Urbana,Otra Señal,No existe,Intersección,Bueno,Buena,Con luz artificial,Buen Tiempo,Múltiple,S/D,Colisión,Ninguna,Faltante,Cordón divisorio,Sin restricción
2021,6238,2021-09-19,Domingo,20:00:00,Ruta Nacional 34,215.0,2,"Moto/Ciclomotor,Pickup/Utilitario", ,2,1,0,0,1,0,0,"-31.30566108912925, -61.51862522273",Ruta,34,ROSARIO,Rosario,Asfalto,No existe,II,Dentro,Urbana,Otra Señal,No existe,Intersección,Bueno,Buena,Nocturna,Buen Tiempo,Múltiple,S/D,Colisión,Ninguna,Horizontal,Cordón divisorio,Sin restricción
2021,6239,2021-08-09,Lunes,19:25:00,,0.0,2,"Moto/Ciclomotor,Automóvil",JUAN PABLO II ,2,1,0,0,1,0,0,"-33.00705, -60.67653",S/D,,ROSARIO,Rosario,Asfalto,Natural,II,S/D,Urbana,Otra Señal,No existe,Intersección,Bueno,Buena,Atardecer,Buen Tiempo,Múltiple,S/D,Colisión,Ninguna,Faltante,Cordón divisorio,Sin restricción
2021,6240,2021-08-01,Domingo,18:46:00,,0.0,1,Moto/Ciclomotor,Cullen 1300,1,1,0,0,0,0,0,"-32.94438, -60.70898",Calle,,ROSARIO,Rosario,S/D,S/D,II,Dentro,Urbana,Otra Señal,S/D,Intersección,S/D,S/D,S/D,S/D,Múltiple,S/D,Colisión,S/D,S/D,Cordón divisorio,Sin restricción
2021,6241,2021-08-09,Lunes,18:20:00,,0.0,2,"Automóvil,Moto/Ciclomotor",Donado Y Morrison,2,1,0,0,1,0,0,"-32.9255, -60.72753",Calle,,ROSARIO,Rosario,Asfalto,S/D,II,S/D,Urbana,Otra Señal,No existe,Intersección,Bueno,Buena,Diurna,Buen Tiempo,Múltiple,S/D,Colisión,S/D,Faltante,Cordón divisorio,Sin restricción
2021,6242,2021-08-13,Viernes,17:30:00,,0.0,2,"Pickup/Utilitario,Peatón",Av. Eva Perón Y Sánchez de Loria,2,1,0,0,1,0,0,"-32.92951, -60.73197",Avenida,,ROSARIO,Rosario,S/D,S/D,II,Dentro,Urbana,Otra Señal,Funciona,Intersección,S/D,S/D,S/D,Otro,Múltiple,Peatón,Colisión,Otro,S/D,Cordón divisorio,Sin restricción
2021,6243,2021-12-18,Sabado,07:30:00,,0.0,1,Automóvil,Monseñor Rodríguez Y Rosatti,1,0,0,0,0,1,0,"-31.55806, -60.74422",Calle,,SANTA FE,La Capital,"Asfalto,Tierra",No existe,I,S/D,Rural,Otra Señal,No existe,Intersección,Bueno,S/D,Diurna,Buen Tiempo,Múltiple,S/D,Colisión,Ninguna,Faltante,Cordón divisorio,Sin restricción
2021,6244,2021-09-21,Martes,14:00:00,,0.0,2,"Bicicleta,Automóvil",Buenos Aires Y Sarmiento,2,1,0,0,1,0,0,"-30.871327620998,-61.350044456919",Calle,,HUMBERTO 1°,Castellanos,Asfalto,No existe,V,Dentro,Urbana,Otra Señal,No existe,Intersección,Bueno,Buena,Diurna,Buen Tiempo,Múltiple,Ciclista,Colisión,Ninguna,Faltante,Cordón divisorio,Sin restricción
2021,6245,2021-09-26,Domingo,14:10:00,,0.0,2,"Pickup/Utilitario,Moto/Ciclomotor",Lehmann Y Sarmiento,2,1,0,0,1,0,0,"-30.871568147442,-61.348599760748",Calle,,HUMBERTO 1°,Castellanos,Asfalto,No existe,V,Dentro,Urbana,Otra Señal,No existe,Intersección,Bueno,Buena,Diurna,Buen Tiempo,Múltiple,S/D,Colisión,Ninguna,Faltante,Cordón divisorio,Sin restricción
2021,6247,2021-12-22,Miercoles,08:45:00,,0.0,1,Bicicleta,Laínez 640,1,0,0,0,0,1,0,"-30.95034, -61.55751",Calle,,SUNCHALES,Castellanos,Asfalto,No existe,V,Dentro,Urbana,Otra Señal,No existe,Intersección,Bueno,S/D,Diurna,S/D,Múltiple,S/D,Colisión,Ninguna,Faltante,Cordón divisorio,Sin restricción
2021,6248,2021-09-02,Jueves,08:20:00,Ruta Provincial 13,0.0,2,"Moto/Ciclomotor,Automóvil",Laínez Y Santa Fe,2,1,0,0,1,0,0,"-30.951384735063,-61.562192964582",Ruta,13,SUNCHALES,Castellanos,Hormigón,No existe,V,Dentro,Urbana,Otra Señal,No existe,Intersección,Bueno,Buena,Diurna,Buen Tiempo,Múltiple,S/D,Colisión,Ninguna,Faltante,Cordón divisorio,Sin restricción
2021,6249,2021-09-28,Martes,11:30:00,,0.0,2,"Automóvil,Moto/Ciclomotor",25 de Mayo Y Avenida Belgrano,2,1,0,0,1,0,0,"-30.944009569559,-61.560937746457",Avenida,,SUNCHALES,Castellanos,Asfalto,No existe,V,Dentro,Urbana,Otra Señal,No existe,Intersección,Bueno,Buena,Diurna,Buen Tiempo,Múltiple,S/D,Colisión,Ninguna,Horizontal,Cordón divisorio,Sin restricción
2021,6251,2021-12-17,Viernes,05:30:00,Autopista Nacional A008,3.2,1,Pickup/Utilitario,Av. Circunvalación ,1,0,0,0,0,1,0,"-32.90339, -60.72359",Autopista,A008,ROSARIO,Rosario,Asfalto,Natural,II,S/D,Rural,Otra Señal,No existe,Intersección,Bueno,Buena,Nocturna,Buen Tiempo,Múltiple,S/D,Colisión,Ninguna,Faltante,Cordón divisorio,Sin restricción
2021,6253,2021-09-19,Domingo,04:50:00,,0.0,2,"Automóvil,Automóvil",Catamarca Y Sarmiento,6,1,0,0,5,0,0,"-31.893576940888,-61.857942309622",Calle,,SAN JORGE,San MARTÍN,Asfalto,No existe,XVIII,Dentro,Urbana,Otra Señal,No existe,Intersección,Bueno,Reducida,Nocturna,Buen Tiempo,Múltiple,S/D,Colisión,Ninguna,Faltante,Cordón divisorio,Sin restricción
2021,6254,2021-08-20,Viernes,15:00:00,,0.0,2,"Peatón,Moto/Ciclomotor",Av. Génova 2200,2,1,0,0,0,0,1,"-32.91552, -60.69525",Avenida,,ROSARIO,Rosario,Asfalto,Pavimento,II,Dentro,Urbana,Otra Señal,No existe,Intersección,Bueno,Buena,Diurna,Buen Tiempo,Múltiple,Peatón,Colisión,Ninguna,S/D,Cordón divisorio,Sin restricción
2021,6255,2021-12-16,Jueves,12:40:00,Autopista Nacional A008,19.0,2,"Peatón,Automóvil",Av. Circunvalación ,2,0,0,0,1,1,0,"-33.01453, -60.66443",Autopista,A008,ROSARIO,Rosario,Asfalto,No existe,II,S/D,Rural,Otra Señal,No existe,Intersección,Bueno,Buena,Diurna,Buen Tiempo,Múltiple,Peatón,Colisión,Ninguna,Faltante,Cordón divisorio,Sin restricción
2021,6257,2021-08-27,Viernes,17:50:00,,0.0,2,"Moto/Ciclomotor,Automóvil",J.J.Paso Y Rep. Dominicana,2,1,0,0,1,0,0,"-32.91962, -60.69027",Calle,,ROSARIO,Rosario,Asfalto,S/D,II,Dentro,Urbana,Otra Señal,Funciona,Intersección,Bueno,Buena,Atardecer,Buen Tiempo,Múltiple,S/D,Colisión,Ninguna,S/D,Cordón divisorio,Sin restricción
2021,6258,2021-12-13,Lunes,23:50:00,Ruta Nacional 11,335.0,2,"Moto/Ciclomotor,Camión c / Acoplado",Ruta Nac 11 ,2,0,0,0,1,1,0,"-32.69709, -60.76946",Ruta,11,PUERTO SAN MARTÍN,San Lorenzo,Asfalto,Pavimento,XVII,S/D,Rural,Otra Señal,No existe,Intersección,Bueno,S/D,Nocturna,S/D,Múltiple,S/D,Colisión,Ninguna,Faltante,Cordón divisorio,Sin restricción
2021,6259,2021-08-21,Sabado,23:00:00,,0.0,2,"Automóvil,Automóvil",9 de Julio Y Juárez Celman,4,3,0,0,1,0,0,"-33.15506, -60.50723",Calle,,ARROYO SECO,Rosario,Asfalto,Natural,II,Dentro,Urbana,Otra Señal,No existe,Intersección,Bueno,Buena,"Nocturna,Con luz artificial",Buen Tiempo,Múltiple,S/D,Colisión,Ninguna,Faltante,Cordón divisorio,Sin restricción
2021,6261,2021-09-13,Lunes,12:05:00,Ruta Provincial 21,0.0,2,"Automóvil,Moto/Ciclomotor",ALBERDI Y SAN MARTIN,3,1,0,0,2,0,0,"-33.073807146064,-60.578060908924",Ruta,21,PUEBLO ESTHER,Rosario,Asfalto,No existe,II,Dentro,Urbana,Otra Señal,No existe,Intersección,Deteriorada,Buena,Diurna,Buen Tiempo,Múltiple,S/D,Colisión,Ninguna,Horizontal,Cordón divisorio,Sin restricción