anio_acci,nro_acci,fecha,desc_dia,hora_aprox,desc_ruta,km,cant_participantes,desc_participante,calle_avenida_km,total,heridos_leves,heridos_graves,heridos_gravisimos,ilesos,fallecidos,sin_datos,posicion_XY,desc_tipo_via,desc_ruta_ori,desc_loc,desc_dpto,desc_tipo_calzada,desc_tipo_banquina,desc_unidad_regional,desc_lugar_calzada,desc_zona,desc_prioridad,desc_estado_semaforo,desc_lugar_via,desc_estado_via,desc_estado_visibilidad,desc_luminosidad,desc_estado_clima,desc_tipo_colision,desc_tipo_atropello,desc_tipo_hecho,desc_pres_calzada,desc_senializacion,desc_separacion_via,desc_restriccion
2021,6262,2021-09-24,Viernes,,,0.0,2,"Moto/Ciclomotor,Automóvil",Alvear Y I A Edison,3,2,0,0,1,0,0,"-33.01582469993,-60.611533376855",Calle,,VILLA GOBERNADOR GÁLVEZ,Rosario,Asfalto,No existe,II,Dentro,Urbana,Otra Señal,No existe,Intersección,Bueno,Buena,Diurna,Buen Tiempo,Múltiple,S/D,Colisión,Ninguna,Faltante,Cordón divisorio,Sin restricción
2021,6265,2021-09-23,Jueves,09:35:00,,0.0,3,"Taxi/Remis,Bicicleta,Bicicleta",San Carlos Y Urquiza,5,2,0,0,3,0,0,"-32.747826080514,-60.732416435393",Calle,,SAN LORENZO,San Lorenzo,Asfalto,No existe,XVII,Dentro,Urbana,Otra Señal,No existe,Intersección,Bueno,Buena,Diurna,Buen Tiempo,Múltiple,Ciclista,Colisión,Ninguna,Horizontal,Cordón divisorio,Sin restricción
2021,6267,2021-09-10,Viernes,09:30:00,,0.0,2,"Automóvil,Automóvil",9 de Julio Y Buenos Aires,5,1,0,0,4,0,0,"-32.820646646732,-60.721357687546",Calle,,CAPITÁN BERMÚDEZ,San Lorenzo,Asfalto,No existe,XVII,Dentro,Urbana,Otra Señal,No existe,Intersección,Bueno,Buena,Diurna,Buen Tiempo,Múltiple,S/D,Colisión,Ninguna,Faltante,Cordón divisorio,Sin restricción
2021,6270,2021-08-10,Martes,06:30:00,,0.0,2,"Moto/Ciclomotor,Automóvil",Tarragona Y Micheletti,2,1,0,0,1,0,0,"-32.92786, -60.7346",S/D,,ROSARIO,Rosario,Asfalto,No existe,II,Dentro,Urbana,Otra Señal,S/D,Intersección,Bueno,Buena,Nocturna,Buen Tiempo,Múltiple,S/D,Colisión,Ninguna,S/D,Cordón divisorio,Sin restricción
2021,6271,2021-08-14,Sabado,22:10:00,,0.0,2,"Automóvil,Moto/Ciclomotor",J.J.Paso 8200,2,1,0,0,1,0,0,"-33.22912, -60.42411",Calle,,ROSARIO,Rosario,Asfalto,S/D,II,S/D,Urbana,Otra Señal,S/D,Intersección,Bueno,S/D,S/D,Otro,Múltiple,S/D,Colisión,Otro,Faltante,Cordón divisorio,Sin restricción
2021,6272,2021-08-07,Sabado,13:22:00,,0.0,2,"Moto/Ciclomotor,Automóvil",Mendoza Y Colombia,2,1,0,0,1,0,0,"-32.94027, -60.7159",Calle,,ROSARIO,Rosario,Asfalto,S/D,II,Dentro,Urbana,Otra Señal,No existe,Intersección,Bueno,Buena,Diurna,Buen Tiempo,Múltiple,S/D,Colisión,Ninguna,Faltante,Cordón divisorio,Sin restricción
2021,6273,2021-08-01,Domingo,11:45:00,,0.0,2,"Automóvil,Automóvil",Mendoza Y Liniers,2,2,0,0,0,0,0,"-32.94095, -60.6987",Calle,,ROSARIO,Rosario,Asfalto,Pavimento,II,S/D,Urbana,Otra Señal,No existe,Intersección,Bueno,Buena,Diurna,Buen Tiempo,Múltiple,S/D,Colisión,Ninguna,Faltante,Cordón divisorio,Sin restricción
2021,6275,2021-08-20,Viernes,,,0.0,2,"Moto/Ciclomotor,Automóvil",San Martin Y Pte. Quintana,3,3,0,0,0,0,0,"-32.98294, -60.64496",Calle,,ROSARIO,Rosario,Asfalto,No existe,II,Dentro,Urbana,Otra Señal,Funciona,Intersección,Bueno,Reducida,Diurna,Buen Tiempo,Múltiple,S/D,Colisión,Ninguna,Faltante,Cordón divisorio,Sin restricción
2021,6276,2021-08-07,Sabado,16:05:00,,0.0,2,"Moto/Ciclomotor,Automóvil",Gorriti Y Matienzo,2,1,0,0,1,0,0,"-32.92392, -60.69532",Calle,,ROSARIO,Rosario,Asfalto,No existe,II,Dentro,Urbana,Otra Señal,No existe,Intersección,Bueno,Buena,Diurna,S/D,Múltiple,S/D,Colisión,Ninguna,Faltante,Cordón divisorio,Sin restricción
2021,6278,2021-08-29,Domingo,16:10:00,,0.0,2,"Moto/Ciclomotor,Automóvil",Av. Uriburu Y España,2,1,0,0,1,0,0,"-32.9911, -60.65809",Avenida,,ROSARIO,Rosario,Asfalto,No existe,II,Dentro,Urbana,Otra Señal,No existe,Intersección,Bueno,Buena,Diurna,Buen Tiempo,Múltiple,S/D,Colisión,Ninguna,Faltante,Cordón divisorio,Sin restricción
2021,6279,2021-08-09,Lunes,23:30:00,,0.0,3,"Automóvil,Automóvil,Pickup/Utilitario",J.J.Paso Y Ecuador,3,1,0,0,2,0,0,"-32.92048, -60.71582",Calle,,ROSARIO,Rosario,Asfalto,No existe,II,Dentro,Urbana,Otra Señal,No existe,Intersección,S/D,Reducida,Nocturna,S/D,Múltiple,S/D,Colisión,Ninguna,Faltante,Cordón divisorio,Sin restricción
2021,6283,2021-08-21,Sabado,16:20:00,,0.0,2,"Automóvil,Moto/Ciclomotor",Av. Corrientes Y Pte. Quintana,3,2,0,0,1,0,0,"-32.98176, -60.65147",Calle,,ROSARIO,Rosario,Asfalto,No existe,II,S/D,Urbana,Otra Señal,No existe,Intersección,Bueno,Buena,Diurna,Buen Tiempo,Múltiple,S/D,Colisión,Ninguna,Faltante,Cordón divisorio,Sin restricción
2021,6284,2021-02-01,Lunes,21:50:00,,0.0,1,Moto/Ciclomotor, ,1,1,0,0,0,0,0,"-32.95817760227484,-60.666264034822",S/D,,ROSARIO,Rosario,S/D,S/D,II,S/D,S/D,Otra Señal,S/D,Intersección,S/D,S/D,Nocturna,S/D,Múltiple,S/D,Colisión,S/D,S/D,Cordón divisorio,Sin restricción
2021,6285,2021-08-08,Domingo,14:30:00,,0.0,2,"Automóvil,Moto/Ciclomotor",Vélez Sarsfield Y Perú,2,1,0,0,1,0,0,"-32.92603, -60.71202",Calle,,ROSARIO,Rosario,Asfalto,No existe,II,Dentro,Urbana,Otra Señal,No existe,Intersección,Bueno,Buena,Diurna,S/D,Múltiple,S/D,Colisión,Ninguna,Faltante,Cordón divisorio,Sin restricción
2021,6286,2021-01-18,Lunes,00:05:00,,0.0,1,Moto/Ciclomotor,Córdoba ,1,1,0,0,0,0,0,"-32.940420177872,-60.671632920989",S/D,,ROSARIO,Rosario,Asfalto,S/D,II,Dentro,Urbana,Otra Señal,S/D,Intersección,S/D,S/D,Nocturna,S/D,Múltiple,S/D,Colisión,S/D,S/D,Cordón divisorio,Sin restricción
2021,6287,2021-08-13,Viernes,07:30:00,,0.0,2,"Bicicleta,Automóvil",Bv. 27 De Febrero Y Bv. Avellaneda,2,1,0,0,1,0,0,"-32.96024, -60.68454",Avenida,,ROSARIO,Rosario,Asfalto,No existe,II,S/D,Urbana,Otra Señal,Funciona,Intersección,Bueno,Buena,Diurna,Buen Tiempo,Múltiple,Ciclista,Colisión,Ninguna,S/D,Cordón divisorio,Sin restricción
2021,6288,2021-02-02,Martes,17:00:00,,0.0,2,"Moto/Ciclomotor,Automóvil",21 de setiembre Y Cristóbal Colon,2,1,0,0,0,0,1,"-32.838519856432,-60.710751999711",Calle,,GRANADERO BAIGORRIA,Rosario,Asfalto,No existe,II,Dentro,Urbana,Otra Señal,No existe,Intersección,Bueno,S/D,Diurna,S/D,Múltiple,S/D,Colisión,S/D,Faltante,Cordón divisorio,Sin restricción
2021,6290,2021-02-02,Martes,19:00:00,,0.0,1,Bicicleta,Cerrito Y Larrea,1,1,0,0,0,0,0,"-32.952906373376,-60.696769270641",Calle,,ROSARIO,Rosario,Asfalto,No existe,II,Dentro,Urbana,Otra Señal,No existe,Intersección,Bueno,S/D,Diurna,S/D,Múltiple,S/D,Colisión,S/D,Faltante,Cordón divisorio,Sin restricción
2021,6291,2021-08-20,Viernes,08:45:00,,0.0,2,"Moto/Ciclomotor,Otros",Laprida Y Centeno,2,1,0,0,1,0,0,"-32.98553, -60.64392",Calle,,ROSARIO,Rosario,Asfalto,No existe,II,Dentro,Urbana,Otra Señal,No existe,Intersección,Bueno,Buena,Diurna,Buen Tiempo,Múltiple,S/D,Colisión,Ninguna,Faltante,Cordón divisorio,Sin restricción
2021,6293,2021-08-06,Viernes,19:00:00,,0.0,2,"Moto/Ciclomotor,Automóvil",Av. Provincias Unidas Y Viamonte,3,2,0,0,1,0,0,"-32.95692, -60.71198",Calle,,ROSARIO,Rosario,Asfalto,S/D,II,S/D,Urbana,Otra Señal,No existe,Intersección,Bueno,S/D,Nocturna,Buen Tiempo,Múltiple,S/D,Colisión,S/D,S/D,Cordón divisorio,Sin restricción
2021,6295,2021-08-21,Sabado,16:50:00,,0.0,2,"Automóvil,Moto/Ciclomotor",AV CISNEROS Y PSJ 1886,3,1,0,0,2,0,0,"-32.97854, -60.69514",Calle,,ROSARIO,Rosario,Asfalto,Pavimento,II,S/D,Urbana,Otra Señal,S/D,Intersección,Bueno,Buena,Diurna,Buen Tiempo,Múltiple,S/D,Colisión,Ninguna,Faltante,Cordón divisorio,Sin restricción
2021,6296,2021-08-17,Martes,11:00:00,,0.0,2,"Moto/Ciclomotor,Automóvil",Av. Arijon ,2,1,0,0,1,0,0,"-33.00327, -60.65617",Calle,,ROSARIO,Rosario,Asfalto,No existe,II,Dentro,Urbana,Otra Señal,No existe,Intersección,S/D,Buena,Diurna,Buen Tiempo,Múltiple,S/D,Colisión,Ninguna,Vertical,Cordón divisorio,Sin restricción
2021,6297,2021-08-01,Domingo,14:30:00,,0.0,2,"Automóvil,Moto/Ciclomotor",Roullon ,3,2,0,0,1,0,0,"-32.95309, -60.7017",Calle,,ROSARIO,Rosario,Asfalto,No existe,II,S/D,Urbana,Otra Señal,No existe,Intersección,Bueno,Buena,Diurna,Buen Tiempo,Múltiple,S/D,Colisión,Ninguna,Faltante,Cordón divisorio,Sin restricción
2021,6298,2021-08-12,Jueves,18:10:00,,0.0,2,"Moto/Ciclomotor,Pickup/Utilitario",Av. Pte. Perón 8300,2,1,0,0,1,0,0,"-32.98168, -60.74058",S/D,,ROSARIO,Rosario,Asfalto,Pavimento,II,S/D,S/D,Otra Señal,S/D,Intersección,Bueno,Buena,Atardecer,Buen Tiempo,Múltiple,S/D,Colisión,Ninguna,S/D,Cordón divisorio,Sin restricción
2021,6299,2021-08-06,Viernes,11:25:00,,0.0,2,"Bicicleta,Automóvil",Av. Pellegrini Y Tte.Agneta,2,1,0,0,1,0,0,"-32.94833, -60.69947",S/D,,ROSARIO,Rosario,Asfalto,No existe,II,S/D,Urbana,Otra Señal,S/D,Intersección,Bueno,Buena,Diurna,Buen Tiempo,Múltiple,Ciclista,Colisión,S/D,S/D,Cordón divisorio,Sin restricción
2021,6300,2021-08-25,Miercoles,17:00:00,,0.0,2,"Automóvil,Automóvil",Saavedra Y Maipú,2,1,0,0,1,0,0,"-32.97842, -60.64331",Calle,,ROSARIO,Rosario,Asfalto,No existe,II,Dentro,Urbana,Otra Señal,No existe,Intersección,Bueno,Buena,Diurna,Buen Tiempo,Múltiple,S/D,Colisión,Ninguna,Vertical,Cordón divisorio,Sin restricción
2021,6301,2021-08-10,Martes,05:30:00,,0.0,1,Moto/Ciclomotor,Av. Uriburu Y Av. De Las Palmeras,1,1,0,0,0,0,0,"-32.9916, -60.67709",Avenida,,ROSARIO,Rosario,Asfalto,No existe,II,Dentro,Urbana,Otra Señal,Funciona,Intersección,Bueno,Buena,Nocturna,Buen Tiempo,Múltiple,S/D,Colisión,Ninguna,Faltante,Cordón divisorio,Sin restricción
2021,6303,2021-02-02,Martes,20:20:00,,0.0,2,"Moto/Ciclomotor,Automóvil",Av. Pellegrini ,2,1,0,0,0,0,1,"-32.956460142189,-60.645063888488",Avenida,,ROSARIO,Rosario,Asfalto,S/D,II,Dentro,Urbana,Otra Señal,S/D,Intersección,S/D,S/D,Nocturna,S/D,Múltiple,S/D,Colisión,S/D,S/D,Cordón divisorio,Sin restricción
2021,6304,2021-08-26,Jueves,14:50:00,,0.0,2,"Peatón,Moto/Ciclomotor",Av. Uriburu 1162,2,2,0,0,0,0,0,"-32.9907, -60.65009",Avenida,,ROSARIO,Rosario,Asfalto,No existe,II,Dentro,Urbana,Otra Señal,No existe,Intersección,Bueno,Buena,Diurna,Buen Tiempo,Múltiple,Peatón,Colisión,Ninguna,Faltante,Cordón divisorio,Sin restricción
2021,6305,2021-02-03,Miercoles,17:30:00,,0.0,2,"Automóvil,Moto/Ciclomotor",Albert Sabin Y Corazzi Bis,2,1,0,0,0,0,1,"-32.915336923422,-60.690909003441",Calle,,ROSARIO,Rosario,Asfalto,No existe,II,Dentro,Urbana,Otra Señal,Funciona,Intersección,Bueno,S/D,Diurna,Buen Tiempo,Múltiple,S/D,Colisión,S/D,"Horizontal,Vertical",Cordón divisorio,Sin restricción
2021,6306,2021-08-25,Miercoles,08:05:00,,0.0,2,"Moto/Ciclomotor,Automóvil",Bv. Seguí Y Mariano Moreno,2,1,0,0,1,0,0,"-32.97679, -60.65881",Avenida,,ROSARIO,Rosario,Asfalto,No existe,II,Dentro,Urbana,Otra Señal,No existe,Intersección,Bueno,Buena,Diurna,Buen Tiempo,Múltiple,S/D,Colisión,Ninguna,Faltante,Cordón divisorio,Sin restricción
2021,6307,2021-02-04,Jueves,11:15:00,,0.0,1,Bicicleta,Av. Ovidio Lagos Y Uruguay,1,1,0,0,0,0,0,"-32.97263662757,-60.66892141688",Avenida,,ROSARIO,Rosario,Asfalto,No existe,II,Dentro,Urbana,Otra Señal,No existe,Intersección,Bueno,S/D,Diurna,Buen Tiempo,Múltiple,S/D,Colisión,S/D,Horizontal,Cordón divisorio,Sin restricción
2021,6308,2021-02-03,Miercoles,19:00:00,,0.0,1,Otros, ,1,1,0,0,0,0,0,"-33.02492380142208,-60.737797021865",Camino Rural,,SOLDINI,Rosario,S/D,S/D,II,S/D,Rural,Otra Señal,S/D,Intersección,S/D,S/D,S/D,S/D,Múltiple,S/D,Colisión,S/D,S/D,Cordón divisorio,Sin restricción
2021,6309,2021-10-15,Viernes,21:00:00,Ruta Nacional A012,0.0,2,"Automóvil,Automóvil",RUTA 14 ,7,6,0,0,1,0,0,"-33.09185, -60.79092",Ruta,A012,PIÑERO,Rosario,Hormigón,Natural,II,Dentro,Urbana,Otra Señal,No existe,Intersección,Bueno,Buena,Nocturna,Buen Tiempo,Múltiple,S/D,Colisión,Ninguna,Vertical,Cordón divisorio,Sin restricción
2021,6310,2021-08-05,Jueves,18:50:00,,0.0,2,"Pickup/Utilitario,Moto/Ciclomotor",Moreno Y Bv San Martin,2,1,0,0,1,0,0,"-33.13054, -60.80101",Avenida,,ÁLVAREZ,Rosario,Asfalto,Pavimento,II,S/D,Urbana,Otra Señal,No existe,Intersección,Bueno,Buena,Diurna,Buen Tiempo,Múltiple,S/D,Colisión,Ninguna,Faltante,Cordón divisorio,Sin restricción
2021,6311,2021-08-05,Jueves,,,0.0,2,"Pickup/Utilitario,Peatón",El Jilguero Y Las Casuarinas,2,1,0,0,1,0,0,"-32.96939, -60.7364",Calle,,PEREZ,Rosario,Asfalto,Pavimento,II,Dentro,Urbana,Otra Señal,No existe,Intersección,Deteriorada,Buena,Diurna,Buen Tiempo,Múltiple,Peatón,Colisión,Ninguna,Faltante,Cordón divisorio,Sin restricción
2021,6312,2021-12-31,Viernes,22:30:00,Ruta Provincial 18,2.0,2,"Moto/Ciclomotor,Automóvil", ,2,0,0,0,1,1,0,"-33.05517, -60.6897",Ruta,18,ROSARIO,Rosario,Asfalto,Natural,II,Dentro,Urbana,Otra Señal,No existe,Intersección,Bueno,Buena,Nocturna,Buen Tiempo,Múltiple,S/D,Colisión,Ninguna,Vertical,Cordón divisorio,Sin restricción
2021,6313,2021-08-06,Viernes,21:30:00,Ruta Nacional A012,0.0,2,"Camión c / Acoplado,Camión c / Acoplado",RUTA 17s ,2,1,0,0,1,0,0,"-33.09266, -60.94763",Ruta,A012,ZAVALLA,Rosario,Asfalto,Ripio,II,S/D,Urbana,Otra Señal,No existe,Intersección,Bueno,Buena,Nocturna,Buen Tiempo,Múltiple,S/D,Colisión,Ninguna,Horizontal,Cordón divisorio,Sin restricción
2021,6315,2021-02-04,Jueves,10:00:00,,0.0,2,"Pickup/Utilitario,Moto/Ciclomotor",Av. Ovidio Lagos Y Av. Uriburu,2,1,0,0,0,0,1,"-32.991422948752,-60.673301164251",Avenida,,ROSARIO,Rosario,Asfalto,No existe,II,Dentro,Rural,Otra Señal,Funciona,Intersección,Bueno,S/D,Diurna,S/D,Múltiple,S/D,Colisión,S/D,"Horizontal,Vertical",Cordón divisorio,Sin restricción
2021,6316,2021-08-04,Miercoles,09:00:00,Ruta Nacional 9,0.0,2,"Moto/Ciclomotor,Automóvil",Hernández ,2,1,0,0,1,0,0,"-32.9163, -60.84359",Ruta,9,FUNES,Rosario,Asfalto,Ripio,II,Dentro,Urbana,Otra Señal,No existe,Intersección,Bueno,S/D,S/D,Buen Tiempo,Múltiple,S/D,Colisión,Ninguna,Faltante,Cordón divisorio,Sin restricción
2021,6317,2021-02-04,Jueves,18:00:00,,0.0,2,"Automóvil,Moto/Ciclomotor",Av. Provincias Unidas ,2,1,0,0,0,0,1,"-32.91131771084,-60.71396897916",Avenida,,ROSARIO,Rosario,Asfalto,S/D,II,Dentro,Urbana,Otra Señal,S/D,Intersección,S/D,S/D,S/D,S/D,Múltiple,S/D,Colisión,S/D,S/D,Cordón divisorio,Sin restricción
2021,6318,2021-02-04,Jueves,19:00:00,,0.0,2,"Moto/Ciclomotor,Moto/Ciclomotor",Benito Juárez Y Pavón,2,2,0,0,0,0,0,"-32.992463438881,-60.634535384575",Calle,,ROSARIO,Rosario,Asfalto,No existe,II,Dentro,Urbana,Otra Señal,No existe,Intersección,Bueno,S/D,Nocturna,Buen Tiempo,Múltiple,S/D,Colisión,S/D,Faltante,Cordón divisorio,Sin restricción
2021,6319,2021-08-14,Sabado,10:50:00,Ruta Provincial 14,0.0,2,"Moto/Ciclomotor,Automóvil", ,2,1,0,0,1,0,0,"-32.99969, -60.75233",Ruta,14,PEREZ,Rosario,Asfalto,Ripio,II,Dentro,Rural,Otra Señal,No existe,Intersección,Con baches,Reducida,Nocturna,Buen Tiempo,Múltiple,S/D,Colisión,Ninguna,Faltante,Cordón divisorio,Sin restricción
2021,6320,2021-08-27,Viernes,21:05:00,,0.0,2,"Moto/Ciclomotor,Automóvil",Mitre Y Bv. Seguí,2,1,0,0,1,0,0,"-32.97896, -60.64781",Avenida,,ROSARIO,Rosario,Asfalto,No existe,II,Dentro,Urbana,Otra Señal,No existe,Intersección,Bueno,S/D,Nocturna,Buen Tiempo,Múltiple,S/D,Colisión,Ninguna,Vertical,Cordón divisorio,Sin restricción
2021,6321,2021-08-05,Jueves,07:00:00,Ruta Provincial 21,0.0,1,Pickup/Utilitario,SAN JUAN ,1,1,0,0,0,0,0,"-33.07789, -60.5755",Ruta,21,PUEBLO ESTHER,Rosario,Asfalto,S/D,II,S/D,Urbana,Otra Señal,No existe,Intersección,Otro,Buena,Diurna,Buen Tiempo,Múltiple,S/D,Colisión,Ninguna,Faltante,Cordón divisorio,Sin restricción
2021,6322,2021-08-15,Domingo,17:00:00,,0.0,2,"Automóvil,Moto/Ciclomotor",Emilio Zola Y Alberdi,3,2,0,0,1,0,0,"-33.02656, -60.61965",Calle,,VILLA GOBERNADOR GÁLVEZ,Rosario,Asfalto,No existe,II,S/D,Urbana,Otra Señal,No existe,Intersección,Con baches,Buena,Diurna,Otro,Múltiple,S/D,Colisión,Ninguna,Faltante,Cordón divisorio,Sin restricción
2021,6323,2021-08-15,Domingo,14:40:00,,0.0,2,"Moto/Ciclomotor,Automóvil",Ing. Mosconi Y Avellaneda,4,1,0,0,3,0,0,"-33.02563, -60.63044",Calle,,VILLA GOBERNADOR GÁLVEZ,Rosario,Asfalto,No existe,II,S/D,Urbana,Otra Señal,No existe,Intersección,Con baches,Buena,Diurna,Otro,Múltiple,S/D,Colisión,Ninguna,Faltante,Cordón divisorio,Sin restricción
2021,6324,2021-08-27,Viernes,19:20:00,,0.0,2,"Automóvil,Automóvil",Entre Ríos Y Dean Funes,4,2,0,0,2,0,0,"-32.97511, -60.64833",Calle,,ROSARIO,Rosario,Asfalto,No existe,II,Dentro,Urbana,Otra Señal,No existe,Intersección,Bueno,Buena,Atardecer,Buen Tiempo,Múltiple,S/D,Colisión,Ninguna,Faltante,Cordón divisorio,Sin restricción
2021,6325,2021-12-24,Viernes,15:00:00,Autopista Provincial Brigadier E.LÓPEZ,3.0,2,"Peatón,Automóvil", ,3,0,0,0,2,1,0,"-32.8607, -60.73265",Autopista,Brigadier E.LÓPEZ,GRANADERO BAIGORRIA,Rosario,Asfalto,Ripio,II,S/D,Rural,Otra Señal,No existe,Intersección,Bueno,Buena,Diurna,Buen Tiempo,Múltiple,Peatón,Colisión,Ninguna,Faltante,Cordón divisorio,Sin restricción
2021,6326,2021-08-08,Domingo,01:15:00,,0.0,2,"Moto/Ciclomotor,Automóvil",Soldado Aguirre Y San Nicolas,2,1,0,0,0,0,1,"-33.02934, -60.63978",Calle,,VILLA GOBERNADOR GÁLVEZ,Rosario,Asfalto,No existe,II,S/D,Urbana,Otra Señal,No existe,Intersección,Bueno,Buena,"Nocturna,Con luz artificial",Otro,Múltiple,S/D,Colisión,Ninguna,Faltante,Cordón divisorio,Sin restricción
2021,6327,2021-08-11,Miercoles,19:10:00,,0.0,2,"Moto/Ciclomotor,Automóvil",Mitre Y Avellaneda,2,1,0,0,1,0,0,"-33.02434, -60.6302",Calle,,VILLA GOBERNADOR GÁLVEZ,Rosario,Asfalto,No existe,II,S/D,Urbana,Otra Señal,No existe,Intersección,Con baches,Buena,Atardecer,Otro,Múltiple,S/D,Colisión,S/D,S/D,Cordón divisorio,Sin restricción
2021,6328,2021-02-04,Jueves,19:30:00,,0.0,1,Moto/Ciclomotor,Bv. Seguí Y Roullon,1,1,0,0,0,0,0,"-32.970791924002,-60.701062445561",Avenida,,ROSARIO,Rosario,Asfalto,No existe,II,Dentro,Urbana,Otra Señal,Funciona,Intersección,Bueno,S/D,Nocturna,S/D,Múltiple,S/D,Colisión,S/D,"Horizontal,Vertical",Cordón divisorio,Sin restricción
2021,6329,2021-08-18,Miercoles,19:10:00,,0.0,2,"Bicicleta,Automóvil",Ayacucho Y Ayolas,2,1,0,0,1,0,0,"-32.98347, -60.63589",Calle,,ROSARIO,Rosario,Asfalto,No existe,II,Dentro,Urbana,Otra Señal,No existe,Intersección,Bueno,Buena,Atardecer,Buen Tiempo,Múltiple,Ciclista,Colisión,Ninguna,Faltante,Cordón divisorio,Sin restricción
2021,6330,2021-02-05,Viernes,00:05:00,,0.0,1,Moto/Ciclomotor,Italia Y Rueda,1,1,0,0,0,0,0,"-32.969301712289,-60.654068727387",Calle,,ROSARIO,Rosario,Asfalto,No existe,II,Dentro,Urbana,Otra Señal,No existe,Intersección,Bueno,S/D,Nocturna,S/D,Múltiple,S/D,Colisión,S/D,Faltante,Cordón divisorio,Sin restricción
2021,6331,2021-12-31,Viernes,10:50:00,,0.0,1,Moto/Ciclomotor,Juan B Justo Y Carlos Avale,1,0,0,0,0,1,0,"-32.3656, -61.35654",Calle,,SAN GENARO,San JERÓNIMO,"Asfalto,Tierra",No existe,XV,S/D,Urbana,Otra Señal,No existe,Intersección,Bueno,S/D,Diurna,S/D,Múltiple,S/D,Colisión,Ninguna,Faltante,Cordón divisorio,Sin restricción
2021,6332,2021-08-11,Miercoles,18:15:00,,0.0,2,"Moto/Ciclomotor,Automóvil",Soldado Aguirre Y Bomberos Voluntarios,2,1,0,0,1,0,0,"-33.02912, -60.63293",Calle,,VILLA GOBERNADOR GÁLVEZ,Rosario,Asfalto,No existe,II,S/D,S/D,Otra Señal,No existe,Intersección,Con baches,Buena,Diurna,Otro,Múltiple,S/D,Colisión,Ninguna,Faltante,Cordón divisorio,Sin restricción
2021,6333,2021-08-25,Miercoles,17:15:00,,0.0,2,"Taxi/Remis,Moto/Ciclomotor",Ayacucho 6500,3,2,0,0,1,0,0,"-33.01237, -60.63562",Calle,,ROSARIO,Rosario,Asfalto,No existe,II,Dentro,Urbana,Otra Señal,No existe,Intersección,Bueno,Buena,Diurna,Buen Tiempo,Múltiple,S/D,Colisión,Ninguna,Faltante,Cordón divisorio,Sin restricción
2021,6334,2021-08-09,Lunes,22:30:00,,0.0,2,"Moto/Ciclomotor,Automóvil",Magallanes Y Av. Cafferata,2,1,0,0,1,0,0,"-33.02405, -60.64143",Calle,,VILLA GOBERNADOR GÁLVEZ,Rosario,Asfalto,S/D,II,S/D,Urbana,Otra Señal,No existe,Intersección,Otro,Reducida,Nocturna,Otro,Múltiple,S/D,Colisión,Ninguna,Faltante,Cordón divisorio,Sin restricción
2021,6335,2021-02-05,Viernes,10:45:00,,0.0,2,"Automóvil,Moto/Ciclomotor",Córdoba Y Av. Eva Perón,2,1,0,0,0,0,1,"-32.958621755087,-60.693031433571",Calle,,ROSARIO,Rosario,Asfalto,No existe,II,Dentro,Urbana,Otra Señal,Funciona,Intersección,Bueno,S/D,Diurna,S/D,Múltiple,S/D,Colisión,S/D,"Horizontal,Vertical",Cordón divisorio,Sin restricción
2021,6336,2021-02-05,Viernes,00:05:00,,0.0,1,Bicicleta, ,1,1,0,0,0,0,0,"-32.95817760227484,-60.666264034822",S/D,,ROSARIO,Rosario,S/D,S/D,II,S/D,S/D,Otra Señal,S/D,Intersección,S/D,S/D,Nocturna,S/D,Múltiple,S/D,Colisión,S/D,S/D,Cordón divisorio,Sin restricción
2021,6337,2021-12-15,Miercoles,19:15:00,Ruta Nacional 33,656.0,2,"Moto/Ciclomotor,Pickup/Utilitario", ,2,0,0,0,1,1,0,"-33.60989, -61.78265",Ruta,33,CARMEN,General LÓPEZ,Asfalto,Natural,VIII,S/D,Rural,Otra Señal,No existe,Intersección,Bueno,S/D,Nocturna,S/D,Múltiple,S/D,Colisión,Ninguna,Faltante,Cordón divisorio,Sin restricción
2021,6339,2021-08-03,Martes,13:40:00,,0.0,2,"Moto/Ciclomotor,Transporte de Pasajeros Urbano (> 8 asientos)",Lavalle Y Av. Juan Domingo Perón,2,1,0,0,1,0,0,"-33.00784, -60.6141",Avenida,,VILLA GOBERNADOR GÁLVEZ,Rosario,Asfalto,No existe,II,S/D,Urbana,Otra Señal,No existe,Intersección,Deteriorada,Buena,Diurna,Buen Tiempo,Múltiple,S/D,Colisión,Ninguna,Faltante,Cordón divisorio,Sin restricción
2021,6340,2021-02-05,Viernes,14:00:00,,0.0,2,"Automóvil,Moto/Ciclomotor",Camilo Aldao Y Pje. Lejarza,2,1,0,0,0,0,1,"-32.966497613359,-60.694964434515",Calle,,ROSARIO,Rosario,Asfalto,No existe,II,Dentro,Urbana,Otra Señal,No existe,Intersección,Bueno,S/D,Diurna,S/D,Múltiple,S/D,Colisión,S/D,Faltante,Cordón divisorio,Sin restricción
2021,6341,2021-08-07,Sabado,21:30:00,,0.0,2,"Moto/Ciclomotor,Automóvil",17 de Octubre Y Piazza,2,1,0,0,1,0,0,"-33.01947, -60.6091",Calle,,VILLA GOBERNADOR GÁLVEZ,Rosario,Asfalto,S/D,II,Dentro,Urbana,Otra Señal,No existe,Intersección,Bueno,Buena,"Nocturna,Con luz artificial",Buen Tiempo,Múltiple,S/D,Colisión,Ninguna,Faltante,Cordón divisorio,Sin restricción
2021,6342,2021-08-04,Miercoles,07:55:00,,0.0,2,"Bicicleta,Automóvil",Av. Gral. San Martin Y Eva Perón,2,1,0,0,1,0,0,"-33.02685, -60.62293",Calle,,VILLA GOBERNADOR GÁLVEZ,Rosario,Asfalto,No existe,II,Dentro,Urbana,Otra Señal,Funciona,Intersección,Bueno,Buena,Diurna,Buen Tiempo,Múltiple,Ciclista,Colisión,Ninguna,Faltante,Cordón divisorio,Sin restricción