anio_acci,nro_acci,fecha,desc_dia,hora_aprox,desc_ruta,km,cant_participantes,desc_participante,calle_avenida_km,total,heridos_leves,heridos_graves,heridos_gravisimos,ilesos,fallecidos,sin_datos,posicion_XY,desc_tipo_via,desc_ruta_ori,desc_loc,desc_dpto,desc_tipo_calzada,desc_tipo_banquina,desc_unidad_regional,desc_lugar_calzada,desc_zona,desc_prioridad,desc_estado_semaforo,desc_lugar_via,desc_estado_via,desc_estado_visibilidad,desc_luminosidad,desc_estado_clima,desc_tipo_colision,desc_tipo_atropello,desc_tipo_hecho,desc_pres_calzada,desc_senializacion,desc_separacion_via,desc_restriccion
2021,6343,2021-08-03,Martes,20:00:00,,0.0,2,"Moto/Ciclomotor,Automóvil",Richieri ,2,1,0,0,1,0,0,"-33.03289, -60.65308",S/D,,VILLA GOBERNADOR GÁLVEZ,Rosario,Asfalto,No existe,II,S/D,S/D,Otra Señal,No existe,Intersección,Deteriorada,Buena,Nocturna,Buen Tiempo,Múltiple,S/D,Colisión,Material Suelto,Faltante,Cordón divisorio,Sin restricción
2021,6344,2021-08-03,Martes,14:00:00,,0.0,3,"Automóvil,Camión c / Acoplado,Pickup/Utilitario",Av. Monte Flores ,4,1,0,0,3,0,0,"-33.03827, -60.63918",S/D,,VILLA GOBERNADOR GÁLVEZ,Rosario,Hormigón,Ripio,II,S/D,S/D,Otra Señal,No existe,Intersección,Deteriorada,Buena,Diurna,Buen Tiempo,Múltiple,S/D,Colisión,Material Suelto,Faltante,Cordón divisorio,Sin restricción
2021,6345,2021-09-25,Sabado,19:10:00,Ruta Secundaria 18-s,1.0,2,"Moto/Ciclomotor,Automóvil", ,4,2,0,0,2,0,0,"-32.70972669124603,-60.777466893196",Ruta,18-s,PUERTO SAN MARTÍN,San Lorenzo,Asfalto,No existe,XVII,Dentro,Rural,Otra Señal,No existe,Intersección,Bueno,Buena,Nocturna,Buen Tiempo,Múltiple,S/D,Colisión,Ninguna,Horizontal,Cordón divisorio,Sin restricción
2021,6346,2021-02-05,Viernes,10:00:00,,0.0,1,Moto/Ciclomotor,Bv. 27 De Febrero Y Cafferata,1,1,0,0,0,0,0,"-32.961801700112,-60.67632103414",Avenida,,ROSARIO,Rosario,Asfalto,No existe,II,Dentro,Urbana,Otra Señal,Funciona,Intersección,Deteriorada,S/D,Diurna,S/D,Múltiple,S/D,Colisión,Ninguna,Vertical,Cordón divisorio,Sin restricción
2021,6347,2021-02-05,Viernes,20:00:00,,0.0,2,"Peatón,Otros", ,2,1,0,0,0,0,1,"-33.02382007758386,-60.640608128941",Calle,,VILLA GOBERNADOR GÁLVEZ,Rosario,S/D,S/D,II,Dentro,Urbana,Otra Señal,S/D,Intersección,S/D,S/D,Nocturna,S/D,Múltiple,Peatón,Colisión,S/D,S/D,Cordón divisorio,Sin restricción
2021,6349,2021-10-08,Viernes,16:30:00,,0.0,2,"Moto/Ciclomotor,Automóvil",Bolivia Y French,2,1,0,0,1,0,0,"-32.921807721237,-60.714638527004",Calle,,ROSARIO,Rosario,Asfalto,No existe,II,Dentro,Urbana,Otra Señal,No existe,Intersección,Bueno,Buena,Diurna,Buen Tiempo,Múltiple,S/D,Colisión,Ninguna,Faltante,Cordón divisorio,Sin restricción
2021,6350,2021-02-06,Sabado,12:00:00,,0.0,1,Bicicleta,Av. Pellegrini Y Tte.Agneta,1,1,0,0,0,0,0,"-32.94831329146,-60.699519980984",Avenida,,ROSARIO,Rosario,Asfalto,No existe,II,Dentro,Urbana,Otra Señal,No existe,Intersección,Bueno,S/D,Diurna,Buen Tiempo,Múltiple,S/D,Colisión,S/D,"Horizontal,Vertical",Cordón divisorio,Sin restricción
2021,6351,2021-02-05,Viernes,22:30:00,,0.0,1,Bicicleta,Rio De Janeiro ,1,1,0,0,0,0,0,"-32.966091461465,-60.687379836115",Calle,,ROSARIO,Rosario,Asfalto,S/D,II,Dentro,Urbana,Otra Señal,S/D,Intersección,S/D,S/D,Nocturna,S/D,Múltiple,S/D,Colisión,S/D,S/D,Cordón divisorio,Sin restricción
2021,6352,2021-02-06,Sabado,17:30:00,,0.0,1,Moto/Ciclomotor, ,1,1,0,0,0,0,0,"-32.95817760227484,-60.666264034822",S/D,,ROSARIO,Rosario,S/D,S/D,II,S/D,S/D,Otra Señal,S/D,Intersección,S/D,S/D,Diurna,S/D,Múltiple,S/D,Colisión,S/D,S/D,Cordón divisorio,Sin restricción
2021,6353,2021-09-01,Miercoles,17:30:00,Ruta Nacional 11,0.0,2,"Moto/Ciclomotor,Automóvil",Av. San Martin Y Pellegrini,2,1,0,0,1,0,0,"-32.78123438358307,-60.726864337921",Ruta,11,FRAY LUIS BELTRÁN,San Lorenzo,Asfalto,Pavimento,XVII,Dentro,Urbana,Otra Señal,No existe,Intersección,Bueno,Buena,Diurna,Otro,Múltiple,S/D,Colisión,Ninguna,Horizontal,Cordón divisorio,Sin restricción
2021,6357,2021-09-17,Viernes,,,0.0,2,"Moto/Ciclomotor,Automóvil",Colon Y San Salvador,3,1,0,0,2,0,0,"-32.817458653312,-60.720675211142",Calle,,CAPITÁN BERMÚDEZ,San Lorenzo,Asfalto,No existe,XVII,Dentro,Urbana,Otra Señal,No existe,Intersección,S/D,S/D,S/D,S/D,Múltiple,S/D,Colisión,S/D,Vertical,Cordón divisorio,Sin restricción
2021,6358,2021-08-02,Lunes,20:15:00,,0.0,2,"Moto/Ciclomotor,Automóvil",Calle 13-Iturraspe Y Calle 28 - San Lorenzo,2,1,0,0,1,0,0,"-29.1425, -59.65212",Calle,,RECONQUISTA,General Obligado,Asfalto,No existe,IX,Dentro,Urbana,Otra Señal,No existe,Intersección,Bueno,Buena,Nocturna,Buen Tiempo,Múltiple,S/D,Colisión,Ninguna,Horizontal,Cordón divisorio,Sin restricción
2021,6359,2021-12-15,Miercoles,06:00:00,Ruta Provincial 70,65.0,2,"Peatón,Taxi/Remis",Ruta Provincial 70 ,3,0,0,0,2,1,0,"-31.31618, -61.35894",Ruta,70,BELLA ITALIA,Castellanos,Asfalto,Natural,V,S/D,Rural,Otra Señal,No existe,Intersección,Bueno,S/D,Nocturna,S/D,Múltiple,Peatón,Colisión,Ninguna,Faltante,Cordón divisorio,Sin restricción
2021,6360,2021-09-17,Viernes,12:00:00,Ruta Nacional 11,0.0,2,"Moto/Ciclomotor,Peatón",Av. San Lorenzo Y Remedios de Escalada,2,1,0,0,1,0,0,"-32.819544812394,-60.715384836598",Ruta,11,CAPITÁN BERMÚDEZ,San Lorenzo,Asfalto,No existe,XVII,Dentro,Urbana,Otra Señal,Funciona,Intersección,S/D,S/D,Diurna,S/D,Múltiple,Peatón,Colisión,S/D,Vertical,Cordón divisorio,Sin restricción
2021,6361,2021-08-07,Sabado,11:15:00,,0.0,2,"Bicicleta,Automóvil",Calle 33-Pueyrredon ,2,1,0,0,1,0,0,"-29.15401, -59.65612",Calle,,RECONQUISTA,General Obligado,Asfalto,No existe,IX,Dentro,Urbana,Otra Señal,No existe,Intersección,Bueno,Buena,Diurna,Buen Tiempo,Múltiple,Ciclista,Colisión,Ninguna,"Horizontal,Vertical",Cordón divisorio,Sin restricción
2021,6362,2021-08-07,Sabado,19:40:00,,0.0,2,"Pickup/Utilitario,Bicicleta",Calle 44-27 de Abril Y Calle 33-Pueyrredon,2,1,0,0,1,0,0,"-29.1543, -59.64375",Calle,,RECONQUISTA,General Obligado,Asfalto,No existe,IX,Dentro,Urbana,Otra Señal,No existe,Intersección,Bueno,Buena,Nocturna,Buen Tiempo,Múltiple,Ciclista,Colisión,Ninguna,"Horizontal,Vertical",Cordón divisorio,Sin restricción
2021,6363,2021-08-11,Miercoles,14:15:00,,0.0,2,"Moto/Ciclomotor,Automóvil",Calle 17-Bartolome Mitre Y Calle 16 Gral. Obligado,3,2,0,0,1,0,0,"-29.14544, -59.64495",Calle,,RECONQUISTA,General Obligado,Asfalto,No existe,IX,Dentro,Urbana,Otra Señal,No existe,Intersección,Bueno,Buena,Diurna,Buen Tiempo,Múltiple,S/D,Colisión,Ninguna,"Horizontal,Vertical",Cordón divisorio,Sin restricción
2021,6365,2021-10-05,Martes,20:45:00,,0.0,2,"Moto/Ciclomotor,Automóvil",José Ingenieros Y Sarratea Bis,2,1,0,0,1,0,0,"-32.917911, -60.741473",Calle,,ROSARIO,Rosario,Asfalto,No existe,II,Dentro,Urbana,Otra Señal,No existe,Intersección,Bueno,Buena,Nocturna,Buen Tiempo,Múltiple,S/D,Colisión,Ninguna,Faltante,Cordón divisorio,Sin restricción
2021,6366,2021-08-15,Domingo,10:00:00,,0.0,2,"Moto/Ciclomotor,Automóvil", ,2,1,0,0,1,0,0,"-31.77181, -60.83576",Calle,,SAUCE VIEJO,La Capital,Asfalto,Natural,I,Dentro,Urbana,Otra Señal,No existe,Intersección,Bueno,Buena,Diurna,Buen Tiempo,Múltiple,S/D,Colisión,Ninguna,Faltante,Cordón divisorio,Sin restricción
2021,6367,2021-10-08,Viernes,18:05:00,,0.0,2,"Peatón,Moto/Ciclomotor",Av. Sorrento Y Cullen,2,1,0,0,0,0,1,"-32.907871914871,-60.710480509802",Avenida,,ROSARIO,Rosario,"Asfalto,Tierra",Natural,II,Dentro,Urbana,Otra Señal,No existe,Intersección,Bueno,Buena,Diurna,Buen Tiempo,Múltiple,Peatón,Colisión,Ninguna,Faltante,Cordón divisorio,Sin restricción
2021,6370,2021-08-07,Sabado,05:00:00,,0.0,1,Moto/Ciclomotor,13 de diciembre Y Roverano,1,1,0,0,0,0,0,"-31.69133, -60.78858",Calle,,SANTO TOMÉ,La Capital,Tierra,No existe,I,S/D,Urbana,Otra Señal,No existe,Intersección,Bueno,Reducida,Nocturna,Buen Tiempo,Múltiple,S/D,Colisión,Ninguna,Faltante,Cordón divisorio,Sin restricción
2021,6371,2021-08-05,Jueves,14:45:00,Ruta Nacional 11,0.0,1,Bicicleta,Roverano ,1,1,0,0,0,0,0,"-31.69409, -60.7726",Ruta,11,SANTO TOMÉ,La Capital,Asfalto,No existe,I,S/D,Urbana,Otra Señal,No existe,Intersección,Bueno,Buena,Diurna,Buen Tiempo,Múltiple,Ciclista,Colisión,Ninguna,Faltante,Cordón divisorio,Sin restricción
2021,6372,2021-12-18,Sabado,23:00:00,,0.0,2,"Moto/Ciclomotor,Vehículo Oficial",Av. Arijon 2300,4,0,0,0,3,1,0,"-33.00354, -60.66604",Avenida,,ROSARIO,Rosario,Asfalto,No existe,II,S/D,Urbana,Otra Señal,No existe,Intersección,Bueno,S/D,Nocturna,S/D,Múltiple,S/D,Colisión,Ninguna,Horizontal,Cordón divisorio,Sin restricción
2021,6374,2021-02-07,Domingo,00:05:00,,0.0,1,Bicicleta, ,1,1,0,0,0,0,0,"-32.95817760227484,-60.666264034822",S/D,,ROSARIO,Rosario,S/D,S/D,II,S/D,S/D,Otra Señal,S/D,Intersección,S/D,S/D,Nocturna,S/D,Múltiple,S/D,Colisión,S/D,S/D,Cordón divisorio,Sin restricción
2021,6375,2021-02-07,Domingo,00:05:00,,0.0,1,Bicicleta, ,1,1,0,0,0,0,0,"-32.95817760227484,-60.666264034822",S/D,,ROSARIO,Rosario,S/D,S/D,II,S/D,S/D,Otra Señal,S/D,Intersección,S/D,S/D,Nocturna,S/D,Múltiple,S/D,Colisión,S/D,S/D,Cordón divisorio,Sin restricción
2021,6376,2021-10-16,Sabado,07:00:00,,0.0,2,"Moto/Ciclomotor,Automóvil",Av. Génova Y Av. Provincias Unidas,2,1,0,0,0,0,1,"-32.916009521782,-60.713752328791",Avenida,,ROSARIO,Rosario,Asfalto,No existe,II,Dentro,Urbana,Otra Señal,Funciona,Intersección,Bueno,Buena,Atardecer,Buen Tiempo,Múltiple,S/D,Colisión,Ninguna,"Horizontal,Vertical",Cordón divisorio,Sin restricción
2021,6377,2021-02-08,Lunes,12:00:00,,0.0,1,Bicicleta, ,1,1,0,0,0,0,0,"-32.95817760227484,-60.666264034822",S/D,,ROSARIO,Rosario,S/D,S/D,II,S/D,S/D,Otra Señal,S/D,Intersección,S/D,S/D,Diurna,S/D,Múltiple,S/D,Colisión,S/D,S/D,Cordón divisorio,Sin restricción
2021,6379,2021-10-18,Lunes,13:30:00,,0.0,2,"Bicicleta,Moto/Ciclomotor",G.Carrasco Y Garzón,2,1,0,0,0,0,1,"-32.920784483015,-60.706476430004",Avenida,,ROSARIO,Rosario,Asfalto,No existe,II,Dentro,Urbana,Otra Señal,No existe,Intersección,Bueno,Buena,Diurna,Buen Tiempo,Múltiple,S/D,Colisión,Ninguna,Faltante,Cordón divisorio,Sin restricción
2021,6380,2021-10-01,Viernes,17:10:00,,0.0,2,"Moto/Ciclomotor,Automóvil",Neuquén Y Nicaragua,2,1,0,0,1,0,0,"-32.944818548569,-60.720482296429",Calle,,ROSARIO,Rosario,Asfalto,No existe,II,Dentro,Urbana,Otra Señal,No existe,Intersección,Bueno,Buena,Diurna,Buen Tiempo,Múltiple,S/D,Colisión,Ninguna,Faltante,Cordón divisorio,Sin restricción
2021,6381,2021-02-06,Sabado,19:40:00,,0.0,2,"Automóvil,Automóvil",Alsina Y Pte. Quintana,2,1,0,0,0,0,1,"-32.975658514042,-60.685501262666",Calle,,ROSARIO,Rosario,Asfalto,No existe,II,Dentro,Urbana,Otra Señal,No existe,Intersección,Deteriorada,S/D,Nocturna,Buen Tiempo,Múltiple,S/D,Colisión,Ninguna,Faltante,Cordón divisorio,Sin restricción
2021,6382,2021-09-10,Viernes,20:00:00,Ruta Nacional 11,0.0,2,"Pickup/Utilitario,Moto/Ciclomotor",Pje De La Torre Y Ruta Nac 11,2,1,0,0,1,0,0,"-32.66518592834473,-60.794101953506",Ruta,11,TIMBÚES,San Lorenzo,Hormigón,Ripio,XVII,Dentro,Urbana,Otra Señal,No existe,Intersección,Bueno,Buena,Nocturna,Buen Tiempo,Múltiple,S/D,Colisión,Ninguna,Horizontal,Cordón divisorio,Sin restricción
2021,6383,2021-10-06,Miercoles,06:50:00,,0.0,2,"Moto/Ciclomotor,Taxi/Remis",Bv. Wilde 800,2,1,0,0,1,0,0,"-32.937641, -60.738634",Avenida,,ROSARIO,Rosario,Asfalto,No existe,II,Dentro,Urbana,Otra Señal,No existe,Intersección,Bueno,Buena,Nocturna,Buen Tiempo,Múltiple,S/D,Colisión,Ninguna,Horizontal,Cordón divisorio,Sin restricción
2021,6384,2021-02-07,Domingo,07:30:00,,0.0,1,Moto/Ciclomotor,Godoy Cruz Y Molina,1,1,0,0,0,0,0,"-32.891959204554,-60.704837482511",Calle,,ROSARIO,Rosario,Asfalto,No existe,II,Dentro,Urbana,Otra Señal,No existe,Intersección,Deteriorada,S/D,Diurna,Buen Tiempo,Múltiple,S/D,Colisión,Ninguna,Faltante,Cordón divisorio,Sin restricción
2021,6385,2021-02-07,Domingo,00:05:00,,0.0,1,Moto/Ciclomotor,Av. Pte. Perón Y Cullen,1,1,0,0,0,0,0,"-32.966325952776,-60.708077640414",Avenida,,ROSARIO,Rosario,Asfalto,No existe,II,Dentro,Urbana,Otra Señal,Funciona,Intersección,Bueno,S/D,Nocturna,Buen Tiempo,Múltiple,S/D,Colisión,S/D,"Horizontal,Vertical",Cordón divisorio,Sin restricción
2021,6386,2021-02-07,Domingo,00:05:00,,0.0,1,Moto/Ciclomotor,Av. Jorge Newbery Y Tarragona,1,1,0,0,0,0,0,"-32.908527936307,-60.735431928476",Avenida,,ROSARIO,Rosario,Asfalto,No existe,II,Dentro,Urbana,Otra Señal,No existe,Intersección,Bueno,Buena,Nocturna,Buen Tiempo,Múltiple,S/D,Colisión,Ninguna,Vertical,Cordón divisorio,Sin restricción
2021,6387,2021-10-12,Martes,18:00:00,,0.0,2,"Moto/Ciclomotor,Automóvil",Navarro 770,3,2,0,0,1,0,0,"-32.931887408799,-60.727336643994",Calle,,ROSARIO,Rosario,Asfalto,No existe,II,Dentro,Urbana,Otra Señal,No existe,Intersección,Bueno,Buena,Diurna,Buen Tiempo,Múltiple,S/D,Colisión,Ninguna,Faltante,Cordón divisorio,Sin restricción
2021,6388,2021-02-08,Lunes,10:00:00,Autopista Nacional Rosario -Cordoba,0.0,2,"Automóvil,Automóvil", ,2,1,0,0,0,0,1,"-32.94188056504197, -60.80620755618",Autopista,Rosario -Cordoba,FUNES,Rosario,Asfalto,S/D,II,S/D,S/D,Otra Señal,S/D,Intersección,Bueno,S/D,S/D,S/D,Múltiple,S/D,Colisión,S/D,Horizontal,Cordón divisorio,Sin restricción
2021,6389,2021-12-19,Domingo,16:15:00,,0.0,2,"Moto/Ciclomotor,Automóvil",Fdo Fader Y Sargento Cabral,2,0,0,0,1,1,0,"-31.26388, -61.49114",Calle,,RAFAELA,Castellanos,Asfalto,No existe,V,S/D,Urbana,Otra Señal,No existe,Intersección,Bueno,S/D,Diurna,S/D,Múltiple,S/D,Colisión,Ninguna,Faltante,Cordón divisorio,Sin restricción
2021,6390,2021-09-28,Martes,19:40:00,Ruta Nacional 11,0.0,2,"Tren,Automóvil",AV 16 DE JULIO Y RUTA NACIONAL 11,4,1,0,0,3,0,0,"-32.657430, -60.800175",Ruta,11,TIMBÚES,San Lorenzo,"Asfalto,Ripio",Ripio,XVII,Dentro,Urbana,Otra Señal,No existe,Intersección,Bueno,Buena,Nocturna,Buen Tiempo,Múltiple,S/D,Colisión,Ninguna,Horizontal,Cordón divisorio,Sin restricción
2021,6391,2021-02-08,Lunes,08:30:00,,0.0,1,Moto/Ciclomotor,Av. Pellegrini Y Vera Mujica,1,1,0,0,0,0,0,"-32.95221633665,-60.6696301748",Avenida,,ROSARIO,Rosario,Asfalto,No existe,II,Dentro,Urbana,Otra Señal,Funciona,Intersección,Bueno,Buena,Diurna,Buen Tiempo,Múltiple,S/D,Colisión,S/D,"Horizontal,Vertical",Cordón divisorio,Sin restricción
2021,6392,2021-10-18,Lunes,18:10:00,,0.0,2,"Moto/Ciclomotor,Moto/Ciclomotor",Av. Eva Perón Y Muniagurria,2,1,0,0,1,0,0,"-32.929379356166,-60.733292978729",Calle,,ROSARIO,Rosario,Asfalto,No existe,II,Dentro,Urbana,Otra Señal,Funciona,Intersección,Bueno,Buena,Diurna,Buen Tiempo,Múltiple,S/D,Colisión,Ninguna,"Horizontal,Vertical",Cordón divisorio,Sin restricción
2021,6393,2021-02-08,Lunes,09:00:00,,0.0,1,Moto/Ciclomotor,Camilo Aldao Y J.J.Paso,1,1,0,0,0,0,0,"-32.919740657218,-60.696753533857",Calle,,ROSARIO,Rosario,Asfalto,No existe,II,Dentro,Urbana,Otra Señal,No existe,Intersección,Bueno,Buena,Diurna,Buen Tiempo,Múltiple,S/D,Colisión,Ninguna,Faltante,Cordón divisorio,Sin restricción
2021,6394,2021-02-07,Domingo,18:30:00,Autopista Nacional A008,0.0,2,"Moto/Ciclomotor,Automóvil",Av. Circunvalación Y J.J.Paso,2,1,0,0,0,0,1,"-32.920462551066,-60.722992477507",Autopista,A008,ROSARIO,Rosario,Asfalto,No existe,II,Dentro,Urbana,Otra Señal,Funciona,Intersección,Bueno,S/D,Diurna,Buen Tiempo,Múltiple,S/D,Colisión,Ninguna,"Horizontal,Vertical",Cordón divisorio,Sin restricción
2021,6395,2021-10-07,Jueves,12:10:00,,0.0,2,"Moto/Ciclomotor,Automóvil",Liniers Y Soldado Aguirre,2,1,0,0,1,0,0,"-33.029506784983,-60.643894591655",Avenida,,VILLA GOBERNADOR GÁLVEZ,Rosario,"Asfalto,Tierra",No existe,II,Dentro,Urbana,Otra Señal,No existe,Intersección,Deteriorada,Buena,Diurna,Buen Tiempo,Múltiple,S/D,Colisión,Material Suelto,Faltante,Cordón divisorio,Sin restricción
2021,6396,2021-02-08,Lunes,22:00:00,,0.0,2,"Automóvil,Moto/Ciclomotor",Castellanos Y Rueda,2,1,0,0,0,0,1,"-32.964433211307,-60.681260469225",Calle,,ROSARIO,Rosario,Asfalto,No existe,II,Dentro,Urbana,Otra Señal,No existe,Intersección,Bueno,S/D,Diurna,S/D,Múltiple,S/D,Colisión,Ninguna,Faltante,Cordón divisorio,Sin restricción
2021,6398,2021-10-04,Lunes,13:00:00,Autopista Nacional A008,0.0,1,Moto/Ciclomotor,Av. Circunvalación Y Av. Sorrento,1,1,0,0,0,0,0,"-32.908199, -60.724058",Autopista,A008,ROSARIO,Rosario,Asfalto,Natural,II,Dentro,Urbana,Otra Señal,Funciona,Intersección,Bueno,Buena,Diurna,Buen Tiempo,Múltiple,S/D,Colisión,Ninguna,Vertical,Cordón divisorio,Sin restricción
2021,6399,2021-10-13,Miercoles,16:00:00,,0.0,2,"Automóvil,Transporte de Pasajeros Urbano (> 8 asientos)",A F Temporelli Y Juan XXIII,2,1,0,0,1,0,0,"-33.03680062294008,-60.661718845367",Calle,,VILLA GOBERNADOR GÁLVEZ,Rosario,Asfalto,No existe,II,Dentro,Urbana,Otra Señal,No existe,Intersección,Resbaladiza,Reducida,Diurna,Lluvia,Múltiple,S/D,Colisión,Agua,Faltante,Cordón divisorio,Sin restricción
2021,6400,2021-12-21,Martes,03:30:00,Ruta Provincial 1,180.0,2,"Moto/Ciclomotor,Tractor", ,2,0,0,0,1,1,0,"-30.29476, -59.97882",Ruta,1,COLONIA TERESA,San Javier,Asfalto,Natural,XIV,S/D,Rural,Otra Señal,No existe,Intersección,Bueno,S/D,Nocturna,S/D,Múltiple,S/D,Colisión,Ninguna,Faltante,Cordón divisorio,Sin restricción
2021,6401,2021-10-15,Viernes,20:00:00,,0.0,2,"Automóvil,Moto/Ciclomotor",Montecaseros Y Soldado Aguirre,5,2,0,0,3,0,0,"-33.029788118318,-60.652224240476",Calle,,VILLA GOBERNADOR GÁLVEZ,Rosario,"Asfalto,Hormigón",No existe,II,Dentro,Urbana,Otra Señal,No existe,Intersección,Deteriorada,Buena,Nocturna,Buen Tiempo,Múltiple,S/D,Colisión,Material Suelto,Faltante,Cordón divisorio,Sin restricción
2021,6402,2021-02-09,Martes,00:05:00,,0.0,1,Moto/Ciclomotor, ,1,1,0,0,0,0,0,"-32.95817760227484,-60.666264034822",S/D,,ROSARIO,Rosario,S/D,S/D,II,S/D,S/D,Otra Señal,S/D,Intersección,S/D,S/D,Nocturna,S/D,Múltiple,S/D,Colisión,S/D,S/D,Cordón divisorio,Sin restricción
2021,6403,2021-12-22,Miercoles,15:00:00,Ruta Nacional 11,423.0,2,"Moto/Ciclomotor,Moto/Ciclomotor",Av. L de la Torre-Ruta Nac 11 Y J J Paso,3,2,0,0,0,1,0,"-31.96378, -60.92645",Ruta,11,CORONDA,San JERÓNIMO,Asfalto,Pavimento,XV,S/D,Urbana,Otra Señal,No existe,Intersección,Bueno,Buena,Diurna,Buen Tiempo,Múltiple,S/D,Colisión,Ninguna,Faltante,Cordón divisorio,Sin restricción
2021,6404,2021-02-10,Miercoles,,,0.0,1,Otros, ,1,1,0,0,0,0,0,"-32.95817760227484,-60.666264034822",S/D,,ROSARIO,Rosario,S/D,S/D,II,S/D,S/D,Otra Señal,S/D,Intersección,S/D,S/D,S/D,S/D,Múltiple,S/D,Colisión,S/D,S/D,Cordón divisorio,Sin restricción
2021,6405,2021-02-11,Jueves,15:30:00,,0.0,2,"Automóvil,Automóvil", ,3,3,0,0,0,0,0,"-32.95817760227484,-60.666264034822",S/D,,ROSARIO,Rosario,S/D,S/D,II,S/D,S/D,Otra Señal,S/D,Intersección,S/D,S/D,Diurna,S/D,Múltiple,S/D,Colisión,S/D,S/D,Cordón divisorio,Sin restricción
2021,6406,2021-02-07,Domingo,19:00:00,,0.0,2,"Automóvil,Moto/Ciclomotor",Av. Corrientes Y Rueda,2,1,0,0,0,0,1,"-32.970287982922,-60.648545816266",Avenida,,ROSARIO,Rosario,Hormigón,No existe,II,Dentro,Urbana,Otra Señal,No existe,Intersección,Bueno,S/D,Nocturna,S/D,Múltiple,S/D,Colisión,S/D,Faltante,Cordón divisorio,Sin restricción
2021,6407,2021-10-20,Miercoles,13:10:00,Ruta Secundaria 22-s,0.0,2,"Automóvil,Automóvil",Ruta Prov. 22 S Y Soldado Aguirre,3,2,0,0,1,0,0,"-33.02990734577179,-60.656040608882",Ruta,22-s,VILLA GOBERNADOR GÁLVEZ,Rosario,Asfalto,No existe,II,Dentro,Urbana,Otra Señal,No existe,Intersección,Deteriorada,Buena,Diurna,Buen Tiempo,Múltiple,S/D,Colisión,Material Suelto,Faltante,Cordón divisorio,Sin restricción
2021,6408,2021-10-06,Miercoles,17:20:00,,0.0,2,"Automóvil,Moto/Ciclomotor",Gschwind Y Montevideo,3,2,0,0,1,0,0,"-32.947552164145,-60.727488313814",Calle,,ROSARIO,Rosario,Asfalto,No existe,II,Dentro,Urbana,Otra Señal,No existe,Intersección,Bueno,Buena,Diurna,Buen Tiempo,Múltiple,S/D,Colisión,Agua,Faltante,Cordón divisorio,Sin restricción
2021,6409,2021-10-11,Lunes,13:35:00,Autopista Nacional A008,0.0,2,"Automóvil,Peatón",Av. Circunvalación ,2,1,0,0,1,0,0,"-32.931092, -60.723115",Autopista,A008,ROSARIO,Rosario,Asfalto,No existe,II,Dentro,Urbana,Otra Señal,No existe,Intersección,Bueno,Buena,Diurna,Buen Tiempo,Múltiple,Peatón,Colisión,Ninguna,Horizontal,Cordón divisorio,Sin restricción
2021,6410,2021-02-09,Martes,16:00:00,Autopista Nacional A008,0.0,1,Moto/Ciclomotor,Av. Circunvalación Y Rivarola,1,1,0,0,0,0,0,"-32.965967030241,-60.718966198579",Autopista,A008,ROSARIO,Rosario,Asfalto,No existe,II,Dentro,Urbana,Otra Señal,Funciona,Intersección,Bueno,S/D,Diurna,Buen Tiempo,Múltiple,S/D,Colisión,S/D,"Horizontal,Vertical",Cordón divisorio,Sin restricción
2021,6411,2021-02-09,Martes,12:15:00,,0.0,1,Moto/Ciclomotor,Rioja Y San Martin,1,1,0,0,0,0,0,"-32.947960708422,-60.63700187028",Calle,,ROSARIO,Rosario,Asfalto,No existe,II,Dentro,Urbana,Otra Señal,No existe,Intersección,Bueno,Buena,Diurna,Buen Tiempo,Múltiple,S/D,Colisión,Ninguna,Horizontal,Cordón divisorio,Sin restricción
2021,6412,2021-10-09,Sabado,23:50:00,,0.0,2,"Automóvil,Bicicleta",Donado Y Mendoza,3,1,0,0,2,0,0,"-32.94057916408,-60.726985632092",Avenida,,ROSARIO,Rosario,Asfalto,No existe,II,Dentro,Urbana,Otra Señal,Funciona,Intersección,Bueno,Buena,"Nocturna,Con luz artificial",Buen Tiempo,Múltiple,Ciclista,Colisión,Ninguna,"Horizontal,Vertical",Cordón divisorio,Sin restricción
2021,6413,2021-02-09,Martes,12:30:00,,0.0,1,Moto/Ciclomotor,Alsina Y Viamonte,1,1,0,0,0,0,0,"-32.958450395163,-60.681171455728",Calle,,ROSARIO,Rosario,Asfalto,No existe,II,Dentro,Urbana,Otra Señal,No existe,Intersección,Bueno,S/D,Diurna,S/D,Múltiple,S/D,Colisión,S/D,Faltante,Cordón divisorio,Sin restricción
2021,6414,2021-10-12,Martes,09:08:00,,0.0,2,"Moto/Ciclomotor,Automóvil",Alvear Y Intendente M Bruno,2,1,0,0,1,0,0,"-33.033595852061,-60.610698066653",Calle,,VILLA GOBERNADOR GÁLVEZ,Rosario,Asfalto,No existe,II,Dentro,Urbana,Otra Señal,No existe,Intersección,Bueno,Buena,Diurna,Buen Tiempo,Múltiple,S/D,Colisión,Ninguna,Faltante,Cordón divisorio,Sin restricción
2021,6415,2021-02-09,Martes,18:30:00,,0.0,1,Moto/Ciclomotor,España Y Lamadrid,1,1,0,0,0,0,0,"-32.99735425062,-60.657815908133",Calle,,ROSARIO,Rosario,Asfalto,No existe,II,Dentro,Urbana,Otra Señal,No existe,Intersección,Deteriorada,S/D,Diurna,S/D,Múltiple,S/D,Colisión,S/D,Faltante,Cordón divisorio,Sin restricción