anio_acci,nro_acci,fecha,desc_dia,hora_aprox,desc_ruta,km,cant_participantes,desc_participante,calle_avenida_km,total,heridos_leves,heridos_graves,heridos_gravisimos,ilesos,fallecidos,sin_datos,posicion_XY,desc_tipo_via,desc_ruta_ori,desc_loc,desc_dpto,desc_tipo_calzada,desc_tipo_banquina,desc_unidad_regional,desc_lugar_calzada,desc_zona,desc_prioridad,desc_estado_semaforo,desc_lugar_via,desc_estado_via,desc_estado_visibilidad,desc_luminosidad,desc_estado_clima,desc_tipo_colision,desc_tipo_atropello,desc_tipo_hecho,desc_pres_calzada,desc_senializacion,desc_separacion_via,desc_restriccion
2021,6417,2021-02-09,Martes,19:30:00,,0.0,1,Automóvil,Av. Pte. Perón Y Bv. 27 De Febrero,1,1,0,0,0,0,0,"-32.958738611604,-60.693307320471",Avenida,,ROSARIO,Rosario,Asfalto,No existe,II,Dentro,Urbana,Otra Señal,Funciona,Intersección,Bueno,S/D,Nocturna,Buen Tiempo,Múltiple,S/D,Colisión,S/D,"Horizontal,Vertical",Cordón divisorio,Sin restricción
2021,6418,2021-02-09,Martes,20:30:00,Autopista Nacional A008,0.0,1,Bicicleta,Av. Circunvalación Y Av. Eva Perón,1,1,0,0,0,0,0,"-32.930939663003,-60.724560656901",Autopista,A008,ROSARIO,Rosario,Asfalto,No existe,II,Dentro,Urbana,Otra Señal,No existe,Intersección,Bueno,S/D,Nocturna,Buen Tiempo,Múltiple,S/D,Colisión,S/D,"Horizontal,Vertical",Cordón divisorio,Sin restricción
2021,6420,2021-02-10,Miercoles,18:30:00,,0.0,1,Bicicleta,Ituzaingó Y Pte. Roca,1,1,0,0,0,0,0,"-32.959472664237,-60.648722738067",Calle,,ROSARIO,Rosario,Asfalto,No existe,II,Dentro,Urbana,Otra Señal,No existe,Intersección,Bueno,S/D,Diurna,Buen Tiempo,Múltiple,S/D,Colisión,S/D,Faltante,Cordón divisorio,Sin restricción
2021,6421,2021-02-10,Miercoles,12:30:00,,0.0,2,"Automóvil,Automóvil",Av. Pte. Perón Y Roullon,2,1,0,0,0,0,1,"-32.962788518054,-60.701377217196",Avenida,,ROSARIO,Rosario,Asfalto,No existe,II,Dentro,Urbana,Otra Señal,Funciona,Intersección,S/D,S/D,Diurna,Buen Tiempo,Múltiple,S/D,Colisión,S/D,"Horizontal,Vertical",Cordón divisorio,Sin restricción
2021,6422,2021-10-15,Viernes,18:30:00,,0.0,2,"Moto/Ciclomotor,Pickup/Utilitario",Av. Pellegrini Y Liniers,2,1,0,0,1,0,0,"-32.948124863336,-60.698243349142",Avenida,,ROSARIO,Rosario,Asfalto,No existe,II,Dentro,Urbana,Otra Señal,Funciona,Intersección,Bueno,Buena,Diurna,Buen Tiempo,Múltiple,S/D,Colisión,Ninguna,"Horizontal,Vertical",Cordón divisorio,Sin restricción
2021,6423,2021-10-27,Miercoles,11:00:00,,0.0,2,"Pickup/Utilitario,Moto/Ciclomotor",ENTRE RÍOS Y SAN LUIS,2,1,0,0,1,0,0,"-33.076245932913,-60.574194649844",Calle,,PUEBLO ESTHER,Rosario,Ripio,No existe,II,Dentro,Urbana,Otra Señal,No existe,Intersección,Resbaladiza,Buena,Diurna,Buen Tiempo,Múltiple,S/D,Colisión,Ninguna,Faltante,Cordón divisorio,Sin restricción
2021,6424,2021-02-11,Jueves,08:30:00,,0.0,2,"Automóvil,Automóvil",Av. Battle y Ordoñez Y España,2,1,0,0,0,0,1,"-33.009137843023,-60.657321431552",Avenida,,ROSARIO,Rosario,Asfalto,No existe,II,Dentro,Urbana,Otra Señal,Funciona,Intersección,Bueno,S/D,Diurna,Buen Tiempo,Múltiple,S/D,Colisión,Ninguna,Vertical,Cordón divisorio,Sin restricción
2021,6425,2021-02-12,Viernes,08:30:00,,0.0,1,Bicicleta,Rep. Dominicana ,1,1,0,0,0,0,0,"-32.91993563539,-60.69024605301",S/D,,ROSARIO,Rosario,S/D,S/D,II,Dentro,Urbana,Otra Señal,S/D,Intersección,S/D,S/D,Diurna,S/D,Múltiple,S/D,Colisión,S/D,S/D,Cordón divisorio,Sin restricción
2021,6426,2021-10-05,Martes,17:30:00,,0.0,2,"Bicicleta,Automóvil",Pje. Alemania Y Rep. Dominicana Bis,2,1,0,0,1,0,0,"-32.92771250009537,-60.689883381128",Calle,,ROSARIO,Rosario,Asfalto,No existe,II,Dentro,Urbana,Otra Señal,No existe,Intersección,S/D,S/D,Diurna,S/D,Múltiple,Ciclista,Colisión,S/D,Faltante,Cordón divisorio,Sin restricción
2021,6428,2021-10-05,Martes,07:40:00,,0.0,2,"Automóvil,Automóvil",Magallanes Y Pje. 1511,2,1,0,0,1,0,0,"-32.93070115149021,-60.704958736896",Calle,,ROSARIO,Rosario,Asfalto,No existe,II,Dentro,Urbana,Otra Señal,No existe,Intersección,Bueno,Buena,Diurna,Otro,Múltiple,S/D,Colisión,S/D,Faltante,Cordón divisorio,Sin restricción
2021,6429,2021-12-22,Miercoles,07:00:00,Autopista Nacional A008,26.0,2,"Pickup/Utilitario,Automóvil",Av. Circunvalación ,2,0,0,0,1,1,0,"-32.98323, -60.70954",Autopista,A008,ROSARIO,Rosario,Asfalto,No existe,II,S/D,Rural,Otra Señal,No existe,Intersección,Bueno,S/D,Diurna,S/D,Múltiple,S/D,Colisión,Ninguna,Faltante,Cordón divisorio,Sin restricción
2021,6430,2021-08-01,Domingo,16:30:00,,0.0,2,"Automóvil,Automóvil",Mitre Y Amenábar,2,1,0,0,1,0,0,"-32.97207, -60.64592",Calle,,ROSARIO,Rosario,S/D,S/D,II,Dentro,Urbana,Otra Señal,S/D,Intersección,S/D,S/D,S/D,S/D,Múltiple,S/D,Colisión,S/D,S/D,Cordón divisorio,Sin restricción
2021,6431,2021-08-28,Sabado,14:45:00,,0.0,2,"Moto/Ciclomotor,Automóvil",Bv. Seguí Y Mariano Moreno,3,2,0,0,1,0,0,"-32.97679, -60.65881",Calle,,ROSARIO,Rosario,Asfalto,No existe,II,Dentro,Urbana,Otra Señal,No existe,Intersección,Bueno,Buena,Diurna,Buen Tiempo,Múltiple,S/D,Colisión,Ninguna,Faltante,Cordón divisorio,Sin restricción
2021,6432,2021-08-01,Domingo,16:45:00,,0.0,2,"Moto/Ciclomotor,Automóvil",Bv. Oroño Y Av. F.Solano López,2,1,0,0,1,0,0,"-32.95809, -60.65683",Avenida,,ROSARIO,Rosario,S/D,S/D,II,Dentro,Urbana,Otra Señal,S/D,Intersección,S/D,S/D,S/D,S/D,Múltiple,S/D,Colisión,S/D,S/D,Cordón divisorio,Sin restricción
2021,6434,2021-08-26,Jueves,09:05:00,Autopista Nacional Rosario -Cordoba,301.0,4,"Automóvil,Pickup/Utilitario,Automóvil,Automóvil", ,8,4,0,0,4,0,0,"-32.94969, -60.73309",Autopista,Rosario -Cordoba,ROSARIO,Rosario,Asfalto,Natural,II,Dentro,Rural,Otra Señal,No existe,Intersección,Bueno,Buena,Diurna,Buen Tiempo,Múltiple,S/D,Colisión,Ninguna,S/D,Cordón divisorio,Sin restricción
2021,6435,2021-08-01,Domingo,17:20:00,,0.0,2,"Bicicleta,Automóvil",España Y 9 De Julio,2,1,0,0,1,0,0,"-32.95234, -60.64836",Calle,,ROSARIO,Rosario,S/D,S/D,II,Dentro,Urbana,Otra Señal,S/D,Intersección,S/D,S/D,S/D,S/D,Múltiple,Ciclista,Colisión,S/D,S/D,Cordón divisorio,Sin restricción
2021,6436,2021-08-26,Jueves,16:40:00,Autopista Nacional A008,0.0,4,"Peatón,Moto/Ciclomotor,Camión,Automóvil",Av. Circunvalación Y Av. Pellegrini,4,2,0,0,2,0,0,"-32.94871, -60.71989",Autopista,A008,ROSARIO,Rosario,Asfalto,No existe,II,Dentro,Urbana,Otra Señal,No existe,Intersección,S/D,Buena,Diurna,Buen Tiempo,Múltiple,Peatón,Colisión,Ninguna,Faltante,Cordón divisorio,Sin restricción
2021,6437,2021-08-01,Domingo,,,0.0,2,"Moto/Ciclomotor,Automóvil", ,2,1,0,0,1,0,0,"-31.44795, -60.93068",S/D,,ESPERANZA,Las Colonias,S/D,S/D,XI,S/D,S/D,Otra Señal,S/D,Intersección,S/D,S/D,S/D,S/D,Múltiple,S/D,Colisión,S/D,S/D,Cordón divisorio,Sin restricción
2021,6438,2021-10-07,Jueves,16:45:00,Autopista Nacional A008,0.0,2,"Pickup/Utilitario,Moto/Ciclomotor",Av. Circunvalación Y Mendoza,2,1,0,0,1,0,0,"-32.940571, -60.722501",Autopista,A008,ROSARIO,Rosario,Asfalto,No existe,II,Dentro,Urbana,Otra Señal,No existe,Intersección,Bueno,Buena,Diurna,Buen Tiempo,Múltiple,S/D,Colisión,Ninguna,Horizontal,Cordón divisorio,Sin restricción
2021,6440,2021-10-07,Jueves,09:10:00,,0.0,2,"Moto/Ciclomotor,Automóvil",Donado Y Pje. Prusia,4,3,0,0,1,0,0,"-32.935515050662,-60.727289029145",Calle,,ROSARIO,Rosario,Asfalto,No existe,II,Dentro,Urbana,Otra Señal,No existe,Intersección,Bueno,Buena,Diurna,Buen Tiempo,Múltiple,S/D,Colisión,Ninguna,Faltante,Cordón divisorio,Sin restricción
2021,6441,2021-08-01,Domingo,15:55:00,Autopista Provincial Brigadier E.LÓPEZ,78.0,1,Automóvil, ,2,2,0,0,0,0,0,"-32.24244, -60.99496",Autopista,Brigadier E.LÓPEZ,BARRANCAS,San JERÓNIMO,S/D,S/D,XV,Fuera,Rural,Otra Señal,S/D,Intersección,S/D,S/D,S/D,S/D,Múltiple,S/D,Colisión,S/D,S/D,Cordón divisorio,Sin restricción
2021,6442,2021-10-20,Miercoles,12:30:00,,0.0,2,"Automóvil,Moto/Ciclomotor",Av. J.Bernhein Y Urizar,3,2,0,0,1,0,0,"-32.935978, -60.744179",Avenida,,ROSARIO,Rosario,Asfalto,No existe,II,Dentro,Urbana,Otra Señal,No existe,Intersección,Bueno,Buena,Diurna,Buen Tiempo,Múltiple,S/D,Colisión,Ninguna,Faltante,Cordón divisorio,Sin restricción
2021,6445,2021-10-26,Martes,10:40:00,,0.0,2,"Automóvil,Moto/Ciclomotor",Av. Eva Perón Y Fraga,3,2,0,0,1,0,0,"-32.933367675508,-60.710595954851",Avenida,,ROSARIO,Rosario,Asfalto,No existe,II,Dentro,Urbana,Otra Señal,Funciona,Intersección,Bueno,Buena,Diurna,Buen Tiempo,Múltiple,S/D,Colisión,Ninguna,"Horizontal,Vertical",Cordón divisorio,Sin restricción
2021,6447,2021-10-14,Jueves,16:15:00,,0.0,2,"Moto/Ciclomotor,Automóvil",Barra Y La Republica,2,1,0,0,1,0,0,"-32.918423262587,-60.70799783191",Calle,,ROSARIO,Rosario,Asfalto,No existe,II,Dentro,Urbana,Otra Señal,No existe,Intersección,Bueno,S/D,Diurna,S/D,Múltiple,S/D,Colisión,Ninguna,Faltante,Cordón divisorio,Sin restricción
2021,6448,2021-08-01,Domingo,18:30:00,,0.0,2,"Moto/Ciclomotor,Pickup/Utilitario",Bv San Martin Y España,2,1,0,0,1,0,0,"-32.66502, -60.7946",Avenida,,TIMBÚES,San Lorenzo,S/D,S/D,XVII,Dentro,Urbana,Otra Señal,S/D,Intersección,S/D,S/D,S/D,S/D,Múltiple,S/D,Colisión,S/D,S/D,Cordón divisorio,Sin restricción
2021,6449,2021-08-01,Domingo,17:05:00,,0.0,2,"Bicicleta,Automóvil",Av. Fray Luis Beltrán Y Juan de Garay,2,1,0,0,1,0,0,"-32.79001, -60.73415",S/D,,FRAY LUIS BELTRÁN,San Lorenzo,S/D,S/D,XVII,S/D,S/D,Otra Señal,S/D,Intersección,S/D,S/D,S/D,S/D,Múltiple,Ciclista,Colisión,S/D,S/D,Cordón divisorio,Sin restricción
2021,6450,2021-10-12,Martes,12:50:00,Ruta Nacional 33,0.0,2,"Moto/Ciclomotor,Automóvil",Av. Pte. Perón Y Calle 1712,2,1,0,0,1,0,0,"-32.971935, -60.719445",Ruta,33,ROSARIO,Rosario,Asfalto,No existe,II,Dentro,Urbana,Otra Señal,No existe,Intersección,Bueno,Buena,Diurna,Buen Tiempo,Múltiple,S/D,Colisión,Ninguna,Horizontal,Cordón divisorio,Sin restricción
2021,6451,2021-10-27,Miercoles,00:30:00,,0.0,3,"Automóvil,Automóvil,Automóvil",Av. Jorge Newbery Y Tarragona,7,2,0,0,5,0,0,"-32.908527936307,-60.735431928476",Calle,,ROSARIO,Rosario,Asfalto,No existe,II,Dentro,Urbana,Otra Señal,Funciona,Intersección,Bueno,Buena,Nocturna,S/D,Múltiple,S/D,Colisión,Agua,Faltante,Cordón divisorio,Sin restricción
2021,6452,2021-10-15,Viernes,18:10:00,,0.0,2,"Automóvil,Moto/Ciclomotor",Ituzaingó Y Rio De Janeiro,2,1,0,0,1,0,0,"-32.953133652785,-60.684081303571",Calle,,ROSARIO,Rosario,Asfalto,No existe,II,Dentro,Urbana,Otra Señal,No existe,Intersección,Bueno,Buena,Diurna,Buen Tiempo,Múltiple,S/D,Colisión,Ninguna,Faltante,Cordón divisorio,Sin restricción
2021,6453,2021-08-28,Sabado,13:10:00,Autopista Nacional A008,11.0,2,"Automóvil,Automóvil",Av. Circunvalación ,2,2,0,0,0,0,0,"-32.95189, -60.72198",Autopista,A008,ROSARIO,Rosario,Asfalto,S/D,II,Dentro,Rural,Otra Señal,No existe,Intersección,Bueno,Buena,Diurna,Buen Tiempo,Múltiple,S/D,Colisión,Ninguna,S/D,Cordón divisorio,Sin restricción
2021,6454,2021-08-21,Sabado,14:00:00,Autopista Nacional A008,0.0,2,"Moto/Ciclomotor,Pickup/Utilitario",Bv. 27 De Febrero Y Av. Circunvalación,2,1,0,0,1,0,0,"-32.95968, -60.72105",Autopista,A008,ROSARIO,Rosario,Asfalto,No existe,II,Dentro,Urbana,Otra Señal,Funciona,Intersección,Bueno,Buena,Diurna,Buen Tiempo,Múltiple,S/D,Colisión,Ninguna,S/D,Cordón divisorio,Sin restricción
2021,6455,2021-10-15,Viernes,20:00:00,,0.0,2,"Moto/Ciclomotor,Automóvil",Av. Pellegrini Y Av. Provincias Unidas,2,0,0,0,1,1,0,"-32.94854, -60.71222",Avenida,,ROSARIO,Rosario,Asfalto,Pavimento,II,Dentro,Urbana,Otra Señal,Funciona,Intersección,Bueno,Reducida,Atardecer,Buen Tiempo,Múltiple,S/D,Colisión,Ninguna,Vertical,Cordón divisorio,Sin restricción
2021,6456,2021-08-18,Miercoles,20:20:00,,0.0,2,"Moto/Ciclomotor,Bicicleta",La Paz Y Ecuador,2,2,0,0,0,0,0,"-32.9558, -60.71434",Calle,,ROSARIO,Rosario,Asfalto,No existe,II,Dentro,Urbana,Otra Señal,No existe,Intersección,Bueno,Buena,Nocturna,Buen Tiempo,Múltiple,Ciclista,Colisión,Ninguna,Faltante,Cordón divisorio,Sin restricción
2021,6457,2021-10-14,Jueves,09:45:00,,0.0,2,"Moto/Ciclomotor,Bicicleta",Av. De Las Palmeras Y Av. Pte. Perón,2,1,0,0,0,0,1,"-32.980408449938,-60.736107080896",Avenida,,ROSARIO,Rosario,Asfalto,No existe,II,Dentro,Urbana,Otra Señal,No existe,Intersección,Bueno,Buena,Diurna,Buen Tiempo,Múltiple,Ciclista,Colisión,Ninguna,Faltante,Cordón divisorio,Sin restricción
2021,6458,2021-08-22,Domingo,13:45:00,Autopista Nacional A008,0.0,2,"Moto/Ciclomotor,Automóvil",Av. Circunvalación Y Av. Uriburu,2,1,0,0,1,0,0,"-32.9923, -60.70047",Autopista,A008,ROSARIO,Rosario,Asfalto,Pavimento,II,Dentro,Urbana,Otra Señal,No existe,Intersección,Bueno,Buena,Diurna,Buen Tiempo,Múltiple,S/D,Colisión,Ninguna,S/D,Cordón divisorio,Sin restricción
2021,6459,2021-10-04,Lunes,09:15:00,,0.0,2,"Automóvil,Moto/Ciclomotor",Montevideo Y Roullon,2,1,0,0,1,0,0,"-32.947164245225,-60.701975113587",Calle,,ROSARIO,Rosario,Asfalto,No existe,II,Dentro,Urbana,Otra Señal,No existe,Intersección,Bueno,Buena,Diurna,Buen Tiempo,Múltiple,S/D,Colisión,Ninguna,Faltante,Cordón divisorio,Sin restricción
2021,6460,2021-10-05,Martes,07:50:00,,0.0,2,"Automóvil,Automóvil",3 De Febrero Y Constitución,2,1,0,0,1,0,0,"-32.946414691279,-60.675277876536",Calle,,ROSARIO,Rosario,Asfalto,No existe,II,Dentro,Urbana,Otra Señal,No existe,Intersección,Bueno,Buena,Diurna,Buen Tiempo,Múltiple,S/D,Colisión,Ninguna,Vertical,Cordón divisorio,Sin restricción
2021,6461,2021-10-15,Viernes,17:55:00,,0.0,2,"Moto/Ciclomotor,Automóvil",Fraga Y Mendoza,2,1,0,0,1,0,0,"-32.9402249692,-60.710245744831",Calle,,ROSARIO,Rosario,Asfalto,No existe,II,Dentro,Urbana,Otra Señal,Funciona,Intersección,Bueno,Buena,Diurna,Buen Tiempo,Múltiple,S/D,Colisión,Ninguna,"Horizontal,Vertical",Cordón divisorio,Sin restricción
2021,6463,2021-08-02,Lunes,23:30:00,Ruta Nacional 9,0.0,2,"Moto/Ciclomotor,Automóvil", ,3,3,0,0,0,0,0,"-33.09823, -60.61482",Ruta,9,ÁLVAREZ,Rosario,S/D,S/D,II,S/D,S/D,Otra Señal,S/D,Intersección,S/D,S/D,S/D,S/D,Múltiple,S/D,Colisión,S/D,S/D,Cordón divisorio,Sin restricción
2021,6464,2021-12-25,Sabado,01:50:00,Ruta Nacional 175,1.8,2,"Moto/Ciclomotor,Automóvil",Córdoba Y Reconquista,4,2,0,0,0,2,0,"-32.71622, -60.73848",Ruta,175,PUERTO SAN MARTÍN,San Lorenzo,Asfalto,No existe,XVII,S/D,Urbana,Otra Señal,No existe,Intersección,Bueno,S/D,Nocturna,S/D,Múltiple,S/D,Colisión,Ninguna,Horizontal,Cordón divisorio,Sin restricción
2021,6465,2021-08-20,Viernes,10:10:00,,0.0,2,"Bicicleta,Camión Chasis",Bv. Avellaneda Y La Paz,2,1,0,0,1,0,0,"-32.9568, -60.6837",Calle,,ROSARIO,Rosario,Asfalto,No existe,II,Dentro,Urbana,Otra Señal,S/D,Intersección,Bueno,Buena,Diurna,Buen Tiempo,Múltiple,Ciclista,Colisión,S/D,S/D,Cordón divisorio,Sin restricción
2021,6466,2021-08-02,Lunes,,,0.0,2,"Moto/Ciclomotor,Pickup/Utilitario",San Juan Y Paula Albarracín,2,1,0,0,1,0,0,"-33.45263, -61.48123",Calle,,FIRMAT,General LÓPEZ,S/D,S/D,VIII,Dentro,Urbana,Otra Señal,S/D,Intersección,S/D,S/D,S/D,S/D,Múltiple,S/D,Colisión,S/D,S/D,Cordón divisorio,Sin restricción
2021,6467,2021-08-21,Sabado,04:30:00,Ruta Provincial 18,7.0,1,Moto/Ciclomotor, ,1,1,0,0,0,0,0,"-33.14265, -60.71529",Ruta,18,PIÑERO,Rosario,Asfalto,Natural,II,Dentro,Urbana,Otra Señal,No existe,Intersección,Bueno,Buena,Nocturna,Buen Tiempo,Múltiple,S/D,Colisión,Ninguna,Faltante,Cordón divisorio,Sin restricción
2021,6468,2021-12-23,Jueves,01:55:00,,0.0,1,Pickup/Utilitario,Matienzo 1755,3,0,0,0,2,1,0,"-32.9488, -60.69433",Calle,,ROSARIO,Rosario,Asfalto,No existe,II,S/D,Urbana,Otra Señal,No existe,Intersección,Bueno,S/D,Nocturna,S/D,Múltiple,S/D,Colisión,Ninguna,Faltante,Cordón divisorio,Sin restricción
2021,6469,2021-08-30,Lunes,20:00:00,,0.0,2,"Automóvil,Peatón",Sarmiento 040,2,1,0,0,1,0,0,"-33.24327, -60.83898",Calle,,ACEBAL,Rosario,Asfalto,No existe,II,Dentro,Urbana,Otra Señal,No existe,Intersección,Deteriorada,Buena,Atardecer,Buen Tiempo,Múltiple,Peatón,Colisión,Ninguna,Faltante,Cordón divisorio,Sin restricción
2021,6471,2021-08-26,Jueves,11:30:00,Ruta Secundaria 20-s,0.0,1,Automóvil, ,1,1,0,0,0,0,0,"-33.22311, -60.82882",Ruta,20-s,ACEBAL,Rosario,Asfalto,Natural,II,Dentro,Rural,Otra Señal,No existe,Intersección,Deteriorada,Buena,Diurna,Buen Tiempo,Múltiple,S/D,Colisión,Ninguna,Faltante,Cordón divisorio,Sin restricción
2021,6473,2021-10-18,Lunes,23:10:00,,0.0,2,"Moto/Ciclomotor,Automóvil",Montevideo Y Roullon,3,1,0,0,2,0,0,"-32.947164245225,-60.701975113587",Calle,,ROSARIO,Rosario,Asfalto,No existe,II,Dentro,Urbana,Otra Señal,No existe,Intersección,Bueno,Buena,"Nocturna,Con luz artificial",Buen Tiempo,Múltiple,S/D,Colisión,Ninguna,Vertical,Cordón divisorio,Sin restricción
2021,6474,2021-10-17,Domingo,13:30:00,,0.0,2,"Automóvil,Pickup/Utilitario",Bv. 27 De Febrero Y Ecuador,4,2,0,0,2,0,0,"-32.959414067459,-60.714188674313",Calle,,ROSARIO,Rosario,Asfalto,No existe,II,Dentro,Urbana,Otra Señal,No existe,Intersección,Bueno,Buena,Diurna,Buen Tiempo,Múltiple,S/D,Colisión,Ninguna,Horizontal,Cordón divisorio,Sin restricción
2021,6475,2021-08-22,Domingo,,,0.0,2,"Automóvil,Moto/Ciclomotor",El Jilguero Y Los Cardenales,2,1,0,0,1,0,0,"-32.99829, -60.77039",Calle,,PEREZ,Rosario,Asfalto,Pavimento,II,Dentro,Urbana,Otra Señal,No existe,Intersección,Deteriorada,Buena,Diurna,Buen Tiempo,Múltiple,S/D,Colisión,Ninguna,Faltante,Cordón divisorio,Sin restricción
2021,6476,2021-10-19,Martes,14:10:00,,0.0,2,"Automóvil,Automóvil",Guatemala Y Tucumán,3,3,0,0,0,0,0,"-32.932673334786,-60.71766011688",Calle,,ROSARIO,Rosario,Asfalto,No existe,II,Dentro,Urbana,Otra Señal,No existe,Intersección,Bueno,Buena,Diurna,Buen Tiempo,Múltiple,S/D,Colisión,Ninguna,Faltante,Cordón divisorio,Sin restricción
2021,6477,2021-10-20,Miercoles,02:00:00,Autopista Nacional A008,0.0,2,"Automóvil,Automóvil",Av. Circunvalación Y Av. Pte. Perón,3,1,0,0,1,0,1,"-32.970607, -60.716858",Autopista,A008,ROSARIO,Rosario,Asfalto,No existe,II,Dentro,Urbana,Otra Señal,No existe,Intersección,Bueno,Buena,Nocturna,Buen Tiempo,Múltiple,S/D,Colisión,Ninguna,Horizontal,Cordón divisorio,Sin restricción
2021,6478,2021-10-12,Martes,19:00:00,,0.0,2,"Moto/Ciclomotor,Moto/Ciclomotor",Guatemala Y Viamonte,2,1,0,0,0,0,1,"-32.957044503535,-60.716569040864",Calle,,ROSARIO,Rosario,Asfalto,No existe,II,Dentro,Urbana,Otra Señal,No existe,Intersección,Bueno,Buena,Diurna,Buen Tiempo,Múltiple,S/D,Colisión,Ninguna,Faltante,Cordón divisorio,Sin restricción
2021,6479,2021-10-21,Jueves,19:36:00,,0.0,2,"Automóvil,Moto/Ciclomotor",Magallanes Y Pérez Bulnes,2,1,0,0,1,0,0,"-32.942203507003,-60.704410542839",Calle,,ROSARIO,Rosario,Asfalto,No existe,II,Dentro,Urbana,Otra Señal,No existe,Intersección,Bueno,Buena,Nocturna,Buen Tiempo,Múltiple,S/D,Colisión,Ninguna,Vertical,Cordón divisorio,Sin restricción
2021,6480,2021-10-24,Domingo,03:10:00,,0.0,2,"Moto/Ciclomotor,Automóvil",Chubut Y Garzón,4,1,0,0,3,0,0,"-32.945463283249,-60.705414645812",Calle,,ROSARIO,Rosario,Asfalto,No existe,II,Dentro,Urbana,Otra Señal,No existe,Intersección,Bueno,Buena,Nocturna,Buen Tiempo,Múltiple,S/D,Colisión,Ninguna,Faltante,Cordón divisorio,Sin restricción
2021,6481,2021-10-15,Viernes,15:30:00,,0.0,2,"Pickup/Utilitario,Moto/Ciclomotor",Av. Pte. Perón Y Bv. Avellaneda,4,4,0,0,0,0,0,"-32.957649546855,-60.683696098343",Avenida,,ROSARIO,Rosario,Asfalto,No existe,II,Dentro,Urbana,Otra Señal,Funciona,Intersección,Bueno,Buena,Diurna,Buen Tiempo,Múltiple,S/D,Colisión,Ninguna,Vertical,Cordón divisorio,Sin restricción
2021,6482,2021-08-22,Domingo,20:30:00,Ruta Nacional 33,0.0,1,Moto/Ciclomotor, ,1,1,0,0,0,0,0,"-33.02037, -60.90536",Ruta,33,ZAVALLA,Rosario,Asfalto,Natural,II,Dentro,Urbana,Otra Señal,No existe,Intersección,Bueno,Buena,Nocturna,Buen Tiempo,Múltiple,S/D,Colisión,Ninguna,S/D,Cordón divisorio,Sin restricción
2021,6483,2021-10-11,Lunes,19:50:00,Autopista Nacional 9,272.0,4,"Pickup/Utilitario,Automóvil,Automóvil,Automóvil", ,9,3,0,0,6,0,0,"-33.11915, -60.58991",Autopista,9,GENERAL LAGOS,Rosario,Asfalto,Pavimento,II,Dentro,Rural,Otra Señal,No existe,Intersección,Bueno,Buena,Nocturna,Buen Tiempo,Múltiple,S/D,Colisión,Ninguna,Horizontal,Cordón divisorio,Sin restricción
2021,6484,2021-10-02,Sabado,20:50:00,,0.0,2,"Moto/Ciclomotor,Moto/Ciclomotor", ,3,3,0,0,0,0,0,"-32.95817760227484,-60.666264034822",S/D,,ROSARIO,Rosario,S/D,S/D,II,S/D,S/D,Otra Señal,S/D,Intersección,S/D,S/D,Nocturna,S/D,Múltiple,S/D,Colisión,S/D,S/D,Cordón divisorio,Sin restricción
2021,6485,2021-10-17,Domingo,21:50:00,Autopista Nacional A008,0.0,1,Otros,Av. Circunvalación Y J.J.Paso,1,1,0,0,0,0,0,"-32.920537, -60.723624",Autopista,A008,ROSARIO,Rosario,Asfalto,No existe,II,Dentro,Urbana,Otra Señal,No existe,Intersección,Bueno,Buena,Nocturna,Buen Tiempo,Múltiple,S/D,Colisión,Ninguna,Horizontal,Cordón divisorio,Sin restricción
2021,6486,2021-08-28,Sabado,10:00:00,Autopista Nacional Rosario -Cordoba,310.0,1,Pickup/Utilitario, ,2,1,0,0,1,0,0,"-32.93901, -60.82343",Autopista,Rosario -Cordoba,FUNES,Rosario,Asfalto,Natural,II,Dentro,Rural,Otra Señal,No existe,Intersección,Bueno,Buena,Diurna,Buen Tiempo,Múltiple,S/D,Colisión,Ninguna,Faltante,Cordón divisorio,Sin restricción
2021,6487,2021-10-03,Domingo,14:00:00,,0.0,2,"Moto/Ciclomotor,Moto/Ciclomotor",Matienzo Y Pje. Lejarza,2,1,0,0,1,0,0,"-32.966469681229,-60.69367960525",Calle,,ROSARIO,Rosario,Asfalto,No existe,II,Dentro,Urbana,Otra Señal,No existe,Intersección,Bueno,Buena,Diurna,Buen Tiempo,Múltiple,S/D,Colisión,Ninguna,Faltante,Cordón divisorio,Sin restricción
2021,6489,2021-10-09,Sabado,15:00:00,Autopista Nacional A008,0.0,2,"Automóvil,Pickup/Utilitario",Av. Circunvalación Y Bv. 27 De Febrero,3,1,0,0,2,0,0,"-32.96128571033479,-60.720233917236",Autopista,A008,ROSARIO,Rosario,Asfalto,No existe,II,Dentro,Urbana,Otra Señal,No existe,Intersección,Bueno,Buena,Diurna,Buen Tiempo,Múltiple,S/D,Colisión,Ninguna,Horizontal,Cordón divisorio,Sin restricción