anio_acci,nro_acci,fecha,desc_dia,hora_aprox,desc_ruta,km,cant_participantes,desc_participante,calle_avenida_km,total,heridos_leves,heridos_graves,heridos_gravisimos,ilesos,fallecidos,sin_datos,posicion_XY,desc_tipo_via,desc_ruta_ori,desc_loc,desc_dpto,desc_tipo_calzada,desc_tipo_banquina,desc_unidad_regional,desc_lugar_calzada,desc_zona,desc_prioridad,desc_estado_semaforo,desc_lugar_via,desc_estado_via,desc_estado_visibilidad,desc_luminosidad,desc_estado_clima,desc_tipo_colision,desc_tipo_atropello,desc_tipo_hecho,desc_pres_calzada,desc_senializacion,desc_separacion_via,desc_restriccion
2021,6490,2021-08-02,Lunes,23:00:00,,0.0,2,"Moto/Ciclomotor,Moto/Ciclomotor",Gral. López Y Alberdi,3,3,0,0,0,0,0,"-31.96905, -60.91997",Calle,,CORONDA,San JERÓNIMO,Asfalto,S/D,XV,Dentro,Urbana,Otra Señal,S/D,Intersección,S/D,S/D,S/D,S/D,Múltiple,S/D,Colisión,S/D,S/D,Cordón divisorio,Sin restricción
2021,6491,2021-08-18,Miercoles,21:15:00,Ruta Nacional 9,0.0,2,"Automóvil,Moto/Ciclomotor",Ruta Nacional 9 Y Roca,2,1,0,0,1,0,0,"-32.92087, -60.81474",Ruta,9,FUNES,Rosario,S/D,Ripio,II,Dentro,Urbana,Otra Señal,No existe,Intersección,Bueno,Buena,Nocturna,Buen Tiempo,Múltiple,S/D,Colisión,Ninguna,Faltante,Cordón divisorio,Sin restricción
2021,6492,2021-12-18,Sabado,08:30:00,Ruta Provincial 80,19.0,2,"Pickup/Utilitario,Pickup/Utilitario", ,9,0,0,0,8,1,0,"-32.03934, -61.17679",Ruta,80,GÁLVEZ,San JERÓNIMO,Asfalto,Pavimento,XV,S/D,Rural,Otra Señal,No existe,Intersección,Bueno,S/D,Diurna,S/D,Múltiple,S/D,Colisión,Ninguna,Faltante,Cordón divisorio,Sin restricción
2021,6493,2021-10-26,Martes,07:50:00,,0.0,2,"Automóvil,Moto/Ciclomotor",C.Larralde Y Rivarola,2,1,0,0,1,0,0,"-32.966210317667,-60.725974752313",Calle,,ROSARIO,Rosario,Asfalto,No existe,II,Dentro,Urbana,Otra Señal,No existe,Intersección,Bueno,Buena,Diurna,Buen Tiempo,Múltiple,S/D,Colisión,Ninguna,Faltante,Cordón divisorio,Sin restricción
2021,6494,2021-08-27,Viernes,08:05:00,Ruta Nacional 9,0.0,2,"Moto/Ciclomotor,Automóvil",Perón Y Ruta Nacional 9,2,1,0,0,1,0,0,"-32.92195, -60.80846",Ruta,9,FUNES,Rosario,Asfalto,Pavimento,II,Dentro,Urbana,Otra Señal,No existe,Intersección,Bueno,Buena,Diurna,Buen Tiempo,Múltiple,S/D,Colisión,Ninguna,Faltante,Cordón divisorio,Sin restricción
2021,6495,2021-08-02,Lunes,12:50:00,Autopista Provincial Brigadier E.LÓPEZ,71.0,1,Pickup/Utilitario, ,5,5,0,0,0,0,0,"-32.23856, -60.99526",Autopista,Brigadier E.LÓPEZ,BARRANCAS,San JERÓNIMO,S/D,S/D,XV,Fuera,S/D,Otra Señal,S/D,Intersección,S/D,S/D,S/D,S/D,Múltiple,S/D,Colisión,S/D,S/D,Cordón divisorio,Sin restricción
2021,6496,2021-08-05,Jueves,,,0.0,2,"Bicicleta,Automóvil", ,2,2,0,0,0,0,0,"-31.44619, -60.93",S/D,,ESPERANZA,Las Colonias,S/D,S/D,XI,S/D,S/D,Otra Señal,S/D,Intersección,S/D,S/D,S/D,S/D,Múltiple,Ciclista,Colisión,S/D,S/D,Cordón divisorio,Sin restricción
2021,6497,2021-08-10,Martes,,,0.0,2,"Moto/Ciclomotor,Pickup/Utilitario", ,2,2,0,0,0,0,0,"-33.04494, -61.16496",S/D,,CASILDA,Caseros,S/D,S/D,IV,S/D,S/D,Otra Señal,S/D,Intersección,S/D,S/D,S/D,S/D,Múltiple,S/D,Colisión,S/D,S/D,Cordón divisorio,Sin restricción
2021,6498,2021-08-19,Jueves,03:10:00,Ruta Provincial 14,0.0,2,"Automóvil,Moto/Ciclomotor",Av. San Martin Y Ruta Prov. 14,2,1,0,0,1,0,0,"-32.98953, -60.75314",Ruta,14,PEREZ,Rosario,Asfalto,Pavimento,II,S/D,Urbana,Otra Señal,Funciona,Intersección,Bueno,Buena,Diurna,Buen Tiempo,Múltiple,S/D,Colisión,Ninguna,S/D,Cordón divisorio,Sin restricción
2021,6500,2021-08-16,Lunes,16:00:00,,0.0,2,"Moto/Ciclomotor,Automóvil",Bv San diego Y Av. Filipini,2,1,0,0,1,0,0,"-33.01945, -60.63653",Calle,,VILLA GOBERNADOR GÁLVEZ,Rosario,Asfalto,No existe,II,S/D,Urbana,Otra Señal,No existe,Intersección,Con baches,Buena,Diurna,Otro,Múltiple,S/D,Colisión,Ninguna,Faltante,Cordón divisorio,Sin restricción
2021,6501,2021-10-25,Lunes,18:00:00,,0.0,2,"Automóvil,Moto/Ciclomotor",Bv. 27 De Febrero 6400,3,1,0,0,2,0,0,"-32.959166652811,-60.708345564633",Avenida,,ROSARIO,Rosario,Asfalto,No existe,II,Dentro,Urbana,Otra Señal,No existe,Intersección,Bueno,Buena,Nocturna,Buen Tiempo,Múltiple,S/D,Colisión,Ninguna,Faltante,Cordón divisorio,Sin restricción
2021,6503,2021-08-23,Lunes,20:05:00,,0.0,2,"Automóvil,Moto/Ciclomotor",Alberdi Y Av. Juan Domingo Perón,2,0,0,1,1,0,0,"-33.02784, -60.62733",Avenida,,VILLA GOBERNADOR GÁLVEZ,Rosario,Asfalto,No existe,II,Dentro,Urbana,Otra Señal,No existe,Intersección,Con baches,Reducida,Atardecer,Otro,Múltiple,S/D,Colisión,Ninguna,Faltante,Cordón divisorio,Sin restricción
2021,6504,2021-02-12,Viernes,12:00:00,,0.0,2,"Automóvil,Moto/Ciclomotor", ,2,1,0,0,0,0,1,"-32.95817760227484,-60.666264034822",S/D,,ROSARIO,Rosario,S/D,S/D,II,S/D,S/D,Otra Señal,S/D,Intersección,S/D,S/D,Diurna,S/D,Múltiple,S/D,Colisión,S/D,S/D,Cordón divisorio,Sin restricción
2021,6505,2021-10-06,Miercoles,11:30:00,,0.0,2,"Pickup/Utilitario,Bicicleta",JULIO VANZO  Y PJE 1740,2,1,0,0,1,0,0,"-32.964080, -60.723365",Calle,,ROSARIO,Rosario,Asfalto,No existe,II,Dentro,Urbana,Otra Señal,No existe,Intersección,Bueno,Reducida p/ objetos,Diurna,Buen Tiempo,Múltiple,Ciclista,Colisión,Ninguna,Faltante,Cordón divisorio,Sin restricción
2021,6506,2021-02-12,Viernes,17:00:00,,0.0,1,Bicicleta, ,1,1,0,0,0,0,0,"-32.95817760227484,-60.666264034822",S/D,,ROSARIO,Rosario,S/D,S/D,II,S/D,S/D,Otra Señal,S/D,Intersección,S/D,S/D,Diurna,S/D,Múltiple,S/D,Colisión,S/D,S/D,Cordón divisorio,Sin restricción
2021,6507,2021-10-25,Lunes,07:50:00,,0.0,2,"Moto/Ciclomotor,Transporte de Pasajeros (H/ 8 asientos)",Bv. Avellaneda Y Gálvez,2,1,0,0,1,0,0,"-32.961389817471,-60.684861200548",Calle,,ROSARIO,Rosario,Asfalto,No existe,II,Dentro,Rural,Otra Señal,No existe,Intersección,Bueno,Buena,Diurna,Buen Tiempo,Múltiple,S/D,Colisión,Ninguna,Faltante,Cordón divisorio,Sin restricción
2021,6509,2021-10-24,Domingo,18:35:00,,0.0,2,"Peatón,Tren",Cochabamba Y Méjico,2,1,0,0,1,0,0,"-32.94991582632065,-60.717967450618",Calle,,ROSARIO,Rosario,Asfalto,No existe,II,Dentro,Urbana,Otra Señal,No existe,Intersección,Bueno,Buena,Diurna,Buen Tiempo,Múltiple,Peatón,Colisión,Ninguna,Vertical,Cordón divisorio,Sin restricción
2021,6510,2021-08-27,Viernes,09:45:00,,0.0,2,"Moto/Ciclomotor,Peatón",Ing. Mosconi Y Falucho,2,0,0,1,1,0,0,"-33.02551, -60.62894",Calle,,VILLA GOBERNADOR GÁLVEZ,Rosario,Asfalto,No existe,II,S/D,Urbana,Otra Señal,No existe,Intersección,Con baches,Buena,Diurna,Otro,Múltiple,Peatón,Colisión,Ninguna,Faltante,Cordón divisorio,Sin restricción
2021,6512,2021-02-11,Jueves,23:00:00,,0.0,1,Bicicleta,Castellanos Y Ocampo,1,1,0,0,0,0,0,"-32.959847505786,-60.680097021001",Calle,,ROSARIO,Rosario,Asfalto,No existe,II,Dentro,Urbana,Otra Señal,No existe,Intersección,Bueno,S/D,Nocturna,S/D,Múltiple,S/D,Colisión,S/D,Faltante,Cordón divisorio,Sin restricción
2021,6514,2021-02-12,Viernes,16:00:00,,0.0,1,Moto/Ciclomotor,Av. Ing.Acevedo Y Mr.Ross,1,1,0,0,0,0,0,"-32.984806746929,-60.667904618912",Avenida,,ROSARIO,Rosario,Asfalto,No existe,II,Dentro,Urbana,Otra Señal,Funciona,Intersección,Bueno,S/D,Diurna,S/D,Múltiple,S/D,Colisión,S/D,"Horizontal,Vertical",Cordón divisorio,Sin restricción
2021,6516,2021-02-12,Viernes,19:20:00,,0.0,1,Moto/Ciclomotor,Garay Y Valparaíso,1,1,0,0,0,0,0,"-32.96662181607,-60.688934357483",Calle,,ROSARIO,Rosario,Asfalto,No existe,II,Dentro,Urbana,Otra Señal,No existe,Intersección,Bueno,S/D,Nocturna,S/D,Múltiple,S/D,Colisión,S/D,Faltante,Cordón divisorio,Sin restricción
2021,6517,2021-08-27,Viernes,15:30:00,,0.0,2,"Moto/Ciclomotor,Moto/Ciclomotor",Av. Filipini Y Sáenz PEÑA,3,2,0,0,1,0,0,"-33.0185, -60.63626",Avenida,,VILLA GOBERNADOR GÁLVEZ,Rosario,Asfalto,No existe,II,Dentro,Urbana,Otra Señal,No existe,Intersección,Con baches,Buena,Diurna,Otro,Múltiple,S/D,Colisión,Ninguna,Faltante,Cordón divisorio,Sin restricción
2021,6518,2021-02-12,Viernes,11:00:00,,0.0,1,Moto/Ciclomotor,Callao Y Córdoba,1,1,0,0,0,0,0,"-32.942495924142,-60.660070001796",Calle,,ROSARIO,Rosario,Asfalto,No existe,II,Dentro,Urbana,Otra Señal,Funciona,Intersección,Bueno,S/D,Diurna,Buen Tiempo,Múltiple,S/D,Colisión,S/D,"Horizontal,Vertical",Cordón divisorio,Sin restricción
2021,6519,2021-10-04,Lunes,09:10:00,,0.0,2,"Automóvil,Moto/Ciclomotor",HERMANA PAULA  Y RIVAROLA ,2,1,0,0,1,0,0,"-32.966367, -60.729748",Avenida,,ROSARIO,Rosario,Asfalto,No existe,II,Dentro,Urbana,Otra Señal,No existe,Intersección,Bueno,Buena,Diurna,Buen Tiempo,Múltiple,Peatón,Colisión,Ninguna,"Horizontal,Vertical",Cordón divisorio,Sin restricción
2021,6520,2021-10-15,Viernes,07:30:00,,0.0,2,"Automóvil,Moto/Ciclomotor",Castellanos Y Pasco,2,1,0,0,1,0,0,"-32.952966440558,-60.678351688535",Calle,,ROSARIO,Rosario,Asfalto,No existe,II,Dentro,Urbana,Otra Señal,No existe,Intersección,Bueno,Buena,Diurna,Buen Tiempo,Múltiple,S/D,Colisión,Ninguna,Faltante,Cordón divisorio,Sin restricción
2021,6523,2021-02-12,Viernes,20:30:00,,0.0,1,Bicicleta,Montevideo Y Roullon,1,1,0,0,0,0,0,"-32.947164245225,-60.701975113587",Calle,,ROSARIO,Rosario,Asfalto,No existe,II,Dentro,Urbana,Otra Señal,No existe,Intersección,Bueno,S/D,Nocturna,S/D,Múltiple,S/D,Colisión,S/D,Faltante,Cordón divisorio,Sin restricción
2021,6524,2021-10-07,Jueves,10:30:00,,0.0,2,"Moto/Ciclomotor,Camión Chasis",Av. Pte. Perón Y Perú,2,1,0,0,1,0,0,"-32.967276378951,-60.710317852784",Avenida,,ROSARIO,Rosario,Asfalto,No existe,II,Dentro,Urbana,Otra Señal,No existe,Intersección,Bueno,Buena,Diurna,Buen Tiempo,Múltiple,S/D,Colisión,Ninguna,Horizontal,Cordón divisorio,Sin restricción
2021,6526,2021-02-12,Viernes,18:10:00,,0.0,2,"Automóvil,Moto/Ciclomotor",Iriondo Y Mendoza,2,1,0,0,0,0,1,"-32.945921143925,-60.670888844366",Calle,,ROSARIO,Rosario,Asfalto,No existe,II,Dentro,Urbana,Otra Señal,Funciona,Intersección,Bueno,S/D,Diurna,Buen Tiempo,Múltiple,S/D,Colisión,S/D,"Horizontal,Vertical",Cordón divisorio,Sin restricción
2021,6527,2021-02-12,Viernes,23:00:00,,0.0,1,Bicicleta,Castellanos Y Montevideo,1,1,0,0,0,0,0,"-32.949534753878,-60.67748320511",Calle,,ROSARIO,Rosario,Asfalto,No existe,II,Dentro,Urbana,Otra Señal,No existe,Intersección,Bueno,S/D,Nocturna,S/D,Múltiple,S/D,Colisión,S/D,Faltante,Cordón divisorio,Sin restricción
2021,6528,2021-08-19,Jueves,04:00:00,Autopista Nacional A008,0.0,1,Automóvil, ,1,1,0,0,0,0,0,"-33.01478, -60.62014",Autopista,A008,VILLA GOBERNADOR GÁLVEZ,Rosario,Asfalto,No existe,II,Dentro,Urbana,Otra Señal,No existe,Intersección,Bueno,Buena,"Nocturna,Con luz artificial",Buen Tiempo,Múltiple,S/D,Colisión,Ninguna,Faltante,Cordón divisorio,Sin restricción
2021,6529,2021-08-03,Martes,19:30:00,Ruta Provincial 80,0.0,2,"Automóvil,Moto/Ciclomotor", ,4,2,0,0,2,0,0,"-32.01519, -61.24639",Ruta,80,GÁLVEZ,San JERÓNIMO,S/D,S/D,XV,Fuera,Rural,Otra Señal,S/D,Intersección,S/D,S/D,S/D,S/D,Múltiple,S/D,Colisión,S/D,S/D,Cordón divisorio,Sin restricción
2021,6531,2021-08-03,Martes,17:25:00,,0.0,1,Automóvil,25 de Mayo Y Jujuy,1,1,0,0,0,0,0,"-32.7559, -60.74155",Calle,,SAN LORENZO,San Lorenzo,S/D,S/D,XVII,Dentro,Urbana,Otra Señal,S/D,Intersección,S/D,S/D,S/D,S/D,Múltiple,S/D,Colisión,S/D,S/D,Cordón divisorio,Sin restricción
2021,6532,2021-10-09,Sabado,23:30:00,,0.0,2,"Moto/Ciclomotor,Automóvil",Cochabamba Y Valparaíso,3,1,0,0,2,0,0,"-32.950596127111,-60.684869602155",Calle,,ROSARIO,Rosario,Asfalto,No existe,II,Dentro,Urbana,Otra Señal,No existe,Intersección,Bueno,Buena,Nocturna,Buen Tiempo,Múltiple,S/D,Colisión,S/D,Faltante,Cordón divisorio,Sin restricción
2021,6533,2021-08-04,Miercoles,15:35:00,Ruta Provincial 80,0.0,3,"Automóvil,Automóvil,Pickup/Utilitario",RUTA 50s ,4,2,0,0,2,0,0,"-31.90728, -61.72206",Ruta,80,GÁLVEZ,San JERÓNIMO,S/D,S/D,II,Fuera,Rural,Otra Señal,S/D,Intersección,S/D,S/D,S/D,S/D,Múltiple,S/D,Colisión,S/D,S/D,Cordón divisorio,Sin restricción
2021,6534,2021-10-19,Martes,14:25:00,,0.0,2,"Automóvil,Moto/Ciclomotor",Av. Pte. Perón Y P.L.Funes,3,2,0,0,1,0,0,"-32.96229422092439,-60.700326561927",Avenida,,ROSARIO,Rosario,Asfalto,No existe,II,Dentro,Urbana,Otra Señal,No existe,Intersección,Bueno,Buena,Diurna,Buen Tiempo,Múltiple,S/D,Colisión,Ninguna,Horizontal,Cordón divisorio,Sin restricción
2021,6535,2021-02-13,Sabado,21:30:00,,0.0,1,Bicicleta,Entre Ríos Y San Juan,1,1,0,0,0,0,0,"-32.94965395874,-60.641895381059",Calle,,ROSARIO,Rosario,Asfalto,No existe,II,Dentro,Urbana,Otra Señal,Funciona,Intersección,Bueno,S/D,Nocturna,S/D,Múltiple,S/D,Colisión,S/D,"Horizontal,Vertical",Cordón divisorio,Sin restricción
2021,6536,2021-08-05,Jueves,,,0.0,2,"Moto/Ciclomotor,Automóvil",25 de Mayo Y Domingo Faustino Sarmiento,2,1,0,0,1,0,0,"-33.79632, -61.33467",Calle,,HUGHES,General LÓPEZ,S/D,S/D,VIII,Dentro,Urbana,Otra Señal,S/D,Intersección,S/D,S/D,S/D,S/D,Múltiple,S/D,Colisión,S/D,S/D,Cordón divisorio,Sin restricción
2021,6537,2021-02-13,Sabado,04:00:00,Autopista Nacional A008,0.0,2,"Automóvil,Moto/Ciclomotor",Av. Circunvalación Y Av. Pellegrini,2,1,0,0,0,0,1,"-32.948745273927,-60.721948983905",Autopista,A008,ROSARIO,Rosario,Asfalto,Pavimento,II,Dentro,Urbana,Otra Señal,No existe,Intersección,Bueno,S/D,Diurna,S/D,Múltiple,S/D,Colisión,S/D,Horizontal,Cordón divisorio,Sin restricción
2021,6538,2021-08-07,Sabado,,,0.0,2,"Automóvil,Automóvil",San Lorenzo Y San Juan,2,1,0,0,1,0,0,"-34.26738, -62.70333",Calle,,RUFINO,General LÓPEZ,S/D,S/D,VIII,Dentro,Urbana,Otra Señal,S/D,Intersección,S/D,S/D,S/D,S/D,Múltiple,S/D,Colisión,S/D,S/D,Cordón divisorio,Sin restricción
2021,6539,2021-02-14,Domingo,21:00:00,,0.0,1,Moto/Ciclomotor,Av. Pellegrini Y Paraguay,1,1,0,0,0,0,0,"-32.956213047155,-60.646449660331",Avenida,,ROSARIO,Rosario,Asfalto,No existe,II,Dentro,Urbana,Otra Señal,Funciona,Intersección,Bueno,S/D,Nocturna,S/D,Múltiple,S/D,Colisión,S/D,"Horizontal,Vertical",Cordón divisorio,Sin restricción
2021,6540,2021-08-19,Jueves,08:20:00,,0.0,2,"Automóvil,Pickup/Utilitario",Av. Gral. San Martin Y Esperanza,2,1,0,0,1,0,0,"-33.03873, -60.61328",Calle,,VILLA GOBERNADOR GÁLVEZ,Rosario,Asfalto,No existe,II,Dentro,Urbana,Otra Señal,Funciona,Intersección,Bueno,Buena,Diurna,Buen Tiempo,Múltiple,S/D,Colisión,Ninguna,Faltante,Cordón divisorio,Sin restricción
2021,6541,2021-02-14,Domingo,21:00:00,,0.0,1,Moto/Ciclomotor,Av. Pellegrini Y Balcarce,1,1,0,0,0,0,0,"-32.95475070339,-60.654645670206",Avenida,,ROSARIO,Rosario,Asfalto,No existe,II,Dentro,Urbana,Otra Señal,Funciona,Intersección,Bueno,S/D,Nocturna,S/D,Múltiple,S/D,Colisión,S/D,"Horizontal,Vertical",Cordón divisorio,Sin restricción
2021,6543,2021-08-18,Miercoles,10:20:00,,0.0,2,"Moto/Ciclomotor,Pickup/Utilitario",Balcarce Y Av. Gral. San Martin,3,2,0,0,1,0,0,"-33.023, -60.62788",Avenida,,VILLA GOBERNADOR GÁLVEZ,Rosario,Asfalto,No existe,II,Dentro,Urbana,Otra Señal,No existe,Intersección,Bueno,Buena,Diurna,Buen Tiempo,Múltiple,S/D,Colisión,Ninguna,Faltante,Cordón divisorio,Sin restricción
2021,6544,2021-08-28,Sabado,23:55:00,Ruta Secundaria 22-s,0.0,2,"Moto/Ciclomotor,Automóvil",Pellegrini Y Ruta Prov. 22 S,2,1,0,0,1,0,0,"-33.0323, -60.65568",Ruta,22-s,VILLA GOBERNADOR GÁLVEZ,Rosario,Hormigón,No existe,II,Dentro,Urbana,Otra Señal,No existe,Intersección,Bueno,Buena,Nocturna,Buen Tiempo,Múltiple,S/D,Colisión,Material Suelto,Faltante,Cordón divisorio,Sin restricción
2021,6545,2021-08-25,Miercoles,07:50:00,Ruta Secundaria 22-s,0.0,2,"Transporte de Pasajeros Urbano (> 8 asientos),Bicicleta",Ruta Prov. 22 S ,2,1,0,0,1,0,0,"-33.04926, -60.65946",Ruta,22-s,VILLA GOBERNADOR GÁLVEZ,Rosario,Asfalto,Ripio,II,Dentro,Rural,Otra Señal,No existe,Intersección,Bueno,Buena,Diurna,Buen Tiempo,Múltiple,Ciclista,Colisión,Material Suelto,Faltante,Cordón divisorio,Sin restricción
2021,6547,2021-10-12,Martes,13:50:00,Ruta Nacional 11,0.0,2,"Camión Chasis,Automóvil",Perú Y Ruta Nac 11,2,1,0,0,1,0,0,"-31.77540868520737,-60.843722820281",Ruta,11,SAUCE VIEJO,La Capital,Asfalto,Ripio,II,Dentro,Urbana,Otra Señal,No existe,Intersección,Bueno,Buena,"Diurna,Con luz artificial",Buen Tiempo,Múltiple,S/D,Colisión,Ninguna,"Horizontal,Vertical",Cordón divisorio,Sin restricción
2021,6548,2021-12-19,Domingo,00:20:00,Autopista Nacional A008,18.0,2,"Moto/Ciclomotor,Automóvil",Av. Ovidio Lagos Y Av. Circunvalación,2,0,0,0,1,1,0,"-33.00785, -60.67706",Autopista,A008,ROSARIO,Rosario,Asfalto,No existe,II,S/D,Urbana,Otra Señal,No existe,Intersección,Bueno,S/D,Nocturna,S/D,Múltiple,S/D,Colisión,Ninguna,Faltante,Cordón divisorio,Sin restricción
2021,6549,2021-10-21,Jueves,06:45:00,Ruta Nacional 11,0.0,2,"Moto/Ciclomotor,Bicicleta",Los Sauces Y Ruta Nacional 11,2,2,0,0,0,0,0,"-31.519588977098465,-60.72474271059",Ruta,11,RECREO,La Capital,Asfalto,Ripio,I,Dentro,Urbana,Otra Señal,No existe,Intersección,Bueno,Buena,Diurna,Buen Tiempo,Múltiple,Ciclista,Colisión,Ninguna,Horizontal,Cordón divisorio,Sin restricción
2021,6551,2021-02-14,Domingo,23:00:00,,0.0,3,"Otros,Peatón,Peatón",Cangallo Y Humberto I,3,2,0,0,0,0,1,"-32.929463128791,-60.677575012459",Calle,,ROSARIO,Rosario,Asfalto,No existe,II,Dentro,Urbana,Otra Señal,No existe,Intersección,Bueno,S/D,Nocturna,S/D,Múltiple,Peatón,Colisión,S/D,Faltante,Cordón divisorio,Sin restricción
2021,6552,2021-02-13,Sabado,18:00:00,Ruta Provincial 14,0.0,2,"Moto/Ciclomotor,Automóvil", ,2,1,0,0,0,0,1,"-33.03606033325191,-60.759201049804",Ruta,14,SOLDINI,Rosario,Asfalto,Natural,II,S/D,S/D,Otra Señal,S/D,Intersección,Bueno,S/D,Diurna,S/D,Múltiple,S/D,Colisión,S/D,Horizontal,Cordón divisorio,Sin restricción
2021,6554,2021-02-15,Lunes,20:00:00,,0.0,1,Bicicleta,San Martin Y Viamonte,1,1,0,0,0,0,0,"-32.96556841137,-60.641426225767",Calle,,ROSARIO,Rosario,Asfalto,No existe,II,Dentro,Urbana,Otra Señal,No existe,Intersección,Bueno,S/D,Nocturna,S/D,Múltiple,S/D,Colisión,S/D,"Horizontal,Vertical",Cordón divisorio,Sin restricción
2021,6555,2021-10-24,Domingo,14:40:00,,0.0,2,"Moto/Ciclomotor,Moto/Ciclomotor",Estrella Federal 7100,2,1,0,0,0,0,1,"-33.020535, -60.662105",Calle,,ROSARIO,Rosario,Asfalto,No existe,II,Dentro,Urbana,Otra Señal,No existe,Intersección,Bueno,Buena,Diurna,Buen Tiempo,Múltiple,S/D,Colisión,Ninguna,Faltante,Cordón divisorio,Sin restricción
2021,6556,2021-10-30,Sabado,18:30:00,,0.0,2,"Moto/Ciclomotor,Moto/Ciclomotor",Aristóbulo del Valle Y Domingo Faustino Sarmiento,2,2,0,0,0,0,0,"-31.437638103961945,-60.92797100543",Calle,,ESPERANZA,Las Colonias,Asfalto,Pavimento,XI,Dentro,Urbana,Otra Señal,No existe,Intersección,Bueno,Buena,Diurna,Buen Tiempo,Múltiple,S/D,Colisión,Ninguna,Faltante,Cordón divisorio,Sin restricción
2021,6557,2021-10-04,Lunes,07:45:00,,0.0,2,"Automóvil,Automóvil",Mariano Moreno 5800,2,1,0,0,1,0,0,"-33.005389692298,-60.661840550223",Calle,,ROSARIO,Rosario,Asfalto,No existe,II,Dentro,Urbana,Otra Señal,No existe,Intersección,Bueno,Buena,Diurna,Buen Tiempo,Múltiple,S/D,Colisión,Ninguna,Faltante,Cordón divisorio,Sin restricción
2021,6558,2021-08-16,Lunes,14:25:00,,0.0,2,"Moto/Ciclomotor,Automóvil",Calle 31-Newbery Y Calle 44-27 de Abril,3,1,0,0,2,0,0,"-29.15194, -59.65583",Calle,,RECONQUISTA,General Obligado,Asfalto,No existe,IX,Dentro,Urbana,Otra Señal,No existe,Intersección,Bueno,Buena,Diurna,Buen Tiempo,Múltiple,S/D,Colisión,Ninguna,"Horizontal,Vertical",Cordón divisorio,Sin restricción
2021,6559,2021-10-02,Sabado,09:30:00,,0.0,2,"Moto/Ciclomotor,Otros",B Mitre Y José de San Martin,2,1,0,0,1,0,0,"-30.004720107152,-61.838184364814",Calle,,HERSILIA,San CRISTÓBAL,Asfalto,No existe,XIII,Dentro,Urbana,Otra Señal,No existe,Intersección,Otro,Buena,Diurna,Buen Tiempo,Múltiple,S/D,Colisión,Ninguna,Faltante,Cordón divisorio,Sin restricción
2021,6561,2021-10-12,Martes,11:00:00,,0.0,1,Moto/Ciclomotor,Juan de Garay Y Lamadrid,1,1,0,0,0,0,0,"-29.876709410185,-61.949308325841",Calle,,CERES,San CRISTÓBAL,Ripio,No existe,XIII,Dentro,Urbana,Otra Señal,No existe,Intersección,Bueno,Buena,Diurna,Buen Tiempo,Múltiple,S/D,Colisión,Material Suelto,Faltante,Cordón divisorio,Sin restricción
2021,6562,2021-02-17,Miercoles,13:30:00,,0.0,1,Bicicleta,Av. Francia Y 9 De Julio,1,1,0,0,0,0,0,"-32.948919301396,-60.6674958006",Avenida,,ROSARIO,Rosario,Asfalto,No existe,II,Dentro,Urbana,Otra Señal,Funciona,Intersección,Bueno,S/D,Diurna,S/D,Múltiple,S/D,Colisión,S/D,"Horizontal,Vertical",Cordón divisorio,Sin restricción
2021,6563,2021-08-19,Jueves,12:40:00,,0.0,2,"Moto/Ciclomotor,Automóvil",Calle 18 - Gral. Belgrano Y Calle 29-Alte Brown,2,1,0,0,1,0,0,"-29.15177, -59.64711",Calle,,RECONQUISTA,General Obligado,Asfalto,No existe,IX,Dentro,Urbana,Otra Señal,No existe,Intersección,Bueno,Buena,Diurna,Buen Tiempo,Múltiple,S/D,Colisión,Ninguna,"Horizontal,Vertical",Cordón divisorio,Sin restricción
2021,6565,2021-02-17,Miercoles,17:45:00,,0.0,2,"Automóvil,Moto/Ciclomotor",Pte. Quintana ,2,1,0,0,0,0,1,"-32.97512637828,-60.688521577728",S/D,,ROSARIO,Rosario,Asfalto,S/D,II,Dentro,Urbana,Otra Señal,S/D,Intersección,S/D,S/D,Diurna,S/D,Múltiple,S/D,Colisión,S/D,S/D,Cordón divisorio,Sin restricción
2021,6566,2021-02-17,Miercoles,16:00:00,,0.0,2,"Camión,Automóvil",Bv. Oroño Y Saavedra,2,1,0,0,0,0,1,"-32.975196690317,-60.661355401723",Avenida,,ROSARIO,Rosario,Asfalto,No existe,II,Dentro,Urbana,Otra Señal,Funciona,Intersección,Bueno,S/D,Diurna,Buen Tiempo,Múltiple,S/D,Colisión,Ninguna,"Horizontal,Vertical",Cordón divisorio,Sin restricción
2021,6567,2021-02-17,Miercoles,16:00:00,,0.0,1,Automóvil,Ecuador Y Mendoza,1,1,0,0,0,0,0,"-32.940227531187,-60.714982227998",Calle,,ROSARIO,Rosario,Asfalto,No existe,II,Dentro,Urbana,Otra Señal,No existe,Intersección,Bueno,S/D,Diurna,S/D,Múltiple,S/D,Colisión,S/D,Horizontal,Cordón divisorio,Sin restricción
2021,6568,2021-10-15,Viernes,18:00:00,,0.0,1,Moto/Ciclomotor,9 de Julio Y Sarmiento,1,1,0,0,0,0,0,"-30.306249696531,-61.238689960874",Calle,,SAN CRISTÓBAL,San CRISTÓBAL,Asfalto,No existe,II,Dentro,Urbana,Otra Señal,No existe,Intersección,Bueno,Buena,Diurna,Buen Tiempo,Múltiple,S/D,Colisión,Ninguna,Faltante,Cordón divisorio,Sin restricción
2021,6571,2021-02-18,Jueves,13:45:00,,0.0,1,Bicicleta,Garzón Y Mendoza,1,1,0,0,0,0,0,"-32.940096787942,-60.705656360281",Calle,,ROSARIO,Rosario,Asfalto,No existe,II,Dentro,Urbana,Otra Señal,Funciona,Intersección,S/D,S/D,Diurna,Buen Tiempo,Múltiple,S/D,Colisión,S/D,"Horizontal,Vertical",Cordón divisorio,Sin restricción