anio_acci,nro_acci,fecha,desc_dia,hora_aprox,desc_ruta,km,cant_participantes,desc_participante,calle_avenida_km,total,heridos_leves,heridos_graves,heridos_gravisimos,ilesos,fallecidos,sin_datos,posicion_XY,desc_tipo_via,desc_ruta_ori,desc_loc,desc_dpto,desc_tipo_calzada,desc_tipo_banquina,desc_unidad_regional,desc_lugar_calzada,desc_zona,desc_prioridad,desc_estado_semaforo,desc_lugar_via,desc_estado_via,desc_estado_visibilidad,desc_luminosidad,desc_estado_clima,desc_tipo_colision,desc_tipo_atropello,desc_tipo_hecho,desc_pres_calzada,desc_senializacion,desc_separacion_via,desc_restriccion
2021,6572,2021-02-18,Jueves,13:15:00,,0.0,2,"Automóvil,Moto/Ciclomotor",Pte. Quintana Y Pte. Roca,3,2,0,0,0,0,1,"-32.981264962205,-60.654209878768",Calle,,ROSARIO,Rosario,Asfalto,No existe,II,Dentro,Urbana,Otra Señal,No existe,Intersección,Bueno,S/D,Diurna,S/D,Múltiple,S/D,Colisión,S/D,Faltante,Cordón divisorio,Sin restricción
2021,6573,2021-02-18,Jueves,20:00:00,,0.0,2,"Automóvil,Moto/Ciclomotor",Vélez Sarsfield 591,2,1,0,0,0,0,1,"-32.925763205449,-60.704214310365",Calle,,ROSARIO,Rosario,Asfalto,No existe,II,Dentro,Urbana,Otra Señal,No existe,Intersección,Bueno,S/D,Nocturna,S/D,Múltiple,S/D,Colisión,S/D,Faltante,Cordón divisorio,Sin restricción
2021,6574,2021-02-18,Jueves,20:30:00,,0.0,2,"Otros,Peatón",Valparaíso Y Rueda,2,1,0,0,0,0,1,"-32.963211340127,-60.688060994531",Calle,,ROSARIO,Rosario,Asfalto,No existe,II,Dentro,Urbana,Otra Señal,S/D,Intersección,Bueno,S/D,Nocturna,S/D,Múltiple,Peatón,Colisión,S/D,Faltante,Cordón divisorio,Sin restricción
2021,6575,2021-10-17,Domingo,04:30:00,Ruta Provincial 18,0.0,2,"Moto/Ciclomotor,Automóvil",Av. Ovidio Lagos Y Montecarlo,2,1,0,0,1,0,0,"-33.027375337657,-60.681507868604",Ruta,18,ROSARIO,Rosario,Asfalto,No existe,II,Dentro,Urbana,Otra Señal,No existe,Intersección,Bueno,Buena,"Nocturna,Con luz artificial",Buen Tiempo,Múltiple,S/D,Colisión,Ninguna,"Horizontal,Vertical",Cordón divisorio,Sin restricción
2021,6577,2021-08-27,Viernes,21:55:00,,0.0,2,"Automóvil,Moto/Ciclomotor",Calle 18-Belgrano 659,2,1,0,0,1,0,0,"-29.14384, -59.64602",Calle,,RECONQUISTA,General Obligado,Asfalto,No existe,IX,S/D,Urbana,Otra Señal,No existe,Intersección,Bueno,Buena,Nocturna,Buen Tiempo,Múltiple,S/D,Colisión,Ninguna,"Horizontal,Vertical",Cordón divisorio,Sin restricción
2021,6578,2021-08-30,Lunes,16:00:00,,0.0,2,"Moto/Ciclomotor,Moto/Ciclomotor",Calle 12 San Martin Y Calle 23-Gral López,5,3,0,0,2,0,0,"-29.14892, -59.64301",Calle,,RECONQUISTA,General Obligado,Asfalto,No existe,IX,Dentro,Urbana,Otra Señal,No existe,Intersección,Bueno,S/D,Diurna,Buen Tiempo,Múltiple,S/D,Colisión,Ninguna,"Horizontal,Vertical",Cordón divisorio,Sin restricción
2021,6580,2021-08-13,Viernes,,,0.0,1,Automóvil, ,1,1,0,0,0,0,0,"-33.43949, -62.0859",Camino Rural,,CAFFERATA,General LÓPEZ,S/D,S/D,VIII,S/D,Rural,Otra Señal,S/D,Intersección,S/D,S/D,S/D,S/D,Múltiple,S/D,Colisión,S/D,S/D,Cordón divisorio,Sin restricción
2021,6581,2021-10-05,Martes,15:30:00,,0.0,2,"Moto/Ciclomotor,Automóvil",España Y JUAN PABLO II,2,1,0,0,0,0,1,"-33.015490546807,-60.656835811952",Calle,,ROSARIO,Rosario,Asfalto,No existe,II,Dentro,Urbana,Otra Señal,No existe,Intersección,Bueno,Buena,Diurna,Buen Tiempo,Múltiple,S/D,Colisión,Ninguna,S/D,Cordón divisorio,Sin restricción
2021,6582,2021-02-18,Jueves,22:00:00,,0.0,1,Moto/Ciclomotor,Mendoza Y Paraguay,1,1,0,0,0,0,0,"-32.95051235713,-60.645008278646",Calle,,ROSARIO,Rosario,Asfalto,No existe,II,Dentro,Urbana,Otra Señal,Funciona,Intersección,Bueno,S/D,Nocturna,S/D,Múltiple,S/D,Colisión,S/D,"Horizontal,Vertical",Cordón divisorio,Sin restricción
2021,6583,2021-02-19,Viernes,00:05:00,,0.0,1,Bicicleta,JUAN PABLO II Y SANTA FE,1,1,0,0,0,0,0,"-32.935943202513,-60.72204146194",Calle,,ROSARIO,Rosario,Asfalto,No existe,II,Dentro,Urbana,Otra Señal,No existe,Intersección,Bueno,S/D,Nocturna,S/D,Múltiple,S/D,Colisión,S/D,Faltante,Cordón divisorio,Sin restricción
2021,6584,2021-10-16,Sabado,16:30:00,,0.0,2,"Moto/Ciclomotor,Pickup/Utilitario",Av. Ovidio Lagos Y Esteban de Luca,2,1,0,0,1,0,0,"-32.995750, -60.674295",Avenida,,ROSARIO,Rosario,Asfalto,No existe,II,Dentro,Urbana,Otra Señal,No existe,Intersección,Bueno,Buena,Diurna,Buen Tiempo,Múltiple,S/D,Colisión,Ninguna,Horizontal,Cordón divisorio,Sin restricción
2021,6585,2021-02-19,Viernes,00:05:00,,0.0,1,Moto/Ciclomotor, ,1,1,0,0,0,0,0,"-32.95817760227484,-60.666264034822",S/D,,ROSARIO,Rosario,S/D,S/D,II,S/D,S/D,Otra Señal,S/D,Intersección,S/D,S/D,Nocturna,S/D,Múltiple,S/D,Colisión,S/D,S/D,Cordón divisorio,Sin restricción
2021,6587,2021-02-19,Viernes,00:05:00,,0.0,2,"Automóvil,Moto/Ciclomotor",Dorrego Y Sánchez de Bustamante,3,2,0,0,0,0,1,"-33.002352995682,-60.660568265634",Calle,,ROSARIO,Rosario,Asfalto,No existe,II,Dentro,Urbana,Otra Señal,No existe,Intersección,Bueno,S/D,Nocturna,S/D,Múltiple,S/D,Colisión,S/D,Faltante,Cordón divisorio,Sin restricción
2021,6588,2021-02-18,Jueves,00:05:00,,0.0,1,Moto/Ciclomotor, ,1,1,0,0,0,0,0,"-32.95817760227484,-60.666264034822",S/D,,ROSARIO,Rosario,S/D,S/D,II,S/D,S/D,Otra Señal,S/D,Intersección,S/D,S/D,Nocturna,S/D,Múltiple,S/D,Colisión,S/D,S/D,Cordón divisorio,Sin restricción
2021,6590,2021-02-19,Viernes,16:30:00,,0.0,2,"Automóvil,Moto/Ciclomotor",Agrelo Y Baigorria,3,2,0,0,0,0,1,"-32.891226830258,-60.691912987581",Calle,,ROSARIO,Rosario,Asfalto,No existe,II,Dentro,Urbana,Otra Señal,No existe,Intersección,Bueno,S/D,Diurna,S/D,Múltiple,S/D,Colisión,S/D,Faltante,Cordón divisorio,Sin restricción
2021,6591,2021-02-20,Sabado,16:00:00,,0.0,1,Bicicleta,Cochabamba ,1,1,0,0,0,0,0,"-32.949306426501,-60.692047222947",S/D,,ROSARIO,Rosario,Asfalto,S/D,II,Dentro,Urbana,Otra Señal,S/D,Intersección,S/D,S/D,Diurna,S/D,Múltiple,S/D,Colisión,S/D,S/D,Cordón divisorio,Sin restricción
2021,6592,2021-08-30,Lunes,09:45:00,,0.0,2,"Moto/Ciclomotor,Automóvil",Calle 22- 25 de Mayo 1088,2,1,0,0,1,0,0,"-31.43749, -60.92872",Calle,,RECONQUISTA,General Obligado,Asfalto,S/D,IX,Dentro,Urbana,Otra Señal,No existe,Intersección,Bueno,Buena,Diurna,Buen Tiempo,Múltiple,S/D,Colisión,Ninguna,"Horizontal,Vertical",Cordón divisorio,Sin restricción
2021,6593,2021-10-01,Viernes,15:45:00,,0.0,2,"Automóvil,Pickup/Utilitario",Av. Ovidio Lagos 4300,2,1,0,0,1,0,0,"-32.983015570534,-60.671442823895",Calle,,ROSARIO,Rosario,Asfalto,No existe,II,Dentro,Urbana,Otra Señal,No existe,Intersección,Bueno,Buena,Diurna,Buen Tiempo,Múltiple,S/D,Colisión,Ninguna,Horizontal,Cordón divisorio,Sin restricción
2021,6594,2021-10-27,Miercoles,10:30:00,,0.0,2,"Automóvil,Moto/Ciclomotor",Gral. Alvear Y Riobamba,4,1,0,0,3,0,0,"-30.308447413033,-61.24613461796",Calle,,SAN CRISTÓBAL,San CRISTÓBAL,Tierra,No existe,XIII,Dentro,Urbana,Otra Señal,No existe,Intersección,Bueno,S/D,Diurna,Otro,Múltiple,S/D,Colisión,Ninguna,Faltante,Cordón divisorio,Sin restricción
2021,6595,2021-02-20,Sabado,00:05:00,,0.0,1,Moto/Ciclomotor,Dr. Rivas Y Rodríguez,1,1,0,0,0,0,0,"-32.979971061059,-60.668128058472",S/D,,ROSARIO,Rosario,Asfalto,No existe,II,S/D,S/D,Otra Señal,No existe,Intersección,Bueno,S/D,Nocturna,S/D,Múltiple,S/D,Colisión,S/D,Faltante,Cordón divisorio,Sin restricción
2021,6596,2021-10-30,Sabado,20:45:00,,0.0,2,"Moto/Ciclomotor,Automóvil",Av. de los Trabaj. Ferroviario 900,3,2,0,0,1,0,0,"-30.312522279091,-61.237313454545",Calle,,SAN CRISTÓBAL,San CRISTÓBAL,Asfalto,No existe,XIII,Dentro,Urbana,Otra Señal,No existe,Intersección,Bueno,Buena,Nocturna,Buen Tiempo,Múltiple,S/D,Colisión,Ninguna,Faltante,Cordón divisorio,Sin restricción
2021,6597,2021-10-01,Viernes,08:30:00,,0.0,2,"Moto/Ciclomotor,Automóvil",CALLE 2016 Y FERNANDO RUIZ,2,1,0,0,1,0,0,"-33.014082051821,-60.687250343457",Calle,,ROSARIO,Rosario,Asfalto,No existe,II,Dentro,Urbana,Otra Señal,No existe,Intersección,Bueno,Buena,Diurna,Buen Tiempo,Múltiple,S/D,Colisión,Ninguna,Faltante,Cordón divisorio,Sin restricción
2021,6601,2021-10-12,Martes,00:10:00,Autovía Secundaria 16-s,17.0,1,Moto/Ciclomotor, ,2,2,0,0,0,0,0,"-33.251646, -60.684367",Autovía,16-s,PUEBLO URANGA,Rosario,Asfalto,Natural,II,Fuera,Rural,Otra Señal,No existe,Intersección,Bueno,Reducida,Nocturna,Buen Tiempo,Múltiple,S/D,Colisión,Ninguna,Horizontal,Cordón divisorio,Sin restricción
2021,6602,2021-02-21,Domingo,00:05:00,,0.0,1,Moto/Ciclomotor,Pte. Quintana 3835,1,1,0,0,0,0,0,"-32.975815450793,-60.684625667499",Calle,,ROSARIO,Rosario,Asfalto,No existe,II,Dentro,Urbana,Otra Señal,No existe,Intersección,Bueno,S/D,Nocturna,S/D,Múltiple,S/D,Colisión,S/D,Faltante,Cordón divisorio,Sin restricción
2021,6603,2021-02-21,Domingo,00:05:00,,0.0,1,Moto/Ciclomotor,Bv. Seguí Y Roullon,1,1,0,0,0,0,0,"-32.970791924002,-60.701062445561",Avenida,,ROSARIO,Rosario,Asfalto,No existe,II,Dentro,Urbana,Otra Señal,Funciona,Intersección,Bueno,S/D,Nocturna,S/D,Múltiple,S/D,Colisión,S/D,"Horizontal,Vertical",Cordón divisorio,Sin restricción
2021,6604,2021-02-21,Domingo,00:05:00,,0.0,1,Automóvil,Av. Ovidio Lagos Y Fragata Sarmiento,1,1,0,0,0,0,0,"-32.988733798923,-60.672810530496",Avenida,,ROSARIO,Rosario,Asfalto,No existe,II,Dentro,Urbana,Otra Señal,Funciona,Intersección,Bueno,S/D,Nocturna,S/D,Múltiple,S/D,Colisión,S/D,"Horizontal,Vertical",Cordón divisorio,Sin restricción
2021,6605,2021-02-20,Sabado,18:00:00,,0.0,1,Bicicleta,Garay Y Tte.Agneta,1,1,0,0,0,0,0,"-32.965938053692,-60.698841563795",Calle,,ROSARIO,Rosario,Asfalto,No existe,II,Dentro,Urbana,Otra Señal,No existe,Intersección,Bueno,S/D,Diurna,S/D,Múltiple,S/D,Colisión,S/D,Faltante,Cordón divisorio,Sin restricción
2021,6607,2021-08-03,Martes,16:00:00,,0.0,2,"Moto/Ciclomotor,Automóvil",Calle 13 Y Calle 8,4,2,0,0,2,0,0,"-28.3576, -59.25388",Calle,,LAS TOSCAS,General Obligado,Asfalto,Natural,IX,S/D,Urbana,Otra Señal,No existe,Intersección,Bueno,Buena,Diurna,Buen Tiempo,Múltiple,S/D,Colisión,S/D,S/D,Cordón divisorio,Sin restricción
2021,6608,2021-10-18,Lunes,08:20:00,Ruta Nacional 33,788.0,2,"Automóvil,Automóvil", ,2,1,0,0,1,0,0,"-32.98365, -60.74275",Ruta,33,PEREZ,Rosario,Asfalto,Pavimento,II,Dentro,Rural,Otra Señal,No existe,Intersección,Bueno,Buena,Diurna,Buen Tiempo,Múltiple,S/D,Colisión,Ninguna,Horizontal,Cordón divisorio,Sin restricción
2021,6609,2021-02-16,Martes,19:00:00,,0.0,1,Moto/Ciclomotor,La Paz Y Valparaíso,1,1,0,0,0,0,0,"-32.956323537107,-60.686316634093",Calle,,ROSARIO,Rosario,Asfalto,No existe,II,Dentro,Urbana,Otra Señal,No existe,Intersección,Bueno,S/D,Nocturna,S/D,Múltiple,S/D,Colisión,S/D,Faltante,Cordón divisorio,Sin restricción
2021,6611,2021-08-04,Miercoles,16:40:00,,0.0,1,Moto/Ciclomotor,Bv G L Lehmann Y I Arias,1,1,0,0,0,0,0,"-31.2311, -61.48653",Avenida,,RAFAELA,Castellanos,S/D,S/D,V,Dentro,Urbana,Otra Señal,S/D,Intersección,S/D,S/D,S/D,S/D,Múltiple,S/D,Colisión,S/D,S/D,Cordón divisorio,Sin restricción
2021,6612,2021-10-18,Lunes,08:05:00,Ruta Nacional 33,788.0,3,"Automóvil,Automóvil,Automóvil", ,3,1,0,0,2,0,0,"-32.983703613281214,-60.74273228645",Ruta,33,PEREZ,Rosario,Asfalto,Natural,II,Dentro,Rural,Otra Señal,No existe,Intersección,Bueno,Buena,Diurna,Buen Tiempo,Múltiple,S/D,Colisión,Ninguna,Horizontal,Cordón divisorio,Sin restricción
2021,6613,2021-02-22,Lunes,13:00:00,,0.0,2,"Moto/Ciclomotor,Automóvil",Pascual Rosas ,2,1,0,0,0,0,1,"-32.956891960985,-60.69073005221",S/D,,ROSARIO,Rosario,Asfalto,S/D,II,Dentro,Urbana,Otra Señal,S/D,Intersección,S/D,S/D,Diurna,S/D,Múltiple,S/D,Colisión,S/D,S/D,Cordón divisorio,Sin restricción
2021,6614,2021-02-22,Lunes,19:30:00,,0.0,1,Moto/Ciclomotor,Camino de los Granaderos Y Godoy Cruz,2,2,0,0,0,0,0,"-32.892032125671,-60.706407583356",Avenida,,ROSARIO,Rosario,Asfalto,No existe,II,Dentro,Urbana,Otra Señal,Funciona,Intersección,Bueno,S/D,Nocturna,S/D,Múltiple,S/D,Colisión,Ninguna,"Horizontal,Vertical",Cordón divisorio,Sin restricción
2021,6615,2021-10-18,Lunes,17:00:00,Ruta Nacional 33,0.0,2,"Moto/Ciclomotor,Pickup/Utilitario",Almafuerte Y Av. Belgrano,2,1,0,0,1,0,0,"-33.001513, -60.778569",Ruta,33,PEREZ,Rosario,Asfalto,Pavimento,II,Dentro,Urbana,Otra Señal,No existe,Intersección,Bueno,Buena,Diurna,Buen Tiempo,Múltiple,S/D,Colisión,Ninguna,Horizontal,Cordón divisorio,Sin restricción
2021,6616,2021-08-30,Lunes,16:00:00,,0.0,2,"Moto/Ciclomotor,Automóvil",Calle 23-Gral López Y Calle 30-Lucas Funes,2,1,0,0,1,0,0,"-29.14772, -59.65401",Calle,,RECONQUISTA,General Obligado,Asfalto,No existe,IX,Dentro,Urbana,Otra Señal,No existe,Intersección,Bueno,Buena,Diurna,Otro,Múltiple,S/D,Colisión,Ninguna,"Horizontal,Vertical",Cordón divisorio,Sin restricción
2021,6618,2021-02-22,Lunes,02:00:00,,0.0,1,Automóvil,Mitre Y Uruguay,1,1,0,0,0,0,0,"-32.976527417032,-60.647179147318",Calle,,ROSARIO,Rosario,Asfalto,No existe,II,Dentro,Urbana,Otra Señal,No existe,Intersección,Bueno,S/D,Nocturna,Buen Tiempo,Múltiple,S/D,Colisión,S/D,Vertical,Cordón divisorio,Sin restricción
2021,6619,2021-02-23,Martes,00:05:00,,0.0,1,Moto/Ciclomotor,F.More Y Pasco,1,1,0,0,0,0,0,"-32.950432945466,-60.693350271988",Calle,,ROSARIO,Rosario,Asfalto,No existe,II,Dentro,Urbana,Otra Señal,No existe,Intersección,S/D,S/D,Nocturna,S/D,Múltiple,S/D,Colisión,Ninguna,Vertical,Cordón divisorio,Sin restricción
2021,6620,2021-02-23,Martes,17:00:00,,0.0,2,"Automóvil,Moto/Ciclomotor",Av. De Las Palmeras Y Rivarola,2,1,0,0,0,0,1,"-32.966457750439,-60.733057192668",Avenida,,ROSARIO,Rosario,Hormigón,No existe,II,Dentro,Urbana,Otra Señal,No existe,Intersección,Bueno,S/D,Diurna,S/D,Múltiple,S/D,Colisión,S/D,Faltante,Cordón divisorio,Sin restricción
2021,6621,2021-08-18,Miercoles,18:30:00,,0.0,1,Automóvil,Bv Bell Ville 957,2,1,0,0,1,0,0,"-32.7908, -61.59917",Calle,,ARMSTRONG,Belgrano,Ripio,Ripio,III,S/D,Urbana,Otra Señal,No existe,Intersección,Bueno,Buena,Atardecer,Buen Tiempo,Múltiple,S/D,Colisión,Ninguna,Faltante,Cordón divisorio,Sin restricción
2021,6622,2021-08-30,Lunes,,,0.0,2,"Moto/Ciclomotor,Automóvil",San Martin A Y Bv. 27 De Febrero,2,1,0,0,1,0,0,"-32.96783, -60.64199",Avenida,,ROSARIO,Rosario,Asfalto,No existe,II,Dentro,Urbana,Otra Señal,No existe,Intersección,Bueno,Buena,S/D,S/D,Múltiple,S/D,Colisión,Ninguna,S/D,Cordón divisorio,Sin restricción
2021,6623,2021-08-05,Jueves,,Ruta Provincial 65,0.0,2,"Automóvil,Moto/Ciclomotor",Juan B Justo ,2,1,0,0,1,0,0,"-32.36689, -61.34988",Ruta,65,SAN GENARO,San JERÓNIMO,S/D,S/D,XV,Fuera,Rural,Otra Señal,S/D,Intersección,S/D,S/D,S/D,S/D,Múltiple,S/D,Colisión,S/D,S/D,Cordón divisorio,Sin restricción
2021,6624,2021-10-15,Viernes,16:30:00,Ruta Nacional 33,0.0,2,"Moto/Ciclomotor,Automóvil",Dante Alighieri Y Ruta Nac 33,3,1,0,0,2,0,0,"-32.98531964421272,-60.745335370302",Ruta,33,PEREZ,Rosario,Asfalto,Ripio,II,Dentro,Urbana,Otra Señal,No existe,Intersección,Bueno,Buena,Diurna,Buen Tiempo,Múltiple,S/D,Colisión,Ninguna,Horizontal,Cordón divisorio,Sin restricción
2021,6625,2021-02-23,Martes,17:15:00,,0.0,2,"Automóvil,Moto/Ciclomotor",Callao Y Olegario V.Andrade,2,1,0,0,0,0,1,"-32.996594625829,-60.671882373559",Calle,,ROSARIO,Rosario,Asfalto,No existe,II,Dentro,Urbana,Otra Señal,No existe,Intersección,Bueno,S/D,S/D,S/D,Múltiple,S/D,Colisión,S/D,Faltante,Cordón divisorio,Sin restricción
2021,6626,2021-08-30,Lunes,14:30:00,,0.0,2,"Bicicleta,Automóvil",Laprida Y Viamonte,2,1,0,0,1,0,0,"-32.96602, -60.63901",Calle,,ROSARIO,Rosario,Asfalto,No existe,II,Dentro,Urbana,Otra Señal,S/D,Intersección,Bueno,S/D,Diurna,S/D,Múltiple,Ciclista,Colisión,S/D,S/D,Cordón divisorio,Sin restricción
2021,6627,2021-02-23,Martes,16:00:00,,0.0,2,"Automóvil,Moto/Ciclomotor",Bv. Avellaneda ,2,1,0,0,0,0,1,"-33.018282352918,-60.689209046793",S/D,,ROSARIO,Rosario,S/D,S/D,II,Dentro,Urbana,Otra Señal,S/D,Intersección,S/D,S/D,Diurna,S/D,Múltiple,S/D,Colisión,S/D,S/D,Cordón divisorio,Sin restricción
2021,6628,2021-02-23,Martes,19:00:00,,0.0,2,"Automóvil,Moto/Ciclomotor",Alsina Y Bv. Seguí,2,1,0,0,0,0,1,"-32.972126007446,-60.684631059315",Avenida,,ROSARIO,Rosario,Asfalto,No existe,II,Dentro,Urbana,Otra Señal,No existe,Intersección,Bueno,S/D,Diurna,S/D,Múltiple,S/D,Colisión,S/D,"Horizontal,Vertical",Cordón divisorio,Sin restricción
2021,6629,2021-02-23,Martes,20:00:00,,0.0,1,Bicicleta,Mendoza 6000,1,1,0,0,0,0,0,"-32.939934725519,-60.704511994804",Calle,,ROSARIO,Rosario,Asfalto,No existe,II,Dentro,Urbana,Otra Señal,Funciona,Intersección,Bueno,S/D,Nocturna,Buen Tiempo,Múltiple,S/D,Colisión,S/D,"Horizontal,Vertical",Cordón divisorio,Sin restricción
2021,6630,2021-02-24,Miercoles,08:00:00,,0.0,1,Moto/Ciclomotor,Av. Wheelwright Y Dorrego,1,1,0,0,0,0,0,"-32.933622637582,-60.646485654406",Avenida,,ROSARIO,Rosario,Asfalto,No existe,II,Dentro,Urbana,Otra Señal,No existe,Intersección,Bueno,S/D,Diurna,S/D,Múltiple,S/D,Colisión,S/D,"Horizontal,Vertical",Cordón divisorio,Sin restricción
2021,6631,2021-02-24,Miercoles,11:00:00,,0.0,2,"Automóvil,Automóvil",Paraguay Y Pasco,2,1,0,0,0,0,1,"-32.958573438532,-60.64703658313",Calle,,ROSARIO,Rosario,Asfalto,No existe,II,Dentro,Urbana,Otra Señal,No existe,Intersección,Bueno,S/D,Diurna,S/D,Múltiple,S/D,Colisión,S/D,Faltante,Cordón divisorio,Sin restricción
2021,6634,2021-08-21,Sabado,00:00:00,,0.0,2,"Moto/Ciclomotor,Pickup/Utilitario",Caseros Y Gral. Alvear,3,2,0,0,1,0,0,"-30.31084, -61.2337",Calle,,SAN CRISTÓBAL,San CRISTÓBAL,Asfalto,No existe,XIII,Dentro,Urbana,Otra Señal,No existe,Intersección,Bueno,Buena,Nocturna,Buen Tiempo,Múltiple,S/D,Colisión,Ninguna,Faltante,Cordón divisorio,Sin restricción
2021,6635,2021-08-24,Martes,12:15:00,,0.0,2,"Moto/Ciclomotor,Pickup/Utilitario",Moreno Y Belgrano,2,1,0,0,1,0,0,"-30.31287, -61.23555",Calle,,VILLA TRINIDAD,San CRISTÓBAL,Hormigón,No existe,XIII,Dentro,Urbana,Otra Señal,No existe,Intersección,Bueno,Buena,Diurna,Buen Tiempo,Múltiple,S/D,Colisión,Ninguna,Vertical,Cordón divisorio,Sin restricción
2021,6636,2021-08-24,Martes,15:30:00,,0.0,2,"Moto/Ciclomotor,Moto/Ciclomotor",Avenida Irigoyen Y Avenida Mitre,2,2,0,0,0,0,0,"-29.88618, -61.94423",Avenida,,CERES,San CRISTÓBAL,Asfalto,No existe,XIII,Dentro,Urbana,Otra Señal,No existe,Intersección,Bueno,Buena,Diurna,Buen Tiempo,Múltiple,S/D,Colisión,Ninguna,Faltante,Cordón divisorio,Sin restricción
2021,6638,2021-10-27,Miercoles,22:10:00,Ruta Nacional 33,788.0,2,"Automóvil,Moto/Ciclomotor", ,2,1,0,0,1,0,0,"-32.98361, -60.74269",Ruta,33,PEREZ,Rosario,Asfalto,Natural,II,Dentro,Rural,Otra Señal,No existe,Intersección,Bueno,Reducida,"Nocturna,Con luz artificial",Buen Tiempo,Múltiple,S/D,Colisión,Ninguna,Horizontal,Cordón divisorio,Sin restricción
2021,6640,2021-10-21,Jueves,17:00:00,Ruta Nacional 9,0.0,2,"Automóvil,Automóvil",Ruta Nacional 9 Y Tucumán,2,1,0,0,1,0,0,"-32.922189670268,-60.807300383529",Ruta,9,FUNES,Rosario,Asfalto,Ripio,II,Dentro,Urbana,Otra Señal,No existe,Intersección,Bueno,Buena,Diurna,Buen Tiempo,Múltiple,S/D,Colisión,Ninguna,Faltante,Cordón divisorio,Sin restricción
2021,6641,2021-02-24,Miercoles,20:00:00,,0.0,1,Automóvil,Mariano Moreno Y Urquiza,1,1,0,0,0,0,0,"-32.940727662429,-60.649716199544",Calle,,ROSARIO,Rosario,Asfalto,No existe,II,Dentro,Urbana,Otra Señal,No existe,Intersección,Bueno,S/D,Nocturna,S/D,Múltiple,S/D,Colisión,S/D,"Horizontal,Vertical",Cordón divisorio,Sin restricción
2021,6643,2021-10-30,Sabado,04:55:00,,0.0,2,"Pickup/Utilitario,Moto/Ciclomotor",Benito Juárez Y Pueyrredón,3,1,0,0,2,0,0,"-32.993592, -60.669493",Calle,,ROSARIO,Rosario,Asfalto,No existe,II,Dentro,Urbana,Otra Señal,No existe,Intersección,Bueno,Buena,Diurna,Buen Tiempo,Múltiple,S/D,Colisión,Ninguna,Faltante,Cordón divisorio,Sin restricción
2021,6644,2021-10-12,Martes,16:30:00,Ruta Nacional 9,0.0,2,"Moto/Ciclomotor,Peatón",Ruta Nacional 9 Y Suipacha,2,2,0,0,0,0,0,"-32.92065024375917,-60.815919041633",Ruta,9,FUNES,Rosario,Asfalto,No existe,II,Dentro,Urbana,Otra Señal,No existe,Intersección,Bueno,Buena,Diurna,Buen Tiempo,Múltiple,Peatón,Colisión,Ninguna,Faltante,Cordón divisorio,Sin restricción
2021,6645,2021-10-15,Viernes,07:45:00,,0.0,2,"Moto/Ciclomotor,Automóvil",Cabildo Y Pje. Conscripto Bernardi,2,1,0,0,1,0,0,"-33.007242793274,-60.645774443264",Calle,,ROSARIO,Rosario,Asfalto,No existe,II,Dentro,Urbana,Otra Señal,No existe,Intersección,Bueno,Buena,Diurna,Buen Tiempo,Múltiple,S/D,Colisión,Ninguna,Faltante,Cordón divisorio,Sin restricción
2021,6646,2021-02-20,Sabado,20:30:00,,0.0,1,Moto/Ciclomotor,Gutenberg Y Mendoza,1,1,0,0,0,0,0,"-32.942741889792,-60.688574163957",Calle,,ROSARIO,Rosario,Asfalto,No existe,II,Dentro,Urbana,Otra Señal,No existe,Intersección,Bueno,S/D,Nocturna,S/D,Múltiple,S/D,Colisión,S/D,Horizontal,Cordón divisorio,Sin restricción
2021,6647,2021-02-24,Miercoles,17:15:00,,0.0,2,"Peatón,Otros",Callao 1323,2,1,0,0,0,0,1,"-32.949102129149,-60.661746386164",Calle,,ROSARIO,Rosario,Asfalto,No existe,II,Dentro,Urbana,Otra Señal,Funciona,Intersección,Bueno,S/D,Diurna,S/D,Múltiple,S/D,Colisión,S/D,"Horizontal,Vertical",Cordón divisorio,Sin restricción
2021,6648,2021-10-28,Jueves,14:00:00,,0.0,2,"Automóvil,Automóvil",Av. Arijon Y Pueyrredón,2,2,0,0,0,0,0,"-33.0035840814,-60.669089616896",Avenida,,ROSARIO,Rosario,Asfalto,No existe,II,Dentro,Urbana,Otra Señal,Funciona,Intersección,Bueno,Buena,Diurna,Buen Tiempo,Múltiple,S/D,Colisión,Ninguna,"Horizontal,Vertical",Cordón divisorio,Sin restricción
2021,6649,2021-02-24,Miercoles,23:00:00,,0.0,1,Bicicleta, ,1,1,0,0,0,0,0,"-32.95817760227484,-60.666264034822",S/D,,ROSARIO,Rosario,S/D,S/D,II,S/D,S/D,Otra Señal,S/D,Intersección,S/D,S/D,Nocturna,S/D,Múltiple,S/D,Colisión,S/D,S/D,Cordón divisorio,Sin restricción
2021,6650,2021-10-06,Miercoles,16:00:00,,0.0,2,"Automóvil,Moto/Ciclomotor",Garzón Y Pje. Ghandi,3,2,0,0,1,0,0,"-32.925248653463,-60.706291666962",Calle,,ROSARIO,Rosario,Asfalto,No existe,II,Dentro,Urbana,Otra Señal,No existe,Intersección,Bueno,Buena,Diurna,Buen Tiempo,Múltiple,S/D,Colisión,Ninguna,Faltante,Cordón divisorio,Sin restricción