anio_acci,nro_acci,fecha,desc_dia,hora_aprox,desc_ruta,km,cant_participantes,desc_participante,calle_avenida_km,total,heridos_leves,heridos_graves,heridos_gravisimos,ilesos,fallecidos,sin_datos,posicion_XY,desc_tipo_via,desc_ruta_ori,desc_loc,desc_dpto,desc_tipo_calzada,desc_tipo_banquina,desc_unidad_regional,desc_lugar_calzada,desc_zona,desc_prioridad,desc_estado_semaforo,desc_lugar_via,desc_estado_via,desc_estado_visibilidad,desc_luminosidad,desc_estado_clima,desc_tipo_colision,desc_tipo_atropello,desc_tipo_hecho,desc_pres_calzada,desc_senializacion,desc_separacion_via,desc_restriccion
2021,6651,2021-10-12,Martes,12:20:00,,0.0,2,"Automóvil,Moto/Ciclomotor",Candelaria Y Leloir,2,1,0,0,1,0,0,"-32.92592458362,-60.813930756415",Calle,,FUNES,Rosario,Tierra,No existe,II,Dentro,Urbana,Otra Señal,No existe,Intersección,Bueno,Buena,Diurna,Buen Tiempo,Múltiple,S/D,Colisión,Ninguna,Faltante,Cordón divisorio,Sin restricción
2021,6652,2021-10-09,Sabado,19:15:00,Ruta Nacional 9,0.0,3,"Automóvil,Pickup/Utilitario,Pickup/Utilitario",Hernández Y Ruta Nacional 9,4,1,0,0,3,0,0,"-32.9163157939911,-60.8434653282165",Ruta,9,FUNES,Rosario,Asfalto,Ripio,II,Dentro,Urbana,Otra Señal,Funciona,Intersección,Bueno,Buena,Nocturna,Buen Tiempo,Múltiple,S/D,Colisión,Ninguna,"Horizontal,Vertical",Cordón divisorio,Sin restricción
2021,6654,2021-02-25,Jueves,00:05:00,,0.0,1,Moto/Ciclomotor, ,1,1,0,0,0,0,0,"-32.95817760227484,-60.666264034822",S/D,,ROSARIO,Rosario,S/D,S/D,II,S/D,S/D,Otra Señal,S/D,Intersección,S/D,S/D,Nocturna,S/D,Múltiple,S/D,Colisión,S/D,S/D,Cordón divisorio,Sin restricción
2021,6655,2021-02-26,Viernes,16:00:00,,0.0,2,"Moto/Ciclomotor,Moto/Ciclomotor", ,2,1,0,0,0,0,1,"-32.95817760227484,-60.666264034822",S/D,,ROSARIO,Rosario,S/D,S/D,II,S/D,S/D,Otra Señal,S/D,Intersección,S/D,S/D,Diurna,S/D,Múltiple,S/D,Colisión,S/D,S/D,Cordón divisorio,Sin restricción
2021,6656,2021-10-16,Sabado,18:00:00,Ruta Nacional 9,0.0,2,"Automóvil,Moto/Ciclomotor",Gral. López Y Ruta Nacional 9,2,1,0,0,1,0,0,"-32.920198, -60.818436",Ruta,9,FUNES,Rosario,Asfalto,Pavimento,II,Dentro,Urbana,Otra Señal,No existe,Intersección,Bueno,Buena,Diurna,Buen Tiempo,Múltiple,S/D,Colisión,Ninguna,Horizontal,Cordón divisorio,Sin restricción
2021,6657,2021-02-25,Jueves,13:30:00,,0.0,1,Bicicleta,Bv. Oroño Y Cochabamba,1,1,0,0,0,0,0,"-32.955598481272,-60.656168029535",Avenida,,ROSARIO,Rosario,Asfalto,No existe,II,Dentro,Urbana,Otra Señal,No existe,Intersección,Bueno,S/D,Diurna,S/D,Múltiple,S/D,Colisión,S/D,"Horizontal,Vertical",Cordón divisorio,Sin restricción
2021,6658,2021-02-25,Jueves,19:00:00,,0.0,1,Moto/Ciclomotor,Bv. Avellaneda Y Bv. Seguí,1,1,0,0,0,0,0,"-32.97165667827,-60.687244626218",Avenida,,ROSARIO,Rosario,Asfalto,No existe,II,Dentro,Urbana,Otra Señal,Funciona,Intersección,Bueno,S/D,Nocturna,S/D,Múltiple,S/D,Colisión,S/D,"Horizontal,Vertical",Cordón divisorio,Sin restricción
2021,6659,2021-10-29,Viernes,10:10:00,,0.0,1,Moto/Ciclomotor,Av. J.Bernhein Y Ezeiza,2,2,0,0,0,0,0,"-32.935920, -60.742346",Avenida,,ROSARIO,Rosario,Asfalto,No existe,II,Dentro,Urbana,Otra Señal,No existe,Intersección,Bueno,Buena,Diurna,Buen Tiempo,Múltiple,S/D,Colisión,Ninguna,Faltante,Cordón divisorio,Sin restricción
2021,6660,2021-02-26,Viernes,11:30:00,,0.0,1,Bicicleta,Av. Pellegrini Y Bv. Avellaneda,1,1,0,0,0,0,0,"-32.949882933661,-60.681734020985",Avenida,,ROSARIO,Rosario,Asfalto,No existe,II,Dentro,Urbana,Otra Señal,Funciona,Intersección,Bueno,S/D,Diurna,S/D,Múltiple,S/D,Colisión,S/D,"Horizontal,Vertical",Cordón divisorio,Sin restricción
2021,6661,2021-10-31,Domingo,20:10:00,,0.0,2,"Moto/Ciclomotor,Automóvil",Chaparro Y White,3,2,0,0,1,0,0,"-32.942133564465,-60.730843416328",Calle,,ROSARIO,Rosario,Asfalto,No existe,II,Dentro,Urbana,Otra Señal,No existe,Intersección,Bueno,Buena,Diurna,Buen Tiempo,Múltiple,S/D,Colisión,Ninguna,Faltante,Cordón divisorio,Sin restricción
2021,6662,2021-08-16,Lunes,22:35:00,,0.0,1,Pickup/Utilitario,Leopoldo Lugones ,2,2,0,0,0,0,0,"-31.25305, -61.49221",Calle,,RAFAELA,Castellanos,Asfalto,S/D,V,Dentro,Rural,Otra Señal,No existe,Intersección,S/D,S/D,Nocturna,S/D,Múltiple,S/D,Colisión,S/D,S/D,Cordón divisorio,Sin restricción
2021,6663,2021-02-26,Viernes,18:00:00,,0.0,1,Otros,Gaboto Y Mitre,1,1,0,0,0,0,0,"-32.973086863099,-60.646310699808",Calle,,ROSARIO,Rosario,Asfalto,No existe,II,Dentro,Urbana,Otra Señal,No existe,Intersección,Bueno,S/D,Diurna,S/D,Múltiple,Peatón,Colisión,S/D,Faltante,Cordón divisorio,Sin restricción
2021,6664,2021-10-23,Sabado,15:00:00,Ruta Nacional 33,776.0,2,"Moto/Ciclomotor,Automóvil", ,3,2,0,0,1,0,0,"-33.012300, -60.808863",Ruta,33,ZAVALLA,Rosario,Asfalto,Natural,II,Dentro,Rural,Otra Señal,No existe,Intersección,Bueno,Buena,Diurna,Buen Tiempo,Múltiple,S/D,Colisión,Ninguna,Horizontal,Cordón divisorio,Sin restricción
2021,6665,2021-02-25,Jueves,12:00:00,,0.0,2,"Moto/Ciclomotor,Pickup/Utilitario",Bv. Oroño Y Garibaldi,2,1,0,0,0,0,1,"-32.983228992843,-60.663378944551",Avenida,,ROSARIO,Rosario,Asfalto,No existe,II,Dentro,Urbana,Otra Señal,Funciona,Intersección,Bueno,S/D,Diurna,S/D,Múltiple,S/D,Colisión,S/D,"Horizontal,Vertical",Cordón divisorio,Sin restricción
2021,6666,2021-08-17,Martes,09:05:00,Ruta Provincial 70,0.0,2,"Moto/Ciclomotor,Pickup/Utilitario", ,2,1,0,0,1,0,0,"-31.25975, -61.45121",Ruta,70,RAFAELA,Castellanos,Asfalto,S/D,V,Dentro,Urbana,Otra Señal,S/D,Intersección,S/D,S/D,Diurna,S/D,Múltiple,S/D,Colisión,S/D,S/D,Cordón divisorio,Sin restricción
2021,6667,2021-02-26,Viernes,08:00:00,Autopista Nacional A008,0.0,2,"Automóvil,Moto/Ciclomotor",Av. Circunvalación ,2,1,0,0,0,0,1,"-32.992226865483,-60.702743948963",Autopista,A008,ROSARIO,Rosario,Asfalto,S/D,II,Dentro,Urbana,Otra Señal,S/D,Intersección,S/D,S/D,Diurna,S/D,Múltiple,S/D,Colisión,S/D,Horizontal,Cordón divisorio,Sin restricción
2021,6668,2021-10-05,Martes,19:00:00,Ruta Nacional 33,0.0,1,Moto/Ciclomotor,Necochea Y Ruta Nac 33,1,1,0,0,0,0,0,"-33.01898539066315,-60.880487859249",Ruta,33,ZAVALLA,Rosario,Asfalto,Pavimento,II,Dentro,Urbana,Otra Señal,No existe,Intersección,Bueno,Buena,Diurna,Buen Tiempo,Múltiple,S/D,Colisión,Ninguna,Horizontal,Cordón divisorio,Sin restricción
2021,6669,2021-08-23,Lunes,07:15:00,Ruta Nacional 168,0.0,1,Automóvil, ,2,2,0,0,0,0,0,"-31.64105, -60.67927",Ruta,168,SANTA FE,La Capital,Asfalto,S/D,I,Dentro,Urbana,Otra Señal,No existe,Intersección,S/D,S/D,Amanecer,S/D,Múltiple,S/D,Colisión,S/D,S/D,Cordón divisorio,Sin restricción
2021,6670,2021-02-26,Viernes,13:00:00,,0.0,2,"Automóvil,Automóvil",Av. Pellegrini Y Av. Ovidio Lagos,2,1,0,0,0,0,1,"-32.953162005427,-60.664206696885",Avenida,,ROSARIO,Rosario,Asfalto,No existe,II,Dentro,Urbana,Otra Señal,Funciona,Intersección,Bueno,S/D,Diurna,S/D,Múltiple,S/D,Colisión,Ninguna,"Horizontal,Vertical",Cordón divisorio,Sin restricción
2021,6671,2021-08-27,Viernes,14:15:00,Ruta Provincial 1,0.5,2,"Moto/Ciclomotor,Automóvil", ,2,1,0,0,1,0,0,"-31.63599, -60.62239",Ruta,1,COLASTINE,La Capital,Asfalto,Pavimento,I,Dentro,Rural,Otra Señal,S/D,Intersección,S/D,S/D,Diurna,S/D,Múltiple,S/D,Colisión,S/D,S/D,Cordón divisorio,Sin restricción
2021,6672,2021-02-27,Sabado,05:00:00,Autopista Provincial Brigadier E.LÓPEZ,0.0,1,Moto/Ciclomotor,Av. Circunvalación ,1,1,0,0,0,0,0,"-32.881874126152,-60.712040141521",Autopista,Brigadier E.LÓPEZ,ROSARIO,Rosario,Asfalto,Pavimento,II,Dentro,Urbana,Otra Señal,No existe,Intersección,Bueno,S/D,Nocturna,S/D,Múltiple,S/D,Colisión,S/D,Horizontal,Cordón divisorio,Sin restricción
2021,6673,2021-10-04,Lunes,09:00:00,,0.0,2,"Automóvil,Moto/Ciclomotor",Bv. Avellaneda Y G.Carrasco,2,1,0,0,1,0,0,"-32.919870333682,-60.674376509483",Calle,,ROSARIO,Rosario,Asfalto,No existe,II,Dentro,Urbana,Otra Señal,Funciona,Intersección,Bueno,Buena,Diurna,S/D,Múltiple,S/D,Colisión,Ninguna,"Horizontal,Vertical",Cordón divisorio,Sin restricción
2021,6674,2021-10-12,Martes,12:00:00,Ruta Nacional 33,768.0,3,"Automóvil,Camión c / Acoplado,Automóvil", ,4,1,0,0,3,0,0,"-32.970850467681885,-60.71701794862",Ruta,33,ZAVALLA,Rosario,Asfalto,Pavimento,II,Dentro,Rural,Otra Señal,No existe,Intersección,Bueno,Buena,Diurna,Buen Tiempo,Múltiple,S/D,Colisión,Ninguna,Faltante,Cordón divisorio,Sin restricción
2021,6677,2021-10-03,Domingo,23:30:00,Ruta Provincial 21,0.0,2,"Moto/Ciclomotor,Automóvil",Av. Gral. San Martin Y Emilio Zola,2,1,0,0,1,0,0,"-33.028139, -60.621163",Ruta,21,VILLA GOBERNADOR GÁLVEZ,Rosario,Asfalto,No existe,II,Dentro,Urbana,Otra Señal,Funciona,Intersección,Bueno,Buena,"Nocturna,Con luz artificial",Buen Tiempo,Múltiple,S/D,Colisión,Ninguna,"Horizontal,Vertical",Cordón divisorio,Sin restricción
2021,6678,2021-10-27,Miercoles,13:00:00,,0.0,2,"Peatón,Pickup/Utilitario",ARTURO JAURETCHE Y LARRALDE,2,1,0,0,1,0,0,"-32.968425,-60.725922",Calle,,ROSARIO,Rosario,Asfalto,No existe,II,Dentro,Urbana,Otra Señal,No existe,Intersección,Deteriorada,Buena,Diurna,Buen Tiempo,Múltiple,Peatón,Colisión,Ninguna,Faltante,Cordón divisorio,Sin restricción
2021,6679,2021-02-19,Viernes,18:00:00,,0.0,1,Bicicleta,F.More Y Pasco,1,1,0,0,0,0,0,"-32.950432945466,-60.693350271988",Calle,,ROSARIO,Rosario,Asfalto,No existe,II,Dentro,Urbana,Otra Señal,No existe,Intersección,Bueno,S/D,Diurna,S/D,Múltiple,S/D,Colisión,S/D,Faltante,Cordón divisorio,Sin restricción
2021,6681,2021-10-22,Viernes,10:15:00,,0.0,2,"Bicicleta,Automóvil",El Algarrobo Y El Jilguero,2,1,0,0,1,0,0,"-32.96928398141,-60.734805557708",Calle,,PEREZ,Rosario,Asfalto,No existe,II,Dentro,Urbana,Otra Señal,No existe,Intersección,Bueno,Buena,Diurna,Buen Tiempo,Múltiple,S/D,Colisión,Ninguna,Faltante,Cordón divisorio,Sin restricción
2021,6682,2021-02-27,Sabado,23:00:00,,0.0,1,Bicicleta,Barra Y Viamonte,1,1,0,0,0,0,0,"-32.95672630268,-60.706151590137",Calle,,ROSARIO,Rosario,Asfalto,No existe,II,Dentro,Urbana,Otra Señal,No existe,Intersección,Bueno,S/D,Nocturna,S/D,Múltiple,S/D,Colisión,S/D,Faltante,Cordón divisorio,Sin restricción
2021,6683,2021-10-07,Jueves,07:00:00,,0.0,2,"Moto/Ciclomotor,Automóvil",Av. Juan Domingo Perón Y Bv San diego,2,1,0,0,0,0,1,"-33.018824379823,-60.618510750872",Avenida,,VILLA GOBERNADOR GÁLVEZ,Rosario,Asfalto,No existe,II,Dentro,Urbana,Otra Señal,Funciona,Intersección,Bueno,Buena,Diurna,Buen Tiempo,Múltiple,S/D,Colisión,Ninguna,"Horizontal,Vertical",Cordón divisorio,Sin restricción
2021,6684,2021-02-28,Domingo,04:00:00,,0.0,1,Moto/Ciclomotor, ,1,1,0,0,0,0,0,"-33.00037611369521, -60.68212021682",S/D,,ROSARIO,Rosario,S/D,S/D,II,S/D,Urbana,Otra Señal,S/D,Intersección,S/D,S/D,Nocturna,S/D,Múltiple,S/D,Colisión,S/D,S/D,Cordón divisorio,Sin restricción
2021,6685,2021-02-28,Domingo,09:00:00,,0.0,2,"Moto/Ciclomotor,Moto/Ciclomotor",Cerrito Y Nicaragua,2,2,0,0,0,0,0,"-32.953541706445,-60.720121537549",Calle,,ROSARIO,Rosario,Asfalto,No existe,II,Dentro,Urbana,Otra Señal,No existe,Intersección,Bueno,S/D,Diurna,S/D,Múltiple,S/D,Colisión,S/D,Faltante,Cordón divisorio,Sin restricción
2021,6687,2021-10-13,Miercoles,07:15:00,Ruta Provincial 21,0.0,2,"Moto/Ciclomotor,Automóvil",Av. Gral. San Martin Y Guido y Spano,2,1,0,0,0,0,1,"-33.021964584255,-60.628844957017",Ruta,21,VILLA GOBERNADOR GÁLVEZ,Rosario,Asfalto,No existe,II,Dentro,Urbana,Otra Señal,No existe,Intersección,Bueno,Buena,Diurna,Buen Tiempo,Múltiple,S/D,Colisión,Ninguna,Horizontal,Cordón divisorio,Sin restricción
2021,6688,2021-02-28,Domingo,17:00:00,,0.0,2,"Automóvil,Bicicleta",Gutenberg Y Santa Fe,2,1,0,0,0,0,1,"-32.936266994264,-60.686934538394",Calle,,ROSARIO,Rosario,Asfalto,No existe,II,Dentro,Urbana,Otra Señal,Funciona,Intersección,Bueno,S/D,Diurna,S/D,Múltiple,Ciclista,Colisión,S/D,"Horizontal,Vertical",Cordón divisorio,Sin restricción
2021,6689,2021-10-12,Martes,12:30:00,,0.0,1,Moto/Ciclomotor,El Lapacho Y Guillermo Hudson,1,1,0,0,0,0,0,"-32.969968586338,-60.744053048005",Calle,,PEREZ,Rosario,"Asfalto,Ripio",No existe,II,Dentro,Urbana,Otra Señal,No existe,Intersección,Deteriorada,Buena,Diurna,Buen Tiempo,Múltiple,S/D,Colisión,Ninguna,Faltante,Cordón divisorio,Sin restricción
2021,6690,2021-02-28,Domingo,09:00:00,,0.0,2,"Automóvil,Automóvil",Brown Y Dorrego,2,1,0,0,0,0,1,"-32.935130192083,-60.646873958085",Calle,,ROSARIO,Rosario,Asfalto,No existe,II,Dentro,Urbana,Otra Señal,No existe,Intersección,Bueno,S/D,Diurna,S/D,Múltiple,S/D,Colisión,S/D,"Horizontal,Vertical",Cordón divisorio,Sin restricción
2021,6691,2021-02-28,Domingo,22:00:00,,0.0,1,Moto/Ciclomotor,Bv. Rondeau Y Washington,1,1,0,0,0,0,0,"-32.90115572896,-60.690177233843",Avenida,,ROSARIO,Rosario,Asfalto,No existe,II,Dentro,Urbana,Otra Señal,Funciona,Intersección,Bueno,S/D,Nocturna,S/D,Múltiple,S/D,Colisión,S/D,"Horizontal,Vertical",Cordón divisorio,Sin restricción
2021,6692,2021-02-28,Domingo,00:05:00,,0.0,1,Moto/Ciclomotor,Sánchez de Bustamante Y San Martin,1,1,0,0,0,0,0,"-33.001957743898,-60.64921851906",Calle,,ROSARIO,Rosario,Asfalto,No existe,II,Dentro,Urbana,Otra Señal,Funciona,Intersección,Bueno,Buena,Nocturna,S/D,Múltiple,S/D,Colisión,S/D,"Horizontal,Vertical",Cordón divisorio,Sin restricción
2021,6693,2021-10-21,Jueves,22:00:00,,0.0,2,"Automóvil,Moto/Ciclomotor",Av. Silvestre Begnis Y Santiago  Liniers,2,1,0,0,1,0,0,"-32.850920, -60.718169",Avenida,,GRANADERO BAIGORRIA,Rosario,Asfalto,No existe,II,Dentro,Urbana,Otra Señal,No existe,Intersección,Bueno,S/D,Nocturna,Buen Tiempo,Múltiple,S/D,Colisión,Ninguna,Faltante,Cordón divisorio,Sin restricción
2021,6694,2021-10-08,Viernes,12:20:00,,0.0,2,"Automóvil,Moto/Ciclomotor",Calle 2 Y Calle nro. 12,2,1,0,0,1,0,0,"-32.847874932908,-60.712295327435",Calle,,GRANADERO BAIGORRIA,Rosario,Asfalto,No existe,II,Dentro,Urbana,Otra Señal,No existe,Intersección,Bueno,Buena,Diurna,Buen Tiempo,Múltiple,S/D,Colisión,S/D,S/D,Cordón divisorio,Sin restricción
2021,6695,2021-10-14,Jueves,09:00:00,,0.0,2,"Moto/Ciclomotor,Automóvil",Eva Perón Y Garay,3,1,0,0,2,0,0,"-33.023635338335,-60.620197983138",Calle,,VILLA GOBERNADOR GÁLVEZ,Rosario,Asfalto,No existe,II,Dentro,Urbana,Otra Señal,No existe,Intersección,Bueno,Buena,Diurna,Buen Tiempo,Múltiple,S/D,Colisión,Ninguna,Faltante,Cordón divisorio,Sin restricción
2021,6696,2021-10-16,Sabado,16:15:00,Ruta Provincial 21,0.0,2,"Moto/Ciclomotor,Automóvil",Av. Gral. San Martin Y Chubut,3,2,0,0,1,0,0,"-33.03326528882,-60.617407387986",Ruta,21,VILLA GOBERNADOR GÁLVEZ,Rosario,Asfalto,No existe,II,Dentro,Urbana,Otra Señal,No existe,Intersección,Bueno,Buena,Diurna,Buen Tiempo,Múltiple,S/D,Colisión,Ninguna,Vertical,Cordón divisorio,Sin restricción
2021,6697,2021-10-06,Miercoles,17:45:00,,0.0,2,"Moto/Ciclomotor,Moto/Ciclomotor",3 de Febrero Y 17 de Octubre,4,4,0,0,0,0,0,"-33.012535147387,-60.609386362223",Calle,,VILLA GOBERNADOR GÁLVEZ,Rosario,Asfalto,No existe,II,Dentro,Urbana,Otra Señal,No existe,Intersección,Deteriorada,Reducida,Diurna,Buen Tiempo,Múltiple,S/D,Colisión,Ninguna,Faltante,Cordón divisorio,Sin restricción
2021,6698,2021-10-17,Domingo,20:45:00,,0.0,1,Pickup/Utilitario,Avda. Rosario Y Urquiza,2,1,0,0,1,0,0,"-32.850555751938,-60.791354245551",Avenida,,IBARLUCEA,Rosario,Tierra,No existe,II,Dentro,Urbana,Otra Señal,No existe,Intersección,Bueno,Buena,Nocturna,Buen Tiempo,Múltiple,S/D,Colisión,Ninguna,Faltante,Cordón divisorio,Sin restricción
2021,6700,2021-08-06,Viernes,06:20:00,,0.0,2,"Moto/Ciclomotor,Moto/Ciclomotor",Regis Martínez Y Saavedra,2,2,0,0,0,0,0,"-31.61724, -60.70754",S/D,,SANTA FE,La Capital,S/D,S/D,I,S/D,S/D,Otra Señal,S/D,Intersección,S/D,S/D,S/D,S/D,Múltiple,S/D,Colisión,S/D,S/D,Cordón divisorio,Sin restricción
2021,6701,2021-10-07,Jueves,11:20:00,,0.0,2,"Bicicleta,Pickup/Utilitario",Av. Juan Domingo Perón Y Corrientes,2,1,0,0,1,0,0,"-33.009821, -60.614571",Avenida,,VILLA GOBERNADOR GÁLVEZ,Rosario,Asfalto,No existe,II,Dentro,Urbana,Otra Señal,No existe,Intersección,Bueno,Buena,Diurna,Buen Tiempo,Múltiple,Ciclista,Colisión,Ninguna,Faltante,Cordón divisorio,Sin restricción
2021,6702,2021-10-12,Martes,13:10:00,,0.0,2,"Bicicleta,Camión c / Acoplado",CÓRDOBA  Y STEPHENSON ,2,1,0,0,0,0,1,"-33.012636, -60.617096",Calle,,VILLA GOBERNADOR GÁLVEZ,Rosario,Asfalto,No existe,II,Dentro,Urbana,Otra Señal,No existe,Intersección,Bueno,Buena,Diurna,Buen Tiempo,Múltiple,Ciclista,Colisión,Ninguna,"Horizontal,Vertical",Cordón divisorio,Sin restricción
2021,6704,2021-10-06,Miercoles,09:50:00,,0.0,2,"Moto/Ciclomotor,Pickup/Utilitario",Ing. Mosconi Y Iriondo,3,2,0,0,1,0,0,"-33.025684574603,-60.635828567049",Calle,,VILLA GOBERNADOR GÁLVEZ,Rosario,Asfalto,No existe,II,Dentro,Urbana,Otra Señal,No existe,Intersección,Bueno,Buena,Diurna,Buen Tiempo,Múltiple,S/D,Colisión,Ninguna,Faltante,Cordón divisorio,Sin restricción
2021,6705,2021-10-07,Jueves,13:55:00,,0.0,2,"Automóvil,Bicicleta",Av. Filipini Y G López,2,1,0,0,1,0,0,"-33.017534, -60.635967",Avenida,,VILLA GOBERNADOR GÁLVEZ,Rosario,Asfalto,No existe,II,Dentro,Urbana,Otra Señal,No existe,Intersección,Otro,Buena,Diurna,Buen Tiempo,Múltiple,Ciclista,Colisión,Ninguna,Faltante,Cordón divisorio,Sin restricción
2021,6707,2021-10-09,Sabado,22:40:00,,0.0,2,"Automóvil,Moto/Ciclomotor",Iriondo Y Mitre,2,1,0,0,1,0,0,"-33.024548318194,-60.635863221871",Calle,,VILLA GOBERNADOR GÁLVEZ,Rosario,Asfalto,No existe,II,Dentro,Urbana,Otra Señal,No existe,Intersección,Bueno,Buena,Nocturna,Buen Tiempo,Múltiple,S/D,Colisión,Ninguna,Faltante,Cordón divisorio,Sin restricción
2021,6709,2021-10-10,Domingo,06:10:00,,0.0,2,"Automóvil,Moto/Ciclomotor",Lavalle Y Rosario,3,2,0,0,1,0,0,"-33.027060762504,-60.642640546604",Calle,,VILLA GOBERNADOR GÁLVEZ,Rosario,Asfalto,No existe,II,Dentro,Urbana,Otra Señal,No existe,Intersección,Bueno,Buena,Diurna,S/D,Múltiple,S/D,Colisión,Ninguna,Faltante,Cordón divisorio,Sin restricción
2021,6710,2021-10-11,Lunes,15:30:00,,0.0,2,"Moto/Ciclomotor,Automóvil",Rosario Y Pje 2,2,1,0,0,1,0,0,"-33.026465530425,-60.642668337253",Calle,,VILLA GOBERNADOR GÁLVEZ,Rosario,Asfalto,No existe,II,Dentro,Urbana,Otra Señal,No existe,Intersección,Bueno,Buena,Diurna,S/D,Múltiple,S/D,Colisión,Ninguna,Faltante,Cordón divisorio,Sin restricción
2021,6711,2021-08-06,Viernes,22:00:00,,0.0,1,Moto/Ciclomotor,España Y Moreno,1,1,0,0,0,0,0,"-32.02646, -61.22048",Calle,,GÁLVEZ,San JERÓNIMO,S/D,S/D,XV,Dentro,Urbana,Otra Señal,S/D,Intersección,S/D,S/D,S/D,S/D,Múltiple,S/D,Colisión,S/D,S/D,Cordón divisorio,Sin restricción
2021,6712,2021-10-19,Martes,13:30:00,,0.0,2,"Automóvil,Moto/Ciclomotor",Belgrano Y Brown,5,1,0,0,4,0,0,"-33.03076751138,-60.625594586039",Calle,,VILLA GOBERNADOR GÁLVEZ,Rosario,Asfalto,No existe,II,Dentro,Urbana,Otra Señal,No existe,Intersección,Bueno,Buena,Diurna,Buen Tiempo,Múltiple,S/D,Colisión,Ninguna,Faltante,Cordón divisorio,Sin restricción
2021,6713,2021-08-07,Sabado,23:00:00,Ruta Nacional 11,0.0,1,Moto/Ciclomotor, ,1,1,0,0,0,0,0,"-32.1716, -60.97973",Ruta,11,CORONDA,San JERÓNIMO,S/D,S/D,XV,Fuera,Urbana,Otra Señal,S/D,Intersección,S/D,S/D,S/D,S/D,Múltiple,S/D,Colisión,S/D,S/D,Cordón divisorio,Sin restricción
2021,6715,2021-10-20,Miercoles,15:40:00,,0.0,2,"Automóvil,Moto/Ciclomotor",Balcarce Y Iriondo,2,1,0,0,1,0,0,"-33.023529162833,-60.63592012309",Calle,,VILLA GOBERNADOR GÁLVEZ,Rosario,Asfalto,No existe,II,Dentro,Urbana,Otra Señal,No existe,Intersección,Bueno,Buena,Diurna,Buen Tiempo,Múltiple,S/D,Colisión,Ninguna,Faltante,Cordón divisorio,Sin restricción
2021,6716,2021-10-30,Sabado,18:20:00,,0.0,2,"Peatón,Automóvil",Luis Braille Y Urquiza,2,2,0,0,0,0,0,"-32.747580, -60.743461",Calle,,SAN LORENZO,San Lorenzo,Asfalto,No existe,XVII,Dentro,Urbana,Otra Señal,No existe,Intersección,Bueno,Buena,Diurna,Buen Tiempo,Múltiple,Peatón,Colisión,Ninguna,Vertical,Cordón divisorio,Sin restricción
2021,6718,2021-10-30,Sabado,01:35:00,,0.0,2,"Bicicleta,Moto/Ciclomotor",INTENDENTE RAÚL VIVAS Y SANTIAGO DEL ESTERO,3,2,0,0,0,0,1,"-32.747481, -60.748418",Calle,,SAN LORENZO,San Lorenzo,Asfalto,No existe,XVII,Dentro,Urbana,Otra Señal,No existe,Intersección,Bueno,Buena,"Nocturna,Con luz artificial",Buen Tiempo,Múltiple,Ciclista,Colisión,Ninguna,Faltante,Cordón divisorio,Sin restricción
2021,6720,2021-10-27,Miercoles,11:15:00,Ruta Nacional 11,0.0,2,"Moto/Ciclomotor,Automóvil",Bv Oroño Y Ruta Nac 11,2,1,0,0,1,0,0,"-32.735406160354614,-60.73381662368",Ruta,11,SAN LORENZO,San Lorenzo,Asfalto,No existe,XVII,Dentro,Urbana,Otra Señal,Funciona,Intersección,Bueno,Buena,Diurna,Buen Tiempo,Múltiple,S/D,Colisión,Agua,"Horizontal,Vertical",Cordón divisorio,Sin restricción
2021,6721,2021-10-25,Lunes,16:30:00,,0.0,2,"Moto/Ciclomotor,Bicicleta",Perdriel Y Republica de Chile,3,2,0,0,0,0,1,"-32.757153, -60.745431",Calle,,SAN LORENZO,San Lorenzo,Ripio,No existe,XVII,Dentro,Urbana,Otra Señal,No existe,Intersección,Bueno,Buena,Diurna,Buen Tiempo,Múltiple,Ciclista,Colisión,Ninguna,Faltante,Cordón divisorio,Sin restricción
2021,6722,2021-10-23,Sabado,11:00:00,,0.0,2,"Moto/Ciclomotor,Automóvil",San Luis Y Sargento Cabral,2,1,0,0,1,0,0,"-32.753547713055,-60.730793312382",Calle,,SAN LORENZO,San Lorenzo,Asfalto,No existe,XVII,Dentro,Urbana,Otra Señal,No existe,Intersección,Bueno,Buena,Diurna,Buen Tiempo,Múltiple,S/D,Colisión,Ninguna,Vertical,Cordón divisorio,Sin restricción
2021,6723,2021-10-26,Martes,19:15:00,,0.0,2,"Moto/Ciclomotor,Automóvil",Fray T Luque Y Urquiza,4,1,0,0,3,0,0,"-32.747355390012,-60.749500367322",Avenida,,SAN LORENZO,San Lorenzo,Asfalto,No existe,XVII,Dentro,Urbana,Otra Señal,No existe,Intersección,Bueno,Buena,Nocturna,Buen Tiempo,Múltiple,S/D,Colisión,Ninguna,Vertical,Cordón divisorio,Sin restricción
2021,6724,2021-10-23,Sabado,21:20:00,Ruta Nacional 11,0.0,2,"Moto/Ciclomotor,Automóvil",José E Uriburu Y Ruta Nac 11,2,1,0,0,1,0,0,"-31.766527891159082,-60.83481252193",Ruta,11,SAUCE VIEJO,La Capital,Asfalto,Ripio,I,Dentro,Urbana,Otra Señal,No existe,Intersección,Bueno,Buena,Nocturna,Buen Tiempo,Múltiple,S/D,Colisión,Ninguna,Horizontal,Cordón divisorio,Sin restricción