anio_acci,nro_acci,fecha,desc_dia,hora_aprox,desc_ruta,km,cant_participantes,desc_participante,calle_avenida_km,total,heridos_leves,heridos_graves,heridos_gravisimos,ilesos,fallecidos,sin_datos,posicion_XY,desc_tipo_via,desc_ruta_ori,desc_loc,desc_dpto,desc_tipo_calzada,desc_tipo_banquina,desc_unidad_regional,desc_lugar_calzada,desc_zona,desc_prioridad,desc_estado_semaforo,desc_lugar_via,desc_estado_via,desc_estado_visibilidad,desc_luminosidad,desc_estado_clima,desc_tipo_colision,desc_tipo_atropello,desc_tipo_hecho,desc_pres_calzada,desc_senializacion,desc_separacion_via,desc_restriccion
2021,6725,2021-10-23,Sabado,22:20:00,Ruta Nacional 11,452.0,2,"Moto/Ciclomotor,Pickup/Utilitario",España Y Ruta Nac 11,2,1,0,0,1,0,0,"-31.732689142227194,-60.81542015075",Ruta,11,SAUCE VIEJO,La Capital,Asfalto,Ripio,I,Dentro,Urbana,Otra Señal,No existe,Intersección,Bueno,Buena,Nocturna,Buen Tiempo,Múltiple,S/D,Colisión,Ninguna,Horizontal,Cordón divisorio,Sin restricción
2021,6728,2021-10-28,Jueves,10:15:00,Ruta Nacional 33,0.0,2,"Automóvil,Camión c / Acoplado",Dr. Borzone ,4,1,0,0,3,0,0,"-32.998646, -60.770849",Ruta,33,PEREZ,Rosario,Asfalto,Pavimento,II,Dentro,Urbana,Otra Señal,No existe,Intersección,Bueno,Buena,Diurna,Buen Tiempo,Múltiple,S/D,Colisión,Ninguna,Vertical,Cordón divisorio,Sin restricción
2021,6729,2021-08-08,Domingo,,,0.0,1,Automóvil,Entre Ríos Y Calle de los Inmigrantes,2,1,0,0,1,0,0,"-32.81417, -60.7165",Calle,,CAPITÁN BERMÚDEZ,San Lorenzo,S/D,S/D,XVII,Dentro,Urbana,Otra Señal,S/D,Intersección,S/D,S/D,S/D,S/D,Múltiple,S/D,Colisión,S/D,S/D,Cordón divisorio,Sin restricción
2021,6730,2021-08-09,Lunes,,,0.0,2,"Automóvil,Moto/Ciclomotor",Mariano Moreno Y Rivadavia,2,1,0,0,1,0,0,"-31.97618, -60.91828",Calle,,CORONDA,San JERÓNIMO,S/D,S/D,XV,Dentro,Urbana,Otra Señal,S/D,Intersección,S/D,S/D,S/D,S/D,Múltiple,S/D,Colisión,S/D,S/D,Cordón divisorio,Sin restricción
2021,6731,2021-10-22,Viernes,13:15:00,,0.0,2,"Automóvil,Bicicleta",Buenos aires Y General López,2,1,0,0,1,0,0,"-32.756595, -60.735531",Calle,,SAN LORENZO,San Lorenzo,Asfalto,No existe,XVII,Dentro,Urbana,Otra Señal,No existe,Intersección,Bueno,Buena,Diurna,Buen Tiempo,Múltiple,Ciclista,Colisión,Ninguna,Faltante,Cordón divisorio,Sin restricción
2021,6732,2021-10-22,Viernes,04:00:00,,0.0,1,Moto/Ciclomotor,Brown Y Salta,2,2,0,0,0,0,0,"-32.744756301973,-60.741540461164",Calle,,SAN LORENZO,San Lorenzo,Asfalto,No existe,XVII,Dentro,Urbana,Otra Señal,No existe,Intersección,Bueno,Buena,Nocturna,Buen Tiempo,Múltiple,S/D,Colisión,Ninguna,Faltante,Cordón divisorio,Sin restricción
2021,6734,2021-10-18,Lunes,13:25:00,Ruta Nacional 11,0.0,2,"Transporte de Pasajeros Urbano (> 8 asientos),Peatón",Av. San Martin Y Tucumán,2,1,0,0,0,0,1,"-32.742229, -60.734096",Ruta,11,SAN LORENZO,San Lorenzo,Asfalto,No existe,XVII,Dentro,Urbana,Otra Señal,No existe,Intersección,Bueno,Buena,Diurna,Buen Tiempo,Múltiple,Peatón,Colisión,Ninguna,Faltante,Cordón divisorio,Sin restricción
2021,6735,2021-10-16,Sabado,12:55:00,,0.0,2,"Moto/Ciclomotor,Automóvil",Dorrego Y José Ingenieros,3,2,0,0,1,0,0,"-32.740098622846,-60.737036905211",Avenida,,SAN LORENZO,San Lorenzo,Asfalto,No existe,XVII,Dentro,Urbana,Otra Señal,No existe,Intersección,Bueno,Buena,Diurna,Buen Tiempo,Múltiple,S/D,Colisión,Ninguna,Faltante,Cordón divisorio,Sin restricción
2021,6736,2021-10-14,Jueves,17:30:00,,0.0,2,"Moto/Ciclomotor,Automóvil",José Ingenieros Y Sargento Cabral,3,1,0,0,2,0,0,"-32.740920898881,-60.730578198837",Calle,,SAN LORENZO,San Lorenzo,Asfalto,No existe,XVII,Dentro,Urbana,Otra Señal,No existe,Intersección,Bueno,Buena,Diurna,Buen Tiempo,Múltiple,S/D,Colisión,Ninguna,Faltante,Cordón divisorio,Sin restricción
2021,6737,2021-10-14,Jueves,10:50:00,,0.0,2,"Automóvil,Bicicleta",Sargento Cabral Y Urquiza,2,1,0,0,1,0,0,"-32.747858492736,-60.73072551654",Calle,,SAN LORENZO,San Lorenzo,Asfalto,No existe,XVII,Fuera,Urbana,Otra Señal,Funciona,Intersección,Bueno,Buena,Diurna,Buen Tiempo,Múltiple,Ciclista,Colisión,Ninguna,"Horizontal,Vertical",Cordón divisorio,Sin restricción
2021,6738,2021-04-01,Jueves,00:05:00,,0.0,1,Moto/Ciclomotor,José Ingenieros ,1,1,0,0,0,0,0,"-32.918047234603,-60.74938483985",S/D,,ROSARIO,Rosario,Asfalto,S/D,II,Dentro,Urbana,Otra Señal,S/D,Intersección,S/D,S/D,Nocturna,S/D,Múltiple,S/D,Colisión,S/D,S/D,Cordón divisorio,Sin restricción
2021,6739,2021-10-12,Martes,15:00:00,Ruta Nacional 11,0.0,2,"Automóvil,Moto/Ciclomotor",Av. San Martin Y Rivadavia,3,2,0,0,1,0,0,"-32.750511649446,-60.734204338831",Ruta,11,SAN LORENZO,San Lorenzo,Asfalto,No existe,XVII,Dentro,Urbana,Otra Señal,No existe,Intersección,Bueno,Buena,Diurna,Buen Tiempo,Múltiple,S/D,Colisión,Ninguna,Horizontal,Cordón divisorio,Sin restricción
2021,6740,2021-04-01,Jueves,22:00:00,,0.0,1,Moto/Ciclomotor,Bv. 27 De Febrero Y Rodríguez,1,1,0,0,0,0,0,"-32.963987085967,-60.664096658143",Avenida,,ROSARIO,Rosario,Asfalto,No existe,II,Dentro,Urbana,Otra Señal,No existe,Intersección,Bueno,S/D,Nocturna,S/D,Múltiple,S/D,Colisión,S/D,Horizontal,Cordón divisorio,Sin restricción
2021,6741,2021-04-01,Jueves,07:00:00,Ruta Provincial 18,0.0,1,Moto/Ciclomotor,Av. Ovidio Lagos 6300,1,1,0,0,0,0,0,"-33.011056756188,-60.677576900863",Ruta,18,ROSARIO,Rosario,Asfalto,No existe,II,Dentro,Urbana,Otra Señal,No existe,Intersección,Bueno,S/D,Amanecer,S/D,Múltiple,S/D,Colisión,S/D,Faltante,Cordón divisorio,Sin restricción
2021,6742,2021-10-09,Sabado,12:45:00,,0.0,2,"Moto/Ciclomotor,Automóvil",Cochabamba ,3,1,0,0,2,0,0,"-32.754115, -60.740362",Calle,,SAN LORENZO,San Lorenzo,Asfalto,No existe,XVII,Dentro,Urbana,Otra Señal,No existe,Intersección,Bueno,Buena,Diurna,Buen Tiempo,Múltiple,S/D,Colisión,Ninguna,Faltante,Cordón divisorio,Sin restricción
2021,6743,2021-04-01,Jueves,07:40:00,,0.0,1,Bicicleta,Ayolas Y San Martin,1,1,0,0,0,0,0,"-32.97705220995,-60.644243945969",Calle,,ROSARIO,Rosario,Asfalto,No existe,II,Dentro,Urbana,Otra Señal,Funciona,Intersección,Bueno,S/D,Diurna,S/D,Múltiple,S/D,Colisión,S/D,"Horizontal,Vertical",Cordón divisorio,Sin restricción
2021,6744,2021-04-02,Viernes,16:30:00,,0.0,1,Moto/Ciclomotor,Gorriti Y Solís,1,1,0,0,0,0,0,"-32.924086058004,-60.70403752122",Calle,,ROSARIO,Rosario,Asfalto,No existe,II,Dentro,Urbana,Otra Señal,No existe,Intersección,Bueno,S/D,Diurna,S/D,Múltiple,S/D,Colisión,S/D,Faltante,Cordón divisorio,Sin restricción
2021,6745,2021-10-09,Sabado,22:00:00,,0.0,2,"Moto/Ciclomotor,Taxi/Remis",Congreso Y Neuquén,2,1,0,0,1,0,0,"-32.762522291146,-60.736590791537",Calle,,SAN LORENZO,San Lorenzo,"Asfalto,Tierra",No existe,XVII,Dentro,Urbana,Otra Señal,No existe,Intersección,Bueno,S/D,Nocturna,S/D,Múltiple,S/D,Colisión,Ninguna,Faltante,Cordón divisorio,Sin restricción
2021,6746,2021-04-03,Sabado,12:40:00,,0.0,1,Moto/Ciclomotor,Pasco Y Sarmiento,1,1,0,0,0,0,0,"-32.959567309644,-60.641465005376",Calle,,ROSARIO,Rosario,Asfalto,No existe,II,Dentro,Urbana,Otra Señal,No existe,Intersección,Bueno,S/D,Diurna,S/D,Múltiple,S/D,Colisión,S/D,Horizontal,Cordón divisorio,Sin restricción
2021,6747,2021-10-08,Viernes,15:50:00,,0.0,2,"Peatón,Moto/Ciclomotor",Rivadavia 1500,2,1,0,0,1,0,0,"-32.750485365447,-60.743252484364",Calle,,SAN LORENZO,San Lorenzo,"Asfalto,Tierra",No existe,XVII,Dentro,Urbana,Otra Señal,No existe,Intersección,Deteriorada,Buena,Diurna,Otro,Múltiple,Peatón,Colisión,Ninguna,Faltante,Cordón divisorio,Sin restricción
2021,6748,2021-04-03,Sabado,04:30:00,,0.0,1,Moto/Ciclomotor,Av. Ovidio Lagos 700,1,1,0,0,0,0,0,"-33.008828257639344, -60.6456930320",Avenida,,ROSARIO,Rosario,Asfalto,No existe,II,Dentro,Urbana,Otra Señal,No existe,Intersección,Bueno,S/D,Nocturna,S/D,Múltiple,S/D,Colisión,S/D,Horizontal,Cordón divisorio,Sin restricción
2021,6749,2021-08-10,Martes,12:00:00,,0.0,2,"Moto/Ciclomotor,Automóvil",Gorriti ,3,2,0,0,1,0,0,"-31.58847, -60.70196",Avenida,,SANTA FE,La Capital,S/D,S/D,I,Dentro,Urbana,Otra Señal,S/D,Intersección,S/D,S/D,S/D,S/D,Múltiple,S/D,Colisión,S/D,S/D,Cordón divisorio,Sin restricción
2021,6750,2021-04-03,Sabado,16:30:00,Autopista Nacional A008,0.0,1,Moto/Ciclomotor,Av. Circunvalación Y Av. Pellegrini,1,1,0,0,0,0,0,"-32.94882707413941,-60.719809686527",Autopista,A008,ROSARIO,Rosario,Asfalto,No existe,II,Dentro,Urbana,Otra Señal,No existe,Intersección,Bueno,S/D,Diurna,Buen Tiempo,Múltiple,S/D,Colisión,S/D,Horizontal,Cordón divisorio,Sin restricción
2021,6751,2021-04-03,Sabado,19:00:00,,0.0,1,Moto/Ciclomotor,Pueyrredón Y Virasoro,1,1,0,0,0,0,0,"-32.966459915271,-60.66329262204",Calle,,ROSARIO,Rosario,Asfalto,No existe,II,Dentro,Urbana,Otra Señal,No existe,Intersección,Bueno,S/D,Diurna,S/D,Múltiple,S/D,Colisión,S/D,Horizontal,Cordón divisorio,Sin restricción
2021,6752,2021-04-04,Domingo,00:05:00,,0.0,1,Bicicleta,Colombia Y J.B.Justo,1,1,0,0,0,0,0,"-32.915023625285,-60.717614395706",Calle,,ROSARIO,Rosario,Asfalto,No existe,II,Dentro,Urbana,Otra Señal,No existe,Intersección,Bueno,S/D,Nocturna,S/D,Múltiple,S/D,Colisión,S/D,Faltante,Cordón divisorio,Sin restricción
2021,6753,2021-10-07,Jueves,18:30:00,Ruta Nacional 11,0.0,2,"Moto/Ciclomotor,Automóvil",Av. San Martin Y 3 de Febrero,2,1,0,0,1,0,0,"-32.744025011333,-60.734039102006",Ruta,11,SAN LORENZO,San Lorenzo,Asfalto,No existe,XVII,Dentro,Urbana,Otra Señal,No existe,Intersección,Bueno,Buena,Nocturna,Buen Tiempo,Múltiple,S/D,Colisión,Ninguna,Faltante,Cordón divisorio,Sin restricción
2021,6754,2021-10-07,Jueves,12:30:00,,0.0,2,"Moto/Ciclomotor,Pickup/Utilitario",Dr. Rafael Araya Y Republica de Chile,2,1,0,0,1,0,0,"-32.772215765527,-60.740220532663",Calle,,SAN LORENZO,San Lorenzo,"Asfalto,Ripio",No existe,XVII,Dentro,Urbana,Otra Señal,No existe,Intersección,Bueno,Buena,Diurna,Buen Tiempo,Múltiple,S/D,Colisión,Ninguna,Faltante,Cordón divisorio,Sin restricción
2021,6755,2021-04-04,Domingo,20:00:00,Autopista Nacional A008,0.0,2,"Automóvil,Automóvil",Av. Circunvalación Y San Martin,4,4,0,0,0,0,0,"-33.016563294764,-60.652354573033",Autopista,A008,ROSARIO,Rosario,Asfalto,No existe,II,Dentro,Urbana,Otra Señal,Funciona,Intersección,Bueno,S/D,Nocturna,S/D,Múltiple,S/D,Colisión,S/D,Vertical,Cordón divisorio,Sin restricción
2021,6756,2021-10-06,Miercoles,21:40:00,,0.0,2,"Moto/Ciclomotor,Pickup/Utilitario",J de Arco Y Jujuy,3,2,0,0,1,0,0,"-32.75623619556429,-60.738832354545",Calle,,SAN LORENZO,San Lorenzo,"Asfalto,Ripio",No existe,XVII,Dentro,Urbana,Otra Señal,No existe,Intersección,Bueno,S/D,Nocturna,Buen Tiempo,Múltiple,S/D,Colisión,Ninguna,Faltante,Cordón divisorio,Sin restricción
2021,6758,2021-08-10,Martes,20:50:00,,0.0,2,"Moto/Ciclomotor,Automóvil",Boulevard Lisandro de la Torre Y Presidente Bernardino Rivadavia,3,2,0,0,1,0,0,"-33.04166, -61.15907",Avenida,,CASILDA,Caseros,S/D,S/D,IV,Dentro,Urbana,Otra Señal,S/D,Intersección,S/D,S/D,S/D,S/D,Múltiple,S/D,Colisión,S/D,S/D,Cordón divisorio,Sin restricción
2021,6759,2021-08-10,Martes,15:00:00,,0.0,2,"Moto/Ciclomotor,Pickup/Utilitario",Av. San Martin Y Pte. Illia -Ex. Entre Ríos,2,1,0,0,1,0,0,"-32.79143, -60.72383",Calle,,FRAY LUIS BELTRÁN,San Lorenzo,S/D,S/D,XVII,Fuera,S/D,Otra Señal,S/D,Intersección,S/D,S/D,S/D,S/D,Múltiple,S/D,Colisión,S/D,S/D,Cordón divisorio,Sin restricción
2021,6760,2021-08-10,Martes,,,0.0,1,Moto/Ciclomotor,Calle 24 - Olessio Y Calle 67-Enrique Angelelli,1,1,0,0,0,0,0,"-29.1693, -59.65317",Calle,,RECONQUISTA,General Obligado,S/D,S/D,IX,Dentro,Urbana,Otra Señal,S/D,Intersección,S/D,S/D,S/D,S/D,Múltiple,S/D,Colisión,S/D,S/D,Cordón divisorio,Sin restricción
2021,6761,2021-08-10,Martes,18:10:00,,0.0,2,"Moto/Ciclomotor,Pickup/Utilitario", ,2,1,0,0,1,0,0,"-33.04509, -61.16543",Calle,,CASILDA,Caseros,S/D,S/D,IV,Dentro,Urbana,Otra Señal,S/D,Intersección,S/D,S/D,S/D,S/D,Múltiple,S/D,Colisión,S/D,S/D,Cordón divisorio,Sin restricción
2021,6762,2021-10-28,Jueves,17:00:00,,0.0,2,"Moto/Ciclomotor,Automóvil",Juan de Garay Y Zeballos bis,2,1,0,0,1,0,0,"-32.789270734201,-60.731053288183",Calle,,FRAY LUIS BELTRÁN,San Lorenzo,"Asfalto,Ripio",No existe,XVII,Dentro,Urbana,Otra Señal,No existe,Intersección,Bueno,Buena,Diurna,Buen Tiempo,Múltiple,S/D,Colisión,Ninguna,Faltante,Cordón divisorio,Sin restricción
2021,6763,2021-08-10,Martes,20:30:00,,0.0,2,"Moto/Ciclomotor,Pickup/Utilitario",Boulevard Villada Y Formosa,3,2,0,0,1,0,0,"-33.05063, -61.19086",Calle,,CASILDA,Caseros,S/D,S/D,IV,Dentro,Urbana,Otra Señal,S/D,Intersección,S/D,S/D,S/D,S/D,Múltiple,S/D,Colisión,S/D,S/D,Cordón divisorio,Sin restricción
2021,6764,2021-10-23,Sabado,17:50:00,Autopista Provincial Brigadier E.LÓPEZ,11.0,2,"Camión c / Semirremolque,Camión",Autopista Sta. Fe/Rosario ,3,2,0,0,1,0,0,"-32.788888, -60.744113",Autopista,Brigadier E.LÓPEZ,FRAY LUIS BELTRÁN,San Lorenzo,Asfalto,Natural,XVII,Dentro,Rural,Otra Señal,No existe,Intersección,Bueno,Buena,Diurna,Buen Tiempo,Múltiple,S/D,Colisión,Ninguna,Horizontal,Cordón divisorio,Sin restricción
2021,6765,2021-08-11,Miercoles,12:00:00,,0.0,2,"Peatón,Moto/Ciclomotor",Bartolomé Mitre 1382,2,1,0,0,1,0,0,"-31.89444, -61.8604",Calle,,SAN JORGE,San MARTÍN,S/D,S/D,XVIII,Dentro,Urbana,Otra Señal,S/D,Intersección,S/D,S/D,S/D,S/D,Múltiple,Peatón,Colisión,S/D,S/D,Cordón divisorio,Sin restricción
2021,6766,2021-08-11,Miercoles,15:45:00,,0.0,1,Moto/Ciclomotor, ,2,2,0,0,0,0,0,"-29.05285, -60.4134",Calle,,FORTÍN OLMOS,Vera,S/D,S/D,XIX,Dentro,Urbana,Otra Señal,S/D,Intersección,S/D,S/D,S/D,S/D,Múltiple,S/D,Colisión,S/D,S/D,Cordón divisorio,Sin restricción
2021,6767,2021-08-11,Miercoles,15:45:00,,0.0,2,"Bicicleta,Moto/Ciclomotor", ,2,1,0,0,1,0,0,"-29.05285, -60.4134",Calle,,FORTÍN OLMOS,Vera,S/D,S/D,XIX,Dentro,Urbana,Otra Señal,S/D,Intersección,S/D,S/D,S/D,S/D,Múltiple,Ciclista,Colisión,S/D,S/D,Cordón divisorio,Sin restricción
2021,6768,2021-10-21,Jueves,20:30:00,Ruta Nacional 11,0.0,2,"Automóvil,Moto/Ciclomotor",Av. San Martin Y Teniente Agneta,2,1,0,0,1,0,0,"-32.798228794368,-60.721742429831",Ruta,11,FRAY LUIS BELTRÁN,San Lorenzo,Asfalto,Natural,XVII,Dentro,Urbana,Otra Señal,No existe,Intersección,Bueno,Buena,Nocturna,Buen Tiempo,Múltiple,S/D,Colisión,Ninguna,Horizontal,Cordón divisorio,Sin restricción
2021,6769,2021-10-21,Jueves,11:20:00,,0.0,2,"Automóvil,Moto/Ciclomotor",Belgrano Y 25 de Mayo,3,2,0,0,1,0,0,"-32.782569369359,-60.724396557302",Calle,,PUERTO SAN MARTÍN,San Lorenzo,Asfalto,No existe,XVII,Dentro,Urbana,Otra Señal,No existe,Intersección,Con baches,Buena,Diurna,S/D,Múltiple,S/D,Colisión,Ninguna,Faltante,Cordón divisorio,Sin restricción
2021,6770,2021-10-18,Lunes,22:35:00,Ruta Nacional 11,0.0,2,"Automóvil,Moto/Ciclomotor",Av. San Martin Y Guido Spano,4,1,0,0,3,0,0,"-32.781902639026,-60.72664336795",Ruta,11,FRAY LUIS BELTRÁN,San Lorenzo,Asfalto,Natural,XVII,Dentro,Urbana,Otra Señal,No existe,Intersección,Bueno,Buena,Nocturna,Buen Tiempo,Múltiple,S/D,Colisión,Ninguna,Faltante,Cordón divisorio,Sin restricción
2021,6772,2021-04-03,Sabado,20:30:00,,0.0,1,Moto/Ciclomotor,Dr. Rivas Y San Nicolas,1,1,0,0,0,0,0,"-32.977537183254,-60.681715912668",Calle,,ROSARIO,Rosario,Asfalto,No existe,II,Dentro,Urbana,Otra Señal,No existe,Intersección,Bueno,S/D,Nocturna,S/D,Múltiple,S/D,Colisión,S/D,Faltante,Cordón divisorio,Sin restricción
2021,6773,2021-04-05,Lunes,10:00:00,,0.0,1,Bicicleta,3 De Febrero Y Italia,1,1,0,0,0,0,0,"-32.95103114774,-60.64946859886",Calle,,ROSARIO,Rosario,Asfalto,No existe,II,Dentro,Urbana,Otra Señal,No existe,Intersección,Bueno,S/D,Diurna,S/D,Múltiple,S/D,Colisión,S/D,Horizontal,Cordón divisorio,Sin restricción
2021,6774,2021-04-05,Lunes,14:00:00,,0.0,1,Bicicleta,Bv. 27 De Febrero 3,1,1,0,0,0,0,0,"-32.97039872095,-60.628174364722",Avenida,,ROSARIO,Rosario,Asfalto,No existe,II,Dentro,Urbana,Otra Señal,No existe,Intersección,Bueno,S/D,Diurna,S/D,Múltiple,S/D,Colisión,S/D,Faltante,Cordón divisorio,Sin restricción
2021,6775,2021-04-05,Lunes,18:00:00,,0.0,1,Bicicleta,Av. Francia Y Av. Luis Carballo,1,1,0,0,0,0,0,"-32.925407691939,-60.661592643448",Avenida,,ROSARIO,Rosario,Asfalto,No existe,II,Dentro,Urbana,Otra Señal,Funciona,Intersección,Bueno,S/D,Diurna,S/D,Múltiple,S/D,Colisión,S/D,"Horizontal,Vertical",Cordón divisorio,Sin restricción
2021,6778,2021-04-06,Martes,01:00:00,,0.0,1,Bicicleta,Bv. Avellaneda Y Pte. Quintana,1,1,0,0,0,0,0,"-32.975189972941,-60.688115683409",Avenida,,ROSARIO,Rosario,Asfalto,No existe,II,Dentro,Urbana,Otra Señal,No existe,Intersección,Deteriorada,S/D,Nocturna,S/D,Múltiple,S/D,Colisión,S/D,Faltante,Cordón divisorio,Sin restricción
2021,6779,2021-04-06,Martes,17:15:00,Autopista Nacional A008,0.0,2,"Peatón,Otros", ,2,1,0,0,0,0,1,"-32.992226865483,-60.702743948963",Autopista,A008,ROSARIO,Rosario,Asfalto,S/D,II,Dentro,Urbana,Otra Señal,S/D,Intersección,S/D,S/D,Diurna,S/D,Múltiple,Peatón,Colisión,S/D,S/D,Cordón divisorio,Sin restricción
2021,6780,2021-08-16,Lunes,20:10:00,,0.0,3,"Peatón,Peatón,Pickup/Utilitario",José Ingenieros 1800,3,2,0,0,1,0,0,"-32.91638, -60.68797",Calle,,ROSARIO,Rosario,Asfalto,S/D,II,Dentro,Urbana,Otra Señal,S/D,Intersección,S/D,S/D,Nocturna,S/D,Múltiple,Peatón,Colisión,S/D,S/D,Cordón divisorio,Sin restricción
2021,6781,2021-08-17,Martes,22:35:00,Ruta Nacional 11,0.0,1,Automóvil,Córdoba Y Ruta Nac 11,1,1,0,0,0,0,0,"-31.77195, -60.8402",Ruta,11,SAUCE VIEJO,La Capital,Asfalto,Pavimento,I,Dentro,Urbana,Otra Señal,No existe,Intersección,S/D,S/D,Nocturna,S/D,Múltiple,S/D,Colisión,S/D,S/D,Cordón divisorio,Sin restricción
2021,6783,2021-08-12,Jueves,01:30:00,,0.0,1,Moto/Ciclomotor, ,1,1,0,0,0,0,0,"-32.37171, -61.35893",Calle,,SAN GENARO,San JERÓNIMO,S/D,S/D,XV,Dentro,Rural,Otra Señal,S/D,Intersección,S/D,S/D,S/D,S/D,Múltiple,S/D,Colisión,S/D,S/D,Cordón divisorio,Sin restricción
2021,6786,2021-08-15,Domingo,,Ruta Nacional 33,0.0,1,Pickup/Utilitario, ,3,3,0,0,0,0,0,"-33.82383, -62.18868",Ruta,33,SAN EDUARDO,General LÓPEZ,S/D,S/D,VIII,Dentro,Urbana,Otra Señal,S/D,Intersección,S/D,S/D,S/D,S/D,Múltiple,S/D,Colisión,S/D,S/D,Cordón divisorio,Sin restricción
2021,6787,2021-08-17,Martes,17:35:00,,0.0,2,"Moto/Ciclomotor,Taxi/Remis",Bv Santa Fe Y España,3,2,0,0,1,0,0,"-31.25593, -61.47316",Avenida,,RAFAELA,Castellanos,Asfalto,S/D,III,Dentro,Urbana,Otra Señal,S/D,Intersección,S/D,S/D,Diurna,S/D,Múltiple,S/D,Colisión,S/D,S/D,Cordón divisorio,Sin restricción
2021,6788,2021-04-06,Martes,18:00:00,,0.0,1,Bicicleta,Av. Pellegrini Y Cullen,1,1,0,0,0,0,0,"-32.948410510835,-60.708795109082",Avenida,,ROSARIO,Rosario,Asfalto,No existe,II,Dentro,Urbana,Otra Señal,Funciona,Intersección,Bueno,S/D,S/D,S/D,Múltiple,S/D,Colisión,S/D,"Horizontal,Vertical",Cordón divisorio,Sin restricción
2021,6789,2021-08-15,Domingo,,,0.0,2,"Pickup/Utilitario,Automóvil",Donado Y Mendoza,2,1,0,0,0,0,1,"-32.9408, -60.72683",Calle,,ROSARIO,Rosario,S/D,S/D,II,Dentro,Urbana,Otra Señal,S/D,Intersección,S/D,S/D,S/D,S/D,Múltiple,S/D,Colisión,S/D,S/D,Cordón divisorio,Sin restricción
2021,6790,2021-04-07,Miercoles,10:00:00,,0.0,1,Bicicleta,Bv. 27 De Febrero Y Saavedra,1,1,0,0,0,0,0,"-32.958746514193,-60.693637918716",S/D,,ROSARIO,Rosario,Asfalto,S/D,II,Dentro,Urbana,Otra Señal,S/D,Intersección,S/D,S/D,S/D,S/D,Múltiple,S/D,Colisión,S/D,S/D,Cordón divisorio,Sin restricción
2021,6791,2021-10-10,Domingo,17:50:00,Ruta Nacional 11,0.0,2,"Moto/Ciclomotor,Automóvil",Av. San Martin Y Avellaneda,2,1,0,0,1,0,0,"-32.785312284529,-60.725641007923",Ruta,11,FRAY LUIS BELTRÁN,San Lorenzo,Asfalto,No existe,XVII,Dentro,Urbana,Otra Señal,No existe,Intersección,Bueno,Buena,Atardecer,Buen Tiempo,Múltiple,S/D,Colisión,Ninguna,Horizontal,Cordón divisorio,Sin restricción
2021,6792,2021-04-07,Miercoles,14:00:00,,0.0,1,Moto/Ciclomotor, ,1,1,0,0,0,0,0,"-32.95817760227484,-60.666264034822",S/D,,ROSARIO,Rosario,S/D,S/D,II,S/D,S/D,Otra Señal,S/D,Intersección,S/D,S/D,Diurna,S/D,Múltiple,S/D,Colisión,S/D,S/D,Cordón divisorio,Sin restricción
2021,6793,2021-04-07,Miercoles,00:05:00,,0.0,1,Moto/Ciclomotor, ,1,1,0,0,0,0,0,"-32.95817760227484,-60.666264034822",S/D,,ROSARIO,Rosario,S/D,S/D,II,S/D,S/D,Otra Señal,S/D,Intersección,S/D,S/D,Nocturna,S/D,Múltiple,S/D,Colisión,S/D,S/D,Cordón divisorio,Sin restricción
2021,6795,2021-08-13,Viernes,12:00:00,,0.0,2,"Peatón,Moto/Ciclomotor",Mendoza 540,2,1,0,0,1,0,0,"-32.29653, -61.41077",Calle,,CENTENO,San JERÓNIMO,S/D,S/D,XV,Dentro,Urbana,Otra Señal,S/D,Intersección,S/D,S/D,S/D,S/D,Múltiple,Peatón,Colisión,S/D,S/D,Cordón divisorio,Sin restricción
2021,6796,2021-08-13,Viernes,06:45:00,Ruta Provincial 80,0.0,1,Pickup/Utilitario,RUTA 6 ,2,2,0,0,0,0,0,"-32.00827, -61.19536",Ruta,80,GÁLVEZ,San JERÓNIMO,S/D,S/D,XV,Fuera,Urbana,Otra Señal,S/D,Intersección,S/D,S/D,S/D,S/D,Múltiple,S/D,Colisión,S/D,S/D,Cordón divisorio,Sin restricción
2021,6797,2021-08-14,Sabado,14:45:00,,0.0,2,"Automóvil,Moto/Ciclomotor",Av. Roque Sáenz PEÑA Y Rivadavia,2,1,0,0,1,0,0,"-32.36306, -61.3429",Calle,,SAN GENARO,San JERÓNIMO,S/D,S/D,XV,Dentro,Urbana,Otra Señal,S/D,Intersección,S/D,S/D,S/D,S/D,Múltiple,S/D,Colisión,S/D,S/D,Cordón divisorio,Sin restricción
2021,6798,2021-08-14,Sabado,,,0.0,2,"Automóvil,Bicicleta",Boulevard 25 de Mayo Y  General Juan Las Heras,2,1,0,0,1,0,0,"-33.04513, -61.17656",Calle,,CASILDA,Caseros,S/D,S/D,IV,Dentro,Urbana,Otra Señal,S/D,Intersección,S/D,S/D,S/D,S/D,Múltiple,Ciclista,Colisión,S/D,S/D,Cordón divisorio,Sin restricción
2021,6799,2021-08-14,Sabado,,,0.0,2,"Pickup/Utilitario,Moto/Ciclomotor",Gral. Paz Y Eva Perón,2,1,0,0,1,0,0,"-32.83308, -60.71678",Calle,,CAPITÁN BERMÚDEZ,San Lorenzo,S/D,S/D,XVII,Dentro,Urbana,Otra Señal,S/D,Intersección,S/D,S/D,S/D,S/D,Múltiple,S/D,Colisión,S/D,S/D,Cordón divisorio,Sin restricción
2021,6800,2021-04-07,Miercoles,20:30:00,,0.0,1,Bicicleta,Bv. Avellaneda 4200,1,1,0,0,0,0,0,"-32.97830402359,-60.688997035552",Avenida,,ROSARIO,Rosario,Asfalto,No existe,II,Dentro,Urbana,Otra Señal,Funciona,Intersección,Bueno,S/D,Nocturna,S/D,Múltiple,S/D,Colisión,S/D,Vertical,Cordón divisorio,Sin restricción
2021,6801,2021-08-17,Martes,,,0.0,2,"Camión,Pickup/Utilitario", ,3,2,0,0,1,0,0,"-31.417, -60.93389",Calle,,ESPERANZA,Las Colonias,S/D,S/D,XI,Dentro,Urbana,Otra Señal,No existe,Intersección,S/D,S/D,Diurna,S/D,Múltiple,S/D,Colisión,S/D,S/D,Cordón divisorio,Sin restricción