anio_acci,nro_acci,fecha,desc_dia,hora_aprox,desc_ruta,km,cant_participantes,desc_participante,calle_avenida_km,total,heridos_leves,heridos_graves,heridos_gravisimos,ilesos,fallecidos,sin_datos,posicion_XY,desc_tipo_via,desc_ruta_ori,desc_loc,desc_dpto,desc_tipo_calzada,desc_tipo_banquina,desc_unidad_regional,desc_lugar_calzada,desc_zona,desc_prioridad,desc_estado_semaforo,desc_lugar_via,desc_estado_via,desc_estado_visibilidad,desc_luminosidad,desc_estado_clima,desc_tipo_colision,desc_tipo_atropello,desc_tipo_hecho,desc_pres_calzada,desc_senializacion,desc_separacion_via,desc_restriccion
2021,6802,2021-04-07,Miercoles,17:30:00,,0.0,2,"Peatón,Otros",Chubut Y J.Colombres,2,1,0,0,0,0,1,"-32.94602988512,-60.729115080014",Calle,,ROSARIO,Rosario,Asfalto,No existe,II,Dentro,Urbana,Otra Señal,No existe,Intersección,Bueno,S/D,Diurna,S/D,Múltiple,Peatón,Colisión,S/D,Faltante,Cordón divisorio,Sin restricción
2021,6803,2021-04-08,Jueves,14:00:00,,0.0,1,Moto/Ciclomotor,Av. Uriburu Y Bv. Avellaneda,1,1,0,0,0,0,0,"-32.991861218333,-60.688875537277",Avenida,,ROSARIO,Rosario,Asfalto,No existe,II,Dentro,Urbana,Otra Señal,Funciona,Intersección,S/D,S/D,Diurna,S/D,Múltiple,S/D,Colisión,S/D,"Horizontal,Vertical",Cordón divisorio,Sin restricción
2021,6804,2021-08-17,Martes,14:10:00,,0.0,3,"Moto/Ciclomotor,Bicicleta,Bicicleta",Calle 45-47 Paraguay Y Calle 22- 25 de Mayo,3,3,0,0,0,0,0,"-29.15363, -59.64987",Calle,,RECONQUISTA,General Obligado,Asfalto,S/D,XI,Dentro,Urbana,Otra Señal,S/D,Intersección,S/D,S/D,Diurna,S/D,Múltiple,Ciclista,Colisión,S/D,S/D,Cordón divisorio,Sin restricción
2021,6805,2021-10-16,Sabado,18:30:00,Ruta Nacional 11,0.0,2,"Moto/Ciclomotor,Moto/Ciclomotor",Av. San Martin Y Santa Fe,3,3,0,0,0,0,0,"-32.790167130474,-60.724201943842",Ruta,11,FRAY LUIS BELTRÁN,San Lorenzo,Asfalto,No existe,XVII,Dentro,Urbana,Otra Señal,No existe,Intersección,Bueno,Buena,Diurna,Buen Tiempo,Múltiple,S/D,Colisión,Ninguna,Faltante,Cordón divisorio,Sin restricción
2021,6806,2021-04-09,Viernes,13:30:00,,0.0,1,Moto/Ciclomotor, ,1,1,0,0,0,0,0,"-33.02382007758386,-60.640608128941",S/D,,VILLA GOBERNADOR GÁLVEZ,Rosario,S/D,S/D,II,S/D,S/D,Otra Señal,S/D,Intersección,S/D,S/D,Diurna,S/D,Múltiple,S/D,Colisión,S/D,S/D,Cordón divisorio,Sin restricción
2021,6808,2021-04-10,Sabado,21:00:00,,0.0,1,Bicicleta, ,1,1,0,0,0,0,0,"-32.95817760227484,-60.666264034822",S/D,,ROSARIO,Rosario,S/D,S/D,II,S/D,S/D,Otra Señal,S/D,Intersección,S/D,S/D,Nocturna,S/D,Múltiple,S/D,Colisión,S/D,S/D,Cordón divisorio,Sin restricción
2021,6809,2021-10-15,Viernes,11:55:00,Ruta Nacional 11,0.0,2,"Automóvil,Moto/Ciclomotor",Av. San Martin Y Santa Fe,3,1,0,0,2,0,0,"-32.790167130474,-60.724201943842",Ruta,11,FRAY LUIS BELTRÁN,San Lorenzo,Asfalto,Pavimento,XVII,Dentro,Urbana,Otra Señal,No existe,Intersección,Bueno,Buena,Diurna,Buen Tiempo,Múltiple,S/D,Colisión,Ninguna,Faltante,Cordón divisorio,Sin restricción
2021,6810,2021-04-11,Domingo,16:00:00,,0.0,1,Moto/Ciclomotor, ,1,1,0,0,0,0,0,"-33.017005920410156,-60.77035903930",Camino Rural,,PEREZ,Rosario,S/D,S/D,II,Dentro,Rural,Otra Señal,S/D,Intersección,S/D,S/D,Diurna,S/D,Múltiple,S/D,Colisión,S/D,S/D,Cordón divisorio,Sin restricción
2021,6811,2021-08-17,Martes,,Ruta Nacional 9,0.0,2,"Automóvil,Pickup/Utilitario", ,2,2,0,0,0,0,0,"-32.82094, -61.33591",Ruta,9,CAÑADA DE GÓMEZ,Iriondo,Asfalto,S/D,X,S/D,Rural,Otra Señal,S/D,Intersección,S/D,S/D,Diurna,S/D,Múltiple,S/D,Colisión,S/D,S/D,Cordón divisorio,Sin restricción
2021,6812,2021-10-07,Jueves,11:00:00,,0.0,2,"Moto/Ciclomotor,Pickup/Utilitario",Avda. Roque Sáenz PEÑA Y Gaboto,2,1,0,0,1,0,0,"-32.785717277185,-60.729652553349",Avenida,,FRAY LUIS BELTRÁN,San Lorenzo,Asfalto,No existe,XVII,Dentro,Urbana,Otra Señal,No existe,Intersección,Con baches,Buena,Diurna,S/D,Múltiple,S/D,Colisión,Agua,Faltante,Cordón divisorio,Sin restricción
2021,6813,2021-04-08,Jueves,00:05:00,,0.0,1,Moto/Ciclomotor,Pascual Rosas 2280,1,1,0,0,0,0,0,"-32.955368960806,-60.690345088471",Calle,,ROSARIO,Rosario,Asfalto,No existe,II,Dentro,Urbana,Otra Señal,No existe,Intersección,Deteriorada,S/D,Nocturna,S/D,Múltiple,S/D,Colisión,S/D,Faltante,Cordón divisorio,Sin restricción
2021,6814,2021-10-04,Lunes,21:20:00,,0.0,2,"Moto/Ciclomotor,Automóvil",Guayaquil Y Mitre,3,2,0,0,1,0,0,"-32.787642071331,-60.728152463487",Calle,,FRAY LUIS BELTRÁN,San Lorenzo,Asfalto,No existe,XVII,Dentro,Urbana,Otra Señal,No existe,Intersección,Bueno,Buena,Nocturna,Otro,Múltiple,S/D,Colisión,Ninguna,Faltante,Cordón divisorio,Sin restricción
2021,6815,2021-04-08,Jueves,00:05:00,,0.0,1,Moto/Ciclomotor,Alsina Y Montevideo,1,1,0,0,0,0,0,"-32.949289395452,-60.678848469718",Calle,,ROSARIO,Rosario,Asfalto,No existe,II,Dentro,Urbana,Otra Señal,No existe,Intersección,Bueno,S/D,Nocturna,S/D,Múltiple,S/D,Colisión,S/D,Vertical,Cordón divisorio,Sin restricción
2021,6816,2021-04-08,Jueves,,,0.0,1,Automóvil,Córdoba Y Entre Ríos,1,1,0,0,0,0,0,"-32.945910651582,-60.64095871903",Calle,,ROSARIO,Rosario,Asfalto,No existe,II,Dentro,Urbana,Otra Señal,No existe,Intersección,Bueno,S/D,S/D,S/D,Múltiple,S/D,Colisión,S/D,Horizontal,Cordón divisorio,Sin restricción
2021,6817,2021-10-14,Jueves,01:20:00,,0.0,1,Taxi/Remis,Belgrano Y Pte. Juan D Perón,1,1,0,0,0,0,0,"-32.698027427681,-60.730617779379",Calle,,PUERTO SAN MARTÍN,San Lorenzo,Asfalto,No existe,XVII,Dentro,Urbana,Otra Señal,No existe,Intersección,Ahuellamiento,Reducida,Nocturna,Niebla,Múltiple,S/D,Colisión,Material Suelto,Faltante,Cordón divisorio,Sin restricción
2021,6818,2021-04-09,Viernes,15:00:00,,0.0,1,Moto/Ciclomotor,Av. Pellegrini Y Dorrego,1,1,0,0,0,0,0,"-32.95523196603,-60.651946948724",Avenida,,ROSARIO,Rosario,Asfalto,No existe,II,Dentro,Urbana,Otra Señal,Funciona,Intersección,Bueno,S/D,S/D,Otro,Múltiple,S/D,Colisión,S/D,"Horizontal,Vertical",Cordón divisorio,Sin restricción
2021,6819,2021-04-10,Sabado,23:45:00,,0.0,1,Moto/Ciclomotor,Pasco Y Servando Bayo,1,1,0,0,0,0,0,"-32.951250684307,-60.687881365932",Calle,,ROSARIO,Rosario,Asfalto,No existe,II,Dentro,Urbana,Otra Señal,No existe,Intersección,Deteriorada,S/D,Nocturna,S/D,Múltiple,S/D,Colisión,S/D,Faltante,Cordón divisorio,Sin restricción
2021,6820,2021-08-18,Miercoles,10:10:00,,0.0,2,"Automóvil,Automóvil",Quintana Y Junín,4,2,0,0,2,0,0,"-33.73851, -61.98012",Calle,,VENADO TUERTO,General LÓPEZ,Asfalto,S/D,VIII,Dentro,Urbana,Otra Señal,S/D,Intersección,S/D,S/D,Diurna,S/D,Múltiple,S/D,Colisión,S/D,S/D,Cordón divisorio,Sin restricción
2021,6821,2021-04-11,Domingo,17:20:00,,0.0,1,Moto/Ciclomotor,Av. Pte. Perón Y Vera Mujica,1,1,0,0,0,0,0,"-32.956130792321,-60.670622561053",Avenida,,ROSARIO,Rosario,Asfalto,No existe,II,Dentro,Urbana,Otra Señal,Funciona,Intersección,Bueno,S/D,Diurna,S/D,Múltiple,S/D,Colisión,S/D,"Horizontal,Vertical",Cordón divisorio,Sin restricción
2021,6822,2021-04-12,Lunes,14:30:00,,0.0,1,Moto/Ciclomotor,Av. Corrientes Y Uruguay,1,1,0,0,0,0,0,"-32.97602592673,-60.649989538804",Calle,,ROSARIO,Rosario,Asfalto,No existe,II,Dentro,Urbana,Otra Señal,No existe,Intersección,S/D,S/D,Diurna,S/D,Múltiple,S/D,Colisión,Ninguna,Vertical,Cordón divisorio,Sin restricción
2021,6824,2021-04-12,Lunes,16:00:00,,0.0,1,Moto/Ciclomotor,ESPINILLO Y JUAN XXIII,1,1,0,0,0,0,0,"-32.973031650781,-60.699032100645",Calle,,ROSARIO,Rosario,Asfalto,No existe,II,Dentro,Urbana,Otra Señal,No existe,Intersección,S/D,S/D,Diurna,S/D,Múltiple,S/D,Colisión,S/D,Faltante,Cordón divisorio,Sin restricción
2021,6825,2021-10-20,Miercoles,11:45:00,Ruta Nacional 11,0.0,2,"Moto/Ciclomotor,Pickup/Utilitario",América Y Ruta Nac 11,2,1,0,0,1,0,0,"-32.701772, -60.765777",Ruta,11,PUERTO SAN MARTÍN,San Lorenzo,Asfalto,Natural,XVII,Dentro,Rural,Otra Señal,No existe,Intersección,Ahuellamiento,Buena,Diurna,Buen Tiempo,Múltiple,S/D,Colisión,Ninguna,Horizontal,Cordón divisorio,Sin restricción
2021,6826,2021-10-06,Miercoles,07:45:00,Ruta Nacional 11,0.0,1,Moto/Ciclomotor,Córdoba Y Ruta Nac 11,1,1,0,0,0,0,0,"-32.71311163902279,-60.757055282592",Ruta,11,PUERTO SAN MARTÍN,San Lorenzo,Asfalto,No existe,XVII,Dentro,Urbana,Otra Señal,No existe,Intersección,Bueno,Buena,Diurna,Buen Tiempo,Múltiple,S/D,Colisión,Ninguna,Horizontal,Cordón divisorio,Sin restricción
2021,6827,2021-10-10,Domingo,04:05:00,,0.0,1,Moto/Ciclomotor,Jujuy Y Reconquista,2,2,0,0,0,0,0,"-32.71260738372799,-60.737560987472",Calle,,PUERTO SAN MARTÍN,San Lorenzo,Asfalto,No existe,XVII,Dentro,Urbana,Otra Señal,No existe,Intersección,Bueno,Buena,Nocturna,Buen Tiempo,Múltiple,S/D,Colisión,Ninguna,Faltante,Cordón divisorio,Sin restricción
2021,6828,2021-10-05,Martes,17:40:00,Ruta Nacional 11,0.0,2,"Moto/Ciclomotor,Automóvil",Ruta Nac 11 Y Ruta 18 S,2,1,0,0,1,0,0,"-32.711777, -60.758136",Ruta,11,PUERTO SAN MARTÍN,San Lorenzo,Asfalto,Pavimento,XVII,Dentro,Rural,Otra Señal,No existe,Intersección,Bueno,Buena,Diurna,Buen Tiempo,Múltiple,S/D,Colisión,Ninguna,Horizontal,Cordón divisorio,Sin restricción
2021,6829,2021-04-12,Lunes,17:00:00,,0.0,1,Moto/Ciclomotor,Bv. Seguí Y Mitre,1,1,0,0,0,0,0,"-32.978716541034,-60.64771983852",Avenida,,ROSARIO,Rosario,Asfalto,No existe,II,Dentro,Urbana,Otra Señal,No existe,Intersección,Bueno,S/D,Diurna,S/D,Múltiple,S/D,Colisión,S/D,"Horizontal,Vertical",Cordón divisorio,Sin restricción
2021,6830,2021-10-06,Miercoles,08:20:00,,0.0,2,"Automóvil,Moto/Ciclomotor",A Williams Y 3 de Febrero,2,1,0,0,1,0,0,"-32.74379074573518,-60.744749307632",Calle,,SAN LORENZO,San Lorenzo,"Asfalto,Ripio",No existe,XVII,Dentro,Urbana,Otra Señal,No existe,Intersección,Bueno,Buena,Diurna,Buen Tiempo,Múltiple,S/D,Colisión,Ninguna,Faltante,Cordón divisorio,Sin restricción
2021,6831,2021-04-13,Martes,15:00:00,,0.0,1,Automóvil,Balcarce Y Tucumán,1,1,0,0,0,0,0,"-32.939318803554,-60.650775512073",Calle,,ROSARIO,Rosario,Asfalto,No existe,II,Dentro,Urbana,Otra Señal,No existe,Intersección,Bueno,Buena,Diurna,S/D,Múltiple,S/D,Colisión,S/D,Horizontal,Cordón divisorio,Sin restricción
2021,6832,2021-08-14,Sabado,14:00:00,,0.0,2,"Moto/Ciclomotor,Automóvil",Roque e Coulin Y Belgrano,4,3,0,0,1,0,0,"-32.03247, -61.21869",Calle,,GÁLVEZ,San JERÓNIMO,S/D,S/D,XV,Dentro,Urbana,Otra Señal,S/D,Intersección,S/D,S/D,S/D,S/D,Múltiple,S/D,Colisión,S/D,S/D,Cordón divisorio,Sin restricción
2021,6833,2021-08-18,Miercoles,12:40:00,,0.0,2,"Automóvil,Automóvil",Gral. Manuel Belgrano Y Martin de Pueyrredón,3,3,0,0,0,0,0,"-33.74316, -61.96905",Calle,,VENADO TUERTO,General LÓPEZ,S/D,S/D,VIII,Dentro,Urbana,Otra Señal,S/D,Intersección,S/D,S/D,Diurna,S/D,Múltiple,S/D,Colisión,S/D,S/D,Cordón divisorio,Sin restricción
2021,6834,2021-08-15,Domingo,,,0.0,3,"Moto/Ciclomotor,Otros,Otros",Dr. Zavalla Y Uruguay,4,2,0,0,0,0,2,"-31.65918, -60.72408",Calle,,SANTA FE,La Capital,S/D,S/D,I,Dentro,Urbana,Otra Señal,S/D,Intersección,S/D,S/D,S/D,S/D,Múltiple,S/D,Colisión,S/D,S/D,Cordón divisorio,Sin restricción
2021,6835,2021-08-18,Miercoles,,Ruta Nacional 34,213.0,3,"Automóvil,Camión,Automóvil", ,3,1,0,0,2,0,0,"-31.35449, -61.52836",Ruta,34,SUSANA,Castellanos,Asfalto,S/D,III,Dentro,Rural,Otra Señal,No existe,Intersección,S/D,S/D,Diurna,S/D,Múltiple,S/D,Colisión,S/D,S/D,Cordón divisorio,Sin restricción
2021,6836,2021-08-18,Miercoles,20:20:00,,0.0,2,"Moto/Ciclomotor,Bicicleta",2 de Abril Y Bartolomé Mitre,2,2,0,0,0,0,0,"-28.48546, -59.36089",Calle,,VILLA OCAMPO,General Obligado,S/D,S/D,XI,Dentro,Urbana,Otra Señal,S/D,Intersección,S/D,S/D,Nocturna,S/D,Múltiple,Ciclista,Colisión,S/D,S/D,Cordón divisorio,Sin restricción
2021,6837,2021-04-13,Martes,00:05:00,,0.0,2,"Moto/Ciclomotor,Moto/Ciclomotor",Roullon 4200,2,1,0,0,0,0,1,"-32.978602107302,-60.700761616132",Avenida,,ROSARIO,Rosario,Asfalto,No existe,II,Dentro,Urbana,Otra Señal,No existe,Intersección,Bueno,S/D,Nocturna,S/D,Múltiple,S/D,Colisión,S/D,Faltante,Cordón divisorio,Sin restricción
2021,6838,2021-04-13,Martes,22:30:00,,0.0,1,Automóvil,P.L.Funes Y Uruguay,1,1,0,0,0,0,0,"-32.968304112873,-60.70009231159",Calle,,ROSARIO,Rosario,Asfalto,No existe,II,Dentro,Urbana,Otra Señal,No existe,Intersección,Deteriorada,S/D,Nocturna,S/D,Múltiple,S/D,Colisión,S/D,Faltante,Cordón divisorio,Sin restricción
2021,6839,2021-10-09,Sabado,18:00:00,,0.0,2,"Moto/Ciclomotor,Moto/Ciclomotor",Buenos Aires 900,2,1,0,0,1,0,0,"-32.712085237701,-60.735163938804",Calle,,PUERTO SAN MARTÍN,San Lorenzo,Asfalto,No existe,XVII,Dentro,Urbana,Otra Señal,No existe,Intersección,Bueno,Buena,Diurna,Buen Tiempo,Múltiple,S/D,Colisión,Ninguna,Horizontal,Cordón divisorio,Sin restricción
2021,6840,2021-08-18,Miercoles,10:00:00,,0.0,2,"Automóvil,Automóvil",Nicolas Avellaneda Y Gral. José de San Martin,2,2,0,0,0,0,0,"-33.73843, -61.97125",Calle,,VENADO TUERTO,General LÓPEZ,Asfalto,S/D,VIII,Dentro,Urbana,Otra Señal,S/D,Intersección,S/D,S/D,Diurna,S/D,Múltiple,S/D,Colisión,S/D,S/D,Cordón divisorio,Sin restricción
2021,6841,2021-04-13,Martes,07:00:00,,0.0,1,Moto/Ciclomotor,Bv. Seguí Y San Martin,1,1,0,0,0,0,0,"-32.979335399202,-60.644258707721",Avenida,,ROSARIO,Rosario,Asfalto,No existe,II,Dentro,Urbana,Otra Señal,Funciona,Intersección,Bueno,S/D,Diurna,S/D,Múltiple,S/D,Colisión,S/D,"Horizontal,Vertical",Cordón divisorio,Sin restricción
2021,6842,2021-04-14,Miercoles,08:00:00,,0.0,2,"Moto/Ciclomotor,Moto/Ciclomotor",Biedma Y Castellanos,2,2,0,0,0,0,0,"-32.974758206303,-60.683857744913",Calle,,ROSARIO,Rosario,Asfalto,No existe,II,Dentro,Urbana,Otra Señal,No existe,Intersección,Deteriorada,S/D,Diurna,S/D,Múltiple,S/D,Colisión,S/D,Faltante,Cordón divisorio,Sin restricción
2021,6843,2021-08-04,Miercoles,,Ruta Provincial 1,0.0,1,Otros, ,1,1,0,0,0,0,0,"-30.58878, -59.94276",Ruta,1,SAN JAVIER,San Javier,S/D,S/D,XIV,Fuera,Urbana,Otra Señal,S/D,Intersección,S/D,S/D,S/D,S/D,Múltiple,S/D,Colisión,S/D,S/D,Cordón divisorio,Sin restricción
2021,6844,2021-10-05,Martes,16:30:00,,0.0,2,"Moto/Ciclomotor,Moto/Ciclomotor",Jujuy Y Rioja,4,2,0,0,2,0,0,"-32.71205222434,-60.740773804758",Calle,,PUERTO SAN MARTÍN,San Lorenzo,Asfalto,No existe,XVII,Dentro,Urbana,Otra Señal,No existe,Intersección,Bueno,Buena,Diurna,Buen Tiempo,Múltiple,S/D,Colisión,Ninguna,Faltante,Cordón divisorio,Sin restricción
2021,6845,2021-08-18,Miercoles,,,0.0,2,"Moto/Ciclomotor,Automóvil",Bv H Irigoyen Y Las Heras,2,1,0,0,1,0,0,"-31.25542, -61.49229",Calle,,RAFAELA,Castellanos,Asfalto,S/D,III,Dentro,Urbana,Otra Señal,S/D,Intersección,S/D,S/D,S/D,S/D,Múltiple,S/D,Colisión,S/D,S/D,Cordón divisorio,Sin restricción
2021,6846,2021-08-13,Viernes,19:20:00,,0.0,1,Camión, ,1,1,0,0,0,0,0,"-32.95846, -60.69045",S/D,,ROSARIO,Rosario,S/D,S/D,II,S/D,S/D,Otra Señal,S/D,Intersección,S/D,S/D,S/D,S/D,Múltiple,S/D,Colisión,S/D,S/D,Cordón divisorio,Sin restricción
2021,6848,2021-08-07,Sabado,22:00:00,Ruta Provincial 1,0.0,3,"Pickup/Utilitario,Pickup/Utilitario,Automóvil", ,3,0,0,0,0,0,3,"-31.60402, -60.57586",Ruta,1,SAN JOSÉ DEL RINCÓN,La Capital,S/D,S/D,I,Fuera,Urbana,Otra Señal,S/D,Intersección,S/D,S/D,S/D,S/D,Múltiple,S/D,Colisión,S/D,S/D,Cordón divisorio,Sin restricción
2021,6849,2021-08-18,Miercoles,,,0.0,2,"Automóvil,Moto/Ciclomotor",Av. Francia Y Pte. Quintana,3,2,0,0,1,0,0,"-32.97761, -60.67472",Calle,,ROSARIO,Rosario,Asfalto,S/D,II,Dentro,Urbana,Otra Señal,S/D,Intersección,S/D,S/D,Diurna,S/D,Múltiple,S/D,Colisión,S/D,S/D,Cordón divisorio,Sin restricción
2021,6851,2021-04-14,Miercoles,21:00:00,,0.0,1,Moto/Ciclomotor,Córdoba Y Dorrego,1,1,0,0,0,0,0,"-32.944432256791,-60.649225083872",Calle,,ROSARIO,Rosario,Asfalto,No existe,II,Dentro,Urbana,Otra Señal,No existe,Intersección,Bueno,S/D,S/D,S/D,Múltiple,S/D,Colisión,S/D,Horizontal,Cordón divisorio,Sin restricción
2021,6852,2021-04-15,Jueves,13:30:00,,0.0,2,"Automóvil,Moto/Ciclomotor",Bv. Seguí Y Dorrego,2,1,0,0,0,0,1,"-32.944432256791,-60.649225083872",Avenida,,ROSARIO,Rosario,Asfalto,No existe,II,Dentro,Urbana,Otra Señal,No existe,Intersección,Bueno,S/D,Diurna,S/D,Múltiple,S/D,Colisión,S/D,Faltante,Cordón divisorio,Sin restricción
2021,6853,2021-04-15,Jueves,18:00:00,,0.0,1,Moto/Ciclomotor,Bv. Avellaneda ,1,1,0,0,0,0,0,"-33.018282352918,-60.689209046793",S/D,,ROSARIO,Rosario,Asfalto,S/D,II,Dentro,Urbana,Otra Señal,S/D,Intersección,S/D,S/D,Diurna,S/D,Múltiple,S/D,Colisión,S/D,S/D,Cordón divisorio,Sin restricción
2021,6854,2021-04-16,Viernes,11:00:00,,0.0,1,Bicicleta,Entre Ríos Y E.Zeballos,1,1,0,0,0,0,0,"-32.954490778799,-60.643114468912",Calle,,ROSARIO,Rosario,Asfalto,No existe,II,Dentro,Urbana,Otra Señal,Funciona,Intersección,Bueno,S/D,Diurna,S/D,Múltiple,S/D,Colisión,S/D,"Horizontal,Vertical",Cordón divisorio,Sin restricción
2021,6855,2021-10-04,Lunes,20:00:00,Autopista Nacional Rosario -Cordoba,312.0,1,Moto/Ciclomotor, ,1,1,0,0,0,0,0,"-32.930098, -60.875226",Autopista,Rosario -Cordoba,ROLDÁN,San Lorenzo,Asfalto,No existe,XVII,Dentro,Rural,Otra Señal,No existe,Intersección,Bueno,Buena,Nocturna,Buen Tiempo,Múltiple,S/D,Colisión,Ninguna,Horizontal,Cordón divisorio,Sin restricción
2021,6856,2021-09-17,Viernes,09:00:00,,0.0,1,Moto/Ciclomotor,Alsina Y Bv. Seguí,1,1,0,0,0,0,0,"-32.972126007446,-60.684631059315",Avenida,,ROSARIO,Rosario,Asfalto,No existe,II,Dentro,Urbana,Otra Señal,No existe,Intersección,S/D,S/D,Diurna,S/D,Múltiple,S/D,Colisión,S/D,Horizontal,Cordón divisorio,Sin restricción
2021,6857,2021-04-17,Sabado,10:00:00,,0.0,1,Moto/Ciclomotor,24 De Setiembre Y Bv. Avellaneda,1,1,0,0,0,0,0,"-32.97287194382,-60.687749521146",Avenida,,ROSARIO,Rosario,Asfalto,No existe,II,Dentro,Urbana,Otra Señal,No existe,Intersección,Deteriorada,S/D,Diurna,S/D,Múltiple,S/D,Colisión,S/D,Faltante,Cordón divisorio,Sin restricción
2021,6858,2021-04-17,Sabado,11:00:00,,0.0,1,Moto/Ciclomotor,Av. Francia Y Av. Uriburu,1,1,0,0,0,0,0,"-32.991556482079,-60.678033265058",Avenida,,ROSARIO,Rosario,Asfalto,No existe,II,Dentro,Urbana,Otra Señal,Funciona,Intersección,Bueno,S/D,Diurna,S/D,Múltiple,S/D,Colisión,S/D,"Horizontal,Vertical",Cordón divisorio,Sin restricción
2021,6859,2021-04-18,Domingo,03:00:00,,0.0,1,Moto/Ciclomotor, ,1,1,0,0,0,0,0,"-32.95817760227484,-60.666264034822",S/D,,ROSARIO,Rosario,S/D,S/D,II,S/D,S/D,Otra Señal,S/D,Intersección,S/D,S/D,Nocturna,S/D,Múltiple,S/D,Colisión,S/D,S/D,Cordón divisorio,Sin restricción
2021,6860,2021-10-06,Miercoles,15:40:00,,0.0,2,"Pickup/Utilitario,Automóvil",Almte. Brown Y Bv Pellegrini,2,1,0,0,1,0,0,"-32.89871102779,-60.908429502514",Avenida,,ROLDÁN,San Lorenzo,Asfalto,No existe,XVII,Dentro,Urbana,Otra Señal,No existe,Intersección,Bueno,Buena,Diurna,Otro,Múltiple,S/D,Colisión,Ninguna,Faltante,Cordón divisorio,Sin restricción
2021,6862,2021-08-20,Viernes,19:00:00,,0.0,2,"Moto/Ciclomotor,Automóvil",25 de Mayo Y Saavedra,2,1,0,0,1,0,0,"-31.72783, -61.09745",Calle,,SAN CARLOS CENTRO,Las Colonias,Asfalto,S/D,XI,Dentro,Urbana,Otra Señal,No existe,Intersección,Bueno,S/D,Diurna,S/D,Múltiple,S/D,Colisión,S/D,S/D,Cordón divisorio,Sin restricción
2021,6864,2021-04-18,Domingo,10:30:00,,0.0,1,Bicicleta,Biedma Y Cafferata,1,1,0,0,0,0,0,"-32.975489273797,-60.679777342126",Calle,,ROSARIO,Rosario,Asfalto,No existe,II,Dentro,Urbana,Otra Señal,No existe,Intersección,Deteriorada,S/D,Diurna,S/D,Múltiple,S/D,Colisión,Ninguna,Vertical,Cordón divisorio,Sin restricción
2021,6865,2021-10-09,Sabado,13:15:00,Ruta Nacional A012,0.0,2,"Moto/Ciclomotor,Pickup/Utilitario",Ruta Nacional 9 ,3,1,0,0,2,0,0,"-32.908045, -60.894920",Ruta,A012,ROLDÁN,San Lorenzo,Asfalto,No existe,XVII,Dentro,Rural,Otra Señal,Funciona,Intersección,Bueno,Buena,Diurna,Buen Tiempo,Múltiple,S/D,Colisión,Ninguna,"Horizontal,Vertical",Cordón divisorio,Sin restricción
2021,6866,2021-04-19,Lunes,08:30:00,Autopista Nacional A008,0.0,1,Bicicleta,Av. Circunvalación Y Av. Pellegrini,1,1,0,0,0,0,0,"-32.94882416725155,-60.721896886825",Autopista,A008,ROSARIO,Rosario,Asfalto,Pavimento,II,Dentro,Urbana,Otra Señal,No existe,Intersección,Bueno,S/D,Diurna,S/D,Múltiple,S/D,Colisión,S/D,Horizontal,Cordón divisorio,Sin restricción
2021,6867,2021-04-20,Martes,15:30:00,,0.0,1,Automóvil,Mendoza Y Pascual Rosas,1,1,0,0,0,0,0,"-32.942985710171,-60.68721265151",Calle,,ROSARIO,Rosario,Asfalto,No existe,II,Dentro,Urbana,Otra Señal,Funciona,Intersección,Bueno,S/D,Diurna,S/D,Múltiple,S/D,Colisión,S/D,"Horizontal,Vertical",Cordón divisorio,Sin restricción
2021,6868,2021-10-11,Lunes,14:50:00,Autopista Nacional Rosario -Cordoba,313.0,1,Automóvil, ,1,1,0,0,0,0,0,"-32.920708, -60.922540",Autopista,Rosario -Cordoba,ROLDÁN,San Lorenzo,Asfalto,Ripio,XVII,Fuera,Rural,Otra Señal,No existe,Intersección,Bueno,Buena,Diurna,Buen Tiempo,Múltiple,S/D,Colisión,Ninguna,Horizontal,Cordón divisorio,Sin restricción
2021,6869,2021-10-14,Jueves,11:30:00,,0.0,2,"Peatón,Automóvil",Fray Luis Beltrán Y San Juan,2,1,0,0,1,0,0,"-32.895751789969,-60.910542124367",Calle,,ROLDÁN,San Lorenzo,Asfalto,No existe,XVII,Dentro,Urbana,Otra Señal,No existe,Intersección,Bueno,Buena,Diurna,Buen Tiempo,Múltiple,Peatón,Colisión,Ninguna,Faltante,Cordón divisorio,Sin restricción
2021,6870,2021-10-16,Sabado,07:10:00,,0.0,2,"Peatón,Automóvil",Larrea ,2,1,0,0,1,0,0,"-32.906015093762,-60.916664877117",Calle,,ROLDÁN,San Lorenzo,Asfalto,No existe,XVII,Dentro,Urbana,Otra Señal,S/D,Intersección,Bueno,S/D,Diurna,S/D,Múltiple,S/D,Colisión,Ninguna,S/D,Cordón divisorio,Sin restricción
2021,6871,2021-04-20,Martes,19:00:00,,0.0,2,"Automóvil,Moto/Ciclomotor",Alvear Y Urquiza,2,1,0,0,0,0,1,"-32.940008912217,-60.653768198128",Calle,,ROSARIO,Rosario,Asfalto,No existe,II,Dentro,Urbana,Otra Señal,No existe,Intersección,Bueno,S/D,Nocturna,S/D,Múltiple,S/D,Colisión,S/D,Horizontal,Cordón divisorio,Sin restricción
2021,6872,2021-04-20,Martes,20:00:00,,0.0,1,Moto/Ciclomotor,Mendoza Y Suipacha,1,1,0,0,0,0,0,"-32.946896200727,-60.665459460613",Calle,,ROSARIO,Rosario,Asfalto,No existe,II,Dentro,Urbana,Otra Señal,Funciona,Intersección,Bueno,S/D,Nocturna,S/D,Múltiple,S/D,Colisión,S/D,"Horizontal,Vertical",Cordón divisorio,Sin restricción