anio_acci,nro_acci,fecha,desc_dia,hora_aprox,desc_ruta,km,cant_participantes,desc_participante,calle_avenida_km,total,heridos_leves,heridos_graves,heridos_gravisimos,ilesos,fallecidos,sin_datos,posicion_XY,desc_tipo_via,desc_ruta_ori,desc_loc,desc_dpto,desc_tipo_calzada,desc_tipo_banquina,desc_unidad_regional,desc_lugar_calzada,desc_zona,desc_prioridad,desc_estado_semaforo,desc_lugar_via,desc_estado_via,desc_estado_visibilidad,desc_luminosidad,desc_estado_clima,desc_tipo_colision,desc_tipo_atropello,desc_tipo_hecho,desc_pres_calzada,desc_senializacion,desc_separacion_via,desc_restriccion
2021,6953,2021-10-13,Miercoles,17:05:00,,0.0,2,"Bicicleta,Otros",Av. Peñaloza Y Gorriti,2,1,0,0,0,0,1,"-31.586340218022,-60.71162906314",Avenida,,SANTA FE,Constitución,Asfalto,No existe,I,Dentro,Urbana,Otra Señal,Funciona,Intersección,Bueno,Buena,Diurna,Buen Tiempo,Múltiple,Ciclista,Colisión,Ninguna,"Horizontal,Vertical",Cordón divisorio,Sin restricción
2021,6955,2021-04-29,Jueves,15:45:00,,0.0,1,Moto/Ciclomotor,Av. Uriburu Y Buenos Aires,1,1,0,0,0,0,0,"-32.990492758258,-60.643541925384",Avenida,,ROSARIO,Constitución,Asfalto,No existe,II,Dentro,Urbana,Otra Señal,Funciona,Intersección,Bueno,S/D,Diurna,Buen Tiempo,Múltiple,S/D,Colisión,S/D,"Horizontal,Vertical",Cordón divisorio,Sin restricción
2021,6957,2021-04-29,Jueves,21:00:00,,0.0,1,Moto/Ciclomotor,Av. Francia Y La Paz,1,1,0,0,0,0,0,"-32.959282616239,-60.669885181394",Avenida,,ROSARIO,Constitución,Asfalto,No existe,II,Dentro,Urbana,Otra Señal,Funciona,Intersección,Bueno,S/D,Nocturna,S/D,Múltiple,S/D,Colisión,S/D,"Horizontal,Vertical",Cordón divisorio,Sin restricción
2021,6958,2021-08-25,Miercoles,,,0.0,1,Moto/Ciclomotor,Mendoza Y Gral. Obligado,2,2,0,0,0,0,0,"-28.24014, -59.45709",Calle,,VILLA GUILLERMINA,Constitución,Asfalto,S/D,IX,Dentro,Urbana,Otra Señal,S/D,Intersección,S/D,S/D,S/D,S/D,Múltiple,S/D,Colisión,S/D,S/D,Cordón divisorio,Sin restricción
2021,6959,2021-04-30,Viernes,08:35:00,,0.0,1,Moto/Ciclomotor,Bv. Avellaneda 4400,1,1,0,0,0,0,0,"-32.98111769681,-60.688656738245",Avenida,,ROSARIO,Constitución,Asfalto,No existe,II,Dentro,Urbana,Otra Señal,No existe,Intersección,Deteriorada,S/D,Diurna,S/D,Múltiple,S/D,Colisión,S/D,Faltante,Cordón divisorio,Sin restricción
2021,6960,2021-10-01,Viernes,17:00:00,,0.0,2,"Moto/Ciclomotor,Automóvil",Alvear Y Padre Genesio,2,1,0,0,1,0,0,"-31.601464019698,-60.686107289532",Calle,,SANTA FE,Constitución,Asfalto,No existe,I,Dentro,Urbana,Otra Señal,No existe,Intersección,Bueno,Buena,Diurna,Buen Tiempo,Múltiple,S/D,Colisión,Ninguna,S/D,Cordón divisorio,Sin restricción
2021,6961,2021-10-18,Lunes,,,0.0,2,"Moto/Ciclomotor,Peatón",Av. Peñaloza Y Javier de la Rosa,3,1,0,0,2,0,0,"-31.594810715455,-60.712051689202",Avenida,,SANTA FE,Constitución,Asfalto,No existe,I,Dentro,Urbana,Otra Señal,No existe,Intersección,Bueno,Buena,Diurna,Buen Tiempo,Múltiple,Peatón,Colisión,Ninguna,Faltante,Cordón divisorio,Sin restricción
2021,6962,2021-04-30,Viernes,13:30:00,Autopista Nacional A008,0.0,1,Moto/Ciclomotor,Bv. Rondeau Y Pintor Musto,1,1,0,0,0,0,0,"-32.87340044975282,-60.698749423027",Autopista,A008,ROSARIO,Constitución,Asfalto,No existe,II,Dentro,Urbana,Otra Señal,Funciona,Intersección,Bueno,S/D,Diurna,S/D,Múltiple,S/D,Colisión,S/D,Vertical,Cordón divisorio,Sin restricción
2021,6963,2021-04-30,Viernes,17:45:00,,0.0,1,Moto/Ciclomotor,Bv. Seguí Y Pje. Espinillo,2,2,0,0,0,0,0,"-32.970579810198,-60.699124138733",Calle,,ROSARIO,Constitución,Asfalto,No existe,II,Dentro,Urbana,Otra Señal,No existe,Intersección,Bueno,S/D,Diurna,S/D,Múltiple,S/D,Colisión,S/D,Faltante,Cordón divisorio,Sin restricción
2021,6964,2021-11-02,Martes,,,0.0,2,"Automóvil,Moto/Ciclomotor",Azopardo Y Reg. 12 de Infantería,2,1,0,0,1,0,0,"-31.592256650793,-60.719623481013",Calle,,SANTA FE,Constitución,Asfalto,No existe,I,Dentro,Urbana,Otra Señal,No existe,Intersección,Bueno,Buena,Diurna,Buen Tiempo,Múltiple,S/D,Colisión,Ninguna,Faltante,Cordón divisorio,Sin restricción
2021,6966,2021-10-16,Sabado,23:15:00,Ruta Nacional 11,478.0,2,"Automóvil,Moto/Ciclomotor",Juan de Garay ,4,2,0,0,2,0,0,"-31.486764, -60.731582",Ruta,11,RECREO,Constitución,Asfalto,Ripio,I,Dentro,Urbana,Otra Señal,No existe,Intersección,Bueno,Buena,Diurna,Buen Tiempo,Múltiple,S/D,Colisión,Ninguna,Faltante,Cordón divisorio,Sin restricción
2021,6967,2021-08-01,Domingo,21:20:00,Ruta Nacional 11,0.0,1,Moto/Ciclomotor, ,1,1,0,0,0,0,0,"-29.19348, -59.6926",Ruta,11,RECONQUISTA,Constitución,S/D,S/D,IX,Fuera,S/D,Otra Señal,S/D,Intersección,S/D,S/D,S/D,S/D,Múltiple,S/D,Colisión,S/D,S/D,Cordón divisorio,Sin restricción
2021,6968,2021-08-01,Domingo,,Ruta Nacional 11,0.0,1,Pickup/Utilitario, ,1,1,0,0,0,0,0,"-30.77677, -60.58888",Ruta,11,SAN JUSTO,Constitución,S/D,S/D,XVI,S/D,S/D,Otra Señal,S/D,Intersección,S/D,S/D,S/D,S/D,Múltiple,S/D,Colisión,S/D,S/D,Cordón divisorio,Sin restricción
2021,6969,2021-08-02,Lunes,09:00:00,,0.0,2,"Automóvil,Moto/Ciclomotor",Moreno Y Ocampo,2,1,0,0,1,0,0,"-32.81887, -61.39648",Calle,,CAÑADA DE GÓMEZ,Constitución,S/D,S/D,X,Dentro,Urbana,Otra Señal,S/D,Intersección,S/D,S/D,S/D,S/D,Múltiple,S/D,Colisión,S/D,S/D,Cordón divisorio,Sin restricción
2021,6970,2021-08-02,Lunes,07:00:00,,0.0,2,"Peatón,Moto/Ciclomotor",Marconi ,2,1,0,0,0,0,1,"-32.81954, -61.38167",Calle,,CAÑADA DE GÓMEZ,Constitución,S/D,S/D,X,Dentro,S/D,Otra Señal,S/D,Intersección,S/D,S/D,S/D,S/D,Múltiple,S/D,Colisión,S/D,S/D,Cordón divisorio,Sin restricción
2021,6971,2021-08-02,Lunes,09:15:00,,0.0,2,"Automóvil,Automóvil",Bernardino Rivadavia Y Cornelio Saavedra,2,2,0,0,0,0,0,"-33.75071, -61.95871",Calle,,VENADO TUERTO,Constitución,S/D,S/D,VIII,Dentro,Urbana,Otra Señal,S/D,Intersección,S/D,S/D,S/D,S/D,Múltiple,S/D,Colisión,S/D,S/D,Cordón divisorio,Sin restricción
2021,6972,2021-08-02,Lunes,12:45:00,,0.0,2,"Automóvil,Automóvil",Junín Y Guillermo Brown,3,3,0,0,0,0,0,"-33.74342, -61.97636",Calle,,VENADO TUERTO,Constitución,S/D,S/D,VIII,Dentro,Urbana,Otra Señal,S/D,Intersección,S/D,S/D,S/D,S/D,Múltiple,S/D,Colisión,S/D,S/D,Cordón divisorio,Sin restricción
2021,6973,2021-10-29,Viernes,10:20:00,Ruta Nacional 33,788.0,2,"Automóvil,Automóvil", ,2,1,0,0,1,0,0,"-32.98446, -60.74378",Ruta,33,PEREZ,Constitución,Asfalto,Pavimento,II,Dentro,Rural,Otra Señal,No existe,Intersección,Bueno,Reducida p/ objetos,Diurna,Buen Tiempo,Múltiple,S/D,Colisión,Ninguna,Horizontal,Cordón divisorio,Sin restricción
2021,6975,2021-08-03,Martes,12:55:00,,0.0,2,"Moto/Ciclomotor,Moto/Ciclomotor",Vieytes Y Patricio Boyle,2,2,0,0,0,0,0,"-33.76278, -61.9775",Calle,,VENADO TUERTO,Constitución,S/D,S/D,VIII,Dentro,Urbana,Otra Señal,S/D,Intersección,S/D,S/D,S/D,S/D,Múltiple,S/D,Colisión,S/D,S/D,Cordón divisorio,Sin restricción
2021,6976,2021-08-26,Jueves,12:45:00,Ruta Nacional 8,0.0,2,"Pickup/Utilitario,Camión", ,2,1,0,0,1,0,0,"-33.803, -61.93207",Ruta,8,VENADO TUERTO,Constitución,Asfalto,S/D,VIII,Dentro,Rural,Otra Señal,No existe,Intersección,S/D,S/D,Diurna,S/D,Múltiple,S/D,Colisión,S/D,S/D,Cordón divisorio,Sin restricción
2021,6977,2021-10-01,Viernes,17:00:00,,0.0,2,"Moto/Ciclomotor,Pickup/Utilitario",Huergo Y Las Heras,2,1,0,0,1,0,0,"-31.615765607066,-60.691439389736",Calle,,SANTA FE,Constitución,Asfalto,No existe,I,Dentro,Urbana,Otra Señal,No existe,Intersección,Bueno,Buena,Diurna,Buen Tiempo,Múltiple,S/D,Colisión,Ninguna,Faltante,Cordón divisorio,Sin restricción
2021,6978,2021-08-26,Jueves,,,0.0,2,"Automóvil,Moto/Ciclomotor",Av. Luis Fanti Y M Oliber,2,1,0,0,1,0,0,"-31.25955, -61.50901",Calle,,RAFAELA,Constitución,Asfalto,S/D,V,Dentro,Urbana,Otra Señal,S/D,Intersección,S/D,S/D,S/D,S/D,Múltiple,S/D,Colisión,S/D,S/D,Cordón divisorio,Sin restricción
2021,6979,2021-10-03,Domingo,20:00:00,,0.0,2,"Moto/Ciclomotor,Automóvil",Av. Gral. Paz Y Luciano Torrent,2,1,0,0,1,0,0,"-31.626633933908,-60.690402527426",Avenida,,SANTA FE,Constitución,Asfalto,No existe,I,Dentro,Urbana,Otra Señal,No existe,Intersección,S/D,Buena,Nocturna,Buen Tiempo,Múltiple,S/D,Colisión,Ninguna,Horizontal,Cordón divisorio,Sin restricción
2021,6981,2021-10-05,Martes,07:15:00,,0.0,2,"Moto/Ciclomotor,Automóvil",Av. Gral. Paz Y Martin Zapata,2,1,0,0,1,0,0,"-31.622433, -60.687481",Avenida,,SANTA FE,Constitución,Asfalto,No existe,I,Dentro,Urbana,Otra Señal,No existe,Intersección,Bueno,Buena,Diurna,Buen Tiempo,Múltiple,S/D,Colisión,Ninguna,Horizontal,Cordón divisorio,Sin restricción
2021,6982,2021-08-27,Viernes,07:30:00,,0.0,2,"Moto/Ciclomotor,Automóvil",Quintana Y Junín,2,1,0,0,1,0,0,"-33.73849, -61.98019",Calle,,VENADO TUERTO,Constitución,Asfalto,S/D,VIII,Dentro,Urbana,Otra Señal,S/D,Intersección,S/D,S/D,Diurna,S/D,Múltiple,S/D,Colisión,S/D,S/D,Cordón divisorio,Sin restricción
2021,6983,2021-10-05,Martes,15:45:00,,0.0,2,"Automóvil,Automóvil",Avellaneda Y Salvador del Carril,2,1,0,0,1,0,0,"-31.62110572541,-60.68283662949",Calle,,SANTA FE,Constitución,Asfalto,No existe,I,Dentro,Urbana,Otra Señal,No existe,Intersección,Otro,Buena,Diurna,Buen Tiempo,Múltiple,S/D,Colisión,Ninguna,Faltante,Cordón divisorio,Sin restricción
2021,6984,2021-10-04,Lunes,,Ruta Provincial 70,0.0,2,"Pickup/Utilitario,Automóvil",Ruta Nacional 11 Y Salvador del Carril,3,3,0,0,0,0,0,"-31.503153, -60.728173",Ruta,70,RECREO,Constitución,Asfalto,Ripio,I,Dentro,Urbana,Otra Señal,No existe,Intersección,Bueno,Buena,Diurna,Buen Tiempo,Múltiple,S/D,Colisión,Ninguna,Horizontal,Cordón divisorio,Sin restricción
2021,6985,2021-10-06,Miercoles,16:30:00,,0.0,2,"Moto/Ciclomotor,Automóvil",J M Zuviria Y Rivadavia,2,1,0,0,1,0,0,"-31.617721955488,-60.69571158371",Calle,,SANTA FE,Constitución,Asfalto,No existe,I,Dentro,Urbana,Otra Señal,No existe,Intersección,Bueno,Buena,Diurna,Buen Tiempo,Múltiple,S/D,Colisión,Ninguna,Faltante,Cordón divisorio,Sin restricción
2021,6986,2021-08-28,Sabado,20:50:00,Ruta Nacional 33,0.0,1,Pickup/Utilitario,Alberdi Juan Bautista Y Ruta Nacional 33,1,1,0,0,0,0,0,"-33.703, -61.96082",Ruta,33,VENADO TUERTO,Constitución,Asfalto,S/D,VIII,Dentro,Rural,Otra Señal,S/D,Intersección,S/D,S/D,Nocturna,S/D,Múltiple,S/D,Colisión,S/D,S/D,Cordón divisorio,Sin restricción
2021,6987,2021-10-06,Miercoles,17:30:00,,0.0,2,"Moto/Ciclomotor,Automóvil",Luciano Torrent 1700,2,1,0,0,1,0,0,"-31.626633933908,-60.690402527426",Calle,,SANTA FE,Constitución,Asfalto,No existe,I,Dentro,Urbana,Otra Señal,No existe,Intersección,Bueno,Buena,Diurna,Buen Tiempo,Múltiple,S/D,Colisión,Ninguna,Faltante,Cordón divisorio,Sin restricción
2021,6988,2021-10-15,Viernes,13:45:00,,0.0,2,"Automóvil,Moto/Ciclomotor",Calle 10 Y Calle 59,3,2,0,0,1,0,0,"-31.701669212243,-60.769558953488",Calle,,SAUCE VIEJO,Constitución,Tierra,No existe,I,Dentro,Urbana,Otra Señal,No existe,Intersección,Bueno,Buena,Diurna,Buen Tiempo,Múltiple,S/D,Colisión,Ninguna,Faltante,Cordón divisorio,Sin restricción
2021,6990,2021-10-08,Viernes,19:45:00,,0.0,2,"Moto/Ciclomotor,Automóvil",Necochea Y Regis Martínez,2,1,0,0,1,0,0,"-31.620997394227,-60.689570458826",Calle,,SANTA FE,Constitución,Asfalto,No existe,I,Dentro,Urbana,Otra Señal,No existe,Intersección,Bueno,Buena,Nocturna,Buen Tiempo,Múltiple,S/D,Colisión,Ninguna,Faltante,Cordón divisorio,Sin restricción
2021,6991,2021-10-18,Lunes,15:00:00,,0.0,2,"Automóvil,Moto/Ciclomotor",Mariano Moreno Y Ruta 11 Avenida Richieri,3,2,0,0,1,0,0,"-31.6880831634,-60.769562838074",Calle,,SANTO TOMÉ,Constitución,Tierra,No existe,I,Dentro,Urbana,Otra Señal,No existe,Intersección,Bueno,Buena,Diurna,Buen Tiempo,Múltiple,S/D,Colisión,Ninguna,Faltante,Cordón divisorio,Sin restricción
2021,6992,2021-10-11,Lunes,20:08:00,,0.0,2,"Moto/Ciclomotor,Pickup/Utilitario",Pje Parpal 1755,2,1,0,0,1,0,0,"-31.611574656763,-60.686306726476",Calle,,SANTA FE,Constitución,Asfalto,No existe,I,Dentro,Urbana,Otra Señal,No existe,Intersección,Bueno,Buena,Nocturna,Buen Tiempo,Múltiple,S/D,Colisión,Ninguna,Faltante,Cordón divisorio,Sin restricción
2021,6995,2021-08-03,Martes,,Ruta Nacional 34,0.0,1,Automóvil, ,2,2,0,0,0,0,0,"-31.0565, -61.46048",Ruta,34,RAFAELA,Constitución,S/D,S/D,V,S/D,S/D,Otra Señal,S/D,Intersección,S/D,S/D,S/D,S/D,Múltiple,S/D,Colisión,S/D,S/D,Cordón divisorio,Sin restricción
2021,6996,2021-10-13,Miercoles,21:00:00,,0.0,2,"Bicicleta,Automóvil",Avellaneda Y J M Zuviria,2,1,0,0,1,0,0,"-31.620565428216,-60.682685134252",Calle,,SANTA FE,Constitución,Asfalto,No existe,I,Dentro,Urbana,Otra Señal,No existe,Intersección,Bueno,Buena,Nocturna,Buen Tiempo,Múltiple,Ciclista,Colisión,Ninguna,Faltante,Cordón divisorio,Sin restricción
2021,6997,2021-10-16,Sabado,23:00:00,,0.0,2,"Automóvil,Moto/Ciclomotor",Av. Almte. Brown Y Regis Martínez,2,1,0,0,1,0,0,"-31.623305257098,-60.678789685415",Avenida,,SANTA FE,Constitución,Asfalto,No existe,I,Dentro,Urbana,Otra Señal,No existe,Intersección,Bueno,Buena,Nocturna,Buen Tiempo,Múltiple,S/D,Colisión,Ninguna,Faltante,Cordón divisorio,Sin restricción
2021,6998,2021-08-03,Martes,19:45:00,,0.0,2,"Moto/Ciclomotor,Bicicleta",Calle 47-Islas Malvinas Y Calle 20 9 de Julio,2,1,0,0,1,0,0,"-29.16128, -59.64959",Calle,,RECONQUISTA,Constitución,S/D,S/D,IX,Dentro,Urbana,Otra Señal,S/D,Intersección,S/D,S/D,S/D,S/D,Múltiple,S/D,Colisión,S/D,S/D,Cordón divisorio,Sin restricción
2021,6999,2021-10-18,Lunes,09:00:00,,0.0,2,"Automóvil,Moto/Ciclomotor",Mitre Y Ricardo Aldao,3,2,0,0,1,0,0,"-31.612601086959,-60.683722990179",Calle,,SANTA FE,Constitución,Asfalto,No existe,I,Dentro,Urbana,Otra Señal,No existe,Intersección,Bueno,Buena,Diurna,Buen Tiempo,Múltiple,S/D,Colisión,Ninguna,Faltante,Cordón divisorio,Sin restricción
2021,7000,2021-08-03,Martes,,,0.0,2,"Moto/Ciclomotor,Transporte de Pasajeros Urbano (> 8 asientos)",Bv. Seguí Y Roullon,2,1,0,0,1,0,0,"-32.97071, -60.70099",Calle,,ROSARIO,Constitución,S/D,S/D,II,Dentro,Urbana,Otra Señal,S/D,Intersección,S/D,S/D,S/D,S/D,Múltiple,S/D,Colisión,S/D,S/D,Cordón divisorio,Sin restricción
2021,7001,2021-08-03,Martes,,,0.0,2,"Pickup/Utilitario,Moto/Ciclomotor",S Martin Y Fco Angeloni,2,1,0,0,1,0,0,"-30.78686, -60.5875",Calle,,SAN JUSTO,Constitución,S/D,S/D,XVI,Dentro,Urbana,Otra Señal,S/D,Intersección,S/D,S/D,S/D,S/D,Múltiple,S/D,Colisión,S/D,S/D,Cordón divisorio,Sin restricción
2021,7002,2021-08-28,Sabado,,,0.0,2,"Moto/Ciclomotor,Automóvil",1ro de Mayo Y E Zeballos,2,1,0,0,1,0,0,"-30.94731, -61.56231",Calle,,SUNCHALES,Constitución,Asfalto,S/D,V,Dentro,Urbana,Otra Señal,S/D,Intersección,S/D,S/D,S/D,S/D,Múltiple,S/D,Colisión,S/D,S/D,Cordón divisorio,Sin restricción
2021,7003,2021-08-04,Miercoles,00:00:00,,0.0,2,"Moto/Ciclomotor,Automóvil",Nicolas Avellaneda Y Cornelio Saavedra,4,2,0,0,2,0,0,"-30.78686, -60.5875",Calle,,VENADO TUERTO,Constitución,S/D,S/D,VIII,Dentro,Urbana,Otra Señal,S/D,Intersección,S/D,S/D,S/D,S/D,Múltiple,S/D,Colisión,S/D,S/D,Cordón divisorio,Sin restricción
2021,7004,2021-08-28,Sabado,20:10:00,,0.0,2,"Automóvil,Moto/Ciclomotor",1 de Mayo Y Moreno,2,1,0,0,1,0,0,"-31.73806, -61.09141",Calle,,SAN CARLOS SUR,Constitución,Asfalto,S/D,XI,Dentro,Urbana,Otra Señal,S/D,Intersección,S/D,S/D,Nocturna,S/D,Múltiple,S/D,Colisión,S/D,S/D,Cordón divisorio,Sin restricción
2021,7005,2021-08-04,Miercoles,23:20:00,,0.0,2,"Moto/Ciclomotor,Automóvil",Cornelio Saavedra Y Martin de Pueyrredón,2,1,0,0,1,0,0,"-33.74146, -61.96588",Calle,,VENADO TUERTO,Constitución,S/D,S/D,VIII,Dentro,Urbana,Otra Señal,S/D,Intersección,S/D,S/D,S/D,S/D,Múltiple,S/D,Colisión,S/D,S/D,Cordón divisorio,Sin restricción
2021,7006,2021-10-21,Jueves,13:00:00,,0.0,2,"Automóvil,Automóvil",R Godoy 1200,2,1,0,0,1,0,0,"-31.618746615343,-60.682139633445",Calle,,SANTA FE,Constitución,Asfalto,No existe,I,Dentro,Urbana,Otra Señal,No existe,Intersección,Bueno,Buena,Diurna,Buen Tiempo,Múltiple,S/D,Colisión,Ninguna,Faltante,Cordón divisorio,Sin restricción
2021,7007,2021-08-04,Miercoles,17:42:00,,0.0,2,"Bicicleta,Automóvil",Alberdi Juan Bautista Y French,2,1,0,0,1,0,0,"-33.75938, -61.97233",Calle,,VENADO TUERTO,Constitución,S/D,S/D,VIII,Dentro,Urbana,Otra Señal,S/D,Intersección,S/D,S/D,S/D,S/D,Múltiple,Ciclista,Colisión,S/D,S/D,Cordón divisorio,Sin restricción
2021,7008,2021-10-10,Domingo,00:10:00,Ruta Nacional 11,0.0,1,Pickup/Utilitario,Calle 14 Y Ruta Nac 11,1,1,0,0,0,0,0,"-31.771176, -60.839439",Ruta,11,SAUCE VIEJO,Constitución,Asfalto,Ripio,I,Dentro,Urbana,Otra Señal,No existe,Intersección,Bueno,Buena,Nocturna,Buen Tiempo,Múltiple,S/D,Colisión,Ninguna,"Horizontal,Vertical",Cordón divisorio,Sin restricción
2021,7009,2021-08-04,Miercoles,18:40:00,,0.0,2,"Moto/Ciclomotor,Automóvil",Maestros Argentinos Y Av. Dr. Luis Chapuis,2,1,0,0,1,0,0,"-33.73332, -61.97831",Calle,,VENADO TUERTO,Constitución,S/D,S/D,VIII,Dentro,Urbana,Otra Señal,S/D,Intersección,S/D,S/D,S/D,S/D,Múltiple,S/D,Colisión,S/D,S/D,Cordón divisorio,Sin restricción
2021,7010,2021-08-04,Miercoles,12:30:00,,0.0,2,"Moto/Ciclomotor,Automóvil",Dean Funes Y Juan José Castelli,2,1,0,0,1,0,0,"-33.73865, -61.96963",Calle,,VENADO TUERTO,Constitución,S/D,S/D,VIII,Dentro,Urbana,Otra Señal,S/D,Intersección,S/D,S/D,S/D,S/D,Múltiple,S/D,Colisión,S/D,S/D,Cordón divisorio,Sin restricción
2021,7011,2021-10-18,Lunes,15:00:00,,0.0,2,"Moto/Ciclomotor,Automóvil",Calle 31 ,2,1,0,0,1,0,0,"-31.794788, -60.840818",Calle,,SAUCE VIEJO,Constitución,Ripio,No existe,I,Dentro,Urbana,Otra Señal,No existe,Intersección,Bueno,Buena,Diurna,Buen Tiempo,Múltiple,S/D,Colisión,Ninguna,Faltante,Cordón divisorio,Sin restricción
2021,7012,2021-10-22,Viernes,19:30:00,,0.0,2,"Moto/Ciclomotor,Automóvil",Av. Galicia 1893,3,2,0,0,1,0,0,"-31.60671743805,-60.686454738843",Avenida,,SANTA FE,Constitución,Asfalto,No existe,I,Dentro,Urbana,Otra Señal,No existe,Intersección,Bueno,Buena,Diurna,Buen Tiempo,Múltiple,S/D,Colisión,Ninguna,Faltante,Cordón divisorio,Sin restricción
2021,7013,2021-08-28,Sabado,20:30:00,,0.0,2,"Automóvil,Moto/Ciclomotor",Av. Santa Fe Y Maipú,2,1,0,0,1,0,0,"-32.80949, -61.39958",Calle,,CAÑADA DE GÓMEZ,Constitución,Asfalto,S/D,X,Dentro,Urbana,Otra Señal,S/D,Intersección,S/D,S/D,Nocturna,S/D,Múltiple,S/D,Colisión,S/D,S/D,Cordón divisorio,Sin restricción
2021,7014,2021-10-04,Lunes,00:59:00,,0.0,2,"Peatón,Otros",Carlos Chapearouge Y Juan José Paso,2,1,0,0,0,0,1,"-31.690588, -60.782564",Calle,,SANTO TOMÉ,Constitución,Asfalto,No existe,I,Dentro,Urbana,Otra Señal,No existe,Intersección,Bueno,Buena,Nocturna,Buen Tiempo,Múltiple,Ciclista,Colisión,Ninguna,Faltante,Cordón divisorio,Sin restricción
2021,7016,2021-08-04,Miercoles,,Ruta Nacional 11,0.0,2,"Moto/Ciclomotor,Moto/Ciclomotor",Calle 47-Islas Malvinas ,2,2,0,0,0,0,0,"-29.15913, -59.65822",Ruta,11,RECONQUISTA,Constitución,S/D,S/D,IX,Dentro,Urbana,Otra Señal,S/D,Intersección,S/D,S/D,S/D,S/D,Múltiple,S/D,Colisión,S/D,S/D,Cordón divisorio,Sin restricción
2021,7017,2021-10-17,Domingo,09:20:00,,0.0,2,"Moto/Ciclomotor,Pickup/Utilitario",Juan José Paso Y Pres Domingo Faustino Sarmiento,2,1,0,0,1,0,0,"-31.65960043234,-60.774520683393",Calle,,SANTO TOMÉ,Constitución,Asfalto,No existe,I,Dentro,Urbana,Otra Señal,No existe,Intersección,Bueno,Buena,Diurna,Buen Tiempo,Múltiple,S/D,Colisión,Ninguna,Faltante,Cordón divisorio,Sin restricción
2021,7018,2021-10-22,Viernes,20:45:00,,0.0,2,"Moto/Ciclomotor,Automóvil",Av. Galicia Y Güemes,2,1,0,0,1,0,0,"-31.607881278559,-60.680089822514",Avenida,,SANTA FE,Constitución,Asfalto,No existe,I,Dentro,Urbana,Otra Señal,No existe,Intersección,Bueno,Buena,Nocturna,Buen Tiempo,Múltiple,S/D,Colisión,Ninguna,Faltante,Cordón divisorio,Sin restricción
2021,7019,2021-10-25,Lunes,09:40:00,,0.0,2,"Moto/Ciclomotor,Pickup/Utilitario",Lavalle Y Salvador del Carril,4,2,0,0,2,0,0,"-31.620706433365,-60.684983727107",Calle,,SANTA FE,Constitución,Asfalto,No existe,I,Dentro,Urbana,Otra Señal,No existe,Intersección,Bueno,Buena,Diurna,Buen Tiempo,Múltiple,S/D,Colisión,Ninguna,Faltante,Cordón divisorio,Sin restricción
2021,7020,2021-10-27,Miercoles,17:50:00,,0.0,2,"Moto/Ciclomotor,Moto/Ciclomotor",Gorostiaga Y Las Heras,2,1,0,0,0,0,1,"-31.613055522607,-60.690613166831",Calle,,SANTA FE,Constitución,Asfalto,No existe,I,Dentro,Urbana,Otra Señal,No existe,Intersección,Bueno,Buena,Diurna,Buen Tiempo,Múltiple,S/D,Colisión,Ninguna,Faltante,Cordón divisorio,Sin restricción
2021,7021,2021-10-17,Domingo,13:45:00,,0.0,2,"Moto/Ciclomotor,Automóvil",Corrientes Y Pres Domingo Faustino Sarmiento,2,1,0,0,1,0,0,"-31.658845934695,-60.779206275879",Calle,,SANTO TOMÉ,Constitución,Asfalto,No existe,I,Dentro,Urbana,Otra Señal,Funciona,Intersección,Bueno,Buena,Diurna,Buen Tiempo,Múltiple,S/D,Colisión,Ninguna,"Horizontal,Vertical",Cordón divisorio,Sin restricción
2021,7022,2021-10-28,Jueves,00:05:00,,0.0,2,"Moto/Ciclomotor,Automóvil",Avellaneda Y Pje Calcena,2,1,0,0,1,0,0,"-31.6253602042,-60.684095588872",Calle,,SANTA FE,Constitución,Asfalto,No existe,I,Dentro,Urbana,Otra Señal,No existe,Intersección,Otro,Buena,Nocturna,Buen Tiempo,Múltiple,S/D,Colisión,Ninguna,Faltante,Cordón divisorio,Sin restricción
2021,7023,2021-10-28,Jueves,08:15:00,,0.0,2,"Moto/Ciclomotor,Pickup/Utilitario",Laprida Y Salvador del Carril,2,1,0,0,1,0,0,"-31.62166178226471,-60.679464340209",Calle,,SANTA FE,Constitución,Asfalto,No existe,I,Dentro,Urbana,Otra Señal,No existe,Intersección,Bueno,Buena,Diurna,Buen Tiempo,Múltiple,S/D,Colisión,Ninguna,Faltante,Cordón divisorio,Sin restricción
2021,7024,2021-10-28,Jueves,11:35:00,,0.0,2,"Moto/Ciclomotor,Automóvil",Salvador del Carril Y Vélez Sarsfield,3,2,0,0,1,0,0,"-31.621467982162,-60.680863143139",Calle,,SANTA FE,Constitución,Asfalto,No existe,I,Dentro,Urbana,Otra Señal,No existe,Intersección,Bueno,Buena,Diurna,Buen Tiempo,Múltiple,S/D,Colisión,Ninguna,Faltante,Cordón divisorio,Sin restricción
2021,7025,2021-08-28,Sabado,19:30:00,,0.0,2,"Automóvil,Automóvil",Concepcion Y Callao,3,1,0,0,2,0,0,"-32.8242, -61.39778",Calle,,CAÑADA DE GÓMEZ,Constitución,Asfalto,S/D,X,Dentro,Urbana,Otra Señal,S/D,Intersección,S/D,S/D,Atardecer,S/D,Múltiple,S/D,Colisión,S/D,S/D,Cordón divisorio,Sin restricción