anio_acci,nro_acci,fecha,desc_dia,hora_aprox,desc_ruta,km,cant_participantes,desc_participante,calle_avenida_km,total,heridos_leves,heridos_graves,heridos_gravisimos,ilesos,fallecidos,sin_datos,posicion_XY,desc_tipo_via,desc_ruta_ori,desc_loc,desc_dpto,desc_tipo_calzada,desc_tipo_banquina,desc_unidad_regional,desc_lugar_calzada,desc_zona,desc_prioridad,desc_estado_semaforo,desc_lugar_via,desc_estado_via,desc_estado_visibilidad,desc_luminosidad,desc_estado_clima,desc_tipo_colision,desc_tipo_atropello,desc_tipo_hecho,desc_pres_calzada,desc_senializacion,desc_separacion_via,desc_restriccion
2021,7177,2021-06-07,Lunes,,,0.0,1,Otros, ,1,1,0,0,0,0,0,"-32.95817760227484,-60.666264034822",S/D,,ROSARIO,Constitución,S/D,S/D,II,S/D,S/D,Otra Señal,S/D,Intersección,S/D,S/D,S/D,S/D,Múltiple,S/D,Colisión,S/D,S/D,Cordón divisorio,Sin restricción
2021,7178,2021-10-12,Martes,19:45:00,,0.0,3,"Moto/Ciclomotor,Peatón,Peatón",Buenos Aires Y San Martin,3,2,0,0,1,0,0,"-29.463551007131,-60.211337802844",Calle,,VERA,Constitución,Asfalto,No existe,XIX,Dentro,Urbana,Otra Señal,No existe,Intersección,Bueno,Buena,Nocturna,Buen Tiempo,Múltiple,Peatón,Colisión,Ninguna,Faltante,Cordón divisorio,Sin restricción
2021,7179,2021-06-08,Martes,,,0.0,1,Otros, ,1,1,0,0,0,0,0,"-32.95817760227484,-60.666264034822",S/D,,ROSARIO,Constitución,S/D,S/D,II,S/D,S/D,Otra Señal,S/D,Intersección,S/D,S/D,S/D,S/D,Múltiple,S/D,Colisión,S/D,S/D,Cordón divisorio,Sin restricción
2021,7180,2021-06-10,Jueves,,,0.0,1,Otros, ,1,1,0,0,0,0,0,"-32.95817760227484,-60.666264034822",S/D,,ROSARIO,Constitución,S/D,S/D,II,S/D,S/D,Otra Señal,S/D,Intersección,S/D,S/D,S/D,S/D,Múltiple,S/D,Colisión,S/D,S/D,Cordón divisorio,Sin restricción
2021,7181,2021-06-11,Viernes,,,0.0,1,Otros, ,1,1,0,0,0,0,0,"-32.95817760227484,-60.666264034822",S/D,,ROSARIO,Constitución,S/D,S/D,II,S/D,S/D,Otra Señal,S/D,Intersección,S/D,S/D,S/D,S/D,Múltiple,S/D,Colisión,S/D,S/D,Cordón divisorio,Sin restricción
2021,7182,2021-08-20,Viernes,17:00:00,Ruta Provincial 80,0.0,1,Pickup/Utilitario, ,3,1,0,0,2,0,0,"-32.00746, -61.2137",Ruta,80,GÁLVEZ,Constitución,Asfalto,S/D,XV,Dentro,Rural,Otra Señal,S/D,Intersección,S/D,S/D,Diurna,S/D,Múltiple,S/D,Colisión,S/D,S/D,Cordón divisorio,Sin restricción
2021,7183,2021-06-11,Viernes,,,0.0,1,Otros, ,1,1,0,0,0,0,0,"-32.95817760227484,-60.666264034822",S/D,,ROSARIO,Constitución,S/D,S/D,II,S/D,S/D,Otra Señal,S/D,Intersección,S/D,S/D,S/D,S/D,Múltiple,S/D,Colisión,S/D,S/D,Cordón divisorio,Sin restricción
2021,7184,2021-06-11,Viernes,,,0.0,1,Otros, ,1,1,0,0,0,0,0,"-32.95817760227484,-60.666264034822",S/D,,ROSARIO,Constitución,S/D,S/D,II,S/D,S/D,Otra Señal,S/D,Intersección,S/D,S/D,S/D,S/D,Múltiple,S/D,Colisión,S/D,S/D,Cordón divisorio,Sin restricción
2021,7186,2021-06-11,Viernes,,,0.0,1,Otros, ,1,1,0,0,0,0,0,"-32.95817760227484,-60.666264034822",S/D,,ROSARIO,Constitución,S/D,S/D,II,S/D,S/D,Otra Señal,S/D,Intersección,S/D,S/D,S/D,S/D,Múltiple,S/D,Colisión,S/D,S/D,Cordón divisorio,Sin restricción
2021,7187,2021-06-12,Sabado,,,0.0,1,Otros, ,1,1,0,0,0,0,0,"-32.95817760227484,-60.666264034822",S/D,,ROSARIO,Constitución,S/D,S/D,II,S/D,S/D,Otra Señal,S/D,Intersección,S/D,S/D,S/D,S/D,Múltiple,S/D,Colisión,S/D,S/D,Cordón divisorio,Sin restricción
2021,7189,2021-10-30,Sabado,18:00:00,,0.0,2,"Pickup/Utilitario,Moto/Ciclomotor",Jujuy Y 9 de Julio,2,1,0,0,1,0,0,"-29.226253330707554,-61.77591383457",Calle,,TOSTADO,Constitución,Ripio,No existe,XII,Dentro,Urbana,Otra Señal,No existe,Intersección,Bueno,Buena,Diurna,Buen Tiempo,Múltiple,S/D,Colisión,Ninguna,Faltante,Cordón divisorio,Sin restricción
2021,7190,2021-10-18,Lunes,11:00:00,,0.0,1,Moto/Ciclomotor,Córdoba Y Rosario,1,1,0,0,0,0,0,"-29.465281191099,-60.206856839051",Calle,,VERA,Constitución,Ripio,No existe,XIX,Dentro,Urbana,Otra Señal,No existe,Intersección,Bueno,Buena,Diurna,Buen Tiempo,Múltiple,S/D,Colisión,Material Suelto,Faltante,Cordón divisorio,Sin restricción
2021,7191,2021-06-12,Sabado,,,0.0,1,Otros, ,1,1,0,0,0,0,0,"-32.95817760227484,-60.666264034822",S/D,,ROSARIO,Constitución,S/D,S/D,II,S/D,S/D,Otra Señal,S/D,Intersección,S/D,S/D,S/D,S/D,Múltiple,S/D,Colisión,S/D,S/D,Cordón divisorio,Sin restricción
2021,7193,2021-06-12,Sabado,,,0.0,1,Otros, ,1,1,0,0,0,0,0,"-32.95817760227484,-60.666264034822",S/D,,ROSARIO,Constitución,S/D,S/D,II,S/D,S/D,Otra Señal,S/D,Intersección,S/D,S/D,S/D,S/D,Múltiple,S/D,Colisión,S/D,S/D,Cordón divisorio,Sin restricción
2021,7194,2021-06-12,Sabado,,,0.0,1,Otros, ,1,1,0,0,0,0,0,"-32.95817760227484,-60.666264034822",S/D,,ROSARIO,Constitución,S/D,S/D,II,S/D,S/D,Otra Señal,S/D,Intersección,S/D,S/D,S/D,S/D,Múltiple,S/D,Colisión,S/D,S/D,Cordón divisorio,Sin restricción
2021,7195,2021-06-08,Martes,09:00:00,,0.0,1,Moto/Ciclomotor,Servando Bayo ,1,1,0,0,0,0,0,"-32.965604209857,-60.691520203283",S/D,,ROSARIO,Constitución,Asfalto,S/D,II,Dentro,Urbana,Otra Señal,S/D,Intersección,S/D,S/D,Diurna,S/D,Múltiple,S/D,Colisión,S/D,S/D,Cordón divisorio,Sin restricción
2021,7196,2021-10-18,Lunes,19:30:00,,0.0,2,"Moto/Ciclomotor,Moto/Ciclomotor",Alvear Y Mitre B,3,2,0,0,1,0,0,"-29.466201018223,-60.215626854602",Calle,,VERA,Constitución,Ripio,No existe,XIX,Dentro,Urbana,Otra Señal,No existe,Intersección,Resbaladiza,Buena,Nocturna,Buen Tiempo,Múltiple,S/D,Colisión,Material Suelto,Faltante,Cordón divisorio,Sin restricción
2021,7197,2021-08-01,Domingo,00:00:00,,0.0,1,Moto/Ciclomotor,CABIN 9 ,1,1,0,0,0,0,0,"-32.97041, -60.74009",Calle,,ROSARIO,Constitución,S/D,S/D,II,Dentro,Urbana,Otra Señal,S/D,Intersección,S/D,S/D,S/D,S/D,Múltiple,S/D,Colisión,S/D,S/D,Cordón divisorio,Sin restricción
2021,7198,2021-08-01,Domingo,00:14:00,,0.0,1,Moto/Ciclomotor,Gálvez Y Valparaíso,1,1,0,0,0,0,0,"-32.96094, -60.6875",Calle,,ROSARIO,Constitución,S/D,S/D,II,Dentro,Urbana,Otra Señal,S/D,Intersección,S/D,S/D,S/D,S/D,Múltiple,S/D,Colisión,S/D,S/D,Cordón divisorio,Sin restricción
2021,7199,2021-08-01,Domingo,16:00:00,,0.0,1,Moto/Ciclomotor, ,1,1,0,0,0,0,0,"-32.95662, -60.70157",Calle,,ROSARIO,Constitución,S/D,S/D,II,Dentro,Rural,Otra Señal,S/D,Intersección,S/D,S/D,S/D,S/D,Múltiple,S/D,Colisión,S/D,S/D,Cordón divisorio,Sin restricción
2021,7200,2021-08-01,Domingo,,,0.0,1,Otros, ,1,0,0,0,0,0,1,"-32.95662, -60.70157",Calle,,ROSARIO,Constitución,S/D,S/D,II,Dentro,Urbana,Otra Señal,S/D,Intersección,S/D,S/D,S/D,S/D,Múltiple,S/D,Colisión,S/D,S/D,Cordón divisorio,Sin restricción
2021,7201,2021-08-01,Domingo,,,0.0,1,Otros, ,1,0,0,0,0,0,1,"-32.95662, -60.70157",Calle,,ROSARIO,Constitución,S/D,S/D,II,Dentro,Urbana,Otra Señal,S/D,Intersección,S/D,S/D,S/D,S/D,Múltiple,S/D,Colisión,S/D,S/D,Cordón divisorio,Sin restricción
2021,7202,2021-08-01,Domingo,,,0.0,1,Otros, ,1,0,0,0,0,0,1,"-32.95662, -60.70157",Calle,,ROSARIO,Constitución,S/D,S/D,II,Dentro,Urbana,Otra Señal,S/D,Intersección,S/D,S/D,S/D,S/D,Múltiple,S/D,Colisión,S/D,S/D,Cordón divisorio,Sin restricción
2021,7203,2021-08-01,Domingo,,,0.0,1,Otros, ,1,0,0,0,0,0,1,"-32.95662, -60.70157",S/D,,ROSARIO,Constitución,S/D,S/D,II,Dentro,Urbana,Otra Señal,S/D,Intersección,S/D,S/D,S/D,S/D,Múltiple,S/D,Colisión,S/D,S/D,Cordón divisorio,Sin restricción
2021,7204,2021-08-01,Domingo,,,0.0,1,Otros, ,1,0,0,0,0,0,1,"-32.95662, -60.70157",Calle,,ROSARIO,Constitución,S/D,S/D,II,Dentro,Urbana,Otra Señal,S/D,Intersección,S/D,S/D,S/D,S/D,Múltiple,S/D,Colisión,S/D,S/D,Cordón divisorio,Sin restricción
2021,7205,2021-10-23,Sabado,18:00:00,,0.0,1,Moto/Ciclomotor,Sarmiento D 2100,1,1,0,0,0,0,0,"-29.459588251317,-60.215540706485",Calle,,VERA,Constitución,Asfalto,No existe,XIX,Dentro,Urbana,Otra Señal,No existe,Intersección,Bueno,Buena,Diurna,Buen Tiempo,Múltiple,S/D,Colisión,Ninguna,Faltante,Cordón divisorio,Sin restricción
2021,7206,2021-10-31,Domingo,03:30:00,,0.0,2,"Moto/Ciclomotor,Pickup/Utilitario",Alvear Y Rosario,5,4,0,0,1,0,0,"-29.467405128727,-60.20728899498",Calle,,VERA,Constitución,Asfalto,No existe,XIX,Dentro,Urbana,Otra Señal,No existe,Intersección,Bueno,Buena,Nocturna,Buen Tiempo,Múltiple,S/D,Colisión,Ninguna,Faltante,Cordón divisorio,Sin restricción
2021,7207,2021-06-15,Martes,12:00:00,,0.0,2,"Otros,Peatón",Cafferata Y Mendoza,2,1,0,0,0,0,1,"-32.945677809418,-60.672243287275",Calle,,ROSARIO,Constitución,Asfalto,No existe,II,Dentro,Urbana,Otra Señal,Funciona,Intersección,Bueno,S/D,Diurna,S/D,Múltiple,Peatón,Colisión,S/D,"Horizontal,Vertical",Cordón divisorio,Sin restricción
2021,7208,2021-06-15,Martes,12:00:00,,0.0,1,Bicicleta,L.N.Alem Y Riobamba,1,1,0,0,0,0,0,"-32.964774042171,-60.632480857705",Calle,,ROSARIO,Constitución,Asfalto,No existe,II,Dentro,Urbana,Otra Señal,No existe,Intersección,Bueno,S/D,Diurna,S/D,Múltiple,S/D,Colisión,S/D,"Horizontal,Vertical",Cordón divisorio,Sin restricción
2021,7209,2021-06-15,Martes,,,0.0,1,Otros, ,1,1,0,0,0,0,0,"-32.95817760227484,-60.666264034822",S/D,,ROSARIO,Constitución,S/D,S/D,II,S/D,S/D,Otra Señal,S/D,Intersección,S/D,S/D,S/D,S/D,Múltiple,S/D,Colisión,S/D,S/D,Cordón divisorio,Sin restricción
2021,7210,2021-06-15,Martes,,,0.0,1,Otros, ,1,1,0,0,0,0,0,"-32.95817760227484,-60.666264034822",S/D,,ROSARIO,Constitución,S/D,S/D,II,S/D,S/D,Otra Señal,S/D,Intersección,S/D,S/D,S/D,S/D,Múltiple,S/D,Colisión,S/D,S/D,Cordón divisorio,Sin restricción
2021,7211,2021-10-17,Domingo,20:00:00,,0.0,2,"Automóvil,Moto/Ciclomotor",Entre Ríos Y Juan Diaz de Solís,2,1,0,0,1,0,0,"-31.656439455393,-60.730165402999",Calle,,SANTA FE,Constitución,Asfalto,No existe,I,Dentro,Urbana,Otra Señal,No existe,Intersección,Bueno,Buena,Diurna,Buen Tiempo,Múltiple,S/D,Colisión,Ninguna,Faltante,Cordón divisorio,Sin restricción
2021,7212,2021-06-15,Martes,,,0.0,1,Otros, ,1,1,0,0,0,0,0,"-32.95817760227484,-60.666264034822",S/D,,ROSARIO,Constitución,S/D,S/D,II,S/D,S/D,Otra Señal,S/D,Intersección,S/D,S/D,S/D,S/D,Múltiple,S/D,Colisión,S/D,S/D,Cordón divisorio,Sin restricción
2021,7213,2021-10-24,Domingo,18:15:00,Ruta Nacional 11,722.0,2,"Automóvil,Automóvil", ,3,3,0,0,0,0,0,"-29.46816, -60.19862",Ruta,11,VERA,Constitución,Asfalto,Ripio,XIX,Dentro,Urbana,Otra Señal,No existe,Intersección,Bueno,Buena,Nocturna,Buen Tiempo,Múltiple,S/D,Colisión,Ninguna,Horizontal,Cordón divisorio,Sin restricción
2021,7214,2021-06-15,Martes,,,0.0,1,Otros, ,1,1,0,0,0,0,0,"-32.95817760227484,-60.666264034822",S/D,,ROSARIO,Constitución,S/D,S/D,II,S/D,S/D,Otra Señal,S/D,Intersección,S/D,S/D,S/D,S/D,Múltiple,S/D,Colisión,S/D,S/D,Cordón divisorio,Sin restricción
2021,7215,2021-10-18,Lunes,20:00:00,,0.0,2,"Moto/Ciclomotor,Automóvil",Juan Diaz de Solís Y Pje Cervantes,2,1,0,0,1,0,0,"-31.656939469452,-60.730253659531",Calle,,SANTA FE,Constitución,Asfalto,No existe,I,Dentro,Urbana,Otra Señal,No existe,Intersección,Bueno,Buena,Nocturna,Buen Tiempo,Múltiple,S/D,Colisión,Ninguna,S/D,Cordón divisorio,Sin restricción
2021,7216,2021-06-16,Miercoles,,,0.0,1,Otros, ,1,1,0,0,0,0,0,"-32.95817760227484,-60.666264034822",S/D,,ROSARIO,Constitución,S/D,S/D,II,S/D,S/D,Otra Señal,S/D,Intersección,S/D,S/D,S/D,S/D,Múltiple,S/D,Colisión,S/D,S/D,Cordón divisorio,Sin restricción
2021,7217,2021-10-01,Viernes,10:45:00,,0.0,2,"Automóvil,Pickup/Utilitario",4 de Enero Y Obispo Gelabert,2,1,0,0,1,0,0,"-31.635632193101,-60.708894573879",Calle,,SANTA FE,Constitución,Asfalto,No existe,I,Dentro,Urbana,Otra Señal,No existe,Intersección,Bueno,Buena,Diurna,Buen Tiempo,Múltiple,S/D,Colisión,Ninguna,"Horizontal,Vertical",Cordón divisorio,Sin restricción
2021,7218,2021-10-19,Martes,19:00:00,,0.0,2,"Moto/Ciclomotor,Camión Chasis",9 de Julio Y Santa Fe,3,2,0,0,1,0,0,"-29.46022721379,-60.20217154175",Calle,,VERA,Constitución,Tierra,No existe,XIX,Dentro,Urbana,Otra Señal,No existe,Intersección,Con baches,Buena,Diurna,Buen Tiempo,Múltiple,S/D,Colisión,Material Suelto,Faltante,Cordón divisorio,Sin restricción
2021,7219,2021-10-01,Viernes,15:15:00,,0.0,2,"Bicicleta,Automóvil",Av. Urquiza Y Juan de Garay,2,1,0,0,1,0,0,"-31.651368093103,-60.71477030766",Avenida,,SANTA FE,Constitución,Asfalto,No existe,I,Dentro,Urbana,Otra Señal,Funciona,Intersección,Bueno,Buena,Diurna,S/D,Múltiple,Ciclista,Colisión,Ninguna,"Horizontal,Vertical",Cordón divisorio,Sin restricción
2021,7220,2021-10-08,Viernes,19:30:00,,0.0,2,"Moto/Ciclomotor,Moto/Ciclomotor",Urquiza 2000,2,2,0,0,0,0,0,"-29.68968540430069,-60.254280567169",Calle,,MARGARITA,Constitución,Hormigón,Natural,XIX,Dentro,Urbana,Otra Señal,No existe,Intersección,Bueno,Buena,Nocturna,Buen Tiempo,Múltiple,S/D,Colisión,Ninguna,Faltante,Cordón divisorio,Sin restricción
2021,7221,2021-10-13,Miercoles,14:50:00,Ruta Nacional 11,0.0,2,"Camión c / Semirremolque,Transporte de Pasajeros Larga Distancia (Piso  y  1/2)",Leiva Y Ruta Nac 11,38,1,0,0,37,0,0,"-29.691184759140032,-60.24755358695",Ruta,11,MARGARITA,Constitución,Asfalto,Ripio,XIX,Dentro,Urbana,Otra Señal,No existe,Intersección,Bueno,Buena,Diurna,Buen Tiempo,Múltiple,S/D,Colisión,Ninguna,Horizontal,Cordón divisorio,Sin restricción
2021,7222,2021-10-01,Viernes,16:40:00,,0.0,2,"Moto/Ciclomotor,Automóvil",Uruguay Y 1ro de Mayo,2,1,0,0,1,0,0,"-31.660620254536,-60.714893851259",Calle,,SANTA FE,Constitución,Asfalto,No existe,I,Dentro,Urbana,Otra Señal,No existe,Intersección,Bueno,Buena,Diurna,Buen Tiempo,Múltiple,S/D,Colisión,Ninguna,Horizontal,Cordón divisorio,Sin restricción
2021,7223,2021-10-05,Martes,20:15:00,,0.0,2,"Moto/Ciclomotor,Automóvil",Av. Urquiza Y Irigoyen Freyre,2,1,0,0,1,0,0,"-31.659052690653,-60.722610287399",Avenida,,SANTA FE,Constitución,Asfalto,No existe,I,Dentro,Urbana,Otra Señal,No existe,Intersección,Bueno,Buena,"Nocturna,Con luz artificial",Buen Tiempo,Múltiple,S/D,Colisión,Ninguna,Faltante,Cordón divisorio,Sin restricción
2021,7224,2021-10-07,Jueves,12:20:00,,0.0,2,"Moto/Ciclomotor,Automóvil",Salta Y 4 de Enero,2,1,0,0,1,0,0,"-31.649215150859,-60.712719135495",Calle,,SANTA FE,Constitución,Asfalto,No existe,I,Dentro,Urbana,Otra Señal,No existe,Intersección,Bueno,Buena,Diurna,Buen Tiempo,Múltiple,S/D,Colisión,Ninguna,Horizontal,Cordón divisorio,Sin restricción
2021,7225,2021-10-07,Jueves,10:40:00,,0.0,2,"Moto/Ciclomotor,Otros",Monseñor Zaspe Y 9 de Julio,2,1,0,0,0,0,1,"-31.655424270601,-60.711917796818",Calle,,SANTA FE,Constitución,Asfalto,No existe,I,Dentro,Urbana,Otra Señal,No existe,Intersección,Bueno,Buena,Diurna,Buen Tiempo,Múltiple,S/D,Colisión,Ninguna,Faltante,Cordón divisorio,Sin restricción
2021,7226,2021-10-07,Jueves,14:05:00,,0.0,2,"Automóvil,Pickup/Utilitario",Tucumán Y 9 de Julio,2,1,0,0,1,0,0,"-31.646204740411,-60.709169823444",Calle,,SANTA FE,Constitución,Asfalto,No existe,I,Dentro,Urbana,Otra Señal,Funciona,Intersección,Bueno,Buena,Diurna,Buen Tiempo,Múltiple,S/D,Colisión,Ninguna,"Horizontal,Vertical",Cordón divisorio,Sin restricción
2021,7227,2021-06-16,Miercoles,,,0.0,1,Otros, ,1,1,0,0,0,0,0,"-32.95817760227484,-60.666264034822",S/D,,ROSARIO,Constitución,S/D,S/D,II,S/D,S/D,Otra Señal,S/D,Intersección,S/D,S/D,S/D,S/D,Múltiple,S/D,Colisión,S/D,S/D,Cordón divisorio,Sin restricción
2021,7228,2021-10-13,Miercoles,17:30:00,Ruta Nacional 11,0.0,1,Pickup/Utilitario,Leiva Y Ruta Nac 11,2,2,0,0,0,0,0,"-29.691184759140032,-60.24755358695",Ruta,11,MARGARITA,Constitución,Asfalto,Natural,XIX,Dentro,Urbana,Otra Señal,No existe,Intersección,Bueno,Buena,Diurna,Buen Tiempo,Múltiple,S/D,Colisión,Ninguna,Vertical,Cordón divisorio,Sin restricción
2021,7229,2021-06-17,Jueves,,,0.0,1,Otros, ,1,1,0,0,0,0,0,"-32.95817760227484,-60.666264034822",S/D,,ROSARIO,Constitución,S/D,S/D,II,S/D,S/D,Otra Señal,S/D,Intersección,S/D,S/D,S/D,S/D,Múltiple,S/D,Colisión,S/D,S/D,Cordón divisorio,Sin restricción
2021,7230,2021-06-17,Jueves,,,0.0,1,Otros, ,1,1,0,0,0,0,0,"-32.95817760227484,-60.666264034822",S/D,,ROSARIO,Constitución,S/D,S/D,II,S/D,S/D,Otra Señal,S/D,Intersección,S/D,S/D,S/D,S/D,Múltiple,S/D,Colisión,S/D,S/D,Cordón divisorio,Sin restricción
2021,7231,2021-06-18,Viernes,,,0.0,1,Moto/Ciclomotor, ,1,1,0,0,0,0,0,"-32.95817760227484,-60.666264034822",S/D,,ROSARIO,Constitución,S/D,S/D,II,S/D,S/D,Otra Señal,S/D,Intersección,S/D,S/D,S/D,S/D,Múltiple,S/D,Colisión,S/D,S/D,Cordón divisorio,Sin restricción
2021,7232,2021-06-18,Viernes,,,0.0,1,Otros, ,1,1,0,0,0,0,0,"-32.95817760227484,-60.666264034822",S/D,,ROSARIO,Constitución,S/D,S/D,II,S/D,S/D,Otra Señal,S/D,Intersección,S/D,S/D,S/D,S/D,Múltiple,S/D,Colisión,S/D,S/D,Cordón divisorio,Sin restricción
2021,7233,2021-06-18,Viernes,,,0.0,1,Otros, ,1,1,0,0,0,0,0,"-32.95817760227484,-60.666264034822",S/D,,ROSARIO,Constitución,S/D,S/D,II,S/D,S/D,Otra Señal,S/D,Intersección,S/D,S/D,S/D,S/D,Múltiple,S/D,Colisión,S/D,S/D,Cordón divisorio,Sin restricción
2021,7234,2021-06-18,Viernes,,,0.0,1,Otros, ,1,1,0,0,0,0,0,"-32.95817760227484,-60.666264034822",S/D,,ROSARIO,Constitución,S/D,S/D,II,S/D,S/D,Otra Señal,S/D,Intersección,S/D,S/D,S/D,S/D,Múltiple,S/D,Colisión,S/D,S/D,Cordón divisorio,Sin restricción
2021,7235,2021-06-18,Viernes,,,0.0,1,Otros, ,1,1,0,0,0,0,0,"-32.95817760227484,-60.666264034822",S/D,,ROSARIO,Constitución,S/D,S/D,II,S/D,S/D,Otra Señal,S/D,Intersección,S/D,S/D,S/D,S/D,Múltiple,S/D,Colisión,S/D,S/D,Cordón divisorio,Sin restricción
2021,7236,2021-08-02,Lunes,00:00:00,Ruta Provincial 6,0.0,1,Moto/Ciclomotor,Urquiza ,1,1,0,0,0,0,0,"-33.03111, -60.90296",Ruta,6,PEREZ,Constitución,S/D,S/D,II,Dentro,Urbana,Otra Señal,S/D,Intersección,S/D,S/D,S/D,S/D,Múltiple,S/D,Colisión,S/D,S/D,Cordón divisorio,Sin restricción
2021,7237,2021-08-20,Viernes,08:20:00,,0.0,2,"Automóvil,Bicicleta",Rivadavia Y Pte. Hipólito Irigoyen,2,1,0,0,1,0,0,"-32.7077, -60.74738",Calle,,PUERTO SAN MARTÍN,Constitución,Asfalto,S/D,XVII,Dentro,Urbana,Otra Señal,S/D,Intersección,S/D,S/D,Diurna,S/D,Múltiple,Ciclista,Colisión,S/D,S/D,Cordón divisorio,Sin restricción
2021,7238,2021-10-14,Jueves,22:15:00,Ruta Secundaria 87-s,25.0,1,Moto/Ciclomotor, ,1,1,0,0,0,0,0,"-29.69639, -60.22923",Ruta,87-s,MARGARITA,Constitución,"Tierra,Ripio",S/D,XIX,Dentro,Rural,Otra Señal,No existe,Intersección,Ahuellamiento,Reducida polvo,Nocturna,Viento Fuerte,Múltiple,S/D,Colisión,Material Suelto,Faltante,Cordón divisorio,Sin restricción
2021,7239,2021-08-02,Lunes,21:30:00,,0.0,1,Moto/Ciclomotor,Roullon ,1,1,0,0,0,0,0,"-32.97863, -60.70068",Calle,,ROSARIO,Constitución,S/D,S/D,II,Dentro,Urbana,Otra Señal,S/D,Intersección,S/D,S/D,S/D,S/D,Múltiple,S/D,Colisión,S/D,S/D,Cordón divisorio,Sin restricción
2021,7240,2021-08-21,Sabado,,,0.0,2,"Moto/Ciclomotor,Moto/Ciclomotor", ,4,4,0,0,0,0,0,"-31.44908, -60.93013",Calle,,ESPERANZA,Constitución,S/D,S/D,XI,S/D,S/D,Otra Señal,S/D,Intersección,S/D,S/D,S/D,S/D,Múltiple,S/D,Colisión,S/D,S/D,Cordón divisorio,Sin restricción
2021,7241,2021-08-02,Lunes,,,0.0,1,Otros, ,1,0,0,0,0,0,1,"-32.9588, -60.69398",Calle,,ROSARIO,Constitución,S/D,S/D,II,Dentro,Urbana,Otra Señal,S/D,Intersección,S/D,S/D,S/D,S/D,Múltiple,S/D,Colisión,S/D,S/D,Cordón divisorio,Sin restricción
2021,7242,2021-10-31,Domingo,02:30:00,,0.0,1,Moto/Ciclomotor,Buenos Aires Y Urquiza,1,1,0,0,0,0,0,"-29.462296710104,-60.219865907026",Calle,,VERA,Constitución,Asfalto,No existe,XIX,Dentro,Urbana,Otra Señal,No existe,Intersección,Ahuellamiento,Buena,Nocturna,Buen Tiempo,Múltiple,S/D,Colisión,Ninguna,Faltante,Cordón divisorio,Sin restricción
2021,7243,2021-06-18,Viernes,,,0.0,1,Otros, ,1,1,0,0,0,0,0,"-32.95817760227484,-60.666264034822",S/D,,ROSARIO,Constitución,S/D,S/D,II,S/D,S/D,Otra Señal,S/D,Intersección,S/D,S/D,S/D,S/D,Múltiple,S/D,Colisión,S/D,S/D,Cordón divisorio,Sin restricción
2021,7244,2021-08-02,Lunes,,,0.0,1,Otros, ,1,0,0,0,0,0,1,"-32.9588, -60.69398",S/D,,ROSARIO,Constitución,S/D,S/D,II,Dentro,Urbana,Otra Señal,S/D,Intersección,S/D,S/D,S/D,S/D,Múltiple,S/D,Colisión,S/D,S/D,Cordón divisorio,Sin restricción
2021,7245,2021-08-02,Lunes,,,0.0,1,Otros, ,1,0,0,0,0,0,1,"-32.9588, -60.69398",S/D,,ROSARIO,Constitución,S/D,S/D,II,S/D,S/D,Otra Señal,S/D,Intersección,S/D,S/D,S/D,S/D,Múltiple,S/D,Colisión,S/D,S/D,Cordón divisorio,Sin restricción
2021,7246,2021-10-11,Lunes,04:10:00,,0.0,2,"Automóvil,Automóvil",Av. Urquiza Y Pje Cervantes,2,1,0,0,1,0,0,"-31.659555904347,-60.717337096004",Avenida,,SANTA FE,Constitución,Asfalto,No existe,I,Dentro,Urbana,Otra Señal,No existe,Intersección,Bueno,Buena,"Nocturna,Con luz artificial",Buen Tiempo,Múltiple,S/D,Colisión,Ninguna,Faltante,Cordón divisorio,Sin restricción
2021,7249,2021-06-18,Viernes,,,0.0,1,Otros, ,1,1,0,0,0,0,0,"-32.95817760227484,-60.666264034822",S/D,,ROSARIO,Constitución,S/D,S/D,II,S/D,S/D,Otra Señal,S/D,Intersección,S/D,S/D,S/D,S/D,Múltiple,S/D,Colisión,S/D,S/D,Cordón divisorio,Sin restricción
2021,7250,2021-10-15,Viernes,14:00:00,,0.0,2,"Automóvil,Automóvil",Av. Urquiza Y Santiago de Chile,3,1,0,0,2,0,0,"-31.636403463592,-60.710481578375",Avenida,,SANTA FE,Constitución,Asfalto,No existe,I,Dentro,Urbana,Otra Señal,Funciona,Intersección,Bueno,Buena,Diurna,Buen Tiempo,Múltiple,S/D,Colisión,Ninguna,"Horizontal,Vertical",Cordón divisorio,Sin restricción
2021,7251,2021-06-18,Viernes,,,0.0,1,Otros, ,1,1,0,0,0,0,0,"-32.95817760227484,-60.666264034822",S/D,,ROSARIO,Constitución,S/D,S/D,II,S/D,S/D,Otra Señal,S/D,Intersección,S/D,S/D,S/D,S/D,Múltiple,S/D,Colisión,S/D,S/D,Cordón divisorio,Sin restricción
2021,7252,2021-08-22,Domingo,,,0.0,2,"Vehículo Oficial,Moto/Ciclomotor",Bernardo de Irigoyen Y Chaco,3,1,0,0,2,0,0,"-31.57325, -60.71895",Calle,,SANTA FE,Constitución,S/D,S/D,I,Dentro,Urbana,Otra Señal,S/D,Intersección,S/D,S/D,S/D,S/D,Múltiple,S/D,Colisión,S/D,S/D,Cordón divisorio,Sin restricción
2021,7255,2021-10-13,Miercoles,14:30:00,,0.0,2,"Moto/Ciclomotor,Automóvil",Irigoyen Freyre Y San Jerónimo,2,1,0,0,1,0,0,"-31.643096172099,-60.70704314043",Calle,,SANTA FE,Constitución,Asfalto,No existe,I,Dentro,Urbana,Otra Señal,No existe,Intersección,Bueno,Buena,Diurna,Buen Tiempo,Múltiple,S/D,Colisión,Ninguna,Horizontal,Cordón divisorio,Sin restricción