anio_acci,nro_acci,fecha,desc_dia,hora_aprox,desc_ruta,km,cant_participantes,desc_participante,calle_avenida_km,total,heridos_leves,heridos_graves,heridos_gravisimos,ilesos,fallecidos,sin_datos,posicion_XY,desc_tipo_via,desc_ruta_ori,desc_loc,desc_dpto,desc_tipo_calzada,desc_tipo_banquina,desc_unidad_regional,desc_lugar_calzada,desc_zona,desc_prioridad,desc_estado_semaforo,desc_lugar_via,desc_estado_via,desc_estado_visibilidad,desc_luminosidad,desc_estado_clima,desc_tipo_colision,desc_tipo_atropello,desc_tipo_hecho,desc_pres_calzada,desc_senializacion,desc_separacion_via,desc_restriccion
2021,7256,2021-08-02,Lunes,,,0.0,1,Otros, ,1,0,0,0,0,0,1,"-32.9588, -60.69398",S/D,,ROSARIO,Constitución,S/D,S/D,II,Dentro,Urbana,Otra Señal,S/D,Intersección,S/D,S/D,S/D,S/D,Múltiple,S/D,Colisión,S/D,S/D,Cordón divisorio,Sin restricción
2021,7257,2021-08-02,Lunes,,,0.0,1,Otros, ,1,0,0,0,0,0,1,"-32.9588, -60.69398",Calle,,ROSARIO,Constitución,S/D,S/D,II,Dentro,Urbana,Otra Señal,S/D,Intersección,S/D,S/D,S/D,S/D,Múltiple,S/D,Colisión,S/D,S/D,Cordón divisorio,Sin restricción
2021,7259,2021-10-18,Lunes,14:45:00,,0.0,2,"Moto/Ciclomotor,Automóvil",Av. Urquiza Y Primera Junta,2,1,0,0,1,0,0,"-31.646312653267,-60.713271536026",Calle,,SANTA FE,Constitución,Asfalto,No existe,I,Dentro,Urbana,Otra Señal,Funciona,Intersección,Bueno,Buena,Diurna,Buen Tiempo,Múltiple,S/D,Colisión,Ninguna,"Horizontal,Vertical",Cordón divisorio,Sin restricción
2021,7261,2021-10-21,Jueves,16:30:00,,0.0,2,"Moto/Ciclomotor,Otros",Rivadavia Y Suipacha,2,1,0,0,0,0,1,"-31.640564672148,-60.702475325938",Calle,,SANTA FE,Constitución,Asfalto,Pavimento,I,Dentro,Urbana,Otra Señal,Funciona,Intersección,Bueno,Buena,Diurna,Buen Tiempo,Múltiple,S/D,Colisión,Ninguna,"Horizontal,Vertical",Cordón divisorio,Sin restricción
2021,7262,2021-08-22,Domingo,,,0.0,3,"Moto/Ciclomotor,Peatón,Peatón",Av. Peñaloza Y Reg. 12 de Infantería,3,3,0,0,0,0,0,"-31.59371, -60.71218",Avenida,,SANTA FE,Constitución,Asfalto,S/D,I,Dentro,Urbana,Otra Señal,S/D,Intersección,S/D,S/D,S/D,S/D,Múltiple,Peatón,Colisión,S/D,S/D,Cordón divisorio,Sin restricción
2021,7263,2021-08-02,Lunes,,,0.0,1,Otros, ,1,0,0,0,0,0,1,"-32.9588, -60.69398",S/D,,ROSARIO,Constitución,S/D,S/D,II,Dentro,Urbana,Otra Señal,S/D,Intersección,S/D,S/D,S/D,S/D,Múltiple,S/D,Colisión,S/D,S/D,Cordón divisorio,Sin restricción
2021,7264,2021-08-02,Lunes,,,0.0,1,Otros, ,1,0,0,0,0,0,1,"-32.9588, -60.69398",S/D,,ROSARIO,Constitución,S/D,S/D,II,Dentro,Urbana,Otra Señal,S/D,Intersección,S/D,S/D,S/D,S/D,Múltiple,S/D,Colisión,S/D,S/D,Cordón divisorio,Sin restricción
2021,7265,2021-10-18,Lunes,12:00:00,,0.0,2,"Moto/Ciclomotor,Automóvil",Salta Y San Jerónimo,2,1,0,0,1,0,0,"-31.649930203995,-60.709013613909",Calle,,SANTA FE,Constitución,Asfalto,No existe,I,Dentro,Urbana,Otra Señal,No existe,Intersección,Bueno,Buena,Diurna,Buen Tiempo,Múltiple,S/D,Colisión,Ninguna,Faltante,Cordón divisorio,Sin restricción
2021,7266,2021-08-02,Lunes,,,0.0,1,Otros, ,1,0,0,0,0,0,1,"-32.9588, -60.69398",S/D,,ROSARIO,Constitución,S/D,S/D,II,Dentro,Urbana,Otra Señal,S/D,Intersección,S/D,S/D,S/D,S/D,Múltiple,S/D,Colisión,S/D,S/D,Cordón divisorio,Sin restricción
2021,7267,2021-06-19,Sabado,,,0.0,1,Otros, ,1,1,0,0,0,0,0,"-32.95817760227484,-60.666264034822",S/D,,ROSARIO,Constitución,S/D,S/D,II,S/D,S/D,Otra Señal,S/D,Intersección,S/D,S/D,S/D,S/D,Múltiple,S/D,Colisión,S/D,S/D,Cordón divisorio,Sin restricción
2021,7268,2021-06-19,Sabado,,,0.0,1,Otros, ,1,1,0,0,0,0,0,"-32.95817760227484,-60.666264034822",S/D,,ROSARIO,Constitución,S/D,S/D,II,S/D,S/D,Otra Señal,S/D,Intersección,S/D,S/D,S/D,S/D,Múltiple,S/D,Colisión,S/D,S/D,Cordón divisorio,Sin restricción
2021,7269,2021-08-22,Domingo,21:15:00,Ruta Nacional 11,419.0,1,Moto/Ciclomotor, ,1,1,0,0,0,0,0,"-31.96146, -60.92751",Ruta,11,CORONDA,Constitución,Asfalto,S/D,XV,Dentro,Rural,Otra Señal,S/D,Intersección,S/D,S/D,Nocturna,S/D,Múltiple,S/D,Colisión,S/D,S/D,Cordón divisorio,Sin restricción
2021,7270,2021-06-21,Lunes,,,0.0,1,Otros, ,1,1,0,0,0,0,0,"-32.95817760227484,-60.666264034822",S/D,,ROSARIO,Constitución,S/D,S/D,II,S/D,S/D,Otra Señal,S/D,Intersección,S/D,S/D,S/D,S/D,Múltiple,S/D,Colisión,S/D,S/D,Cordón divisorio,Sin restricción
2021,7271,2021-06-22,Martes,,,0.0,1,Otros, ,1,1,0,0,0,0,0,"-32.95817760227484,-60.666264034822",S/D,,ROSARIO,Constitución,S/D,S/D,II,S/D,S/D,Otra Señal,S/D,Intersección,S/D,S/D,S/D,S/D,Múltiple,S/D,Colisión,S/D,S/D,Cordón divisorio,Sin restricción
2021,7272,2021-10-25,Lunes,08:50:00,,0.0,2,"Bicicleta,Automóvil",Hipólito Yrigoyen Y San Jerónimo,2,1,0,0,1,0,0,"-31.64194815441,-60.706712932046",Calle,,SANTA FE,Constitución,Asfalto,No existe,I,Dentro,Urbana,Otra Señal,No existe,Intersección,Bueno,Buena,Diurna,Buen Tiempo,Múltiple,Ciclista,Colisión,Ninguna,Faltante,Cordón divisorio,Sin restricción
2021,7273,2021-06-20,Domingo,00:05:00,,0.0,1,Bicicleta, ,1,1,0,0,0,0,0,"-32.92302131652833,-60.708560943603",S/D,,ROSARIO,Constitución,S/D,S/D,II,Dentro,Urbana,Otra Señal,S/D,Intersección,S/D,S/D,Nocturna,S/D,Múltiple,S/D,Colisión,S/D,S/D,Cordón divisorio,Sin restricción
2021,7275,2021-06-20,Domingo,00:05:00,,0.0,1,Moto/Ciclomotor, ,1,1,0,0,0,0,0,"-32.97426223754883,-60.765209197998",S/D,,ROSARIO,Constitución,S/D,S/D,II,S/D,Rural,Otra Señal,S/D,Intersección,S/D,S/D,S/D,S/D,Múltiple,S/D,Colisión,S/D,S/D,Cordón divisorio,Sin restricción
2021,7276,2021-06-19,Sabado,20:00:00,,0.0,1,Bicicleta,Mendoza ,1,1,0,0,0,0,0,"-32.940943421301,-60.698632430079",S/D,,ROSARIO,Constitución,S/D,S/D,II,Dentro,Urbana,Otra Señal,S/D,Intersección,S/D,S/D,Nocturna,S/D,Múltiple,S/D,Colisión,S/D,S/D,Cordón divisorio,Sin restricción
2021,7278,2021-06-20,Domingo,12:00:00,,0.0,1,Moto/Ciclomotor,Comodoro Rivadavia ,1,1,0,0,0,0,0,"-32.988070396137,-60.683100091386",S/D,,ROSARIO,Constitución,S/D,S/D,II,Dentro,Urbana,Otra Señal,S/D,Intersección,S/D,S/D,Diurna,S/D,Múltiple,S/D,Colisión,S/D,S/D,Cordón divisorio,Sin restricción
2021,7279,2021-06-22,Martes,09:15:00,,0.0,1,Automóvil,Montevideo Y Santiago,1,1,0,0,0,0,0,"-32.952949612597,-60.658459447629",Calle,,ROSARIO,Constitución,Asfalto,No existe,II,Dentro,Urbana,Otra Señal,No existe,Intersección,Bueno,S/D,Diurna,S/D,Múltiple,S/D,Colisión,S/D,Faltante,Cordón divisorio,Sin restricción
2021,7280,2021-06-23,Miercoles,14:30:00,,0.0,1,Moto/Ciclomotor,Bv. Rondeau Y Superi,1,1,0,0,0,0,0,"-32.894295989466,-60.692763310515",Avenida,,ROSARIO,Constitución,Asfalto,No existe,II,Dentro,Urbana,Otra Señal,Funciona,Intersección,Bueno,S/D,Diurna,S/D,Múltiple,S/D,Colisión,S/D,"Horizontal,Vertical",Cordón divisorio,Sin restricción
2021,7281,2021-10-15,Viernes,10:50:00,,0.0,2,"Moto/Ciclomotor,Automóvil",Belgrano Y Castellanos,3,2,0,0,1,0,0,"-31.635550331656,-60.698384640115",Calle,,SANTA FE,Constitución,Asfalto,No existe,I,Dentro,Urbana,Otra Señal,No existe,Intersección,Bueno,Buena,Diurna,Buen Tiempo,Múltiple,S/D,Colisión,Ninguna,Horizontal,Cordón divisorio,Sin restricción
2021,7282,2021-08-23,Lunes,17:00:00,,0.0,1,Moto/Ciclomotor, ,1,1,0,0,0,0,0,"-29.05255, -60.41356",Calle,,FORTÍN OLMOS,Constitución,S/D,S/D,XIX,Dentro,Urbana,Otra Señal,S/D,Intersección,S/D,S/D,Diurna,S/D,Múltiple,S/D,Colisión,S/D,S/D,Cordón divisorio,Sin restricción
2021,7283,2021-08-23,Lunes,,,0.0,1,Moto/Ciclomotor,MANUEL BELGRANO ,2,2,0,0,0,0,0,"-28.9539, -60.13857",Calle,,GARABATO,Constitución,S/D,S/D,XIX,Dentro,Urbana,Otra Señal,S/D,Intersección,S/D,S/D,S/D,S/D,Múltiple,S/D,Colisión,S/D,S/D,Cordón divisorio,Sin restricción
2021,7284,2021-08-24,Martes,,,0.0,2,"Bicicleta,Automóvil", ,2,1,0,0,1,0,0,"-33.59704, -61.31292",S/D,,CARRERAS,Constitución,S/D,S/D,VIII,S/D,S/D,Otra Señal,S/D,Intersección,S/D,S/D,S/D,S/D,Múltiple,Ciclista,Colisión,S/D,S/D,Cordón divisorio,Sin restricción
2021,7285,2021-10-02,Sabado,23:50:00,,0.0,2,"Automóvil,Moto/Ciclomotor",Vélez Sarsfield 3400,2,1,0,0,1,0,0,"-31.640311696859,-60.685976004075",Calle,,SANTA FE,Constitución,Asfalto,No existe,I,Dentro,Urbana,Otra Señal,No existe,Intersección,Bueno,Buena,Nocturna,Buen Tiempo,Múltiple,S/D,Colisión,Ninguna,Horizontal,Cordón divisorio,Sin restricción
2021,7286,2021-10-27,Miercoles,12:10:00,,0.0,2,"Automóvil,Moto/Ciclomotor",Pueyrredón Y San Lorenzo,3,2,0,0,1,0,0,"-29.892398462368,-60.287104085052",Calle,,CALCHAQUÍ,Constitución,Asfalto,No existe,XIX,Dentro,Urbana,Otra Señal,S/D,Intersección,S/D,S/D,Diurna,S/D,Múltiple,S/D,Colisión,S/D,S/D,Cordón divisorio,Sin restricción
2021,7287,2021-06-24,Jueves,,,0.0,1,Otros, ,1,1,0,0,0,0,0,"-32.95817760227484,-60.666264034822",S/D,,ROSARIO,Constitución,S/D,S/D,II,S/D,S/D,Otra Señal,S/D,Intersección,S/D,S/D,S/D,S/D,Múltiple,S/D,Colisión,S/D,S/D,Cordón divisorio,Sin restricción
2021,7288,2021-10-09,Sabado,03:05:00,,0.0,2,"Moto/Ciclomotor,Automóvil",Castellanos Y Güemes,2,1,0,0,1,0,0,"-31.637641, -60.688801",Calle,,SANTA FE,Constitución,Asfalto,No existe,I,Dentro,Urbana,Otra Señal,No existe,Intersección,Bueno,Buena,Nocturna,Buen Tiempo,Múltiple,S/D,Colisión,Ninguna,Faltante,Cordón divisorio,Sin restricción
2021,7289,2021-06-27,Domingo,20:30:00,,0.0,1,Otros, ,1,1,0,0,0,0,0,"-32.95817760227484,-60.666264034822",S/D,,ROSARIO,Constitución,S/D,S/D,II,S/D,S/D,Otra Señal,S/D,Intersección,S/D,S/D,S/D,S/D,Múltiple,S/D,Colisión,S/D,S/D,Cordón divisorio,Sin restricción
2021,7290,2021-06-28,Lunes,20:00:00,,0.0,1,Otros, ,1,1,0,0,0,0,0,"-32.95817760227484,-60.666264034822",S/D,,ROSARIO,Constitución,S/D,S/D,II,S/D,S/D,Otra Señal,S/D,Intersección,S/D,S/D,S/D,S/D,Múltiple,S/D,Colisión,S/D,S/D,Cordón divisorio,Sin restricción
2021,7291,2021-10-14,Jueves,17:00:00,,0.0,2,"Pickup/Utilitario,Automóvil",Belgrano Y Suipacha,2,1,0,0,1,0,0,"-31.641100978624,-60.700065339902",Calle,,SANTA FE,Constitución,Asfalto,No existe,I,Dentro,Urbana,Otra Señal,Funciona,Intersección,Bueno,Buena,Diurna,Buen Tiempo,Múltiple,S/D,Colisión,Ninguna,"Horizontal,Vertical",Cordón divisorio,Sin restricción
2021,7292,2021-08-25,Miercoles,,,0.0,1,Moto/Ciclomotor, ,1,1,0,0,0,0,0,"-31.65725, -60.69784",Calle,,ALTO VERDE,Constitución,S/D,S/D,I,Dentro,Urbana,Otra Señal,S/D,Intersección,S/D,S/D,S/D,S/D,Múltiple,S/D,Colisión,S/D,S/D,Cordón divisorio,Sin restricción
2021,7293,2021-10-25,Lunes,18:30:00,,0.0,2,"Pickup/Utilitario,Moto/Ciclomotor",9 de Julio Y Roque Sáenz PEÑA,3,1,0,0,2,0,0,"-29.882717318298,-60.281522523099",Calle,,CALCHAQUÍ,Constitución,S/D,No existe,XIX,Dentro,Urbana,Otra Señal,S/D,Intersección,S/D,S/D,Diurna,S/D,Múltiple,S/D,Colisión,S/D,S/D,Cordón divisorio,Sin restricción
2021,7294,2021-10-04,Lunes,15:10:00,,0.0,2,"Bicicleta,Automóvil",Bv Gálvez Y Candioti,2,1,0,0,1,0,0,"-31.637247, -60.695522",Avenida,,SANTA FE,Constitución,Asfalto,No existe,I,Dentro,Urbana,Otra Señal,No existe,Intersección,Bueno,Buena,Diurna,Buen Tiempo,Múltiple,Ciclista,Colisión,Ninguna,"Horizontal,Vertical",Cordón divisorio,Sin restricción
2021,7296,2021-06-27,Domingo,21:10:00,,0.0,1,Automóvil,Av. Pellegrini ,1,1,0,0,0,0,0,"-32.949129940208,-60.68592171652",Avenida,,ROSARIO,Constitución,S/D,S/D,II,Dentro,Urbana,Otra Señal,S/D,Intersección,S/D,S/D,Nocturna,S/D,Múltiple,S/D,Colisión,S/D,S/D,Cordón divisorio,Sin restricción
2021,7297,2021-10-20,Miercoles,07:35:00,,0.0,2,"Moto/Ciclomotor,Automóvil",Candioti Y Luciano Molinas,2,1,0,0,1,0,0,"-31.633537, -60.694397",Calle,,SANTA FE,Constitución,Asfalto,No existe,I,Dentro,Urbana,Otra Señal,No existe,Intersección,Bueno,Buena,Diurna,Buen Tiempo,Múltiple,S/D,Colisión,Ninguna,"Horizontal,Vertical",Cordón divisorio,Sin restricción
2021,7298,2021-06-27,Domingo,20:00:00,,0.0,1,Moto/Ciclomotor,Av. Pellegrini ,1,1,0,0,0,0,0,"-32.949129940208,-60.68592171652",Avenida,,ROSARIO,Constitución,S/D,S/D,II,Dentro,Urbana,Otra Señal,S/D,Intersección,S/D,S/D,Nocturna,S/D,Múltiple,S/D,Colisión,S/D,S/D,Cordón divisorio,Sin restricción
2021,7299,2021-06-29,Martes,19:00:00,,0.0,1,Bicicleta,Av. Pellegrini ,1,1,0,0,0,0,0,"-32.949129940208,-60.68592171652",S/D,,ROSARIO,Constitución,S/D,S/D,II,Dentro,Urbana,Otra Señal,S/D,Intersección,S/D,S/D,Nocturna,S/D,Múltiple,S/D,Colisión,S/D,S/D,Cordón divisorio,Sin restricción
2021,7300,2021-06-25,Viernes,22:30:00,,0.0,1,Automóvil,Castellanos ,2,1,0,0,0,0,1,"-32.948675745703,-60.677266675",S/D,,ROSARIO,Constitución,Asfalto,S/D,II,Dentro,Urbana,Otra Señal,S/D,Intersección,S/D,S/D,Nocturna,S/D,Múltiple,S/D,Colisión,S/D,S/D,Cordón divisorio,Sin restricción
2021,7301,2021-06-25,Viernes,20:10:00,,0.0,2,"Automóvil,Automóvil",Dean Funes ,2,2,0,0,0,0,0,"-32.967358344456,-60.708570792177",S/D,,ROSARIO,Constitución,S/D,S/D,II,Dentro,Urbana,Otra Señal,S/D,Intersección,S/D,S/D,Nocturna,S/D,Múltiple,S/D,Colisión,S/D,S/D,Cordón divisorio,Sin restricción
2021,7302,2021-10-31,Domingo,19:40:00,Ruta Provincial 6,60.5,3,"Camión c / Acoplado,Automóvil,Automóvil", ,5,1,0,0,4,0,0,"-31.50772, -60.92587",Ruta,6,FRANCK,Constitución,Asfalto,Natural,XI,Dentro,Rural,Otra Señal,No existe,Intersección,Bueno,Buena,Nocturna,Buen Tiempo,Múltiple,S/D,Colisión,Ninguna,Horizontal,Cordón divisorio,Sin restricción
2021,7303,2021-06-25,Viernes,18:30:00,,0.0,1,Bicicleta,ABORÍGENES ARGENTINOS ,1,1,0,0,0,0,0,"-32.98099388252,-60.696020469733",S/D,,ROSARIO,Constitución,S/D,S/D,II,S/D,S/D,Otra Señal,S/D,Intersección,S/D,S/D,Diurna,S/D,Múltiple,S/D,Colisión,S/D,S/D,Cordón divisorio,Sin restricción
2021,7304,2021-10-02,Sabado,15:15:00,Ruta Nacional 168,0.0,2,"Moto/Ciclomotor,Pickup/Utilitario", ,2,1,0,0,1,0,0,"-31.640316, -60.683379",Ruta,168,SANTA FE,Constitución,Asfalto,No existe,I,Dentro,Urbana,Otra Señal,No existe,Intersección,Bueno,Buena,Diurna,Buen Tiempo,Múltiple,S/D,Colisión,Ninguna,"Horizontal,Vertical",Cordón divisorio,Sin restricción
2021,7305,2021-06-26,Sabado,00:30:00,,0.0,1,Moto/Ciclomotor,Derqui ,1,1,0,0,0,0,0,"-32.937795200691,-60.705195990784",S/D,,ROSARIO,Constitución,S/D,S/D,II,Dentro,Urbana,Otra Señal,S/D,Intersección,S/D,S/D,Nocturna,S/D,Múltiple,S/D,Colisión,S/D,S/D,Cordón divisorio,Sin restricción
2021,7306,2021-08-25,Miercoles,,,0.0,2,"Bicicleta,Pickup/Utilitario",Necochea Y Ángel Cassanello,2,1,0,0,1,0,0,"-31.61104, -60.68665",Calle,,SANTA FE,Constitución,Asfalto,S/D,I,Dentro,Urbana,Otra Señal,S/D,Intersección,S/D,S/D,S/D,S/D,Múltiple,Ciclista,Colisión,S/D,S/D,Cordón divisorio,Sin restricción
2021,7307,2021-06-27,Domingo,,,0.0,1,Moto/Ciclomotor, ,1,1,0,0,0,0,0,"-32.90018074759292,-60.904927648564",S/D,,ROLDÁN,Constitución,S/D,S/D,II,S/D,S/D,Otra Señal,S/D,Intersección,S/D,S/D,S/D,S/D,Múltiple,S/D,Colisión,S/D,S/D,Cordón divisorio,Sin restricción
2021,7308,2021-08-26,Jueves,,,0.0,2,"Moto/Ciclomotor,Automóvil",9 de julio Y J Macia,2,1,0,0,1,0,0,"-31.66833, -60.75668",Calle,,SANTO TOMÉ,Constitución,Asfalto,S/D,I,Dentro,Urbana,Otra Señal,S/D,Intersección,S/D,S/D,S/D,S/D,Múltiple,S/D,Colisión,S/D,S/D,Cordón divisorio,Sin restricción
2021,7309,2021-03-06,Sabado,18:00:00,,0.0,2,"Otros,Peatón",Liniers Y Av. Pte. Perón,2,0,0,0,0,1,1,"-32.961063478026276, -60.6977345090",Calle,,ROSARIO,Constitución,Asfalto,No existe,II,Dentro,Urbana,Otra Señal,Funciona,Intersección,Bueno,S/D,Diurna,S/D,Múltiple,Peatón,Colisión,Ninguna,"Horizontal,Vertical",Cordón divisorio,Sin restricción
2021,7310,2021-10-20,Miercoles,13:30:00,,0.0,2,"Moto/Ciclomotor,Automóvil",Candioti Y Gdor. Candioti,3,2,0,0,1,0,0,"-31.640021387062,-60.696288684246",Calle,,SANTA FE,Constitución,Asfalto,No existe,I,Dentro,Urbana,Otra Señal,No existe,Intersección,Bueno,Buena,Diurna,Buen Tiempo,Múltiple,S/D,Colisión,Ninguna,Horizontal,Cordón divisorio,Sin restricción
2021,7311,2021-08-26,Jueves,17:00:00,,0.0,2,"Moto/Ciclomotor,Automóvil",Buenos Aires Y Chile,2,1,0,0,1,0,0,"-33.04995, -61.1764",Calle,,CASILDA,Constitución,S/D,S/D,IV,Dentro,Urbana,Otra Señal,S/D,Intersección,S/D,S/D,Diurna,S/D,Múltiple,S/D,Colisión,S/D,S/D,Cordón divisorio,Sin restricción
2021,7312,2021-10-10,Domingo,17:20:00,,0.0,2,"Automóvil,Camión Chasis",José Forte ,5,1,0,0,4,0,0,"-31.457117572486,-60.87573191019",Camino Rural,,ESPERANZA,Constitución,Tierra,No existe,II,S/D,Rural,Otra Señal,No existe,Intersección,S/D,Reducida polvo,Atardecer,Buen Tiempo,Múltiple,S/D,Colisión,S/D,S/D,Cordón divisorio,Sin restricción
2021,7313,2021-10-05,Martes,13:00:00,,0.0,2,"Moto/Ciclomotor,Moto/Ciclomotor",Buenos Aires Y Las Heras,2,2,0,0,0,0,0,"-32.471449676054,-61.573568393713",Calle,,LAS ROSAS,Constitución,Asfalto,No existe,III,Dentro,Urbana,Otra Señal,No existe,Intersección,Bueno,Buena,Diurna,Buen Tiempo,Múltiple,S/D,Colisión,Ninguna,Faltante,Cordón divisorio,Sin restricción
2021,7314,2021-08-27,Viernes,19:30:00,,0.0,2,"Automóvil,Pickup/Utilitario",Av. Peñaloza Y J Castelli,4,2,0,0,2,0,0,"-31.60248, -60.71281",Avenida,,SANTA FE,Constitución,Asfalto,S/D,I,Dentro,Urbana,Otra Señal,S/D,Intersección,S/D,S/D,Atardecer,S/D,Múltiple,S/D,Colisión,S/D,S/D,Cordón divisorio,Sin restricción
2021,7315,2021-10-08,Viernes,18:50:00,Ruta Provincial 70,41.0,2,"Moto/Ciclomotor,Moto/Ciclomotor", ,3,2,0,0,1,0,0,"-31.37826, -61.13311",Ruta,70,COLONIA NUEVA,Constitución,Asfalto,Natural,XI,Dentro,Rural,Otra Señal,No existe,Intersección,Bueno,Buena,Diurna,Buen Tiempo,Múltiple,S/D,Colisión,Ninguna,Horizontal,Cordón divisorio,Sin restricción
2021,7316,2021-10-17,Domingo,17:50:00,,0.0,2,"Automóvil,Moto/Ciclomotor",E Wuthrich Y Moreno,3,2,0,0,1,0,0,"-31.725513, -61.088316",Calle,,SAN CARLOS CENTRO,Constitución,Asfalto,No existe,XI,Dentro,Urbana,Otra Señal,No existe,Intersección,Bueno,Buena,Diurna,Buen Tiempo,Múltiple,S/D,Colisión,Ninguna,Faltante,Cordón divisorio,Sin restricción
2021,7317,2021-10-18,Lunes,20:45:00,,0.0,1,Moto/Ciclomotor,Av. Beck-Herzog 1400,1,1,0,0,0,0,0,"-31.404237812139,-61.083125544085",Avenida,,HUMBOLDT,Constitución,Hormigón,No existe,XI,Dentro,Urbana,Otra Señal,No existe,Intersección,Bueno,Buena,"Nocturna,Con luz artificial",Buen Tiempo,Múltiple,S/D,Colisión,Ninguna,Faltante,Cordón divisorio,Sin restricción
2021,7318,2021-10-01,Viernes,12:00:00,,0.0,2,"Moto/Ciclomotor,Automóvil",Av. Beck-Herzog ,2,1,0,0,1,0,0,"-31.400617310317,-61.082550372713",Avenida,,HUMBOLDT,Constitución,Hormigón,No existe,XI,Dentro,Urbana,Otra Señal,No existe,Intersección,Bueno,Buena,Diurna,Buen Tiempo,Múltiple,S/D,Colisión,Ninguna,Faltante,Cordón divisorio,Sin restricción
2021,7319,2021-08-28,Sabado,,,0.0,1,Automóvil, ,2,2,0,0,0,0,0,"-31.44908, -60.93013",S/D,,ESPERANZA,Constitución,S/D,S/D,XI,S/D,S/D,Otra Señal,S/D,Intersección,S/D,S/D,S/D,S/D,Múltiple,S/D,Colisión,S/D,S/D,Cordón divisorio,Sin restricción
2021,7320,2021-10-19,Martes,12:15:00,,0.0,2,"Automóvil,Moto/Ciclomotor",Rivadavia 1660,3,2,0,0,1,0,0,"-31.736434, -61.092464",Calle,,SAN CARLOS CENTRO,Constitución,Ripio,No existe,XI,Dentro,Urbana,Otra Señal,No existe,Intersección,Bueno,Buena,Diurna,Buen Tiempo,Múltiple,S/D,Colisión,Ninguna,Faltante,Cordón divisorio,Sin restricción
2021,7321,2021-10-25,Lunes,15:20:00,Ruta Provincial 70,39.0,1,Moto/Ciclomotor, ,1,1,0,0,0,0,0,"-31.38466, -61.11405",Ruta,70,COLONIA NUEVA,Constitución,Asfalto,Natural,XI,Dentro,Rural,Otra Señal,No existe,Intersección,Bueno,Buena,Diurna,Buen Tiempo,Múltiple,S/D,Colisión,Ninguna,Horizontal,Cordón divisorio,Sin restricción
2021,7322,2021-10-21,Jueves,08:30:00,,0.0,2,"Tractor,Moto/Ciclomotor",Palacios 278,3,1,0,0,2,0,0,"-31.242176148351,-61.213349773272",Calle,,FELICIA,Constitución,S/D,No existe,XI,Dentro,Urbana,Otra Señal,S/D,Intersección,S/D,S/D,Diurna,S/D,Múltiple,S/D,Colisión,S/D,S/D,Cordón divisorio,Sin restricción
2021,7323,2021-10-24,Domingo,19:15:00,,0.0,2,"Automóvil,Moto/Ciclomotor",Av. De La Libertad Y Perú,2,1,0,0,1,0,0,"-31.451449923808,-60.908359682753",Avenida,,ROSARIO,Constitución,Asfalto,No existe,II,Dentro,Urbana,Otra Señal,No existe,Intersección,Bueno,Buena,Atardecer,Buen Tiempo,Múltiple,S/D,Colisión,Ninguna,Faltante,Cordón divisorio,Sin restricción
2021,7324,2021-08-28,Sabado,13:50:00,Autopista Provincial Brigadier E.LÓPEZ,100.0,1,Automóvil, ,3,3,0,0,0,0,0,"-32.07996, -60.99342",Autopista,Brigadier E.LÓPEZ,AROCENA,Constitución,Asfalto,S/D,XV,Dentro,Rural,Otra Señal,S/D,Intersección,S/D,S/D,Diurna,S/D,Múltiple,S/D,Colisión,S/D,S/D,Cordón divisorio,Sin restricción
2021,7326,2021-10-21,Jueves,20:00:00,Ruta Provincial 6,0.0,2,"Bicicleta,Moto/Ciclomotor",Almafuerte Y San Martin,3,3,0,0,0,0,0,"-31.732441061876,-61.094312324392",Ruta,6,SAN CARLOS CENTRO,Constitución,Asfalto,No existe,XI,Dentro,Urbana,Otra Señal,Funciona,Intersección,Bueno,Buena,Atardecer,Buen Tiempo,Múltiple,Ciclista,Colisión,Ninguna,Vertical,Cordón divisorio,Sin restricción
2021,7327,2021-10-30,Sabado,10:45:00,Ruta Provincial 70,0.0,2,"Automóvil,Moto/Ciclomotor",América Y Ruta provincial 70,2,1,0,0,1,0,0,"-31.448595371428,-60.904566083965",Ruta,70,ESPERANZA,Constitución,Asfalto,No existe,XI,Dentro,Urbana,Otra Señal,Funciona,Intersección,Bueno,Buena,Diurna,Buen Tiempo,Múltiple,S/D,Colisión,Ninguna,"Horizontal,Vertical",Cordón divisorio,Sin restricción
2021,7329,2021-10-30,Sabado,05:00:00,Ruta Nacional 19,49.0,1,Camión c / Acoplado, ,1,1,0,0,0,0,0,"-31.59046, -61.27918",Ruta,19,SA PEREIRA,Constitución,Asfalto,Natural,XI,Dentro,Rural,Otra Señal,No existe,Intersección,Bueno,Buena,Nocturna,Buen Tiempo,Múltiple,S/D,Colisión,Ninguna,Horizontal,Cordón divisorio,Sin restricción
2021,7330,2021-10-05,Martes,16:15:00,Ruta Provincial 6,0.0,2,"Automóvil,Moto/Ciclomotor",General San Martin Y La Carlota,2,1,0,0,1,0,0,"-31.671360371703,-61.07872768845",Ruta,6,SAN CARLOS NORTE,Constitución,Asfalto,No existe,XI,Dentro,Urbana,Otra Señal,No existe,Intersección,Bueno,Buena,Diurna,Buen Tiempo,Múltiple,S/D,Colisión,Ninguna,Horizontal,Cordón divisorio,Sin restricción
2021,7331,2021-08-29,Domingo,21:30:00,Ruta Nacional A012,0.0,2,"Automóvil,Automóvil", ,2,1,0,0,1,0,0,"-32.9005, -60.89305",Ruta,A012,ROLDÁN,Constitución,Asfalto,S/D,XVII,Dentro,Rural,Otra Señal,S/D,Intersección,S/D,S/D,Nocturna,S/D,Múltiple,S/D,Colisión,S/D,S/D,Cordón divisorio,Sin restricción