anio_acci,nro_acci,fecha,desc_dia,hora_aprox,desc_ruta,km,cant_participantes,desc_participante,calle_avenida_km,total,heridos_leves,heridos_graves,heridos_gravisimos,ilesos,fallecidos,sin_datos,posicion_XY,desc_tipo_via,desc_ruta_ori,desc_loc,desc_dpto,desc_tipo_calzada,desc_tipo_banquina,desc_unidad_regional,desc_lugar_calzada,desc_zona,desc_prioridad,desc_estado_semaforo,desc_lugar_via,desc_estado_via,desc_estado_visibilidad,desc_luminosidad,desc_estado_clima,desc_tipo_colision,desc_tipo_atropello,desc_tipo_hecho,desc_pres_calzada,desc_senializacion,desc_separacion_via,desc_restriccion
2021,7332,2021-10-31,Domingo,19:30:00,,0.0,2,"Moto/Ciclomotor,Automóvil",Entre Ríos Y Mitre,3,2,0,0,1,0,0,"-31.744541981507,-61.100190035485",Calle,,SAN CARLOS CENTRO,Constitución,Ripio,No existe,XI,Dentro,Urbana,Otra Señal,No existe,Intersección,Bueno,Buena,"Nocturna,Con luz artificial",Buen Tiempo,Múltiple,S/D,Colisión,Ninguna,Faltante,Cordón divisorio,Sin restricción
2021,7333,2021-10-20,Miercoles,15:50:00,,0.0,2,"Moto/Ciclomotor,Pickup/Utilitario",Candioti Y Gdor. Candioti,3,2,0,0,1,0,0,"-31.640021387062,-60.696288684246",Calle,,SANTA FE,Constitución,Asfalto,No existe,II,Dentro,Urbana,Otra Señal,No existe,Intersección,Bueno,S/D,Diurna,S/D,Múltiple,S/D,Colisión,S/D,Horizontal,Cordón divisorio,Sin restricción
2021,7334,2021-10-16,Sabado,18:00:00,,0.0,2,"Automóvil,Peatón",25 de mayo 538,2,1,0,0,1,0,0,"-31.755823679313,-61.099239812439",Calle,,SAN JERÓNIMO NORTE,Constitución,Hormigón,No existe,XI,Dentro,Urbana,Otra Señal,No existe,Intersección,Bueno,Buena,Diurna,Buen Tiempo,Múltiple,Peatón,Colisión,Ninguna,Faltante,Cordón divisorio,Sin restricción
2021,7335,2021-10-11,Lunes,20:30:00,,0.0,2,"Bicicleta,Automóvil",Laurencio Maradona 1100,2,1,0,0,1,0,0,"-31.639412325534,-60.657220359057",Calle,,SANTA FE,Constitución,Asfalto,No existe,I,Dentro,Urbana,Otra Señal,No existe,Intersección,Bueno,Reducida,"Nocturna,Con luz artificial",Buen Tiempo,Múltiple,Ciclista,Colisión,Ninguna,Faltante,Cordón divisorio,Sin restricción
2021,7336,2021-10-12,Martes,18:00:00,,0.0,2,"Automóvil,Moto/Ciclomotor",Los Solares ,2,1,0,0,1,0,0,"-32.766223, -60.775099",Calle,,RICARDONE,Constitución,Asfalto,No existe,XVII,Dentro,Urbana,Otra Señal,No existe,Intersección,Bueno,Buena,Diurna,Buen Tiempo,Múltiple,S/D,Colisión,Ninguna,Faltante,Cordón divisorio,Sin restricción
2021,7337,2021-08-03,Martes,02:00:00,,0.0,1,Moto/Ciclomotor,Amenábar Y Valparaíso,1,1,0,0,0,0,0,"-32.9644, -60.68836",Calle,,ROSARIO,Constitución,S/D,S/D,II,Dentro,Urbana,Otra Señal,S/D,Intersección,S/D,S/D,S/D,S/D,Múltiple,S/D,Colisión,S/D,S/D,Cordón divisorio,Sin restricción
2021,7339,2021-08-29,Domingo,11:00:00,,0.0,2,"Automóvil,Moto/Ciclomotor",Belgrano Y Córdoba,2,1,0,0,1,0,0,"-32.71682, -60.73516",Calle,,PUERTO SAN MARTÍN,Constitución,S/D,S/D,XVII,Dentro,Urbana,Otra Señal,S/D,Intersección,S/D,S/D,Diurna,S/D,Múltiple,S/D,Colisión,S/D,S/D,Cordón divisorio,Sin restricción
2021,7340,2021-08-04,Miercoles,,,0.0,1,Otros, ,1,1,0,0,0,0,0,"-32.95643, -60.69418",Calle,,ROSARIO,Constitución,S/D,S/D,II,Dentro,Urbana,Otra Señal,S/D,Intersección,S/D,S/D,S/D,S/D,Múltiple,S/D,Colisión,S/D,S/D,Cordón divisorio,Sin restricción
2021,7341,2021-08-04,Miercoles,,,0.0,1,Otros, ,1,0,0,0,0,0,1,"-32.95643, -60.69418",Calle,,ROSARIO,Constitución,S/D,S/D,II,Dentro,Urbana,Otra Señal,S/D,Intersección,S/D,S/D,S/D,S/D,Múltiple,S/D,Colisión,S/D,S/D,Cordón divisorio,Sin restricción
2021,7342,2021-08-29,Domingo,,,0.0,2,"Moto/Ciclomotor,Bicicleta",Avenida Nuestra Señora del Luj Y Frutos,3,3,0,0,0,0,0,"-31.68242, -60.77647",Avenida,,SANTO TOMÉ,Constitución,Asfalto,S/D,I,Dentro,Urbana,Otra Señal,Funciona,Intersección,S/D,S/D,S/D,S/D,Múltiple,Ciclista,Colisión,S/D,S/D,Cordón divisorio,Sin restricción
2021,7343,2021-10-16,Sabado,22:10:00,,0.0,2,"Taxi/Remis,Pickup/Utilitario",1ro de Mayo Y J Castelli,2,1,0,0,1,0,0,"-31.60556337227,-60.698503183203",Calle,,SANTA FE,Constitución,Asfalto,No existe,I,Dentro,Urbana,Otra Señal,No existe,Intersección,Bueno,Buena,"Nocturna,Con luz artificial",Buen Tiempo,Múltiple,S/D,Colisión,Ninguna,Faltante,Cordón divisorio,Sin restricción
2021,7344,2021-01-05,Martes,,,0.0,1,Otros, ,1,0,0,0,0,0,1,"-32.95643, -60.69418",Calle,,ROSARIO,Constitución,S/D,S/D,II,Dentro,Urbana,Otra Señal,S/D,Intersección,S/D,S/D,S/D,S/D,Múltiple,S/D,Colisión,S/D,S/D,Cordón divisorio,Sin restricción
2021,7345,2021-10-17,Domingo,01:25:00,,0.0,2,"Automóvil,Moto/Ciclomotor",Av. A del Valle Y Hernandarias,3,2,0,0,1,0,0,"-31.607642862008,-60.693402608003",Avenida,,SANTA FE,Constitución,Asfalto,No existe,I,Dentro,Urbana,Otra Señal,Funciona,Intersección,Bueno,Buena,Diurna,Buen Tiempo,Múltiple,S/D,Colisión,Ninguna,"Horizontal,Vertical",Cordón divisorio,Sin restricción
2021,7346,2021-10-19,Martes,08:45:00,,0.0,2,"Automóvil,Moto/Ciclomotor",Iturraspe Y San Martin,3,1,0,0,2,0,0,"-31.629103213253,-60.701482721328",Calle,,SANTA FE,Constitución,Asfalto,No existe,I,Dentro,Urbana,Otra Señal,No existe,Intersección,Bueno,Buena,Diurna,Buen Tiempo,Múltiple,S/D,Colisión,Ninguna,Vertical,Cordón divisorio,Sin restricción
2021,7347,2021-01-05,Martes,,,0.0,1,Otros, ,1,0,0,0,0,0,1,"-32.95643, -60.69418",Calle,,ROSARIO,Constitución,S/D,S/D,II,Dentro,Urbana,Otra Señal,S/D,Intersección,S/D,S/D,S/D,S/D,Múltiple,S/D,Colisión,S/D,S/D,Cordón divisorio,Sin restricción
2021,7348,2021-08-31,Martes,15:30:00,,0.0,2,"Transporte de Pasajeros Urbano (> 8 asientos),Automóvil",Av. Corrientes Y E.Zeballos,2,1,0,0,1,0,0,"-32.95425, -60.64454",Avenida,,ROSARIO,Constitución,Asfalto,S/D,II,Dentro,Urbana,Otra Señal,S/D,Intersección,S/D,S/D,Diurna,S/D,Múltiple,S/D,Colisión,S/D,S/D,Cordón divisorio,Sin restricción
2021,7349,2021-01-06,Miercoles,,,0.0,1,Otros, ,1,0,0,0,0,0,1,"-32.95643, -60.69418",Calle,,ROSARIO,Constitución,S/D,S/D,II,Dentro,Urbana,Otra Señal,S/D,Intersección,S/D,S/D,S/D,S/D,Múltiple,S/D,Colisión,S/D,S/D,Cordón divisorio,Sin restricción
2021,7350,2021-10-19,Martes,18:10:00,,0.0,2,"Automóvil,Automóvil",Espora Y Pje Lassaga,3,1,0,0,2,0,0,"-31.602080877541,-60.701222118598",Calle,,SANTA FE,Constitución,Asfalto,No existe,I,Dentro,Urbana,Otra Señal,No existe,Intersección,Bueno,Buena,Diurna,Buen Tiempo,Múltiple,S/D,Colisión,Ninguna,Faltante,Cordón divisorio,Sin restricción
2021,7351,2021-10-28,Jueves,11:50:00,,0.0,2,"Automóvil,Moto/Ciclomotor",Av. Gral. López Y San Lorenzo,3,1,0,0,2,0,0,"-31.655322, -60.720182",Avenida,,SANTA FE,Constitución,Asfalto,No existe,I,Dentro,Urbana,Otra Señal,No existe,Intersección,Bueno,Buena,Diurna,Buen Tiempo,Múltiple,S/D,Colisión,Ninguna,Horizontal,Cordón divisorio,Sin restricción
2021,7352,2021-01-07,Jueves,,,0.0,1,Otros, ,1,0,0,0,0,0,1,"-32.95643, -60.69418",Calle,,ROSARIO,Constitución,S/D,S/D,II,Dentro,Urbana,Otra Señal,S/D,Intersección,S/D,S/D,S/D,S/D,Múltiple,S/D,Colisión,S/D,S/D,Cordón divisorio,Sin restricción
2021,7353,2021-10-18,Lunes,13:00:00,,0.0,2,"Bicicleta,Automóvil",Av. Facundo Zuviria Y Espora,2,1,0,0,1,0,0,"-31.601895914852,-60.702058435528",Avenida,,SANTA FE,Constitución,Asfalto,No existe,I,Dentro,Urbana,Otra Señal,No existe,Intersección,Bueno,Buena,Diurna,Buen Tiempo,Múltiple,Ciclista,Colisión,Ninguna,Horizontal,Cordón divisorio,Sin restricción
2021,7354,2021-01-07,Jueves,,,0.0,1,Otros, ,1,0,0,0,0,0,1,"-32.95643, -60.69418",Calle,,ROSARIO,Constitución,S/D,S/D,II,Dentro,Urbana,Otra Señal,S/D,Intersección,S/D,S/D,S/D,S/D,Múltiple,S/D,Colisión,S/D,S/D,Cordón divisorio,Sin restricción
2021,7355,2021-01-07,Jueves,,,0.0,1,Otros, ,1,0,0,0,0,0,1,"-32.95643, -60.69418",Calle,,ROSARIO,Constitución,S/D,S/D,II,Dentro,Urbana,Otra Señal,S/D,Intersección,S/D,S/D,S/D,S/D,Múltiple,S/D,Colisión,S/D,S/D,Cordón divisorio,Sin restricción
2021,7356,2021-10-27,Miercoles,08:20:00,,0.0,2,"Automóvil,Moto/Ciclomotor",Uruguay Y San Lorenzo,2,1,0,0,1,0,0,"-31.659298883984,-60.721336417537",Calle,,SANTA FE,Constitución,Asfalto,No existe,I,Dentro,Urbana,Otra Señal,No existe,Intersección,Bueno,Buena,Diurna,Buen Tiempo,Múltiple,S/D,Colisión,Ninguna,Faltante,Cordón divisorio,Sin restricción
2021,7357,2021-08-31,Martes,,,0.0,2,"Automóvil,Bicicleta", ,2,1,0,0,1,0,0,"-33.04452, -61.16502",S/D,,CASILDA,Constitución,S/D,S/D,IV,S/D,S/D,Otra Señal,S/D,Intersección,S/D,S/D,S/D,S/D,Múltiple,Ciclista,Colisión,S/D,S/D,Cordón divisorio,Sin restricción
2021,7358,2021-01-08,Viernes,,,0.0,1,Otros, ,1,0,0,0,0,0,1,"-32.95643, -60.69418",Calle,,ROSARIO,Constitución,S/D,S/D,II,Dentro,Urbana,Otra Señal,S/D,Intersección,S/D,S/D,S/D,S/D,Múltiple,S/D,Colisión,S/D,S/D,Cordón divisorio,Sin restricción
2021,7359,2021-08-31,Martes,14:30:00,,0.0,2,"Moto/Ciclomotor,Automóvil",Av. Carlos A Poucel Y José Ingenieros,2,1,0,0,1,0,0,"-32.74005, -60.73821",Avenida,,SAN LORENZO,Constitución,S/D,S/D,XVII,Dentro,Urbana,Otra Señal,S/D,Intersección,S/D,S/D,S/D,S/D,Múltiple,S/D,Colisión,S/D,S/D,Cordón divisorio,Sin restricción
2021,7360,2021-01-08,Viernes,,,0.0,1,Otros, ,1,0,0,0,0,0,1,"-32.95643, -60.69418",Calle,,ROSARIO,Constitución,S/D,S/D,II,Dentro,Urbana,Otra Señal,S/D,Intersección,S/D,S/D,S/D,S/D,Múltiple,S/D,Colisión,S/D,S/D,Cordón divisorio,Sin restricción
2021,7361,2021-10-24,Domingo,15:00:00,,0.0,2,"Moto/Ciclomotor,Moto/Ciclomotor",Amenábar Y Zavalia,2,1,0,0,1,0,0,"-31.656901964062,-60.723379120572",Calle,,SANTA FE,Constitución,Asfalto,No existe,I,Dentro,Urbana,Otra Señal,No existe,Intersección,Bueno,Buena,Diurna,Buen Tiempo,Múltiple,S/D,Colisión,Ninguna,Faltante,Cordón divisorio,Sin restricción
2021,7362,2021-10-26,Martes,10:50:00,Ruta Nacional 168,0.0,2,"Moto/Ciclomotor,Automóvil", ,3,2,0,0,1,0,0,"-31.640601, -60.682437",Ruta,168,SANTA FE,Constitución,Asfalto,No existe,I,Dentro,Urbana,Otra Señal,No existe,Intersección,Bueno,Buena,Diurna,Buen Tiempo,Múltiple,S/D,Colisión,Ninguna,Horizontal,Cordón divisorio,Sin restricción
2021,7363,2021-10-15,Viernes,15:15:00,Ruta Nacional 168,0.0,2,"Automóvil,Automóvil", ,5,5,0,0,0,0,0,"-31.640816, -60.680680",Ruta,168,SANTA FE,Constitución,Asfalto,No existe,I,Dentro,Urbana,Otra Señal,No existe,Intersección,Bueno,Buena,Diurna,Buen Tiempo,Múltiple,S/D,Colisión,Ninguna,Horizontal,Cordón divisorio,Sin restricción
2021,7364,2021-10-15,Viernes,21:30:00,,0.0,2,"Moto/Ciclomotor,Moto/Ciclomotor",J J Paso Y Roque Sáenz PEÑA,2,1,0,0,1,0,0,"-31.660429220492,-60.729527078431",Avenida,,SANTA FE,Constitución,"Asfalto,Ripio",No existe,I,Dentro,Urbana,Otra Señal,No existe,Intersección,Bueno,Buena,Nocturna,Buen Tiempo,Múltiple,S/D,Colisión,Ninguna,Faltante,Cordón divisorio,Sin restricción
2021,7365,2021-10-23,Sabado,17:20:00,,0.0,2,"Moto/Ciclomotor,Moto/Ciclomotor",Dr. Zavalla Y 3 de Febrero,3,2,0,0,1,0,0,"-31.655952001963,-60.723118724112",Calle,,SANTA FE,Constitución,Asfalto,No existe,I,Dentro,Urbana,Otra Señal,No existe,Intersección,Bueno,Buena,Diurna,Buen Tiempo,Múltiple,S/D,Colisión,Ninguna,Faltante,Cordón divisorio,Sin restricción
2021,7366,2021-10-05,Martes,23:15:00,,0.0,2,"Automóvil,Moto/Ciclomotor",Av. Mosconi Y Corrientes,2,1,0,0,1,0,0,"-31.649885704031,-60.730498965893",Avenida,,SANTA FE,Constitución,"Asfalto,Tierra",No existe,I,Dentro,Urbana,Otra Señal,No existe,Intersección,Bueno,Buena,Nocturna,Buen Tiempo,Múltiple,S/D,Colisión,Ninguna,Faltante,Cordón divisorio,Sin restricción
2021,7367,2021-10-03,Domingo,16:10:00,,0.0,2,"Automóvil,Moto/Ciclomotor",Av. J J Paso Y Dr. Zavalla,2,1,0,0,1,0,0,"-31.66108090661,-60.72515649669",Avenida,,SANTA FE,Constitución,Asfalto,No existe,I,Dentro,Urbana,Otra Señal,No existe,Intersección,Bueno,Buena,Diurna,Buen Tiempo,Múltiple,S/D,Colisión,Ninguna,Faltante,Cordón divisorio,Sin restricción
2021,7368,2021-10-26,Martes,18:45:00,,0.0,2,"Automóvil,Moto/Ciclomotor",J J Paso Y Saavedra,2,1,0,0,1,0,0,"-31.662021465503,-60.720709003134",Avenida,,SANTA FE,Constitución,Asfalto,No existe,I,Dentro,Urbana,Otra Señal,No existe,Intersección,Bueno,Buena,Diurna,Buen Tiempo,Múltiple,S/D,Colisión,Ninguna,Faltante,Cordón divisorio,Sin restricción
2021,7369,2021-10-07,Jueves,12:45:00,,0.0,2,"Moto/Ciclomotor,Automóvil",Aguado Y La Rioja,2,1,0,0,1,0,0,"-31.639752050095,-60.730762323925",Calle,,SANTA FE,Constitución,Asfalto,No existe,I,Dentro,Urbana,Otra Señal,No existe,Intersección,Bueno,Buena,Diurna,Buen Tiempo,Múltiple,S/D,Colisión,Ninguna,Faltante,Cordón divisorio,Sin restricción
2021,7370,2021-10-25,Lunes,09:30:00,,0.0,2,"Automóvil,Moto/Ciclomotor",Mendoza Y Pje Quiroga,2,1,0,0,1,0,0,"-31.642533720921,-60.733208670132",Calle,,SANTA FE,Constitución,Asfalto,No existe,I,Dentro,Urbana,Otra Señal,No existe,Intersección,Bueno,Buena,Diurna,Buen Tiempo,Múltiple,S/D,Colisión,Ninguna,Faltante,Cordón divisorio,Sin restricción
2021,7371,2021-10-15,Viernes,19:25:00,,0.0,2,"Transporte de Pasajeros Urbano (> 8 asientos),Peatón",Estrada Y Lisandro de la Torre,2,1,0,0,0,0,1,"-31.646636559258,-60.73172807268",Calle,,SANTA FE,Constitución,Asfalto,No existe,I,Dentro,Urbana,Otra Señal,No existe,Intersección,Bueno,Buena,Diurna,Buen Tiempo,Múltiple,Peatón,Colisión,Ninguna,Faltante,Cordón divisorio,Sin restricción
2021,7372,2021-10-21,Jueves,,,0.0,2,"Pickup/Utilitario,Moto/Ciclomotor",Aguado Y Primera Junta,2,1,0,0,1,0,0,"-31.641643, -60.731431",Calle,,SANTA FE,Constitución,"Asfalto,Tierra",No existe,I,Dentro,Urbana,Otra Señal,No existe,Intersección,Con baches,Reducida,Nocturna,Buen Tiempo,Múltiple,S/D,Colisión,Ninguna,Faltante,Cordón divisorio,Sin restricción
2021,7373,2021-10-01,Viernes,14:00:00,,0.0,2,"Peatón,Moto/Ciclomotor",Av. A del Valle Y Vieytes,2,1,0,0,1,0,0,"-31.603063585638,-60.692183227309",Avenida,,SANTA FE,Constitución,Asfalto,No existe,I,Dentro,Urbana,Otra Señal,No existe,Intersección,Bueno,Buena,Diurna,Buen Tiempo,Múltiple,Peatón,Colisión,Agua,Faltante,Cordón divisorio,Sin restricción
2021,7374,2021-10-05,Martes,12:15:00,,0.0,2,"Moto/Ciclomotor,Moto/Ciclomotor",Av. A del Valle Y Espora,3,2,0,0,1,0,0,"-31.603982319017,-60.692395502687",Avenida,,SANTA FE,Constitución,Asfalto,No existe,I,Dentro,Urbana,Otra Señal,No existe,Intersección,Bueno,Buena,Diurna,Buen Tiempo,Múltiple,S/D,Colisión,Ninguna,Faltante,Cordón divisorio,Sin restricción
2021,7375,2021-10-05,Martes,14:30:00,,0.0,2,"Bicicleta,Automóvil",Av. Facundo Zuviria Y Vieytes,2,1,0,0,1,0,0,"-31.600982054899,-60.701782884905",Avenida,,SANTA FE,Constitución,Asfalto,No existe,I,Dentro,Urbana,Otra Señal,No existe,Intersección,Bueno,Buena,Diurna,Buen Tiempo,Múltiple,Ciclista,Colisión,Ninguna,Horizontal,Cordón divisorio,Sin restricción
2021,7376,2021-10-06,Miercoles,12:10:00,,0.0,2,"Bicicleta,Automóvil",Av. A del Valle Y Diagonal Martínez,2,1,0,0,1,0,0,"-31.619109483175,-60.698430451977",Avenida,,SANTA FE,Constitución,Asfalto,No existe,I,Dentro,Urbana,Otra Señal,No existe,Intersección,Bueno,Buena,Diurna,Buen Tiempo,Múltiple,Ciclista,Colisión,Ninguna,Faltante,Cordón divisorio,Sin restricción
2021,7377,2021-08-01,Domingo,00:00:00,,0.0,1,Moto/Ciclomotor, ,1,1,0,0,0,0,0,"-32.95883, -60.693",S/D,,ROSARIO,Constitución,S/D,S/D,II,S/D,S/D,Otra Señal,S/D,Intersección,S/D,S/D,Nocturna,S/D,Múltiple,S/D,Colisión,S/D,S/D,Cordón divisorio,Sin restricción
2021,7378,2021-08-01,Domingo,12:00:00,,0.0,2,"Bicicleta,Otros", ,2,1,0,0,0,0,1,"-32.95883, -60.693",S/D,,ROSARIO,Constitución,S/D,S/D,II,S/D,S/D,Otra Señal,S/D,Intersección,S/D,S/D,Diurna,S/D,Múltiple,Ciclista,Colisión,S/D,S/D,Cordón divisorio,Sin restricción
2021,7379,2021-08-02,Lunes,08:30:00,,0.0,2,"Bicicleta,Otros",Pje. Lejarza Y F.More,2,1,0,0,0,0,1,"-32.96648, -60.69275",Calle,,ROSARIO,Constitución,Asfalto,S/D,II,Dentro,Urbana,Otra Señal,S/D,Intersección,S/D,S/D,Diurna,S/D,Múltiple,Ciclista,Colisión,S/D,S/D,Cordón divisorio,Sin restricción
2021,7380,2021-10-08,Viernes,20:45:00,,0.0,2,"Automóvil,Moto/Ciclomotor",J Castelli Y Pje Ingenieros,2,1,0,0,1,0,0,"-31.605401318294,-60.699276482706",Calle,,SANTA FE,Constitución,Asfalto,No existe,I,Dentro,Urbana,Otra Señal,No existe,Intersección,Bueno,Buena,Nocturna,Buen Tiempo,Múltiple,S/D,Colisión,Ninguna,Faltante,Cordón divisorio,Sin restricción
2021,7381,2021-08-02,Lunes,09:45:00,,0.0,1,Transporte de Pasajeros Urbano (> 8 asientos),San Juan Y Av. Corrientes,1,1,0,0,0,0,0,"-32.94943, -60.64324",Calle,,ROSARIO,Constitución,Asfalto,S/D,II,Dentro,Urbana,Otra Señal,S/D,Intersección,S/D,S/D,Diurna,S/D,Múltiple,S/D,Colisión,S/D,S/D,Cordón divisorio,Sin restricción
2021,7382,2021-10-10,Domingo,02:30:00,,0.0,2,"Moto/Ciclomotor,Automóvil",Av. Facundo Zuviria Y Vieytes,2,1,0,0,1,0,0,"-31.600982054899,-60.701782884905",Avenida,,SANTA FE,Constitución,"Asfalto,Ripio",No existe,I,Dentro,Urbana,Otra Señal,No existe,Intersección,Bueno,Buena,Nocturna,Buen Tiempo,Múltiple,S/D,Colisión,Ninguna,Horizontal,Cordón divisorio,Sin restricción
2021,7383,2021-08-02,Lunes,19:00:00,,0.0,1,Moto/Ciclomotor,Pte. Quintana Y Castellanos,1,1,0,0,0,0,0,"-32.97592, -60.68414",Calle,,ROSARIO,Constitución,Asfalto,S/D,II,Dentro,Urbana,Otra Señal,S/D,Intersección,S/D,S/D,Atardecer,S/D,Múltiple,S/D,Colisión,S/D,S/D,Cordón divisorio,Sin restricción
2021,7384,2021-10-14,Jueves,17:00:00,,0.0,2,"Moto/Ciclomotor,Moto/Ciclomotor",Av. Facundo Zuviria Y Espora,2,1,0,0,1,0,0,"-31.601895914852,-60.702058435528",Avenida,,SANTA FE,Constitución,Asfalto,No existe,I,Dentro,Urbana,Otra Señal,No existe,Intersección,Bueno,Buena,Diurna,Buen Tiempo,Múltiple,S/D,Colisión,Ninguna,Horizontal,Cordón divisorio,Sin restricción
2021,7385,2021-10-15,Viernes,01:50:00,,0.0,2,"Moto/Ciclomotor,Moto/Ciclomotor",Av. Facundo Zuviria Y Vieytes,2,1,0,0,1,0,0,"-31.600982054899,-60.701782884905",Avenida,,SANTA FE,Constitución,Asfalto,No existe,I,Dentro,Urbana,Otra Señal,No existe,Intersección,Bueno,Buena,Nocturna,Buen Tiempo,Múltiple,S/D,Colisión,Ninguna,Horizontal,Cordón divisorio,Sin restricción
2021,7386,2021-10-25,Lunes,13:20:00,,0.0,2,"Automóvil,Moto/Ciclomotor",Iturraspe Y San Martin,2,1,0,0,1,0,0,"-31.629103213253,-60.701482721328",Calle,,SANTA FE,Constitución,Asfalto,No existe,I,Dentro,Urbana,Otra Señal,No existe,Intersección,Bueno,Buena,Diurna,Buen Tiempo,Múltiple,S/D,Colisión,Ninguna,Vertical,Cordón divisorio,Sin restricción
2021,7387,2021-08-02,Lunes,14:00:00,,0.0,1,Transporte de Pasajeros Urbano (> 8 asientos),Entre Ríos Y Virasoro,1,1,0,0,0,0,0,"-32.96941, -60.64686",Calle,,ROSARIO,Constitución,Asfalto,S/D,II,Dentro,Urbana,Otra Señal,S/D,Intersección,S/D,S/D,Diurna,S/D,Múltiple,S/D,Colisión,S/D,S/D,Cordón divisorio,Sin restricción
2021,7388,2021-10-29,Viernes,11:40:00,,0.0,2,"Automóvil,Automóvil",Av. A del Valle Y Av. Galicia,2,1,0,0,1,0,0,"-31.605581061588,-60.692770879698",Avenida,,SANTA FE,Constitución,Asfalto,No existe,I,Dentro,Urbana,Otra Señal,Funciona,Intersección,Bueno,Buena,Diurna,Buen Tiempo,Múltiple,S/D,Colisión,Ninguna,"Horizontal,Vertical",Cordón divisorio,Sin restricción
2021,7389,2021-08-02,Lunes,20:00:00,,0.0,2,"Moto/Ciclomotor,Moto/Ciclomotor",Av. Génova Y F.More,2,2,0,0,0,0,0,"-32.95585, -60.69316",Avenida,,ROSARIO,Constitución,Asfalto,S/D,II,Dentro,Urbana,Otra Señal,S/D,Intersección,S/D,S/D,Nocturna,S/D,Múltiple,S/D,Colisión,S/D,S/D,Cordón divisorio,Sin restricción
2021,7390,2021-10-01,Viernes,16:00:00,,0.0,2,"Moto/Ciclomotor,Pickup/Utilitario",Av. López y Planes Y Agustín Delgado,2,1,0,0,1,0,0,"-31.617876, -60.713275",Calle,,SANTA FE,Constitución,Asfalto,No existe,I,Dentro,Urbana,Otra Señal,Funciona,Intersección,Bueno,Buena,Diurna,Buen Tiempo,Múltiple,S/D,Colisión,Ninguna,Vertical,Cordón divisorio,Sin restricción
2021,7391,2021-01-04,Lunes,17:50:00,,0.0,2,"Moto/Ciclomotor,Automóvil",Francia 3900,2,1,0,0,1,0,0,"-31.629687053897,-60.710066884189",Calle,,SANTA FE,Constitución,Asfalto,No existe,I,Dentro,Urbana,Otra Señal,No existe,Intersección,Bueno,Buena,Diurna,Buen Tiempo,Múltiple,Ciclista,Colisión,Ninguna,Faltante,Cordón divisorio,Sin restricción
2021,7392,2021-10-06,Miercoles,11:00:00,,0.0,2,"Moto/Ciclomotor,Pickup/Utilitario",Cochabamba Y Iturraspe,2,1,0,0,1,0,0,"-31.6260980359,-60.716468937509",Calle,,SANTA FE,Constitución,Asfalto,No existe,I,Dentro,Urbana,Otra Señal,No existe,Intersección,Bueno,Buena,Diurna,Buen Tiempo,Múltiple,S/D,Colisión,Ninguna,Horizontal,Cordón divisorio,Sin restricción
2021,7393,2021-08-03,Martes,11:00:00,,0.0,1,Moto/Ciclomotor,Bv. Seguí Y Santiago,1,1,0,0,0,0,0,"-32.97595, -60.66424",Avenida,,ROSARIO,Constitución,Asfalto,S/D,II,Dentro,Urbana,Otra Señal,S/D,Intersección,S/D,S/D,Diurna,S/D,Múltiple,S/D,Colisión,S/D,S/D,Cordón divisorio,Sin restricción
2021,7394,2021-08-03,Martes,07:00:00,,0.0,1,Moto/Ciclomotor, ,1,1,0,0,0,0,0,"-33.02504, -60.63414",Calle,,VILLA GOBERNADOR GÁLVEZ,Constitución,S/D,S/D,II,Dentro,Urbana,Otra Señal,S/D,Intersección,S/D,S/D,Diurna,S/D,Múltiple,S/D,Colisión,S/D,S/D,Cordón divisorio,Sin restricción
2021,7395,2021-10-29,Viernes,16:30:00,,0.0,2,"Moto/Ciclomotor,Automóvil",Av. López y Planes Y Martin Zapata,2,1,0,0,1,0,0,"-31.61689549684525,-60.713356733322",Avenida,,SANTA FE,Constitución,Asfalto,No existe,I,Dentro,Urbana,Otra Señal,Funciona,Intersección,Bueno,Buena,Diurna,Buen Tiempo,Múltiple,S/D,Colisión,Ninguna,Vertical,Cordón divisorio,Sin restricción
2021,7396,2021-08-03,Martes,00:00:00,,0.0,1,Moto/Ciclomotor, ,1,1,0,0,0,0,0,"-32.95883, -60.693",S/D,,ROSARIO,Constitución,S/D,S/D,II,S/D,S/D,Otra Señal,S/D,Intersección,S/D,S/D,Nocturna,S/D,Múltiple,S/D,Colisión,S/D,S/D,Cordón divisorio,Sin restricción
2021,7397,2021-08-04,Miercoles,10:30:00,,0.0,1,Moto/Ciclomotor,Crespo 1700,1,1,0,0,0,0,0,"-32.95235, -60.67111",Calle,,ROSARIO,Constitución,Asfalto,S/D,II,Dentro,Urbana,Otra Señal,S/D,Intersección,S/D,S/D,Diurna,S/D,Múltiple,S/D,Colisión,S/D,S/D,Cordón divisorio,Sin restricción
2021,7398,2021-08-04,Miercoles,10:45:00,,0.0,1,Moto/Ciclomotor,San Luis Y Ricchieri,1,1,0,0,0,0,0,"-32.94464, -60.66347",Calle,,ROSARIO,Constitución,Asfalto,S/D,II,Dentro,Urbana,Otra Señal,S/D,Intersección,S/D,S/D,Diurna,S/D,Múltiple,S/D,Colisión,S/D,S/D,Cordón divisorio,Sin restricción