anio_acci,nro_acci,fecha,desc_dia,hora_aprox,desc_ruta,km,cant_participantes,desc_participante,calle_avenida_km,total,heridos_leves,heridos_graves,heridos_gravisimos,ilesos,fallecidos,sin_datos,posicion_XY,desc_tipo_via,desc_ruta_ori,desc_loc,desc_dpto,desc_tipo_calzada,desc_tipo_banquina,desc_unidad_regional,desc_lugar_calzada,desc_zona,desc_prioridad,desc_estado_semaforo,desc_lugar_via,desc_estado_via,desc_estado_visibilidad,desc_luminosidad,desc_estado_clima,desc_tipo_colision,desc_tipo_atropello,desc_tipo_hecho,desc_pres_calzada,desc_senializacion,desc_separacion_via,desc_restriccion
2021,7399,2021-10-20,Miercoles,10:50:00,,0.0,2,"Moto/Ciclomotor,Moto/Ciclomotor",Av. Blas Parera 5100,2,1,0,0,1,0,0,"-31.590505, -60.724504",Avenida,,SANTA FE,Constitución,Asfalto,No existe,I,Dentro,Urbana,Otra Señal,Funciona,Intersección,Bueno,Buena,Diurna,Buen Tiempo,Múltiple,S/D,Colisión,Ninguna,"Horizontal,Vertical",Cordón divisorio,Sin restricción
2021,7401,2021-10-13,Miercoles,07:30:00,,0.0,2,"Moto/Ciclomotor,Automóvil",Av. Blas Parera Y Derqui,2,1,0,0,1,0,0,"-31.612450, -60.718437",Avenida,,SANTA FE,Constitución,Asfalto,No existe,I,Dentro,Urbana,Otra Señal,Funciona,Intersección,Bueno,Buena,Diurna,Buen Tiempo,Múltiple,S/D,Colisión,Ninguna,"Horizontal,Vertical",Cordón divisorio,Sin restricción
2021,7403,2021-10-16,Sabado,08:40:00,,0.0,2,"Bicicleta,Automóvil",Av. Blas Parera Y M De Polonia,2,1,0,0,1,0,0,"-31.613562, -60.717990",Calle,,SANTA FE,Constitución,Asfalto,No existe,I,Dentro,Urbana,Otra Señal,Funciona,Intersección,Bueno,Buena,Diurna,Buen Tiempo,Múltiple,Ciclista,Colisión,Ninguna,"Horizontal,Vertical",Cordón divisorio,Sin restricción
2021,7404,2021-10-20,Miercoles,06:30:00,,0.0,2,"Automóvil,Moto/Ciclomotor",Calle 11 Y Calle 24,2,1,0,0,1,0,0,"-32.683088728648,-61.513581409913",Calle,,LAS PAREJAS,Constitución,Hormigón,No existe,III,Dentro,Urbana,Otra Señal,No existe,Intersección,"Con baches,Deteriorada",Buena,Nocturna,Buen Tiempo,Múltiple,S/D,Colisión,Ninguna,Faltante,Cordón divisorio,Sin restricción
2021,7405,2021-10-18,Lunes,15:30:00,,0.0,2,"Moto/Ciclomotor,Automóvil",Av. López y Planes Y Quintana,2,1,0,0,1,0,0,"-31.61980243342,-60.713380152743",Avenida,,SANTA FE,Constitución,Asfalto,No existe,I,Dentro,Urbana,Otra Señal,Funciona,Intersección,Bueno,Buena,Diurna,Buen Tiempo,Múltiple,S/D,Colisión,Ninguna,Horizontal,Cordón divisorio,Sin restricción
2021,7406,2021-10-22,Viernes,17:00:00,,0.0,2,"Bicicleta,Moto/Ciclomotor",Cochabamba Y Pje Irala,2,1,0,0,1,0,0,"-31.63015113543,-60.716589595376",Calle,,SANTA FE,Constitución,Asfalto,No existe,I,Dentro,Urbana,Otra Señal,No existe,Intersección,Bueno,Buena,Diurna,Buen Tiempo,Múltiple,Ciclista,Colisión,Ninguna,Vertical,Cordón divisorio,Sin restricción
2021,7407,2021-10-25,Lunes,11:10:00,,0.0,2,"Moto/Ciclomotor,Automóvil",Avenida 21 900,3,2,0,0,1,0,0,"-32.678841054439545,-61.51971727609",Avenida,,LAS PAREJAS,Constitución,Asfalto,No existe,III,Dentro,Urbana,Otra Señal,No existe,Intersección,Bueno,Buena,Diurna,Buen Tiempo,Múltiple,S/D,Colisión,Ninguna,Faltante,Cordón divisorio,Sin restricción
2021,7408,2021-10-24,Domingo,02:15:00,,0.0,1,Moto/Ciclomotor,Av. Pte. Perón Y Ecuador,1,1,0,0,0,0,0,"-31.619593418352,-60.718490033087",Avenida,,SANTA FE,Constitución,Asfalto,No existe,I,Dentro,Urbana,Otra Señal,No existe,Intersección,Bueno,Buena,Diurna,Buen Tiempo,Múltiple,S/D,Colisión,Ninguna,Horizontal,Cordón divisorio,Sin restricción
2021,7409,2021-10-02,Sabado,,,0.0,2,"Pickup/Utilitario,Moto/Ciclomotor",Bv Bell Ville Y Radical,3,2,0,0,1,0,0,"-32.791232533148,-61.596435949532",Avenida,,ARMSTRONG,Constitución,Asfalto,No existe,III,Dentro,Urbana,Otra Señal,No existe,Intersección,Bueno,Buena,Diurna,Buen Tiempo,Múltiple,S/D,Colisión,Ninguna,Faltante,Cordón divisorio,Sin restricción
2021,7410,2021-08-04,Miercoles,21:05:00,,0.0,1,Moto/Ciclomotor,Francia F Y Pte. Quintana,1,1,0,0,0,0,0,"-32.9776, -60.67467",Calle,,ROSARIO,Constitución,Asfalto,S/D,II,Dentro,Urbana,Otra Señal,S/D,Intersección,S/D,S/D,Nocturna,S/D,Múltiple,S/D,Colisión,S/D,S/D,Cordón divisorio,Sin restricción
2021,7411,2021-10-03,Domingo,00:50:00,,0.0,2,"Moto/Ciclomotor,Automóvil",NAZARENO CRUCIANELLI Y PERÚ,3,2,0,0,1,0,0,"-32.78348207473755,-61.604295372962",Calle,,ARMSTRONG,Constitución,Asfalto,No existe,III,Dentro,Urbana,Otra Señal,No existe,Intersección,Bueno,Buena,"Nocturna,Con luz artificial",Buen Tiempo,Múltiple,S/D,Colisión,Ninguna,Faltante,Cordón divisorio,Sin restricción
2021,7412,2021-10-25,Lunes,13:15:00,,0.0,2,"Moto/Ciclomotor,Automóvil",Gorostiaga Y Roque Sáenz PEÑA,3,2,0,0,1,0,0,"-31.607869818021,-60.714406154927",Calle,,SANTA FE,Constitución,Asfalto,No existe,I,Dentro,Urbana,Otra Señal,No existe,Intersección,Bueno,Buena,Diurna,Buen Tiempo,Múltiple,S/D,Colisión,Ninguna,Faltante,Cordón divisorio,Sin restricción
2021,7413,2021-08-05,Jueves,09:30:00,,0.0,1,Moto/Ciclomotor,San Juan Y Bv. Avellaneda,1,1,0,0,0,0,0,"-32.94282, -60.68014",Calle,,ROSARIO,Constitución,Asfalto,S/D,II,Dentro,Urbana,Otra Señal,S/D,Intersección,S/D,S/D,Diurna,S/D,Múltiple,S/D,Colisión,S/D,S/D,Cordón divisorio,Sin restricción
2021,7414,2021-10-30,Sabado,10:20:00,,0.0,2,"Moto/Ciclomotor,Automóvil",SAN MARTIN Y TOMAS DEAN,3,2,0,0,1,0,0,"-32.784306,-61.603681",Calle,,ARMSTRONG,Constitución,Asfalto,No existe,III,Dentro,Urbana,Otra Señal,No existe,Intersección,Bueno,Buena,Diurna,Buen Tiempo,Múltiple,S/D,Colisión,Ninguna,Faltante,Cordón divisorio,Sin restricción
2021,7415,2021-10-26,Martes,16:30:00,,0.0,2,"Moto/Ciclomotor,Automóvil",Av. Pte. Perón Y Pje Irala,3,2,0,0,1,0,0,"-31.63039208566,-60.717845743008",Avenida,,SANTA FE,Constitución,Asfalto,No existe,I,Dentro,Urbana,Otra Señal,No existe,Intersección,Bueno,Buena,Diurna,Buen Tiempo,Múltiple,S/D,Colisión,Ninguna,Faltante,Cordón divisorio,Sin restricción
2021,7416,2021-10-26,Martes,21:30:00,,0.0,2,"Moto/Ciclomotor,Automóvil",Av. López y Planes Y Pedro Diaz Colodrero,2,1,0,0,1,0,0,"-31.62267892353,-60.713449526275",Avenida,,SANTA FE,Constitución,Asfalto,No existe,I,Dentro,Urbana,Otra Señal,Funciona,Intersección,Bueno,Buena,"Nocturna,Con luz artificial",Buen Tiempo,Múltiple,S/D,Colisión,Ninguna,"Horizontal,Vertical",Cordón divisorio,Sin restricción
2021,7417,2021-10-31,Domingo,07:25:00,,0.0,1,Automóvil,Brasil Y Dr. Ricardo Fischer,1,1,0,0,0,0,0,"-32.787459496919,-61.606657575728",Calle,,ARMSTRONG,Constitución,Asfalto,No existe,II,Dentro,Urbana,Otra Señal,No existe,Intersección,Bueno,Buena,Diurna,Buen Tiempo,Múltiple,S/D,Colisión,Ninguna,Vertical,Cordón divisorio,Sin restricción
2021,7418,2021-10-09,Sabado,07:00:00,Ruta Secundaria 28-s,0.0,1,Automóvil, ,1,1,0,0,0,0,0,"-32.57925331592562,-61.731056571006",Ruta,28-s,MONTES DE OCA,Constitución,Asfalto,Natural,III,Fuera,Rural,Otra Señal,No existe,Intersección,Bueno,Buena,Nocturna,Buen Tiempo,Múltiple,S/D,Colisión,Ninguna,Vertical,Cordón divisorio,Sin restricción
2021,7419,2021-10-25,Lunes,17:30:00,Ruta Nacional 9,416.0,2,"Automóvil,Automóvil", ,3,1,0,0,2,0,0,"-32.75382, -61.72294",Ruta,9,TORTUGAS,Constitución,Asfalto,Pavimento,III,Dentro,Rural,Otra Señal,No existe,Intersección,Deteriorada,Buena,Diurna,Buen Tiempo,Múltiple,S/D,Colisión,Otro,Horizontal,Cordón divisorio,Sin restricción
2021,7420,2021-10-20,Miercoles,12:00:00,Ruta Provincial 65,100.0,2,"Pickup/Utilitario,Pickup/Utilitario", ,2,1,0,0,1,0,0,"-32.42604, -61.86423",Ruta,65,BOUQUET,Constitución,"Hormigón,Tierra",Natural,III,Dentro,Rural,Otra Señal,No existe,Intersección,Bueno,Buena,Diurna,Buen Tiempo,Múltiple,S/D,Colisión,Ninguna,Vertical,Cordón divisorio,Sin restricción
2021,7421,2021-08-05,Jueves,16:00:00,,0.0,1,Moto/Ciclomotor,Francia F Y Bv. Seguí,1,1,0,0,0,0,0,"-32.9741, -60.67382",Calle,,ROSARIO,Constitución,Asfalto,S/D,II,Dentro,Urbana,Otra Señal,S/D,Intersección,S/D,S/D,Diurna,S/D,Múltiple,S/D,Colisión,S/D,S/D,Cordón divisorio,Sin restricción
2021,7422,2021-08-05,Jueves,11:30:00,,0.0,1,Moto/Ciclomotor,Alsina Y E.Zeballos,1,1,0,0,0,0,0,"-32.94817, -60.67859",Calle,,ROSARIO,Constitución,Asfalto,S/D,II,Dentro,Urbana,Otra Señal,S/D,Intersección,S/D,S/D,Diurna,S/D,Múltiple,S/D,Colisión,S/D,S/D,Cordón divisorio,Sin restricción
2021,7423,2021-10-28,Jueves,18:40:00,,0.0,2,"Moto/Ciclomotor,Pickup/Utilitario",Cochabamba Y Perú,2,1,0,0,1,0,0,"-31.622058401477,-60.716358936252",Calle,,SANTA FE,Constitución,Asfalto,No existe,I,Dentro,Urbana,Otra Señal,No existe,Intersección,Bueno,Buena,Diurna,Buen Tiempo,Múltiple,S/D,Colisión,Ninguna,S/D,Cordón divisorio,Sin restricción
2021,7424,2021-08-05,Jueves,08:05:00,,0.0,2,"Bicicleta,Otros",San Juan Y Mariano Moreno,2,1,0,0,0,0,1,"-32.94798, -60.65153",Calle,,ROSARIO,Constitución,Asfalto,S/D,II,Dentro,Urbana,Otra Señal,S/D,Intersección,S/D,S/D,Diurna,S/D,Múltiple,Ciclista,Colisión,S/D,S/D,Cordón divisorio,Sin restricción
2021,7425,2021-10-01,Viernes,13:50:00,Ruta Provincial 1,0.0,2,"Moto/Ciclomotor,Automóvil",Boulevard General B Mitre Y P P Sellares,4,2,0,0,2,0,0,"-31.10203742980954,-60.094667673110",Ruta,1,HELVECIA,Constitución,Asfalto,S/D,VII,Dentro,Urbana,Otra Señal,S/D,Intersección,S/D,S/D,Diurna,S/D,Múltiple,S/D,Colisión,S/D,S/D,Cordón divisorio,Sin restricción
2021,7426,2021-10-20,Miercoles,16:30:00,Autopista Nacional A007,0.0,2,"Moto/Ciclomotor,Automóvil",Iturraspe ,2,1,0,0,1,0,0,"-31.625685095787073,-60.72097957134",Autopista,A007,SANTA FE,Constitución,Asfalto,No existe,I,Dentro,Urbana,Otra Señal,Funciona,Intersección,Bueno,Buena,Diurna,Buen Tiempo,Múltiple,S/D,Colisión,Ninguna,"Horizontal,Vertical",Cordón divisorio,Sin restricción
2021,7428,2021-08-05,Jueves,16:00:00,,0.0,1,Moto/Ciclomotor,24 De Setiembre Y Entre Ríos,1,1,0,0,0,0,0,"-32.97974, -60.64951",Calle,,ROSARIO,Constitución,Asfalto,S/D,II,Dentro,Urbana,Otra Señal,S/D,Intersección,S/D,S/D,Diurna,S/D,Múltiple,S/D,Colisión,S/D,S/D,Cordón divisorio,Sin restricción
2021,7429,2021-10-22,Viernes,,Ruta Provincial 1,0.0,2,"Moto/Ciclomotor,Camión Chasis", ,2,1,0,0,1,0,0,"-31.1026006937027,-60.0948071479797",Ruta,1,HELVECIA,Constitución,Asfalto,S/D,VII,Dentro,Urbana,Otra Señal,S/D,Intersección,S/D,S/D,Diurna,S/D,Múltiple,S/D,Colisión,S/D,S/D,Cordón divisorio,Sin restricción
2021,7430,2021-10-29,Viernes,16:00:00,,0.0,2,"Moto/Ciclomotor,Automóvil",Av. López y Planes Y Luciano Molinas,2,1,0,0,1,0,0,"-31.629336532459,-60.713895593722",Avenida,,SANTA FE,Constitución,Asfalto,No existe,I,Dentro,Urbana,Otra Señal,Funciona,Intersección,Bueno,Buena,Diurna,Buen Tiempo,Múltiple,S/D,Colisión,Ninguna,"Horizontal,Vertical",Cordón divisorio,Sin restricción
2021,7431,2021-10-25,Lunes,10:15:00,Ruta Provincial 1,85.0,2,"Moto/Ciclomotor,Camión Chasis", ,3,1,0,0,2,0,0,"-31.0835, -60.09419",Ruta,1,HELVECIA,Constitución,Asfalto,Pavimento,VII,Dentro,Urbana,Otra Señal,No existe,Intersección,S/D,S/D,Diurna,S/D,Múltiple,S/D,Colisión,S/D,Horizontal,Cordón divisorio,Sin restricción
2021,7432,2021-10-27,Miercoles,13:15:00,,0.0,2,"Taxi/Remis,Moto/Ciclomotor",España Y Garibaldi,3,1,0,0,0,0,2,"-32.984457887796,-60.656463612672",Calle,,ROSARIO,Constitución,Asfalto,No existe,II,Dentro,Urbana,Otra Señal,No existe,Intersección,Bueno,Buena,Diurna,Buen Tiempo,Múltiple,S/D,Colisión,Ninguna,Faltante,Cordón divisorio,Sin restricción
2021,7434,2021-10-24,Domingo,10:45:00,,0.0,2,"Automóvil,Moto/Ciclomotor",Bv. Seguí Y Sarmiento,2,1,0,0,1,0,0,"-32.978962429421,-60.646343767061",Avenida,,ROSARIO,Constitución,Asfalto,No existe,II,Dentro,Urbana,Otra Señal,No existe,Intersección,Bueno,Buena,Diurna,Buen Tiempo,Múltiple,S/D,Colisión,Ninguna,Horizontal,Cordón divisorio,Sin restricción
2021,7435,2021-10-22,Viernes,13:10:00,,0.0,2,"Moto/Ciclomotor,Automóvil",Ayacucho Y Bv. Seguí,2,1,0,0,1,0,0,"-32.981117209799,-60.63548645965",Avenida,,ROSARIO,Constitución,Asfalto,No existe,II,Dentro,Urbana,Otra Señal,No existe,Intersección,Bueno,Buena,Diurna,Buen Tiempo,Múltiple,S/D,Colisión,Ninguna,Horizontal,Cordón divisorio,Sin restricción
2021,7436,2021-10-22,Viernes,08:55:00,,0.0,2,"Moto/Ciclomotor,Automóvil",Av. Corrientes Y Bv. Seguí,2,1,0,0,1,0,0,"-32.978418286421,-60.650596614027",Avenida,,ROSARIO,Constitución,Asfalto,No existe,II,Dentro,Urbana,Otra Señal,No existe,Intersección,Bueno,Buena,Diurna,Buen Tiempo,Múltiple,S/D,Colisión,Ninguna,"Horizontal,Vertical",Cordón divisorio,Sin restricción
2021,7437,2021-10-25,Lunes,18:40:00,,0.0,2,"Pickup/Utilitario,Automóvil",Entre Ríos Y Saavedra,6,3,0,0,3,0,0,"-32.977420663954,-60.648886678475",Calle,,ROSARIO,Constitución,Asfalto,No existe,II,Dentro,Urbana,Otra Señal,No existe,Intersección,Bueno,Buena,Diurna,Buen Tiempo,Múltiple,S/D,Colisión,Ninguna,Faltante,Cordón divisorio,Sin restricción
2021,7438,2021-10-21,Jueves,16:30:00,,0.0,2,"Otros,Moto/Ciclomotor",Av. Corrientes Y Esteban de Luca,2,1,0,0,1,0,0,"-32.995077, -60.653559",Calle,,ROSARIO,Constitución,Asfalto,No existe,II,Dentro,Urbana,Otra Señal,No existe,Intersección,Bueno,Buena,Diurna,Buen Tiempo,Múltiple,S/D,Colisión,Ninguna,Faltante,Cordón divisorio,Sin restricción
2021,7439,2021-08-05,Jueves,21:05:00,,0.0,1,Moto/Ciclomotor,José Ingenieros ,1,1,0,0,0,0,0,"-32.91722, -60.71678",Calle,,ROSARIO,Constitución,Asfalto,S/D,II,Dentro,Urbana,Otra Señal,S/D,Intersección,S/D,S/D,Nocturna,S/D,Múltiple,S/D,Colisión,S/D,S/D,Cordón divisorio,Sin restricción
2021,7440,2021-10-21,Jueves,21:00:00,,0.0,2,"Automóvil,Moto/Ciclomotor",Garibaldi Y San Martin,2,1,0,0,1,0,0,"-32.986384071075,-60.645694842802",Calle,,ROSARIO,Constitución,Asfalto,No existe,II,Dentro,Urbana,Otra Señal,No existe,Intersección,Bueno,Buena,"Nocturna,Con luz artificial",Buen Tiempo,Múltiple,S/D,Colisión,Ninguna,"Horizontal,Vertical",Cordón divisorio,Sin restricción
2021,7441,2021-10-19,Martes,13:10:00,,0.0,2,"Transporte de Pasajeros Urbano (> 8 asientos),Moto/Ciclomotor",Biedma Y Necochea,2,1,0,0,1,0,0,"-32.983867628466,-60.632964670508",Calle,,ROSARIO,Constitución,Asfalto,No existe,II,Dentro,Urbana,Otra Señal,No existe,Intersección,Bueno,Buena,Diurna,Buen Tiempo,Múltiple,S/D,Colisión,Ninguna,Faltante,Cordón divisorio,Sin restricción
2021,7442,2021-08-06,Viernes,06:00:00,,0.0,1,Moto/Ciclomotor,Liniers Y Montevideo,1,1,0,0,0,0,0,"-32.94709, -60.69845",Calle,,ROSARIO,Constitución,Asfalto,S/D,II,Dentro,Urbana,Otra Señal,S/D,Intersección,S/D,S/D,Amanecer,S/D,Múltiple,S/D,Colisión,S/D,S/D,Cordón divisorio,Sin restricción
2021,7443,2021-10-20,Miercoles,15:00:00,,0.0,2,"Moto/Ciclomotor,Moto/Ciclomotor",Bv. Seguí Y Laprida,3,2,0,0,1,0,0,"-32.974324412172,-60.672384825041",Avenida,,ROSARIO,Constitución,Asfalto,No existe,II,Dentro,Urbana,Otra Señal,No existe,Intersección,Bueno,Buena,Diurna,Buen Tiempo,Múltiple,S/D,Colisión,Ninguna,Faltante,Cordón divisorio,Sin restricción
2021,7445,2021-11-14,Domingo,00:30:00,Ruta Provincial 2,286.0,1,Camión c / Acoplado, ,1,1,0,0,0,0,0,"-29.77137, -61.49504",Ruta,2,ESTEBAN RAMS,Constitución,Asfalto,Natural,XII,Dentro,Rural,Otra Señal,No existe,Intersección,Bueno,Reducida,Nocturna,Lluvia,Múltiple,S/D,Colisión,Agua,"Horizontal,Vertical",Cordón divisorio,Sin restricción
2021,7446,2021-11-21,Domingo,22:15:00,,0.0,2,"Moto/Ciclomotor,Pickup/Utilitario",6 de Caballería Y Carlos Silvestre Begnis,2,1,0,0,1,0,0,"-29.23811, -61.76657",Calle,,TOSTADO,Constitución,Asfalto,No existe,XII,Dentro,Urbana,Otra Señal,No existe,Intersección,Bueno,Buena,Nocturna,Buen Tiempo,Múltiple,S/D,Colisión,Ninguna,Horizontal,Cordón divisorio,Sin restricción
2021,7448,2021-11-26,Viernes,21:00:00,,0.0,2,"Pickup/Utilitario,Camión c / Semirremolque", ,6,4,0,0,2,0,0,"-28.2296, -61.43838",Camino Rural,,GREGORIA P. DE DENIS,Constitución,Asfalto,Natural,XII,Dentro,Rural,Otra Señal,No existe,Intersección,Bueno,Buena,Nocturna,Buen Tiempo,Múltiple,S/D,Colisión,Ninguna,Horizontal,Cordón divisorio,Sin restricción
2021,7451,2021-11-28,Domingo,11:00:00,,0.0,1,Moto/Ciclomotor,Uruguay Y San Martin,2,1,0,0,1,0,0,"-31.42146, -60.33463",Calle,,SANTA ROSA DE CALCHINES,Constitución,Asfalto,No existe,VII,Dentro,Urbana,Otra Señal,No existe,Intersección,Bueno,Buena,Diurna,Buen Tiempo,Múltiple,S/D,Colisión,Ninguna,Faltante,Cordón divisorio,Sin restricción
2021,7453,2021-11-29,Lunes,07:15:00,Ruta Provincial 1,80.0,1,Moto/Ciclomotor, ,2,2,0,0,0,0,0,"-31.21235, -60.16259",Ruta,1,CAYASTA,Constitución,Tierra,Natural,VII,Dentro,Urbana,Otra Señal,No existe,Intersección,Bueno,Buena,Diurna,Buen Tiempo,Múltiple,S/D,Colisión,Ninguna,Vertical,Cordón divisorio,Sin restricción
2021,7454,2021-11-26,Viernes,12:30:00,Autopista Nacional Rosario -Cordoba,379.0,2,"Automóvil,Camión Chasis", ,2,1,0,0,1,0,0,"-32.80888, -61.6105",Autopista,Rosario -Cordoba,ARMSTRONG,Constitución,Asfalto,Pavimento,III,Dentro,Rural,Otra Señal,No existe,Intersección,Bueno,Buena,Diurna,Buen Tiempo,Múltiple,S/D,Colisión,Ninguna,"Horizontal,Vertical",Cordón divisorio,Sin restricción
2021,7457,2021-10-13,Miercoles,09:20:00,,0.0,2,"Automóvil,Moto/Ciclomotor",Av. Corrientes Y Gaboto,2,1,0,0,1,0,0,"-32.972582179301,-60.649132196191",Calle,,ROSARIO,Constitución,Asfalto,No existe,II,Dentro,Urbana,Otra Señal,No existe,Intersección,Bueno,Buena,Diurna,Buen Tiempo,Múltiple,S/D,Colisión,Ninguna,Faltante,Cordón divisorio,Sin restricción
2021,7458,2021-10-15,Viernes,19:15:00,,0.0,2,"Moto/Ciclomotor,Automóvil",Hilarion de la Quintana Y San Martin,2,1,0,0,1,0,0,"-32.982898368337,-60.645082671165",Avenida,,ROSARIO,Constitución,Asfalto,No existe,II,Dentro,Urbana,Otra Señal,No existe,Intersección,Bueno,Buena,Diurna,Buen Tiempo,Múltiple,S/D,Colisión,Ninguna,Horizontal,Cordón divisorio,Sin restricción
2021,7459,2021-10-09,Sabado,15:00:00,,0.0,2,"Peatón,Automóvil",Pavón 4700,2,1,0,0,1,0,0,"-32.991753915906,-60.634572890219",Calle,,ROSARIO,Constitución,"Asfalto,Ripio",No existe,II,Dentro,Urbana,Otra Señal,No existe,Intersección,Deteriorada,Buena,Diurna,Buen Tiempo,Múltiple,Peatón,Colisión,Ninguna,Faltante,Cordón divisorio,Sin restricción
2021,7460,2021-11-24,Miercoles,01:40:00,Autopista Nacional Rosario -Cordoba,0.0,2,"Camión c / Semirremolque,Camión c / Semirremolque", ,2,1,0,0,1,0,0,"-32.80657, -61.62264",Autopista,Rosario -Cordoba,ARMSTRONG,Constitución,Asfalto,Pavimento,III,Dentro,Rural,Otra Señal,No existe,Intersección,Bueno,Reducida,Nocturna,Buen Tiempo,Múltiple,S/D,Colisión,Ninguna,Faltante,Cordón divisorio,Sin restricción
2021,7461,2021-10-09,Sabado,20:45:00,,0.0,2,"Bicicleta,Automóvil",Cepeda Y Gral. J.M.Paz,2,1,0,0,1,0,0,"-32.997104689281,-60.627331279752",Calle,,ROSARIO,Constitución,Asfalto,No existe,II,Dentro,Urbana,Otra Señal,No existe,Intersección,Bueno,Buena,"Nocturna,Con luz artificial",Buen Tiempo,Múltiple,S/D,Colisión,Ninguna,Faltante,Cordón divisorio,Sin restricción
2021,7462,2021-11-20,Sabado,18:00:00,,0.0,2,"Automóvil,Moto/Ciclomotor",Belgrano Y Bv Luis Sanguinetti,4,2,0,0,2,0,0,"-32.78618, -61.60066",Calle,,ARMSTRONG,Constitución,Asfalto,No existe,III,Dentro,Urbana,Otra Señal,No existe,Intersección,Bueno,Buena,Atardecer,Buen Tiempo,Múltiple,S/D,Colisión,Ninguna,Faltante,Cordón divisorio,Sin restricción
2021,7463,2021-11-27,Sabado,04:20:00,Ruta Nacional 178,0.0,1,Automóvil, ,4,4,0,0,0,0,0,"-32.68575, -61.5241",Ruta,178,LAS PAREJAS,Constitución,Asfalto,Ripio,III,Fuera,Rural,Otra Señal,No existe,Intersección,Bueno,Reducida,"Nocturna,Con luz artificial",Buen Tiempo,Múltiple,S/D,Colisión,Ninguna,S/D,Cordón divisorio,Sin restricción
2021,7464,2021-11-26,Viernes,12:00:00,,0.0,2,"Moto/Ciclomotor,Automóvil",Calle 15 Y Avenida 18,4,2,0,0,2,0,0,"-32.68244, -61.51858",Avenida,,LAS PAREJAS,Constitución,Hormigón,No existe,III,Dentro,Urbana,Otra Señal,No existe,Intersección,Bueno,Buena,Diurna,Buen Tiempo,Múltiple,S/D,Colisión,Ninguna,Faltante,Cordón divisorio,Sin restricción
2021,7465,2021-11-21,Domingo,03:00:00,Ruta Nacional 178,0.0,2,"Automóvil,Automóvil", ,4,1,0,0,3,0,0,"-32.68172, -61.52628",Ruta,178,LAS PAREJAS,Constitución,Asfalto,No existe,III,S/D,Rural,Otra Señal,No existe,Intersección,Deteriorada,Reducida,Nocturna,Buen Tiempo,Múltiple,S/D,Colisión,Ninguna,Faltante,Cordón divisorio,Sin restricción
2021,7466,2021-11-20,Sabado,20:00:00,,0.0,2,"Automóvil,Moto/Ciclomotor",Calle 26 Y Calle 9,2,1,0,0,1,0,0,"-32.68365, -61.51189",Calle,,LAS PAREJAS,Constitución,Hormigón,No existe,III,Dentro,Urbana,Otra Señal,No existe,Intersección,Deteriorada,Buena,Nocturna,Buen Tiempo,Múltiple,S/D,Colisión,Ninguna,Faltante,Cordón divisorio,Sin restricción
2021,7467,2021-11-19,Viernes,20:30:00,,0.0,2,"Moto/Ciclomotor,Automóvil",Avenida 13 Y Avenida 18,2,1,0,0,1,0,0,"-32.68347, -61.51804",Avenida,,LAS PAREJAS,Constitución,Hormigón,No existe,III,Dentro,Urbana,Otra Señal,No existe,Intersección,Bueno,Buena,Nocturna,Buen Tiempo,Múltiple,S/D,Colisión,Ninguna,Horizontal,Cordón divisorio,Sin restricción
2021,7468,2021-11-18,Jueves,20:10:00,,0.0,1,Moto/Ciclomotor,Avenida 13 Y Calle 22,1,1,0,0,0,0,0,"-32.68257, -61.51564",Avenida,,LAS PAREJAS,Constitución,Hormigón,No existe,III,Dentro,Urbana,Otra Señal,No existe,Intersección,Bueno,Buena,Nocturna,Buen Tiempo,Múltiple,S/D,Colisión,Ninguna,Faltante,Cordón divisorio,Sin restricción
2021,7469,2021-10-19,Martes,16:35:00,,0.0,3,"Moto/Ciclomotor,Automóvil,Bicicleta",Av. Ntra.Sra.del Rosario Y Buenos Aires,4,2,0,0,2,0,0,"-32.999762, -60.645086",Avenida,,ROSARIO,Constitución,Asfalto,No existe,II,Dentro,Urbana,Otra Señal,No existe,Intersección,Bueno,Buena,Diurna,Buen Tiempo,Múltiple,Ciclista,Colisión,Ninguna,"Horizontal,Vertical",Cordón divisorio,Sin restricción
2021,7470,2021-10-18,Lunes,21:45:00,Autopista Nacional A008,0.0,2,"Automóvil,Automóvil",Av. Circunvalación Y San Martin,3,1,0,0,2,0,0,"-33.016435, -60.652351",Autopista,A008,ROSARIO,Constitución,Asfalto,No existe,II,Dentro,Urbana,Otra Señal,No existe,Intersección,Bueno,Buena,Nocturna,Buen Tiempo,Múltiple,S/D,Colisión,Ninguna,Horizontal,Cordón divisorio,Sin restricción