anio_acci,nro_acci,fecha,desc_dia,hora_aprox,desc_ruta,km,cant_participantes,desc_participante,calle_avenida_km,total,heridos_leves,heridos_graves,heridos_gravisimos,ilesos,fallecidos,sin_datos,posicion_XY,desc_tipo_via,desc_ruta_ori,desc_loc,desc_dpto,desc_tipo_calzada,desc_tipo_banquina,desc_unidad_regional,desc_lugar_calzada,desc_zona,desc_prioridad,desc_estado_semaforo,desc_lugar_via,desc_estado_via,desc_estado_visibilidad,desc_luminosidad,desc_estado_clima,desc_tipo_colision,desc_tipo_atropello,desc_tipo_hecho,desc_pres_calzada,desc_senializacion,desc_separacion_via,desc_restriccion
2021,7471,2021-11-18,Jueves,11:50:00,,0.0,2,"Moto/Ciclomotor,Automóvil",Calle 15 Y Calle 20,2,1,0,0,1,0,0,"-32.68199, -61.51737",Calle,,LAS PAREJAS,Constitución,Hormigón,No existe,III,Dentro,Urbana,Otra Señal,No existe,Intersección,Bueno,Buena,Diurna,Buen Tiempo,Múltiple,S/D,Colisión,Ninguna,Faltante,Cordón divisorio,Sin restricción
2021,7472,2021-10-14,Jueves,09:00:00,,0.0,2,"Camión Chasis,Automóvil",Av. Corrientes Y Saavedra,3,1,0,0,2,0,0,"-32.97717159936,-60.650278634761",Avenida,,ROSARIO,Constitución,Asfalto,No existe,II,Dentro,Urbana,Otra Señal,No existe,Intersección,Bueno,Buena,Diurna,Buen Tiempo,Múltiple,S/D,Colisión,Ninguna,Faltante,Cordón divisorio,Sin restricción
2021,7473,2021-11-18,Jueves,07:30:00,,0.0,2,"Moto/Ciclomotor,Automóvil",Calle 11 Y Calle 26,2,1,0,0,1,0,0,"-32.68268, -61.51239",Calle,,LAS PAREJAS,Constitución,Hormigón,No existe,III,Dentro,Urbana,Otra Señal,No existe,Intersección,Bueno,Buena,Diurna,Buen Tiempo,Múltiple,S/D,Colisión,Ninguna,Faltante,Cordón divisorio,Sin restricción
2021,7474,2021-11-16,Martes,00:20:00,Ruta Nacional 178,184.0,1,Automóvil, ,5,5,0,0,0,0,0,"-32.70356, -61.5267",Ruta,178,LAS PAREJAS,Constitución,Asfalto,Natural,III,Dentro,Rural,Otra Señal,No existe,Intersección,Bueno,Reducida,Nocturna,Buen Tiempo,Múltiple,S/D,Colisión,Fluidos,Horizontal,Cordón divisorio,Sin restricción
2021,7475,2021-10-15,Viernes,18:20:00,,0.0,2,"Moto/Ciclomotor,Automóvil",Ayacucho Y Virasoro,3,1,0,0,2,0,0,"-32.971910723009,-60.632791440013",Calle,,ROSARIO,Constitución,Asfalto,No existe,II,Dentro,Urbana,Otra Señal,No existe,Intersección,Bueno,Buena,Diurna,Buen Tiempo,Múltiple,S/D,Colisión,Ninguna,Faltante,Cordón divisorio,Sin restricción
2021,7476,2021-10-07,Jueves,11:00:00,,0.0,2,"Moto/Ciclomotor,Automóvil",Biedma Y San Martin,3,2,0,0,1,0,0,"-32.981237815482,-60.644623418734",Avenida,,ROSARIO,Constitución,Asfalto,No existe,II,Dentro,Urbana,Otra Señal,Funciona,Intersección,Bueno,Buena,Diurna,Buen Tiempo,Múltiple,S/D,Colisión,Ninguna,"Horizontal,Vertical",Cordón divisorio,Sin restricción
2021,7477,2021-10-02,Sabado,02:30:00,,0.0,2,"Moto/Ciclomotor,Pickup/Utilitario",L.N.Alem Y Virasoro,2,1,0,0,1,0,0,"-32.971658634612,-60.6342105055",Calle,,ROSARIO,Constitución,Asfalto,No existe,II,Dentro,Urbana,Otra Señal,No existe,Intersección,Bueno,Buena,"Nocturna,Con luz artificial",Buen Tiempo,Múltiple,S/D,Colisión,Ninguna,"Horizontal,Vertical",Cordón divisorio,Sin restricción
2021,7478,2021-11-18,Jueves,07:00:00,,0.0,2,"Moto/Ciclomotor,Automóvil",Calle 11 Y Calle 12,2,1,0,0,1,0,0,"-32.68606, -61.52167",Calle,,LAS PAREJAS,Constitución,Asfalto,No existe,III,Dentro,Urbana,Otra Señal,No existe,Intersección,Bueno,Buena,Diurna,Buen Tiempo,Múltiple,S/D,Colisión,Ninguna,Faltante,Cordón divisorio,Sin restricción
2021,7479,2021-10-01,Viernes,08:30:00,,0.0,2,"Moto/Ciclomotor,Pickup/Utilitario",Garibaldi Y San Martin,3,1,0,0,2,0,0,"-32.986384071075,-60.645694842802",Avenida,,ROSARIO,Constitución,Asfalto,No existe,II,Dentro,Urbana,Otra Señal,Funciona,Intersección,Bueno,Buena,Diurna,Buen Tiempo,Múltiple,S/D,Colisión,Ninguna,"Horizontal,Vertical",Cordón divisorio,Sin restricción
2021,7480,2021-10-04,Lunes,18:00:00,,0.0,2,"Pickup/Utilitario,Peatón",Abanderado Grandoli 3900,2,1,0,0,1,0,0,"-32.98589270879,-60.628295180401",Avenida,,ROSARIO,Constitución,Asfalto,No existe,II,Dentro,Urbana,Otra Señal,No existe,Intersección,Bueno,Buena,Diurna,Buen Tiempo,Múltiple,Peatón,Colisión,Ninguna,Faltante,Cordón divisorio,Sin restricción
2021,7481,2021-10-02,Sabado,19:10:00,,0.0,2,"Automóvil,Automóvil",Ameghino Y Av. Corrientes,5,4,0,0,1,0,0,"-32.986353438929,-60.652592978379",Calle,,ROSARIO,Constitución,Asfalto,No existe,II,Dentro,Urbana,Otra Señal,No existe,Intersección,Bueno,Buena,Nocturna,Buen Tiempo,Múltiple,S/D,Colisión,Ninguna,Vertical,Cordón divisorio,Sin restricción
2021,7482,2021-11-13,Sabado,18:15:00,,0.0,2,"Moto/Ciclomotor,Pickup/Utilitario",Carlos Silvestre Begnis ,3,2,0,0,1,0,0,"-29.23773, -61.76662",Calle,,TOSTADO,Constitución,Asfalto,No existe,XII,Dentro,Urbana,Otra Señal,Funciona,Intersección,Bueno,Buena,Diurna,Buen Tiempo,Múltiple,S/D,Colisión,S/D,S/D,Cordón divisorio,Sin restricción
2021,7483,2021-11-12,Viernes,13:13:00,,0.0,2,"Moto/Ciclomotor,Moto/Ciclomotor",Entre Ríos Y Neuquén,2,1,0,0,1,0,0,"-29.2247, -61.76472",Calle,,TOSTADO,Constitución,Ripio,No existe,XII,Dentro,Urbana,Otra Señal,No existe,Intersección,Bueno,Buena,Diurna,Buen Tiempo,Múltiple,S/D,Colisión,Ninguna,Faltante,Cordón divisorio,Sin restricción
2021,7484,2021-11-26,Viernes,20:00:00,Ruta Secundaria 80-s,0.0,1,Otros, ,3,1,0,0,2,0,0,"-31.14511, -61.03597",Ruta,80-s,HIPATIA,Constitución,Asfalto,Natural,XI,Fuera,Rural,Otra Señal,No existe,Intersección,Bueno,Buena,Diurna,Buen Tiempo,Múltiple,S/D,Colisión,Ninguna,Faltante,Cordón divisorio,Sin restricción
2021,7485,2021-10-01,Viernes,08:35:00,,0.0,2,"Moto/Ciclomotor,Automóvil",Mr.Ross Y Paraguay,3,2,0,0,1,0,0,"-32.987256826145,-60.654260601876",Calle,,ROSARIO,Constitución,Asfalto,No existe,II,Dentro,Urbana,Otra Señal,No existe,Intersección,Bueno,Buena,Diurna,Buen Tiempo,Múltiple,S/D,Colisión,Ninguna,Faltante,Cordón divisorio,Sin restricción
2021,7486,2021-11-09,Martes,23:50:00,,0.0,1,Automóvil, ,2,2,0,0,0,0,0,"-28.6253, -61.61158",Calle,,VILLA MINETTI,Constitución,Asfalto,No existe,XII,Dentro,Urbana,Otra Señal,No existe,Intersección,Con baches,Reducida,Nocturna,Buen Tiempo,Múltiple,S/D,Colisión,Agua,Faltante,Cordón divisorio,Sin restricción
2021,7487,2021-11-05,Viernes,06:20:00,Ruta Provincial 95,0.0,2,"Pickup/Utilitario,Automóvil", ,7,7,0,0,0,0,0,"-29.23406, -61.74386",Ruta,95,TOSTADO,Constitución,Asfalto,Natural,XII,Dentro,Urbana,Otra Señal,No existe,Intersección,"Con baches,Resbaladiza",Reducida,Amanecer,Lluvia,Múltiple,S/D,Colisión,Agua,Faltante,Cordón divisorio,Sin restricción
2021,7488,2021-11-23,Martes,12:45:00,Ruta Provincial 4,24.0,1,Automóvil, ,1,1,0,0,0,0,0,"-31.23172, -60.91801",Ruta,4,CULULÚ,Constitución,Asfalto,Natural,XI,Fuera,Rural,Otra Señal,No existe,Intersección,Bueno,Buena,Diurna,Buen Tiempo,Múltiple,S/D,Colisión,Ninguna,Horizontal,Cordón divisorio,Sin restricción
2021,7489,2021-11-26,Viernes,20:35:00,,0.0,2,"Moto/Ciclomotor,Moto/Ciclomotor", ,2,2,0,0,0,0,0,"-31.6746, -60.94717",Camino Rural,,SAN AGUSTÍN,Constitución,Asfalto,Natural,XI,Dentro,Rural,Otra Señal,No existe,Intersección,Bueno,Reducida,Nocturna,Buen Tiempo,Múltiple,S/D,Colisión,Ninguna,Horizontal,Cordón divisorio,Sin restricción
2021,7491,2021-11-20,Sabado,05:30:00,,0.0,2,"Automóvil,Moto/Ciclomotor",Pasaje General Belgrano Y Avenida General San Martin,5,4,0,0,1,0,0,"-31.56836, -61.3801",Avenida,,SA PEREIRA,Constitución,Ripio,Natural,XI,Dentro,Urbana,Otra Señal,No existe,Intersección,Bueno,Buena,Amanecer,Buen Tiempo,Múltiple,S/D,Colisión,Ninguna,Faltante,Cordón divisorio,Sin restricción
2021,7492,2021-03-06,Sabado,20:56:00,,0.0,1,Automóvil, ,1,0,0,0,0,1,0,"-32.95205, -60.67033",S/D,,ROSARIO,Constitución,S/D,S/D,II,S/D,S/D,Otra Señal,S/D,Intersección,S/D,S/D,Nocturna,S/D,Múltiple,S/D,Colisión,S/D,S/D,Cordón divisorio,Sin restricción
2021,7493,2021-04-30,Viernes,16:52:00,,0.0,1,Moto/Ciclomotor, ,1,0,0,0,0,1,0,"-32.95199, -60.67012",S/D,,ROSARIO,Constitución,S/D,S/D,II,S/D,S/D,Otra Señal,S/D,Intersección,S/D,S/D,Diurna,S/D,Múltiple,S/D,Colisión,S/D,S/D,Cordón divisorio,Sin restricción
2021,7494,2021-11-26,Viernes,21:15:00,,0.0,2,"Moto/Ciclomotor,Moto/Ciclomotor",9 de Julio Y Saavedra,2,2,0,0,0,0,0,"-31.44106, -61.26493",Calle,,PILAR,Constitución,Asfalto,No existe,XI,S/D,Urbana,Otra Señal,No existe,Intersección,Bueno,Buena,Nocturna,Buen Tiempo,Múltiple,S/D,Colisión,Ninguna,Faltante,Cordón divisorio,Sin restricción
2021,7495,2021-11-14,Domingo,22:40:00,Ruta Provincial 1,0.0,1,Moto/Ciclomotor, ,1,1,0,0,0,0,0,"-31.4032, -60.32536",Ruta,1,SANTA ROSA DE CALCHINES,Constitución,Asfalto,Natural,VII,Dentro,Urbana,Otra Señal,No existe,Intersección,Bueno,Buena,Nocturna,Buen Tiempo,Múltiple,S/D,Colisión,Ninguna,Faltante,Cordón divisorio,Sin restricción
2021,7496,2021-11-12,Viernes,13:00:00,,0.0,2,"Moto/Ciclomotor,Pickup/Utilitario",A Rossi Y Uruguay,2,1,0,0,1,0,0,"-31.42108, -60.33664",Calle,,SANTA ROSA DE CALCHINES,Constitución,Asfalto,No existe,VII,Dentro,Urbana,Otra Señal,No existe,Intersección,Bueno,Buena,Diurna,Buen Tiempo,Múltiple,S/D,Colisión,Ninguna,Faltante,Cordón divisorio,Sin restricción
2021,7497,2021-11-16,Martes,18:15:00,,0.0,2,"Moto/Ciclomotor,Automóvil",9 de Julio Y Manfredi,2,1,0,0,1,0,0,"-31.58617, -60.94067",Calle,,FRANCK,Constitución,Asfalto,No existe,XI,Dentro,Urbana,Otra Señal,No existe,Intersección,Bueno,Buena,Diurna,Buen Tiempo,Múltiple,S/D,Colisión,Ninguna,Vertical,Cordón divisorio,Sin restricción
2021,7499,2021-11-15,Lunes,23:30:00,,0.0,2,"Automóvil,Moto/Ciclomotor",Bv Bell Ville Y Vergara,2,1,0,0,1,0,0,"-32.7906, -61.60027",Calle,,ARMSTRONG,Constitución,Asfalto,No existe,III,Dentro,Urbana,Otra Señal,No existe,Intersección,Bueno,Buena,"Nocturna,Con luz artificial",Buen Tiempo,Múltiple,S/D,Colisión,Ninguna,Faltante,Cordón divisorio,Sin restricción
2021,7500,2021-11-14,Domingo,20:55:00,Ruta Nacional 9,0.0,2,"Moto/Ciclomotor,Otros", ,2,1,0,0,0,0,1,"-32.7775, -61.58468",Ruta,9,ARMSTRONG,Constitución,Asfalto,No existe,III,S/D,Rural,Otra Señal,No existe,Intersección,Bueno,Buena,Nocturna,Buen Tiempo,Múltiple,S/D,Colisión,Ninguna,"Horizontal,Vertical",Cordón divisorio,Sin restricción
2021,7501,2021-11-13,Sabado,06:40:00,,0.0,1,Moto/Ciclomotor, ,1,1,0,0,0,0,0,"-32.7837, -61.6035",S/D,,ARMSTRONG,Constitución,Tierra,No existe,III,S/D,Rural,Otra Señal,No existe,Intersección,Otro,Buena,Diurna,Buen Tiempo,Múltiple,S/D,Colisión,Ninguna,S/D,Cordón divisorio,Sin restricción
2021,7503,2021-10-31,Domingo,,Ruta Provincial 1,0.0,2,"Peatón,Automóvil", ,2,1,0,0,1,0,0,"-31.09560549259188,-60.093117356300",Ruta,1,HELVECIA,Constitución,Asfalto,S/D,VII,Dentro,Urbana,Otra Señal,S/D,Intersección,S/D,S/D,S/D,S/D,Múltiple,Peatón,Colisión,S/D,S/D,Cordón divisorio,Sin restricción
2021,7504,2021-11-26,Viernes,17:40:00,,0.0,1,Moto/Ciclomotor,Domingo Faustino Sarmiento Y Güemes,1,1,0,0,0,0,0,"-31.55081, -61.07807",Calle,,SAN JERÓNIMO NORTE,Constitución,Asfalto,No existe,XI,S/D,Urbana,Otra Señal,No existe,Intersección,Bueno,Buena,Atardecer,Buen Tiempo,Múltiple,S/D,Colisión,S/D,S/D,Cordón divisorio,Sin restricción
2021,7505,2021-11-17,Miercoles,15:35:00,,0.0,2,"Automóvil,Bicicleta",9 de Julio Y Sarmiento,2,1,0,0,1,0,0,"-31.73029, -61.09518",Calle,,SAN CARLOS CENTRO,Constitución,Asfalto,No existe,XI,Dentro,Urbana,Otra Señal,No existe,Intersección,Bueno,Buena,Diurna,Buen Tiempo,Múltiple,S/D,Colisión,Ninguna,Faltante,Cordón divisorio,Sin restricción
2021,7506,2021-11-19,Viernes,10:20:00,,0.0,2,"Automóvil,Automóvil",Belgrano Manuel Y Mendoza,4,1,0,0,3,0,0,"-31.74629, -61.09627",Calle,,SAN CARLOS CENTRO,Constitución,Ripio,No existe,XI,Dentro,Urbana,Otra Señal,No existe,Intersección,Bueno,Buena,Diurna,Buen Tiempo,Múltiple,S/D,Colisión,Ninguna,Vertical,Cordón divisorio,Sin restricción
2021,7507,2021-11-26,Viernes,19:30:00,,0.0,2,"Moto/Ciclomotor,Automóvil",Mitre Y L de la Torre,2,1,0,0,1,0,0,"-31.72083, -61.09431",Calle,,SAN CARLOS CENTRO,Constitución,Asfalto,No existe,XI,Dentro,Urbana,Otra Señal,No existe,Intersección,Bueno,Buena,Atardecer,Buen Tiempo,Múltiple,S/D,Colisión,Ninguna,Faltante,Cordón divisorio,Sin restricción
2021,7508,2021-11-30,Martes,11:40:00,,0.0,2,"Moto/Ciclomotor,Pickup/Utilitario",E Wuthrich Y Pueyrredón,3,1,0,0,2,0,0,"-31.72378, -61.09766",Calle,,SAN CARLOS CENTRO,Constitución,Asfalto,No existe,XI,Dentro,Urbana,Otra Señal,No existe,Intersección,Bueno,Buena,Diurna,Buen Tiempo,Múltiple,S/D,Colisión,Ninguna,Faltante,Cordón divisorio,Sin restricción
2021,7509,2021-10-20,Miercoles,20:30:00,Ruta Provincial 1,33.0,1,Moto/Ciclomotor, ,2,2,0,0,0,0,0,"-31.44492, -60.36591",Ruta,1,SANTA ROSA DE CALCHINES,Constitución,Asfalto,Natural,VII,Dentro,Rural,Otra Señal,No existe,Intersección,Bueno,Buena,Nocturna,Buen Tiempo,Múltiple,S/D,Colisión,Ninguna,Horizontal,Cordón divisorio,Sin restricción
2021,7510,2021-10-01,Viernes,12:10:00,,0.0,2,"Moto/Ciclomotor,Moto/Ciclomotor",Albert Sabin Y Almafuerte,3,2,0,0,0,0,1,"-32.917363340557,-60.690725588104",Avenida,,ROSARIO,Constitución,Asfalto,No existe,II,Dentro,Urbana,Otra Señal,No existe,Intersección,Bueno,Buena,Diurna,Buen Tiempo,Múltiple,S/D,Colisión,Ninguna,Horizontal,Cordón divisorio,Sin restricción
2021,7511,2021-10-31,Domingo,00:15:00,Ruta Provincial 1,49.0,2,"Pickup/Utilitario,Moto/Ciclomotor", ,2,0,0,1,1,0,0,"-31.31751, -60.28399",Ruta,1,SANTA ROSA DE CALCHINES,Constitución,Asfalto,Natural,VII,Dentro,Rural,Otra Señal,No existe,Intersección,Bueno,Buena,Nocturna,Buen Tiempo,Múltiple,S/D,Colisión,S/D,Horizontal,Cordón divisorio,Sin restricción
2021,7512,2021-10-14,Jueves,09:30:00,,0.0,2,"Bicicleta,Automóvil",Albert Sabin Y J.J.Paso,2,1,0,0,1,0,0,"-32.919519220104,-60.689156288744",Avenida,,ROSARIO,Constitución,Asfalto,No existe,II,Dentro,Urbana,Otra Señal,Funciona,Intersección,Bueno,Buena,Diurna,Buen Tiempo,Múltiple,Ciclista,Colisión,Ninguna,"Horizontal,Vertical",Cordón divisorio,Sin restricción
2021,7513,2021-10-29,Viernes,09:20:00,Ruta Provincial 1,77.0,1,Automóvil, ,5,4,0,0,1,0,0,"-31.15773, -60.13962",Ruta,1,CAMPO DEL MEDIO,Constitución,"Tierra,Arena",Natural,VII,Fuera,Urbana,Otra Señal,No existe,Intersección,Bueno,Buena,Diurna,Buen Tiempo,Múltiple,S/D,Colisión,Ninguna,Faltante,Cordón divisorio,Sin restricción
2021,7514,2021-11-25,Jueves,08:30:00,,0.0,2,"Moto/Ciclomotor,Automóvil",Güemes Y Gobernador Crespo,2,1,0,0,1,0,0,"-31.45212, -60.93628",Calle,,ESPERANZA,Constitución,Asfalto,Pavimento,XI,Dentro,Urbana,Otra Señal,No existe,Intersección,Bueno,Buena,Diurna,Buen Tiempo,Múltiple,S/D,Colisión,Ninguna,S/D,Cordón divisorio,Sin restricción
2021,7515,2021-10-12,Martes,07:30:00,,0.0,2,"Moto/Ciclomotor,Pickup/Utilitario",Albert Sabin Y Av. Génova,2,1,0,0,1,0,0,"-32.915367264375,-60.691911535957",Avenida,,ROSARIO,Constitución,Asfalto,No existe,II,Dentro,Urbana,Otra Señal,Funciona,Intersección,Bueno,Buena,Amanecer,Buen Tiempo,Múltiple,S/D,Colisión,Ninguna,"Horizontal,Vertical",Cordón divisorio,Sin restricción
2021,7517,2021-10-08,Viernes,21:00:00,,0.0,2,"Moto/Ciclomotor,Automóvil",Albert Sabin Y J.J.Paso,2,1,0,0,1,0,0,"-32.919510304927826,-60.68922489881",Avenida,,ROSARIO,Constitución,Asfalto,No existe,II,Dentro,Urbana,Otra Señal,Funciona,Intersección,Bueno,S/D,Nocturna,Buen Tiempo,Múltiple,S/D,Colisión,S/D,"Horizontal,Vertical",Cordón divisorio,Sin restricción
2021,7518,2021-10-03,Domingo,18:30:00,,0.0,2,"Pickup/Utilitario,Moto/Ciclomotor",J.J.Perez Y Matheu,2,1,0,0,1,0,0,"-32.889180548587,-60.729844949173",Calle,,ROSARIO,Constitución,Asfalto,No existe,II,Dentro,Urbana,Otra Señal,No existe,Intersección,Bueno,Buena,Diurna,Buen Tiempo,Múltiple,S/D,Colisión,Ninguna,Faltante,Cordón divisorio,Sin restricción
2021,7519,2021-10-19,Martes,19:14:00,,0.0,2,"Moto/Ciclomotor,Automóvil",Darragueira Y Superi,2,1,0,0,1,0,0,"-32.894811, -60.694963",Calle,,ROSARIO,Constitución,Asfalto,No existe,II,Dentro,Urbana,Otra Señal,No existe,Intersección,Bueno,Buena,Nocturna,Buen Tiempo,Múltiple,S/D,Colisión,Ninguna,Faltante,Cordón divisorio,Sin restricción
2021,7520,2021-10-19,Martes,14:00:00,,0.0,2,"Automóvil,Moto/Ciclomotor",Molina Y Superi,2,1,0,0,1,0,0,"-32.896568630111,-60.704576440165",Calle,,ROSARIO,Constitución,Asfalto,No existe,II,Dentro,Urbana,Otra Señal,No existe,Intersección,S/D,S/D,Diurna,S/D,Múltiple,S/D,Colisión,S/D,Faltante,Cordón divisorio,Sin restricción
2021,7521,2021-10-11,Lunes,22:15:00,,0.0,2,"Automóvil,Moto/Ciclomotor",Cayetano Silva Y José Ingenieros,2,1,0,0,1,0,0,"-32.916096113121,-60.679063835806",Calle,,ROSARIO,Constitución,Asfalto,No existe,II,Dentro,Urbana,Otra Señal,No existe,Intersección,Bueno,Buena,"Nocturna,Con luz artificial",Buen Tiempo,Múltiple,S/D,Colisión,Ninguna,Faltante,Cordón divisorio,Sin restricción
2021,7522,2021-10-05,Martes,21:50:00,,0.0,2,"Moto/Ciclomotor,Automóvil",Albert Sabin Y Junín,2,1,0,0,1,0,0,"-32.926688598384,-60.6800537256",Avenida,,ROSARIO,Constitución,Asfalto,No existe,II,Dentro,Urbana,Otra Señal,No existe,Intersección,Bueno,Buena,Nocturna,Buen Tiempo,Múltiple,S/D,Colisión,Ninguna,"Horizontal,Vertical",Cordón divisorio,Sin restricción
2021,7523,2021-10-17,Domingo,13:30:00,,0.0,2,"Automóvil,Bicicleta",Bv Centenario Y Rivadavia,2,1,0,0,1,0,0,"-33.244837650091,-60.835254259983",Avenida,,ACEBAL,Constitución,Asfalto,No existe,II,Dentro,Urbana,Otra Señal,No existe,Intersección,Bueno,Buena,Diurna,Buen Tiempo,Múltiple,Ciclista,Colisión,Ninguna,Vertical,Cordón divisorio,Sin restricción
2021,7525,2021-11-03,Miercoles,11:00:00,,0.0,2,"Moto/Ciclomotor,Otros",Avenida 18 Y Calle 34 bis,3,1,0,0,2,0,0,"-32.67448, -61.5226",Calle,,LAS PAREJAS,Constitución,Ripio,No existe,III,Dentro,Urbana,Otra Señal,No existe,Intersección,Otro,Reducida,"Nocturna,Con luz artificial",Buen Tiempo,Múltiple,S/D,Colisión,Ninguna,Horizontal,Cordón divisorio,Sin restricción
2021,7526,2021-11-10,Miercoles,09:45:00,,0.0,2,"Moto/Ciclomotor,Moto/Ciclomotor",Lavalle Y San Lorenzo,2,1,0,0,1,0,0,"-32.47774, -61.57803",Calle,,LAS ROSAS,Constitución,Asfalto,No existe,III,Dentro,Urbana,Otra Señal,No existe,Intersección,Bueno,Buena,Diurna,Buen Tiempo,Múltiple,S/D,Colisión,Ninguna,Faltante,Cordón divisorio,Sin restricción
2021,7527,2021-10-05,Martes,09:20:00,Ruta Provincial 16,0.0,2,"Moto/Ciclomotor,Pickup/Utilitario",Aristóbulo del Valle Y Ruta Provincial 26,2,1,0,0,1,0,0,"-33.23666274547579,-60.829142332077",Ruta,16,ACEBAL,Constitución,Asfalto,Pavimento,II,Dentro,Urbana,Otra Señal,No existe,Intersección,Bueno,Buena,Diurna,Buen Tiempo,Múltiple,S/D,Colisión,Ninguna,Faltante,Cordón divisorio,Sin restricción
2021,7528,2021-11-10,Miercoles,09:45:00,,0.0,2,"Automóvil,Moto/Ciclomotor",Lavalle Y San Lorenzo,2,1,0,0,1,0,0,"-32.47775, -61.57809",Calle,,LAS ROSAS,Constitución,Hormigón,No existe,III,Dentro,Urbana,Otra Señal,No existe,Intersección,Bueno,Buena,Diurna,Buen Tiempo,Múltiple,S/D,Colisión,Ninguna,Faltante,Cordón divisorio,Sin restricción
2021,7529,2021-11-16,Martes,12:30:00,,0.0,2,"Moto/Ciclomotor,Camión c / Acoplado",López y Planes Y Domingo Faustino Sarmiento,3,2,0,0,1,0,0,"-31.45551, -60.93341",Calle,,ESPERANZA,Constitución,Asfalto,Pavimento,XI,Dentro,Urbana,Otra Señal,No existe,Intersección,Bueno,Buena,Diurna,Buen Tiempo,Múltiple,S/D,Colisión,Ninguna,S/D,Cordón divisorio,Sin restricción
2021,7531,2021-11-27,Sabado,07:30:00,,0.0,1,Automóvil, ,1,1,0,0,0,0,0,"-31.51112, -60.60973",Camino Rural,,MONTE VERA,Constitución,Tierra,No existe,I,Fuera,Rural,Otra Señal,No existe,Intersección,Bueno,Buena,Diurna,Buen Tiempo,Múltiple,S/D,Colisión,Ninguna,S/D,Cordón divisorio,Sin restricción
2021,7532,2021-11-14,Domingo,00:20:00,Ruta Secundaria 36-s,0.0,1,Automóvil, ,4,4,0,0,0,0,0,"-31.78436, -60.9806",Ruta,36-s,MATILDE,Constitución,Asfalto,Natural,XI,Fuera,Rural,Otra Señal,No existe,Intersección,Resbaladiza,Buena,Nocturna,Lluvia,Múltiple,S/D,Colisión,Agua,Faltante,Cordón divisorio,Sin restricción
2021,7533,2021-11-13,Sabado,00:20:00,,0.0,2,"Moto/Ciclomotor,Moto/Ciclomotor",Laprida Y 25 de Mayo,2,1,0,0,1,0,0,"-31.05735, -61.16521",Calle,,SARMIENTO,Constitución,Asfalto,S/D,XI,Dentro,Urbana,Otra Señal,S/D,Intersección,S/D,Buena,Con luz artificial,Buen Tiempo,Múltiple,S/D,Colisión,S/D,S/D,Cordón divisorio,Sin restricción
2021,7536,2021-10-03,Domingo,16:50:00,,0.0,2,"Moto/Ciclomotor,Automóvil",Casiano Casas Y Pávlov,2,1,0,0,1,0,0,"-32.901894351188,-60.703943958798",Calle,,ROSARIO,Constitución,Asfalto,No existe,II,Dentro,Urbana,Otra Señal,Funciona,Intersección,Bueno,Buena,Diurna,Buen Tiempo,Múltiple,S/D,Colisión,Agua,"Horizontal,Vertical",Cordón divisorio,Sin restricción
2021,7537,2021-11-20,Sabado,13:10:00,,0.0,2,"Moto/Ciclomotor,Pickup/Utilitario",Calle s n ,2,1,0,0,1,0,0,"-31.49766, -60.67897",Calle,,MONTE VERA,Constitución,Ripio,No existe,I,S/D,Urbana,Otra Señal,No existe,Intersección,Otro,Buena,Diurna,Buen Tiempo,Múltiple,S/D,Colisión,Ninguna,Faltante,Cordón divisorio,Sin restricción
2021,7538,2021-11-10,Miercoles,07:00:00,,0.0,2,"Moto/Ciclomotor,Pickup/Utilitario",General López Y Córdoba,2,1,0,0,1,0,0,"-31.06119, -61.1705",Calle,,SARMIENTO,Constitución,Asfalto,Natural,XI,Dentro,Urbana,Otra Señal,No existe,Intersección,Bueno,Buena,Diurna,Buen Tiempo,Múltiple,S/D,Colisión,Ninguna,Faltante,Cordón divisorio,Sin restricción
2021,7540,2021-10-19,Martes,22:40:00,,0.0,2,"Moto/Ciclomotor,Automóvil",Av. Sorrento Y Pacheco,2,1,0,0,1,0,0,"-32.907244993606,-60.693360533576",Avenida,,ROSARIO,Constitución,Asfalto,No existe,II,Dentro,Urbana,Otra Señal,Funciona,Intersección,Bueno,Buena,"Nocturna,Con luz artificial",Buen Tiempo,Múltiple,S/D,Colisión,Ninguna,"Horizontal,Vertical",Cordón divisorio,Sin restricción
2021,7541,2021-11-04,Jueves,22:00:00,Autovía Nacional 19,0.0,1,Automóvil, ,3,2,0,0,1,0,0,"-31.5773, -61.38175",Autovía,19,SA PEREIRA,Constitución,Asfalto,Natural,XI,Fuera,Rural,Otra Señal,No existe,Intersección,Bueno,Reducida,Nocturna,Lluvia,Múltiple,S/D,Colisión,Agua,Faltante,Cordón divisorio,Sin restricción
2021,7542,2021-11-20,Sabado,10:45:00,Ruta Provincial 2,12.5,2,"Moto/Ciclomotor,Automóvil", ,2,1,0,0,1,0,0,"-31.46038, -60.67195",Ruta,2,MONTE VERA,Constitución,Asfalto,Ripio,I,Dentro,Rural,Otra Señal,No existe,Intersección,Con baches,Buena,Amanecer,Otro,Múltiple,S/D,Colisión,Ninguna,Faltante,Cordón divisorio,Sin restricción