anio_acci,nro_acci,fecha,desc_dia,hora_aprox,desc_ruta,km,cant_participantes,desc_participante,calle_avenida_km,total,heridos_leves,heridos_graves,heridos_gravisimos,ilesos,fallecidos,sin_datos,posicion_XY,desc_tipo_via,desc_ruta_ori,desc_loc,desc_dpto,desc_tipo_calzada,desc_tipo_banquina,desc_unidad_regional,desc_lugar_calzada,desc_zona,desc_prioridad,desc_estado_semaforo,desc_lugar_via,desc_estado_via,desc_estado_visibilidad,desc_luminosidad,desc_estado_clima,desc_tipo_colision,desc_tipo_atropello,desc_tipo_hecho,desc_pres_calzada,desc_senializacion,desc_separacion_via,desc_restriccion
2021,7544,2021-11-19,Viernes,18:30:00,Ruta Provincial 2,0.0,3,"Automóvil,Automóvil,Automóvil",Neuquén Y Ruta pcial 2 Av. San Martin,5,1,0,0,4,0,0,"-31.51957, -60.68194",Ruta,2,MONTE VERA,Constitución,Hormigón,Natural,I,S/D,Urbana,Otra Señal,Funciona,Intersección,Bueno,Buena,Diurna,Buen Tiempo,Múltiple,S/D,Colisión,Ninguna,Vertical,Cordón divisorio,Sin restricción
2021,7545,2021-11-19,Viernes,04:40:00,Ruta Provincial 2,0.0,2,"Automóvil,Transporte de Pasajeros Larga Distancia (Doble Piso)",Misiones Y Ruta pcial 2 Av. San Martin,2,1,0,0,1,0,0,"-31.51006, -60.67875",Ruta,2,MONTE VERA,Constitución,Asfalto,Ripio,I,Dentro,Urbana,Otra Señal,No existe,Intersección,Con baches,Buena,"Nocturna,Con luz artificial",Buen Tiempo,Múltiple,S/D,Colisión,Ninguna,S/D,Cordón divisorio,Sin restricción
2021,7546,2021-11-10,Miercoles,17:30:00,Ruta Provincial 10,0.0,2,"Pickup/Utilitario,Camión c / Acoplado", ,2,1,0,0,1,0,0,"-31.4436, -61.24609",Ruta,10,PILAR,Constitución,Asfalto,Natural,XI,Dentro,Urbana,Otra Señal,No existe,Intersección,Ahuellamiento,Buena,Diurna,Buen Tiempo,Múltiple,S/D,Colisión,Ninguna,Faltante,Cordón divisorio,Sin restricción
2021,7547,2021-11-28,Domingo,07:15:00,,0.0,1,Automóvil,Calle 40 Y Calle 5,4,1,0,0,3,0,0,"-31.56152, -60.52834",Calle,,ARROYO LEYES,Constitución,Tierra,No existe,I,Dentro,Urbana,Otra Señal,No existe,Intersección,Bueno,Buena,Diurna,Buen Tiempo,Múltiple,S/D,Colisión,Ninguna,Faltante,Cordón divisorio,Sin restricción
2021,7548,2021-10-25,Lunes,02:50:00,,0.0,2,"Pickup/Utilitario,Moto/Ciclomotor",Av. Alberdi Bis Y Bv. Avellaneda,3,1,0,0,2,0,0,"-32.927121274139,-60.676020905974",Avenida,,ROSARIO,Constitución,Asfalto,No existe,II,Dentro,Urbana,Otra Señal,Funciona,Intersección,Bueno,Buena,Diurna,Buen Tiempo,Múltiple,S/D,Colisión,Ninguna,"Horizontal,Vertical",Cordón divisorio,Sin restricción
2021,7549,2021-10-23,Sabado,18:00:00,,0.0,2,"Moto/Ciclomotor,Moto/Ciclomotor",ALMA MARITANO  Y DOMINGO CANDIA ,3,1,0,0,1,0,1,"-32.884891, -60.723022",Calle,,ROSARIO,Constitución,Asfalto,No existe,II,Dentro,Urbana,Otra Señal,No existe,Intersección,Bueno,Buena,Diurna,Buen Tiempo,Múltiple,S/D,Colisión,Ninguna,Faltante,Cordón divisorio,Sin restricción
2021,7550,2021-10-26,Martes,14:35:00,,0.0,2,"Automóvil,Bicicleta",Nicolas Laguna Y Salvat,2,1,0,0,1,0,0,"-32.883406312228,-60.724243273014",Calle,,ROSARIO,Constitución,Asfalto,No existe,II,Dentro,Urbana,Otra Señal,No existe,Intersección,Bueno,Buena,Diurna,Buen Tiempo,Múltiple,Ciclista,Colisión,Ninguna,Faltante,Cordón divisorio,Sin restricción
2021,7551,2021-10-21,Jueves,19:40:00,Ruta Provincial 14,12.0,1,Moto/Ciclomotor, ,1,1,0,0,0,0,0,"-33.09098, -60.79047",Ruta,14,PIÑERO,Constitución,Asfalto,Natural,II,Dentro,Rural,Otra Señal,No existe,Intersección,Ahuellamiento,Buena,Nocturna,Buen Tiempo,Múltiple,S/D,Colisión,Ninguna,Horizontal,Cordón divisorio,Sin restricción
2021,7552,2021-11-10,Miercoles,11:50:00,,0.0,2,"Automóvil,Moto/Ciclomotor",San Martin Y Manfredi,2,1,0,0,1,0,0,"-31.58663, -60.93867",Calle,,FRANCK,Constitución,Asfalto,Pavimento,XI,Dentro,Urbana,Otra Señal,Funciona,Intersección,Bueno,Buena,Diurna,Buen Tiempo,Múltiple,S/D,Colisión,Ninguna,"Horizontal,Vertical",Cordón divisorio,Sin restricción
2021,7553,2021-11-08,Lunes,21:30:00,,0.0,2,"Moto/Ciclomotor,Automóvil",San Martin Y Belgrano,2,1,0,0,0,0,1,"-31.55351, -61.07749",Calle,,SAN JERÓNIMO NORTE,Constitución,Asfalto,No existe,XI,Dentro,Urbana,Otra Señal,No existe,Intersección,Bueno,Buena,Nocturna,Buen Tiempo,Múltiple,S/D,Colisión,Ninguna,Faltante,Cordón divisorio,Sin restricción
2021,7554,2021-11-12,Viernes,,,0.0,2,"Bicicleta,Otros",San Martin 200,2,1,0,0,0,0,1,"-31.65245, -60.70817",S/D,,SAN CARLOS CENTRO,Constitución,Asfalto,No existe,XI,Dentro,Urbana,Otra Señal,No existe,Intersección,Bueno,Buena,Diurna,Buen Tiempo,Múltiple,Ciclista,Colisión,Ninguna,Faltante,Cordón divisorio,Sin restricción
2021,7555,2021-11-08,Lunes,15:40:00,,0.0,2,"Moto/Ciclomotor,Automóvil",Ing.Laporte Y Pintor Musto,2,1,0,0,1,0,0,"-32.8729283809662,-60.6958204507828",Calle,,ROSARIO,Constitución,Asfalto,No existe,II,Dentro,Urbana,Otra Señal,No existe,Intersección,Bueno,S/D,Diurna,Buen Tiempo,Múltiple,S/D,Colisión,S/D,Faltante,Cordón divisorio,Sin restricción
2021,7556,2021-10-10,Domingo,02:00:00,,0.0,2,"Automóvil,Moto/Ciclomotor",Bv. Oroño Y San Luis,2,1,0,0,1,0,0,"-32.946347586245,-60.653837732832",Avenida,,ROSARIO,Constitución,Asfalto,No existe,II,Dentro,Urbana,Otra Señal,Funciona,Intersección,Bueno,Buena,"Nocturna,Con luz artificial",Buen Tiempo,Múltiple,S/D,Colisión,Ninguna,"Horizontal,Vertical",Cordón divisorio,Sin restricción
2021,7559,2021-11-18,Jueves,15:30:00,Ruta Provincial 1,10.5,1,Automóvil, ,1,1,0,0,0,0,0,"-31.57329, -60.54476",Ruta,1,ARROYO LEYES,Constitución,Asfalto,Natural,I,S/D,Urbana,Otra Señal,No existe,Intersección,Bueno,Buena,Diurna,Buen Tiempo,Múltiple,S/D,Colisión,Ninguna,"Horizontal,Vertical",Cordón divisorio,Sin restricción
2021,7560,2021-10-20,Miercoles,19:00:00,,0.0,2,"Automóvil,Moto/Ciclomotor",Casiano Casas Y Larrechea,2,1,0,0,1,0,0,"-32.898689317606,-60.713674721384",Calle,,ROSARIO,Constitución,Asfalto,No existe,II,Dentro,Urbana,Otra Señal,No existe,Intersección,S/D,S/D,Diurna,S/D,Múltiple,S/D,Colisión,S/D,Faltante,Cordón divisorio,Sin restricción
2021,7561,2021-11-21,Domingo,22:00:00,Ruta Provincial 1,0.5,2,"Automóvil,Automóvil", ,7,5,0,0,2,0,0,"-31.63636, -60.62304",Ruta,1,COLASTINE,Constitución,Asfalto,Pavimento,I,Dentro,Urbana,Otra Señal,Funciona,Intersección,Bueno,Reducida,Nocturna,Buen Tiempo,Múltiple,S/D,Colisión,Ninguna,Vertical,Cordón divisorio,Sin restricción
2021,7562,2021-10-11,Lunes,16:30:00,,0.0,2,"Automóvil,Automóvil",Mariano Moreno Y Salta,3,1,0,0,2,0,0,"-32.937217035008,-60.648832439986",Calle,,ROSARIO,Constitución,Asfalto,No existe,II,Dentro,Urbana,Otra Señal,No existe,Intersección,Bueno,Buena,Diurna,Buen Tiempo,Múltiple,S/D,Colisión,Ninguna,Horizontal,Cordón divisorio,Sin restricción
2021,7563,2021-11-20,Sabado,21:55:00,Ruta Provincial 1,0.0,1,Automóvil, ,1,1,0,0,0,0,0,"-31.63834, -60.62659",Ruta,1,COLASTINE,Constitución,Asfalto,Pavimento,I,Dentro,Urbana,Otra Señal,No funciona,Intersección,Bueno,Reducida,Nocturna,Buen Tiempo,Múltiple,S/D,Colisión,Ninguna,Faltante,Cordón divisorio,Sin restricción
2021,7564,2021-10-03,Domingo,09:32:00,,0.0,2,"Moto/Ciclomotor,Automóvil",Medrano Y Superi,2,1,0,0,1,0,0,"-32.896155922232,-60.701307437261",Calle,,ROSARIO,Constitución,Asfalto,No existe,II,Dentro,Urbana,Otra Señal,No existe,Intersección,S/D,S/D,Diurna,S/D,Múltiple,S/D,Colisión,S/D,Vertical,Cordón divisorio,Sin restricción
2021,7565,2021-10-06,Miercoles,18:30:00,,0.0,2,"Peatón,Moto/Ciclomotor",Italia Y Tucumán,3,2,0,0,1,0,0,"-32.940047179941,-60.646708940278",Calle,,ROSARIO,Constitución,Asfalto,No existe,II,Dentro,Urbana,Otra Señal,No existe,Intersección,Bueno,Buena,Diurna,Buen Tiempo,Múltiple,Ciclista,Colisión,Ninguna,"Horizontal,Vertical",Cordón divisorio,Sin restricción
2021,7566,2021-10-25,Lunes,10:40:00,,0.0,2,"Automóvil,Pickup/Utilitario",Av. Illia Y Sarmiento,3,1,0,0,2,0,0,"-32.939695566114,-60.636499701679",Avenida,,ROSARIO,Constitución,Asfalto,No existe,II,Dentro,Urbana,Otra Señal,Funciona,Intersección,Bueno,Buena,Diurna,Buen Tiempo,Múltiple,S/D,Colisión,Ninguna,"Horizontal,Vertical",Cordón divisorio,Sin restricción
2021,7567,2021-11-19,Viernes,10:10:00,Ruta Provincial 1,0.0,2,"Moto/Ciclomotor,Automóvil", ,2,1,0,0,1,0,0,"-31.63834, -60.62659",Ruta,1,COLASTINE,Constitución,Asfalto,Pavimento,I,Dentro,Urbana,Otra Señal,Funciona,Intersección,Bueno,S/D,Atardecer,Buen Tiempo,Múltiple,S/D,Colisión,Ninguna,Vertical,Cordón divisorio,Sin restricción
2021,7568,2021-11-10,Miercoles,19:30:00,,0.0,2,"Otros,Automóvil",Rivadavia Y Islas Malvinas,3,1,0,0,2,0,0,"-31.73202, -61.09137",Calle,,SAN CARLOS CENTRO,Constitución,Asfalto,No existe,XI,Dentro,Urbana,Otra Señal,No existe,Intersección,Bueno,Buena,Diurna,Buen Tiempo,Múltiple,S/D,Colisión,S/D,S/D,Cordón divisorio,Sin restricción
2021,7569,2021-10-04,Lunes,10:00:00,,0.0,2,"Moto/Ciclomotor,Peatón",Castro Y Homero Manzi,2,1,0,0,1,0,0,"-32.886945224297,-60.71653144836",Calle,,ROSARIO,Constitución,Asfalto,No existe,II,Dentro,Urbana,Otra Señal,No existe,Intersección,S/D,S/D,Diurna,Buen Tiempo,Múltiple,Peatón,Colisión,S/D,Faltante,Cordón divisorio,Sin restricción
2021,7570,2021-07-03,Sabado,,,0.0,1,Moto/Ciclomotor, ,1,0,0,0,0,1,0,"-34.26554, -62.70684",S/D,,RUFINO,Constitución,S/D,S/D,VII,S/D,S/D,Otra Señal,S/D,Intersección,S/D,S/D,S/D,S/D,Múltiple,S/D,Colisión,S/D,S/D,Cordón divisorio,Sin restricción
2021,7571,2021-10-25,Lunes,17:45:00,,0.0,2,"Moto/Ciclomotor,Automóvil",Av. Belgrano 840,2,1,0,0,1,0,0,"-32.944429401803,-60.633343391877",Avenida,,ROSARIO,Constitución,Asfalto,No existe,II,Dentro,Urbana,Otra Señal,Funciona,Intersección,Bueno,Buena,Diurna,Buen Tiempo,Múltiple,S/D,Colisión,Ninguna,"Horizontal,Vertical",Cordón divisorio,Sin restricción
2021,7572,2021-11-22,Lunes,12:00:00,,0.0,2,"Moto/Ciclomotor,Moto/Ciclomotor",Gral. Enrique Mosconi Y Pres Domingo Faustino Sarmiento,2,1,0,0,1,0,0,"-31.65854, -60.78146",Calle,,SANTO TOMÉ,Constitución,Asfalto,No existe,I,Dentro,Urbana,Otra Señal,No existe,Intersección,Bueno,Buena,Diurna,Buen Tiempo,Múltiple,S/D,Colisión,Ninguna,Faltante,Cordón divisorio,Sin restricción
2021,7573,2021-11-25,Jueves,10:10:00,,0.0,2,"Moto/Ciclomotor,Pickup/Utilitario",Dalmacio Vélez Sarsfield 1268,2,1,0,0,1,0,0,"-31.65653, -60.77291",Calle,,SANTO TOMÉ,Constitución,Tierra,No existe,I,Dentro,Urbana,Otra Señal,No existe,Intersección,Deteriorada,Buena,Diurna,Buen Tiempo,Múltiple,S/D,Colisión,Ninguna,Faltante,Cordón divisorio,Sin restricción
2021,7574,2021-10-08,Viernes,09:55:00,,0.0,2,"Automóvil,Taxi/Remis",3 De Febrero Y Gutenberg,2,2,0,0,0,0,0,"-32.94394791126251,-60.688893646001",Calle,,ROSARIO,Constitución,Asfalto,No existe,II,Dentro,Urbana,Otra Señal,No existe,Intersección,Bueno,Buena,Diurna,Buen Tiempo,Múltiple,S/D,Colisión,Ninguna,Faltante,Cordón divisorio,Sin restricción
2021,7575,2021-10-19,Martes,07:25:00,,0.0,2,"Moto/Ciclomotor,Moto/Ciclomotor",Rioja Y Suipacha,2,1,0,0,1,0,0,"-32.942915969311,-60.66444927603",Calle,,ROSARIO,Constitución,Asfalto,No existe,II,Dentro,Urbana,Otra Señal,No existe,Intersección,Bueno,Buena,Diurna,Buen Tiempo,Múltiple,S/D,Colisión,Ninguna,"Horizontal,Vertical",Cordón divisorio,Sin restricción
2021,7578,2021-10-19,Martes,21:45:00,,0.0,1,Moto/Ciclomotor,3 De Febrero Y Vera Mujica,2,2,0,0,0,0,0,"-32.947637392821,-60.668477600922",Calle,,ROSARIO,Constitución,Asfalto,No existe,II,Dentro,Urbana,Otra Señal,No existe,Intersección,Bueno,Buena,Nocturna,Buen Tiempo,Múltiple,S/D,Colisión,Ninguna,S/D,Cordón divisorio,Sin restricción
2021,7579,2021-11-14,Domingo,23:10:00,,0.0,2,"Moto/Ciclomotor,Automóvil",Aaron Castellanos Y Mariano Moreno,3,1,0,0,2,0,0,"-31.44939, -60.93262",Calle,,ESPERANZA,Constitución,Asfalto,No existe,XI,Dentro,Urbana,Otra Señal,No existe,Intersección,Bueno,Buena,Nocturna,Buen Tiempo,Múltiple,S/D,Colisión,Ninguna,Vertical,Cordón divisorio,Sin restricción
2021,7580,2021-11-15,Lunes,15:50:00,,0.0,2,"Pickup/Utilitario,Moto/Ciclomotor",Av. Los Colonizadores Y Ingeniero Gadda,2,1,0,0,1,0,0,"-31.4518, -60.91841",Calle,,ESPERANZA,Constitución,Asfalto,No existe,XI,Dentro,Urbana,Otra Señal,No existe,Intersección,Bueno,Buena,Diurna,Buen Tiempo,Múltiple,S/D,Colisión,S/D,Horizontal,Cordón divisorio,Sin restricción
2021,7581,2021-10-14,Jueves,17:45:00,,0.0,2,"Automóvil,Moto/Ciclomotor",Lavalle Y Montevideo,3,1,0,0,2,0,0,"-32.949044767361,-60.680209347653",Calle,,ROSARIO,Constitución,Asfalto,No existe,I,Dentro,Urbana,Otra Señal,No existe,Intersección,Bueno,Buena,Diurna,Buen Tiempo,Múltiple,S/D,Colisión,S/D,Vertical,Cordón divisorio,Sin restricción
2021,7583,2021-11-22,Lunes,12:30:00,Ruta Nacional 11,0.0,2,"Automóvil,Moto/Ciclomotor",José Uriburu Y Ruta Nac 11 Av. Gral. López,3,2,0,0,1,0,0,"-31.76308, -60.83268",Ruta,11,SAUCE VIEJO,Constitución,Asfalto,Natural,I,Dentro,Urbana,Otra Señal,No existe,Intersección,Con baches,Buena,Diurna,Buen Tiempo,Múltiple,S/D,Colisión,Ninguna,Faltante,Cordón divisorio,Sin restricción
2021,7584,2021-11-04,Jueves,18:45:00,Ruta Provincial 2,35.0,2,"Moto/Ciclomotor,Moto/Ciclomotor", ,2,1,0,0,1,0,0,"-31.18252, -60.39403",Ruta,2,LAGUNA PAIVA,Constitución,Asfalto,Natural,I,Dentro,Urbana,Otra Señal,No existe,Intersección,Bueno,Buena,Diurna,Buen Tiempo,Múltiple,S/D,Colisión,Ninguna,Horizontal,Cordón divisorio,Sin restricción
2021,7585,2021-11-21,Domingo,23:00:00,Ruta Nacional 11,0.0,2,"Automóvil,Moto/Ciclomotor",Calle 12 - Mate Y Ruta Nac 11 Av. Gral. López,2,1,0,0,1,0,0,"-31.71944, -60.80954",Ruta,11,SAUCE VIEJO,Constitución,Asfalto,Natural,I,Dentro,Urbana,Otra Señal,No existe,Intersección,Con baches,Reducida,Nocturna,S/D,Múltiple,S/D,Colisión,Ninguna,Faltante,Cordón divisorio,Sin restricción
2021,7586,2021-10-23,Sabado,09:45:00,,0.0,2,"Moto/Ciclomotor,Automóvil",Bordabehere 4000,3,2,0,0,1,0,0,"-32.933524164763,-60.676284950047",Calle,,ROSARIO,Constitución,Asfalto,No existe,II,Dentro,Urbana,Otra Señal,No existe,Intersección,Bueno,Buena,Diurna,Buen Tiempo,Múltiple,S/D,Colisión,Ninguna,Faltante,Cordón divisorio,Sin restricción
2021,7587,2021-11-07,Domingo,01:45:00,,0.0,2,"Automóvil,Moto/Ciclomotor",Maipú 2500,2,1,0,0,1,0,0,"-31.30389, -60.6601",Calle,,LAGUNA PAIVA,Constitución,Asfalto,No existe,I,Dentro,Urbana,Otra Señal,No existe,Intersección,Bueno,S/D,S/D,Buen Tiempo,Múltiple,S/D,Colisión,Ninguna,Faltante,Cordón divisorio,Sin restricción
2021,7588,2021-11-16,Martes,09:40:00,,0.0,2,"Automóvil,Moto/Ciclomotor",Fresnos Y Orquídeas,2,1,0,0,1,0,0,"-31.71796, -60.79761",Calle,,SAUCE VIEJO,Constitución,Ripio,Ripio,I,Dentro,Urbana,Otra Señal,No existe,Intersección,Bueno,Buena,Diurna,Buen Tiempo,Múltiple,S/D,Colisión,Ninguna,Faltante,Cordón divisorio,Sin restricción
2021,7589,2021-11-14,Domingo,21:30:00,Ruta Provincial 2,13.0,2,"Automóvil,Peatón", ,2,1,0,0,1,0,0,"-31.53071, -60.68578",Ruta,2,MONTE VERA,Constitución,Asfalto,Natural,I,Dentro,Rural,Otra Señal,S/D,Intersección,Con baches,Buena,Con luz artificial,Buen Tiempo,Múltiple,Peatón,Colisión,Ninguna,Faltante,Cordón divisorio,Sin restricción
2021,7590,2021-11-16,Martes,09:30:00,Ruta Nacional 11,453.2,2,"Camión Chasis,Automóvil", ,3,2,0,0,1,0,0,"-31.71686, -60.80814",Ruta,11,SAUCE VIEJO,Constitución,Asfalto,Natural,I,S/D,Urbana,Otra Señal,No existe,Intersección,Bueno,Buena,Diurna,S/D,Múltiple,S/D,Colisión,Ninguna,S/D,Cordón divisorio,Sin restricción
2021,7591,2021-11-10,Miercoles,08:30:00,,0.0,2,"Camión c / Acoplado,Moto/Ciclomotor",Brigadier Estanislao López Y Formosa,2,1,0,0,1,0,0,"-31.51393, -60.66655",S/D,,MONTE VERA,Constitución,Ripio,No existe,I,S/D,Urbana,Otra Señal,No existe,Intersección,S/D,Buena,Amanecer,Otro,Múltiple,S/D,Colisión,S/D,S/D,Cordón divisorio,Sin restricción
2021,7592,2021-11-17,Miercoles,14:15:00,Ruta Nacional 11,0.0,2,"Pickup/Utilitario,Moto/Ciclomotor", ,3,2,0,0,1,0,0,"-31.51575, -60.7255",Ruta,11,RECREO,Constitución,Asfalto,Pavimento,I,S/D,Urbana,Otra Señal,No existe,Intersección,Bueno,Buena,Diurna,Buen Tiempo,Múltiple,S/D,Colisión,Ninguna,S/D,Cordón divisorio,Sin restricción
2021,7593,2021-10-12,Martes,08:05:00,,0.0,2,"Bicicleta,Transporte de Pasajeros Urbano (> 8 asientos)",9 De Julio Y Av. Francia,2,1,0,0,1,0,0,"-32.94895740241,-60.667283702338",Avenida,,ROSARIO,Constitución,Asfalto,No existe,II,Dentro,Urbana,Otra Señal,Funciona,Intersección,Bueno,Buena,Diurna,Buen Tiempo,Múltiple,Ciclista,Colisión,S/D,"Horizontal,Vertical",Cordón divisorio,Sin restricción
2021,7594,2021-11-03,Miercoles,14:35:00,,0.0,2,"Moto/Ciclomotor,Automóvil",LIMA ,2,1,0,0,1,0,0,"-31.55556, -60.68037",Avenida,,ANGEL GALLARDO,Constitución,Asfalto,Ripio,I,Dentro,Urbana,Otra Señal,No existe,Intersección,Bueno,Buena,Diurna,Buen Tiempo,Múltiple,S/D,Colisión,Ninguna,Faltante,Cordón divisorio,Sin restricción
2021,7595,2021-10-11,Lunes,01:30:00,,0.0,1,Moto/Ciclomotor,Av. Pellegrini Y Buenos Aires,1,1,0,0,0,0,0,"-32.958326083312,-60.635449481932",Avenida,,ROSARIO,Constitución,Asfalto,No existe,II,Dentro,Urbana,Otra Señal,Funciona,Intersección,Bueno,Buena,"Nocturna,Con luz artificial",Buen Tiempo,Múltiple,S/D,Colisión,Ninguna,"Horizontal,Vertical",Cordón divisorio,Sin restricción
2021,7597,2021-10-16,Sabado,03:25:00,,0.0,2,"Peatón,Automóvil",Sarmiento 1121,2,1,0,0,1,0,0,"-32.950428011121,-60.639193262426",Calle,,ROSARIO,Constitución,Asfalto,No existe,II,Dentro,Urbana,Otra Señal,No existe,Intersección,S/D,S/D,Nocturna,S/D,Múltiple,Peatón,Colisión,S/D,Faltante,Cordón divisorio,Sin restricción
2021,7599,2021-11-27,Sabado,07:25:00,Ruta Nacional 11,0.0,1,Automóvil,Aragón ,2,1,0,0,1,0,0,"-31.26417, -60.7584",Ruta,11,NELSON,Constitución,Asfalto,Ripio,I,Dentro,Urbana,Otra Señal,No existe,Intersección,S/D,Buena,Amanecer,Buen Tiempo,Múltiple,S/D,Colisión,S/D,S/D,Cordón divisorio,Sin restricción
2021,7600,2021-11-02,Martes,07:40:00,Ruta Provincial 2,0.0,2,"Moto/Ciclomotor,Automóvil", ,2,1,0,0,1,0,0,"-31.519, -60.67883",Ruta,2,MONTE VERA,Constitución,Asfalto,Pavimento,I,Fuera,Rural,Otra Señal,No existe,Intersección,Bueno,Reducida,Amanecer,Buen Tiempo,Múltiple,S/D,Colisión,Ninguna,Faltante,Cordón divisorio,Sin restricción
2021,7601,2021-11-01,Lunes,13:00:00,Ruta Provincial 2,0.0,2,"Moto/Ciclomotor,Automóvil",Ruta pcial 2 Av. San Martin 5800,2,1,0,0,1,0,0,"-31.49097, -60.67561",Ruta,2,MONTE VERA,Constitución,Asfalto,Ripio,I,Dentro,Urbana,Otra Señal,No existe,Intersección,Bueno,Buena,Diurna,Otro,Múltiple,S/D,Colisión,Ninguna,Faltante,Cordón divisorio,Sin restricción
2021,7602,2021-11-06,Sabado,22:50:00,Ruta Provincial 1,0.0,2,"Moto/Ciclomotor,Transporte de Pasajeros (H/ 8 asientos)", ,2,1,0,0,1,0,0,"-31.59323, -60.56826",Ruta,1,SAN JOSÉ DEL RINCÓN,Constitución,Asfalto,Pavimento,I,S/D,Urbana,Otra Señal,No existe,Intersección,Bueno,Reducida,Nocturna,Buen Tiempo,Múltiple,S/D,Colisión,Ninguna,Faltante,Cordón divisorio,Sin restricción
2021,7603,2021-11-09,Martes,00:25:00,Ruta Provincial 1,0.0,2,"Automóvil,Pickup/Utilitario", ,3,1,0,0,2,0,0,"-31.62313, -60.59832",Ruta,1,COLASTINE,Constitución,Asfalto,Pavimento,I,Dentro,Urbana,Otra Señal,Funciona,Intersección,Bueno,Reducida,Nocturna,Buen Tiempo,Múltiple,S/D,Colisión,Ninguna,Faltante,Cordón divisorio,Sin restricción
2021,7604,2021-11-11,Jueves,15:20:00,,0.0,2,"Moto/Ciclomotor,Moto/Ciclomotor",Juan Francisco Seguí Y Gregorio Gamboa,2,1,0,0,1,0,0,"-31.60473, -60.56974",Calle,,SAN JOSÉ DEL RINCÓN,Constitución,"Asfalto,Arena",Natural,I,Dentro,Urbana,Otra Señal,No existe,Intersección,Bueno,Buena,Diurna,Buen Tiempo,Múltiple,S/D,Colisión,Ninguna,Faltante,Cordón divisorio,Sin restricción
2021,7605,2021-11-03,Miercoles,13:00:00,,0.0,2,"Camión c / Acoplado,Moto/Ciclomotor",Cibils José Y 3 de febrero,2,1,0,0,1,0,0,"-31.65457, -60.77768",Calle,,SANTO TOMÉ,Constitución,Tierra,S/D,I,Dentro,Urbana,Otra Señal,No existe,Intersección,Bueno,Buena,Diurna,Buen Tiempo,Múltiple,S/D,Colisión,Ninguna,Faltante,Cordón divisorio,Sin restricción
2021,7606,2021-11-09,Martes,13:00:00,,0.0,2,"Taxi/Remis,Moto/Ciclomotor",Pres Domingo Faustino Sarmiento Y Fidela Valdez,3,1,0,0,2,0,0,"-31.65831, -60.78283",Calle,,SANTO TOMÉ,Constitución,Hormigón,S/D,I,Dentro,Urbana,Otra Señal,No existe,Intersección,Bueno,Buena,Diurna,Buen Tiempo,Múltiple,S/D,Colisión,Ninguna,Faltante,Cordón divisorio,Sin restricción
2021,7607,2021-10-22,Viernes,21:50:00,,0.0,2,"Automóvil,Taxi/Remis",Italia Y Tucumán,5,2,0,0,3,0,0,"-32.940047179941,-60.646708940278",Calle,,ROSARIO,Constitución,Asfalto,No existe,II,Dentro,Urbana,Otra Señal,No existe,Intersección,Bueno,Buena,Diurna,Buen Tiempo,Múltiple,S/D,Colisión,Agua,"Horizontal,Vertical",Cordón divisorio,Sin restricción
2021,7608,2021-10-14,Jueves,19:10:00,,0.0,2,"Moto/Ciclomotor,Automóvil",Av. Belgrano Y Bv. 27 De Febrero,2,1,0,0,1,0,0,"-32.971271058447,-60.62322146846",Avenida,,ROSARIO,Constitución,Asfalto,No existe,II,Dentro,Urbana,Otra Señal,Funciona,Intersección,Bueno,Buena,Diurna,Buen Tiempo,Múltiple,S/D,Colisión,Ninguna,"Horizontal,Vertical",Cordón divisorio,Sin restricción
2021,7610,2021-10-06,Miercoles,17:15:00,,0.0,2,"Bicicleta,Automóvil",Mariano Moreno Y 3 De Febrero,2,1,0,0,1,0,0,"-32.950549174901,-60.652175543379",Calle,,ROSARIO,Constitución,Asfalto,No existe,II,Dentro,Urbana,Otra Señal,No existe,Intersección,Bueno,Buena,Diurna,Buen Tiempo,Múltiple,Ciclista,Colisión,Ninguna,Horizontal,Cordón divisorio,Sin restricción
2021,7611,2021-10-13,Miercoles,14:55:00,,0.0,2,"Peatón,Automóvil",Av. Corrientes Y Rioja,2,1,0,0,1,0,0,"-32.946821478233,-60.642632463495",Calle,,ROSARIO,Constitución,Asfalto,No existe,II,Dentro,Urbana,Otra Señal,Funciona,Intersección,Bueno,Buena,Diurna,Buen Tiempo,Múltiple,Peatón,Colisión,Ninguna,"Horizontal,Vertical",Cordón divisorio,Sin restricción
2021,7612,2021-10-22,Viernes,14:07:00,,0.0,2,"Camión,Moto/Ciclomotor",BAIGORRIA  Y COLECTORA ,2,1,0,0,1,0,0,"-32.894361, -60.721201",Calle,,ROSARIO,Constitución,Asfalto,No existe,II,Dentro,Urbana,Otra Señal,No existe,Intersección,Bueno,Buena,Diurna,Buen Tiempo,Múltiple,S/D,Colisión,Ninguna,Faltante,Cordón divisorio,Sin restricción