anio_acci,nro_acci,fecha,desc_dia,hora_aprox,desc_ruta,km,cant_participantes,desc_participante,calle_avenida_km,total,heridos_leves,heridos_graves,heridos_gravisimos,ilesos,fallecidos,sin_datos,posicion_XY,desc_tipo_via,desc_ruta_ori,desc_loc,desc_dpto,desc_tipo_calzada,desc_tipo_banquina,desc_unidad_regional,desc_lugar_calzada,desc_zona,desc_prioridad,desc_estado_semaforo,desc_lugar_via,desc_estado_via,desc_estado_visibilidad,desc_luminosidad,desc_estado_clima,desc_tipo_colision,desc_tipo_atropello,desc_tipo_hecho,desc_pres_calzada,desc_senializacion,desc_separacion_via,desc_restriccion
2021,7613,2021-06-15,Martes,08:00:00,,0.0,2,"Automóvil,Moto/Ciclomotor",Presidente Perón Y Simón Bolívar,3,1,0,0,1,1,0,"-33.23646, -60.32815",Calle,,VILLA CONSTITUCIÓN,Constitución,Asfalto,Pavimento,VI,Dentro,Urbana,Otra Señal,No existe,Intersección,Bueno,S/D,Diurna,S/D,Múltiple,S/D,Colisión,Ninguna,Faltante,Cordón divisorio,Sin restricción
2021,7614,2021-10-21,Jueves,16:20:00,,0.0,2,"Automóvil,Moto/Ciclomotor",BAIGORRIA  Y JUAN PABLO II,3,1,0,0,2,0,0,"-32.894310, -60.721231",Calle,,ROSARIO,Constitución,Asfalto,No existe,II,Dentro,Urbana,Otra Señal,No existe,Intersección,Bueno,Buena,Diurna,Buen Tiempo,Múltiple,S/D,Colisión,Ninguna,Faltante,Cordón divisorio,Sin restricción
2021,7615,2021-11-13,Sabado,14:45:00,,0.0,1,Moto/Ciclomotor,Pres Domingo Faustino Sarmiento Y Juan José Paso,2,2,0,0,0,0,0,"-31.65974, -60.77461",Calle,,SANTO TOMÉ,Constitución,Asfalto,No existe,I,Dentro,Urbana,Otra Señal,No existe,Intersección,Bueno,Buena,Diurna,Buen Tiempo,Múltiple,S/D,Colisión,Ninguna,Faltante,Cordón divisorio,Sin restricción
2021,7616,2021-10-14,Jueves,10:00:00,,0.0,2,"Moto/Ciclomotor,Moto/Ciclomotor",San Lorenzo Y Sarmiento,2,1,0,0,1,0,0,"-32.944182986434,-60.637643981201",Calle,,ROSARIO,Constitución,Asfalto,No existe,II,Dentro,Urbana,Otra Señal,No existe,Intersección,Bueno,Buena,Diurna,Buen Tiempo,Múltiple,S/D,Colisión,Ninguna,"Horizontal,Vertical",Cordón divisorio,Sin restricción
2021,7617,2021-10-16,Sabado,22:35:00,,0.0,2,"Automóvil,Automóvil",Pte. Roca Y 3 De Febrero,3,1,0,0,2,0,0,"-32.951521882911,-60.646712386959",Calle,,ROSARIO,Constitución,Asfalto,No existe,II,Dentro,Urbana,Otra Señal,No existe,Intersección,Bueno,Buena,Nocturna,Buen Tiempo,Múltiple,S/D,Colisión,Ninguna,Horizontal,Cordón divisorio,Sin restricción
2021,7618,2021-10-13,Miercoles,05:55:00,,0.0,2,"Automóvil,Moto/Ciclomotor",Maipú Y Montevideo,2,1,0,0,1,0,0,"-32.956625200207,-60.637836206191",Calle,,ROSARIO,Constitución,Asfalto,No existe,II,Dentro,Urbana,Otra Señal,Funciona,Intersección,Bueno,Buena,Diurna,Buen Tiempo,Múltiple,S/D,Colisión,Ninguna,"Horizontal,Vertical",Cordón divisorio,Sin restricción
2021,7619,2021-10-12,Martes,14:45:00,,0.0,2,"Bicicleta,Automóvil",Mitre Y 3 De Febrero,2,1,0,0,1,0,0,"-32.952517831526,-60.641136876805",Calle,,ROSARIO,Constitución,Asfalto,No existe,II,Dentro,Urbana,Otra Señal,No existe,Intersección,Bueno,Buena,Diurna,Buen Tiempo,Múltiple,S/D,Colisión,Ninguna,Horizontal,Cordón divisorio,Sin restricción
2021,7620,2021-11-02,Martes,22:45:00,Ruta Nacional 11,0.0,2,"Automóvil,Moto/Ciclomotor",Calle 12 - Mate ,2,1,0,0,1,0,0,"-31.69716, -60.7978",Ruta,11,SAUCE VIEJO,Constitución,Asfalto,Ripio,I,S/D,Urbana,Otra Señal,No existe,Intersección,Bueno,Reducida,Nocturna,Buen Tiempo,Múltiple,S/D,Colisión,Ninguna,Faltante,Cordón divisorio,Sin restricción
2021,7621,2021-11-01,Lunes,10:40:00,,0.0,2,"Moto/Ciclomotor,Moto/Ciclomotor",La Rioja Y J Macia,2,1,0,0,1,0,0,"-31.67588, -60.75807",S/D,,SANTO TOMÉ,Constitución,Asfalto,No existe,I,Dentro,Urbana,Otra Señal,No existe,Intersección,Bueno,Buena,Diurna,Buen Tiempo,Múltiple,S/D,Colisión,Ninguna,Faltante,Cordón divisorio,Sin restricción
2021,7622,2021-11-03,Miercoles,18:20:00,,0.0,2,"Taxi/Remis,Moto/Ciclomotor",Vicente López y Planes Y Mariano Moreno,2,1,0,0,1,0,0,"-31.67837, -60.76924",S/D,,SANTO TOMÉ,Constitución,Asfalto,No existe,I,S/D,Urbana,Otra Señal,No existe,Intersección,Bueno,Buena,Diurna,S/D,Múltiple,S/D,Colisión,Ninguna,Faltante,Cordón divisorio,Sin restricción
2021,7623,2021-11-11,Jueves,12:05:00,,0.0,2,"Automóvil,Moto/Ciclomotor",La Rioja Y Juan José Castelli,3,2,0,0,1,0,0,"-31.67435, -60.76713",Calle,,SANTO TOMÉ,Constitución,Asfalto,No existe,I,Dentro,Urbana,Otra Señal,No existe,Intersección,Bueno,Buena,Diurna,Buen Tiempo,Múltiple,S/D,Colisión,Ninguna,Faltante,Cordón divisorio,Sin restricción
2021,7624,2021-11-08,Lunes,22:40:00,Ruta Nacional 11,0.0,2,"Automóvil,Moto/Ciclomotor", ,3,1,0,0,2,0,0,"-31.5058, -60.72756",Ruta,11,RECREO,Constitución,Asfalto,Ripio,I,Dentro,Urbana,Otra Señal,No existe,Intersección,Bueno,Buena,Nocturna,Buen Tiempo,Múltiple,S/D,Colisión,Ninguna,S/D,Cordón divisorio,Sin restricción
2021,7625,2021-10-20,Miercoles,10:00:00,,0.0,3,"Automóvil,Pickup/Utilitario,Peatón",Amenábar Y Pte. Roca,3,1,0,0,2,0,0,"-32.97094327021,-60.651601854217",Calle,,ROSARIO,Constitución,Asfalto,No existe,II,Dentro,Urbana,Otra Señal,No existe,Intersección,S/D,S/D,Diurna,S/D,Múltiple,Peatón,Colisión,S/D,Faltante,Cordón divisorio,Sin restricción
2021,7626,2021-11-12,Viernes,13:00:00,,0.0,2,"Automóvil,Moto/Ciclomotor",Roverano ,2,1,0,0,1,0,0,"-31.6966, -60.75862",Calle,,SANTO TOMÉ,Constitución,Tierra,No existe,I,Dentro,Urbana,Otra Señal,No existe,Intersección,Deteriorada,Buena,Diurna,Buen Tiempo,Múltiple,S/D,Colisión,Ninguna,Faltante,Cordón divisorio,Sin restricción
2021,7627,2021-11-25,Jueves,23:15:00,Ruta Nacional 11,0.0,2,"Moto/Ciclomotor,Automóvil",Ruta Nacional 11 Y Ruta Prov. 70,6,1,0,0,5,0,0,"-31.50282, -60.7282",Ruta,11,RECREO,Constitución,Asfalto,Ripio,I,Dentro,Urbana,Otra Señal,No existe,Intersección,Bueno,Buena,Nocturna,Buen Tiempo,Múltiple,S/D,Colisión,Ninguna,Faltante,Cordón divisorio,Sin restricción
2021,7628,2021-10-20,Miercoles,12:00:00,,0.0,1,Moto/Ciclomotor,Urquiza 1100,1,1,0,0,0,0,0,"-32.943006071215,-60.637356435754",Calle,,ROSARIO,Constitución,Asfalto,No existe,II,Dentro,Urbana,Otra Señal,No existe,Intersección,Bueno,S/D,Diurna,S/D,Múltiple,S/D,Colisión,S/D,"Horizontal,Vertical",Cordón divisorio,Sin restricción
2021,7629,2021-11-23,Martes,,Ruta Nacional 11,0.0,2,"Moto/Ciclomotor,Automóvil",Av. Blas Parera Y Reg. 12 de Infantería,2,1,0,0,1,0,0,"-31.59182, -60.72428",Ruta,11,SANTA FE,Constitución,Asfalto,Pavimento,I,Dentro,Urbana,Otra Señal,S/D,Intersección,Bueno,Buena,S/D,Otro,Múltiple,S/D,Colisión,Ninguna,Faltante,Cordón divisorio,Sin restricción
2021,7630,2021-11-18,Jueves,,,0.0,2,"Moto/Ciclomotor,Automóvil",Av. Blas Parera ,2,1,0,0,1,0,0,"-31.59269, -60.72402",Avenida,,SANTA FE,Constitución,Asfalto,Pavimento,I,Dentro,Urbana,Otra Señal,Funciona,Intersección,Bueno,Buena,Con luz artificial,Buen Tiempo,Múltiple,S/D,Colisión,Ninguna,Horizontal,Cordón divisorio,Sin restricción
2021,7631,2021-10-17,Domingo,21:25:00,,0.0,2,"Moto/Ciclomotor,Bicicleta",Av. Illia Y San Martin,2,2,0,0,0,0,0,"-32.940850816411,-60.634949987465",Avenida,,ROSARIO,Constitución,Asfalto,No existe,II,Dentro,Urbana,Otra Señal,Funciona,Intersección,Bueno,S/D,Nocturna,S/D,Múltiple,Ciclista,Colisión,S/D,"Horizontal,Vertical",Cordón divisorio,Sin restricción
2021,7632,2021-10-16,Sabado,16:10:00,,0.0,2,"Peatón,Pickup/Utilitario",Catamarca Y San Martin,2,1,0,0,1,0,0,"-32.941082490097,-60.635315317893",Calle,,ROSARIO,Constitución,Asfalto,No existe,II,Dentro,Urbana,Otra Señal,No existe,Intersección,S/D,S/D,Diurna,S/D,Múltiple,Peatón,Colisión,S/D,Horizontal,Cordón divisorio,Sin restricción
2021,7634,2021-11-17,Miercoles,10:00:00,,0.0,2,"Moto/Ciclomotor,Automóvil",Av. Gral. Paz Y Espora,2,1,0,0,1,0,0,"-31.60735, -60.67664",Avenida,,SANTA FE,Constitución,Asfalto,No existe,I,Dentro,Urbana,Otra Señal,No existe,Intersección,S/D,Reducida,Diurna,S/D,Múltiple,S/D,Colisión,S/D,Horizontal,Cordón divisorio,Sin restricción
2021,7635,2021-10-04,Lunes,20:00:00,,0.0,2,"Bicicleta,Automóvil",Entre Ríos Y Salta,2,1,0,0,1,0,0,"-32.940144725318,-60.639511410183",Calle,,ROSARIO,Constitución,Asfalto,No existe,II,Dentro,Urbana,Otra Señal,No existe,Intersección,Bueno,Buena,"Nocturna,Con luz artificial",Buen Tiempo,Múltiple,Ciclista,Colisión,Ninguna,Horizontal,Cordón divisorio,Sin restricción
2021,7636,2021-10-18,Lunes,07:20:00,,0.0,2,"Automóvil,Moto/Ciclomotor",Bv. Oroño Y Montevideo,2,1,0,0,1,0,0,"-32.95341388503,-60.655869655113",Calle,,ROSARIO,Constitución,Asfalto,No existe,II,Dentro,Urbana,Otra Señal,Funciona,Intersección,S/D,S/D,Diurna,S/D,Múltiple,S/D,Colisión,S/D,"Horizontal,Vertical",Cordón divisorio,Sin restricción
2021,7637,2021-10-18,Lunes,11:50:00,,0.0,2,"Moto/Ciclomotor,Automóvil",Av. Pellegrini Y Bv. Oroño,2,1,0,0,1,0,0,"-32.954438830989,-60.65574375483",Avenida,,ROSARIO,Constitución,Asfalto,No existe,II,Dentro,Urbana,Otra Señal,Funciona,Intersección,S/D,Buena,Diurna,S/D,Múltiple,S/D,Colisión,S/D,"Horizontal,Vertical",Cordón divisorio,Sin restricción
2021,7638,2021-10-04,Lunes,07:35:00,,0.0,2,"Moto/Ciclomotor,Automóvil",E.Zeballos Y Laprida,3,2,0,0,1,0,0,"-32.955767612373,-60.636372432879",Calle,,ROSARIO,Constitución,Asfalto,No existe,II,Dentro,Urbana,Otra Señal,No existe,Intersección,Bueno,Buena,Diurna,Buen Tiempo,Múltiple,S/D,Colisión,Ninguna,Vertical,Cordón divisorio,Sin restricción
2021,7640,2021-10-05,Martes,07:50:00,,0.0,2,"Bicicleta,Transporte de Pasajeros Urbano (> 8 asientos)",Pueyrredón Y San Lorenzo,2,1,0,0,1,0,0,"-32.940709303994,-60.656780681371",Calle,,ROSARIO,Constitución,Asfalto,No existe,II,Dentro,Urbana,Otra Señal,No existe,Intersección,S/D,S/D,Diurna,S/D,Múltiple,S/D,Colisión,S/D,Vertical,Cordón divisorio,Sin restricción
2021,7642,2021-10-16,Sabado,18:00:00,,0.0,2,"Bicicleta,Automóvil",Dorrego Y Salta,2,1,0,0,0,0,1,"-32.937448, -60.647477",Calle,,ROSARIO,Constitución,Asfalto,No existe,II,Dentro,Urbana,Otra Señal,No existe,Intersección,Bueno,Buena,Diurna,Buen Tiempo,Múltiple,Ciclista,Colisión,Ninguna,Horizontal,Cordón divisorio,Sin restricción
2021,7643,2021-10-04,Lunes,12:00:00,,0.0,2,"Bicicleta,Moto/Ciclomotor",Rueda Y San Martin,2,1,0,0,0,0,1,"-32.971313980176,-60.642807527338",Calle,,ROSARIO,Constitución,Asfalto,No existe,II,Dentro,Urbana,Otra Señal,Funciona,Intersección,Bueno,Buena,Diurna,Buen Tiempo,Múltiple,Ciclista,Colisión,Ninguna,"Horizontal,Vertical",Cordón divisorio,Sin restricción
2021,7646,2021-10-28,Jueves,12:15:00,,0.0,2,"Pickup/Utilitario,Peatón",Pte. Roca Y Urquiza,2,1,0,0,1,0,0,"-32.941709989899,-60.644254649479",Calle,,ROSARIO,Constitución,Asfalto,No existe,II,Dentro,Urbana,Otra Señal,No existe,Intersección,Bueno,Buena,Diurna,Buen Tiempo,Múltiple,Peatón,Colisión,Ninguna,Horizontal,Cordón divisorio,Sin restricción
2021,7647,2021-11-12,Viernes,,,0.0,2,"Moto/Ciclomotor,Automóvil",Reg. 12 de Infantería Y San Juan,2,1,0,0,1,0,0,"-31.59505, -60.70674",Calle,,SANTA FE,Constitución,Asfalto,Pavimento,I,S/D,S/D,Otra Señal,Funciona,Intersección,Bueno,Buena,Con luz artificial,Otro,Múltiple,S/D,Colisión,Agua,S/D,Cordón divisorio,Sin restricción
2021,7648,2021-11-12,Viernes,05:00:00,,0.0,1,Automóvil,Hipólito Irigoyen Y Manuel Dorrego,3,2,0,0,1,0,0,"-31.69083, -60.76833",Calle,,SANTO TOMÉ,Constitución,Tierra,No existe,I,Dentro,Urbana,Otra Señal,No existe,Intersección,Bueno,Buena,Amanecer,Buen Tiempo,Múltiple,S/D,Colisión,Ninguna,Faltante,Cordón divisorio,Sin restricción
2021,7651,2021-11-19,Viernes,14:30:00,,0.0,2,"Automóvil,Moto/Ciclomotor",French Y Republica de Siria,2,1,0,0,1,0,0,"-31.59361, -60.68678",Calle,,SANTA FE,Constitución,S/D,No existe,I,Dentro,Urbana,Otra Señal,No existe,Intersección,S/D,Reducida,Diurna,Otro,Múltiple,S/D,Colisión,Otro,Faltante,Cordón divisorio,Sin restricción
2021,7652,2021-10-16,Sabado,05:40:00,,0.0,2,"Automóvil,Moto/Ciclomotor",9 De Julio Y Dorrego,2,1,0,0,1,0,0,"-32.951847337289,-60.651095632958",Calle,,ROSARIO,Constitución,Asfalto,No existe,II,Dentro,Urbana,Otra Señal,No existe,Intersección,Bueno,Buena,Nocturna,Buen Tiempo,Múltiple,S/D,Colisión,Ninguna,Horizontal,Cordón divisorio,Sin restricción
2021,7653,2021-11-04,Jueves,18:30:00,,0.0,2,"Moto/Ciclomotor,Automóvil",Av. Santa Fe ,2,1,0,0,1,0,0,"-31.26733, -60.76085",Calle,,NELSON,Constitución,Asfalto,Natural,I,S/D,Urbana,Otra Señal,No existe,Intersección,Bueno,Buena,Diurna,Buen Tiempo,Múltiple,S/D,Colisión,Ninguna,Horizontal,Cordón divisorio,Sin restricción
2021,7654,2021-11-07,Domingo,02:45:00,,0.0,2,"Moto/Ciclomotor,Taxi/Remis",Gorriti Y Av. Blas Parera,3,2,0,0,1,0,0,"-31.58292, -60.72675",Avenida,,SANTA FE,Constitución,Asfalto,S/D,I,S/D,Urbana,Otra Señal,S/D,Intersección,Bueno,S/D,S/D,Buen Tiempo,Múltiple,S/D,Colisión,Ninguna,Vertical,Cordón divisorio,Sin restricción
2021,7656,2021-10-06,Miercoles,08:20:00,,0.0,2,"Moto/Ciclomotor,Automóvil",Gálvez Y Sarmiento,2,1,0,0,1,0,0,"-32.968748855594,-60.643769922977",Calle,,ROSARIO,Constitución,Asfalto,No existe,II,Dentro,Urbana,Otra Señal,No existe,Intersección,Bueno,Buena,Diurna,Buen Tiempo,Múltiple,S/D,Colisión,Ninguna,Faltante,Cordón divisorio,Sin restricción
2021,7657,2021-10-04,Lunes,20:00:00,,0.0,2,"Moto/Ciclomotor,Ambulancia",Gálvez Y Pueyrredón,3,1,0,0,2,0,0,"-32.965313449676,-60.66300552901",Calle,,ROSARIO,Constitución,Asfalto,No existe,II,Dentro,Urbana,Otra Señal,No existe,Intersección,Bueno,Buena,Nocturna,Buen Tiempo,Múltiple,S/D,Colisión,Ninguna,Faltante,Cordón divisorio,Sin restricción
2021,7659,2021-10-06,Miercoles,18:00:00,,0.0,2,"Moto/Ciclomotor,Automóvil",Av. Francia Y Av. Pte. Perón,2,1,0,0,1,0,0,"-32.955829250715,-60.669013265699",Avenida,,ROSARIO,Constitución,Asfalto,No existe,II,Dentro,Urbana,Otra Señal,Funciona,Intersección,Bueno,Buena,Diurna,Buen Tiempo,Múltiple,S/D,Colisión,Ninguna,"Horizontal,Vertical",Cordón divisorio,Sin restricción
2021,7660,2021-10-07,Jueves,09:30:00,,0.0,2,"Automóvil,Moto/Ciclomotor",Alvear Y Urquiza,2,1,0,0,1,0,0,"-32.940008912217,-60.653768198128",Calle,,ROSARIO,Constitución,Asfalto,No existe,II,Dentro,Urbana,Otra Señal,No existe,Intersección,S/D,S/D,Diurna,S/D,Múltiple,S/D,Colisión,S/D,Horizontal,Cordón divisorio,Sin restricción
2021,7661,2021-11-21,Domingo,02:00:00,,0.0,2,"Automóvil,Moto/Ciclomotor",Av. A del Valle ,2,1,0,0,1,0,0,"-31.60025, -60.69192",Avenida,,SANTA FE,Constitución,Asfalto,Ripio,I,Dentro,Urbana,Otra Señal,No existe,Intersección,Otro,Reducida,Nocturna,Otro,Múltiple,S/D,Colisión,Otro,Faltante,Cordón divisorio,Sin restricción
2021,7662,2021-11-09,Martes,23:20:00,,0.0,2,"Moto/Ciclomotor,Automóvil",Av. Blas Parera Y Florencio Fernández,2,1,0,0,1,0,0,"-31.57621, -60.72856",Avenida,,SANTA FE,Constitución,Asfalto,S/D,I,S/D,Urbana,Otra Señal,Funciona,Intersección,Bueno,Buena,Nocturna,Buen Tiempo,Múltiple,S/D,Colisión,S/D,Vertical,Cordón divisorio,Sin restricción
2021,7663,2021-10-07,Jueves,06:30:00,,0.0,2,"Peatón,Automóvil",Av. Gob.Caesar Y Bv. 27 De Febrero,2,1,0,0,1,0,0,"-32.964078018087,-60.662696066722",Calle,,ROSARIO,Constitución,Asfalto,No existe,II,Dentro,Urbana,Otra Señal,No existe,Intersección,Bueno,Buena,Diurna,Buen Tiempo,Múltiple,Ciclista,Colisión,Ninguna,Faltante,Cordón divisorio,Sin restricción
2021,7664,2021-11-23,Martes,09:30:00,,0.0,2,"Automóvil,Moto/Ciclomotor",Pavón 2400,2,1,0,0,1,0,0,"-31.59687, -60.68955",Calle,,SANTA FE,Constitución,Asfalto,S/D,I,Dentro,Urbana,Otra Señal,S/D,Intersección,Otro,S/D,Diurna,Otro,Múltiple,Ciclista,Colisión,Agua,Faltante,Cordón divisorio,Sin restricción
2021,7665,2021-10-02,Sabado,02:45:00,,0.0,2,"Moto/Ciclomotor,Automóvil",Berutti Y General Manuel Belgrano,3,2,0,0,1,0,0,"-31.446570177821,-60.928588856811",Avenida,,ESPERANZA,Constitución,Asfalto,No existe,II,Dentro,Urbana,Otra Señal,No existe,Intersección,Bueno,Buena,Nocturna,Buen Tiempo,Múltiple,S/D,Colisión,S/D,Horizontal,Cordón divisorio,Sin restricción
2021,7666,2021-10-09,Sabado,23:35:00,,0.0,2,"Peatón,Moto/Ciclomotor",Av. Ovidio Lagos Y Av. Pte. Perón,2,1,0,0,1,0,0,"-32.955332277089,-60.664719172222",Avenida,,ROSARIO,Constitución,Asfalto,No existe,II,Dentro,Urbana,Otra Señal,Funciona,Intersección,Bueno,Buena,"Nocturna,Con luz artificial",Buen Tiempo,Múltiple,Peatón,Colisión,Ninguna,"Horizontal,Vertical",Cordón divisorio,Sin restricción
2021,7667,2021-11-23,Martes,20:30:00,,0.0,2,"Moto/Ciclomotor,Otros",Tacuarí Y Hernandarias,2,1,0,0,1,0,0,"-31.61131, -60.67647",Calle,,SANTA FE,Constitución,Asfalto,No existe,I,Dentro,Urbana,Otra Señal,No existe,Intersección,Otro,Reducida,Diurna,Otro,Múltiple,S/D,Colisión,Otro,Faltante,Cordón divisorio,Sin restricción
2021,7668,2021-10-05,Martes,11:50:00,,0.0,2,"Automóvil,Moto/Ciclomotor",Aaron Castellanos Y Mariano Moreno,2,1,0,0,1,0,0,"-31.449345747618,-60.932603221781",Calle,,ESPERANZA,Constitución,Asfalto,No existe,XI,Dentro,Urbana,Otra Señal,No existe,Intersección,Bueno,Buena,Diurna,Buen Tiempo,Múltiple,S/D,Colisión,Ninguna,Faltante,Cordón divisorio,Sin restricción
2021,7669,2021-11-06,Sabado,,,0.0,2,"Moto/Ciclomotor,Moto/Ciclomotor",Av. Peñaloza Y Azcuénaga,2,1,0,0,1,0,0,"-31.58959, -60.71185",Avenida,,SANTA FE,Constitución,Hormigón,Pavimento,I,S/D,S/D,Otra Señal,Funciona,Intersección,Bueno,Buena,Con luz artificial,Otro,Múltiple,S/D,Colisión,Ninguna,S/D,Cordón divisorio,Sin restricción
2021,7670,2021-11-12,Viernes,17:20:00,,0.0,2,"Moto/Ciclomotor,Automóvil",Gorriti Y Sarmiento,3,1,0,0,2,0,0,"-31.59351, -60.68039",Calle,,SANTA FE,Constitución,S/D,No existe,I,Dentro,Urbana,Otra Señal,S/D,Intersección,Otro,S/D,S/D,Viento Fuerte,Múltiple,S/D,Colisión,Otro,Faltante,Cordón divisorio,Sin restricción
2021,7671,2021-10-05,Martes,13:20:00,,0.0,2,"Pickup/Utilitario,Bicicleta",25 de Mayo 1500,2,1,0,0,1,0,0,"-31.448056295085,-60.930097300249",Calle,,ESPERANZA,Constitución,Asfalto,No existe,XI,Dentro,Urbana,Otra Señal,No existe,Intersección,Bueno,Buena,Diurna,Buen Tiempo,Múltiple,Ciclista,Colisión,Ninguna,Horizontal,Cordón divisorio,Sin restricción
2021,7672,2021-10-24,Domingo,19:30:00,,0.0,2,"Automóvil,Automóvil",Gálvez Y Pte. Roca,3,1,0,0,2,0,0,"-32.967500983299,-60.650742694054",Calle,,ROSARIO,Constitución,Asfalto,No existe,II,Dentro,Urbana,Otra Señal,No existe,Intersección,Bueno,Buena,Atardecer,Buen Tiempo,Múltiple,S/D,Colisión,Ninguna,Faltante,Cordón divisorio,Sin restricción
2021,7673,2021-11-24,Miercoles,08:30:00,,0.0,2,"Pickup/Utilitario,Moto/Ciclomotor", ,2,1,0,0,1,0,0,"-31.61061, -60.69636",Calle,,SANTA FE,Constitución,S/D,S/D,I,Dentro,Urbana,Otra Señal,S/D,Intersección,S/D,S/D,Diurna,Otro,Múltiple,S/D,Colisión,S/D,Faltante,Cordón divisorio,Sin restricción
2021,7674,2021-10-25,Lunes,19:00:00,,0.0,2,"Peatón,Automóvil",Dorrego Y Gálvez,2,1,0,0,1,0,0,"-32.96676569829,-60.654845410795",Calle,,ROSARIO,Constitución,Asfalto,No existe,II,Dentro,Urbana,Otra Señal,No existe,Intersección,Deteriorada,Buena,Nocturna,Buen Tiempo,Múltiple,Peatón,Colisión,Ninguna,Faltante,Cordón divisorio,Sin restricción
2021,7675,2021-10-05,Martes,14:40:00,,0.0,2,"Pickup/Utilitario,Moto/Ciclomotor",1 de Mayo Y Chacabuco,2,1,0,0,1,0,0,"-31.449333017242,-60.922530428799",Calle,,ESPERANZA,Constitución,Asfalto,No existe,XI,Dentro,Urbana,Otra Señal,No existe,Intersección,Bueno,Buena,Diurna,Buen Tiempo,Múltiple,S/D,Colisión,Ninguna,Faltante,Cordón divisorio,Sin restricción
2021,7676,2021-10-11,Lunes,08:00:00,,0.0,2,"Moto/Ciclomotor,Moto/Ciclomotor",Av. Corrientes Y Pasco,2,1,0,0,1,0,0,"-32.958819608944,-60.645656544992",Calle,,ROSARIO,Constitución,Asfalto,No existe,II,Dentro,Urbana,Otra Señal,No existe,Intersección,Bueno,Buena,Diurna,Buen Tiempo,Múltiple,S/D,Colisión,Ninguna,Horizontal,Cordón divisorio,Sin restricción
2021,7677,2021-10-26,Martes,08:15:00,,0.0,1,Bicicleta,Cerrito Y Necochea,1,1,0,0,0,0,0,"-32.964363389779,-60.628056535408",Calle,,ROSARIO,Constitución,Asfalto,No existe,II,Dentro,Urbana,Otra Señal,No existe,Intersección,Bueno,Buena,Diurna,S/D,Múltiple,S/D,Colisión,S/D,Horizontal,Cordón divisorio,Sin restricción
2021,7678,2021-10-20,Miercoles,18:50:00,,0.0,2,"Automóvil,Moto/Ciclomotor",Gobernador Crespo Y R Lehmann,3,2,0,0,1,0,0,"-31.449564546346664,-60.93552678823",Calle,,ESPERANZA,Constitución,Asfalto,No existe,XI,Dentro,Urbana,Otra Señal,No existe,Intersección,Bueno,Buena,Diurna,Buen Tiempo,Múltiple,S/D,Colisión,Ninguna,Faltante,Cordón divisorio,Sin restricción
2021,7679,2021-10-25,Lunes,19:45:00,,0.0,2,"Moto/Ciclomotor,Automóvil",Ayacucho Y Cochabamba,2,1,0,0,1,0,0,"-32.96044024498,-60.629905198993",Calle,,ROSARIO,Constitución,Asfalto,No existe,II,Dentro,Urbana,Otra Señal,No existe,Intersección,Bueno,Buena,Nocturna,S/D,Múltiple,S/D,Colisión,Ninguna,Vertical,Cordón divisorio,Sin restricción
2021,7680,2021-10-11,Lunes,10:50:00,,0.0,2,"Automóvil,Otros",Alvear Y Bv. 27 De Febrero,2,1,0,0,1,0,0,"-32.964713545616,-60.660015047747",Avenida,,ROSARIO,Constitución,Asfalto,No existe,II,Dentro,Urbana,Otra Señal,No existe,Intersección,Bueno,Buena,Diurna,Buen Tiempo,Múltiple,S/D,Colisión,Ninguna,Horizontal,Cordón divisorio,Sin restricción
2021,7681,2021-10-25,Lunes,17:15:00,,0.0,2,"Bicicleta,Taxi/Remis",Cochabamba Y Necochea,2,1,0,0,1,0,0,"-32.960922864511,-60.627189276179",Calle,,ROSARIO,Constitución,Asfalto,No existe,II,Dentro,Urbana,Otra Señal,No existe,Intersección,Bueno,Buena,Diurna,Buen Tiempo,Múltiple,Ciclista,Colisión,Ninguna,Horizontal,Cordón divisorio,Sin restricción
2021,7682,2021-11-24,Miercoles,09:50:00,,0.0,2,"Otros,Automóvil",Alvear Y Padre Genesio,2,1,0,0,1,0,0,"-31.6015, -60.68605",Avenida,,SANTA FE,Constitución,Asfalto,No existe,I,Dentro,Urbana,Otra Señal,No existe,Intersección,Otro,Reducida,Diurna,Otro,Múltiple,S/D,Colisión,Otro,Faltante,Cordón divisorio,Sin restricción
2021,7683,2021-10-14,Jueves,15:35:00,,0.0,2,"Automóvil,Moto/Ciclomotor",Bv. Oroño Y Lugones,3,2,0,0,1,0,0,"-32.958132288941,-60.657066542658",Avenida,,ROSARIO,Constitución,Asfalto,No existe,II,Dentro,Urbana,Otra Señal,No existe,Intersección,Bueno,Buena,Diurna,Buen Tiempo,Múltiple,S/D,Colisión,Ninguna,"Horizontal,Vertical",Cordón divisorio,Sin restricción