anio_acci,nro_acci,fecha,desc_dia,hora_aprox,desc_ruta,km,cant_participantes,desc_participante,calle_avenida_km,total,heridos_leves,heridos_graves,heridos_gravisimos,ilesos,fallecidos,sin_datos,posicion_XY,desc_tipo_via,desc_ruta_ori,desc_loc,desc_dpto,desc_tipo_calzada,desc_tipo_banquina,desc_unidad_regional,desc_lugar_calzada,desc_zona,desc_prioridad,desc_estado_semaforo,desc_lugar_via,desc_estado_via,desc_estado_visibilidad,desc_luminosidad,desc_estado_clima,desc_tipo_colision,desc_tipo_atropello,desc_tipo_hecho,desc_pres_calzada,desc_senializacion,desc_separacion_via,desc_restriccion
2021,7684,2021-10-26,Martes,12:00:00,,0.0,2,"Bicicleta,Automóvil",Av. Córdoba Y Juan José Paso,2,1,0,0,1,0,0,"-31.446624045626,-60.940365905958",Avenida,,ESPERANZA,Constitución,Asfalto,No existe,XI,Dentro,Urbana,Otra Señal,No existe,Intersección,Bueno,Buena,Diurna,Buen Tiempo,Múltiple,Ciclista,Colisión,Ninguna,Faltante,Cordón divisorio,Sin restricción
2021,7685,2021-10-26,Martes,13:20:00,,0.0,2,"Moto/Ciclomotor,Automóvil",Cesar M Pittier Y General Manuel Belgrano,2,1,0,0,1,0,0,"-31.433162577863,-60.924454576945",Calle,,ESPERANZA,Constitución,Ripio,No existe,XI,Dentro,Urbana,Otra Señal,No existe,Intersección,Bueno,Buena,Diurna,Buen Tiempo,Múltiple,S/D,Colisión,Ninguna,Faltante,Cordón divisorio,Sin restricción
2021,7686,2021-10-19,Martes,12:30:00,,0.0,2,"Moto/Ciclomotor,Automóvil",L.N.Alem Y Riobamba,2,1,0,0,1,0,0,"-32.964774042171,-60.632480857705",Calle,,ROSARIO,Constitución,Asfalto,No existe,II,Dentro,Urbana,Otra Señal,No existe,Intersección,Bueno,Buena,Diurna,Buen Tiempo,Múltiple,S/D,Colisión,Ninguna,"Horizontal,Vertical",Cordón divisorio,Sin restricción
2021,7687,2021-11-16,Martes,20:15:00,,0.0,2,"Bicicleta,Taxi/Remis",Hernandarias Y Sarmiento,2,1,0,0,1,0,0,"-31.60946, -60.68503",Calle,,SANTA FE,Constitución,Asfalto,No existe,I,S/D,Urbana,Otra Señal,No existe,Intersección,Bueno,Buena,Nocturna,Buen Tiempo,Múltiple,Ciclista,Colisión,Ninguna,S/D,Cordón divisorio,Sin restricción
2021,7688,2021-10-19,Martes,15:00:00,,0.0,2,"Pickup/Utilitario,Moto/Ciclomotor",Bv. Oroño Y Lugones,3,1,0,0,2,0,0,"-32.958132288941,-60.657066542658",Avenida,,ROSARIO,Constitución,Asfalto,No existe,II,Dentro,Urbana,Otra Señal,No existe,Intersección,Bueno,Buena,Diurna,Buen Tiempo,Múltiple,S/D,Colisión,Ninguna,Horizontal,Cordón divisorio,Sin restricción
2021,7690,2021-11-17,Miercoles,10:30:00,,0.0,2,"Moto/Ciclomotor,Automóvil",Av. Gral. Paz Y Martin Zapata,2,1,0,0,1,0,0,"-31.62243, -60.6875",Avenida,,SANTA FE,Constitución,Asfalto,No existe,I,Dentro,Urbana,Otra Señal,No existe,Intersección,Bueno,Buena,Diurna,Buen Tiempo,Múltiple,S/D,Colisión,Ninguna,S/D,Cordón divisorio,Sin restricción
2021,7691,2021-10-20,Miercoles,17:40:00,,0.0,2,"Moto/Ciclomotor,Taxi/Remis",Ituzaingó Y San Martin,2,1,0,0,1,0,0,"-32.960984421973,-60.640274988994",Calle,,ROSARIO,Constitución,Asfalto,No existe,II,Dentro,Urbana,Otra Señal,No existe,Intersección,Bueno,Buena,Diurna,S/D,Múltiple,S/D,Colisión,Ninguna,Horizontal,Cordón divisorio,Sin restricción
2021,7692,2021-10-24,Domingo,07:50:00,,0.0,2,"Automóvil,Automóvil",Bv. Oroño Y Gálvez,4,1,0,0,3,0,0,"-32.966022485624,-60.659058062831",Avenida,,ROSARIO,Constitución,Asfalto,No existe,II,Dentro,Urbana,Otra Señal,No existe,Intersección,Bueno,Buena,Diurna,Buen Tiempo,Múltiple,S/D,Colisión,Ninguna,"Horizontal,Vertical",Cordón divisorio,Sin restricción
2021,7693,2021-10-20,Miercoles,10:30:00,,0.0,2,"Automóvil,Moto/Ciclomotor",Av. Francia Y Bv. 27 De Febrero,2,1,0,0,1,0,0,"-32.962794501847,-60.670771834849",Avenida,,ROSARIO,Constitución,Asfalto,No existe,II,Dentro,Urbana,Otra Señal,Funciona,Intersección,Bueno,Buena,Diurna,Buen Tiempo,Múltiple,S/D,Colisión,Ninguna,"Horizontal,Vertical",Cordón divisorio,Sin restricción
2021,7694,2021-11-01,Lunes,05:55:00,,0.0,2,"Moto/Ciclomotor,Automóvil",Padre Genesio Y Alvear,2,1,0,0,0,0,1,"-31.60151, -60.68607",Avenida,,SANTA FE,Constitución,S/D,No existe,I,Dentro,Urbana,Otra Señal,No existe,Intersección,Otro,Reducida,Diurna,Otro,Múltiple,S/D,Colisión,Otro,Faltante,Cordón divisorio,Sin restricción
2021,7695,2021-10-26,Martes,14:00:00,,0.0,2,"Moto/Ciclomotor,Automóvil",Av. Belgrano Y Av. Pellegrini,2,1,0,0,1,0,0,"-32.960842496122,-60.621114059097",Avenida,,ROSARIO,Constitución,Asfalto,No existe,II,Dentro,Urbana,Otra Señal,No existe,Intersección,Bueno,Buena,Diurna,Buen Tiempo,Múltiple,S/D,Colisión,Ninguna,"Horizontal,Vertical",Cordón divisorio,Sin restricción
2021,7696,2021-11-02,Martes,07:55:00,,0.0,2,"Moto/Ciclomotor,Automóvil",Alberti Y Güemes,2,0,0,0,0,0,2,"-31.60496, -60.67918",Avenida,,SANTA FE,Constitución,S/D,No existe,I,Dentro,Urbana,Otra Señal,S/D,Intersección,Otro,Reducida,S/D,Otro,Múltiple,S/D,Colisión,Otro,Faltante,Cordón divisorio,Sin restricción
2021,7697,2021-10-08,Viernes,16:05:00,,0.0,2,"Automóvil,Automóvil",Scalabrini Ortiz 100,2,2,0,0,0,0,0,"-31.72146045154,-61.097095119633",Calle,,SAN CARLOS CENTRO,Constitución,Ripio,No existe,XI,Dentro,Urbana,Otra Señal,No existe,Intersección,Bueno,Buena,Diurna,Buen Tiempo,Múltiple,S/D,Colisión,Ninguna,Faltante,Cordón divisorio,Sin restricción
2021,7698,2021-11-05,Viernes,13:10:00,,0.0,2,"Otros,Otros",J Castelli Y Piedras,2,0,0,0,0,0,2,"-31.61067, -60.67513",Calle,,SANTA FE,Constitución,S/D,S/D,I,Dentro,Urbana,Otra Señal,S/D,Intersección,Otro,S/D,S/D,Otro,Múltiple,S/D,Colisión,Otro,S/D,Cordón divisorio,Sin restricción
2021,7699,2021-10-10,Domingo,07:00:00,,0.0,1,Automóvil, ,3,2,0,0,1,0,0,"-31.735725402832,-61.07689261436455",Camino Rural,,SAN CARLOS CENTRO,Constitución,Ripio,No existe,XI,Dentro,Rural,Otra Señal,No existe,Intersección,Resbaladiza,Reducida,"Nocturna,Con luz artificial",Lluvia,Múltiple,S/D,Colisión,Ninguna,Faltante,Cordón divisorio,Sin restricción
2021,7700,2021-10-22,Viernes,10:40:00,,0.0,2,"Automóvil,Peatón",Pasco Y Pte. Roca,2,1,0,0,1,0,0,"-32.95832511538,-60.648428897269",Calle,,ROSARIO,Constitución,Asfalto,No existe,II,Dentro,Urbana,Otra Señal,No existe,Intersección,Bueno,Buena,Diurna,Buen Tiempo,Múltiple,Peatón,Colisión,Ninguna,Faltante,Cordón divisorio,Sin restricción
2021,7701,2021-10-11,Lunes,03:05:00,,0.0,2,"Peatón,Automóvil", ,2,1,0,0,1,0,0,"-31.735467910766562,-61.07822299003",Camino Rural,,SAN CARLOS CENTRO,Constitución,Ripio,No existe,XI,Dentro,Rural,Otra Señal,No existe,Intersección,Bueno,Reducida,Nocturna,Buen Tiempo,Múltiple,Peatón,Colisión,Ninguna,Faltante,Cordón divisorio,Sin restricción
2021,7702,2021-10-27,Miercoles,06:35:00,,0.0,2,"Bicicleta,Taxi/Remis",Paraguay 2350,2,1,0,0,1,0,0,"-32.963739888517,-60.648345215221",Calle,,ROSARIO,Constitución,Asfalto,No existe,II,Dentro,Urbana,Otra Señal,No existe,Intersección,Bueno,Buena,Diurna,Buen Tiempo,Múltiple,Ciclista,Colisión,Ninguna,Faltante,Cordón divisorio,Sin restricción
2021,7703,2021-10-20,Miercoles,21:15:00,,0.0,2,"Moto/Ciclomotor,Automóvil",CIRCUITO PARQUE ALEM ,2,1,0,0,1,0,0,"-32.911245306772514,-60.68143439935",Calle,,ROSARIO,Constitución,Asfalto,No existe,II,Dentro,Urbana,Otra Señal,No existe,Intersección,Bueno,Buena,Nocturna,Buen Tiempo,Múltiple,S/D,Colisión,Ninguna,Faltante,Cordón divisorio,Sin restricción
2021,7704,2021-11-18,Jueves,16:30:00,,0.0,2,"Moto/Ciclomotor,Automóvil",9 de Julio Y Pedro Ferre,2,1,0,0,1,0,0,"-31.6259, -60.70321",Calle,,SANTA FE,Constitución,S/D,No existe,I,Dentro,Urbana,Otra Señal,No existe,Intersección,Bueno,Buena,Diurna,Buen Tiempo,Múltiple,S/D,Colisión,Ninguna,S/D,Cordón divisorio,Sin restricción
2021,7705,2021-10-15,Viernes,17:25:00,,0.0,2,"Automóvil,Bicicleta", ,3,1,0,0,2,0,0,"-32.95817760227484,-60.666264034822",S/D,,ROSARIO,Constitución,S/D,S/D,II,S/D,S/D,Otra Señal,S/D,Intersección,S/D,S/D,S/D,S/D,Múltiple,Ciclista,Colisión,S/D,S/D,Cordón divisorio,Sin restricción
2021,7706,2021-10-23,Sabado,19:10:00,Ruta Provincial 1,2.0,2,"Moto/Ciclomotor,Automóvil", ,2,1,0,0,1,0,0,"-31.62548928055163, -60.60300720672",Ruta,1,COLASTINE,Constitución,Asfalto,Pavimento,I,Dentro,Urbana,Otra Señal,No existe,Intersección,Bueno,Buena,Atardecer,Buen Tiempo,Múltiple,S/D,Colisión,Ninguna,Horizontal,Cordón divisorio,Sin restricción
2021,7707,2021-10-27,Miercoles,09:55:00,Ruta Provincial 1,2.0,2,"Pickup/Utilitario,Camión c / Acoplado", ,2,1,0,0,1,0,0,"-31.628719893349395, -60.6089632771",Ruta,1,COLASTINE,Constitución,Asfalto,Pavimento,I,Dentro,Urbana,Otra Señal,No existe,Intersección,Bueno,Buena,Diurna,Buen Tiempo,Múltiple,S/D,Colisión,Ninguna,Horizontal,Cordón divisorio,Sin restricción
2021,7709,2021-11-19,Viernes,20:50:00,,0.0,2,"Moto/Ciclomotor,Automóvil",Av. Gral. Paz Y Llerena,2,1,0,0,1,0,0,"-31.6166, -60.68312",Avenida,,SANTA FE,Constitución,Asfalto,No existe,I,Dentro,Urbana,Otra Señal,No existe,Intersección,Bueno,Buena,Nocturna,Buen Tiempo,Múltiple,S/D,Colisión,S/D,S/D,Cordón divisorio,Sin restricción
2021,7710,2021-10-22,Viernes,09:30:00,,0.0,2,"Automóvil,Automóvil",J.M.de Rosas Y Ocampo,4,1,0,0,3,0,0,"-32.967681250498,-60.636317613044",Calle,,ROSARIO,Constitución,Asfalto,No existe,II,Dentro,Urbana,Otra Señal,No existe,Intersección,Bueno,Buena,Diurna,Buen Tiempo,Múltiple,S/D,Colisión,Ninguna,Faltante,Cordón divisorio,Sin restricción
2021,7711,2021-10-30,Sabado,22:30:00,Ruta Nacional 168,0.0,2,"Pickup/Utilitario,Moto/Ciclomotor", ,2,1,0,0,1,0,0,"-31.640501, -60.682513",Ruta,168,SANTA FE,Constitución,Asfalto,No existe,I,Dentro,Urbana,Otra Señal,No existe,Intersección,Bueno,Buena,Nocturna,Buen Tiempo,Múltiple,S/D,Colisión,Ninguna,Horizontal,Cordón divisorio,Sin restricción
2021,7712,2021-11-06,Sabado,19:30:00,,0.0,2,"Moto/Ciclomotor,Automóvil",Av. Galicia Y Belgrano,2,0,0,0,1,0,1,"-31.60621, -60.68973",Calle,,SANTA FE,Constitución,S/D,No existe,I,Dentro,Urbana,Otra Señal,No existe,Intersección,Otro,S/D,Diurna,Otro,Múltiple,S/D,Colisión,Otro,Faltante,Cordón divisorio,Sin restricción
2021,7715,2021-10-27,Miercoles,,,0.0,2,"Moto/Ciclomotor,Automóvil",Av. Blas Parera Y Millan Medina,2,1,0,0,1,0,0,"-31.593302470448,-60.723672136522",Avenida,,SANTA FE,Constitución,Asfalto,No existe,I,Dentro,Urbana,Otra Señal,Funciona,Intersección,Bueno,S/D,"Nocturna,Con luz artificial",Buen Tiempo,Múltiple,S/D,Colisión,Ninguna,"Horizontal,Vertical",Cordón divisorio,Sin restricción
2021,7716,2021-11-21,Domingo,17:00:00,,0.0,2,"Moto/Ciclomotor,Automóvil",R Godoy Y Republica de Siria,2,1,0,0,1,0,0,"-31.61625, -60.6938",Calle,,SANTA FE,Constitución,Asfalto,No existe,I,S/D,Urbana,Otra Señal,No existe,Intersección,Bueno,S/D,Diurna,Buen Tiempo,Múltiple,S/D,Colisión,Ninguna,S/D,Cordón divisorio,Sin restricción
2021,7718,2021-11-21,Domingo,00:30:00,,0.0,2,"Automóvil,Automóvil",Pje Calcena Y Av. Almte. Brown,3,2,0,0,1,0,0,"-31.62623, -60.67917",Avenida,,SANTA FE,Constitución,Asfalto,No existe,I,Dentro,Urbana,Otra Señal,No existe,Intersección,Bueno,Buena,Nocturna,Buen Tiempo,Múltiple,S/D,Colisión,Ninguna,S/D,Cordón divisorio,Sin restricción
2021,7719,2021-10-16,Sabado,18:20:00,Autopista Nacional Rosario -Cordoba,306.0,2,"Automóvil,Camión c / Acoplado", ,5,4,0,0,1,0,0,"-32.947469, -60.782165",Autopista,Rosario -Cordoba,FUNES,Constitución,Asfalto,No existe,II,Dentro,Rural,Otra Señal,No existe,Intersección,Bueno,Buena,Diurna,Buen Tiempo,Múltiple,S/D,Colisión,Ninguna,Horizontal,Cordón divisorio,Sin restricción
2021,7720,2021-11-22,Lunes,14:40:00,,0.0,2,"Moto/Ciclomotor,Moto/Ciclomotor",Av. A del Valle Y Ricardo Aldao,5,4,0,0,1,0,0,"-31.61034, -60.69434",Avenida,,SANTA FE,Constitución,Asfalto,No existe,I,Dentro,Urbana,Otra Señal,No existe,Intersección,Bueno,Buena,Diurna,Buen Tiempo,Múltiple,S/D,Colisión,Ninguna,S/D,Cordón divisorio,Sin restricción
2021,7721,2021-11-23,Martes,22:35:00,,0.0,2,"Moto/Ciclomotor,Pickup/Utilitario",Alvear 5600,2,1,0,0,1,0,0,"-31.61783, -60.69089",Calle,,SANTA FE,Constitución,Asfalto,No existe,I,Dentro,Urbana,Otra Señal,No existe,Intersección,Bueno,S/D,Diurna,Buen Tiempo,Múltiple,S/D,Colisión,Ninguna,S/D,Cordón divisorio,Sin restricción
2021,7722,2021-10-31,Domingo,23:00:00,,0.0,1,Moto/Ciclomotor, ,1,1,0,0,0,0,0,"-29.051610, -60.411780",Calle,,FORTÍN OLMOS,Constitución,S/D,No existe,XIX,Dentro,Urbana,Otra Señal,No existe,Intersección,S/D,S/D,Nocturna,S/D,Múltiple,S/D,Colisión,Material Suelto,S/D,Cordón divisorio,Sin restricción
2021,7723,2021-10-01,Viernes,,Ruta Nacional 11,0.0,2,"Automóvil,Pickup/Utilitario",Ruta Nacional 11 Y Ruta Prov. 70,2,1,0,0,1,0,0,"-31.503124996116444, -60.7281138737",Ruta,11,RECREO,Constitución,Asfalto,No existe,I,Dentro,Urbana,Otra Señal,No existe,Intersección,Bueno,S/D,S/D,S/D,Múltiple,S/D,Colisión,S/D,Horizontal,Cordón divisorio,Sin restricción
2021,7724,2021-10-31,Domingo,11:40:00,,0.0,2,"Peatón,Automóvil",Dr. Héctor López ,2,1,0,0,0,0,1,"-31.974489090876162,-60.91611235790",Calle,,CORONDA,Constitución,S/D,S/D,XV,Dentro,Urbana,Otra Señal,S/D,Intersección,S/D,S/D,Diurna,S/D,Múltiple,Ciclista,Colisión,S/D,S/D,Cordón divisorio,Sin restricción
2021,7726,2021-11-25,Jueves,19:55:00,,0.0,2,"Moto/Ciclomotor,Automóvil",Av. A del Valle Y Av. Galicia,2,1,0,0,1,0,0,"-31.6056, -60.69275",Avenida,,SANTA FE,Constitución,Asfalto,No existe,I,Dentro,Urbana,Otra Señal,No existe,Intersección,Otro,Buena,Nocturna,S/D,Múltiple,S/D,Colisión,Ninguna,S/D,Cordón divisorio,Sin restricción
2021,7727,2021-11-13,Sabado,23:00:00,,0.0,2,"Otros,Otros", ,2,0,0,0,0,0,2,"-31.60874, -60.69303",Calle,,SANTA FE,Constitución,S/D,S/D,I,Dentro,Urbana,Otra Señal,S/D,Intersección,S/D,S/D,S/D,S/D,Múltiple,S/D,Colisión,S/D,S/D,Cordón divisorio,Sin restricción
2021,7728,2021-11-02,Martes,16:15:00,,0.0,2,"Otros,Transporte de Pasajeros (H/ 8 asientos)",Av. A del Valle Y Ángel Cassanello,2,1,0,0,1,0,0,"-31.60947, -60.69398",Avenida,,SANTA FE,Constitución,S/D,No existe,I,S/D,Urbana,Otra Señal,No existe,Intersección,Bueno,Buena,Diurna,Buen Tiempo,Múltiple,S/D,Colisión,Ninguna,S/D,Cordón divisorio,Sin restricción
2021,7729,2021-10-01,Viernes,08:30:00,,0.0,2,"Moto/Ciclomotor,Automóvil",Pellegrini Y Roca,2,1,0,0,1,0,0,"-29.582464077383,-60.378323463122",Calle,,LA GALLARETA,Constitución,S/D,No existe,XIX,Dentro,Urbana,Otra Señal,S/D,Intersección,S/D,S/D,Diurna,S/D,Múltiple,S/D,Colisión,S/D,S/D,Cordón divisorio,Sin restricción
2021,7730,2021-10-02,Sabado,23:00:00,,0.0,1,Moto/Ciclomotor,Avda. 25 de Mayo Y Dorrego,1,1,0,0,0,0,0,"-32.027994909136,-61.218344175465",Avenida,,GÁLVEZ,Constitución,Asfalto,No existe,XV,Dentro,Urbana,Otra Señal,S/D,Intersección,S/D,S/D,Nocturna,S/D,Múltiple,S/D,Colisión,S/D,S/D,Cordón divisorio,Sin restricción
2021,7731,2021-11-03,Miercoles,20:35:00,,0.0,2,"Peatón,Moto/Ciclomotor",9 de Julio 5800,2,1,0,0,1,0,0,"-31.61449, -60.69964",Calle,,SANTA FE,Constitución,S/D,No existe,I,S/D,Urbana,Otra Señal,No existe,Intersección,Bueno,Buena,Diurna,Buen Tiempo,Múltiple,Peatón,Colisión,Ninguna,S/D,Cordón divisorio,Sin restricción
2021,7732,2021-11-26,Viernes,13:50:00,,0.0,2,"Moto/Ciclomotor,Automóvil",Salvador del Carril Y Rivadavia,4,1,0,0,3,0,0,"-31.61877, -60.69602",Avenida,,SANTA FE,Constitución,S/D,No existe,I,Dentro,Urbana,Otra Señal,No existe,Intersección,Otro,Buena,Diurna,Buen Tiempo,Múltiple,S/D,Colisión,Ninguna,S/D,Cordón divisorio,Sin restricción
2021,7734,2021-11-29,Lunes,02:30:00,,0.0,1,Moto/Ciclomotor,Av. Almte. Brown Y Pedro de Vega,2,1,0,0,1,0,0,"-31.61592, -60.67296",Avenida,,SANTA FE,Constitución,S/D,No existe,I,Dentro,Urbana,Otra Señal,No existe,Intersección,Bueno,Buena,Nocturna,Buen Tiempo,Múltiple,S/D,Colisión,Ninguna,S/D,Cordón divisorio,Sin restricción
2021,7735,2021-11-25,Jueves,19:20:00,,0.0,1,Moto/Ciclomotor,Av. A del Valle Y Ricardo Aldao,2,1,0,0,1,0,0,"-31.61031, -60.69443",Avenida,,SANTA FE,Constitución,Asfalto,No existe,I,Dentro,Urbana,Otra Señal,No existe,Intersección,Bueno,Buena,Atardecer,Buen Tiempo,Múltiple,S/D,Colisión,S/D,S/D,Cordón divisorio,Sin restricción
2021,7736,2021-11-21,Domingo,09:05:00,,0.0,2,"Automóvil,Automóvil",Domingo Silva 2692,2,1,0,0,1,0,0,"-31.61914, -60.69833",Calle,,SANTA FE,Constitución,Asfalto,No existe,I,Dentro,Urbana,Otra Señal,No existe,Intersección,S/D,Buena,Diurna,Buen Tiempo,Múltiple,S/D,Colisión,Ninguna,Vertical,Cordón divisorio,Sin restricción
2021,7737,2021-10-31,Domingo,10:00:00,Ruta Provincial 94,34.0,1,Automóvil, ,1,1,0,0,0,0,0,"-33.964531, -61.632879",Ruta,94,VILLA CAÑAS,Constitución,Asfalto,No existe,VIII,Dentro,Rural,Otra Señal,No existe,Intersección,Bueno,Buena,Diurna,Buen Tiempo,Múltiple,S/D,Colisión,Ninguna,Horizontal,Cordón divisorio,Sin restricción
2021,7738,2021-11-17,Miercoles,18:30:00,,0.0,2,"Bicicleta,Automóvil",Pedro Alejandro Vittori 4100,2,1,0,0,1,0,0,"-31.63052, -60.69929",Calle,,SANTA FE,Constitución,Asfalto,No existe,I,Dentro,Urbana,Otra Señal,No existe,Intersección,Bueno,Buena,Diurna,Buen Tiempo,Múltiple,Ciclista,Colisión,Ninguna,Vertical,Cordón divisorio,Sin restricción
2021,7739,2021-11-06,Sabado,00:35:00,,0.0,2,"Moto/Ciclomotor,Automóvil",Salvador del Carril Y Republica de Siria,3,1,0,0,2,0,0,"-31.61904, -60.69464",Calle,,SANTA FE,Constitución,S/D,No existe,I,Dentro,Urbana,Otra Señal,No existe,Intersección,Bueno,Buena,Nocturna,Buen Tiempo,Múltiple,S/D,Colisión,Ninguna,S/D,Cordón divisorio,Sin restricción
2021,7740,2021-11-16,Martes,08:45:00,,0.0,2,"Moto/Ciclomotor,Pickup/Utilitario",Av. A del Valle Y Agustín Delgado,2,1,0,0,1,0,0,"-31.62097, -60.69896",Avenida,,SANTA FE,Constitución,Asfalto,No existe,I,Dentro,Urbana,Otra Señal,No existe,Intersección,Bueno,Buena,Diurna,Buen Tiempo,Múltiple,S/D,Colisión,Ninguna,Vertical,Cordón divisorio,Sin restricción
2021,7741,2021-10-31,Domingo,,,0.0,2,"Moto/Ciclomotor,Pickup/Utilitario", ,2,1,0,0,0,0,1,"-31.587143001930393,-60.93834179399",S/D,,FRANCK,Constitución,S/D,S/D,XI,S/D,S/D,Otra Señal,S/D,Intersección,S/D,S/D,S/D,S/D,Múltiple,S/D,Colisión,S/D,S/D,Cordón divisorio,Sin restricción
2021,7742,2021-11-27,Sabado,23:55:00,,0.0,2,"Moto/Ciclomotor,Automóvil",Pedro Ferre Y San Lorenzo,2,1,0,0,1,0,0,"-31.62442, -60.71113",Calle,,SANTA FE,Constitución,Asfalto,No existe,I,Dentro,Urbana,Otra Señal,Funciona,Intersección,Bueno,Buena,"Nocturna,Con luz artificial",Buen Tiempo,Múltiple,S/D,Colisión,Ninguna,Vertical,Cordón divisorio,Sin restricción
2021,7744,2021-11-08,Lunes,07:50:00,,0.0,2,"Moto/Ciclomotor,Automóvil",Ricardo Aldao Y Candioti,2,1,0,0,1,0,0,"-31.61177, -60.68796",Calle,,SANTA FE,Constitución,Asfalto,No existe,I,S/D,Urbana,Otra Señal,No existe,Intersección,Bueno,Buena,Diurna,Buen Tiempo,Múltiple,S/D,Colisión,Ninguna,Faltante,Cordón divisorio,Sin restricción
2021,7746,2021-10-04,Lunes,16:40:00,,0.0,3,"Automóvil,Automóvil,Automóvil",Estanislao Zeballos Y Estrada,3,1,0,0,2,0,0,"-31.6003968393,-60.717836833897",Calle,,SANTA FE,Constitución,Asfalto,No existe,I,Dentro,Urbana,Otra Señal,No existe,Intersección,Bueno,S/D,Diurna,S/D,Múltiple,S/D,Colisión,S/D,Faltante,Cordón divisorio,Sin restricción
2021,7747,2021-11-11,Jueves,18:10:00,,0.0,2,"Moto/Ciclomotor,Automóvil",Av. Galicia Y Las Heras,2,1,0,0,1,0,0,"-31.6064, -60.68861",Avenida,,SANTA FE,Constitución,Asfalto,S/D,I,S/D,Urbana,Otra Señal,S/D,Intersección,Bueno,Buena,S/D,Buen Tiempo,Múltiple,S/D,Colisión,Ninguna,S/D,Cordón divisorio,Sin restricción
2021,7750,2021-11-29,Lunes,,,0.0,2,"Moto/Ciclomotor,Moto/Ciclomotor",Av. Peñaloza Y Llerena,2,2,0,0,0,0,0,"-31.61012, -60.71316",Avenida,,SANTA FE,Constitución,Asfalto,No existe,I,S/D,Urbana,Otra Señal,Funciona,Intersección,Bueno,Buena,Diurna,Buen Tiempo,Múltiple,S/D,Colisión,Ninguna,Vertical,Cordón divisorio,Sin restricción
2021,7751,2021-10-04,Lunes,12:15:00,Ruta Nacional 11,0.0,2,"Camión Chasis,Moto/Ciclomotor",Av. Dr. Caminos Y Santa Fe,3,1,0,0,2,0,0,"-32.354535373606,-60.941749895366",Ruta,11,MONJE,Constitución,Asfalto,No existe,XV,Dentro,Urbana,Otra Señal,No existe,Intersección,Bueno,S/D,Diurna,S/D,Múltiple,S/D,Colisión,S/D,Horizontal,Cordón divisorio,Sin restricción
2021,7752,2021-11-15,Lunes,11:30:00,,0.0,2,"Pickup/Utilitario,Moto/Ciclomotor",4 de Enero Y Boneo,2,1,0,0,1,0,0,"-31.60343, -60.6995",Calle,,SANTA FE,Constitución,Asfalto,No existe,I,Dentro,Urbana,Otra Señal,No existe,Intersección,Bueno,Buena,Diurna,Buen Tiempo,Múltiple,S/D,Colisión,Ninguna,Vertical,Cordón divisorio,Sin restricción
2021,7753,2021-11-13,Sabado,13:30:00,,0.0,2,"Automóvil,Moto/Ciclomotor",Av. A del Valle Y Quintana,2,1,0,0,1,0,0,"-31.62282, -60.69934",Calle,,SANTA FE,Constitución,Asfalto,No existe,I,Dentro,Urbana,Otra Señal,No existe,Intersección,Bueno,Buena,Diurna,Buen Tiempo,Múltiple,S/D,Colisión,Ninguna,Vertical,Cordón divisorio,Sin restricción
2021,7754,2021-11-10,Miercoles,14:10:00,,0.0,2,"Moto/Ciclomotor,Automóvil",9 de Julio Y Pedro Centeno,2,1,0,0,1,0,0,"-31.62682, -60.70348",Calle,,SANTA FE,Constitución,Asfalto,No existe,I,Dentro,Urbana,Otra Señal,No existe,Intersección,Bueno,Buena,Diurna,Buen Tiempo,Múltiple,S/D,Colisión,Ninguna,Vertical,Cordón divisorio,Sin restricción
2021,7755,2021-11-09,Martes,14:30:00,,0.0,2,"Moto/Ciclomotor,Automóvil",Av. A del Valle Y Agustín Delgado,2,1,0,0,1,0,0,"-31.62099, -60.69882",Avenida,,SANTA FE,Constitución,Asfalto,No existe,I,Dentro,Urbana,Otra Señal,No existe,Intersección,Bueno,Buena,Diurna,Buen Tiempo,Múltiple,S/D,Colisión,Ninguna,Vertical,Cordón divisorio,Sin restricción
2021,7756,2021-10-02,Sabado,23:35:00,,0.0,2,"Automóvil,Moto/Ciclomotor",30 de Julio Y Av. Irigoyen,3,2,0,0,1,0,0,"-32.232175507452,-60.985525925065",Calle,,BARRANCAS,Constitución,S/D,No existe,XV,Dentro,Urbana,Otra Señal,S/D,Intersección,S/D,S/D,Nocturna,S/D,Múltiple,S/D,Colisión,Ninguna,S/D,Cordón divisorio,Sin restricción
2021,7757,2021-11-27,Sabado,14:50:00,,0.0,2,"Automóvil,Automóvil",Av. Blas Parera ,2,1,0,0,1,0,0,"-31.59052, -60.72463",Avenida,,SANTA FE,Constitución,Asfalto,No existe,I,S/D,Urbana,Otra Señal,Funciona,Intersección,Bueno,Buena,Diurna,Buen Tiempo,Múltiple,S/D,Colisión,Ninguna,Vertical,Cordón divisorio,Sin restricción