anio_acci,nro_acci,fecha,desc_dia,hora_aprox,desc_ruta,km,cant_participantes,desc_participante,calle_avenida_km,total,heridos_leves,heridos_graves,heridos_gravisimos,ilesos,fallecidos,sin_datos,posicion_XY,desc_tipo_via,desc_ruta_ori,desc_loc,desc_dpto,desc_tipo_calzada,desc_tipo_banquina,desc_unidad_regional,desc_lugar_calzada,desc_zona,desc_prioridad,desc_estado_semaforo,desc_lugar_via,desc_estado_via,desc_estado_visibilidad,desc_luminosidad,desc_estado_clima,desc_tipo_colision,desc_tipo_atropello,desc_tipo_hecho,desc_pres_calzada,desc_senializacion,desc_separacion_via,desc_restriccion
2021,7825,2021-11-23,Martes,20:15:00,,0.0,2,"Automóvil,Pickup/Utilitario",Av. 27 de Febrero Y Juan de Garay,2,1,0,0,1,0,0,"-31.65295, -60.70573",Avenida,,SANTA FE,Constitución,Asfalto,Pavimento,I,Dentro,Urbana,Otra Señal,Funciona,Intersección,Bueno,Buena,"Nocturna,Con luz artificial",Buen Tiempo,Múltiple,S/D,Colisión,Ninguna,Faltante,Cordón divisorio,Sin restricción
2021,7827,2021-10-14,Jueves,09:10:00,,0.0,2,"Peatón,Automóvil", ,2,0,0,1,1,0,0,"-31.448825188884307,-60.93028956909",S/D,,LA ORILLA,Constitución,S/D,S/D,XI,S/D,S/D,Otra Señal,S/D,Intersección,S/D,S/D,S/D,S/D,Múltiple,S/D,Colisión,S/D,S/D,Cordón divisorio,Sin restricción
2021,7828,2021-10-14,Jueves,18:30:00,,0.0,2,"Automóvil,Moto/Ciclomotor",Belgrano Y Buenos Aires,2,1,0,0,1,0,0,"-32.365543521612,-61.336671255908",Calle,,SAN GENARO,Constitución,Asfalto,No existe,XV,Dentro,Urbana,Otra Señal,No existe,Intersección,Deteriorada,S/D,Diurna,S/D,Múltiple,S/D,Colisión,S/D,Faltante,Cordón divisorio,Sin restricción
2021,7829,2021-10-18,Lunes,,,0.0,2,"Moto/Ciclomotor,Automóvil", ,2,1,0,0,1,0,0,"-31.570982475014414,-61.38015579725",S/D,,SA PEREIRA,Constitución,S/D,S/D,XI,S/D,S/D,Otra Señal,S/D,Intersección,S/D,S/D,S/D,S/D,Múltiple,S/D,Colisión,S/D,S/D,Cordón divisorio,Sin restricción
2021,7830,2021-11-24,Miercoles,19:00:00,,0.0,2,"Automóvil,Moto/Ciclomotor",Córdoba 850,2,1,0,0,1,0,0,"-31.63253, -60.68201",Calle,,EL TRÉBOL,Constitución,Asfalto,No existe,XVIII,Dentro,Urbana,Otra Señal,No existe,Intersección,S/D,Buena,Atardecer,Buen Tiempo,Múltiple,S/D,Colisión,S/D,Faltante,Cordón divisorio,Sin restricción
2021,7831,2021-10-14,Jueves,17:20:00,,0.0,2,"Automóvil,Moto/Ciclomotor",3 de Febrero Y Sargento Cabral,3,1,0,0,2,0,0,"-32.744049374227,-60.730641073598",Calle,,SAN LORENZO,Constitución,Asfalto,No existe,XVII,Dentro,Urbana,Otra Señal,No existe,Intersección,Bueno,S/D,Diurna,S/D,Múltiple,S/D,Colisión,Ninguna,Horizontal,Cordón divisorio,Sin restricción
2021,7832,2021-10-14,Jueves,17:20:00,,0.0,1,Moto/Ciclomotor,Bv Oroño ,2,2,0,0,0,0,0,"-32.72907614707943,-60.769608020782",Calle,,SAN LORENZO,Constitución,S/D,S/D,XVII,Dentro,Rural,Otra Señal,S/D,Intersección,S/D,S/D,Diurna,S/D,Múltiple,S/D,Colisión,S/D,S/D,Cordón divisorio,Sin restricción
2021,7834,2021-10-15,Viernes,,,0.0,1,Moto/Ciclomotor,Amenábar 1663,2,2,0,0,0,0,0,"-32.970785159775,-60.652487510751",Calle,,ROSARIO,Constitución,Asfalto,No existe,II,Dentro,Urbana,Otra Señal,No existe,Intersección,Bueno,S/D,S/D,S/D,Múltiple,S/D,Colisión,S/D,Faltante,Cordón divisorio,Sin restricción
2021,7836,2021-10-19,Martes,18:15:00,,0.0,2,"Automóvil,Moto/Ciclomotor",Medrano Y Valle Hermoso,3,1,0,0,2,0,0,"-32.886278770639,-60.703578839387",Calle,,ROSARIO,Constitución,Asfalto,No existe,II,Dentro,Urbana,Otra Señal,No existe,Intersección,S/D,S/D,Diurna,S/D,Múltiple,S/D,Colisión,S/D,Faltante,Cordón divisorio,Sin restricción
2021,7837,2021-11-28,Domingo,13:45:00,Ruta Provincial 13,0.0,1,Automóvil, ,1,1,0,0,0,0,0,"-32.19991, -61.71312",Ruta,13,SANTA FE,Constitución,Hormigón,Pavimento,XVIII,S/D,Urbana,Otra Señal,No existe,Intersección,Bueno,Buena,Diurna,Buen Tiempo,Múltiple,S/D,Colisión,Ninguna,Faltante,Cordón divisorio,Sin restricción
2021,7839,2021-10-19,Martes,07:45:00,Ruta Nacional 11,0.0,2,"Moto/Ciclomotor,Pickup/Utilitario",Av. L de la Torre-Ruta Nac 11 Y Av. Perón,2,1,0,0,1,0,0,"-31.968280971050266,-60.92592313885",Ruta,11,CORONDA,Constitución,Asfalto,No existe,XV,Dentro,Urbana,Otra Señal,No existe,Intersección,S/D,S/D,Diurna,S/D,Múltiple,S/D,Colisión,S/D,Faltante,Cordón divisorio,Sin restricción
2021,7840,2021-10-20,Miercoles,17:00:00,,0.0,2,"Pickup/Utilitario,Bicicleta",10 de Febrero Y Venezuela,2,1,0,0,1,0,0,"-32.821546214145,-60.712277343803",Calle,,CAPITÁN BERMÚDEZ,Constitución,Asfalto,No existe,XVII,Dentro,Urbana,Otra Señal,No existe,Intersección,Bueno,S/D,S/D,S/D,Múltiple,Ciclista,Colisión,S/D,Faltante,Cordón divisorio,Sin restricción
2021,7841,2021-11-25,Jueves,13:30:00,,0.0,2,"Automóvil,Automóvil",Ayacucho Y Av. Arijon,2,1,0,0,1,0,0,"-33.00265, -60.63601",Avenida,,ROSARIO,Constitución,Asfalto,No existe,II,Dentro,Urbana,Otra Señal,No existe,Intersección,Bueno,Buena,Diurna,Buen Tiempo,Múltiple,S/D,Colisión,Ninguna,Faltante,Cordón divisorio,Sin restricción
2021,7842,2021-10-21,Jueves,,Ruta Nacional 11,0.0,1,Moto/Ciclomotor,Ruta Nacional 11 Y San Martin,1,1,0,0,0,0,0,"-29.87322092056271,-60.284943580627",Ruta,11,CALCHAQUÍ,Constitución,Asfalto,Ripio,XIX,Dentro,Urbana,Otra Señal,No existe,Intersección,Bueno,S/D,S/D,S/D,Múltiple,S/D,Colisión,S/D,Horizontal,Cordón divisorio,Sin restricción
2021,7843,2021-10-19,Martes,17:50:00,Ruta Nacional 11,440.0,1,Moto/Ciclomotor, ,2,2,0,0,0,0,0,"-31.816674470901493,-60.88031619787",Ruta,11,CORONDA,Constitución,Asfalto,Pavimento,XV,Dentro,Rural,Otra Señal,No existe,Intersección,Deteriorada,Reducida,Diurna,Buen Tiempo,Múltiple,S/D,Colisión,S/D,Horizontal,Cordón divisorio,Sin restricción
2021,7844,2021-11-28,Domingo,02:25:00,,0.0,2,"Taxi/Remis,Automóvil",Ayacucho Y Av. Battle y Ordoñez,2,2,0,0,0,0,0,"-33.00858, -60.63579",Calle,,ROSARIO,Constitución,Asfalto,No existe,II,S/D,Urbana,Otra Señal,Funciona,Intersección,Bueno,Buena,"Nocturna,Con luz artificial",Buen Tiempo,Múltiple,S/D,Colisión,Ninguna,Faltante,Cordón divisorio,Sin restricción
2021,7846,2021-10-27,Miercoles,22:30:00,,0.0,2,"Moto/Ciclomotor,Moto/Ciclomotor",Maritano 1300,2,1,0,0,1,0,0,"-32.371300376648,-61.356533613642",Calle,,SAN GENARO,Constitución,Asfalto,No existe,XV,Dentro,Urbana,Otra Señal,No existe,Intersección,Bueno,Buena,"Nocturna,Con luz artificial",Buen Tiempo,Múltiple,S/D,Colisión,Ninguna,Faltante,Cordón divisorio,Sin restricción
2021,7847,2021-11-09,Martes,21:30:00,,0.0,2,"Moto/Ciclomotor,Automóvil",Saavedra Y Martin Zapata,2,1,0,0,0,0,1,"-31.61814, -60.7078",Calle,,SANTA FE,Constitución,Asfalto,No existe,I,Dentro,Urbana,Otra Señal,Funciona,Intersección,Bueno,Buena,Con luz artificial,Buen Tiempo,Múltiple,S/D,Colisión,Ninguna,Vertical,Cordón divisorio,Sin restricción
2021,7848,2021-11-09,Martes,15:30:00,,0.0,2,"Moto/Ciclomotor,Automóvil",Pedro Centeno Y Pje Quiroga,2,1,0,0,1,0,0,"-31.62743, -60.70048",Calle,,SANTA FE,Constitución,Asfalto,No existe,I,Dentro,Urbana,Otra Señal,Funciona,Intersección,Bueno,Buena,Diurna,Buen Tiempo,Múltiple,S/D,Colisión,Ninguna,Vertical,Cordón divisorio,Sin restricción
2021,7849,2021-11-27,Sabado,14:10:00,,0.0,2,"Automóvil,Bicicleta",Av. Battle y Ordoñez Y Pje. J.Blanco,2,1,0,0,1,0,0,"-33.00896, -60.64931",Avenida,,ROSARIO,Constitución,Asfalto,No existe,II,Dentro,Urbana,Otra Señal,No existe,Intersección,Bueno,Buena,Diurna,Buen Tiempo,Múltiple,Ciclista,Colisión,Ninguna,Faltante,Cordón divisorio,Sin restricción
2021,7850,2021-10-22,Viernes,12:05:00,Ruta Secundaria 19-s,0.0,2,"Moto/Ciclomotor,Camión",Boulevard Argentino Y Hipólito Yrigoyen,2,1,0,0,1,0,0,"-33.05301583723,-61.184207719391",Ruta,19-s,CASILDA,Constitución,Asfalto,No existe,IV,Dentro,Urbana,Otra Señal,No existe,Intersección,Bueno,S/D,Diurna,S/D,Múltiple,S/D,Colisión,S/D,Faltante,Cordón divisorio,Sin restricción
2021,7852,2021-10-19,Martes,10:45:00,,0.0,2,"Automóvil,Moto/Ciclomotor",Bv 25 de mayo Y Bv Pte. Perón,2,1,0,0,1,0,0,"-31.892615854740143,-61.85253113508",Avenida,,SAN JORGE,Constitución,Hormigón,No existe,XVIII,Dentro,Urbana,Otra Señal,No existe,Intersección,S/D,S/D,Diurna,S/D,Múltiple,S/D,Colisión,S/D,S/D,Cordón divisorio,Sin restricción
2021,7853,2021-10-27,Miercoles,,,0.0,2,"Moto/Ciclomotor,Bicicleta",Boulevard Pescio Y 1 de Mayo,3,3,0,0,0,0,0,"-33.037841320037806,-61.17251873016",Calle,,CASILDA,Constitución,Asfalto,No existe,IV,Dentro,Urbana,Otra Señal,No existe,Intersección,Bueno,S/D,S/D,S/D,Múltiple,Ciclista,Colisión,Ninguna,Faltante,Cordón divisorio,Sin restricción
2021,7854,2021-10-20,Miercoles,,Ruta Secundaria 82-s,37.0,1,Automóvil, ,1,1,0,0,0,0,0,"-31.23941, -60.52987",Ruta,82-s,CAMPO ANDINO,Constitución,S/D,No existe,I,Dentro,Rural,Otra Señal,S/D,Intersección,S/D,S/D,S/D,S/D,Múltiple,S/D,Colisión,S/D,S/D,Cordón divisorio,Sin restricción
2021,7855,2021-10-27,Miercoles,,,0.0,2,"Moto/Ciclomotor,Pickup/Utilitario",Buenos Aires 2600,2,1,0,0,1,0,0,"-33.047138388441,-61.171218434848",Calle,,CASILDA,Constitución,Asfalto,No existe,IV,Dentro,Urbana,Otra Señal,No existe,Intersección,Bueno,S/D,S/D,S/D,Múltiple,S/D,Colisión,Ninguna,Faltante,Cordón divisorio,Sin restricción
2021,7856,2021-10-20,Miercoles,,,0.0,2,"Automóvil,Moto/Ciclomotor",Magallanes Y Uruguay,2,2,0,0,0,0,0,"-32.968392618287,-60.703420766548",Calle,,ROSARIO,Constitución,Asfalto,No existe,II,Dentro,Urbana,Otra Señal,No existe,Intersección,S/D,S/D,S/D,S/D,Múltiple,S/D,Colisión,S/D,Faltante,Cordón divisorio,Sin restricción
2021,7857,2021-10-22,Viernes,08:30:00,Autopista Provincial Brigadier E.LÓPEZ,72.0,2,"Automóvil,Camión c / Acoplado", ,3,2,0,0,1,0,0,"-32.28976521649147, -60.97982229100",Autopista,Brigadier E.LÓPEZ,BARRANCAS,Constitución,Asfalto,Natural,XV,Dentro,Urbana,Otra Señal,No existe,Intersección,S/D,S/D,Diurna,S/D,Múltiple,S/D,Colisión,S/D,Horizontal,Cordón divisorio,Sin restricción
2021,7859,2021-10-17,Domingo,,Ruta Provincial 6,60.0,1,Automóvil, ,2,2,0,0,0,0,0,"-31.49883, -60.92392",Ruta,6,ESPERANZA,Constitución,Asfalto,Natural,XI,Dentro,Rural,Otra Señal,No existe,Intersección,S/D,S/D,S/D,S/D,Múltiple,S/D,Colisión,S/D,Horizontal,Cordón divisorio,Sin restricción
2021,7860,2021-11-29,Lunes,11:30:00,,0.0,2,"Automóvil,Moto/Ciclomotor",Salva Y Av. Battle y Ordoñez,2,1,0,0,1,0,0,"-33.00868, -60.63994",Calle,,ROSARIO,Constitución,Asfalto,No existe,II,Dentro,Urbana,Otra Señal,No existe,Intersección,Bueno,Buena,Diurna,Buen Tiempo,Múltiple,S/D,Colisión,Ninguna,Faltante,Cordón divisorio,Sin restricción
2021,7861,2021-10-23,Sabado,04:10:00,Ruta Nacional 11,0.0,1,Taxi/Remis,Av. San Martin 1535,1,1,0,0,0,0,0,"-32.74641715451,-60.734117402501",Ruta,11,SAN LORENZO,Constitución,Asfalto,No existe,XVII,Dentro,Urbana,Otra Señal,No existe,Intersección,Bueno,S/D,Nocturna,S/D,Múltiple,S/D,Colisión,S/D,Horizontal,Cordón divisorio,Sin restricción
2021,7862,2021-11-29,Lunes,12:00:00,,0.0,1,Transporte de Pasajeros Urbano (> 8 asientos),Av. Ntra.Sra.del Rosario Y El Mangrullo,2,1,0,0,1,0,0,"-32.99993, -60.65093",Avenida,,ROSARIO,Constitución,Asfalto,No existe,II,Dentro,Urbana,Otra Señal,No existe,Intersección,Bueno,Buena,Diurna,Buen Tiempo,Múltiple,S/D,Colisión,Ninguna,Faltante,Cordón divisorio,Sin restricción
2021,7863,2021-10-26,Martes,,,0.0,1,Bicicleta, ,1,1,0,0,0,0,0,"-31.448825188884307,-60.93028956909",S/D,,ESPERANZA,Constitución,S/D,S/D,XI,S/D,S/D,Otra Señal,S/D,Intersección,S/D,S/D,S/D,S/D,Múltiple,S/D,Colisión,S/D,S/D,Cordón divisorio,Sin restricción
2021,7864,2021-10-27,Miercoles,,,0.0,2,"Pickup/Utilitario,Automóvil",Boulevard Pescio Y Presidente Domingo Faustino Sa,3,3,0,0,0,0,0,"-33.037294894798,-61.171494915045",Calle,,CASILDA,Constitución,Asfalto,No existe,IV,Dentro,Urbana,Otra Señal,No existe,Intersección,Bueno,S/D,S/D,Buen Tiempo,Múltiple,S/D,Colisión,Ninguna,Faltante,Cordón divisorio,Sin restricción
2021,7865,2021-10-26,Martes,21:15:00,,0.0,1,Moto/Ciclomotor,Av. Belgrano Y Porvenir,1,1,0,0,0,0,0,"-32.803233121888,-60.729518026673",Calle,,CAPITÁN BERMÚDEZ,Constitución,Tierra,S/D,XVII,Dentro,Urbana,Otra Señal,S/D,Intersección,S/D,S/D,"Nocturna,Con luz artificial",S/D,Múltiple,S/D,Colisión,S/D,S/D,Cordón divisorio,Sin restricción
2021,7866,2021-11-09,Martes,12:20:00,,0.0,2,"Moto/Ciclomotor,Automóvil",Av. Pte. Perón Y Pedro Centeno,2,1,0,0,1,0,0,"-31.62391, -60.71866",Avenida,,SANTA FE,Constitución,Asfalto,No existe,I,S/D,Urbana,Otra Señal,Funciona,Intersección,Bueno,S/D,Diurna,Buen Tiempo,Múltiple,S/D,Colisión,Ninguna,Vertical,Cordón divisorio,Sin restricción
2021,7867,2021-11-02,Martes,,,0.0,2,"Bicicleta,Pickup/Utilitario",Pedro Centeno Y Perú,2,0,0,0,0,0,2,"-31.62392, -60.71831",Calle,,SANTA FE,Constitución,Asfalto,No existe,I,Dentro,Urbana,Otra Señal,Funciona,Intersección,Bueno,Buena,Diurna,Buen Tiempo,Múltiple,Ciclista,Colisión,Ninguna,Vertical,Cordón divisorio,Sin restricción
2021,7868,2021-10-23,Sabado,,Ruta Secundaria 87-s,0.0,2,"Automóvil,Moto/Ciclomotor", ,2,1,0,0,1,0,0,"-29.695014953613285,-60.23632049560",Ruta,87-s,MARGARITA,Constitución,Tierra,Natural,XIX,Dentro,Rural,Otra Señal,No existe,Intersección,S/D,S/D,S/D,S/D,Múltiple,S/D,Colisión,S/D,S/D,Cordón divisorio,Sin restricción
2021,7869,2021-11-02,Martes,15:50:00,,0.0,2,"Moto/Ciclomotor,Automóvil",Av. Peñaloza Y Martin Zapata,2,1,0,0,1,0,0,"-31.61699, -60.71312",Avenida,,SANTA FE,Constitución,Asfalto,No existe,I,S/D,Urbana,Otra Señal,Funciona,Intersección,Bueno,Buena,Diurna,Buen Tiempo,Múltiple,S/D,Colisión,Ninguna,Vertical,Cordón divisorio,Sin restricción
2021,7870,2021-10-24,Domingo,,,0.0,2,"Moto/Ciclomotor,Taxi/Remis",Mendoza Y Presidente Bernardino Rivadavia,5,1,0,0,4,0,0,"-33.04525792541,-61.156308088969",Calle,,CASILDA,Constitución,Asfalto,No existe,IV,Dentro,Urbana,Otra Señal,No existe,Intersección,S/D,S/D,S/D,S/D,Múltiple,S/D,Colisión,S/D,Faltante,Cordón divisorio,Sin restricción
2021,7871,2021-11-02,Martes,12:50:00,,0.0,2,"Bicicleta,Pickup/Utilitario",Av. López y Planes Y Artigas,2,1,0,0,1,0,0,"-31.62138, -60.71351",Avenida,,SANTA FE,Constitución,Asfalto,No existe,I,S/D,Urbana,Otra Señal,Funciona,Intersección,Bueno,Buena,Diurna,Buen Tiempo,Múltiple,Ciclista,Colisión,Ninguna,Vertical,Cordón divisorio,Sin restricción
2021,7872,2021-10-23,Sabado,00:25:00,Autopista Provincial Brigadier E.LÓPEZ,87.0,1,Camión c / Acoplado, ,1,1,0,0,0,0,0,"-32.15741107782693, -60.99590015190",Autopista,Brigadier E.LÓPEZ,SAN FABIÁN,Constitución,Asfalto,Pavimento,XV,Dentro,Rural,Otra Señal,No existe,Intersección,Resbaladiza,S/D,Nocturna,Lluvia,Múltiple,S/D,Colisión,Agua,Horizontal,Cordón divisorio,Sin restricción
2021,7873,2021-10-24,Domingo,,,0.0,2,"Pickup/Utilitario,Moto/Ciclomotor", ,2,1,0,0,1,0,0,"-31.448825188884307,-60.93028956909",S/D,,ESPERANZA,Constitución,S/D,S/D,XI,S/D,S/D,Otra Señal,S/D,Intersección,S/D,S/D,S/D,S/D,Múltiple,S/D,Colisión,S/D,S/D,Cordón divisorio,Sin restricción
2021,7874,2021-11-04,Jueves,12:45:00,,0.0,2,"Peatón,Automóvil",Monseñor Zaspe 3400,2,1,0,0,1,0,0,"-31.6542, -60.71983",Calle,,SANTA FE,Constitución,Asfalto,No existe,I,Dentro,Urbana,Otra Señal,No existe,Intersección,Bueno,Buena,Diurna,Buen Tiempo,Múltiple,Peatón,Colisión,Ninguna,Faltante,Cordón divisorio,Sin restricción
2021,7875,2021-10-24,Domingo,,,0.0,2,"Automóvil,Moto/Ciclomotor", ,2,1,0,0,1,0,0,"-31.448825188884307,-60.93028956909",S/D,,ESPERANZA,Constitución,S/D,S/D,XI,S/D,S/D,Otra Señal,S/D,Intersección,S/D,S/D,S/D,S/D,Múltiple,S/D,Colisión,S/D,S/D,Cordón divisorio,Sin restricción
2021,7876,2021-10-26,Martes,22:00:00,Autopista Nacional Rosario -Cordoba,0.0,2,"Automóvil,Automóvil", ,3,1,0,0,2,0,0,"-32.927734, -60.890698",Autopista,Rosario -Cordoba,ROLDÁN,Constitución,S/D,Natural,XVII,Dentro,Rural,Otra Señal,No existe,Intersección,S/D,Buena,Nocturna,S/D,Múltiple,S/D,Colisión,S/D,Horizontal,Cordón divisorio,Sin restricción
2021,7877,2021-10-25,Lunes,,,0.0,2,"Moto/Ciclomotor,Pickup/Utilitario", ,2,1,0,0,1,0,0,"-31.552681592713814,-61.07791426788",S/D,,SAN JERÓNIMO NORTE,Constitución,S/D,S/D,XI,S/D,S/D,Otra Señal,S/D,Intersección,S/D,S/D,S/D,S/D,Múltiple,S/D,Colisión,S/D,S/D,Cordón divisorio,Sin restricción
2021,7878,2021-10-24,Domingo,,Ruta Nacional 11,0.0,1,Automóvil,Tierra del Fuego Y Ruta Nacional 11,2,1,0,0,1,0,0,"-31.518496079677,-60.724889875576",Ruta,11,RECREO,Constitución,Asfalto,Ripio,I,Dentro,Urbana,Otra Señal,No existe,Intersección,S/D,S/D,S/D,S/D,Múltiple,S/D,Colisión,S/D,Horizontal,Cordón divisorio,Sin restricción
2021,7880,2021-10-24,Domingo,,,0.0,1,Bicicleta,Av. Freyre Y Bv Pellegrini,1,1,0,0,0,0,0,"-31.63313171387646, -60.71472152051",Avenida,,SANTA FE,Constitución,Asfalto,No existe,I,Dentro,Urbana,Otra Señal,No existe,Intersección,S/D,S/D,S/D,S/D,Múltiple,S/D,Colisión,S/D,"Horizontal,Vertical",Cordón divisorio,Sin restricción
2021,7881,2021-10-26,Martes,,,0.0,2,"Automóvil,Bicicleta",Centeno Y San Martin,2,1,0,0,1,0,0,"-32.985230526852,-60.645444124101",Avenida,,ROSARIO,Constitución,Asfalto,No existe,II,Dentro,Urbana,Otra Señal,No existe,Intersección,Bueno,S/D,S/D,S/D,Múltiple,Ciclista,Colisión,Ninguna,"Horizontal,Vertical",Cordón divisorio,Sin restricción
2021,7882,2021-11-27,Sabado,17:15:00,,0.0,2,"Bicicleta,Automóvil",Gaboto Y L.N.Alem,2,1,0,0,0,0,1,"-32.96922, -60.66788",Calle,,ROSARIO,Constitución,Asfalto,S/D,II,Dentro,Urbana,Otra Señal,S/D,Intersección,S/D,Buena,Diurna,Buen Tiempo,Múltiple,Ciclista,Colisión,S/D,S/D,Cordón divisorio,Sin restricción
2021,7883,2021-10-24,Domingo,16:15:00,,0.0,2,"Moto/Ciclomotor,Moto/Ciclomotor",Amanda de Clotet Y Manuel Leiva,2,1,0,0,1,0,0,"-31.974656059152,-60.929746156413",Calle,,CORONDA,Constitución,S/D,S/D,XV,Dentro,Urbana,Otra Señal,S/D,Intersección,S/D,S/D,Diurna,S/D,Múltiple,S/D,Colisión,S/D,S/D,Cordón divisorio,Sin restricción
2021,7884,2021-11-01,Lunes,08:30:00,,0.0,2,"Pickup/Utilitario,Bicicleta",Dr. Zavalla 1300,2,0,0,0,1,0,1,"-31.65775, -60.72358",Calle,,SANTA FE,Constitución,Asfalto,Pavimento,I,Dentro,Urbana,Otra Señal,No existe,Intersección,Bueno,Buena,S/D,Buen Tiempo,Múltiple,Ciclista,Colisión,Ninguna,Horizontal,Cordón divisorio,Sin restricción
2021,7885,2021-11-21,Domingo,23:00:00,,0.0,2,"Bicicleta,Automóvil",Italia Y Av. Arijon,2,1,0,0,1,0,0,"-33.00337, -60.65912",Calle,,ROSARIO,Constitución,Asfalto,No existe,II,Dentro,Urbana,Otra Señal,Funciona,Intersección,Otro,Buena,Nocturna,Buen Tiempo,Múltiple,Ciclista,Colisión,Ninguna,Faltante,Cordón divisorio,Sin restricción
2021,7886,2021-10-25,Lunes,06:50:00,Autopista Provincial Brigadier E.LÓPEZ,6.0,1,Automóvil, ,2,2,0,0,0,0,0,"-32.83718342279432, -60.74019296833",Autopista,Brigadier E.LÓPEZ,CAPITÁN BERMÚDEZ,Constitución,Asfalto,Pavimento,XVII,Dentro,Rural,Otra Señal,No existe,Intersección,S/D,S/D,Diurna,S/D,Múltiple,S/D,Colisión,S/D,Horizontal,Cordón divisorio,Sin restricción
2021,7887,2021-10-25,Lunes,18:40:00,,0.0,1,Bicicleta,25 de Mayo 2400,1,1,0,0,0,0,0,"-29.458894602872,-60.220425546631",Calle,,VERA,Constitución,S/D,S/D,XIX,Dentro,Urbana,Otra Señal,S/D,Intersección,S/D,S/D,S/D,S/D,Múltiple,S/D,Colisión,S/D,S/D,Cordón divisorio,Sin restricción
2021,7888,2021-10-25,Lunes,08:45:00,,0.0,2,"Automóvil,Automóvil",Av. Belgrano 658,3,1,0,0,2,0,0,"-32.815009618128,-60.725600899257",Calle,,CAPITÁN BERMÚDEZ,Constitución,Tierra,No existe,XVII,Dentro,Urbana,Otra Señal,S/D,Intersección,S/D,S/D,Diurna,S/D,Múltiple,S/D,Colisión,S/D,Faltante,Cordón divisorio,Sin restricción
2021,7889,2021-11-01,Lunes,11:10:00,,0.0,2,"Automóvil,Moto/Ciclomotor",Saavedra Y Uruguay,3,2,0,0,1,0,0,"-31.65961, -60.71998",Calle,,SANTA FE,Constitución,Asfalto,No existe,I,Dentro,Urbana,Otra Señal,No existe,Intersección,Bueno,Buena,Diurna,Buen Tiempo,Múltiple,S/D,Colisión,Ninguna,Horizontal,Cordón divisorio,Sin restricción
2021,7891,2021-10-25,Lunes,13:00:00,Ruta Nacional 11,0.0,2,"Pickup/Utilitario,Moto/Ciclomotor",Bv Domingo F Sarmiento Y 3 de Febrero,2,1,0,0,1,0,0,"-32.453737, -60.891096",Ruta,11,MACIEL,Constitución,S/D,S/D,XV,Dentro,Urbana,Otra Señal,No existe,Intersección,S/D,S/D,Diurna,S/D,Múltiple,S/D,Colisión,S/D,Faltante,Cordón divisorio,Sin restricción
2021,7893,2021-10-07,Jueves,17:35:00,Autopista Provincial Brigadier E.LÓPEZ,4.0,1,Automóvil, ,2,1,0,0,1,0,0,"-32.85519, -60.73581",Autopista,Brigadier E.LÓPEZ,GRANADERO BAIGORRIA,Constitución,Asfalto,Pavimento,II,Dentro,Rural,Otra Señal,No existe,Intersección,S/D,S/D,Diurna,S/D,Múltiple,S/D,Colisión,S/D,Horizontal,Cordón divisorio,Sin restricción
2021,7894,2021-10-10,Domingo,04:40:00,,0.0,2,"Moto/Ciclomotor,Moto/Ciclomotor", ,2,2,0,0,0,0,0,"-33.6982, -62.05198",Camino Rural,,VENADO TUERTO,Constitución,Ripio,No existe,VIII,Dentro,Rural,Otra Señal,S/D,Intersección,S/D,S/D,Nocturna,S/D,Múltiple,S/D,Colisión,S/D,S/D,Cordón divisorio,Sin restricción
2021,7895,2021-11-18,Jueves,15:50:00,,0.0,2,"Automóvil,Moto/Ciclomotor",Constitución Y La Paz,2,1,0,0,1,0,0,"-32.95784, -60.67815",Calle,,ROSARIO,Constitución,Asfalto,No existe,II,Dentro,Urbana,Otra Señal,No existe,Intersección,Bueno,Buena,Diurna,Buen Tiempo,Múltiple,S/D,Colisión,Ninguna,Faltante,Cordón divisorio,Sin restricción
2021,7896,2021-10-31,Domingo,07:10:00,Ruta Provincial 1,2.0,1,Automóvil, ,2,1,0,0,1,0,0,"-31.628973, -60.609395",Ruta,1,COLASTINE,Constitución,Asfalto,Pavimento,I,Dentro,Urbana,Otra Señal,No existe,Intersección,Bueno,Buena,Diurna,Buen Tiempo,Múltiple,S/D,Colisión,Ninguna,Horizontal,Cordón divisorio,Sin restricción
2021,7897,2021-10-13,Miercoles,13:15:00,Ruta Nacional 33,0.0,2,"Tractor,Camión Chasis",Ruta Nac 33 Y Santa Fe,2,1,0,0,1,0,0,"-33.713825, -61.980813",Ruta,33,VENADO TUERTO,Constitución,"Asfalto,Ripio",Ripio,VIII,Dentro,Urbana,Otra Señal,No existe,Intersección,S/D,S/D,Diurna,S/D,Múltiple,S/D,Colisión,S/D,Horizontal,Cordón divisorio,Sin restricción
2021,7898,2021-11-20,Sabado,,,0.0,2,"Peatón,Pickup/Utilitario",Bv. 27 De Febrero 4115,2,1,0,0,1,0,0,"-32.96216, -60.6742",Calle,,ROSARIO,Constitución,Asfalto,No existe,II,Dentro,Urbana,Otra Señal,No existe,Intersección,Bueno,Buena,Diurna,Buen Tiempo,Múltiple,Peatón,Colisión,Ninguna,Horizontal,Cordón divisorio,Sin restricción