anio_acci,nro_acci,fecha,desc_dia,hora_aprox,desc_ruta,km,cant_participantes,desc_participante,calle_avenida_km,total,heridos_leves,heridos_graves,heridos_gravisimos,ilesos,fallecidos,sin_datos,posicion_XY,desc_tipo_via,desc_ruta_ori,desc_loc,desc_dpto,desc_tipo_calzada,desc_tipo_banquina,desc_unidad_regional,desc_lugar_calzada,desc_zona,desc_prioridad,desc_estado_semaforo,desc_lugar_via,desc_estado_via,desc_estado_visibilidad,desc_luminosidad,desc_estado_clima,desc_tipo_colision,desc_tipo_atropello,desc_tipo_hecho,desc_pres_calzada,desc_senializacion,desc_separacion_via,desc_restriccion
2021,8119,2021-11-04,Jueves,08:30:00,,0.0,2,"Bicicleta,Automóvil",J J Paso Y 4 de Enero,2,1,0,0,1,0,0,"-31.66246, -60.71689",Calle,,SANTA FE,Constitución,Asfalto,Pavimento,I,Dentro,Urbana,Otra Señal,No existe,Intersección,Bueno,Buena,Diurna,Buen Tiempo,Múltiple,Ciclista,Colisión,Ninguna,Faltante,Cordón divisorio,Sin restricción
2021,8120,2021-11-17,Miercoles,10:50:00,Ruta Nacional 33,0.0,2,"Automóvil,Pickup/Utilitario", ,3,1,0,0,2,0,0,"-32.99919, -60.77324",Ruta,33,PEREZ,Constitución,Asfalto,Pavimento,II,Dentro,Rural,Otra Señal,No existe,Intersección,Bueno,Buena,Diurna,Buen Tiempo,Múltiple,S/D,Colisión,Ninguna,Vertical,Cordón divisorio,Sin restricción
2021,8121,2021-12-02,Jueves,18:30:00,Ruta Nacional 11,463.0,2,"Automóvil,Moto/Ciclomotor", ,3,2,0,0,1,0,0,"-31.667023963495886, -60.7487839858",Ruta,11,SANTA FE,Constitución,Asfalto,No existe,I,Dentro,Urbana,Otra Señal,No existe,Intersección,Con baches,Buena,Diurna,S/D,Múltiple,S/D,Colisión,Ninguna,Horizontal,Cordón divisorio,Sin restricción
2021,8122,2021-12-02,Jueves,08:00:00,,0.0,2,"Automóvil,Moto/Ciclomotor",Av. Mosconi Y Juan de Garay,2,1,0,0,1,0,0,"-31.648507915315,-60.730145563335",Avenida,,SANTA FE,Constitución,Asfalto,No existe,I,Dentro,Urbana,Otra Señal,No existe,Intersección,Con baches,Buena,Diurna,Buen Tiempo,Múltiple,S/D,Colisión,Ninguna,Faltante,Cordón divisorio,Sin restricción
2021,8123,2021-11-18,Jueves,16:00:00,,0.0,2,"Automóvil,Moto/Ciclomotor",E.Zeballos 2500,2,1,0,0,1,0,0,"-32.95157, -60.65965",Calle,,ROSARIO,Constitución,Asfalto,No existe,II,Dentro,Urbana,Otra Señal,No existe,Intersección,Bueno,Buena,Diurna,Buen Tiempo,Múltiple,S/D,Colisión,Ninguna,Faltante,Cordón divisorio,Sin restricción
2021,8124,2021-11-04,Jueves,17:00:00,,0.0,2,"Bicicleta,Automóvil",Junín Y 25 de Mayo,2,1,0,0,1,0,0,"-31.63908, -60.70358",Calle,,SANTA FE,Constitución,Asfalto,Pavimento,I,Dentro,Urbana,Otra Señal,Funciona,Intersección,Bueno,Buena,Diurna,Buen Tiempo,Múltiple,Ciclista,Colisión,Ninguna,Faltante,Cordón divisorio,Sin restricción
2021,8125,2021-11-06,Sabado,13:50:00,,0.0,2,"Moto/Ciclomotor,Pickup/Utilitario",Obispo Gelabert Y 4 de Enero,2,1,0,0,1,0,0,"-31.63568, -60.7089",Calle,,SANTA FE,Constitución,Asfalto,Pavimento,I,Dentro,Urbana,Otra Señal,No existe,Intersección,Bueno,Buena,Diurna,Buen Tiempo,Múltiple,S/D,Colisión,Ninguna,Faltante,Cordón divisorio,Sin restricción
2021,8126,2021-11-06,Sabado,16:00:00,,0.0,2,"Automóvil,Automóvil",Av. Leandro Alem Y Belgrano,3,1,0,0,2,0,0,"-31.64664, -60.70138",Calle,,SANTA FE,Constitución,Asfalto,Pavimento,I,Dentro,Urbana,Otra Señal,Funciona,Intersección,Bueno,Buena,Diurna,Buen Tiempo,Múltiple,S/D,Colisión,Ninguna,Faltante,Cordón divisorio,Sin restricción
2021,8127,2021-11-26,Viernes,01:15:00,,0.0,2,"Automóvil,Automóvil",Francia F Y Córdoba,3,3,0,0,0,0,0,"-32.94152, -60.6656",Calle,,ROSARIO,Constitución,Asfalto,No existe,II,Dentro,Urbana,Otra Señal,Funciona,Intersección,Bueno,Buena,"Nocturna,Con luz artificial",Buen Tiempo,Múltiple,S/D,Colisión,Ninguna,Faltante,Cordón divisorio,Sin restricción
2021,8128,2021-11-10,Miercoles,15:20:00,,0.0,2,"Moto/Ciclomotor,Automóvil",San Jerónimo Y Obispo Gelabert,3,1,0,0,2,0,0,"-31.63651, -60.70497",Calle,,SANTA FE,Constitución,Asfalto,Pavimento,I,Dentro,Urbana,Otra Señal,No existe,Intersección,Bueno,Buena,Diurna,Buen Tiempo,Múltiple,S/D,Colisión,Ninguna,Faltante,Cordón divisorio,Sin restricción
2021,8129,2021-11-14,Domingo,01:20:00,,0.0,2,"Moto/Ciclomotor,Automóvil",Obispo Gelabert Y San Jerónimo,2,1,0,0,1,0,0,"-31.63654, -60.70503",Calle,,SANTA FE,Constitución,Asfalto,Pavimento,I,Dentro,Urbana,Otra Señal,No existe,Intersección,Bueno,Buena,"Nocturna,Con luz artificial",Buen Tiempo,Múltiple,S/D,Colisión,Ninguna,Faltante,Cordón divisorio,Sin restricción
2021,8130,2021-12-01,Miercoles,13:45:00,,0.0,2,"Moto/Ciclomotor,Moto/Ciclomotor",Av. Mosconi Y Moreno,2,2,0,0,0,0,0,"-31.651142458168,-60.729939491424",Avenida,,SANTA FE,Constitución,Asfalto,No existe,I,Dentro,Urbana,Otra Señal,No existe,Intersección,Con baches,Buena,Diurna,Buen Tiempo,Múltiple,S/D,Colisión,Ninguna,Faltante,Cordón divisorio,Sin restricción
2021,8131,2021-11-22,Lunes,16:00:00,,0.0,2,"Automóvil,Moto/Ciclomotor",Catamarca Y Santiago,2,1,0,0,1,0,0,"-32.93743, -60.65454",Calle,,ROSARIO,Constitución,Asfalto,S/D,II,Dentro,Urbana,Otra Señal,No existe,Intersección,Bueno,Buena,Diurna,Buen Tiempo,Múltiple,S/D,Colisión,Ninguna,Faltante,Cordón divisorio,Sin restricción
2021,8132,2021-11-23,Martes,17:50:00,,0.0,2,"Pickup/Utilitario,Moto/Ciclomotor",San Juan Y Mariano Moreno,2,1,0,0,1,0,0,"-32.94798, -60.65153",Calle,,ROSARIO,Constitución,Asfalto,No existe,II,Dentro,Urbana,Otra Señal,No existe,Intersección,Bueno,Buena,Diurna,Buen Tiempo,Múltiple,S/D,Colisión,Ninguna,Faltante,Cordón divisorio,Sin restricción
2021,8133,2021-12-04,Sabado,21:30:00,,0.0,2,"Moto/Ciclomotor,Automóvil",4 de Enero Y Estanislao Zeballos,2,1,0,0,1,0,0,"-31.604334356086,-60.699784842291",Calle,,SANTA FE,Constitución,Asfalto,No existe,I,Dentro,Urbana,Otra Señal,No existe,Intersección,Bueno,S/D,Nocturna,S/D,Múltiple,S/D,Colisión,Ninguna,Faltante,Cordón divisorio,Sin restricción
2021,8134,2021-12-07,Martes,10:30:00,,0.0,2,"Moto/Ciclomotor,Pickup/Utilitario",Av. Facundo Zuviria Y Risso,2,1,0,0,1,0,0,"-31.599149823538,-60.701231766518",Calle,,SANTA FE,Constitución,Asfalto,No existe,I,Dentro,Urbana,Otra Señal,No existe,Intersección,Bueno,Buena,Diurna,Buen Tiempo,Múltiple,S/D,Colisión,Ninguna,Horizontal,Cordón divisorio,Sin restricción
2021,8135,2021-12-09,Jueves,19:50:00,,0.0,2,"Automóvil,Moto/Ciclomotor",1ro de Mayo Y J Castelli,2,1,0,0,1,0,0,"-31.60556337227,-60.698503183203",Calle,,SANTA FE,Constitución,Asfalto,No existe,I,Dentro,Urbana,Otra Señal,No existe,Intersección,Bueno,S/D,Atardecer,Buen Tiempo,Múltiple,S/D,Colisión,Ninguna,Faltante,Cordón divisorio,Sin restricción
2021,8136,2021-12-11,Sabado,11:15:00,,0.0,2,"Moto/Ciclomotor,Automóvil",Av. A del Valle Y Domingo Silva,2,1,0,0,1,0,0,"-31.631080019184,-60.701160262817",Avenida,,SANTA FE,Constitución,Asfalto,No existe,I,Dentro,Urbana,Otra Señal,No existe,Intersección,Bueno,Buena,Diurna,Buen Tiempo,Múltiple,S/D,Colisión,Ninguna,Faltante,Cordón divisorio,Sin restricción
2021,8137,2021-12-11,Sabado,12:15:00,,0.0,2,"Moto/Ciclomotor,Automóvil",Av. A del Valle Y Quintana,2,1,0,0,1,0,0,"-31.622797537868,-60.699343317909",Avenida,,SANTA FE,Constitución,Asfalto,No existe,I,Dentro,Urbana,Otra Señal,No existe,Intersección,Bueno,Buena,Diurna,Buen Tiempo,Múltiple,S/D,Colisión,Ninguna,Vertical,Cordón divisorio,Sin restricción
2021,8138,2021-12-16,Jueves,08:30:00,,0.0,2,"Moto/Ciclomotor,Automóvil",9 de Julio Y Agustín Delgado,2,1,0,0,1,0,0,"-31.620377343575,-60.701580611648",Calle,,SANTA FE,Constitución,Asfalto,No existe,I,Dentro,Urbana,Otra Señal,No existe,Intersección,Bueno,Buena,Diurna,Buen Tiempo,Múltiple,S/D,Colisión,Ninguna,Faltante,Cordón divisorio,Sin restricción
2021,8139,2021-11-24,Miercoles,22:50:00,,0.0,2,"Moto/Ciclomotor,Automóvil",Mendoza Y Paraguay,2,1,0,0,1,0,0,"-32.95058, -60.645",Calle,,ROSARIO,Constitución,Asfalto,No existe,II,Dentro,Urbana,Otra Señal,No existe,Intersección,Bueno,Buena,"Nocturna,Con luz artificial",Buen Tiempo,Múltiple,S/D,Colisión,Ninguna,Faltante,Cordón divisorio,Sin restricción
2021,8141,2021-11-14,Domingo,20:40:00,Autopista Nacional A008,0.0,2,"Automóvil,Moto/Ciclomotor",Mendoza Y Av. Circunvalación,3,1,0,0,2,0,0,"-32.94051, -60.7224",Autopista,A008,ROSARIO,Constitución,Asfalto,No existe,II,Dentro,Urbana,Otra Señal,S/D,Intersección,Bueno,Buena,S/D,Buen Tiempo,Múltiple,S/D,Colisión,Ninguna,S/D,Cordón divisorio,Sin restricción
2021,8142,2021-11-08,Lunes,06:50:00,,0.0,2,"Bicicleta,Automóvil",Santa Fe Y Rodo,2,1,0,0,1,0,0,"-32.93606, -60.72556",Calle,,ROSARIO,Constitución,Asfalto,No existe,II,Dentro,Urbana,Otra Señal,S/D,Intersección,Bueno,Buena,Diurna,Buen Tiempo,Múltiple,Ciclista,Colisión,Ninguna,S/D,Cordón divisorio,Sin restricción
2021,8143,2021-11-10,Miercoles,07:55:00,,0.0,2,"Moto/Ciclomotor,Moto/Ciclomotor",Mendoza Y Ricardo Rojas,2,1,0,0,1,0,0,"-32.94062, -60.72546",Avenida,,ROSARIO,Constitución,Asfalto,No existe,II,Dentro,Urbana,Otra Señal,S/D,Intersección,Bueno,Buena,Diurna,Buen Tiempo,Múltiple,S/D,Colisión,Ninguna,S/D,Cordón divisorio,Sin restricción
2021,8144,2021-02-25,Jueves,,,0.0,1,Otros,Sarmiento ,1,0,0,0,0,1,0,"-34.18792, -61.53255",S/D,,TEODELINA,Constitución,S/D,S/D,VIII,S/D,Urbana,Otra Señal,S/D,Intersección,S/D,S/D,S/D,S/D,Múltiple,S/D,Colisión,S/D,S/D,Cordón divisorio,Sin restricción
2021,8145,2021-11-16,Martes,10:30:00,,0.0,2,"Moto/Ciclomotor,Pickup/Utilitario",Av. Ovidio Lagos Y Catamarca,2,1,0,0,1,0,0,"-32.93644, -60.65996",Avenida,,ROSARIO,Constitución,Asfalto,S/D,II,Dentro,Urbana,Otra Señal,S/D,Intersección,Bueno,S/D,Diurna,S/D,Múltiple,S/D,Colisión,S/D,S/D,Cordón divisorio,Sin restricción
2021,8146,2021-11-27,Sabado,09:30:00,,0.0,2,"Moto/Ciclomotor,Automóvil",Alvear Y E.Zeballos,2,1,0,0,1,0,0,"-32.95208, -60.65682",Calle,,ROSARIO,Constitución,Asfalto,No existe,II,Dentro,Urbana,Otra Señal,No existe,Intersección,Bueno,Buena,Diurna,Buen Tiempo,Múltiple,S/D,Colisión,Ninguna,Faltante,Cordón divisorio,Sin restricción
2021,8147,2021-11-24,Miercoles,21:30:00,,0.0,2,"Automóvil,Moto/Ciclomotor", ,2,1,0,0,1,0,0,"-32.94773, -60.65288",Calle,,ROSARIO,Constitución,Asfalto,No existe,II,Dentro,Urbana,Otra Señal,No existe,Intersección,Bueno,Buena,"Nocturna,Con luz artificial",Buen Tiempo,Múltiple,S/D,Colisión,Ninguna,Faltante,Cordón divisorio,Sin restricción
2021,8148,2021-11-04,Jueves,17:45:00,,0.0,1,Moto/Ciclomotor,Bv. Wilde Y Cam De Las Carretas,1,1,0,0,0,0,0,"-32.93416, -60.73875",Avenida,,ROSARIO,Constitución,Asfalto,No existe,II,Dentro,Urbana,Otra Señal,S/D,Intersección,Bueno,Buena,Diurna,Buen Tiempo,Múltiple,S/D,Colisión,Ninguna,S/D,Cordón divisorio,Sin restricción
2021,8149,2021-11-28,Domingo,04:30:00,,0.0,2,"Taxi/Remis,Automóvil",San Juan Y Mariano Moreno,3,1,0,0,2,0,0,"-32.94798, -60.65153",Calle,,ROSARIO,Constitución,Asfalto,No existe,II,Dentro,Urbana,Otra Señal,No existe,Intersección,Resbaladiza,Reducida,"Nocturna,Con luz artificial",Lluvia,Múltiple,S/D,Colisión,Ninguna,Faltante,Cordón divisorio,Sin restricción
2021,8150,2021-11-08,Lunes,,,0.0,2,"Bicicleta,Automóvil",Av. Los Talas Y El Gorrión,3,2,0,0,1,0,0,"-32.97346, -60.74002",Calle,,PEREZ,Constitución,Asfalto,No existe,II,Dentro,Urbana,Otra Señal,No existe,Intersección,Deteriorada,Buena,Diurna,Buen Tiempo,Múltiple,Ciclista,Colisión,Ninguna,Faltante,Cordón divisorio,Sin restricción
2021,8151,2021-11-18,Jueves,15:00:00,,0.0,2,"Bicicleta,Automóvil",Mariano Moreno Y E.Zeballos,2,1,0,0,1,0,0,"-32.95279, -60.65271",Calle,,ROSARIO,Constitución,Asfalto,No existe,II,Dentro,Urbana,Otra Señal,No existe,Intersección,Bueno,Buena,Diurna,Buen Tiempo,Múltiple,Ciclista,Colisión,Ninguna,Faltante,Cordón divisorio,Sin restricción
2021,8152,2021-11-25,Jueves,10:10:00,,0.0,2,"Moto/Ciclomotor,Automóvil",Pasco Y Pte. Roca,2,1,0,0,1,0,0,"-32.95834, -60.64842",Calle,,ROSARIO,Constitución,Asfalto,No existe,II,Dentro,Urbana,Otra Señal,No existe,Intersección,Bueno,Buena,Diurna,Buen Tiempo,Múltiple,S/D,Colisión,Ninguna,Faltante,Cordón divisorio,Sin restricción
2021,8153,2021-11-10,Miercoles,22:15:00,,0.0,2,"Pickup/Utilitario,Moto/Ciclomotor",El Picaflor Y Las Casuarinas,3,1,0,0,2,0,0,"-32.97177, -60.73634",Calle,,PEREZ,Constitución,Asfalto,S/D,II,Dentro,Urbana,Otra Señal,No existe,Intersección,Bueno,S/D,S/D,Buen Tiempo,Múltiple,S/D,Colisión,Ninguna,Faltante,Cordón divisorio,Sin restricción
2021,8154,2021-12-22,Miercoles,10:30:00,,0.0,2,"Moto/Ciclomotor,Automóvil",1ro de Mayo Y Estanislao Zeballos,4,1,0,0,3,0,0,"-31.604663031963,-60.698227756585",Calle,,SANTA FE,Constitución,Asfalto,No existe,I,Dentro,Urbana,Otra Señal,No existe,Intersección,Bueno,Buena,Diurna,Buen Tiempo,Múltiple,S/D,Colisión,Ninguna,Vertical,Cordón divisorio,Sin restricción
2021,8155,2021-12-23,Jueves,,,0.0,2,"Peatón,Automóvil",Av. Urquiza Y Estanislao Zeballos,2,1,0,0,1,0,0,"-31.60405228457,-60.701063025396",Avenida,,SANTA FE,Constitución,Asfalto,No existe,I,Dentro,Urbana,Otra Señal,No existe,Intersección,Bueno,Buena,Diurna,Buen Tiempo,Múltiple,Peatón,Colisión,Ninguna,Faltante,Cordón divisorio,Sin restricción
2021,8156,2021-11-27,Sabado,13:30:00,,0.0,2,"Moto/Ciclomotor,Automóvil",Bv. Oroño Y Av. Dante Alighieri,2,1,0,0,1,0,0,"-32.96155, -60.65766",Avenida,,ROSARIO,Constitución,Asfalto,S/D,II,Dentro,Urbana,Otra Señal,S/D,Intersección,Bueno,S/D,Diurna,S/D,Múltiple,S/D,Colisión,S/D,S/D,Cordón divisorio,Sin restricción
2021,8157,2021-11-09,Martes,08:05:00,Ruta Nacional 33,0.0,2,"Pickup/Utilitario,Automóvil",25 de Mayo ,2,1,0,0,1,0,0,"-33.01903, -60.8754",Ruta,33,ZAVALLA,Constitución,Asfalto,Ripio,II,Dentro,Urbana,Otra Señal,No existe,Intersección,Bueno,Buena,Diurna,Buen Tiempo,Múltiple,S/D,Colisión,Ninguna,Faltante,Cordón divisorio,Sin restricción
2021,8158,2021-11-05,Viernes,02:10:00,,0.0,2,"Taxi/Remis,Pickup/Utilitario",Mariano Moreno Y San Juan,3,1,0,0,1,0,1,"-32.9481, -60.65152",Calle,,ROSARIO,Constitución,Asfalto,No existe,II,Dentro,Urbana,Otra Señal,No existe,Intersección,Resbaladiza,Buena,"Nocturna,Con luz artificial",Lluvia,Múltiple,S/D,Colisión,Ninguna,S/D,Cordón divisorio,Sin restricción
2021,8159,2021-11-28,Domingo,12:00:00,,0.0,3,"Taxi/Remis,Automóvil,Automóvil",Av. Corrientes 1500,4,2,0,0,2,0,0,"-32.95437, -60.64454",Avenida,,ROSARIO,Constitución,Asfalto,No existe,II,Dentro,Urbana,Otra Señal,S/D,Intersección,Bueno,Buena,Diurna,Buen Tiempo,Múltiple,S/D,Colisión,Ninguna,Faltante,Cordón divisorio,Sin restricción
2021,8160,2021-11-03,Miercoles,06:27:00,,0.0,2,"Pickup/Utilitario,Pickup/Utilitario",Mendoza Y Vera Mujica,5,2,0,0,3,0,0,"-32.94643, -60.66816",Calle,,ROSARIO,Constitución,Asfalto,No existe,II,Dentro,Urbana,Otra Señal,No existe,Intersección,Bueno,Buena,Amanecer,Buen Tiempo,Múltiple,S/D,Colisión,Ninguna,Faltante,Cordón divisorio,Sin restricción
2021,8161,2021-11-24,Miercoles,11:40:00,,0.0,2,"Moto/Ciclomotor,Pickup/Utilitario",Av. Pellegrini Y España,2,1,0,0,1,0,0,"-32.95586, -60.64924",Avenida,,ROSARIO,Constitución,Asfalto,No existe,II,Dentro,Urbana,Otra Señal,No existe,Intersección,Bueno,Buena,Diurna,Buen Tiempo,Múltiple,S/D,Colisión,Ninguna,Faltante,Cordón divisorio,Sin restricción
2021,8162,2021-11-26,Viernes,14:30:00,,0.0,2,"Bicicleta,Automóvil",Viamonte Y San Martin,2,1,0,0,1,0,0,"-32.96557, -60.64152",Calle,,ROSARIO,Constitución,Asfalto,S/D,II,Dentro,Urbana,Otra Señal,S/D,Intersección,S/D,S/D,Diurna,S/D,Múltiple,Ciclista,Colisión,S/D,S/D,Cordón divisorio,Sin restricción
2021,8163,2021-11-26,Viernes,19:40:00,,0.0,2,"Moto/Ciclomotor,Automóvil",Riobamba 1075,2,1,0,0,1,0,0,"-32.95401, -60.69326",Calle,,ROSARIO,Constitución,Asfalto,No existe,II,Dentro,Urbana,Otra Señal,S/D,Intersección,Bueno,S/D,Atardecer,S/D,Múltiple,S/D,Colisión,S/D,S/D,Cordón divisorio,Sin restricción
2021,8164,2021-11-07,Domingo,11:00:00,,0.0,2,"Peatón,Moto/Ciclomotor",Cafferata Y Córdoba,3,1,0,0,2,0,0,"-32.93972, -60.67078",Calle,,ROSARIO,Constitución,Asfalto,No existe,II,Dentro,Urbana,Otra Señal,No existe,Intersección,Bueno,Buena,Diurna,Otro,Múltiple,Peatón,Colisión,Ninguna,Faltante,Cordón divisorio,Sin restricción
2021,8165,2021-11-26,Viernes,00:20:00,,0.0,2,"Automóvil,Taxi/Remis",Bv. 27 De Febrero Y Mitre,3,3,0,0,0,0,0,"-32.96741, -60.64486",Calle,,ROSARIO,Constitución,Asfalto,No existe,II,Dentro,Urbana,Otra Señal,Intermitente,Intersección,Bueno,Buena,Nocturna,Buen Tiempo,Múltiple,S/D,Colisión,Ninguna,Faltante,Cordón divisorio,Sin restricción
2021,8166,2021-11-25,Jueves,11:50:00,,0.0,1,Automóvil,Bv. 27 De Febrero Y Bv. Oroño,2,1,0,0,1,0,0,"-32.96483, -60.65871",Avenida,,ROSARIO,Constitución,Asfalto,No existe,II,Dentro,Urbana,Otra Señal,No existe,Intersección,Bueno,Buena,Diurna,Buen Tiempo,Múltiple,S/D,Colisión,Ninguna,Faltante,Cordón divisorio,Sin restricción
2021,8167,2021-11-22,Lunes,18:00:00,,0.0,2,"Moto/Ciclomotor,Moto/Ciclomotor",Ricchieri Y Gálvez,4,2,0,0,2,0,0,"-32.943, -60.66306",Calle,,ROSARIO,Constitución,Asfalto,No existe,II,Dentro,Urbana,Otra Señal,No existe,Intersección,Bueno,Buena,Atardecer,Buen Tiempo,Múltiple,S/D,Colisión,Ninguna,Faltante,Cordón divisorio,Sin restricción
2021,8168,2021-11-19,Viernes,11:30:00,,0.0,2,"Moto/Ciclomotor,Automóvil",Mariano Moreno Y Dorrego,2,1,0,0,1,0,0,"-32.95079, -60.65087",Calle,,ROSARIO,Constitución,Asfalto,No existe,II,Dentro,Urbana,Otra Señal,Funciona,Intersección,Bueno,Buena,Diurna,Buen Tiempo,Múltiple,S/D,Colisión,Ninguna,Faltante,Cordón divisorio,Sin restricción
2021,8169,2021-11-18,Jueves,,,0.0,2,"Moto/Ciclomotor,Automóvil",Bv. 27 De Febrero Y Pueyrredón,2,1,0,0,1,0,0,"-32.96414, -60.66269",Avenida,,ROSARIO,Constitución,Asfalto,No existe,II,Dentro,Urbana,Otra Señal,Funciona,Intersección,Bueno,Buena,S/D,Buen Tiempo,Múltiple,S/D,Colisión,Ninguna,S/D,Cordón divisorio,Sin restricción
2021,8170,2021-11-19,Viernes,11:50:00,,0.0,2,"Camión Chasis,Transporte de Pasajeros Urbano (> 8 asientos)",San Lorenzo Y San Nicolas,3,2,0,0,1,0,0,"-32.93804, -60.67177",Calle,,ROSARIO,Constitución,Asfalto,S/D,II,Dentro,Urbana,Otra Señal,S/D,Intersección,S/D,S/D,Diurna,S/D,Múltiple,S/D,Colisión,S/D,S/D,Cordón divisorio,Sin restricción
2021,8171,2021-11-26,Viernes,03:10:00,,0.0,2,"Taxi/Remis,Automóvil",Bv. Argentino ,2,1,0,0,1,0,0,"-32.92929, -60.66712",Calle,,ROSARIO,Constitución,Asfalto,S/D,II,Dentro,Urbana,Otra Señal,No existe,Intersección,Bueno,Buena,Nocturna,Buen Tiempo,Múltiple,S/D,Colisión,Ninguna,Faltante,Cordón divisorio,Sin restricción
2021,8172,2021-12-25,Sabado,13:00:00,,0.0,2,"Automóvil,Automóvil",Hernandarias Y San Jerónimo,2,1,0,0,1,0,0,"-31.60699092081,-60.696369414554",Calle,,SANTA FE,Constitución,Asfalto,No existe,I,Dentro,Urbana,Otra Señal,No existe,Intersección,Bueno,Buena,Diurna,Buen Tiempo,Múltiple,S/D,Colisión,Ninguna,S/D,Cordón divisorio,Sin restricción
2021,8173,2021-12-28,Martes,09:10:00,,0.0,2,"Moto/Ciclomotor,Pickup/Utilitario",Av. Urquiza Y J Castelli,2,1,0,0,1,0,0,"-31.604952589553,-60.70134374579",Avenida,,SANTA FE,Constitución,Asfalto,No existe,I,Dentro,Urbana,Otra Señal,No existe,Intersección,Bueno,Buena,Diurna,S/D,Múltiple,S/D,Colisión,Ninguna,Vertical,Cordón divisorio,Sin restricción
2021,8174,2021-12-24,Viernes,15:30:00,,0.0,2,"Moto/Ciclomotor,Automóvil",Estanislao Zeballos Y San Martin,2,1,0,0,1,0,0,"-31.605495539544,-60.694403567931",Calle,,SANTA FE,Constitución,Asfalto,No existe,I,Dentro,Urbana,Otra Señal,No existe,Intersección,Bueno,Buena,Diurna,Buen Tiempo,Múltiple,S/D,Colisión,Ninguna,Faltante,Cordón divisorio,Sin restricción
2021,8175,2021-12-29,Miercoles,01:30:00,,0.0,2,"Moto/Ciclomotor,Automóvil",4 de Enero Y Hernandarias,2,1,0,0,1,0,0,"-31.606144075848,-60.70033052767",Calle,,SANTA FE,Constitución,Asfalto,No existe,I,Dentro,Urbana,Otra Señal,No existe,Intersección,Bueno,Buena,Nocturna,Buen Tiempo,Múltiple,S/D,Colisión,Ninguna,Faltante,Cordón divisorio,Sin restricción
2021,8176,2021-11-21,Domingo,,,0.0,2,"Moto/Ciclomotor,Transporte de Pasajeros (H/ 8 asientos)",Castellanos Y Rioja,2,1,0,0,1,0,0,"-32.94098, -60.67535",Calle,,ROSARIO,Constitución,Asfalto,S/D,II,Dentro,Urbana,Otra Señal,S/D,Intersección,S/D,S/D,S/D,S/D,Múltiple,S/D,Colisión,S/D,S/D,Cordón divisorio,Sin restricción
2021,8177,2021-11-16,Martes,08:05:00,,0.0,2,"Moto/Ciclomotor,Automóvil",Av. Alberti ,2,1,0,0,1,0,0,"-32.92379, -60.67887",Avenida,,ROSARIO,Constitución,Asfalto,S/D,II,Dentro,Urbana,Otra Señal,S/D,Intersección,Bueno,Buena,Diurna,Buen Tiempo,Múltiple,S/D,Colisión,S/D,S/D,Cordón divisorio,Sin restricción
2021,8179,2021-11-24,Miercoles,17:50:00,,0.0,2,"Moto/Ciclomotor,Pickup/Utilitario",Bv. Rondeau ,3,1,0,0,2,0,0,"-32.89818, -60.69141",Avenida,,ROSARIO,Constitución,Asfalto,S/D,II,Dentro,Urbana,Otra Señal,S/D,Intersección,Bueno,S/D,Diurna,Buen Tiempo,Múltiple,S/D,Colisión,Ninguna,Horizontal,Cordón divisorio,Sin restricción
2021,8180,2021-11-25,Jueves,15:30:00,,0.0,2,"Moto/Ciclomotor,Pickup/Utilitario",M.Perdriel Y Medrano,2,1,0,0,1,0,0,"-32.89436, -60.70186",Calle,,ROSARIO,Constitución,Asfalto,Pavimento,II,Dentro,Urbana,Otra Señal,No existe,Intersección,Bueno,Buena,Diurna,Buen Tiempo,Múltiple,S/D,Colisión,Ninguna,Faltante,Cordón divisorio,Sin restricción
2021,8181,2021-12-02,Jueves,16:45:00,,0.0,2,"Otros,Moto/Ciclomotor",Reg. 12 de Infantería Y Italia,2,0,0,0,0,0,2,"-31.604021286362,-60.665551748378",Calle,,SANTA FE,Constitución,Asfalto,No existe,I,Dentro,Urbana,Otra Señal,No existe,Intersección,S/D,Reducida,Diurna,S/D,Múltiple,S/D,Colisión,S/D,Faltante,Cordón divisorio,Sin restricción
2021,8182,2021-12-04,Sabado,15:40:00,,0.0,2,"Moto/Ciclomotor,Automóvil",J Castelli Y Piedras,2,0,0,0,0,0,2,"-31.610563391259,-60.675156393206",Calle,,SANTA FE,Constitución,Asfalto,No existe,I,Dentro,Urbana,Otra Señal,No existe,Intersección,S/D,Reducida,Diurna,S/D,Múltiple,S/D,Colisión,S/D,Faltante,Cordón divisorio,Sin restricción
2021,8183,2021-12-10,Viernes,17:25:00,,0.0,2,"Bicicleta,Pickup/Utilitario",Estanislao Zeballos Y Talcahuano,2,1,0,0,1,0,0,"-31.610573541757,-60.670661945283",Calle,,SANTA FE,Constitución,Asfalto,No existe,I,Dentro,Urbana,Otra Señal,No existe,Intersección,Bueno,Reducida,Diurna,S/D,Múltiple,S/D,Colisión,S/D,Faltante,Cordón divisorio,Sin restricción