anio_acci,nro_acci,fecha,desc_dia,hora_aprox,desc_ruta,km,cant_participantes,desc_participante,calle_avenida_km,total,heridos_leves,heridos_graves,heridos_gravisimos,ilesos,fallecidos,sin_datos,posicion_XY,desc_tipo_via,desc_ruta_ori,desc_loc,desc_dpto,desc_tipo_calzada,desc_tipo_banquina,desc_unidad_regional,desc_lugar_calzada,desc_zona,desc_prioridad,desc_estado_semaforo,desc_lugar_via,desc_estado_via,desc_estado_visibilidad,desc_luminosidad,desc_estado_clima,desc_tipo_colision,desc_tipo_atropello,desc_tipo_hecho,desc_pres_calzada,desc_senializacion,desc_separacion_via,desc_restriccion
2021,8184,2021-12-04,Sabado,15:40:00,,0.0,2,"Automóvil,Moto/Ciclomotor",Av. A del Valle 10000,2,0,0,0,0,0,2,"-31.575203719572,-60.690423495571",Avenida,,SANTA FE,Constitución,Asfalto,No existe,I,Dentro,Urbana,Otra Señal,No existe,Intersección,S/D,Reducida,Diurna,S/D,Múltiple,S/D,Colisión,S/D,Faltante,Cordón divisorio,Sin restricción
2021,8185,2021-11-27,Sabado,10:50:00,,0.0,2,"Automóvil,Moto/Ciclomotor",Pje. Moussy ,3,1,0,0,2,0,0,"-32.99243, -60.64563",Calle,,ROSARIO,Constitución,S/D,S/D,II,Dentro,Urbana,Otra Señal,S/D,Intersección,S/D,S/D,Diurna,S/D,Múltiple,S/D,Colisión,S/D,S/D,Cordón divisorio,Sin restricción
2021,8186,2021-12-05,Domingo,05:15:00,,0.0,2,"Pickup/Utilitario,Moto/Ciclomotor",Alberti Y Defensa,2,0,0,0,0,0,2,"-31.607134598974,-60.668635116686",Calle,,SANTA FE,Constitución,Asfalto,No existe,I,Dentro,Urbana,Otra Señal,No existe,Intersección,S/D,S/D,Nocturna,S/D,Múltiple,S/D,Colisión,S/D,Faltante,Cordón divisorio,Sin restricción
2021,8187,2021-12-02,Jueves,18:50:00,,0.0,2,"Moto/Ciclomotor,Pickup/Utilitario",Bv Muttis Y Laprida,4,3,0,0,1,0,0,"-31.627603561696,-60.681139707938",Avenida,,SANTA FE,Constitución,Asfalto,No existe,I,Dentro,Urbana,Otra Señal,No existe,Intersección,Bueno,Buena,Diurna,S/D,Múltiple,S/D,Colisión,Ninguna,Horizontal,Cordón divisorio,Sin restricción
2021,8188,2021-12-02,Jueves,23:15:00,,0.0,2,"Moto/Ciclomotor,Moto/Ciclomotor",Belgrano Y Lavaisse,2,2,0,0,0,0,0,"-31.613724607504,-60.691961764169",Calle,,SANTA FE,Constitución,Asfalto,No existe,I,Dentro,Urbana,Otra Señal,No existe,Intersección,S/D,Buena,Nocturna,Buen Tiempo,Múltiple,S/D,Colisión,Ninguna,Faltante,Cordón divisorio,Sin restricción
2021,8189,2021-12-03,Viernes,17:10:00,,0.0,2,"Moto/Ciclomotor,Pickup/Utilitario",Av. Gral. López Y Quintana,2,1,0,0,1,0,0,"-31.624962862363,-60.689225543945",Calle,,SANTA FE,Constitución,Asfalto,No existe,I,Dentro,Urbana,Otra Señal,No existe,Intersección,S/D,Buena,Diurna,Buen Tiempo,Múltiple,S/D,Colisión,Ninguna,Horizontal,Cordón divisorio,Sin restricción
2021,8190,2021-12-03,Viernes,21:20:00,,0.0,2,"Automóvil,Moto/Ciclomotor",Las Heras Y Salvador del Carril,3,2,0,0,1,0,0,"-31.619362880152,-60.692472473019",Calle,,SANTA FE,Constitución,Asfalto,No existe,I,Dentro,Urbana,Otra Señal,No existe,Intersección,S/D,Buena,Nocturna,Buen Tiempo,Múltiple,S/D,Colisión,Ninguna,Horizontal,Cordón divisorio,Sin restricción
2021,8191,2021-12-04,Sabado,19:00:00,,0.0,2,"Moto/Ciclomotor,Automóvil",Ángel Cassanello Y Av. Gral. Paz,2,1,0,0,1,0,0,"-31.612463605908,-60.67991237004",Avenida,,SANTA FE,Constitución,Asfalto,No existe,I,Dentro,Urbana,Otra Señal,Funciona,Intersección,Bueno,Buena,Diurna,S/D,Múltiple,S/D,Colisión,Ninguna,Vertical,Cordón divisorio,Sin restricción
2021,8192,2021-12-04,Sabado,22:30:00,,0.0,2,"Automóvil,Moto/Ciclomotor",Alvear Y Pedro Centeno,3,2,0,0,1,0,0,"-31.628737662462,-60.694112397106",Calle,,SANTA FE,Constitución,Asfalto,No existe,I,Dentro,Urbana,Otra Señal,No existe,Intersección,S/D,Buena,Nocturna,Buen Tiempo,Múltiple,S/D,Colisión,Ninguna,Faltante,Cordón divisorio,Sin restricción
2021,8193,2021-12-05,Domingo,15:30:00,,0.0,1,Automóvil,Laprida Y Salvador del Carril,3,2,0,0,1,0,0,"-31.621664996144,-60.679431220215",Calle,,SANTA FE,Constitución,Asfalto,No existe,I,Dentro,Urbana,Otra Señal,No existe,Intersección,Bueno,Buena,Diurna,Buen Tiempo,Múltiple,S/D,Colisión,Ninguna,Faltante,Cordón divisorio,Sin restricción
2021,8194,2021-12-06,Lunes,07:15:00,,0.0,2,"Moto/Ciclomotor,Transporte de Pasajeros Urbano (> 8 asientos)",Pje Boedo Y Sarmiento,2,1,0,0,1,0,0,"-31.607731186773,-60.684551498618",Calle,,SANTA FE,Constitución,Asfalto,No existe,I,Dentro,Urbana,Otra Señal,No existe,Intersección,S/D,Buena,Diurna,Buen Tiempo,Múltiple,S/D,Colisión,Ninguna,Faltante,Cordón divisorio,Sin restricción
2021,8195,2021-12-06,Lunes,12:40:00,,0.0,2,"Automóvil,Automóvil",J P López Y Las Heras,2,1,0,0,1,0,0,"-31.609413195298,-60.689569359225",Calle,,SANTA FE,Constitución,Asfalto,No existe,I,Dentro,Urbana,Otra Señal,No existe,Intersección,Bueno,Buena,Diurna,Buen Tiempo,Múltiple,S/D,Colisión,Ninguna,Faltante,Cordón divisorio,Sin restricción
2021,8196,2021-12-07,Martes,11:45:00,,0.0,2,"Automóvil,Transporte de Pasajeros Urbano (> 8 asientos)",Av. A del Valle Y Lavaisse,6,5,0,0,1,0,0,"-31.612942514629,-60.695649686354",Avenida,,SANTA FE,Constitución,Asfalto,No existe,I,Dentro,Urbana,Otra Señal,Funciona,Intersección,Bueno,Buena,Diurna,S/D,Múltiple,S/D,Colisión,Ninguna,"Horizontal,Vertical",Cordón divisorio,Sin restricción
2021,8197,2021-12-08,Miercoles,01:00:00,,0.0,2,"Moto/Ciclomotor,Taxi/Remis",Rivadavia Y Salvador del Carril,3,2,0,0,1,0,0,"-31.618743870941,-60.696019549099",Calle,,SANTA FE,Constitución,Asfalto,No existe,I,Dentro,Urbana,Otra Señal,No existe,Intersección,Bueno,Buena,Nocturna,S/D,Múltiple,S/D,Colisión,Ninguna,Horizontal,Cordón divisorio,Sin restricción
2021,8198,2021-12-09,Jueves,09:20:00,,0.0,2,"Moto/Ciclomotor,Pickup/Utilitario",Lavaisse 1435,2,1,0,0,1,0,0,"-31.615459181135,-60.683839050782",Calle,,SANTA FE,Constitución,Asfalto,No existe,I,Dentro,Urbana,Otra Señal,No existe,Intersección,Bueno,Buena,Diurna,S/D,Múltiple,S/D,Colisión,Ninguna,Faltante,Cordón divisorio,Sin restricción
2021,8199,2021-11-21,Domingo,19:30:00,Ruta Nacional 34,0.0,1,Moto/Ciclomotor,Polledo ,1,1,0,0,0,0,0,"-32.89321, -60.72047",Ruta,34,ROSARIO,Constitución,Asfalto,Pavimento,II,Dentro,Urbana,Otra Señal,Intermitente,Intersección,Bueno,Buena,Diurna,Buen Tiempo,Múltiple,S/D,Colisión,Ninguna,Faltante,Cordón divisorio,Sin restricción
2021,8200,2021-12-09,Jueves,20:45:00,,0.0,2,"Automóvil,Moto/Ciclomotor",Alvear Y Hernandarias,3,2,0,0,1,0,0,"-31.608748507444,-60.688236680708",Calle,,SANTA FE,Constitución,Asfalto,No existe,I,Dentro,Urbana,Otra Señal,No existe,Intersección,Bueno,Buena,Nocturna,Buen Tiempo,Múltiple,S/D,Colisión,Ninguna,Faltante,Cordón divisorio,Sin restricción
2021,8201,2021-12-14,Martes,19:45:00,,0.0,2,"Moto/Ciclomotor,Automóvil",Ricardo Aldao Y Sarmiento,2,1,0,0,1,0,0,"-31.612156748367,-60.685859020651",Calle,,SANTA FE,Constitución,Asfalto,No existe,I,Dentro,Urbana,Otra Señal,No existe,Intersección,Bueno,Buena,Nocturna,S/D,Múltiple,S/D,Colisión,Ninguna,"Horizontal,Vertical",Cordón divisorio,Sin restricción
2021,8202,2021-11-27,Sabado,22:10:00,,0.0,2,"Peatón,Otros",French 2000,2,1,0,0,1,0,0,"-32.92119, -60.69155",Calle,,ROSARIO,Constitución,Asfalto,S/D,II,Dentro,Urbana,Otra Señal,S/D,Intersección,S/D,S/D,Nocturna,S/D,Múltiple,Peatón,Colisión,S/D,S/D,Cordón divisorio,Sin restricción
2021,8203,2021-12-14,Martes,20:20:00,,0.0,2,"Moto/Ciclomotor,Automóvil",Lavalle Y Quintana,2,1,0,0,1,0,0,"-31.625564337083,-60.68638949515",Calle,,SANTA FE,Constitución,Asfalto,No existe,I,Dentro,Urbana,Otra Señal,No existe,Intersección,Bueno,Buena,Nocturna,Buen Tiempo,Múltiple,S/D,Colisión,Ninguna,Faltante,Cordón divisorio,Sin restricción
2021,8204,2021-11-28,Domingo,03:50:00,,0.0,2,"Automóvil,Transporte de Pasajeros Urbano (> 8 asientos)",Bv. Seguí Y Entre Ríos,2,1,0,0,1,0,0,"-32.9785, -60.64915",Avenida,,ROSARIO,Constitución,Asfalto,No existe,II,Dentro,Urbana,Otra Señal,No existe,Intersección,Bueno,Buena,"Nocturna,Con luz artificial",Buen Tiempo,Múltiple,S/D,Colisión,Ninguna,Faltante,Cordón divisorio,Sin restricción
2021,8205,2021-11-23,Martes,19:30:00,,0.0,2,"Automóvil,Moto/Ciclomotor",Av. Arijon Y Av. Bermúdez,2,1,0,0,1,0,0,"-33.00287, -60.6425",Avenida,,ROSARIO,Constitución,Asfalto,No existe,II,Dentro,Urbana,Otra Señal,No existe,Intersección,Bueno,Buena,Diurna,Buen Tiempo,Múltiple,S/D,Colisión,Ninguna,Vertical,Cordón divisorio,Sin restricción
2021,8206,2021-12-15,Miercoles,13:30:00,,0.0,2,"Automóvil,Moto/Ciclomotor",Salvador del Carril Y Sarmiento,2,1,0,0,1,0,0,"-31.620120955189,-60.68820443745",Calle,,SANTA FE,Constitución,Asfalto,No existe,I,Dentro,Urbana,Otra Señal,No existe,Intersección,Bueno,Buena,Diurna,S/D,Múltiple,S/D,Colisión,Ninguna,Faltante,Cordón divisorio,Sin restricción
2021,8207,2021-11-17,Miercoles,17:20:00,,0.0,1,Moto/Ciclomotor,San Martin Y Sánchez de Bustamante,1,1,0,0,0,0,0,"-33.00196, -60.64926",Calle,,ROSARIO,Constitución,Asfalto,No existe,II,Dentro,Urbana,Otra Señal,No existe,Intersección,Bueno,Buena,Diurna,Buen Tiempo,Múltiple,S/D,Colisión,Ninguna,Faltante,Cordón divisorio,Sin restricción
2021,8208,2021-12-16,Jueves,19:30:00,,0.0,2,"Bicicleta,Automóvil",Av. Galicia Y Candioti,2,1,0,0,1,0,0,"-31.606663870152,-60.685976816098",Avenida,,SANTA FE,Constitución,Asfalto,No existe,I,Dentro,Urbana,Otra Señal,No existe,Intersección,Bueno,Buena,Diurna,Buen Tiempo,Múltiple,Ciclista,Colisión,Ninguna,Faltante,Cordón divisorio,Sin restricción
2021,8209,2021-12-17,Viernes,11:15:00,,0.0,2,"Automóvil,Bicicleta",Las Heras Y Ricardo Aldao,2,1,0,0,1,0,0,"-31.61124102436,-60.690109743568",Calle,,SANTA FE,Constitución,Asfalto,No existe,I,Dentro,Urbana,Otra Señal,No existe,Intersección,Bueno,S/D,Diurna,Buen Tiempo,Múltiple,Ciclista,Colisión,Ninguna,Faltante,Cordón divisorio,Sin restricción
2021,8210,2021-11-17,Miercoles,18:15:00,,0.0,2,"Moto/Ciclomotor,Automóvil",Lamadrid Y Castro,3,2,0,0,1,0,0,"-32.99654, -60.62969",Calle,,ROSARIO,Constitución,Asfalto,No existe,II,Dentro,Urbana,Otra Señal,No existe,Intersección,Bueno,Buena,Diurna,Buen Tiempo,Múltiple,S/D,Colisión,Ninguna,Faltante,Cordón divisorio,Sin restricción
2021,8211,2021-12-17,Viernes,15:30:00,,0.0,2,"Moto/Ciclomotor,Automóvil",Las Heras Y Hernandarias,3,2,0,0,1,0,0,"-31.608517258946,-60.689309845593",Calle,,SANTA FE,Constitución,Asfalto,No existe,I,Dentro,Urbana,Otra Señal,No existe,Intersección,Bueno,Buena,Diurna,Buen Tiempo,Múltiple,S/D,Colisión,Agua,Faltante,Cordón divisorio,Sin restricción
2021,8212,2021-12-21,Martes,09:30:00,,0.0,2,"Moto/Ciclomotor,Automóvil",Bv Muttis Y Laprida,2,1,0,0,1,0,0,"-31.627603561696,-60.681139707938",Avenida,,SANTA FE,Constitución,Asfalto,No existe,I,Dentro,Urbana,Otra Señal,No existe,Intersección,Bueno,Buena,Diurna,S/D,Múltiple,S/D,Colisión,Ninguna,Horizontal,Cordón divisorio,Sin restricción
2021,8213,2021-12-21,Martes,20:40:00,,0.0,2,"Moto/Ciclomotor,Automóvil",Avellaneda Y Llerena,4,2,0,0,2,0,0,"-31.616891783134,-60.681583353155",Calle,,SANTA FE,Constitución,Asfalto,No existe,I,Dentro,Urbana,Otra Señal,No existe,Intersección,Bueno,Buena,Nocturna,Buen Tiempo,Múltiple,S/D,Colisión,Ninguna,Faltante,Cordón divisorio,Sin restricción
2021,8214,2021-12-22,Miercoles,14:30:00,,0.0,2,"Moto/Ciclomotor,Automóvil",Ángel Cassanello Y Dorrego,3,1,0,0,2,0,0,"-31.612616105381,-60.679217945847",Calle,,SANTA FE,Constitución,Asfalto,No existe,I,Dentro,Urbana,Otra Señal,No existe,Intersección,Bueno,Buena,Diurna,Buen Tiempo,Múltiple,S/D,Colisión,Ninguna,S/D,Cordón divisorio,Sin restricción
2021,8215,2021-12-22,Miercoles,08:25:00,,0.0,2,"Automóvil,Moto/Ciclomotor",Av. Gral. Paz Y Ricardo Aldao,2,1,0,0,1,0,0,"-31.613276265706,-60.680571661005",Avenida,,SANTA FE,Constitución,Asfalto,No existe,I,Dentro,Urbana,Otra Señal,No existe,Intersección,Bueno,Buena,Diurna,Buen Tiempo,Múltiple,S/D,Colisión,Ninguna,Faltante,Cordón divisorio,Sin restricción
2021,8216,2021-12-25,Sabado,05:00:00,,0.0,1,Automóvil,Av. Almte. Brown 6000,1,1,0,0,0,0,0,"-31.617397767055,-60.674610279456",Avenida,,SANTA FE,Constitución,Asfalto,No existe,I,Dentro,Urbana,Otra Señal,No existe,Intersección,Bueno,Buena,Diurna,Buen Tiempo,Múltiple,S/D,Colisión,Ninguna,Horizontal,Cordón divisorio,Sin restricción
2021,8217,2021-12-27,Lunes,16:30:00,,0.0,2,"Moto/Ciclomotor,Automóvil",J Castelli Y Rivadavia,2,1,0,0,1,0,0,"-31.606858637203,-60.692501090187",Calle,,SANTA FE,Constitución,Asfalto,No existe,I,Dentro,Urbana,Otra Señal,No existe,Intersección,Bueno,Buena,Diurna,Buen Tiempo,Múltiple,S/D,Colisión,Ninguna,Faltante,Cordón divisorio,Sin restricción
2021,8218,2021-12-27,Lunes,20:10:00,,0.0,2,"Bicicleta,Automóvil",Av. A del Valle Y J Castelli,2,1,0,0,1,0,0,"-31.606756552092,-60.693032488461",Avenida,,SANTA FE,Constitución,Asfalto,No existe,I,Dentro,Urbana,Otra Señal,Funciona,Intersección,Bueno,Buena,Nocturna,Buen Tiempo,Múltiple,Ciclista,Colisión,Ninguna,"Horizontal,Vertical",Cordón divisorio,Sin restricción
2021,8219,2021-12-24,Viernes,22:40:00,Ruta Nacional 11,0.0,1,Moto/Ciclomotor,Austria Y Ruta Nac 11 Av. Gral. López,2,1,0,0,1,0,0,"-31.726312840956,-60.812937652972",Ruta,11,SAUCE VIEJO,Constitución,Asfalto,Ripio,I,Dentro,Urbana,Otra Señal,No existe,Intersección,Bueno,Buena,Nocturna,S/D,Múltiple,S/D,Colisión,Ninguna,Horizontal,Cordón divisorio,Sin restricción
2021,8221,2021-12-29,Miercoles,13:20:00,,0.0,2,"Moto/Ciclomotor,Pickup/Utilitario",Av. Gral. Paz Y Pedro Diaz Colodrero,2,1,0,0,1,0,0,"-31.627455895334,-60.690998839809",Calle,,SANTA FE,Constitución,Asfalto,No existe,I,Dentro,Urbana,Otra Señal,No existe,Intersección,Bueno,S/D,Diurna,Buen Tiempo,Múltiple,S/D,Colisión,Ninguna,Faltante,Cordón divisorio,Sin restricción
2021,8222,2021-02-12,Viernes,22:00:00,Ruta Provincial 1,1.0,2,"Automóvil,Automóvil", ,4,1,0,0,3,0,0,"-31.6336926307238, -60.618035290311",Ruta,1,SANTA FE,Constitución,Asfalto,Pavimento,I,Dentro,Urbana,Otra Señal,Funciona,Intersección,Bueno,Reducida,Nocturna,Buen Tiempo,Múltiple,S/D,Colisión,Ninguna,"Horizontal,Vertical",Cordón divisorio,Sin restricción
2021,8224,2021-12-14,Martes,12:05:00,Ruta Provincial 1,0.0,1,Moto/Ciclomotor, ,2,2,0,0,0,0,0,"-31.628697, -60.609021",Ruta,1,COLASTINE,Constitución,Asfalto,Pavimento,I,Dentro,Urbana,Otra Señal,No existe,Intersección,Bueno,Buena,Diurna,Buen Tiempo,Múltiple,S/D,Colisión,Ninguna,Horizontal,Cordón divisorio,Sin restricción
2021,8225,2021-12-18,Sabado,09:10:00,Ruta Provincial 1,1.0,1,Moto/Ciclomotor, ,1,1,0,0,0,0,0,"-31.633337498723, -60.6174914382235",Ruta,1,COLASTINE,Constitución,Asfalto,Pavimento,I,Dentro,Urbana,Otra Señal,Funciona,Intersección,Bueno,Buena,Diurna,Buen Tiempo,Múltiple,S/D,Colisión,Ninguna,"Horizontal,Vertical",Cordón divisorio,Sin restricción
2021,8226,2021-12-18,Sabado,21:00:00,Ruta Provincial 1,1.0,2,"Automóvil,Moto/Ciclomotor", ,2,1,0,0,1,0,0,"-31.631406352265987, -60.6135396002",Ruta,1,COLASTINE,Constitución,Asfalto,Pavimento,I,Dentro,Urbana,Otra Señal,No existe,Intersección,Bueno,Reducida,Nocturna,Buen Tiempo,Múltiple,S/D,Colisión,Ninguna,Horizontal,Cordón divisorio,Sin restricción
2021,8227,2021-12-31,Viernes,02:00:00,,0.0,2,"Moto/Ciclomotor,Automóvil",Av. Almte. Brown Y Regis Martínez,2,1,0,0,1,0,0,"-31.623305257098,-60.678789685415",Avenida,,SANTA FE,Constitución,Asfalto,No existe,I,Dentro,Urbana,Otra Señal,No existe,Intersección,Bueno,Buena,Nocturna,Buen Tiempo,Múltiple,S/D,Colisión,Ninguna,Horizontal,Cordón divisorio,Sin restricción
2021,8228,2021-11-22,Lunes,04:40:00,,0.0,2,"Taxi/Remis,Moto/Ciclomotor",L.N.Alem Y Biedma,3,2,0,0,1,0,0,"-32.98317, -60.63709",Calle,,ROSARIO,Constitución,Asfalto,No existe,II,Dentro,Urbana,Otra Señal,No existe,Intersección,Bueno,Buena,Nocturna,Buen Tiempo,Múltiple,S/D,Colisión,Ninguna,Faltante,Cordón divisorio,Sin restricción
2021,8230,2021-12-28,Martes,16:00:00,,0.0,2,"Automóvil,Moto/Ciclomotor",CAITO Y CANILLITA,2,1,0,0,1,0,0,"-31.641764, -60.618845",Calle,,COLASTINE,Constitución,Arena,No existe,I,Dentro,Urbana,Otra Señal,No existe,Intersección,Bueno,Buena,Diurna,Buen Tiempo,Múltiple,S/D,Colisión,Ninguna,Faltante,Cordón divisorio,Sin restricción
2021,8231,2021-12-15,Miercoles,14:45:00,,0.0,2,"Moto/Ciclomotor,Automóvil",Lucio Víctor Mansilla Y Teniente Loza,2,1,0,0,1,0,0,"-31.563861855434,-60.747922995866",Calle,,SANTA FE,Constitución,Asfalto,No existe,I,Dentro,Urbana,Otra Señal,No existe,Intersección,Bueno,Buena,Diurna,Buen Tiempo,Múltiple,S/D,Colisión,Ninguna,Faltante,Cordón divisorio,Sin restricción
2021,8232,2021-12-13,Lunes,17:50:00,,0.0,2,"Automóvil,Moto/Ciclomotor",Combate de Rincón Y Inés Álvarez,3,1,0,0,2,0,0,"-31.609893635749,-60.572140047027",Calle,,SAN JOSÉ DEL RINCÓN,Constitución,Arena,No existe,I,Dentro,Urbana,Otra Señal,No existe,Intersección,Bueno,Buena,Diurna,Buen Tiempo,Múltiple,S/D,Colisión,Ninguna,Faltante,Cordón divisorio,Sin restricción
2021,8233,2021-11-24,Miercoles,15:20:00,,0.0,2,"Automóvil,Moto/Ciclomotor",Balcarce Y Garibaldi,2,1,0,0,1,0,0,"-32.9835, -60.66191",Calle,,ROSARIO,Constitución,Asfalto,No existe,II,Dentro,Urbana,Otra Señal,No existe,Intersección,Bueno,Buena,Diurna,Buen Tiempo,Múltiple,S/D,Colisión,Ninguna,Faltante,Cordón divisorio,Sin restricción
2021,8234,2021-12-23,Jueves,10:35:00,,0.0,2,"Moto/Ciclomotor,Bicicleta",Lucio Víctor Mansilla Y Teniente Loza,2,2,0,0,0,0,0,"-31.563861855434,-60.747922995866",Calle,,SANTA FE,Constitución,Asfalto,No existe,I,Dentro,Urbana,Otra Señal,No existe,Intersección,Con baches,Buena,Diurna,Buen Tiempo,Múltiple,Ciclista,Colisión,Otro,Faltante,Cordón divisorio,Sin restricción
2021,8235,2021-12-17,Viernes,18:30:00,,0.0,2,"Moto/Ciclomotor,Bicicleta",Monseñor Rodríguez 7100,2,2,0,0,0,0,0,"-31.558048499043,-60.744221946521",Calle,,SANTA FE,Constitución,Asfalto,No existe,I,Dentro,Urbana,Otra Señal,No existe,Intersección,Bueno,Buena,Diurna,Buen Tiempo,Múltiple,Ciclista,Colisión,Ninguna,Horizontal,Cordón divisorio,Sin restricción
2021,8237,2021-11-20,Sabado,04:30:00,Ruta Secundaria 34-s,0.0,2,"Moto/Ciclomotor,Otros", ,3,2,0,0,1,0,0,"-32.85341, -60.78619",Ruta,34-s,IBARLUCEA,Constitución,Asfalto,Ripio,II,S/D,Urbana,Otra Señal,No existe,Intersección,Bueno,Buena,Nocturna,Buen Tiempo,Múltiple,S/D,Colisión,Ninguna,Faltante,Cordón divisorio,Sin restricción
2021,8238,2021-11-30,Martes,17:40:00,,0.0,2,"Moto/Ciclomotor,Automóvil",L de la Torre Y Moreno,3,2,0,0,1,0,0,"-29.46432, -60.21401",Calle,,VERA,Constitución,Asfalto,S/D,XIX,Dentro,Urbana,Otra Señal,S/D,Intersección,Bueno,Buena,Diurna,Buen Tiempo,Múltiple,S/D,Colisión,Ninguna,Faltante,Cordón divisorio,Sin restricción
2021,8239,2021-12-01,Miercoles,07:50:00,Ruta Nacional 168,0.0,2,"Bicicleta,Camión c / Acoplado", ,3,2,0,0,1,0,0,"-31.640920675446957, -60.6807546525",Ruta,168,SANTA FE,Constitución,Asfalto,Natural,I,Dentro,S/D,Otra Señal,No existe,Intersección,Bueno,Buena,"Amanecer,Con luz artificial",S/D,Múltiple,Ciclista,Colisión,Ninguna,Horizontal,Cordón divisorio,Sin restricción
2021,8240,2021-12-28,Martes,12:30:00,,0.0,2,"Moto/Ciclomotor,Automóvil",1ro de Mayo Y Rivadavia,2,1,0,0,1,0,0,"-31.308975202639,-60.661955848691",Calle,,LAGUNA PAIVA,Constitución,Asfalto,No existe,I,Dentro,Urbana,Otra Señal,No existe,Intersección,Bueno,Buena,Diurna,Buen Tiempo,Múltiple,S/D,Colisión,Ninguna,Faltante,Cordón divisorio,Sin restricción
2021,8242,2021-12-04,Sabado,16:30:00,,0.0,2,"Moto/Ciclomotor,Automóvil",Javier de la Rosa Y Pedro Espinosa,3,1,0,0,2,0,0,"-31.564758718013763,-60.72580754756",Calle,,SANTA FE,Constitución,Tierra,No existe,I,Dentro,Urbana,Otra Señal,No existe,Intersección,Con baches,Buena,Diurna,Buen Tiempo,Múltiple,S/D,Colisión,Otro,Faltante,Cordón divisorio,Sin restricción
2021,8243,2021-12-13,Lunes,01:00:00,Ruta Nacional 11,491.0,1,Moto/Ciclomotor, ,1,1,0,0,0,0,0,"-31.44341, -60.74053",Ruta,11,CANDIOTI,Constitución,Asfalto,Natural,I,Dentro,Rural,Otra Señal,No existe,Intersección,Bueno,Reducida,Nocturna,Lluvia,Múltiple,S/D,Colisión,Agua,Horizontal,Cordón divisorio,Sin restricción
2021,8244,2021-12-31,Viernes,21:30:00,,0.0,2,"Moto/Ciclomotor,Pickup/Utilitario",Moreno Y Rivadavia,3,1,0,0,2,0,0,"-31.305296758196,-60.66170954345",Calle,,LAGUNA PAIVA,Constitución,Asfalto,No existe,I,Dentro,Urbana,Otra Señal,No existe,Intersección,Bueno,Buena,"Nocturna,Con luz artificial",Buen Tiempo,Múltiple,S/D,Colisión,Ninguna,Faltante,Cordón divisorio,Sin restricción
2021,8245,2021-12-29,Miercoles,18:30:00,Ruta Nacional 11,479.5,2,"Automóvil,Automóvil", ,2,1,0,0,1,0,0,"-31.53132, -60.72233",Ruta,11,RECREO,Constitución,Asfalto,Ripio,I,Dentro,Rural,Otra Señal,No existe,Intersección,Bueno,Buena,Diurna,Buen Tiempo,Múltiple,S/D,Colisión,Ninguna,Horizontal,Cordón divisorio,Sin restricción
2021,8246,2021-12-06,Lunes,16:20:00,,0.0,2,"Moto/Ciclomotor,Automóvil",Av. A del Valle 10700,2,1,0,0,1,0,0,"-31.566982269287074,-60.68925976753",Avenida,,SANTA FE,Constitución,Hormigón,No existe,I,Dentro,Rural,Otra Señal,No existe,Intersección,Bueno,Buena,Diurna,Buen Tiempo,Múltiple,S/D,Colisión,Ninguna,Faltante,Cordón divisorio,Sin restricción
2021,8247,2021-12-14,Martes,23:15:00,Ruta Provincial 5,0.0,2,"Moto/Ciclomotor,Pickup/Utilitario",Ruta pcial 2 Av. San Martin ,2,1,0,0,1,0,0,"-31.53964519500729,-60.688519477844",Ruta,5,MONTE VERA,Constitución,Asfalto,No existe,I,Dentro,Rural,Otra Señal,No existe,Intersección,Bueno,Buena,"Nocturna,Con luz artificial",Buen Tiempo,Múltiple,S/D,Colisión,Ninguna,Horizontal,Cordón divisorio,Sin restricción
2021,8249,2021-12-10,Viernes,18:00:00,Ruta Provincial 2,14.0,1,Automóvil, ,3,1,0,0,2,0,0,"-31.43517421967163, -60.67419512673",Ruta,2,MONTE VERA,Constitución,Asfalto,Natural,I,Dentro,Rural,Otra Señal,No existe,Intersección,Bueno,Buena,Diurna,Buen Tiempo,Múltiple,S/D,Colisión,Ninguna,Horizontal,Cordón divisorio,Sin restricción
2021,8250,2021-11-30,Martes,12:50:00,,0.0,1,Moto/Ciclomotor,Colon Y A Lezama,1,1,0,0,0,0,0,"-29.45641, -60.21491",Calle,,VERA,Constitución,Asfalto,No existe,XIX,Dentro,Urbana,Otra Señal,No existe,Intersección,Bueno,Buena,Diurna,Buen Tiempo,Múltiple,S/D,Colisión,S/D,Vertical,Cordón divisorio,Sin restricción