anio_acci,nro_acci,fecha,desc_dia,hora_aprox,desc_ruta,km,cant_participantes,desc_participante,calle_avenida_km,total,heridos_leves,heridos_graves,heridos_gravisimos,ilesos,fallecidos,sin_datos,posicion_XY,desc_tipo_via,desc_ruta_ori,desc_loc,desc_dpto,desc_tipo_calzada,desc_tipo_banquina,desc_unidad_regional,desc_lugar_calzada,desc_zona,desc_prioridad,desc_estado_semaforo,desc_lugar_via,desc_estado_via,desc_estado_visibilidad,desc_luminosidad,desc_estado_clima,desc_tipo_colision,desc_tipo_atropello,desc_tipo_hecho,desc_pres_calzada,desc_senializacion,desc_separacion_via,desc_restriccion
2021,8251,2021-12-18,Sabado,18:30:00,,0.0,2,"Pickup/Utilitario,Automóvil",JUAN JOSÉ PASO Y LAS BRISAS,3,1,0,0,2,0,0,"-31.523120526452963, -60.7060114331",Camino Rural,,MONTE VERA,Constitución,Tierra,No existe,I,Dentro,Rural,Otra Señal,No existe,Intersección,Con baches,"Reducida polvo,Reducida p/ objetos",Diurna,Buen Tiempo,Múltiple,S/D,Colisión,Ninguna,Faltante,Cordón divisorio,Sin restricción
2021,8252,2021-11-26,Viernes,19:40:00,,0.0,3,"Moto/Ciclomotor,Automóvil,Moto/Ciclomotor",9 de Julio Y Saavedra,3,2,0,0,1,0,0,"-29.46009, -60.20467",Calle,,VERA,Constitución,Tierra,S/D,XIX,Dentro,Urbana,Otra Señal,No existe,Intersección,Bueno,Reducida,Atardecer,Buen Tiempo,Múltiple,S/D,Colisión,Ninguna,S/D,Cordón divisorio,Sin restricción
2021,8253,2021-12-14,Martes,23:30:00,Ruta Nacional 11,0.0,2,"Moto/Ciclomotor,Automóvil",Quiroga Y Ruta Nacional 11,2,1,0,0,1,0,0,"-31.498731, -60.730938",Ruta,11,RECREO,Constitución,Asfalto,Natural,I,Dentro,Urbana,Otra Señal,No existe,Intersección,Bueno,Buena,Nocturna,S/D,Múltiple,S/D,Colisión,Ninguna,Faltante,Cordón divisorio,Sin restricción
2021,8254,2021-12-31,Viernes,18:55:00,Ruta Provincial 2,13.0,1,Automóvil, ,2,2,0,0,0,0,0,"-31.43904041942841, -60.67139140089",Ruta,2,MONTE VERA,Constitución,Hormigón,Natural,I,Dentro,Urbana,Otra Señal,No existe,Intersección,Bueno,Buena,Diurna,Buen Tiempo,Múltiple,S/D,Colisión,Ninguna,Horizontal,Cordón divisorio,Sin restricción
2021,8255,2021-12-17,Viernes,11:40:00,,0.0,2,"Automóvil,Moto/Ciclomotor",Balcarce Y  Saavedra Miguel de Cervantes,2,1,0,0,1,0,0,"-31.676576486388,-60.770200826813",Calle,,SANTO TOMÉ,Constitución,Asfalto,No existe,I,Dentro,Urbana,Otra Señal,No existe,Intersección,Con baches,Buena,Diurna,Buen Tiempo,Múltiple,S/D,Colisión,Ninguna,Faltante,Cordón divisorio,Sin restricción
2021,8256,2021-12-25,Sabado,06:00:00,Ruta Secundaria 80-s,0.0,1,Automóvil, ,2,2,0,0,0,0,0,"-30.850714126269246, -61.4541331537",Ruta,80-s,COLONIA RAQUEL,Constitución,"Ripio,Arena",Natural,I,Dentro,Rural,Otra Señal,No existe,Intersección,"Con baches,Ahuellamiento",Reducida polvo,Amanecer,Buen Tiempo,Múltiple,S/D,Colisión,Ninguna,Faltante,Cordón divisorio,Sin restricción
2021,8258,2021-12-24,Viernes,22:00:00,,0.0,2,"Automóvil,Peatón",Formosa Y Hipólito Irigoyen,2,1,0,0,1,0,0,"-31.682112, -60.766202",Calle,,SANTO TOMÉ,Constitución,Asfalto,No existe,I,Dentro,Urbana,Otra Señal,No existe,Intersección,Bueno,Buena,Nocturna,Buen Tiempo,Múltiple,Peatón,Colisión,Ninguna,Faltante,Cordón divisorio,Sin restricción
2021,8260,2021-11-28,Domingo,23:40:00,Ruta Secundaria 40-s,0.0,1,Moto/Ciclomotor, ,1,1,0,0,0,0,0,"-29.05589, -60.42059",Ruta,40-s,FORTÍN OLMOS,Constitución,Tierra,Natural,XIX,Dentro,Rural,Otra Señal,No existe,Intersección,Otro,Reducida,Nocturna,Otro,Múltiple,S/D,Colisión,Otro,Faltante,Cordón divisorio,Sin restricción
2021,8261,2021-12-28,Martes,02:15:00,,0.0,2,"Automóvil,Moto/Ciclomotor",Mariano Candioti 3300,2,1,0,0,1,0,0,"-31.679509019013,-60.75686658241",Calle,,SANTO TOMÉ,Constitución,Asfalto,No existe,I,Dentro,Urbana,Otra Señal,No existe,Intersección,Bueno,Buena,Nocturna,Buen Tiempo,Múltiple,S/D,Colisión,Ninguna,Faltante,Cordón divisorio,Sin restricción
2021,8262,2021-12-03,Viernes,,,0.0,2,"Bicicleta,Automóvil",Mariano Moreno Y Pueyrredón,2,1,0,0,1,0,0,"-31.445081148524,-60.931209249718",Calle,,ESPERANZA,Constitución,Asfalto,Pavimento,XI,Dentro,Urbana,Otra Señal,No existe,Intersección,Bueno,Buena,Diurna,Buen Tiempo,Múltiple,Ciclista,Colisión,Otro,Faltante,Cordón divisorio,Sin restricción
2021,8263,2021-12-30,Jueves,12:45:00,,0.0,2,"Automóvil,Moto/Ciclomotor",Balcarce Y General Manuel Belgrano,2,1,0,0,1,0,0,"-31.677672708383,-60.763365765548",Calle,,SANTO TOMÉ,Constitución,Asfalto,No existe,I,Dentro,Urbana,Otra Señal,No existe,Intersección,Bueno,Buena,Diurna,Buen Tiempo,Múltiple,S/D,Colisión,Ninguna,Faltante,Cordón divisorio,Sin restricción
2021,8264,2021-12-30,Jueves,19:15:00,,0.0,2,"Moto/Ciclomotor,Automóvil",Calle 8 Y Calle 27,2,1,0,0,1,0,0,"-31.792555, -60.843732",Calle,,SAUCE VIEJO,Constitución,Tierra,No existe,I,Dentro,Urbana,Otra Señal,No existe,Intersección,Bueno,Buena,Nocturna,Buen Tiempo,Múltiple,S/D,Colisión,Ninguna,Faltante,Cordón divisorio,Sin restricción
2021,8265,2021-11-24,Miercoles,21:15:00,,0.0,2,"Pickup/Utilitario,Moto/Ciclomotor",Rivadavia Y Moreno,2,1,0,0,1,0,0,"-29.88851, -60.29189",Calle,,CALCHAQUÍ,Constitución,Asfalto,S/D,XIX,Dentro,Urbana,Otra Señal,No existe,Intersección,S/D,S/D,Nocturna,Buen Tiempo,Múltiple,S/D,Colisión,S/D,S/D,Cordón divisorio,Sin restricción
2021,8266,2021-11-26,Viernes,17:10:00,,0.0,2,"Moto/Ciclomotor,Pickup/Utilitario",9 de Julio Y Caseros,3,2,0,0,1,0,0,"-30.30741, -61.23283",Calle,,SAN CRISTÓBAL,Constitución,Asfalto,No existe,XIII,Dentro,Urbana,Otra Señal,No existe,Intersección,Bueno,Buena,Diurna,Buen Tiempo,Múltiple,S/D,Colisión,Ninguna,Faltante,Cordón divisorio,Sin restricción
2021,8267,2021-12-03,Viernes,,,0.0,1,Moto/Ciclomotor,G Lehmann Y Mariano Moreno,1,1,0,0,0,0,0,"-31.450191619305,-60.932858818434",Calle,,ESPERANZA,Constitución,Asfalto,Pavimento,XI,Dentro,Urbana,Otra Señal,No existe,Intersección,Bueno,Buena,Diurna,S/D,Múltiple,S/D,Colisión,Ninguna,"Horizontal,Vertical",Cordón divisorio,Sin restricción
2021,8268,2021-12-05,Domingo,21:30:00,Ruta Provincial 70,0.0,2,"Automóvil,Moto/Ciclomotor",A Aufranc 215,2,1,0,0,1,0,0,"-31.446408897919,-60.913793269902",Ruta,70,ESPERANZA,Constitución,Hormigón,Pavimento,XI,Dentro,Urbana,Otra Señal,No existe,Intersección,Bueno,Buena,Diurna,Buen Tiempo,Múltiple,S/D,Colisión,Ninguna,Horizontal,Cordón divisorio,Sin restricción
2021,8269,2021-12-28,Martes,14:05:00,,0.0,2,"Bicicleta,Pickup/Utilitario",Calle 6 Y Calle 7,2,1,0,0,1,0,0,"-31.694098, -60.793165",Calle,,SAUCE VIEJO,Constitución,Tierra,No existe,I,Dentro,Urbana,Otra Señal,No existe,Intersección,Bueno,Buena,Diurna,Buen Tiempo,Múltiple,Ciclista,Colisión,Otro,Faltante,Cordón divisorio,Sin restricción
2021,8270,2021-12-09,Jueves,17:10:00,,0.0,1,Moto/Ciclomotor,Gregorio Donnet Y Rivadavia,1,1,0,0,0,0,0,"-31.445083965396,-60.927090979683",Calle,,ESPERANZA,Constitución,Asfalto,Pavimento,XI,Dentro,Urbana,Otra Señal,No existe,Intersección,Bueno,Buena,Diurna,S/D,Múltiple,S/D,Colisión,Ninguna,"Horizontal,Vertical",Cordón divisorio,Sin restricción
2021,8271,2021-12-26,Domingo,12:50:00,,0.0,1,Moto/Ciclomotor, ,1,1,0,0,0,0,0,"-31.77107264929825,-60.837176426578",S/D,,SAUCE VIEJO,Constitución,S/D,S/D,I,S/D,S/D,Otra Señal,S/D,Intersección,S/D,S/D,Diurna,S/D,Múltiple,S/D,Colisión,S/D,S/D,Cordón divisorio,Sin restricción
2021,8272,2021-12-13,Lunes,22:20:00,,0.0,2,"Moto/Ciclomotor,Automóvil",G Alvear Y R P A Janssen,2,1,0,0,1,0,0,"-31.455688442734,-60.940246056994",Calle,,ESPERANZA,Constitución,Asfalto,No existe,XI,Dentro,Urbana,Otra Señal,No existe,Intersección,Bueno,Buena,Nocturna,Buen Tiempo,Múltiple,S/D,Colisión,Ninguna,Horizontal,Cordón divisorio,Sin restricción
2021,8273,2021-12-24,Viernes,22:10:00,Ruta Nacional 11,0.0,2,"Moto/Ciclomotor,Automóvil",Juan Diaz De Solís Y Ruta Nac 11,2,1,0,0,1,0,0,"-31.704543, -60.801819",Ruta,11,SAUCE VIEJO,Constitución,Asfalto,Natural,I,Dentro,Urbana,Otra Señal,No existe,Intersección,Bueno,Buena,Nocturna,Buen Tiempo,Múltiple,S/D,Colisión,Ninguna,Horizontal,Cordón divisorio,Sin restricción
2021,8274,2021-12-13,Lunes,07:15:00,,0.0,2,"Automóvil,Bicicleta",B Iturraspe Y Mariano Moreno,2,1,0,0,1,0,0,"-31.463707472647,-60.93694357565",Calle,,ESPERANZA,Constitución,Asfalto,No existe,XI,Dentro,Urbana,Otra Señal,No existe,Intersección,Bueno,Buena,Diurna,Buen Tiempo,Múltiple,Ciclista,Colisión,Ninguna,Horizontal,Cordón divisorio,Sin restricción
2021,8275,2021-12-13,Lunes,04:00:00,,0.0,2,"Moto/Ciclomotor,Automóvil",Cullen Y Nicolas Schneider,3,2,0,0,1,0,0,"-31.453706859027,-60.925045556206",Calle,,ESPERANZA,Constitución,Asfalto,No existe,XI,Dentro,Urbana,Otra Señal,No existe,Intersección,Bueno,Buena,"Nocturna,Con luz artificial",Buen Tiempo,Múltiple,S/D,Colisión,Ninguna,Faltante,Cordón divisorio,Sin restricción
2021,8276,2021-12-14,Martes,18:45:00,,0.0,2,"Automóvil,Moto/Ciclomotor",Chacabuco Y Nicolas Schneider,2,1,0,0,1,0,0,"-31.449063616787,-60.923621840863",Calle,,ESPERANZA,Constitución,Asfalto,No existe,XI,Dentro,Urbana,Otra Señal,No existe,Intersección,Bueno,Buena,Diurna,Buen Tiempo,Múltiple,S/D,Colisión,Ninguna,Vertical,Cordón divisorio,Sin restricción
2021,8277,2021-12-15,Miercoles,22:00:00,,0.0,1,Moto/Ciclomotor,Juan José Paso Y López y Planes,3,3,0,0,0,0,0,"-31.453413180469,-60.942443087556",Calle,,ESPERANZA,Constitución,Ripio,No existe,XI,Dentro,Urbana,Otra Señal,No existe,Intersección,Bueno,Buena,Nocturna,Buen Tiempo,Múltiple,S/D,Colisión,Material Suelto,Faltante,Cordón divisorio,Sin restricción
2021,8278,2021-12-17,Viernes,02:10:00,,0.0,2,"Automóvil,Moto/Ciclomotor",Aristóbulo del Valle Y Simón de Iriondo,2,1,0,0,1,0,0,"-31.437869716186,-60.927019954838",Calle,,ESPERANZA,Constitución,Asfalto,No existe,XI,Dentro,Urbana,Otra Señal,No existe,Intersección,Bueno,Buena,Nocturna,Buen Tiempo,Múltiple,S/D,Colisión,Ninguna,Horizontal,Cordón divisorio,Sin restricción
2021,8279,2021-11-04,Jueves,08:00:00,,0.0,2,"Moto/Ciclomotor,Pickup/Utilitario",Gutenberg Y Mendoza,2,0,0,1,1,0,0,"-32.94281, -60.68862",Calle,,ROSARIO,Constitución,Asfalto,No existe,II,Dentro,Urbana,Otra Señal,No existe,Intersección,Bueno,Buena,Diurna,Buen Tiempo,Múltiple,S/D,Colisión,Ninguna,Faltante,Cordón divisorio,Sin restricción
2021,8280,2021-11-09,Martes,08:00:00,,0.0,2,"Moto/Ciclomotor,Automóvil",Urquiza Y Entre Ríos,2,1,0,0,1,0,0,"-32.94247, -60.64003",Calle,,ROSARIO,Constitución,Asfalto,No existe,II,Dentro,Urbana,Otra Señal,No existe,Intersección,Bueno,Buena,Diurna,Buen Tiempo,Múltiple,S/D,Colisión,Ninguna,Faltante,Cordón divisorio,Sin restricción
2021,8281,2021-11-08,Lunes,11:05:00,,0.0,2,"Bicicleta,Bicicleta",Pje. Ricardone Y Entre Ríos,2,1,0,0,1,0,0,"-32.94771, -60.64141",Calle,,ROSARIO,Constitución,Asfalto,S/D,II,Dentro,Urbana,Otra Señal,S/D,Intersección,Bueno,Buena,Diurna,Buen Tiempo,Múltiple,Ciclista,Colisión,Ninguna,Faltante,Cordón divisorio,Sin restricción
2021,8282,2021-11-08,Lunes,11:20:00,,0.0,2,"Automóvil,Moto/Ciclomotor",San Lorenzo ,2,1,0,0,1,0,0,"-32.93559, -60.68538",Calle,,ROSARIO,Constitución,Asfalto,No existe,II,Dentro,Urbana,Otra Señal,No existe,Intersección,Bueno,Buena,Diurna,Buen Tiempo,Múltiple,S/D,Colisión,Ninguna,Faltante,Cordón divisorio,Sin restricción
2021,8283,2021-11-12,Viernes,10:00:00,,0.0,2,"Bicicleta,Otros",Sarmiento Y Santa Fe,2,1,0,0,1,0,0,"-32.94517, -60.63784",Calle,,ROSARIO,Constitución,Asfalto,No existe,II,Dentro,Urbana,Otra Señal,No existe,Intersección,Bueno,Buena,Diurna,Buen Tiempo,Múltiple,Ciclista,Colisión,Ninguna,Faltante,Cordón divisorio,Sin restricción
2021,8284,2021-12-17,Viernes,13:00:00,,0.0,2,"Moto/Ciclomotor,Automóvil",Av. Los Colonizadores Y General Manuel Belgrano,2,1,0,0,1,0,0,"-31.449125052581,-60.929466156249",Avenida,,ESPERANZA,Constitución,Asfalto,No existe,XI,Dentro,Urbana,Otra Señal,No existe,Intersección,Bueno,Buena,Diurna,Buen Tiempo,Múltiple,S/D,Colisión,Ninguna,"Horizontal,Vertical",Cordón divisorio,Sin restricción
2021,8285,2021-12-17,Viernes,16:55:00,,0.0,2,"Automóvil,Automóvil",Almafuerte Y Mariano Moreno,2,1,0,0,1,0,0,"-31.4399572749,-60.929538697467",Calle,,ESPERANZA,Constitución,Asfalto,No existe,XI,Dentro,Urbana,Otra Señal,No existe,Intersección,Bueno,S/D,Diurna,Buen Tiempo,Múltiple,S/D,Colisión,Ninguna,Horizontal,Cordón divisorio,Sin restricción
2021,8286,2021-11-13,Sabado,14:40:00,,0.0,2,"Automóvil,Moto/Ciclomotor",Bv. Avellaneda Y Córdoba,4,2,0,0,2,0,0,"-32.93898, -60.67924",S/D,,ROSARIO,Constitución,Asfalto,No existe,II,S/D,S/D,Otra Señal,No existe,Intersección,Bueno,Buena,Diurna,Buen Tiempo,Múltiple,S/D,Colisión,Ninguna,Faltante,Cordón divisorio,Sin restricción
2021,8287,2021-12-17,Viernes,18:30:00,,0.0,2,"Bicicleta,Automóvil",Alberdi Y Cullen,2,1,0,0,1,0,0,"-31.452965282225,-60.92844680083",Calle,,ESPERANZA,Constitución,Asfalto,No existe,XI,Dentro,Urbana,Otra Señal,No existe,Intersección,Bueno,Buena,Diurna,Buen Tiempo,Múltiple,Ciclista,Colisión,Ninguna,Vertical,Cordón divisorio,Sin restricción
2021,8288,2021-12-21,Martes,19:00:00,,0.0,2,"Moto/Ciclomotor,Pickup/Utilitario",G Lehmann Y General Paz,3,1,0,0,2,0,0,"-31.449986751247,-60.933745713116",Calle,,ESPERANZA,Constitución,Asfalto,No existe,XI,Dentro,Urbana,Otra Señal,No existe,Intersección,Bueno,Buena,Diurna,Buen Tiempo,Múltiple,S/D,Colisión,Ninguna,Faltante,Cordón divisorio,Sin restricción
2021,8291,2021-12-22,Miercoles,,Ruta Provincial 70,0.0,2,"Automóvil,Moto/Ciclomotor",A Aufranc Y Rafaela,2,1,0,0,1,0,0,"-31.445983034643,-60.915565321151",Ruta,70,ESPERANZA,Constitución,Asfalto,Pavimento,XI,Dentro,Urbana,Otra Señal,No existe,Intersección,Bueno,Buena,Diurna,Buen Tiempo,Múltiple,S/D,Colisión,Ninguna,"Horizontal,Vertical",Cordón divisorio,Sin restricción
2021,8292,2021-11-13,Sabado,23:10:00,,0.0,2,"Moto/Ciclomotor,Pickup/Utilitario",Sarmiento Y Montevideo,2,1,0,0,1,0,0,"-32.95618, -60.64055",Calle,,ROSARIO,Constitución,Asfalto,No existe,II,Dentro,Urbana,Otra Señal,No existe,Intersección,Bueno,Buena,"Nocturna,Con luz artificial",Buen Tiempo,Múltiple,S/D,Colisión,Ninguna,Faltante,Cordón divisorio,Sin restricción
2021,8293,2021-12-13,Lunes,23:50:00,Ruta Provincial 32,0.0,2,"Pickup/Utilitario,Moto/Ciclomotor",Av. Eduardo Minetti Y Bernardino Rivadavia,3,2,0,0,1,0,0,"-28.621681877548,-61.629631930393",Ruta,32,VILLA MINETTI,Constitución,Ripio,No existe,XII,Dentro,Urbana,Otra Señal,No existe,Intersección,Con baches,S/D,Nocturna,S/D,Múltiple,S/D,Colisión,Ninguna,Faltante,Cordón divisorio,Sin restricción
2021,8296,2021-12-23,Jueves,17:35:00,,0.0,3,"Automóvil,Bicicleta,Moto/Ciclomotor",Estanislao Zeballos Y Mariano Moreno,4,2,0,0,2,0,0,"-31.438279153769,-60.92901198549",Calle,,ESPERANZA,Constitución,Asfalto,No existe,XI,Dentro,Urbana,Otra Señal,No existe,Intersección,Bueno,Buena,Diurna,Buen Tiempo,Múltiple,Ciclista,Colisión,Ninguna,Horizontal,Cordón divisorio,Sin restricción
2021,8297,2021-12-23,Jueves,18:55:00,,0.0,2,"Moto/Ciclomotor,Automóvil",Gobernador Crespo Y José B García,4,2,0,0,2,0,0,"-31.460532687739,-60.938832042621",Calle,,ESPERANZA,Constitución,Ripio,No existe,XI,Dentro,Urbana,Otra Señal,No existe,Intersección,Bueno,Buena,Diurna,Buen Tiempo,Múltiple,S/D,Colisión,Ninguna,Vertical,Cordón divisorio,Sin restricción
2021,8298,2021-12-10,Viernes,11:00:00,,0.0,2,"Moto/Ciclomotor,Bicicleta",Avenida Rivadavia Y Avenida San Martin,2,2,0,0,0,0,0,"-29.233290942077,-61.7717368395",Avenida,,TOSTADO,Constitución,Asfalto,No existe,XII,Dentro,Urbana,Otra Señal,No existe,Intersección,Bueno,Buena,Diurna,Buen Tiempo,Múltiple,Ciclista,Colisión,Ninguna,Horizontal,Cordón divisorio,Sin restricción
2021,8299,2021-11-05,Viernes,08:30:00,Ruta Nacional 9,0.0,2,"Moto/Ciclomotor,Automóvil",Moreno ,2,1,0,0,1,0,0,"-32.92068, -60.80946",Ruta,9,FUNES,Constitución,Asfalto,Ripio,II,Dentro,Urbana,Otra Señal,No existe,Intersección,Bueno,Buena,"Nocturna,Con luz artificial",S/D,Múltiple,S/D,Colisión,Ninguna,S/D,Cordón divisorio,Sin restricción
2021,8300,2021-11-06,Sabado,08:45:00,,0.0,2,"Moto/Ciclomotor,Automóvil",Pedro Ríos Y Mitre,2,1,0,0,1,0,0,"-32.91877, -60.79968",Calle,,FUNES,Constitución,Asfalto,Natural,I,Dentro,Urbana,Otra Señal,S/D,Intersección,Bueno,Buena,Diurna,Buen Tiempo,Múltiple,S/D,Colisión,Ninguna,Faltante,Cordón divisorio,Sin restricción
2021,8301,2021-12-09,Jueves,,Ruta Secundaria 91-s,0.0,2,"Pickup/Utilitario,Camión c / Acoplado", ,5,2,0,0,3,0,0,"-29.248571, -61.758484",Ruta,91-s,VILLA MINETTI,Constitución,Tierra,No existe,XII,Dentro,Urbana,Otra Señal,No existe,Intersección,Bueno,Buena,Diurna,Buen Tiempo,Múltiple,S/D,Colisión,Ninguna,Faltante,Cordón divisorio,Sin restricción
2021,8302,2021-11-09,Martes,13:00:00,Ruta Nacional 9,0.0,3,"Automóvil,Moto/Ciclomotor,Bicicleta", ,3,2,0,0,1,0,0,"-32.92368, -60.7944",Ruta,9,FUNES,Constitución,Ripio,S/D,II,S/D,Urbana,Otra Señal,S/D,Intersección,S/D,S/D,S/D,Buen Tiempo,Múltiple,Ciclista,Colisión,S/D,S/D,Cordón divisorio,Sin restricción
2021,8304,2021-12-20,Lunes,16:15:00,,0.0,2,"Moto/Ciclomotor,Automóvil",A Gaminara Y Rivadavia,5,1,0,0,4,0,0,"-31.740686087617,-61.093470108844",Calle,,SAN CARLOS CENTRO,Constitución,Asfalto,No existe,XI,Dentro,Urbana,Otra Señal,No existe,Intersección,Bueno,Buena,Atardecer,Buen Tiempo,Múltiple,S/D,Colisión,Ninguna,Faltante,Cordón divisorio,Sin restricción
2021,8305,2021-12-15,Miercoles,12:25:00,Ruta Secundaria 98-s,0.0,1,Pickup/Utilitario, ,1,1,0,0,0,0,0,"-29.23001166845559,-61.770820372854",Ruta,98-s,TOSTADO,Constitución,Asfalto,No existe,XII,Dentro,Urbana,Otra Señal,No existe,Intersección,Bueno,Buena,Diurna,Buen Tiempo,Múltiple,S/D,Colisión,Ninguna,Faltante,Cordón divisorio,Sin restricción
2021,8307,2021-11-10,Miercoles,11:00:00,Ruta Nacional 9,0.0,2,"Automóvil,Pickup/Utilitario", ,2,1,0,0,1,0,0,"-32.92311, -60.7956",Ruta,9,FUNES,Constitución,Asfalto,Pavimento,II,S/D,Urbana,Otra Señal,No existe,Intersección,Bueno,Buena,Diurna,Buen Tiempo,Múltiple,S/D,Colisión,Ninguna,S/D,Cordón divisorio,Sin restricción
2021,8309,2021-12-14,Martes,17:00:00,,0.0,2,"Pickup/Utilitario,Moto/Ciclomotor",A Gaminara Y Sarmiento,2,1,0,0,1,0,0,"-31.739943018905,-61.097560920703",Calle,,SAN CARLOS CENTRO,Constitución,Asfalto,No existe,XI,Dentro,Urbana,Otra Señal,No existe,Intersección,Bueno,Buena,Atardecer,Buen Tiempo,Múltiple,S/D,Colisión,Ninguna,Faltante,Cordón divisorio,Sin restricción
2021,8310,2021-11-12,Viernes,09:20:00,Ruta Nacional 9,0.0,2,"Automóvil,Moto/Ciclomotor", ,2,1,0,0,1,0,0,"-32.92311, -60.7956",Ruta,9,FUNES,Constitución,Asfalto,Ripio,II,Dentro,Urbana,Otra Señal,Funciona,Intersección,Bueno,Buena,Diurna,Buen Tiempo,Múltiple,S/D,Colisión,Ninguna,Vertical,Cordón divisorio,Sin restricción
2021,8311,2021-12-30,Jueves,12:15:00,,0.0,2,"Tractor,Pickup/Utilitario",ADOLFO KESS Y CARLOS KESS,2,1,0,0,1,0,0,"-31.42561912536621,-60.948114395141",Calle,,ESPERANZA,Constitución,Asfalto,No existe,XI,Dentro,Rural,Otra Señal,No existe,Intersección,Bueno,Buena,Diurna,Buen Tiempo,Múltiple,S/D,Colisión,Ninguna,Faltante,Cordón divisorio,Sin restricción
2021,8312,2021-12-28,Martes,08:50:00,Ruta Provincial 6,0.0,2,"Moto/Ciclomotor,Automóvil",Av. Los Colonizadores ,2,1,0,0,1,0,0,"-31.45342665521,-60.911929339937",Ruta,6,ESPERANZA,Constitución,Asfalto,Pavimento,XI,Dentro,Urbana,Otra Señal,Funciona,Intersección,Bueno,Buena,Diurna,Buen Tiempo,Múltiple,S/D,Colisión,Ninguna,"Horizontal,Vertical",Cordón divisorio,Sin restricción
2021,8313,2021-12-26,Domingo,,Ruta Provincial 6,0.0,1,Moto/Ciclomotor,Av. Los Colonizadores ,2,2,0,0,0,0,0,"-31.45342665521,-60.911929339937",Ruta,6,ESPERANZA,Constitución,Asfalto,No existe,XI,Dentro,Urbana,Otra Señal,Funciona,Intersección,Bueno,Buena,Nocturna,Buen Tiempo,Múltiple,S/D,Colisión,Ninguna,Vertical,Cordón divisorio,Sin restricción
2021,8314,2021-11-15,Lunes,12:50:00,Ruta Nacional 9,0.0,2,"Automóvil,Moto/Ciclomotor",Gral. Guido ,2,1,0,0,1,0,0,"-32.91324, -60.86539",Ruta,9,FUNES,Constitución,Asfalto,Ripio,II,Dentro,Urbana,Otra Señal,No existe,Intersección,Bueno,Buena,Diurna,Buen Tiempo,Múltiple,S/D,Colisión,Ninguna,Faltante,Cordón divisorio,Sin restricción
2021,8315,2021-12-18,Sabado,18:08:00,,0.0,1,Camión, ,2,1,0,0,1,0,0,"-29.23001166845559,-61.770820372854",Camino Rural,,TOSTADO,Constitución,Asfalto,Natural,XII,Fuera,Rural,Otra Señal,No existe,Intersección,Bueno,Buena,Atardecer,Buen Tiempo,Múltiple,S/D,Colisión,Ninguna,Faltante,Cordón divisorio,Sin restricción
2021,8316,2021-12-17,Viernes,00:05:00,Ruta Provincial 2,0.0,2,"Moto/Ciclomotor,Automóvil",La Vuelta de Obligado ,3,2,0,0,1,0,0,"-29.2377948760986,-61.7808222770690",Ruta,2,TOSTADO,Constitución,Asfalto,No existe,XII,Dentro,Urbana,Otra Señal,No existe,Intersección,Bueno,Buena,Nocturna,Buen Tiempo,Múltiple,S/D,Colisión,Ninguna,Faltante,Cordón divisorio,Sin restricción
2021,8317,2021-12-24,Viernes,09:50:00,,0.0,2,"Moto/Ciclomotor,Automóvil",Gregorio Donnet Y Rafaela,2,1,0,0,1,0,0,"-31.447562091961,-60.916080357493",Calle,,ESPERANZA,Constitución,Asfalto,No existe,XI,Dentro,Urbana,Otra Señal,No existe,Intersección,Bueno,Buena,Diurna,Buen Tiempo,Múltiple,S/D,Colisión,Ninguna,Faltante,Cordón divisorio,Sin restricción
2021,8318,2021-12-24,Viernes,18:55:00,,0.0,2,"Pickup/Utilitario,Moto/Ciclomotor",La Vuelta de Obligado Y Tucumán,3,1,0,0,2,0,0,"-29.235097244924,-61.763371371057",Calle,,TOSTADO,Constitución,Asfalto,No existe,XII,Dentro,Urbana,Otra Señal,No existe,Intersección,Bueno,Buena,Diurna,Buen Tiempo,Múltiple,S/D,Colisión,Ninguna,Faltante,Cordón divisorio,Sin restricción
2021,8319,2021-11-15,Lunes,19:15:00,,0.0,2,"Automóvil,Moto/Ciclomotor",Las Ranas Y Varela,2,1,0,0,1,0,0,"-32.90862, -60.79629",Calle,,FUNES,Constitución,Ripio,Natural,II,S/D,Urbana,Otra Señal,No existe,Intersección,Bueno,Buena,Diurna,Buen Tiempo,Múltiple,S/D,Colisión,Ninguna,S/D,Cordón divisorio,Sin restricción
2021,8320,2021-11-14,Domingo,23:00:00,,0.0,2,"Moto/Ciclomotor,Automóvil",Bv. Oroño Y Gálvez,2,1,0,0,1,0,0,"-32.96606, -60.65903",Calle,,ROSARIO,Constitución,Asfalto,No existe,II,Dentro,Urbana,Otra Señal,No existe,Intersección,Bueno,Buena,Con luz artificial,Buen Tiempo,Múltiple,S/D,Colisión,Ninguna,Faltante,Cordón divisorio,Sin restricción