anio_acci,nro_acci,fecha,desc_dia,hora_aprox,desc_ruta,km,cant_participantes,desc_participante,calle_avenida_km,total,heridos_leves,heridos_graves,heridos_gravisimos,ilesos,fallecidos,sin_datos,posicion_XY,desc_tipo_via,desc_ruta_ori,desc_loc,desc_dpto,desc_tipo_calzada,desc_tipo_banquina,desc_unidad_regional,desc_lugar_calzada,desc_zona,desc_prioridad,desc_estado_semaforo,desc_lugar_via,desc_estado_via,desc_estado_visibilidad,desc_luminosidad,desc_estado_clima,desc_tipo_colision,desc_tipo_atropello,desc_tipo_hecho,desc_pres_calzada,desc_senializacion,desc_separacion_via,desc_restriccion
2021,8397,2021-11-12,Viernes,07:55:00,,0.0,2,"Moto/Ciclomotor,Pickup/Utilitario",Pasco ,2,0,0,0,0,0,2,"-32.96016, -60.63872",S/D,,ROSARIO,Constitución,S/D,S/D,II,S/D,S/D,Otra Señal,S/D,Intersección,Bueno,S/D,S/D,Buen Tiempo,Múltiple,S/D,Colisión,Ninguna,S/D,Cordón divisorio,Sin restricción
2021,8398,2021-11-22,Lunes,12:15:00,,0.0,2,"Pickup/Utilitario,Moto/Ciclomotor",Santa Fe Y Gral. San Martin,3,2,0,0,1,0,0,"-32.14345, -61.97445",Calle,,PIAMONTE,Constitución,Ripio,Natural,XVIII,Dentro,Urbana,Otra Señal,No existe,Intersección,Bueno,Buena,Diurna,Buen Tiempo,Múltiple,S/D,Colisión,Ninguna,Vertical,Cordón divisorio,Sin restricción
2021,8399,2021-12-14,Martes,16:45:00,,0.0,2,"Bicicleta,Camión Chasis",Bv. Oroño Y Virasoro,2,1,0,0,1,0,0,"-32.967168960779,-60.659345107487",Calle,,ROSARIO,Constitución,Asfalto,No existe,II,Dentro,Urbana,Otra Señal,Funciona,Intersección,Bueno,Buena,Diurna,S/D,Múltiple,Ciclista,Colisión,Ninguna,"Horizontal,Vertical",Cordón divisorio,Sin restricción
2021,8400,2021-12-26,Domingo,09:30:00,,0.0,2,"Moto/Ciclomotor,Pickup/Utilitario",Amenábar Y Italia,2,1,0,0,1,0,0,"-32.970450621039,-60.654358090275",Calle,,ROSARIO,Constitución,Asfalto,No existe,II,Dentro,Urbana,Otra Señal,No existe,Intersección,Bueno,Buena,Diurna,Buen Tiempo,Múltiple,S/D,Colisión,Ninguna,Vertical,Cordón divisorio,Sin restricción
2021,8401,2021-12-15,Miercoles,18:00:00,Autopista Nacional A008,0.0,2,"Moto/Ciclomotor,Automóvil",Av. Circunvalación Y Bv. 27 De Febrero,2,1,0,0,1,0,0,"-32.959540790808,-60.721180829967",Autopista,A008,ROSARIO,Constitución,Asfalto,No existe,II,Dentro,Urbana,Otra Señal,Funciona,Intersección,Bueno,Buena,Diurna,Buen Tiempo,Múltiple,S/D,Colisión,Ninguna,"Horizontal,Vertical",Cordón divisorio,Sin restricción
2021,8403,2021-12-16,Jueves,09:00:00,,0.0,2,"Pickup/Utilitario,Moto/Ciclomotor",Cerrito Y Necochea,3,2,0,0,1,0,0,"-32.964363389779,-60.628056535408",Calle,,ROSARIO,Constitución,Asfalto,No existe,II,Dentro,Urbana,Otra Señal,No existe,Intersección,Bueno,Buena,Diurna,Buen Tiempo,Múltiple,S/D,Colisión,Ninguna,"Horizontal,Vertical",Cordón divisorio,Sin restricción
2021,8405,2021-11-08,Lunes,16:00:00,,0.0,2,"Bicicleta,Automóvil",J.Colombres Y Irurtia,2,1,0,0,0,0,1,"-32.93998, -60.72936",Calle,,ROSARIO,Constitución,Asfalto,No existe,II,Dentro,Urbana,Otra Señal,No existe,Intersección,Bueno,Buena,Diurna,Buen Tiempo,Múltiple,Ciclista,Colisión,Ninguna,Faltante,Cordón divisorio,Sin restricción
2021,8406,2021-12-02,Jueves,18:20:00,,0.0,2,"Automóvil,Moto/Ciclomotor",Avenida Nuestra Señora del Luj Y Rca Oriental del Uruguay,2,1,0,0,1,0,0,"-31.681511609019,-60.775804613342",Avenida,,SANTO TOMÉ,Constitución,Asfalto,No existe,I,Dentro,Urbana,Otra Señal,No existe,Intersección,Bueno,Buena,Diurna,Buen Tiempo,Múltiple,S/D,Colisión,Ninguna,Faltante,Cordón divisorio,Sin restricción
2021,8407,2021-12-17,Viernes,19:00:00,,0.0,2,"Moto/Ciclomotor,Moto/Ciclomotor",Azcuénaga Y 12 de septiembre,2,2,0,0,0,0,0,"-31.679183883941,-60.777451489783",Calle,,SANTO TOMÉ,Constitución,Asfalto,No existe,I,Dentro,Urbana,Otra Señal,No existe,Intersección,Bueno,Buena,Nocturna,Buen Tiempo,Múltiple,S/D,Colisión,Ninguna,Faltante,Cordón divisorio,Sin restricción
2021,8408,2021-12-15,Miercoles,13:00:00,,0.0,2,"Otros,Moto/Ciclomotor",Dorrego Y Gálvez,2,1,0,0,1,0,0,"-32.96676569829,-60.654845410795",Calle,,ROSARIO,Constitución,Asfalto,No existe,II,Dentro,Urbana,Otra Señal,No existe,Intersección,Bueno,Buena,Diurna,Buen Tiempo,Múltiple,S/D,Colisión,Ninguna,Faltante,Cordón divisorio,Sin restricción
2021,8409,2021-12-18,Sabado,16:20:00,,0.0,2,"Automóvil,Vehículo Oficial",Av. Ovidio Lagos Y Av. Pellegrini,3,2,0,0,1,0,0,"-32.953162005427,-60.664206696885",Avenida,,ROSARIO,Constitución,Asfalto,No existe,II,Dentro,Urbana,Otra Señal,Funciona,Intersección,Bueno,Buena,Diurna,Buen Tiempo,Múltiple,S/D,Colisión,Ninguna,"Horizontal,Vertical",Cordón divisorio,Sin restricción
2021,8410,2021-12-18,Sabado,21:30:00,,0.0,2,"Moto/Ciclomotor,Moto/Ciclomotor",Buenos Aires Y Rca Oriental del Uruguay,3,3,0,0,0,0,0,"-31.681510603594,-60.773742852177",Calle,,SANTO TOMÉ,Constitución,Ripio,No existe,I,Dentro,Urbana,Otra Señal,No existe,Intersección,Bueno,Buena,"Nocturna,Con luz artificial",Buen Tiempo,Múltiple,S/D,Colisión,Ninguna,Faltante,Cordón divisorio,Sin restricción
2021,8412,2021-12-18,Sabado,17:50:00,,0.0,2,"Moto/Ciclomotor,Automóvil",Bv. 27 De Febrero Y Bv. Oroño,2,1,0,0,1,0,0,"-32.964828473776,-60.658500919693",Avenida,,ROSARIO,Constitución,Asfalto,No existe,II,Dentro,Urbana,Otra Señal,Funciona,Intersección,Bueno,Buena,Diurna,Buen Tiempo,Múltiple,S/D,Colisión,Ninguna,"Horizontal,Vertical",Cordón divisorio,Sin restricción
2021,8413,2021-12-19,Domingo,01:00:00,,0.0,2,"Moto/Ciclomotor,Automóvil",Cochabamba Y Necochea,2,1,0,0,1,0,0,"-32.960922864511,-60.627189276179",Calle,,ROSARIO,Constitución,Asfalto,No existe,II,Dentro,Urbana,Otra Señal,No existe,Intersección,S/D,Buena,Diurna,Buen Tiempo,Múltiple,S/D,Colisión,Ninguna,"Horizontal,Vertical",Cordón divisorio,Sin restricción
2021,8414,2021-12-25,Sabado,03:05:00,Ruta Nacional 11,0.0,2,"Moto/Ciclomotor,Automóvil",B de Tucumán Y Ruta Nacional 11,3,3,0,0,0,0,0,"-30.786029528589,-60.599784693356",Ruta,11,SAN JUSTO,Constitución,Asfalto,Pavimento,XVI,Dentro,Urbana,Otra Señal,No existe,Intersección,Bueno,Buena,Nocturna,Buen Tiempo,Múltiple,S/D,Colisión,Ninguna,Horizontal,Cordón divisorio,Sin restricción
2021,8415,2021-12-04,Sabado,22:30:00,,0.0,2,"Automóvil,Automóvil",Primera Junta 4420,5,5,0,0,0,0,0,"-31.685027924541,-60.791294519839",Avenida,,SANTA FE,Constitución,Asfalto,Natural,I,Dentro,Urbana,Otra Señal,No existe,Intersección,Bueno,Reducida,Nocturna,Buen Tiempo,Múltiple,S/D,Colisión,Ninguna,Horizontal,Cordón divisorio,Sin restricción
2021,8416,2021-12-24,Viernes,03:15:00,,0.0,2,"Moto/Ciclomotor,Automóvil",Bv C Pellegrini Y Gdor. Cabal,2,1,0,0,1,0,0,"-30.793577969635,-60.595114265764",Avenida,,SAN JUSTO,Constitución,Asfalto,No existe,XVI,Dentro,Urbana,Otra Señal,No existe,Intersección,Bueno,S/D,Nocturna,Buen Tiempo,Múltiple,S/D,Colisión,Ninguna,Faltante,Cordón divisorio,Sin restricción
2021,8417,2021-12-15,Miercoles,21:40:00,,0.0,2,"Moto/Ciclomotor,Automóvil",Bv R S PEÑA Y Italia,3,2,0,0,1,0,0,"-30.79137126899,-60.599332027754",Avenida,,SAN JUSTO,Constitución,Hormigón,No existe,XVI,Dentro,Urbana,Otra Señal,No existe,Intersección,Bueno,Buena,Nocturna,Buen Tiempo,Múltiple,S/D,Colisión,Material Suelto,Faltante,Cordón divisorio,Sin restricción
2021,8419,2021-12-15,Miercoles,02:30:00,Ruta Nacional 11,0.0,1,Automóvil,Juan José Paso Y Ruta 11 Avenida Richieri,1,1,0,0,0,0,0,"-31.68601958946,-60.780429860514",Ruta,11,SANTO TOMÉ,Constitución,Asfalto,Ripio,I,Dentro,Urbana,Otra Señal,No existe,Intersección,Bueno,Buena,"Nocturna,Con luz artificial",Buen Tiempo,Múltiple,S/D,Colisión,Ninguna,Horizontal,Cordón divisorio,Sin restricción
2021,8420,2021-12-09,Jueves,23:00:00,,0.0,2,"Moto/Ciclomotor,Moto/Ciclomotor",Fco Angeloni Y Independencia,2,2,0,0,0,0,0,,Calle,,SAN JUSTO,Constitución,Asfalto,No existe,XVI,Dentro,Urbana,Otra Señal,No existe,Intersección,Bueno,Buena,Nocturna,Buen Tiempo,Múltiple,S/D,Colisión,Ninguna,Faltante,Cordón divisorio,Sin restricción
2021,8422,2021-11-30,Martes,21:40:00,Ruta Nacional 34,232.0,3,"Automóvil,Pickup/Utilitario,Camión c / Acoplado", ,3,1,0,0,2,0,0,"-31.12907, -61.47488",Ruta,34,LEHMANN,Constitución,Asfalto,Natural,V,S/D,Rural,Otra Señal,No existe,Intersección,Bueno,Buena,Nocturna,Buen Tiempo,Múltiple,S/D,Colisión,Ninguna,"Horizontal,Vertical",Cordón divisorio,Sin restricción
2021,8423,2021-12-19,Domingo,02:15:00,Ruta Nacional 11,0.0,2,"Automóvil,Automóvil",Primera Junta 4400,4,4,0,0,0,0,0,"-31.684869105867,-60.791001625509",Ruta,11,SANTO TOMÉ,Constitución,Asfalto,Ripio,I,Dentro,Urbana,Otra Señal,No existe,Intersección,Bueno,Buena,"Nocturna,Con luz artificial",Buen Tiempo,Múltiple,S/D,Colisión,Ninguna,Horizontal,Cordón divisorio,Sin restricción
2021,8424,2021-11-06,Sabado,19:45:00,,0.0,2,"Moto/Ciclomotor,Moto/Ciclomotor",Rivarola Y C.Larralde,2,1,0,0,1,0,0,"-32.96625, -60.72606",Calle,,ROSARIO,Constitución,Asfalto,No existe,II,Dentro,Urbana,Otra Señal,No existe,Intersección,Bueno,Buena,Diurna,Buen Tiempo,Múltiple,S/D,Colisión,Ninguna,Faltante,Cordón divisorio,Sin restricción
2021,8425,2021-11-17,Miercoles,00:40:00,Autopista Nacional Rosario -Cordoba,70.0,2,"Camión,Camión", ,2,1,0,0,1,0,0,"-31.53136, -61.53288",Autopista,Rosario -Cordoba,ANGÉLICA,Constitución,Asfalto,Pavimento,V,Dentro,Rural,Otra Señal,No existe,Intersección,Bueno,Buena,Nocturna,Buen Tiempo,Múltiple,S/D,Colisión,Ninguna,Faltante,Cordón divisorio,Sin restricción
2021,8427,2021-12-22,Miercoles,19:40:00,,0.0,2,"Moto/Ciclomotor,Automóvil",Entre Ríos Y Ruta 11 Avenida Richieri,4,3,0,0,1,0,0,"-31.687004, -60.775583",Avenida,,SANTO TOMÉ,Constitución,Ripio,No existe,I,Dentro,Urbana,Otra Señal,No existe,Intersección,Bueno,Buena,Nocturna,Buen Tiempo,Múltiple,S/D,Colisión,Ninguna,Faltante,Cordón divisorio,Sin restricción
2021,8428,2021-11-27,Sabado,15:50:00,Ruta Nacional 11,479.5,2,"Moto/Ciclomotor,Automóvil", ,4,1,0,0,3,0,0,"-31.51323, -60.72593",Ruta,11,SANTA FE,Constitución,Hormigón,Ripio,I,S/D,Urbana,Otra Señal,No existe,Intersección,Bueno,Buena,Nocturna,Buen Tiempo,Múltiple,S/D,Colisión,Ninguna,Horizontal,Cordón divisorio,Sin restricción
2021,8429,2021-11-06,Sabado,13:15:00,,0.0,2,"Moto/Ciclomotor,Automóvil",Pellegrini ,2,1,0,0,1,0,0,"-32.95198, -60.67097",S/D,,VILLA GOBERNADOR GÁLVEZ,Constitución,Tierra,No existe,II,S/D,Urbana,Otra Señal,No existe,Intersección,Deteriorada,Buena,Diurna,S/D,Múltiple,S/D,Colisión,Material Suelto,Faltante,Cordón divisorio,Sin restricción
2021,8430,2021-11-09,Martes,17:15:00,Ruta Provincial 22,0.0,2,"Moto/Ciclomotor,Moto/Ciclomotor",Av. Costera Saladillo ,2,2,0,0,0,0,0,"-33.03986, -60.65702",Ruta,22,VILLA GOBERNADOR GÁLVEZ,Constitución,Asfalto,No existe,II,S/D,Urbana,Otra Señal,No existe,Intersección,Bueno,Buena,Diurna,Buen Tiempo,Múltiple,S/D,Colisión,Ninguna,Faltante,Cordón divisorio,Sin restricción
2021,8431,2021-12-09,Jueves,09:00:00,,0.0,2,"Pickup/Utilitario,Bicicleta",NÉSTOR ZAMARA Y CAMINO RURAL,2,1,0,0,1,0,0,"-30.777468681335414,-60.60170173645",Camino Rural,,SAN JUSTO,Constitución,Tierra,No existe,XVI,Dentro,Rural,Otra Señal,No existe,Intersección,Bueno,Buena,Diurna,Buen Tiempo,Múltiple,S/D,Colisión,Ninguna,Faltante,Cordón divisorio,Sin restricción
2021,8432,2021-11-15,Lunes,07:50:00,Ruta Provincial 16,0.0,2,"Automóvil,Moto/Ciclomotor",CALLE 12 ,2,1,0,0,1,0,0,"-33.07281, -60.57853",Ruta,16,PUEBLO ESTHER,Constitución,Asfalto,Pavimento,II,Dentro,Rural,Otra Señal,No existe,Intersección,Bueno,Buena,Diurna,Buen Tiempo,Múltiple,S/D,Colisión,Ninguna,Faltante,Cordón divisorio,Sin restricción
2021,8433,2021-12-08,Miercoles,15:00:00,,0.0,2,"Moto/Ciclomotor,Moto/Ciclomotor",Cno San Roque Y Mantovani J,2,1,0,0,1,0,0,"-30.782504383004,-60.593567847726",Calle,,SAN JUSTO,Constitución,Asfalto,No existe,XVI,Dentro,Urbana,Otra Señal,No existe,Intersección,Bueno,Buena,Diurna,Buen Tiempo,Múltiple,S/D,Colisión,Ninguna,Faltante,Cordón divisorio,Sin restricción
2021,8434,2021-11-12,Viernes,16:20:00,,0.0,2,"Automóvil,Moto/Ciclomotor",CÓRDOBA ,2,1,0,0,1,0,0,"-33.07478, -60.57426",Calle,,PUEBLO ESTHER,Constitución,Asfalto,No existe,II,S/D,Urbana,Otra Señal,No existe,Intersección,Bueno,Buena,Diurna,Buen Tiempo,Múltiple,S/D,Colisión,Ninguna,Faltante,Cordón divisorio,Sin restricción
2021,8435,2021-12-07,Martes,20:10:00,,0.0,2,"Moto/Ciclomotor,Automóvil",Belgrano Y N Figueredo,3,1,0,0,2,0,0,"-30.791393369601,-60.591574679686",Calle,,SAN JUSTO,Constitución,Asfalto,No existe,XVI,Dentro,Urbana,Otra Señal,No existe,Intersección,Bueno,Buena,"Nocturna,Con luz artificial",Buen Tiempo,Múltiple,S/D,Colisión,Ninguna,Faltante,Cordón divisorio,Sin restricción
2021,8436,2021-12-04,Sabado,06:00:00,Ruta Nacional 11,537.0,2,"Automóvil,Camión", ,4,1,0,0,3,0,0,"-31.03352461670837, -60.70674620004",Ruta,11,VIDELA,Constitución,Asfalto,Natural,XVI,Dentro,Urbana,Otra Señal,No existe,Intersección,Resbaladiza,S/D,Nocturna,Lluvia,Múltiple,S/D,Colisión,Agua,Horizontal,Cordón divisorio,Sin restricción
2021,8437,2021-11-29,Lunes,14:30:00,Ruta Nacional A012,62.0,2,"Moto/Ciclomotor,Automóvil", ,2,1,0,0,1,0,0,"-32.77951, -60.79965",Ruta,A012,RICARDONE,Constitución,Asfalto,Natural,XVII,S/D,Urbana,Otra Señal,No existe,Intersección,Bueno,Buena,Diurna,Buen Tiempo,Múltiple,S/D,Colisión,Ninguna,Horizontal,Cordón divisorio,Sin restricción
2021,8438,2021-11-14,Domingo,15:45:00,Ruta Provincial 21,0.0,2,"Moto/Ciclomotor,Transporte de Pasajeros Urbano (> 8 asientos)", ,3,2,0,0,1,0,0,"-33.10296, -60.55401",Ruta,21,GENERAL LAGOS,Constitución,Asfalto,Natural,II,S/D,S/D,Otra Señal,No existe,Intersección,Bueno,Buena,Diurna,Buen Tiempo,Múltiple,S/D,Colisión,Ninguna,S/D,Cordón divisorio,Sin restricción
2021,8439,2021-11-01,Lunes,19:20:00,Ruta Provincial 21,0.0,2,"Moto/Ciclomotor,Automóvil", ,3,2,0,0,0,0,1,"-33.04902, -60.6049",Ruta,21,ALVEAR,Constitución,S/D,S/D,II,S/D,Urbana,Otra Señal,S/D,Intersección,S/D,S/D,S/D,S/D,Múltiple,S/D,Colisión,S/D,S/D,Cordón divisorio,Sin restricción
2021,8440,2021-11-13,Sabado,17:00:00,,0.0,2,"Moto/Ciclomotor,Moto/Ciclomotor",Av. Gral. San Martin 2500,2,2,0,0,0,0,0,"-33.02889, -60.62117",Calle,,VILLA GOBERNADOR GÁLVEZ,Constitución,Asfalto,No existe,II,Dentro,Urbana,Otra Señal,No existe,Intersección,Bueno,Buena,Diurna,Buen Tiempo,Múltiple,S/D,Colisión,Ninguna,Faltante,Cordón divisorio,Sin restricción
2021,8441,2021-12-27,Lunes,16:30:00,,0.0,2,"Automóvil,Taxi/Remis",MAURI Y 13 DE DICIEMBRE ,2,1,0,0,1,0,0,"-31.681305, -60.786116",Calle,,SANTA FE,Constitución,Ripio,Natural,I,Dentro,Urbana,Otra Señal,No existe,Intersección,Bueno,Buena,"Diurna,Con luz artificial",Buen Tiempo,Múltiple,S/D,Colisión,Ninguna,Faltante,Cordón divisorio,Sin restricción
2021,8442,2021-11-11,Jueves,15:10:00,,0.0,2,"Moto/Ciclomotor,Automóvil",Ayacucho ,2,1,0,0,1,0,0,"-32.98356, -60.63582",Calle,,VILLA GOBERNADOR GÁLVEZ,Constitución,Asfalto,No existe,II,Dentro,Urbana,Otra Señal,No existe,Intersección,Bueno,Buena,Diurna,Buen Tiempo,Múltiple,S/D,Colisión,Ninguna,Faltante,Cordón divisorio,Sin restricción
2021,8443,2021-11-08,Lunes,14:10:00,,0.0,2,"Moto/Ciclomotor,Vehículo Oficial",17 de Octubre Y J A Roca,3,2,0,0,1,0,0,"-33.02222, -60.60896",Calle,,VILLA GOBERNADOR GÁLVEZ,Constitución,Asfalto,No existe,II,Dentro,Urbana,Otra Señal,No existe,Intersección,Bueno,Buena,Diurna,Buen Tiempo,Múltiple,S/D,Colisión,Ninguna,Faltante,Cordón divisorio,Sin restricción
2021,8446,2021-11-07,Domingo,09:45:00,,0.0,1,Moto/Ciclomotor,Belgrano 1800,1,1,0,0,0,0,0,"-32.96201, -60.62123",Calle,,VILLA GOBERNADOR GÁLVEZ,Constitución,Asfalto,No existe,II,Dentro,Urbana,Otra Señal,No existe,Intersección,Bueno,Buena,Diurna,Buen Tiempo,Múltiple,S/D,Colisión,Ninguna,Faltante,Cordón divisorio,Sin restricción
2021,8447,2021-11-01,Lunes,12:50:00,,0.0,1,Moto/Ciclomotor,Laprida Y Av. Juan Domingo Perón,2,2,0,0,0,0,0,"-33.02412, -60.62373",Calle,,VILLA GOBERNADOR GÁLVEZ,Constitución,Asfalto,No existe,II,Dentro,Urbana,Otra Señal,No existe,Intersección,Bueno,Buena,Diurna,Buen Tiempo,Múltiple,S/D,Colisión,Ninguna,Faltante,Cordón divisorio,Sin restricción
2021,8448,2021-12-29,Miercoles,02:15:00,,0.0,2,"Moto/Ciclomotor,Moto/Ciclomotor",4 de enero Y 12 de septiembre,2,1,0,0,1,0,0,"-31.678491080449,-60.781616542102",Calle,,SANTO TOMÉ,Constitución,Ripio,No existe,I,Dentro,Urbana,Otra Señal,No existe,Intersección,Bueno,Buena,"Nocturna,Con luz artificial",Buen Tiempo,Múltiple,S/D,Colisión,Ninguna,Faltante,Cordón divisorio,Sin restricción
2021,8449,2021-12-08,Miercoles,11:00:00,,0.0,2,"Pickup/Utilitario,Moto/Ciclomotor",9 de Julio Y Sarmiento D,4,3,0,0,1,0,0,"-29.458528479817,-60.215368373745",Calle,,VERA,Constitución,Asfalto,No existe,XIX,Dentro,Urbana,Otra Señal,No existe,Intersección,Bueno,Buena,Diurna,Buen Tiempo,Múltiple,S/D,Colisión,Ninguna,Faltante,Cordón divisorio,Sin restricción
2021,8450,2021-11-01,Lunes,18:50:00,,0.0,2,"Moto/Ciclomotor,Transporte de Pasajeros (H/ 8 asientos)",Av. Juan Domingo Perón Y Bv San diego,2,1,0,0,1,0,0,"-33.01888, -60.61849",Calle,,VILLA GOBERNADOR GÁLVEZ,Constitución,Asfalto,No existe,II,Dentro,Urbana,Otra Señal,Funciona,Intersección,Bueno,Buena,Atardecer,Buen Tiempo,Múltiple,S/D,Colisión,Ninguna,Faltante,Cordón divisorio,Sin restricción
2021,8452,2021-12-29,Miercoles,22:00:00,Ruta Nacional 11,0.0,2,"Moto/Ciclomotor,Automóvil",Juan José Paso Y Ruta 11 Avenida Richieri,2,1,0,0,1,0,0,"-31.68601958946,-60.780429860514",Ruta,11,SANTO TOMÉ,Constitución,Asfalto,Natural,I,Dentro,Urbana,Otra Señal,No existe,Intersección,Bueno,Buena,"Nocturna,Con luz artificial",Buen Tiempo,Múltiple,S/D,Colisión,Ninguna,Horizontal,Cordón divisorio,Sin restricción
2021,8453,2021-11-29,Lunes,07:50:00,,0.0,1,Camión c / Acoplado, ,1,1,0,0,0,0,0,"-32.78252, -60.86992",Camino Rural,,LUIS PALACIOS,Constitución,Tierra,No existe,XVII,Dentro,Rural,Otra Señal,No existe,Intersección,Otro,Buena,Diurna,Buen Tiempo,Múltiple,S/D,Colisión,Ninguna,Faltante,Cordón divisorio,Sin restricción
2021,8454,2021-12-24,Viernes,21:00:00,Ruta Nacional 11,0.0,2,"Moto/Ciclomotor,Automóvil",Buenos Aires Y Ruta 11 Avenida Richieri,3,2,0,0,1,0,0,"-31.687030752634,-60.775070066207",Ruta,11,SANTO TOMÉ,Constitución,Ripio,No existe,I,Dentro,Urbana,Otra Señal,No existe,Intersección,Bueno,Buena,"Nocturna,Con luz artificial",Buen Tiempo,Múltiple,S/D,Colisión,Ninguna,Faltante,Cordón divisorio,Sin restricción
2021,8455,2021-11-04,Jueves,20:30:00,,0.0,2,"Automóvil,Moto/Ciclomotor",Chubut Y Alberti,2,1,0,0,1,0,0,"-33.03351, -60.62214",Calle,,VILLA GOBERNADOR GÁLVEZ,Constitución,Asfalto,Pavimento,II,Dentro,Urbana,Otra Señal,No existe,Intersección,Deteriorada,Reducida,Nocturna,Otro,Múltiple,S/D,Colisión,S/D,Faltante,Cordón divisorio,Sin restricción
2021,8456,2021-11-13,Sabado,08:25:00,,0.0,2,"Automóvil,Moto/Ciclomotor",Moreno Y Pasteur,2,1,0,0,1,0,0,"-33.02555, -60.62675",Calle,,VILLA GOBERNADOR GÁLVEZ,Constitución,Asfalto,Pavimento,II,S/D,Urbana,Otra Señal,No existe,Intersección,Deteriorada,Buena,Diurna,S/D,Múltiple,S/D,Colisión,Ninguna,S/D,Cordón divisorio,Sin restricción
2021,8457,2021-11-14,Domingo,14:50:00,,0.0,2,"Moto/Ciclomotor,Automóvil",Soldado Aguirre Y P Opicci,3,2,0,0,1,0,0,"-33.02915, -60.63426",Calle,,VILLA GOBERNADOR GÁLVEZ,Constitución,Asfalto,Pavimento,II,Dentro,Urbana,Otra Señal,S/D,Intersección,Bueno,Buena,Diurna,Buen Tiempo,Múltiple,S/D,Colisión,S/D,S/D,Cordón divisorio,Sin restricción
2021,8458,2021-11-05,Viernes,18:45:00,,0.0,2,"Moto/Ciclomotor,Moto/Ciclomotor",Magallanes Y Pellegrini,2,1,0,0,1,0,0,"-33.03162, -60.63568",Calle,,VILLA GOBERNADOR GÁLVEZ,Constitución,Asfalto,No existe,II,S/D,Urbana,Otra Señal,S/D,Intersección,Deteriorada,Reducida,"Diurna,Con luz artificial",S/D,Múltiple,S/D,Colisión,Otro,S/D,Cordón divisorio,Sin restricción
2021,8459,2021-12-09,Jueves,20:15:00,,0.0,2,"Moto/Ciclomotor,Automóvil",9 de Julio Y Sarmiento D,2,1,0,0,1,0,0,"-29.458528479817,-60.215368373745",Calle,,VERA,Constitución,Asfalto,No existe,XIX,Dentro,Urbana,Otra Señal,No existe,Intersección,Bueno,Buena,"Nocturna,Con luz artificial",Buen Tiempo,Múltiple,S/D,Colisión,Ninguna,Faltante,Cordón divisorio,Sin restricción
2021,8461,2021-12-30,Jueves,03:30:00,Ruta Nacional 11,715.0,1,Moto/Ciclomotor, ,1,1,0,0,0,0,0,"-29.521643951302217, -60.2197159265",Ruta,11,VERA,Constitución,Asfalto,Pavimento,XIX,Dentro,Urbana,Otra Señal,No existe,Intersección,S/D,S/D,Nocturna,S/D,Múltiple,S/D,Colisión,Ninguna,Horizontal,Cordón divisorio,Sin restricción
2021,8462,2021-11-05,Viernes,19:20:00,,0.0,2,"Moto/Ciclomotor,Automóvil",Soldado Aguirre Y Av. Cafferata,2,1,0,0,1,0,0,"-33.02942, -60.6411",Calle,,VILLA GOBERNADOR GÁLVEZ,Constitución,Asfalto,Pavimento,II,S/D,Urbana,Otra Señal,No existe,Intersección,Bueno,Buena,Amanecer,Otro,Múltiple,S/D,Colisión,Ninguna,Faltante,Cordón divisorio,Sin restricción
2021,8463,2021-12-18,Sabado,05:20:00,Ruta Provincial 3,2.0,1,Moto/Ciclomotor, ,2,2,0,0,0,0,0,"-29.452738891363264, -60.1881457054",Ruta,3,VERA,Constitución,Asfalto,Natural,XIX,Dentro,Urbana,Otra Señal,No existe,Intersección,Bueno,Buena,Nocturna,Buen Tiempo,Múltiple,S/D,Colisión,Ninguna,Horizontal,Cordón divisorio,Sin restricción
2021,8464,2021-11-19,Viernes,16:20:00,Autopista Nacional Rosario -Cordoba,323.5,1,Automóvil, ,3,3,0,0,0,0,0,"-32.90164, -61.02972",Autopista,Rosario -Cordoba,SAN JERÓNIMO SUR,Constitución,Asfalto,Ripio,XVII,Dentro,Urbana,Otra Señal,No existe,Intersección,Bueno,Buena,Diurna,Buen Tiempo,Múltiple,S/D,Colisión,Ninguna,Horizontal,Cordón divisorio,Sin restricción
2021,8465,2021-11-02,Martes,21:30:00,,0.0,2,"Moto/Ciclomotor,Moto/Ciclomotor",G López Y San Juan,3,1,0,0,2,0,0,"-33.01659, -60.60691",S/D,,VILLA GOBERNADOR GÁLVEZ,Constitución,Asfalto,S/D,II,S/D,S/D,Otra Señal,S/D,Intersección,Bueno,S/D,S/D,Buen Tiempo,Múltiple,S/D,Colisión,Ninguna,Faltante,Cordón divisorio,Sin restricción