anio_acci,nro_acci,fecha,desc_dia,hora_aprox,desc_ruta,km,cant_participantes,desc_participante,calle_avenida_km,total,heridos_leves,heridos_graves,heridos_gravisimos,ilesos,fallecidos,sin_datos,posicion_XY,desc_tipo_via,desc_ruta_ori,desc_loc,desc_dpto,desc_tipo_calzada,desc_tipo_banquina,desc_unidad_regional,desc_lugar_calzada,desc_zona,desc_prioridad,desc_estado_semaforo,desc_lugar_via,desc_estado_via,desc_estado_visibilidad,desc_luminosidad,desc_estado_clima,desc_tipo_colision,desc_tipo_atropello,desc_tipo_hecho,desc_pres_calzada,desc_senializacion,desc_separacion_via,desc_restriccion
2021,8466,2021-12-23,Jueves,10:30:00,,0.0,1,Moto/Ciclomotor,Rosario Y Salta,1,1,0,0,0,0,0,"-29.463125619481,-60.206460719187",Calle,,VERA,Constitución,Ripio,No existe,XIX,Dentro,Urbana,Otra Señal,No existe,Intersección,Bueno,Buena,Diurna,Buen Tiempo,Múltiple,S/D,Colisión,Fluidos,Vertical,Cordón divisorio,Sin restricción
2021,8467,2021-12-24,Viernes,23:50:00,,0.0,2,"Pickup/Utilitario,Automóvil",3 de febrero Y 12 de septiembre,8,3,0,0,5,0,0,"-31.678216, -60.783244",Calle,,SANTO TOMÉ,Constitución,Ripio,No existe,I,Dentro,Urbana,Otra Señal,No existe,Intersección,Bueno,Buena,Nocturna,Buen Tiempo,Múltiple,S/D,Colisión,Ninguna,Faltante,Cordón divisorio,Sin restricción
2021,8468,2021-12-11,Sabado,11:30:00,,0.0,2,"Moto/Ciclomotor,Moto/Ciclomotor",L de la Torre Y R S PEÑA,3,2,0,0,1,0,0,,Calle,,VERA,Constitución,Asfalto,No existe,XIX,Dentro,Urbana,Otra Señal,No existe,Intersección,Bueno,Buena,Diurna,Buen Tiempo,Múltiple,S/D,Colisión,Ninguna,Faltante,Cordón divisorio,Sin restricción
2021,8469,2021-11-09,Martes,11:50:00,,0.0,2,"Moto/Ciclomotor,Moto/Ciclomotor",17 de Octubre Y 3 de Febrero,3,1,0,0,0,0,2,"-33.01273, -60.60928",S/D,,VILLA GOBERNADOR GÁLVEZ,Constitución,Asfalto,S/D,II,S/D,Urbana,Otra Señal,S/D,Intersección,Deteriorada,Buena,Diurna,Buen Tiempo,Múltiple,S/D,Colisión,Ninguna,Faltante,Cordón divisorio,Sin restricción
2021,8470,2021-12-18,Sabado,19:45:00,Ruta Provincial 3,5.0,1,Moto/Ciclomotor, ,1,1,0,0,0,0,0,"-29.402948, -60.197525",Ruta,3,CARAGUATAY,Constitución,Tierra,No existe,XIX,Dentro,Urbana,Otra Señal,No existe,Intersección,Bueno,Reducida polvo,Atardecer,Buen Tiempo,Múltiple,S/D,Colisión,Ninguna,Vertical,Cordón divisorio,Sin restricción
2021,8471,2021-11-01,Lunes,17:45:00,,0.0,2,"Moto/Ciclomotor,Automóvil",Av. Provincias Unidas Y Marcos Paz,2,1,0,0,1,0,0,"-32.9391, -60.71264",Avenida,,ROSARIO,Constitución,Asfalto,No existe,II,Dentro,Urbana,Otra Señal,Funciona,Intersección,Resbaladiza,Reducida,Diurna,Lluvia,Múltiple,S/D,Colisión,Agua,S/D,Cordón divisorio,Sin restricción
2021,8473,2021-12-23,Jueves,02:00:00,,0.0,1,Moto/Ciclomotor,Colon Y San Martin,1,1,0,0,0,0,0,"-29.457134059159,-60.210077174341",Calle,,VERA,Constitución,Asfalto,No existe,XIX,Dentro,Urbana,Otra Señal,No existe,Intersección,Bueno,Buena,Diurna,Buen Tiempo,Múltiple,S/D,Colisión,Ninguna,Faltante,Cordón divisorio,Sin restricción
2021,8474,2021-12-11,Sabado,18:40:00,Ruta Provincial 23,0.0,2,"Pickup/Utilitario,Bicicleta",Jujuy ,3,2,0,0,1,0,0,"-30.351104, -61.908377",Ruta,23,SAN GUILLERMO,Constitución,Asfalto,Ripio,XIII,Dentro,Urbana,Otra Señal,No existe,Intersección,Bueno,Buena,Nocturna,Buen Tiempo,Múltiple,Ciclista,Colisión,Ninguna,Horizontal,Cordón divisorio,Sin restricción
2021,8475,2021-11-18,Jueves,18:56:00,Autopista Nacional Rosario -Cordoba,325.0,1,Automóvil, ,1,1,0,0,0,0,0,"-32.90047, -61.0362",Autopista,Rosario -Cordoba,SAN JERÓNIMO SUR,Constitución,Asfalto,Ripio,XVII,Dentro,Rural,Otra Señal,No existe,Intersección,Bueno,Buena,Atardecer,Buen Tiempo,Múltiple,S/D,Colisión,Ninguna,Faltante,Cordón divisorio,Sin restricción
2021,8476,2021-12-24,Viernes,14:00:00,,0.0,2,"Moto/Ciclomotor,Moto/Ciclomotor",Amenábar Y Avellaneda,2,2,0,0,0,0,0,"-29.879233493535,-61.954868067145",Calle,,CERES,Constitución,Ripio,No existe,XIII,Dentro,Urbana,Otra Señal,No existe,Intersección,Bueno,Buena,Diurna,Buen Tiempo,Múltiple,S/D,Colisión,Material Suelto,Faltante,Cordón divisorio,Sin restricción
2021,8478,2021-12-23,Jueves,18:55:00,,0.0,2,"Moto/Ciclomotor,Automóvil",Avenida Lassaga Y Azcuénaga,2,1,0,0,1,0,0,"-30.302175879478472,-61.23488545417",Avenida,,SAN CRISTÓBAL,Constitución,Ripio,No existe,XIII,Dentro,Urbana,Otra Señal,No existe,Intersección,Con baches,Buena,Diurna,Buen Tiempo,Múltiple,S/D,Colisión,Ninguna,Faltante,Cordón divisorio,Sin restricción
2021,8479,2021-12-16,Jueves,20:10:00,,0.0,2,"Moto/Ciclomotor,Automóvil",Av. Arronga Y Buenos Aires,3,2,0,0,1,0,0,"-29.464545433917,-60.204252263012",Avenida,,VERA,Constitución,Ripio,No existe,XIX,Dentro,Urbana,Otra Señal,No existe,Intersección,S/D,S/D,S/D,S/D,Múltiple,S/D,Colisión,S/D,S/D,Cordón divisorio,Sin restricción
2021,8480,2021-11-17,Miercoles,14:00:00,,0.0,2,"Moto/Ciclomotor,Automóvil",J B Alberdi Y España,2,1,0,0,1,0,0,"-32.72434, -60.73126",Calle,,SAN LORENZO,Constitución,Asfalto,S/D,XVII,Dentro,Urbana,Otra Señal,S/D,Intersección,S/D,S/D,Diurna,S/D,Múltiple,S/D,Colisión,S/D,S/D,Cordón divisorio,Sin restricción
2021,8481,2021-12-11,Sabado,10:30:00,,0.0,2,"Moto/Ciclomotor,Automóvil",Bv 25 de Mayo Y San Lorenzo,3,2,0,0,1,0,0,"-30.316135191174,-61.243908381029",Avenida,,SAN CRISTÓBAL,Constitución,Ripio,No existe,XIII,Dentro,Urbana,Otra Señal,No existe,Intersección,Bueno,Buena,Diurna,Buen Tiempo,Múltiple,S/D,Colisión,Ninguna,Faltante,Cordón divisorio,Sin restricción
2021,8483,2021-11-03,Miercoles,11:30:00,,0.0,2,"Bicicleta,Automóvil",Rio Negro 6200,2,1,0,0,1,0,0,"-32.94142, -60.70682",Calle,,ROSARIO,Constitución,Asfalto,S/D,II,S/D,Urbana,Otra Señal,No existe,Intersección,Bueno,Buena,Diurna,Buen Tiempo,Múltiple,Ciclista,Colisión,Ninguna,Faltante,Cordón divisorio,Sin restricción
2021,8484,2021-12-16,Jueves,22:00:00,,0.0,2,"Moto/Ciclomotor,Moto/Ciclomotor",25 de Mayo Y Sarmiento D,4,2,0,0,2,0,0,"-29.459588251317,-60.215540706485",Calle,,VERA,Constitución,Asfalto,No existe,XIX,Dentro,Urbana,Otra Señal,No existe,Intersección,Bueno,Buena,"Nocturna,Con luz artificial",Buen Tiempo,Múltiple,S/D,Colisión,Ninguna,Faltante,Cordón divisorio,Sin restricción
2021,8485,2021-11-03,Miercoles,15:35:00,,0.0,2,"Automóvil,Bicicleta",Av. Provincias Unidas Y Mendoza,2,1,0,0,1,0,0,"-32.95284, -60.71215",Avenida,,ROSARIO,Constitución,Asfalto,S/D,II,Dentro,Urbana,Otra Señal,Funciona,Intersección,Bueno,Buena,Diurna,Buen Tiempo,Múltiple,Ciclista,Colisión,Ninguna,"Horizontal,Vertical",Cordón divisorio,Sin restricción
2021,8486,2021-11-16,Martes,10:00:00,,0.0,1,Otros,Av. Pellegrini Y Entre Ríos,1,1,0,0,0,0,0,"-32.95671, -60.64368",Avenida,,ROSARIO,Constitución,Asfalto,No existe,II,Dentro,Urbana,Otra Señal,Funciona,Intersección,Bueno,Buena,Diurna,Buen Tiempo,Múltiple,S/D,Colisión,Ninguna,Faltante,Cordón divisorio,Sin restricción
2021,8487,2021-11-04,Jueves,07:20:00,,0.0,2,"Peatón,Automóvil",Av. Provincias Unidas ,2,1,0,0,1,0,0,"-32.95278, -60.71206",Avenida,,ROSARIO,Constitución,Asfalto,No existe,II,S/D,Urbana,Otra Señal,No existe,Intersección,Bueno,Buena,Diurna,Buen Tiempo,Múltiple,Peatón,Colisión,Ninguna,"Horizontal,Vertical",Cordón divisorio,Sin restricción
2021,8488,2021-12-19,Domingo,19:40:00,,0.0,2,"Pickup/Utilitario,Moto/Ciclomotor",A Méndez Y Mitre B,2,1,0,0,1,0,0,"-29.450598301488,-60.212620052181",Calle,,VERA,Constitución,Ripio,No existe,XIX,Dentro,Urbana,Otra Señal,No existe,Intersección,Bueno,Buena,Nocturna,Buen Tiempo,Múltiple,S/D,Colisión,Ninguna,Faltante,Cordón divisorio,Sin restricción
2021,8489,2021-12-22,Miercoles,23:00:00,,0.0,2,"Automóvil,Moto/Ciclomotor",Alvear 2280,3,2,0,0,1,0,0,"-29.465693628206,-60.219044909184",Calle,,VERA,Constitución,Tierra,No existe,XIX,Dentro,Urbana,Otra Señal,No existe,Intersección,Bueno,Buena,Diurna,Buen Tiempo,Múltiple,S/D,Colisión,Ninguna,Faltante,Cordón divisorio,Sin restricción
2021,8490,2021-12-29,Miercoles,20:40:00,,0.0,2,"Automóvil,Moto/Ciclomotor",Belgrano Y E Alemán,4,1,0,0,3,0,0,"-29.461240179904,-60.212137106757",Calle,,VERA,Constitución,Asfalto,No existe,XIX,Dentro,Urbana,Otra Señal,No existe,Intersección,Bueno,Buena,"Nocturna,Con luz artificial",Buen Tiempo,Múltiple,S/D,Colisión,Ninguna,Faltante,Cordón divisorio,Sin restricción
2021,8491,2021-12-02,Jueves,11:50:00,,0.0,2,"Moto/Ciclomotor,Moto/Ciclomotor",J B Justo Y Laprida,2,2,0,0,0,0,0,"-30.316459, -61.228928",Calle,,SAN CRISTÓBAL,Constitución,Asfalto,No existe,XIII,Dentro,Urbana,Otra Señal,No existe,Intersección,Bueno,Buena,Diurna,Buen Tiempo,Múltiple,S/D,Colisión,Ninguna,Faltante,Cordón divisorio,Sin restricción
2021,8492,2021-12-07,Martes,09:30:00,,0.0,1,Automóvil, ,2,2,0,0,0,0,0,"-30.003870454901314,-61.83887849547",Camino Rural,,HERSILIA,Constitución,Tierra,No existe,XIII,Fuera,Rural,Otra Señal,No existe,Intersección,Deteriorada,Reducida polvo,S/D,Buen Tiempo,Múltiple,S/D,Colisión,Ninguna,Faltante,Cordón divisorio,Sin restricción
2021,8493,2021-11-23,Martes,08:05:00,,0.0,2,"Moto/Ciclomotor,Automóvil",Irigoyen Y Suiza,2,1,0,0,1,0,0,"-32.72973, -60.73543",Calle,,SAN LORENZO,Constitución,Asfalto,S/D,XVII,Dentro,Urbana,Otra Señal,S/D,Intersección,S/D,S/D,Diurna,S/D,Múltiple,S/D,Colisión,S/D,S/D,Cordón divisorio,Sin restricción
2021,8494,2021-11-12,Viernes,07:40:00,,0.0,2,"Bicicleta,Moto/Ciclomotor",Rio Negro Y Perú,2,1,0,0,1,0,0,"-32.94516, -60.71118",Calle,,ROSARIO,Constitución,Asfalto,S/D,II,Dentro,Urbana,Otra Señal,No existe,Intersección,Bueno,Buena,Diurna,Buen Tiempo,Múltiple,Ciclista,Colisión,Ninguna,Horizontal,Cordón divisorio,Sin restricción
2021,8495,2021-11-08,Lunes,18:10:00,,0.0,2,"Moto/Ciclomotor,Automóvil",Av. Provincias Unidas Y Rio Negro,3,2,0,0,1,0,0,"-32.94609, -60.71247",Avenida,,ROSARIO,Constitución,Asfalto,S/D,II,Dentro,Urbana,Otra Señal,S/D,Intersección,Bueno,S/D,S/D,Buen Tiempo,Múltiple,S/D,Colisión,Ninguna,S/D,Cordón divisorio,Sin restricción
2021,8496,2021-11-12,Viernes,12:30:00,,0.0,2,"Automóvil,Automóvil",Av. Eva Perón Y Dr. Maradona,2,1,0,0,1,0,0,"-32.92648, -60.75221",Calle,,ROSARIO,Constitución,Asfalto,Ripio,II,Dentro,Urbana,Otra Señal,No existe,Intersección,Bueno,Buena,Diurna,Buen Tiempo,Múltiple,S/D,Colisión,Ninguna,S/D,Cordón divisorio,Sin restricción
2021,8498,2021-12-31,Viernes,21:40:00,Ruta Nacional 11,0.0,2,"Moto/Ciclomotor,Pickup/Utilitario",Independencia Y Ruta Nacional 11,3,2,0,0,1,0,0,"-30.788550, -60.600376",Ruta,11,SAN JUSTO,Constitución,Asfalto,Pavimento,XVI,Dentro,Urbana,Otra Señal,No existe,Intersección,Bueno,Buena,Nocturna,Buen Tiempo,Múltiple,S/D,Colisión,Ninguna,Horizontal,Cordón divisorio,Sin restricción
2021,8499,2021-12-12,Domingo,20:10:00,,0.0,1,Moto/Ciclomotor,A Lezama 2800,1,1,0,0,0,0,0,"-29.454678189621,-60.20505146832",Calle,,VERA,Constitución,Asfalto,No existe,XIX,Dentro,Urbana,Otra Señal,No existe,Intersección,Bueno,Buena,Atardecer,Buen Tiempo,Múltiple,S/D,Colisión,Ninguna,Faltante,Cordón divisorio,Sin restricción
2021,8500,2021-12-30,Jueves,13:15:00,Ruta Provincial 3,5.0,1,Moto/Ciclomotor, ,2,2,0,0,0,0,0,"-29.419035399398876, -60.2006082522",Ruta,3,VERA,Constitución,Asfalto,No existe,XIX,Dentro,Urbana,Otra Señal,No existe,Intersección,Bueno,Buena,Diurna,Buen Tiempo,Múltiple,S/D,Colisión,Ninguna,Faltante,Cordón divisorio,Sin restricción
2021,8501,2021-12-31,Viernes,20:50:00,,0.0,1,Moto/Ciclomotor,1ro de Mayo Y Alvear,2,1,0,0,1,0,0,"-29.467136062177,-60.209159622092",Calle,,VERA,Constitución,Asfalto,No existe,XIX,Dentro,Urbana,Otra Señal,No existe,Intersección,Bueno,Buena,"Nocturna,Con luz artificial",Buen Tiempo,Múltiple,S/D,Colisión,Ninguna,Horizontal,Cordón divisorio,Sin restricción
2021,8503,2021-12-06,Lunes,18:25:00,,0.0,2,"Moto/Ciclomotor,Peatón",Roque Sáenz PEÑA 547,3,3,0,0,0,0,0,"-29.881087870725,-60.281244094066",Calle,,CALCHAQUÍ,Constitución,S/D,No existe,XIX,Dentro,Urbana,Otra Señal,S/D,Intersección,S/D,S/D,Diurna,S/D,Múltiple,Peatón,Colisión,S/D,S/D,Cordón divisorio,Sin restricción
2021,8504,2021-12-16,Jueves,08:25:00,,0.0,2,"Pickup/Utilitario,Moto/Ciclomotor",Mitre Y Moreno,5,3,0,0,2,0,0,"-29.883846714898,-60.291106534757",Calle,,CALCHAQUÍ,Constitución,"Asfalto,Ripio",No existe,XIX,Dentro,Urbana,Otra Señal,No existe,Intersección,S/D,Buena,Diurna,Buen Tiempo,Múltiple,S/D,Colisión,S/D,S/D,Cordón divisorio,Sin restricción
2021,8505,2021-12-18,Sabado,,,0.0,2,"Automóvil,Bicicleta",Rivadavia Y Roque Sáenz PEÑA,2,1,0,0,1,0,0,"-29.889525530493,-60.28279432348",Calle,,CALCHAQUÍ,Constitución,Asfalto,No existe,XIX,Dentro,Urbana,Otra Señal,No existe,Intersección,Bueno,S/D,S/D,S/D,Múltiple,Peatón,Colisión,S/D,S/D,Cordón divisorio,Sin restricción
2021,8506,2021-12-21,Martes,10:40:00,,0.0,2,"Automóvil,Moto/Ciclomotor",Mitre Y Pueyrredón,2,1,0,0,1,0,0,"-29.884643434496,-60.285668794804",Calle,,CALCHAQUÍ,Constitución,Asfalto,No existe,XIX,Dentro,Urbana,Otra Señal,S/D,Intersección,S/D,Buena,Diurna,Buen Tiempo,Múltiple,S/D,Colisión,S/D,S/D,Cordón divisorio,Sin restricción
2021,8507,2021-12-24,Viernes,,Ruta Nacional 11,0.0,2,"Automóvil,Moto/Ciclomotor",Juan De Garay Y Rivadavia,2,1,0,0,1,0,0,"-29.889869011464,-60.280362410328",Ruta,11,CALCHAQUÍ,Constitución,Asfalto,Ripio,XIX,Dentro,Urbana,Otra Señal,No existe,Intersección,Bueno,Buena,Diurna,S/D,Múltiple,S/D,Colisión,Ninguna,Horizontal,Cordón divisorio,Sin restricción
2021,8508,2021-12-25,Sabado,10:30:00,,0.0,2,"Automóvil,Moto/Ciclomotor",Agustín Justo Y Luis Chiarra,3,1,0,0,2,0,0,"-29.885642271865,-60.288891193041",Calle,,CALCHAQUÍ,Constitución,Asfalto,No existe,XIX,Dentro,Urbana,Otra Señal,No existe,Intersección,S/D,Buena,Diurna,Buen Tiempo,Múltiple,S/D,Colisión,S/D,S/D,Cordón divisorio,Sin restricción
2021,8509,2021-12-29,Miercoles,17:40:00,,0.0,2,"Automóvil,Moto/Ciclomotor",Belgrano Y Sarmiento D,2,1,0,0,1,0,0,"-29.888179239111,-60.283794717613",Calle,,VERA,Constitución,Asfalto,No existe,XIX,Dentro,Urbana,Otra Señal,No existe,Intersección,Bueno,Buena,Diurna,Buen Tiempo,Múltiple,S/D,Colisión,Ninguna,Faltante,Cordón divisorio,Sin restricción
2021,8510,2021-11-12,Viernes,20:30:00,Ruta Provincial 21,0.0,2,"Automóvil,Moto/Ciclomotor", ,2,1,0,0,1,0,0,"-33.16245, -60.50035",Ruta,21,ARROYO SECO,Constitución,Asfalto,Natural,II,Dentro,Rural,Otra Señal,No existe,Intersección,Bueno,Reducida,Nocturna,Buen Tiempo,Múltiple,S/D,Colisión,Ninguna,Faltante,Cordón divisorio,Sin restricción
2021,8511,2021-11-07,Domingo,21:30:00,,0.0,2,"Moto/Ciclomotor,Automóvil",Independencia Y Domingo Faustino Sarmiento Bis,3,2,0,0,1,0,0,"-33.15293, -60.51249",Avenida,,ARROYO SECO,Constitución,Asfalto,No existe,II,Dentro,Urbana,Otra Señal,No existe,Intersección,Deteriorada,Reducida,Nocturna,Buen Tiempo,Múltiple,S/D,Colisión,Ninguna,Faltante,Cordón divisorio,Sin restricción
2021,8512,2021-12-20,Lunes,11:40:00,,0.0,2,"Automóvil,Moto/Ciclomotor",Lavalle Y Saavedra,2,1,0,0,1,0,0,"-32.475970117702,-61.587298836169",Calle,,LAS ROSAS,Constitución,Ripio,No existe,III,Dentro,Urbana,Otra Señal,No existe,Intersección,Deteriorada,Buena,Diurna,Buen Tiempo,Múltiple,S/D,Colisión,Ninguna,Faltante,Cordón divisorio,Sin restricción
2021,8513,2021-12-19,Domingo,21:20:00,,0.0,2,"Moto/Ciclomotor,Pickup/Utilitario",Las Heras Y San Lorenzo,4,1,0,0,3,0,0,"-32.470943170974,-61.576218530157",Calle,,LAS ROSAS,Constitución,Asfalto,No existe,III,Dentro,Urbana,Otra Señal,No existe,Intersección,Bueno,Buena,Nocturna,Buen Tiempo,Múltiple,S/D,Colisión,Ninguna,Faltante,Cordón divisorio,Sin restricción
2021,8515,2021-12-12,Domingo,21:37:00,,0.0,2,"Moto/Ciclomotor,Automóvil",Belgrano Y General López,4,1,0,0,3,0,0,"-32.746714128094,-60.735218826734",Calle,,SAN LORENZO,Constitución,Asfalto,No existe,XVII,Dentro,Urbana,Otra Señal,No existe,Intersección,Bueno,S/D,"Nocturna,Con luz artificial",S/D,Múltiple,S/D,Colisión,Ninguna,Horizontal,Cordón divisorio,Sin restricción
2021,8516,2021-12-23,Jueves,11:20:00,,0.0,2,"Pickup/Utilitario,Bicicleta",Italia Y Sarmiento,2,1,0,0,1,0,0,"-32.476869345012,-61.576369686131",Calle,,LAS ROSAS,Constitución,Asfalto,No existe,III,Dentro,Urbana,Otra Señal,No existe,Intersección,Bueno,Buena,Diurna,Buen Tiempo,Múltiple,Ciclista,Colisión,Ninguna,Faltante,Cordón divisorio,Sin restricción
2021,8518,2021-11-11,Jueves,20:20:00,,0.0,2,"Moto/Ciclomotor,Automóvil",Av. Provincias Unidas Y La Republica,2,1,0,0,1,0,0,"-32.91858, -60.71382",Calle,,ROSARIO,Constitución,Asfalto,No existe,II,Dentro,Urbana,Otra Señal,No existe,Intersección,Deteriorada,Buena,Con luz artificial,Otro,Múltiple,S/D,Colisión,Otro,Faltante,Cordón divisorio,Sin restricción
2021,8519,2021-12-10,Viernes,20:30:00,,0.0,2,"Moto/Ciclomotor,Automóvil",Ituzaingó Y Rivadavia,2,1,0,0,1,0,0,"-32.47224370548,-61.582149459191",Calle,,LAS ROSAS,Constitución,Asfalto,No existe,III,Dentro,Urbana,Otra Señal,No existe,Intersección,Bueno,Buena,Diurna,Buen Tiempo,Múltiple,S/D,Colisión,Ninguna,Faltante,Cordón divisorio,Sin restricción
2021,8520,2021-12-21,Martes,13:20:00,,0.0,2,"Automóvil,Pickup/Utilitario",Eva Perón Y San Jerónimo,2,1,0,0,1,0,0,"-31.644212654747,-60.707367847471",Calle,,SANTA FE,Constitución,Asfalto,No existe,I,Dentro,Urbana,Otra Señal,No existe,Intersección,Bueno,Buena,Diurna,Buen Tiempo,Múltiple,S/D,Colisión,Ninguna,Horizontal,Cordón divisorio,Sin restricción
2021,8521,2021-12-30,Jueves,12:30:00,,0.0,2,"Automóvil,Moto/Ciclomotor",Avenida 21 Y Calle 8,2,1,0,0,1,0,0,"-32.681954150896,-61.527965107916",Calle,,LAS PAREJAS,Constitución,Asfalto,No existe,III,Dentro,Urbana,Otra Señal,No existe,Intersección,Deteriorada,Buena,Diurna,Buen Tiempo,Múltiple,S/D,Colisión,Ninguna,Faltante,Cordón divisorio,Sin restricción
2021,8522,2021-12-20,Lunes,09:20:00,,0.0,2,"Moto/Ciclomotor,Camión Chasis",Eva Perón Y San Jerónimo,2,1,0,0,1,0,0,"-31.644212654747,-60.707367847471",Calle,,SANTA FE,Constitución,Asfalto,No existe,I,Dentro,Urbana,Otra Señal,No existe,Intersección,Bueno,Buena,Diurna,Buen Tiempo,Múltiple,S/D,Colisión,Ninguna,Horizontal,Cordón divisorio,Sin restricción
2021,8524,2021-12-29,Miercoles,15:05:00,,0.0,2,"Pickup/Utilitario,Moto/Ciclomotor",Avenida 18 Y Calle 15,2,1,0,0,1,0,0,"-32.682470017964,-61.518522979994",Avenida,,LAS PAREJAS,Constitución,Asfalto,Pavimento,III,Dentro,Urbana,Otra Señal,No existe,Intersección,Bueno,Buena,Diurna,Buen Tiempo,Múltiple,S/D,Colisión,Ninguna,Faltante,Cordón divisorio,Sin restricción
2021,8525,2021-12-18,Sabado,14:00:00,,0.0,2,"Bicicleta,Pickup/Utilitario",Salta Y 9 de Julio,2,1,0,0,1,0,0,"-31.649612635917,-60.710170880045",Calle,,SANTA FE,Constitución,Asfalto,No existe,I,Dentro,Urbana,Otra Señal,No existe,Intersección,Bueno,Buena,Diurna,Buen Tiempo,Múltiple,Ciclista,Colisión,Ninguna,Horizontal,Cordón divisorio,Sin restricción
2021,8526,2021-11-15,Lunes,17:30:00,,0.0,2,"Otros,Automóvil",Reconquista Y De Angelis Bis,2,1,0,0,1,0,0,"-32.91858, -60.69884",Calle,,ROSARIO,Constitución,Asfalto,No existe,II,Dentro,Urbana,Otra Señal,No existe,Intersección,Bueno,Buena,Diurna,Buen Tiempo,Múltiple,S/D,Colisión,Ninguna,Faltante,Cordón divisorio,Sin restricción
2021,8527,2021-12-17,Viernes,09:35:00,,0.0,2,"Moto/Ciclomotor,Automóvil",Calle 15 Y Calle 24,2,1,0,0,1,0,0,"-32.681019882931,-61.514676548764",Calle,,LAS PAREJAS,Constitución,Asfalto,No existe,III,Dentro,Urbana,Otra Señal,No existe,Intersección,Bueno,Buena,Diurna,Buen Tiempo,Múltiple,S/D,Colisión,Ninguna,Faltante,Cordón divisorio,Sin restricción
2021,8528,2021-12-14,Martes,11:30:00,,0.0,2,"Peatón,Automóvil", ,2,1,0,0,1,0,0,"-31.6244477760916,-60.6988397800237",S/D,,SANTA FE,Constitución,S/D,S/D,I,S/D,Urbana,Otra Señal,S/D,Intersección,S/D,S/D,Diurna,S/D,Múltiple,Peatón,Colisión,S/D,S/D,Cordón divisorio,Sin restricción
2021,8529,2021-12-11,Sabado,23:00:00,,0.0,2,"Automóvil,Pickup/Utilitario",Suipacha Y 9 de Julio,2,1,0,0,1,0,0,"-31.639492566132,-60.707179262185",Calle,,SANTA FE,Constitución,Asfalto,No existe,I,Dentro,Urbana,Otra Señal,Funciona,Intersección,Bueno,Buena,Diurna,Buen Tiempo,Múltiple,S/D,Colisión,Ninguna,"Horizontal,Vertical",Cordón divisorio,Sin restricción
2021,8530,2021-11-03,Miercoles,08:35:00,,0.0,2,"Bicicleta,Automóvil",J.J.Paso Y Pje. Banco Nación,2,1,0,0,1,0,0,"-32.91858, -60.69884",Calle,,ROSARIO,Constitución,Asfalto,No existe,II,Dentro,Urbana,Otra Señal,No existe,Intersección,Bueno,Buena,Diurna,Buen Tiempo,Múltiple,Ciclista,Colisión,Ninguna,Faltante,Cordón divisorio,Sin restricción
2021,8531,2021-12-10,Viernes,14:30:00,,0.0,2,"Moto/Ciclomotor,Pickup/Utilitario",Belgrano Y Gdor. Crespo,2,1,0,0,1,0,0,"-31.642208346975,-60.700410971404",Calle,,SANTA FE,Constitución,Asfalto,No existe,I,Dentro,Urbana,Otra Señal,No existe,Intersección,Bueno,Buena,Diurna,Buen Tiempo,Múltiple,S/D,Colisión,Ninguna,Horizontal,Cordón divisorio,Sin restricción
2021,8532,2021-11-13,Sabado,10:30:00,,0.0,2,"Moto/Ciclomotor,Camión Chasis",Mendoza Y Estrada,3,2,0,0,1,0,0,"-31.64326, -60.73058",Calle,,SANTA FE,Constitución,Asfalto,No existe,I,Dentro,Urbana,Otra Señal,No existe,Intersección,Bueno,Buena,Diurna,Buen Tiempo,Múltiple,S/D,Colisión,Ninguna,Faltante,Cordón divisorio,Sin restricción
2021,8533,2021-11-08,Lunes,20:30:00,,0.0,2,"Moto/Ciclomotor,Automóvil",Bv. 27 De Febrero Y Ayacucho,2,1,0,0,1,0,0,"-32.96957, -60.63208",Calle,,ROSARIO,Constitución,Asfalto,No existe,II,Dentro,Urbana,Otra Señal,No existe,Intersección,Bueno,Buena,Con luz artificial,Buen Tiempo,Múltiple,S/D,Colisión,Ninguna,Faltante,Cordón divisorio,Sin restricción
2021,8534,2021-11-09,Martes,23:15:00,,0.0,2,"Automóvil,Peatón",Av. Pellegrini Y Mitre,2,1,0,0,1,0,0,"-32.95693, -60.64221",Calle,,ROSARIO,Constitución,Asfalto,No existe,II,Dentro,Urbana,Otra Señal,No existe,Intersección,Bueno,Buena,Nocturna,Buen Tiempo,Múltiple,Peatón,Colisión,Ninguna,Faltante,Cordón divisorio,Sin restricción
2021,8535,2021-12-09,Jueves,16:00:00,,0.0,2,"Moto/Ciclomotor,Pickup/Utilitario",Bv Pellegrini Y 9 de Julio,2,1,0,0,1,0,0,"-31.635080701526,-60.705886240098",Avenida,,SANTA FE,Constitución,Asfalto,No existe,I,Dentro,Urbana,Otra Señal,Funciona,Intersección,Bueno,Buena,Diurna,Buen Tiempo,Múltiple,S/D,Colisión,Ninguna,"Horizontal,Vertical",Cordón divisorio,Sin restricción