anio_acci,nro_acci,fecha,desc_dia,hora_aprox,desc_ruta,km,cant_participantes,desc_participante,calle_avenida_km,total,heridos_leves,heridos_graves,heridos_gravisimos,ilesos,fallecidos,sin_datos,posicion_XY,desc_tipo_via,desc_ruta_ori,desc_loc,desc_dpto,desc_tipo_calzada,desc_tipo_banquina,desc_unidad_regional,desc_lugar_calzada,desc_zona,desc_prioridad,desc_estado_semaforo,desc_lugar_via,desc_estado_via,desc_estado_visibilidad,desc_luminosidad,desc_estado_clima,desc_tipo_colision,desc_tipo_atropello,desc_tipo_hecho,desc_pres_calzada,desc_senializacion,desc_separacion_via,desc_restriccion
2021,8536,2021-12-08,Miercoles,16:55:00,,0.0,2,"Moto/Ciclomotor,Automóvil",Bv Pellegrini Y 25 de Mayo,2,1,0,0,1,0,0,"-31.635802538923,-60.702550206979",Avenida,,SANTA FE,Constitución,Asfalto,No existe,I,Dentro,Urbana,Otra Señal,Funciona,Intersección,Bueno,Buena,Diurna,Buen Tiempo,Múltiple,S/D,Colisión,Ninguna,"Horizontal,Vertical",Cordón divisorio,Sin restricción
2021,8537,2021-11-08,Lunes,14:20:00,,0.0,2,"Bicicleta,Automóvil",Buenos Aires Y Pasco,2,1,0,0,1,0,0,"-32.96064, -60.63599",Calle,,ROSARIO,Constitución,Asfalto,No existe,II,Dentro,Urbana,Otra Señal,S/D,Intersección,Bueno,S/D,S/D,Buen Tiempo,Múltiple,Ciclista,Colisión,Ninguna,Faltante,Cordón divisorio,Sin restricción
2021,8538,2021-12-16,Jueves,16:20:00,,0.0,2,"Moto/Ciclomotor,Pickup/Utilitario",Avenida 21 Y Calle 6,2,1,0,0,1,0,0,"-32.682556437059,-61.529590496535",Avenida,,LAS PAREJAS,Constitución,Asfalto,No existe,III,Dentro,Urbana,Otra Señal,No existe,Intersección,Deteriorada,Buena,Diurna,Buen Tiempo,Múltiple,S/D,Colisión,Ninguna,Faltante,Cordón divisorio,Sin restricción
2021,8539,2021-11-04,Jueves,16:50:00,,0.0,2,"Bicicleta,Automóvil",Centenario ,2,1,0,0,1,0,0,"-33.00408, -60.64242",Avenida,,ROSARIO,Constitución,Asfalto,No existe,II,Dentro,Urbana,Otra Señal,S/D,Intersección,Bueno,Buena,Atardecer,S/D,Múltiple,Ciclista,Colisión,S/D,S/D,Cordón divisorio,Sin restricción
2021,8540,2021-12-15,Miercoles,01:15:00,,0.0,1,Moto/Ciclomotor,Calle 29 Y Calle 6,1,1,0,0,0,0,0,"-32.678250493833,-61.530769686578",Calle,,LAS PAREJAS,Constitución,Asfalto,No existe,III,Dentro,Urbana,Otra Señal,No existe,Intersección,Bueno,Buena,"Nocturna,Con luz artificial",Buen Tiempo,Múltiple,S/D,Colisión,Ninguna,Faltante,Cordón divisorio,Sin restricción
2021,8542,2021-12-02,Jueves,13:15:00,,0.0,2,"Moto/Ciclomotor,Bicicleta",Avenida 21 Y Calle 20,3,3,0,0,0,0,0,"-32.678208441795,-61.517907171836",Avenida,,LAS PAREJAS,Constitución,Asfalto,No existe,III,Dentro,Urbana,Otra Señal,No existe,Intersección,Deteriorada,Buena,Diurna,Buen Tiempo,Múltiple,Ciclista,Colisión,Ninguna,Faltante,Cordón divisorio,Sin restricción
2021,8543,2021-12-18,Sabado,13:10:00,,0.0,2,"Moto/Ciclomotor,Pickup/Utilitario",Calle 34 bis Y Cortada 23 Bis,2,1,0,0,1,0,0,"-32.673556826154,-61.510387887773",Calle,,LAS PAREJAS,Constitución,Ripio,No existe,III,Dentro,Urbana,Otra Señal,No existe,Intersección,Bueno,Buena,Diurna,Buen Tiempo,Múltiple,S/D,Colisión,Ninguna,Faltante,Cordón divisorio,Sin restricción
2021,8544,2021-12-07,Martes,16:20:00,,0.0,2,"Moto/Ciclomotor,Automóvil",Rivadavia Y Lisandro de la Torre,2,1,0,0,1,0,0,"-32.777514919258,-61.599995502364",Calle,,ARMSTRONG,Constitución,Asfalto,No existe,III,Dentro,Urbana,Otra Señal,No existe,Intersección,Bueno,Buena,Diurna,Buen Tiempo,Múltiple,S/D,Colisión,Ninguna,Faltante,Cordón divisorio,Sin restricción
2021,8545,2021-12-20,Lunes,10:30:00,,0.0,2,"Tractor,Moto/Ciclomotor",Brown Y Dr. José Iraci,2,1,0,0,1,0,0,"-32.780394945808,-61.606370477268",Calle,,ARMSTRONG,Constitución,Asfalto,No existe,III,Dentro,Urbana,Otra Señal,No existe,Intersección,Bueno,Buena,Diurna,Buen Tiempo,Múltiple,S/D,Colisión,Ninguna,Vertical,Cordón divisorio,Sin restricción
2021,8546,2021-12-05,Domingo,19:25:00,,0.0,2,"Bicicleta,Automóvil",Bv Pellegrini Y 25 de Mayo,2,1,0,0,1,0,0,"-31.635802538923,-60.702550206979",Avenida,,SANTA FE,Constitución,Asfalto,No existe,I,Dentro,Urbana,Otra Señal,Funciona,Intersección,Bueno,Buena,Nocturna,Buen Tiempo,Múltiple,Ciclista,Colisión,Ninguna,"Horizontal,Vertical",Cordón divisorio,Sin restricción
2021,8547,2021-12-04,Sabado,23:10:00,,0.0,2,"Peatón,Otros",Av. Leandro Alem Y Belgrano,2,1,0,0,0,0,1,"-31.646696222242,-60.701830918316",Calle,,SANTA FE,Constitución,Asfalto,No existe,I,Dentro,Urbana,Otra Señal,Funciona,Intersección,Bueno,Buena,Nocturna,Buen Tiempo,Múltiple,Peatón,Colisión,Ninguna,Vertical,Cordón divisorio,Sin restricción
2021,8549,2021-12-31,Viernes,19:00:00,,0.0,2,"Automóvil,Moto/Ciclomotor",Bolivia Y La Plata,2,1,0,0,1,0,0,"-32.783855372905,-61.610002743763",Calle,,ARMSTRONG,Constitución,Ripio,No existe,III,Dentro,Urbana,Otra Señal,No existe,Intersección,Bueno,Buena,Diurna,Buen Tiempo,Múltiple,S/D,Colisión,Ninguna,Faltante,Cordón divisorio,Sin restricción
2021,8550,2021-12-25,Sabado,01:20:00,,0.0,2,"Moto/Ciclomotor,Automóvil",Almirante Leandro N Alem Y Santa Fe,3,1,0,0,2,0,0,"-32.746545400633,-61.813818174845",Calle,,TORTUGAS,Constitución,Asfalto,No existe,III,Dentro,Urbana,Otra Señal,No existe,Intersección,Bueno,Buena,"Nocturna,Con luz artificial",Buen Tiempo,Múltiple,S/D,Colisión,Ninguna,Faltante,Cordón divisorio,Sin restricción
2021,8551,2021-12-27,Lunes,10:15:00,,0.0,2,"Pickup/Utilitario,Pickup/Utilitario",Chacabuco Y Republica de Siria,2,1,0,0,1,0,0,"-31.633513790735,-60.698912268254",Calle,,SANTA FE,Constitución,Asfalto,No existe,I,Dentro,Urbana,Otra Señal,No existe,Intersección,Bueno,Buena,Diurna,Buen Tiempo,Múltiple,S/D,Colisión,Ninguna,Faltante,Cordón divisorio,Sin restricción
2021,8552,2021-11-29,Lunes,15:15:00,,0.0,1,Moto/Ciclomotor,Libertad Y Las Heras,1,1,0,0,0,0,0,"-32.88941, -60.90325",Calle,,ROLDÁN,Constitución,S/D,S/D,XVII,Dentro,Urbana,Otra Señal,S/D,Intersección,Bueno,S/D,Diurna,S/D,Múltiple,S/D,Colisión,S/D,S/D,Cordón divisorio,Sin restricción
2021,8553,2021-11-27,Sabado,20:20:00,,0.0,2,"Moto/Ciclomotor,Automóvil",Avellaneda Y Libertad,2,1,0,0,1,0,0,"-32.88967, -60.90189",Calle,,ROLDÁN,Constitución,Asfalto,S/D,XVII,S/D,Urbana,Otra Señal,No existe,Intersección,Bueno,S/D,Nocturna,S/D,Múltiple,S/D,Colisión,S/D,S/D,Cordón divisorio,Sin restricción
2021,8554,2021-12-04,Sabado,15:55:00,,0.0,2,"Pickup/Utilitario,Moto/Ciclomotor",Bv Gálvez ,2,1,0,0,1,0,0,"-31.636253809628,-60.700434855103",Avenida,,SANTA FE,Constitución,Asfalto,No existe,I,Dentro,Urbana,Otra Señal,No existe,Intersección,Bueno,Buena,Diurna,S/D,Múltiple,S/D,Colisión,Ninguna,S/D,Cordón divisorio,Sin restricción
2021,8555,2021-11-27,Sabado,11:20:00,Autopista Nacional Rosario -Cordoba,315.0,1,Automóvil, ,1,1,0,0,0,0,0,"-32.92611, -60.90248",Autopista,Rosario -Cordoba,ROLDÁN,Constitución,Asfalto,Natural,XVII,Dentro,Urbana,Otra Señal,S/D,Intersección,S/D,S/D,Diurna,S/D,Múltiple,S/D,Colisión,S/D,S/D,Cordón divisorio,Sin restricción
2021,8556,2021-12-04,Sabado,03:10:00,,0.0,2,"Transporte de Pasajeros Urbano (> 8 asientos),Moto/Ciclomotor",Av. Gral. López Y Av. Urquiza,2,1,0,0,1,0,0,"-31.655896459682,-60.716175586575",Avenida,,SANTA FE,Constitución,Asfalto,No existe,I,Dentro,Urbana,Otra Señal,Funciona,Intersección,Bueno,Buena,"Nocturna,Con luz artificial",Buen Tiempo,Múltiple,S/D,Colisión,Ninguna,"Horizontal,Vertical",Cordón divisorio,Sin restricción
2021,8557,2021-12-02,Jueves,10:50:00,,0.0,2,"Moto/Ciclomotor,Moto/Ciclomotor",Candioti Y Sargento Cabral,2,1,0,0,1,0,0,"-31.640935281188,-60.69655903347",Calle,,SANTA FE,Constitución,Asfalto,No existe,I,Dentro,Urbana,Otra Señal,No existe,Intersección,Bueno,S/D,Diurna,Buen Tiempo,Múltiple,S/D,Colisión,Ninguna,Horizontal,Cordón divisorio,Sin restricción
2021,8558,2021-12-01,Miercoles,11:00:00,,0.0,2,"Automóvil,Bicicleta",Eva Perón Y 1ro de Mayo,2,1,0,0,1,0,0,"-31.643757255018,-60.709799568186",Calle,,SANTA FE,Constitución,Asfalto,No existe,I,Dentro,Urbana,Otra Señal,No existe,Intersección,Bueno,Buena,Diurna,Buen Tiempo,Múltiple,Ciclista,Colisión,Ninguna,Horizontal,Cordón divisorio,Sin restricción
2021,8559,2021-12-06,Lunes,10:25:00,,0.0,2,"Automóvil,Peatón",Cándido Pujato Y 4 de Enero,2,1,0,0,1,0,0,"-31.633052475292,-60.708163512673",Calle,,SANTA FE,Constitución,Asfalto,No existe,I,Dentro,Urbana,Otra Señal,No existe,Intersección,Bueno,Buena,Diurna,Buen Tiempo,Múltiple,Peatón,Colisión,Ninguna,Faltante,Cordón divisorio,Sin restricción
2021,8560,2021-12-02,Jueves,13:15:00,,0.0,2,"Bicicleta,Automóvil",Cándido Pujato Y Gdor. Candioti,2,1,0,0,1,0,0,"-31.640021387062,-60.696288684246",Calle,,SANTA FE,Constitución,Asfalto,No existe,I,Dentro,Urbana,Otra Señal,No existe,Intersección,Bueno,Buena,Diurna,Buen Tiempo,Múltiple,Ciclista,Colisión,Ninguna,Horizontal,Cordón divisorio,Sin restricción
2021,8561,2021-12-18,Sabado,15:00:00,,0.0,2,"Bicicleta,Automóvil",Ituzaingó Y Mitre,2,1,0,0,1,0,0,"-31.640041433788,-60.691771821412",Calle,,SANTA FE,Constitución,Asfalto,No existe,I,Dentro,Urbana,Otra Señal,No existe,Intersección,Bueno,Buena,Diurna,Buen Tiempo,Múltiple,Ciclista,Colisión,Ninguna,Horizontal,Cordón divisorio,Sin restricción
2021,8562,2021-12-20,Lunes,09:35:00,Ruta Nacional 168,0.0,2,"Moto/Ciclomotor,Automóvil",Bv Gálvez ,2,1,0,0,1,0,0,"-31.640336, -60.683201",Ruta,168,SANTA FE,Constitución,Asfalto,No existe,I,Dentro,Urbana,Otra Señal,No existe,Intersección,Bueno,Buena,Diurna,Buen Tiempo,Múltiple,S/D,Colisión,Ninguna,Horizontal,Cordón divisorio,Sin restricción
2021,8565,2021-12-21,Martes,18:00:00,,0.0,2,"Moto/Ciclomotor,Automóvil",Lavalle Y Iturraspe,2,1,0,0,1,0,0,"-31.631957245619,-60.68828103408",Calle,,SANTA FE,Constitución,Asfalto,No existe,I,Dentro,Urbana,Otra Señal,No existe,Intersección,Bueno,Buena,Atardecer,Buen Tiempo,Múltiple,S/D,Colisión,Ninguna,Faltante,Cordón divisorio,Sin restricción
2021,8566,2021-12-04,Sabado,14:50:00,,0.0,2,"Moto/Ciclomotor,Automóvil",Alberdi Y Calchines,2,1,0,0,1,0,0,"-31.642533933628,-60.693635079659",Calle,,SANTA FE,Constitución,Asfalto,No existe,I,Dentro,Urbana,Otra Señal,No existe,Intersección,Bueno,Buena,Diurna,Buen Tiempo,Múltiple,S/D,Colisión,Ninguna,Faltante,Cordón divisorio,Sin restricción
2021,8567,2021-12-06,Lunes,16:00:00,,0.0,2,"Moto/Ciclomotor,Automóvil",Alvear Y Maipú,2,1,0,0,1,0,0,"-31.635080960525,-60.695983080202",Calle,,SANTA FE,Constitución,Asfalto,No existe,I,Dentro,Urbana,Otra Señal,No existe,Intersección,Bueno,Buena,Diurna,Buen Tiempo,Múltiple,S/D,Colisión,Ninguna,Faltante,Cordón divisorio,Sin restricción
2021,8568,2021-12-15,Miercoles,17:30:00,,0.0,2,"Automóvil,Bicicleta",Ituzaingó Y Mitre,2,1,0,0,1,0,0,"-31.640041433788,-60.691771821412",Calle,,SANTA FE,Constitución,Asfalto,No existe,I,Dentro,Urbana,Otra Señal,No existe,Intersección,Bueno,S/D,Diurna,S/D,Múltiple,Ciclista,Colisión,Ninguna,Faltante,Cordón divisorio,Sin restricción
2021,8569,2021-11-22,Lunes,07:15:00,Autopista Nacional Rosario -Cordoba,319.0,1,Automóvil, ,4,3,0,0,1,0,0,"-32.92741, -60.89566",Autopista,Rosario -Cordoba,ROLDÁN,Constitución,Asfalto,Natural,XVII,Dentro,Rural,Otra Señal,S/D,Intersección,Bueno,S/D,Diurna,S/D,Múltiple,S/D,Colisión,S/D,S/D,Cordón divisorio,Sin restricción
2021,8571,2021-11-20,Sabado,13:00:00,,0.0,2,"Moto/Ciclomotor,Automóvil",Gálvez Y San Lorenzo,2,1,0,0,1,0,0,"-32.89532, -60.8976",Calle,,ROLDÁN,Constitución,Asfalto,S/D,XVII,S/D,Urbana,Otra Señal,S/D,Intersección,Bueno,S/D,Diurna,S/D,Múltiple,S/D,Colisión,S/D,S/D,Cordón divisorio,Sin restricción
2021,8573,2021-02-28,Domingo,11:45:00,,0.0,1,Automóvil, ,3,2,0,0,1,0,0,"-33.26179504394528,-60.369229316711",Camino Rural,,EMPALME VILLA CONSTITUCIÓN,Constitución,Tierra,No existe,V,Dentro,Rural,Otra Señal,No existe,Intersección,Ahuellamiento,Buena,Diurna,Buen Tiempo,Múltiple,S/D,Colisión,Ninguna,Faltante,Cordón divisorio,Sin restricción
2021,8574,2021-11-18,Jueves,13:00:00,Ruta Nacional 9,0.0,2,"Automóvil,Moto/Ciclomotor",Ruta Nacional 9 ,2,1,0,0,1,0,0,"-32.90805, -60.89494",Ruta,9,ROLDÁN,Constitución,Asfalto,S/D,XVII,S/D,S/D,Otra Señal,S/D,Intersección,Bueno,S/D,Diurna,S/D,Múltiple,S/D,Colisión,S/D,S/D,Cordón divisorio,Sin restricción
2021,8576,2021-12-22,Miercoles,21:00:00,,0.0,2,"Automóvil,Bicicleta",Alvear Y Maipú,2,1,0,0,1,0,0,"-31.635080960525,-60.695983080202",Calle,,SANTA FE,Constitución,Asfalto,No existe,I,Dentro,Urbana,Otra Señal,No existe,Intersección,Bueno,Buena,Diurna,Buen Tiempo,Múltiple,Ciclista,Colisión,Ninguna,Faltante,Cordón divisorio,Sin restricción
2021,8577,2021-12-26,Domingo,13:30:00,Ruta Nacional 168,0.0,2,"Transporte de Pasajeros (H/ 8 asientos),Pickup/Utilitario", ,3,2,0,0,1,0,0,"-31.640659, -60.682096",Ruta,168,SANTA FE,Constitución,Hormigón,No existe,I,Dentro,Urbana,Otra Señal,No existe,Intersección,Bueno,Buena,Diurna,Buen Tiempo,Múltiple,S/D,Colisión,Ninguna,Horizontal,Cordón divisorio,Sin restricción
2021,8578,2021-12-25,Sabado,11:35:00,,0.0,2,"Automóvil,Camión",Av. Leandro Alem Y Vélez Sarsfield,3,1,0,0,2,0,0,"-31.6427524756,-60.686573721667",Avenida,,SANTA FE,Constitución,Asfalto,No existe,I,Dentro,Urbana,Otra Señal,Funciona,Intersección,Bueno,Buena,Diurna,Buen Tiempo,Múltiple,S/D,Colisión,Ninguna,"Horizontal,Vertical",Cordón divisorio,Sin restricción
2021,8579,2021-11-17,Miercoles,,Ruta Nacional 11,0.0,4,"Camión,Tren,Camión,Camión",Pte. Juan D Perón Y Ruta Nac 11,4,1,0,0,3,0,0,"-32.71241, -60.75756",Ruta,11,PUERTO SAN MARTÍN,Constitución,Asfalto,Ripio,XVII,Dentro,Rural,Otra Señal,No existe,Intersección,Con baches,Buena,Nocturna,Buen Tiempo,Múltiple,S/D,Colisión,Ninguna,Faltante,Cordón divisorio,Sin restricción
2021,8580,2021-12-12,Domingo,13:00:00,Ruta Provincial 2,26.5,2,"Automóvil,Automóvil", ,2,1,0,0,1,0,0,"-31.441428, -60.670395",Ruta,2,ARROYO AGUIAR,Constitución,Asfalto,Natural,I,Dentro,Rural,Otra Señal,No existe,Intersección,Bueno,Buena,Diurna,Buen Tiempo,Múltiple,S/D,Colisión,Ninguna,Horizontal,Cordón divisorio,Sin restricción
2021,8581,2021-09-17,Viernes,,,0.0,2,"Otros,Otros",Av. Freyre Y Hipólito Yrigoyen,2,0,0,0,0,1,1,"-31.64011, -60.717",Calle,,SANTA FE,Constitución,Asfalto,No existe,I,Dentro,Urbana,Otra Señal,No existe,Intersección,Bueno,S/D,S/D,S/D,Múltiple,S/D,Colisión,Ninguna,Faltante,Cordón divisorio,Sin restricción
2021,8582,2021-10-03,Domingo,,,0.0,2,"Otros,Otros",Almte. Brown Y España,2,0,0,0,0,1,1,"-32.81704, -61.39255",Calle,,CAÑADA DE GÓMEZ,Constitución,Asfalto,No existe,X,Dentro,Urbana,Otra Señal,No existe,Intersección,Bueno,S/D,S/D,S/D,Múltiple,S/D,Colisión,Ninguna,Faltante,Cordón divisorio,Sin restricción
2021,8584,2021-12-02,Jueves,,,0.0,2,"Moto/Ciclomotor,Automóvil",Garibaldi 3400,2,1,0,0,0,0,1,"-32.980318935878,-60.679570866317",Calle,,ROSARIO,Constitución,Asfalto,No existe,II,Dentro,Urbana,Otra Señal,No existe,Intersección,Bueno,Buena,Diurna,Buen Tiempo,Múltiple,S/D,Colisión,Ninguna,Faltante,Cordón divisorio,Sin restricción
2021,8585,2021-11-03,Miercoles,14:25:00,,0.0,2,"Automóvil,Automóvil",Entre Ríos Y Ocampo,5,1,0,0,4,0,0,"-32.96587, -60.64601",Calle,,ROSARIO,Constitución,Asfalto,No existe,II,Dentro,Urbana,Otra Señal,No existe,Intersección,Bueno,Buena,Diurna,Buen Tiempo,Múltiple,S/D,Colisión,Ninguna,Faltante,Cordón divisorio,Sin restricción
2021,8586,2021-11-07,Domingo,,,0.0,1,Automóvil,Tucumán ,1,1,0,0,0,0,0,"-32.93983, -60.64803",Calle,,ROSARIO,Constitución,Asfalto,S/D,II,Dentro,Urbana,Otra Señal,S/D,Intersección,S/D,S/D,S/D,S/D,Múltiple,S/D,Colisión,S/D,S/D,Cordón divisorio,Sin restricción
2021,8588,2021-11-05,Viernes,19:00:00,,0.0,2,"Moto/Ciclomotor,Pickup/Utilitario",Humberto I Y Pje. Nueva York Bis,2,1,0,0,1,0,0,"-32.92707, -60.68949",Calle,,ROSARIO,Constitución,Asfalto,No existe,II,Dentro,Urbana,Otra Señal,No existe,Intersección,Bueno,Buena,Atardecer,Buen Tiempo,Múltiple,S/D,Colisión,S/D,S/D,Cordón divisorio,Sin restricción
2021,8589,2021-11-20,Sabado,19:10:00,Ruta Nacional 11,0.0,2,"Automóvil,Automóvil",América Y Ruta Nac 11,6,2,0,0,4,0,0,"-32.70223, -60.76553",Ruta,11,PUERTO SAN MARTÍN,Constitución,Asfalto,Ripio,XVII,Dentro,Urbana,Otra Señal,No existe,Intersección,Bueno,Buena,Diurna,Buen Tiempo,Múltiple,S/D,Colisión,Ninguna,Faltante,Cordón divisorio,Sin restricción
2021,8590,2021-11-09,Martes,10:25:00,,0.0,2,"Moto/Ciclomotor,Automóvil",Diaz Vélez Y Rubén Darío,3,1,0,0,2,0,0,"-32.9217, -60.68483",Calle,,ROSARIO,Constitución,Asfalto,S/D,II,S/D,Urbana,Otra Señal,S/D,Intersección,Bueno,S/D,S/D,Buen Tiempo,Múltiple,S/D,Colisión,S/D,S/D,Cordón divisorio,Sin restricción
2021,8591,2021-11-07,Domingo,02:50:00,,0.0,1,Pickup/Utilitario,Bv. Rondeau Y Washington,2,1,0,0,0,0,1,"-32.90111, -60.69058",S/D,,ROSARIO,Constitución,Asfalto,Pavimento,II,S/D,Urbana,Otra Señal,Funciona,Intersección,Bueno,S/D,Nocturna,Lluvia,Múltiple,S/D,Colisión,Agua,Horizontal,Cordón divisorio,Sin restricción
2021,8592,2021-11-07,Domingo,01:35:00,,0.0,2,"Automóvil,Moto/Ciclomotor",Víctor Mercante Y Av. Génova,3,2,0,0,0,0,1,"-32.91512, -60.68412",Avenida,,ROSARIO,Constitución,Asfalto,Pavimento,II,Dentro,Urbana,Otra Señal,S/D,Intersección,Bueno,Buena,Nocturna,Buen Tiempo,Múltiple,S/D,Colisión,Ninguna,S/D,Cordón divisorio,Sin restricción
2021,8593,2021-11-23,Martes,11:20:00,,0.0,1,Automóvil, ,1,1,0,0,0,0,0,"-32.70538, -60.77428",Calle,,PUERTO SAN MARTÍN,Constitución,Asfalto,No existe,XVII,Dentro,Urbana,Otra Señal,No existe,Intersección,Con baches,Buena,Diurna,Buen Tiempo,Múltiple,S/D,Colisión,Ninguna,Faltante,Cordón divisorio,Sin restricción
2021,8594,2021-11-23,Martes,08:00:00,,0.0,2,"Automóvil,Moto/Ciclomotor",Rivadavia Y Junín,4,2,0,0,2,0,0,"-32.70958, -60.73792",Calle,,PUERTO SAN MARTÍN,Constitución,Asfalto,No existe,XVII,Dentro,Urbana,Otra Señal,No existe,Intersección,Bueno,Buena,Diurna,Buen Tiempo,Múltiple,S/D,Colisión,Ninguna,Faltante,Cordón divisorio,Sin restricción
2021,8596,2021-12-01,Miercoles,07:00:00,,0.0,2,"Moto/Ciclomotor,Moto/Ciclomotor",Camino Viejo Soldini 3500,2,1,0,0,0,0,1,"-32.872528998687,-60.735843718767",Avenida,,ROSARIO,Constitución,Asfalto,No existe,II,Dentro,Urbana,Otra Señal,No existe,Intersección,Bueno,Buena,Diurna,Buen Tiempo,Múltiple,S/D,Colisión,Ninguna,Faltante,Cordón divisorio,Sin restricción
2021,8597,2021-12-10,Viernes,13:40:00,,0.0,3,"Automóvil,Automóvil,Automóvil",Av. Ovidio Lagos 4500,5,1,0,0,4,0,0,"-32.98528800285,-60.671980293162",Avenida,,ROSARIO,Constitución,Asfalto,No existe,II,Dentro,Urbana,Otra Señal,No existe,Intersección,Bueno,Buena,Diurna,Buen Tiempo,Múltiple,S/D,Colisión,Ninguna,"Horizontal,Vertical",Cordón divisorio,Sin restricción
2021,8598,2021-11-11,Jueves,12:00:00,,0.0,2,"Moto/Ciclomotor,Automóvil",Baigorria Y Unión,2,1,0,0,1,0,0,"-32.89375, -60.70321",S/D,,ROSARIO,Constitución,S/D,S/D,II,S/D,S/D,Otra Señal,S/D,Intersección,S/D,S/D,S/D,S/D,Múltiple,S/D,Colisión,S/D,S/D,Cordón divisorio,Sin restricción
2021,8599,2021-11-15,Lunes,13:30:00,,0.0,2,"Moto/Ciclomotor,Automóvil",Albert Sabin Y French,3,2,0,0,1,0,0,"-32.92111, -60.68761",S/D,,ROSARIO,Constitución,S/D,S/D,II,S/D,Urbana,Otra Señal,S/D,Intersección,S/D,S/D,S/D,S/D,Múltiple,S/D,Colisión,S/D,S/D,Cordón divisorio,Sin restricción
2021,8600,2021-11-11,Jueves,09:20:00,,0.0,2,"Moto/Ciclomotor,Automóvil",San Martin Y León,2,1,0,0,1,0,0,"-33.01828, -60.6525",Avenida,,ROSARIO,Constitución,Asfalto,S/D,II,S/D,S/D,Otra Señal,S/D,Intersección,Bueno,S/D,S/D,Buen Tiempo,Múltiple,S/D,Colisión,Ninguna,Faltante,Cordón divisorio,Sin restricción
2021,8601,2021-11-24,Miercoles,09:05:00,,0.0,2,"Automóvil,Moto/Ciclomotor",Av. Fray Luis Beltrán Y Quiroga,3,2,0,0,1,0,0,"-32.78907, -60.73451",Avenida,,FRAY LUIS BELTRÁN,Constitución,Asfalto,No existe,XVII,Dentro,Urbana,Otra Señal,No existe,Intersección,Bueno,Buena,Diurna,Otro,Múltiple,S/D,Colisión,Ninguna,Faltante,Cordón divisorio,Sin restricción
2021,8602,2021-11-19,Viernes,20:45:00,Ruta Nacional 11,0.0,1,Moto/Ciclomotor,Av. San Martin Y Maestra Barragán - Ex Bs.As.,2,1,0,0,1,0,0,"-32.78897, -60.72455",Ruta,11,FRAY LUIS BELTRÁN,Constitución,Asfalto,No existe,XVII,Dentro,Urbana,Otra Señal,No existe,Intersección,Bueno,Reducida,Nocturna,Otro,Múltiple,S/D,Colisión,Ninguna,Faltante,Cordón divisorio,Sin restricción
2021,8603,2021-11-03,Miercoles,22:40:00,,0.0,2,"Moto/Ciclomotor,Automóvil",San Martin ,2,1,0,0,1,0,0,"-32.98116, -60.64478",Avenida,,ROSARIO,Constitución,Asfalto,No existe,II,S/D,Urbana,Otra Señal,No existe,Intersección,Bueno,Buena,"Nocturna,Con luz artificial",Buen Tiempo,Múltiple,S/D,Colisión,Ninguna,Faltante,Cordón divisorio,Sin restricción
2021,8604,2021-12-17,Viernes,07:30:00,,0.0,2,"Moto/Ciclomotor,Automóvil",Av. Uriburu 2400,2,1,0,0,1,0,0,"-32.991257604167,-60.668144934149",Avenida,,ROSARIO,Constitución,Asfalto,No existe,II,Dentro,Urbana,Otra Señal,Intermitente,Intersección,Bueno,Buena,Diurna,Buen Tiempo,Múltiple,S/D,Colisión,Ninguna,Vertical,Cordón divisorio,Sin restricción
2021,8605,2021-11-12,Viernes,13:55:00,,0.0,2,"Moto/Ciclomotor,Automóvil",Grandoli Y Bv. Seguí,2,1,0,0,1,0,0,"-32.9824, -60.62815",Avenida,,ROSARIO,Constitución,Asfalto,No existe,II,S/D,S/D,Otra Señal,No existe,Intersección,Bueno,Buena,Diurna,Buen Tiempo,Múltiple,S/D,Colisión,Ninguna,Faltante,Cordón divisorio,Sin restricción
2021,8606,2021-11-16,Martes,18:30:00,,0.0,2,"Automóvil,Moto/Ciclomotor",Guido Spano Y Liniers,3,1,0,0,2,0,0,"-32.78168, -60.72826",Calle,,FRAY LUIS BELTRÁN,Constitución,Asfalto,No existe,XVII,Dentro,Urbana,Otra Señal,No existe,Intersección,Bueno,Buena,Atardecer,Otro,Múltiple,S/D,Colisión,Ninguna,Faltante,Cordón divisorio,Sin restricción
2021,8608,2021-12-07,Martes,16:45:00,Autopista Nacional A008,0.0,2,"Moto/Ciclomotor,Moto/Ciclomotor",Av. Ovidio Lagos 5800,2,1,0,0,1,0,0,"-33.005819247136,-60.676655256894",Autopista,A008,ROSARIO,Constitución,Asfalto,No existe,II,Dentro,Urbana,Otra Señal,No existe,Intersección,Bueno,Buena,Diurna,Buen Tiempo,Múltiple,S/D,Colisión,Ninguna,"Horizontal,Vertical",Cordón divisorio,Sin restricción