anio_acci,nro_acci,fecha,desc_dia,hora_aprox,desc_ruta,km,cant_participantes,desc_participante,calle_avenida_km,total,heridos_leves,heridos_graves,heridos_gravisimos,ilesos,fallecidos,sin_datos,posicion_XY,desc_tipo_via,desc_ruta_ori,desc_loc,desc_dpto,desc_tipo_calzada,desc_tipo_banquina,desc_unidad_regional,desc_lugar_calzada,desc_zona,desc_prioridad,desc_estado_semaforo,desc_lugar_via,desc_estado_via,desc_estado_visibilidad,desc_luminosidad,desc_estado_clima,desc_tipo_colision,desc_tipo_atropello,desc_tipo_hecho,desc_pres_calzada,desc_senializacion,desc_separacion_via,desc_restriccion
2021,8609,2021-11-13,Sabado,21:30:00,,0.0,2,"Automóvil,Moto/Ciclomotor",San Martin Y Av. Arijon,3,1,0,0,2,0,0,"-33.00299, -60.64949",S/D,,ROSARIO,Constitución,Asfalto,No existe,II,S/D,S/D,Otra Señal,Funciona,Intersección,Bueno,Buena,Nocturna,Buen Tiempo,Múltiple,S/D,Colisión,Ninguna,Vertical,Cordón divisorio,Sin restricción
2021,8610,2021-11-09,Martes,13:40:00,,0.0,2,"Automóvil,Automóvil",Bv. Seguí Y Buenos Aires,5,1,0,0,4,0,0,"-32.98015, -60.6409",Avenida,,ROSARIO,Constitución,Asfalto,No existe,II,S/D,Urbana,Otra Señal,No existe,Intersección,Bueno,Buena,Diurna,Buen Tiempo,Múltiple,S/D,Colisión,Ninguna,Faltante,Cordón divisorio,Sin restricción
2021,8612,2021-11-10,Miercoles,17:20:00,,0.0,2,"Moto/Ciclomotor,Automóvil",Sánchez de Bustamante Y F.Malaponte,2,1,0,0,1,0,0,"-33.00128, -60.62589",S/D,,ROSARIO,Constitución,Asfalto,No existe,II,S/D,S/D,Otra Señal,No existe,Intersección,Bueno,Buena,Diurna,Buen Tiempo,Múltiple,S/D,Colisión,Ninguna,Faltante,Cordón divisorio,Sin restricción
2021,8613,2021-11-24,Miercoles,12:15:00,,0.0,2,"Moto/Ciclomotor,Automóvil",Alvear Y C Escalada,2,1,0,0,1,0,0,"-32.81924, -60.71157",Calle,,CAPITÁN BERMÚDEZ,Constitución,Asfalto,Pavimento,XVII,Dentro,Urbana,Otra Señal,S/D,Intersección,S/D,S/D,Diurna,S/D,Múltiple,S/D,Colisión,Ninguna,S/D,Cordón divisorio,Sin restricción
2021,8614,2021-11-08,Lunes,18:50:00,,0.0,2,"Moto/Ciclomotor,Transporte de Pasajeros Urbano (> 8 asientos)",Grandoli 4058,3,2,0,0,1,0,0,"-32.98782, -60.62851",Avenida,,ROSARIO,Constitución,Asfalto,No existe,II,S/D,Urbana,Otra Señal,No existe,Intersección,Bueno,Buena,Atardecer,Buen Tiempo,Múltiple,S/D,Colisión,Ninguna,Faltante,Cordón divisorio,Sin restricción
2021,8616,2021-11-15,Lunes,,,0.0,1,Moto/Ciclomotor,San Martin Y Pje. Ámsterdam,1,1,0,0,0,0,0,"-32.99346, -60.64722",Calle,,ROSARIO,Constitución,Asfalto,No existe,II,Dentro,Urbana,Otra Señal,No existe,Intersección,Bueno,Buena,S/D,Otro,Múltiple,S/D,Colisión,Ninguna,Faltante,Cordón divisorio,Sin restricción
2021,8618,2021-12-06,Lunes,15:30:00,,0.0,1,Bicicleta,Callao 3700,1,1,0,0,0,0,0,"-32.976289846089,-60.668605038058",Calle,,ROSARIO,Constitución,Asfalto,No existe,II,Dentro,Urbana,Otra Señal,No existe,Intersección,Bueno,Buena,Diurna,Buen Tiempo,Múltiple,S/D,Colisión,Ninguna,Faltante,Cordón divisorio,Sin restricción
2021,8619,2021-11-23,Martes,05:50:00,,0.0,1,Moto/Ciclomotor,J M Rosas ,1,1,0,0,0,0,0,"-32.82957, -60.70887",Calle,,CAPITÁN BERMÚDEZ,Constitución,S/D,S/D,XVII,Dentro,Urbana,Otra Señal,S/D,Intersección,S/D,S/D,Nocturna,S/D,Múltiple,S/D,Colisión,S/D,S/D,Cordón divisorio,Sin restricción
2021,8620,2021-12-15,Miercoles,20:20:00,,0.0,2,"Peatón,Automóvil",Bv. Avellaneda 4600,2,1,0,0,1,0,0,"-32.992021886913,-60.688876571537",Avenida,,ROSARIO,Constitución,Asfalto,No existe,II,Fuera,Urbana,Otra Señal,No existe,Intersección,Bueno,Buena,Diurna,Buen Tiempo,Múltiple,Peatón,Colisión,Ninguna,Faltante,Cordón divisorio,Sin restricción
2021,8621,2021-11-22,Lunes,23:00:00,Autopista Provincial Brigadier E.LÓPEZ,0.0,1,Automóvil, ,3,2,0,0,1,0,0,"-32.83639, -60.74032",Autopista,Brigadier E.LÓPEZ,CAPITÁN BERMÚDEZ,Constitución,Asfalto,Pavimento,XVII,Dentro,Rural,Otra Señal,No existe,Intersección,S/D,S/D,Nocturna,S/D,Múltiple,S/D,Colisión,S/D,S/D,Cordón divisorio,Sin restricción
2021,8622,2021-12-16,Jueves,13:00:00,,0.0,2,"Moto/Ciclomotor,Moto/Ciclomotor",Flor De Nacar ,2,1,0,0,0,0,1,"-33.01857233047487,-60.660576224327",Calle,,ROSARIO,Constitución,Asfalto,No existe,II,Dentro,Urbana,Otra Señal,No existe,Intersección,Con baches,Buena,Diurna,Buen Tiempo,Múltiple,S/D,Colisión,Agua,Faltante,Cordón divisorio,Sin restricción
2021,8623,2021-12-01,Miercoles,16:30:00,,0.0,2,"Bicicleta,Automóvil",Gálvez Y San Martin,2,1,0,0,1,0,0,"-32.969054, -60.642326",Avenida,,ROSARIO,Constitución,Asfalto,No existe,II,Dentro,Urbana,Otra Señal,Funciona,Intersección,Bueno,Buena,Diurna,Buen Tiempo,Múltiple,Ciclista,Colisión,Ninguna,"Horizontal,Vertical",Cordón divisorio,Sin restricción
2021,8625,2021-11-07,Domingo,04:20:00,,0.0,1,Moto/Ciclomotor,Bv. Oroño 4396,2,1,0,0,1,0,0,"-32.97651, -60.66148",Avenida,,ROSARIO,Constitución,Asfalto,No existe,II,S/D,Urbana,Otra Señal,No existe,Intersección,Bueno,Buena,"Nocturna,Con luz artificial",Buen Tiempo,Múltiple,S/D,Colisión,Ninguna,Faltante,Cordón divisorio,Sin restricción
2021,8627,2021-11-12,Viernes,06:15:00,Autopista Nacional A008,0.0,2,"Moto/Ciclomotor,Otros",Av. Ntra.Sra.del Rosario Y Av. Circunvalación,3,1,0,0,2,0,0,"-33.00127, -60.68769",Autopista,A008,ROSARIO,Constitución,Asfalto,No existe,II,S/D,S/D,Otra Señal,No existe,Intersección,Bueno,Buena,Diurna,Buen Tiempo,Múltiple,S/D,Colisión,Ninguna,Faltante,Cordón divisorio,Sin restricción
2021,8628,2021-11-20,Sabado,04:20:00,,0.0,1,Moto/Ciclomotor,Sargento Cabral Y Julián Cervera,1,1,0,0,0,0,0,"-32.76096, -60.73265",Calle,,SAN LORENZO,Constitución,Asfalto,S/D,XVII,S/D,Urbana,Otra Señal,S/D,Intersección,S/D,S/D,Nocturna,S/D,Múltiple,S/D,Colisión,S/D,S/D,Cordón divisorio,Sin restricción
2021,8629,2021-11-13,Sabado,16:13:00,,0.0,2,"Bicicleta,Automóvil",Av. Uriburu Y España,2,1,0,0,1,0,0,"-32.99098, -60.65802",Avenida,,ROSARIO,Constitución,Asfalto,No existe,II,S/D,S/D,Otra Señal,No existe,Intersección,Bueno,Buena,Diurna,S/D,Múltiple,Ciclista,Colisión,Ninguna,Faltante,Cordón divisorio,Sin restricción
2021,8630,2021-12-24,Viernes,16:10:00,,0.0,2,"Moto/Ciclomotor,Automóvil",Dr. Rivas Y Mariano Moreno,2,1,0,0,1,0,0,"-32.981449, -60.659978",Calle,,ROSARIO,Constitución,Asfalto,No existe,II,Dentro,Urbana,Otra Señal,No existe,Intersección,Bueno,Buena,Diurna,Buen Tiempo,Múltiple,S/D,Colisión,Ninguna,Faltante,Cordón divisorio,Sin restricción
2021,8631,2021-02-07,Domingo,23:40:00,,0.0,2,"Moto/Ciclomotor,Moto/Ciclomotor",Comodoro Rivadavia Y Manuel Dorrego,2,1,0,1,0,0,0,"-33.241112376806,-60.320273757555",Calle,,VILLA CONSTITUCIÓN,Constitución,Asfalto,No existe,VI,Dentro,Urbana,Otra Señal,No existe,Intersección,Bueno,Buena,Diurna,Buen Tiempo,Múltiple,S/D,Colisión,Ninguna,Faltante,Cordón divisorio,Sin restricción
2021,8632,2021-12-06,Lunes,17:30:00,,0.0,2,"Moto/Ciclomotor,Automóvil",3 de febrero Y Pres Domingo Faustino Sarmiento,2,1,0,0,1,0,0,"-31.65903816572,-60.778000648724",Calle,,SANTO TOMÉ,Constitución,Asfalto,No existe,I,Dentro,Urbana,Otra Señal,No existe,Intersección,Bueno,Buena,Diurna,Buen Tiempo,Múltiple,S/D,Colisión,Ninguna,Faltante,Cordón divisorio,Sin restricción
2021,8634,2021-11-20,Sabado,15:15:00,,0.0,2,"Moto/Ciclomotor,Automóvil",Luis Borghi ,5,2,0,0,3,0,0,"-32.75637, -60.7314",Calle,,SAN LORENZO,Constitución,Asfalto,S/D,XVII,Dentro,Urbana,Otra Señal,S/D,Intersección,S/D,S/D,Diurna,S/D,Múltiple,S/D,Colisión,S/D,S/D,Cordón divisorio,Sin restricción
2021,8635,2021-11-14,Domingo,01:00:00,,0.0,2,"Moto/Ciclomotor,Automóvil",Centenario Y Salva,2,1,0,0,1,0,0,"-33.00402, -60.64014",Calle,,ROSARIO,Constitución,Asfalto,No existe,II,Dentro,Urbana,Otra Señal,No existe,Intersección,Bueno,Buena,Nocturna,Buen Tiempo,Múltiple,S/D,Colisión,Ninguna,Faltante,Cordón divisorio,Sin restricción
2021,8636,2021-11-10,Miercoles,10:15:00,,0.0,2,"Peatón,Otros",Grandoli Y Pte. Quintana,2,1,0,0,1,0,0,"-32.98594, -60.62828",Avenida,,ROSARIO,Constitución,Asfalto,No existe,II,S/D,Urbana,Otra Señal,No existe,Intersección,S/D,Buena,Diurna,Buen Tiempo,Múltiple,Peatón,Colisión,Ninguna,Faltante,Cordón divisorio,Sin restricción
2021,8637,2021-12-19,Domingo,22:40:00,,0.0,2,"Moto/Ciclomotor,Automóvil",Centenario Y Leiva,2,1,0,0,1,0,0,"-33.00389110218,-60.637878559443",Calle,,ROSARIO,Constitución,Asfalto,No existe,II,Dentro,Urbana,Otra Señal,No existe,Intersección,Bueno,Buena,"Nocturna,Con luz artificial",Buen Tiempo,Múltiple,S/D,Colisión,Ninguna,Faltante,Cordón divisorio,Sin restricción
2021,8639,2021-11-06,Sabado,20:20:00,,0.0,3,"Automóvil,Moto/Ciclomotor,Peatón",Grandoli Y Pje. Becquer Bis,4,3,0,0,1,0,0,"-32.98747, -60.62824",Avenida,,ROSARIO,Constitución,Asfalto,No existe,II,Dentro,Urbana,Otra Señal,No existe,Intersección,Bueno,Buena,"Nocturna,Con luz artificial",Buen Tiempo,Múltiple,Peatón,Colisión,Ninguna,Faltante,Cordón divisorio,Sin restricción
2021,8640,2021-12-21,Martes,16:20:00,,0.0,2,"Bicicleta,Automóvil",Av. Ntra.Sra.del Rosario Y Lituania,2,1,0,0,1,0,0,"-32.998212, -60.620277",Calle,,ROSARIO,Constitución,Asfalto,No existe,II,Dentro,Urbana,Otra Señal,No existe,Intersección,Bueno,Buena,Diurna,Buen Tiempo,Múltiple,Ciclista,Colisión,Ninguna,Vertical,Cordón divisorio,Sin restricción
2021,8641,2021-12-20,Lunes,09:40:00,,0.0,2,"Automóvil,Moto/Ciclomotor",Av. Corrientes Y Av. Ntra.Sra.del Rosario,2,1,0,0,1,0,0,"-33.000000, -60.653427",Avenida,,ROSARIO,Constitución,Asfalto,No existe,II,Dentro,Urbana,Otra Señal,No existe,Intersección,Bueno,Buena,Diurna,Buen Tiempo,Múltiple,S/D,Colisión,Ninguna,Faltante,Cordón divisorio,Sin restricción
2021,8642,2021-11-05,Viernes,07:55:00,,0.0,2,"Automóvil,Automóvil",Balcarce Y Garibaldi,3,2,0,0,1,0,0,"-32.98355, -60.66185",S/D,,ROSARIO,Constitución,Asfalto,No existe,II,Dentro,Urbana,Otra Señal,No existe,Intersección,Bueno,S/D,S/D,S/D,Múltiple,S/D,Colisión,Ninguna,Faltante,Cordón divisorio,Sin restricción
2021,8643,2021-11-08,Lunes,18:00:00,,0.0,2,"Moto/Ciclomotor,Automóvil",Garibaldi Y Balcarce,4,1,0,0,3,0,0,"-32.98353, -60.66188",Calle,,ROSARIO,Constitución,Asfalto,No existe,II,Dentro,Urbana,Otra Señal,No existe,Intersección,Bueno,Buena,Diurna,Buen Tiempo,Múltiple,S/D,Colisión,Ninguna,Faltante,Cordón divisorio,Sin restricción
2021,8644,2021-11-21,Domingo,07:30:00,Ruta Nacional 11,0.0,1,Moto/Ciclomotor,Av. San Martin Y San Luis,2,1,0,0,1,0,0,"-32.75356, -60.73436",Ruta,11,SAN LORENZO,Constitución,Asfalto,S/D,XVII,Dentro,Urbana,Otra Señal,S/D,Intersección,S/D,S/D,Diurna,S/D,Múltiple,S/D,Colisión,S/D,S/D,Cordón divisorio,Sin restricción
2021,8646,2021-11-02,Martes,16:08:00,,0.0,2,"Moto/Ciclomotor,Automóvil",Necochea Y Amenábar,2,1,0,0,1,0,0,"-32.97475, -60.63065",Calle,,ROSARIO,Constitución,Asfalto,No existe,II,Dentro,Urbana,Otra Señal,No existe,Intersección,Bueno,Buena,Diurna,Buen Tiempo,Múltiple,S/D,Colisión,Ninguna,Faltante,Cordón divisorio,Sin restricción
2021,8647,2021-12-20,Lunes,16:45:00,,0.0,2,"Moto/Ciclomotor,Automóvil",Cerrito Y Ecuador,3,2,0,0,1,0,0,"-32.953386256889,-60.71442167195",Calle,,ROSARIO,Constitución,Asfalto,Pavimento,II,Dentro,Urbana,Otra Señal,No existe,Intersección,Bueno,Buena,Diurna,Buen Tiempo,Múltiple,S/D,Colisión,Ninguna,Faltante,Cordón divisorio,Sin restricción
2021,8649,2021-11-22,Lunes,22:40:00,,0.0,2,"Automóvil,Moto/Ciclomotor",Juan M De Rosas ,6,1,0,0,5,0,0,"-32.73704, -60.75086",Calle,,SAN LORENZO,Constitución,Asfalto,S/D,XVII,Dentro,Urbana,Otra Señal,S/D,Intersección,S/D,S/D,Nocturna,S/D,Múltiple,S/D,Colisión,S/D,S/D,Cordón divisorio,Sin restricción
2021,8650,2021-11-09,Martes,08:00:00,,0.0,2,"Bicicleta,Automóvil",Mitre Y Bv Simón Iriondo,2,1,0,0,1,0,0,"-33.23978, -60.83132",Calle,,ACEBAL,Constitución,Hormigón,No existe,II,Dentro,Urbana,Otra Señal,No existe,Intersección,Bueno,Buena,Diurna,Buen Tiempo,Múltiple,Ciclista,Colisión,S/D,Faltante,Cordón divisorio,Sin restricción
2021,8651,2021-11-11,Jueves,23:00:00,Ruta Provincial 13,0.0,2,"Automóvil,Pickup/Utilitario", ,5,4,0,0,1,0,0,"-33.13929, -60.71455",Ruta,13,PIÑERO,Constitución,Asfalto,Ripio,II,Dentro,Rural,Otra Señal,No existe,Intersección,Ahuellamiento,Buena,Nocturna,Buen Tiempo,Múltiple,S/D,Colisión,Ninguna,S/D,Cordón divisorio,Sin restricción
2021,8653,2021-11-04,Jueves,15:00:00,,0.0,2,"Moto/Ciclomotor,Automóvil",La Rioja Y Mitre B,2,1,0,0,1,0,0,"-29.47154, -60.21667",Calle,,VERA,Constitución,Ripio,No existe,XIX,Dentro,Urbana,Otra Señal,No existe,Intersección,Con baches,Buena,Diurna,Buen Tiempo,Múltiple,S/D,Colisión,Ninguna,Faltante,Cordón divisorio,Sin restricción
2021,8654,2021-11-04,Jueves,23:25:00,,0.0,2,"Automóvil,Moto/Ciclomotor",Moreno Y B Irigoyen,2,1,0,0,1,0,0,"-29.46854, -60.21484",Calle,,VERA,Constitución,Asfalto,S/D,XIX,Dentro,Urbana,Otra Señal,S/D,Intersección,Deteriorada,Reducida,Nocturna,Buen Tiempo,Múltiple,S/D,Colisión,Ninguna,Faltante,Cordón divisorio,Sin restricción
2021,8655,2021-12-13,Lunes,,,0.0,2,"Moto/Ciclomotor,Automóvil",Corrientes Y Pres Domingo Faustino Sarmiento,2,1,0,0,1,0,0,"-31.658845934695,-60.779206275879",Calle,,SANTO TOMÉ,Constitución,Asfalto,No existe,I,Dentro,Urbana,Otra Señal,Funciona,Intersección,Bueno,Buena,Diurna,Buen Tiempo,Múltiple,S/D,Colisión,Ninguna,Vertical,Cordón divisorio,Sin restricción
2021,8656,2021-11-12,Viernes,10:55:00,,0.0,1,Moto/Ciclomotor,San Martin Y Colon,2,1,0,0,1,0,0,"-29.45713, -60.21011",Calle,,VERA,Constitución,Asfalto,No existe,XIX,Dentro,Urbana,Otra Señal,No existe,Intersección,Bueno,Buena,Diurna,Buen Tiempo,Múltiple,S/D,Colisión,Ninguna,S/D,Cordón divisorio,Sin restricción
2021,8657,2021-11-13,Sabado,09:10:00,,0.0,2,"Moto/Ciclomotor,Moto/Ciclomotor",Sarmiento D Y 9 de Julio,2,1,0,0,1,0,0,"-29.45856, -60.21535",Calle,,VERA,Constitución,Asfalto,No existe,XIX,Dentro,Urbana,Otra Señal,No existe,Intersección,Bueno,Buena,Diurna,Buen Tiempo,Múltiple,S/D,Colisión,Ninguna,Faltante,Cordón divisorio,Sin restricción
2021,8658,2021-11-12,Viernes,17:50:00,,0.0,2,"Moto/Ciclomotor,Bicicleta",San Martin Y Rivadavia,2,1,0,0,0,0,1,"-29.88914, -60.2878",Calle,,CALCHAQUÍ,Constitución,Asfalto,S/D,XIX,S/D,Urbana,Otra Señal,S/D,Intersección,S/D,S/D,Diurna,S/D,Múltiple,Ciclista,Colisión,S/D,S/D,Cordón divisorio,Sin restricción
2021,8659,2021-12-22,Miercoles,20:10:00,,0.0,2,"Automóvil,Moto/Ciclomotor",Saavedra Y Pje. J.Castelli,2,1,0,0,1,0,0,"-32.97929684322,-60.638405464667",Calle,,ROSARIO,Constitución,Asfalto,No existe,II,Dentro,Urbana,Otra Señal,No existe,Intersección,Bueno,Buena,Diurna,Buen Tiempo,Múltiple,S/D,Colisión,Ninguna,Faltante,Cordón divisorio,Sin restricción
2021,8660,2021-11-09,Martes,21:20:00,,0.0,1,Moto/Ciclomotor,San Martin Y Colon,1,1,0,0,0,0,0,"-29.89462, -60.28878",Calle,,CALCHAQUÍ,Constitución,Asfalto,S/D,XIX,Dentro,Urbana,Otra Señal,No existe,Intersección,S/D,S/D,Nocturna,S/D,Múltiple,S/D,Colisión,S/D,S/D,Cordón divisorio,Sin restricción
2021,8661,2021-11-01,Lunes,10:45:00,,0.0,2,"Automóvil,Moto/Ciclomotor",Mitre ,3,1,0,0,2,0,0,"-29.88546, -60.28199",Calle,,CALCHAQUÍ,Constitución,Asfalto,S/D,XIX,Dentro,Urbana,Otra Señal,No existe,Intersección,S/D,Buena,Diurna,S/D,Múltiple,S/D,Colisión,S/D,S/D,Cordón divisorio,Sin restricción
2021,8663,2021-12-27,Lunes,07:30:00,,0.0,2,"Moto/Ciclomotor,Moto/Ciclomotor",Av. Corrientes Y Mr.Ross,2,1,0,0,0,0,1,"-32.987483, -60.652895",Calle,,ROSARIO,Constitución,Asfalto,No existe,II,Dentro,Urbana,Otra Señal,No existe,Intersección,Bueno,Buena,Diurna,Buen Tiempo,Múltiple,S/D,Colisión,Ninguna,Faltante,Cordón divisorio,Sin restricción
2021,8665,2021-12-12,Domingo,,,0.0,2,"Automóvil,Moto/Ciclomotor",Av. Uriburu Y Bv. Oroño,4,4,0,0,0,0,0,"-32.991196310353,-60.665135541391",Avenida,,ROSARIO,Constitución,Asfalto,Pavimento,II,Dentro,Urbana,Otra Señal,Funciona,Intersección,Bueno,Buena,"Nocturna,Con luz artificial",Buen Tiempo,Múltiple,S/D,Colisión,Ninguna,"Horizontal,Vertical",Cordón divisorio,Sin restricción
2021,8666,2021-12-21,Martes,17:00:00,,0.0,2,"Automóvil,Moto/Ciclomotor",Liniers Y Pje. Lejarza,3,2,0,0,1,0,0,"-32.966552641414,-60.697531414423",Calle,,ROSARIO,Constitución,Asfalto,No existe,II,Dentro,Urbana,Otra Señal,No existe,Intersección,Bueno,Buena,Diurna,Buen Tiempo,Múltiple,S/D,Colisión,Ninguna,Faltante,Cordón divisorio,Sin restricción
2021,8667,2021-11-06,Sabado,15:00:00,,0.0,2,"Moto/Ciclomotor,Pickup/Utilitario",9 de Julio Y Gdor. Cabal,2,1,0,0,1,0,0,"-30.78834, -60.59391",Avenida,,SAN JUSTO,Constitución,Asfalto,Pavimento,XVI,S/D,Urbana,Otra Señal,No existe,Intersección,Bueno,Buena,Diurna,Buen Tiempo,Múltiple,S/D,Colisión,Ninguna,S/D,Cordón divisorio,Sin restricción
2021,8668,2021-11-15,Lunes,12:40:00,,0.0,2,"Moto/Ciclomotor,Camión Chasis",M S M de Balcarce Y Gdor. Cabal,2,1,0,0,1,0,0,"-30.79621, -60.59566",Calle,,SAN JUSTO,Constitución,Hormigón,No existe,XVI,Dentro,Urbana,Otra Señal,No existe,Intersección,Bueno,Buena,Diurna,Buen Tiempo,Múltiple,S/D,Colisión,Ninguna,Faltante,Cordón divisorio,Sin restricción
2021,8669,2021-11-11,Jueves,09:15:00,Ruta Nacional 11,0.0,2,"Moto/Ciclomotor,Pickup/Utilitario",Cno San Roque ,2,1,0,0,0,0,1,"-30.78485, -60.59922",Ruta,11,SAN JUSTO,Constitución,Asfalto,Natural,XVI,S/D,S/D,Otra Señal,No existe,Intersección,Bueno,Buena,Diurna,Buen Tiempo,Múltiple,S/D,Colisión,Ninguna,Faltante,Cordón divisorio,Sin restricción
2021,8670,2021-11-07,Domingo,02:20:00,,0.0,2,"Automóvil,Bicicleta",9 de Julio Y Gral. Urquiza,2,1,0,0,1,0,0,"-30.78917, -60.5895",Calle,,SAN JUSTO,Constitución,Asfalto,No existe,XVI,Dentro,Urbana,Otra Señal,No existe,Intersección,Bueno,Reducida,Nocturna,Buen Tiempo,Múltiple,Ciclista,Colisión,Ninguna,Faltante,Cordón divisorio,Sin restricción
2021,8671,2021-12-13,Lunes,10:00:00,,0.0,2,"Bicicleta,Moto/Ciclomotor",Pasaje Carlos Pellegrini Y Pres Domingo Faustino Sarmiento,2,1,0,0,1,0,0,"-31.659857884195,-60.772962365724",Calle,,SANTO TOMÉ,Constitución,Asfalto,No existe,I,Dentro,Urbana,Otra Señal,No existe,Intersección,Bueno,Buena,Diurna,Buen Tiempo,Múltiple,Ciclista,Colisión,Ninguna,Faltante,Cordón divisorio,Sin restricción
2021,8672,2021-11-04,Jueves,,,0.0,2,"Moto/Ciclomotor,Moto/Ciclomotor",1ro de Mayo Y Mantovani J,2,2,0,0,0,0,0,"-30.78373, -60.59384",Calle,,SAN JUSTO,Constitución,Hormigón,No existe,XVI,Dentro,Urbana,Otra Señal,No existe,Intersección,Bueno,Buena,Amanecer,Buen Tiempo,Múltiple,S/D,Colisión,Ninguna,Faltante,Cordón divisorio,Sin restricción
2021,8673,2021-11-03,Miercoles,18:45:00,,0.0,2,"Moto/Ciclomotor,Automóvil",N Figueredo Y Belgrano,2,1,0,0,1,0,0,"-30.79144, -60.59147",Calle,,SAN JUSTO,Constitución,Hormigón,No existe,XVI,Dentro,Urbana,Otra Señal,No existe,Intersección,Resbaladiza,Buena,Diurna,Buen Tiempo,Múltiple,S/D,Colisión,Agua,Faltante,Cordón divisorio,Sin restricción
2021,8674,2021-11-01,Lunes,02:15:00,Ruta Nacional 11,0.0,2,"Moto/Ciclomotor,Automóvil",9 de Julio ,2,1,0,0,1,0,0,"-30.78893, -60.59097",Ruta,11,SAN JUSTO,Constitución,Asfalto,Pavimento,XVI,S/D,Urbana,Otra Señal,Funciona,Intersección,Bueno,Buena,Nocturna,Buen Tiempo,Múltiple,S/D,Colisión,Ninguna,S/D,Cordón divisorio,Sin restricción
2021,8675,2021-12-19,Domingo,22:55:00,,0.0,2,"Bicicleta,Moto/Ciclomotor",Pasco Y Venezuela,3,3,0,0,0,0,0,"-32.951253428012,-60.724062979519",Calle,,ROSARIO,Constitución,Asfalto,No existe,II,Dentro,Urbana,Otra Señal,No existe,Intersección,Bueno,Buena,Nocturna,Buen Tiempo,Múltiple,Ciclista,Colisión,Ninguna,Faltante,Cordón divisorio,Sin restricción
2021,8676,2021-11-12,Viernes,19:50:00,,0.0,1,Automóvil, ,3,2,0,0,1,0,0,"-30.78769, -60.59394",Camino Rural,,SAN JUSTO,Constitución,Ripio,Natural,XVI,Dentro,Rural,Otra Señal,No existe,Intersección,"Resbaladiza,Ahuellamiento",Reducida,Atardecer,Buen Tiempo,Múltiple,S/D,Colisión,Ninguna,Faltante,Cordón divisorio,Sin restricción
2021,8677,2021-11-07,Domingo,00:15:00,Ruta Provincial 61,0.0,1,Automóvil, ,7,3,0,0,4,0,0,"-30.94091, -60.64147",Ruta,61,VIDELA,Constitución,Ripio,Natural,XVI,Fuera,Rural,Otra Señal,No existe,Intersección,Con baches,Reducida polvo,Nocturna,Buen Tiempo,Múltiple,S/D,Colisión,Material Suelto,Faltante,Cordón divisorio,Sin restricción
2021,8680,2021-12-18,Sabado,16:30:00,,0.0,2,"Moto/Ciclomotor,Moto/Ciclomotor",Barra Y Ocampo,3,3,0,0,0,0,0,"-32.957865886821,-60.706106857222",Calle,,ROSARIO,Constitución,Asfalto,No existe,II,Dentro,Urbana,Otra Señal,No existe,Intersección,Bueno,Buena,Diurna,Buen Tiempo,Múltiple,S/D,Colisión,Ninguna,Faltante,Cordón divisorio,Sin restricción
2021,8681,2021-12-13,Lunes,18:45:00,,0.0,2,"Automóvil,Moto/Ciclomotor",Mariano Moreno 4430,2,1,0,0,1,0,0,"-31.689634452955,-60.769968913782",Calle,,SANTO TOMÉ,Constitución,Tierra,No existe,I,Dentro,Urbana,Otra Señal,No existe,Intersección,Con baches,Buena,Diurna,Buen Tiempo,Múltiple,S/D,Colisión,Ninguna,Faltante,Cordón divisorio,Sin restricción
2021,8682,2021-12-17,Viernes,08:10:00,,0.0,1,Moto/Ciclomotor,Bv. Avellaneda Y Rueda,1,1,0,0,0,0,0,"-32.963682450769,-60.685437853603",Avenida,,ROSARIO,Constitución,Asfalto,No existe,II,Dentro,Urbana,Otra Señal,No existe,Intersección,Bueno,S/D,Diurna,Buen Tiempo,Múltiple,S/D,Colisión,Ninguna,Faltante,Cordón divisorio,Sin restricción
2021,8683,2021-12-16,Jueves,15:00:00,Autopista Nacional A008,0.0,2,"Automóvil,Moto/Ciclomotor",Av. Circunvalación Y Av. Uriburu,2,1,0,0,1,0,0,"-32.99221, -60.70117",Autopista,A008,ROSARIO,Constitución,Asfalto,No existe,II,Dentro,Urbana,Otra Señal,No existe,Intersección,Bueno,Buena,Diurna,Buen Tiempo,Múltiple,S/D,Colisión,Ninguna,Horizontal,Cordón divisorio,Sin restricción
2021,8684,2021-12-13,Lunes,16:40:00,,0.0,2,"Moto/Ciclomotor,Automóvil",Bv. Rondeau Y Godoy Cruz,3,2,0,0,1,0,0,"-32.889837475028,-60.69413811322",Avenida,,ROSARIO,Constitución,Asfalto,No existe,II,Dentro,Urbana,Otra Señal,No existe,Intersección,Bueno,Buena,Diurna,Buen Tiempo,Múltiple,S/D,Colisión,Ninguna,Horizontal,Cordón divisorio,Sin restricción
2021,8685,2021-12-14,Martes,12:00:00,Ruta Nacional 33,0.0,1,Camión Chasis,Av. Pte. Perón Y Calle 1712,2,1,0,0,1,0,0,"-32.971965001264,-60.719527581866",Ruta,33,ROSARIO,Constitución,Asfalto,No existe,II,Dentro,Urbana,Otra Señal,No existe,Intersección,Bueno,Buena,Diurna,Buen Tiempo,Múltiple,S/D,Colisión,Ninguna,Faltante,Cordón divisorio,Sin restricción