anio_acci,nro_acci,fecha,desc_dia,hora_aprox,desc_ruta,km,cant_participantes,desc_participante,calle_avenida_km,total,heridos_leves,heridos_graves,heridos_gravisimos,ilesos,fallecidos,sin_datos,posicion_XY,desc_tipo_via,desc_ruta_ori,desc_loc,desc_dpto,desc_tipo_calzada,desc_tipo_banquina,desc_unidad_regional,desc_lugar_calzada,desc_zona,desc_prioridad,desc_estado_semaforo,desc_lugar_via,desc_estado_via,desc_estado_visibilidad,desc_luminosidad,desc_estado_clima,desc_tipo_colision,desc_tipo_atropello,desc_tipo_hecho,desc_pres_calzada,desc_senializacion,desc_separacion_via,desc_restriccion
2021,8686,2021-12-18,Sabado,01:00:00,,0.0,2,"Pickup/Utilitario,Moto/Ciclomotor",Calle 14 ,3,2,0,0,1,0,0,"-31.793679, -60.859396",Calle,,SAUCE VIEJO,Constitución,Ripio,No existe,I,Dentro,Urbana,Otra Señal,No existe,Intersección,Bueno,Buena,Nocturna,Buen Tiempo,Múltiple,Ciclista,Colisión,Material Suelto,Faltante,Cordón divisorio,Sin restricción
2021,8687,2021-12-03,Viernes,22:15:00,,0.0,2,"Moto/Ciclomotor,Peatón",Bv. 27 De Febrero Y Bv. Avellaneda,2,2,0,0,0,0,0,"-32.960358973096,-60.684380616245",Avenida,,ROSARIO,Constitución,Asfalto,No existe,II,Dentro,Urbana,Otra Señal,Funciona,Intersección,Bueno,Buena,Diurna,Buen Tiempo,Múltiple,Peatón,Colisión,Ninguna,"Horizontal,Vertical",Cordón divisorio,Sin restricción
2021,8688,2021-11-28,Domingo,15:30:00,,0.0,2,"Automóvil,Moto/Ciclomotor",Belgrano ,4,3,0,0,1,0,0,"-32.74674, -60.73763",Calle,,SAN LORENZO,Constitución,Asfalto,S/D,XVII,Dentro,Urbana,Otra Señal,S/D,Intersección,S/D,S/D,Diurna,S/D,Múltiple,S/D,Colisión,S/D,S/D,Cordón divisorio,Sin restricción
2021,8689,2021-12-13,Lunes,07:00:00,,0.0,1,Bicicleta,Mariano Candioti 4500,1,1,0,0,0,0,0,"-31.692429358771,-60.759584365807",Calle,,SANTO TOMÉ,Constitución,Asfalto,No existe,I,Dentro,Urbana,Otra Señal,No existe,Intersección,Bueno,Buena,Nocturna,Buen Tiempo,Múltiple,S/D,Colisión,Ninguna,Faltante,Cordón divisorio,Sin restricción
2021,8690,2021-12-19,Domingo,13:15:00,,0.0,2,"Automóvil,Moto/Ciclomotor",Constitución Y San Luis,2,1,0,0,1,0,0,"-32.942669154822,-60.674334376202",Calle,,ROSARIO,Constitución,Asfalto,No existe,II,Dentro,Urbana,Otra Señal,No existe,Intersección,Bueno,Buena,Diurna,Buen Tiempo,Múltiple,S/D,Colisión,Ninguna,Faltante,Cordón divisorio,Sin restricción
2021,8691,2021-11-29,Lunes,20:20:00,,0.0,2,"Moto/Ciclomotor,Automóvil",Sargento Cabral Y Urquiza,2,1,0,0,1,0,0,"-32.74774, -60.7306",Calle,,SAN LORENZO,Constitución,Asfalto,S/D,XVII,Dentro,Urbana,Otra Señal,S/D,Intersección,S/D,S/D,Nocturna,S/D,Múltiple,S/D,Colisión,S/D,S/D,Cordón divisorio,Sin restricción
2021,8692,2021-11-27,Sabado,17:15:00,,0.0,1,Moto/Ciclomotor,Av. San Martin Y Sarmiento,2,1,0,0,1,0,0,"-29.90855, -59.82737",Avenida,,ALEJANDRA,Constitución,Asfalto,S/D,XIV,Dentro,Urbana,Otra Señal,No existe,Intersección,Bueno,Buena,Diurna,Buen Tiempo,Múltiple,S/D,Colisión,Ninguna,Faltante,Cordón divisorio,Sin restricción
2021,8693,2021-11-25,Jueves,20:15:00,,0.0,2,"Automóvil,Moto/Ciclomotor",Rivadavia Y Bv Lisandro de la Torre,3,2,0,0,1,0,0,"-31.90244, -61.85895",Avenida,,SAN JORGE,Constitución,Asfalto,S/D,XVIII,Dentro,Urbana,Otra Señal,No existe,Intersección,Bueno,Buena,Atardecer,S/D,Múltiple,S/D,Colisión,S/D,Faltante,Cordón divisorio,Sin restricción
2021,8694,2021-12-22,Miercoles,13:30:00,,0.0,2,"Automóvil,Moto/Ciclomotor",3 De Febrero Y Vera Mujica,2,1,0,0,1,0,0,"-32.947637392821,-60.668477600922",Calle,,ROSARIO,Constitución,Asfalto,No existe,II,Dentro,Urbana,Otra Señal,No existe,Intersección,Bueno,Buena,Diurna,Buen Tiempo,Múltiple,S/D,Colisión,Ninguna,Faltante,Cordón divisorio,Sin restricción
2021,8696,2021-12-06,Lunes,13:50:00,,0.0,2,"Automóvil,Moto/Ciclomotor",Dean Funes Y Tte.Agneta,4,2,0,0,2,0,0,"-32.967097733089,-60.698798283326",Calle,,ROSARIO,Constitución,Asfalto,No existe,II,Dentro,Urbana,Otra Señal,No existe,Intersección,Bueno,Buena,Diurna,Buen Tiempo,Múltiple,S/D,Colisión,Ninguna,Faltante,Cordón divisorio,Sin restricción
2021,8698,2021-12-23,Jueves,12:50:00,,0.0,2,"Moto/Ciclomotor,Automóvil",AV BELGRANO Y LIVIO DANTE PORTA,2,1,0,0,1,0,0,"-32.953001, -60.625207",Avenida,,ROSARIO,Constitución,Asfalto,No existe,II,Dentro,Urbana,Otra Señal,No existe,Intersección,Bueno,Buena,Diurna,Buen Tiempo,Múltiple,S/D,Colisión,Ninguna,Horizontal,Cordón divisorio,Sin restricción
2021,8699,2021-12-02,Jueves,19:00:00,,0.0,2,"Automóvil,Moto/Ciclomotor",Ayacucho 5341,2,1,0,0,1,0,0,"-32.998858484413,-60.636489929609",Avenida,,ROSARIO,Constitución,Asfalto,No existe,II,Dentro,Urbana,Otra Señal,No existe,Intersección,Bueno,Buena,Diurna,Buen Tiempo,Múltiple,S/D,Colisión,Ninguna,Horizontal,Cordón divisorio,Sin restricción
2021,8701,2021-12-03,Viernes,18:00:00,,0.0,2,"Automóvil,Moto/Ciclomotor",Bv. Seguí Y Mitre,2,1,0,0,1,0,0,"-32.978716541034,-60.64771983852",Avenida,,ROSARIO,Constitución,Asfalto,No existe,II,Dentro,Urbana,Otra Señal,No existe,Intersección,Bueno,Buena,Diurna,Buen Tiempo,Múltiple,S/D,Colisión,Ninguna,"Horizontal,Vertical",Cordón divisorio,Sin restricción
2021,8702,2021-12-22,Miercoles,15:45:00,,0.0,1,Bicicleta,Bv. Oroño Y Brown,1,1,0,0,0,0,0,"-32.934413948125,-60.650843520278",Avenida,,ROSARIO,Constitución,Asfalto,No existe,II,Dentro,Urbana,Otra Señal,Funciona,Intersección,Bueno,Buena,Diurna,Buen Tiempo,Múltiple,S/D,Colisión,Ninguna,"Horizontal,Vertical",Cordón divisorio,Sin restricción
2021,8703,2021-12-08,Miercoles,19:40:00,,0.0,2,"Moto/Ciclomotor,Automóvil",Av. Corrientes Y Uruguay,3,1,0,0,2,0,0,"-32.97602592673,-60.649989538804",Calle,,ROSARIO,Constitución,Asfalto,No existe,II,Dentro,Urbana,Otra Señal,No existe,Intersección,Bueno,Buena,Atardecer,Buen Tiempo,Múltiple,S/D,Colisión,Ninguna,Vertical,Cordón divisorio,Sin restricción
2021,8705,2021-11-15,Lunes,22:40:00,Ruta Provincial 13,0.0,2,"Moto/Ciclomotor,Moto/Ciclomotor", ,2,2,0,0,0,0,0,"-31.90566, -61.84779",Ruta,13,SAN JORGE,Constitución,Asfalto,Natural,XVIII,Dentro,S/D,Otra Señal,No existe,Intersección,Bueno,Buena,Nocturna,Buen Tiempo,Múltiple,S/D,Colisión,Ninguna,Faltante,Cordón divisorio,Sin restricción
2021,8707,2021-11-02,Martes,03:50:00,Ruta Nacional 19,0.0,1,Pickup/Utilitario, ,5,1,0,0,4,0,0,"-31.52315, -61.72018",Ruta,19,ESTACIÓN CLUCELLAS,Constitución,Hormigón,Natural,V,Dentro,Rural,Otra Señal,No existe,Intersección,Bueno,S/D,Nocturna,S/D,Múltiple,S/D,Colisión,Agua,Horizontal,Cordón divisorio,Sin restricción
2021,8708,2021-12-04,Sabado,17:15:00,,0.0,2,"Automóvil,Transporte de Pasajeros Urbano (> 8 asientos)",Av. Battle y Ordoñez Y San Martin,2,1,0,0,1,0,0,"-33.008887070308,-60.650717921589",Avenida,,ROSARIO,Constitución,Asfalto,No existe,II,Dentro,Urbana,Otra Señal,Funciona,Intersección,Bueno,Buena,Atardecer,Buen Tiempo,Múltiple,S/D,Colisión,Ninguna,"Horizontal,Vertical",Cordón divisorio,Sin restricción
2021,8709,2021-11-15,Lunes,06:25:00,Ruta Nacional 19,0.0,2,"Pickup/Utilitario,Camión c / Acoplado", ,2,1,0,0,1,0,0,"-31.49292, -61.68823",Ruta,19,RAFAELA,Constitución,Asfalto,Pavimento,V,Dentro,Rural,Otra Señal,No existe,Intersección,Bueno,Buena,Diurna,Buen Tiempo,Múltiple,S/D,Colisión,Ninguna,"Horizontal,Vertical",Cordón divisorio,Sin restricción
2021,8710,2021-11-08,Lunes,08:40:00,Ruta Nacional 19,0.0,2,"Pickup/Utilitario,Pickup/Utilitario", ,4,1,0,0,3,0,0,"-31.49292, -61.68823",Ruta,19,ESTACIÓN CLUCELLAS,Constitución,Asfalto,Pavimento,V,Dentro,Rural,Otra Señal,No existe,Intersección,Bueno,Buena,Diurna,Buen Tiempo,Múltiple,S/D,Colisión,Ninguna,Horizontal,Cordón divisorio,Sin restricción
2021,8711,2021-12-21,Martes,09:20:00,Autopista Nacional A008,0.0,2,"Automóvil,Automóvil",Av. Circunvalación Y Av. Uriburu,2,2,0,0,0,0,0,"-32.992211580276454,-60.70117950439",Autopista,A008,ROSARIO,Constitución,Asfalto,No existe,II,Dentro,Urbana,Otra Señal,No existe,Intersección,Bueno,Buena,Diurna,Buen Tiempo,Múltiple,S/D,Colisión,Ninguna,Horizontal,Cordón divisorio,Sin restricción
2021,8712,2021-11-09,Martes,13:15:00,,0.0,2,"Moto/Ciclomotor,Pickup/Utilitario",Av. Moreno Y Pedroni,2,1,0,0,1,0,0,"-30.94578, -61.56857",Calle,,SUNCHALES,Constitución,Hormigón,Pavimento,V,Dentro,Urbana,Otra Señal,No existe,Intersección,Bueno,Buena,Diurna,Buen Tiempo,Múltiple,S/D,Colisión,Ninguna,Horizontal,Cordón divisorio,Sin restricción
2021,8713,2021-12-26,Domingo,01:45:00,,0.0,2,"Automóvil,Moto/Ciclomotor",Lavalle 10,2,1,0,0,1,0,0,"-32.929522016554,-60.67530774298",Calle,,ROSARIO,Constitución,Asfalto,No existe,II,Dentro,Urbana,Otra Señal,No existe,Intersección,Bueno,Buena,Nocturna,Buen Tiempo,Múltiple,S/D,Colisión,Ninguna,Horizontal,Cordón divisorio,Sin restricción
2021,8714,2021-12-01,Miercoles,09:00:00,,0.0,2,"Moto/Ciclomotor,Automóvil",Av. Luis Carballo Y Bv. Avellaneda,2,1,0,0,1,0,0,"-32.921926129617,-60.674709727097",Avenida,,ROSARIO,Constitución,Asfalto,No existe,I,Dentro,Urbana,Otra Señal,Funciona,Intersección,Bueno,Buena,Diurna,Buen Tiempo,Múltiple,S/D,Colisión,Ninguna,Faltante,Cordón divisorio,Sin restricción
2021,8716,2021-12-10,Viernes,12:20:00,,0.0,2,"Moto/Ciclomotor,Bicicleta",Onesimo Leguizamón 1100,2,2,0,0,0,0,0,"-32.914978011918,-60.677841663408",Calle,,ROSARIO,Constitución,Asfalto,No existe,II,Dentro,Urbana,Otra Señal,No existe,Intersección,Bueno,Buena,Diurna,Buen Tiempo,Múltiple,Ciclista,Colisión,Ninguna,Faltante,Cordón divisorio,Sin restricción
2021,8717,2021-12-09,Jueves,12:55:00,,0.0,2,"Moto/Ciclomotor,Pickup/Utilitario",Centeno Y Grandoli,3,1,0,0,2,0,0,"-32.988267020462,-60.628442634457",Avenida,,ROSARIO,Constitución,Asfalto,No existe,II,Dentro,Urbana,Otra Señal,No existe,Intersección,Bueno,Buena,Diurna,Buen Tiempo,Múltiple,S/D,Colisión,Ninguna,Faltante,Cordón divisorio,Sin restricción
2021,8718,2021-11-10,Miercoles,13:00:00,,0.0,1,Moto/Ciclomotor,Tucumán Y Falucho,2,2,0,0,0,0,0,"-30.93956, -61.5534",Calle,,SUNCHALES,Constitución,Asfalto,Pavimento,V,Dentro,Urbana,Otra Señal,No existe,Intersección,Bueno,Buena,Diurna,Buen Tiempo,Múltiple,S/D,Colisión,Ninguna,Faltante,Cordón divisorio,Sin restricción
2021,8720,2021-11-08,Lunes,23:40:00,,0.0,2,"Moto/Ciclomotor,Moto/Ciclomotor",Mitre Y Padre O Madesma,2,2,0,0,0,0,0,"-32.66985, -60.78471",Calle,,TIMBÚES,Constitución,Ripio,No existe,XVII,Dentro,Urbana,Otra Señal,No existe,Intersección,Con baches,Buena,Nocturna,Buen Tiempo,Múltiple,S/D,Colisión,Ninguna,Faltante,Cordón divisorio,Sin restricción
2021,8721,2021-11-11,Jueves,17:00:00,Ruta Nacional 11,0.0,2,"Automóvil,Moto/Ciclomotor", ,2,1,0,0,1,0,0,"-32.64606, -60.80911",Ruta,11,TIMBÚES,Constitución,Asfalto,Ripio,XVII,Dentro,Urbana,Otra Señal,No existe,Intersección,Bueno,Buena,Diurna,Buen Tiempo,Múltiple,S/D,Colisión,Ninguna,Vertical,Cordón divisorio,Sin restricción
2021,8722,2021-11-01,Lunes,19:45:00,,0.0,2,"Pickup/Utilitario,Moto/Ciclomotor",Av. San Martin Y Francia,2,1,0,0,1,0,0,"-32.72517, -60.73252",Avenida,,SAN LORENZO,Constitución,Asfalto,S/D,XVII,Dentro,Urbana,Otra Señal,S/D,Intersección,S/D,S/D,S/D,S/D,Múltiple,S/D,Colisión,S/D,S/D,Cordón divisorio,Sin restricción
2021,8723,2021-12-23,Jueves,19:00:00,,0.0,2,"Automóvil,Moto/Ciclomotor",Córdoba 1680,2,1,0,0,1,0,0,"-32.944970511552,-60.646251056682",Calle,,ROSARIO,Constitución,Asfalto,No existe,II,Dentro,Urbana,Otra Señal,No existe,Intersección,Bueno,Buena,Diurna,Buen Tiempo,Múltiple,S/D,Colisión,Ninguna,"Horizontal,Vertical",Cordón divisorio,Sin restricción
2021,8724,2021-12-02,Jueves,12:30:00,,0.0,2,"Moto/Ciclomotor,Automóvil",Av. Uriburu Y 1 de Mayo,2,1,0,0,1,0,0,"-32.990427, -60.640374",Avenida,,ROSARIO,Constitución,Asfalto,No existe,II,Dentro,Urbana,Otra Señal,No existe,Intersección,Bueno,Buena,Diurna,Buen Tiempo,Múltiple,S/D,Colisión,Ninguna,Faltante,Cordón divisorio,Sin restricción
2021,8725,2021-11-09,Martes,10:30:00,,0.0,2,"Pickup/Utilitario,Bicicleta",Bv Oroño Y Av. San Martin,2,1,0,0,1,0,0,"-32.73533, -60.73388",Avenida,,SAN LORENZO,Constitución,Asfalto,S/D,XVII,Dentro,Urbana,Otra Señal,S/D,Intersección,S/D,S/D,S/D,S/D,Múltiple,Ciclista,Colisión,S/D,S/D,Cordón divisorio,Sin restricción
2021,8726,2021-11-14,Domingo,14:15:00,,0.0,2,"Automóvil,Automóvil",Catamarca Y Manuel Alberti,4,2,0,0,2,0,0,"-32.90483, -60.91278",S/D,,ROLDÁN,Constitución,S/D,Natural,XVII,S/D,Urbana,Otra Señal,S/D,Intersección,Bueno,S/D,Diurna,S/D,Múltiple,S/D,Colisión,S/D,S/D,Cordón divisorio,Sin restricción
2021,8727,2021-11-06,Sabado,08:50:00,,0.0,2,"Bicicleta,Tren", ,2,1,0,0,0,0,1,"-32.90381, -60.91302",S/D,,ROLDÁN,Constitución,S/D,S/D,XVII,S/D,Rural,Otra Señal,S/D,Intersección,S/D,S/D,S/D,S/D,Múltiple,Ciclista,Colisión,S/D,S/D,Cordón divisorio,Sin restricción
2021,8728,2021-12-12,Domingo,16:00:00,,0.0,1,Taxi/Remis,Av. Pellegrini 1700,2,1,0,0,1,0,0,"-32.949999037977,-60.681987188433",Avenida,,ROSARIO,Constitución,Asfalto,No existe,II,Dentro,Urbana,Otra Señal,Funciona,Intersección,Bueno,Buena,Diurna,Buen Tiempo,Múltiple,S/D,Colisión,Ninguna,"Horizontal,Vertical",Cordón divisorio,Sin restricción
2021,8729,2021-11-06,Sabado,20:30:00,,0.0,1,Moto/Ciclomotor,Catamarca Y Nicasio Oroño,1,1,0,0,0,0,0,"-32.93793, -60.65163",S/D,,ROLDÁN,Constitución,Asfalto,S/D,XVII,S/D,Urbana,Otra Señal,No existe,Intersección,S/D,S/D,Nocturna,S/D,Múltiple,S/D,Colisión,S/D,S/D,Cordón divisorio,Sin restricción
2021,8731,2021-11-04,Jueves,17:55:00,,0.0,2,"Moto/Ciclomotor,Moto/Ciclomotor",Fray Mamerto Esquiu Y Francisco Ramírez,2,2,0,0,0,0,0,"-32.9098, -60.90489",Calle,,ROLDÁN,Constitución,Asfalto,S/D,XVII,Dentro,Urbana,Otra Señal,No existe,Intersección,S/D,S/D,S/D,Buen Tiempo,Múltiple,S/D,Colisión,S/D,S/D,Cordón divisorio,Sin restricción
2021,8732,2021-11-01,Lunes,11:30:00,,0.0,2,"Moto/Ciclomotor,Automóvil",Bv Pellegrini Y Córdoba,2,1,0,0,1,0,0,"-32.89508, -60.89899",S/D,,ROLDÁN,Constitución,Asfalto,S/D,XVII,S/D,S/D,Otra Señal,No existe,Intersección,Bueno,S/D,S/D,S/D,Múltiple,S/D,Colisión,S/D,S/D,Cordón divisorio,Sin restricción
2021,8733,2021-12-09,Jueves,13:00:00,,0.0,2,"Bicicleta,Pickup/Utilitario",3 De Febrero Y Bv. Oroño,2,1,0,0,1,0,0,"-32.950094183995,-60.654781061666",Avenida,,ROSARIO,Constitución,Asfalto,No existe,II,Dentro,Urbana,Otra Señal,Funciona,Intersección,Bueno,Buena,Diurna,Buen Tiempo,Múltiple,Ciclista,Colisión,Ninguna,"Horizontal,Vertical",Cordón divisorio,Sin restricción
2021,8734,2021-12-16,Jueves,08:35:00,,0.0,2,"Moto/Ciclomotor,Moto/Ciclomotor",Balcarce Y Tucumán,2,1,0,0,1,0,0,"-32.939318803554,-60.650775512073",Calle,,ROSARIO,Constitución,Asfalto,No existe,II,Dentro,Urbana,Otra Señal,No existe,Intersección,Bueno,Buena,Diurna,Buen Tiempo,Múltiple,S/D,Colisión,Ninguna,Horizontal,Cordón divisorio,Sin restricción
2021,8735,2021-11-02,Martes,00:50:00,,0.0,1,Moto/Ciclomotor,Av. San Martin Y Cayetano Nerbutti,1,1,0,0,0,0,0,"-32.71837, -60.7314",Calle,,PUERTO SAN MARTÍN,Constitución,Asfalto,No existe,XVII,Dentro,Urbana,Otra Señal,No existe,Intersección,Bueno,Buena,Nocturna,Buen Tiempo,Múltiple,S/D,Colisión,Otro,Faltante,Cordón divisorio,Sin restricción
2021,8736,2021-11-02,Martes,13:40:00,,0.0,2,"Moto/Ciclomotor,Automóvil",La Paz Y Chaco,2,1,0,0,1,0,0,"-32.71026, -60.76491",Calle,,PUERTO SAN MARTÍN,Constitución,Asfalto,No existe,XVII,Dentro,Urbana,Otra Señal,No existe,Intersección,Bueno,Buena,Diurna,Buen Tiempo,Múltiple,S/D,Colisión,Ninguna,Faltante,Cordón divisorio,Sin restricción
2021,8737,2021-11-06,Sabado,03:45:00,,0.0,1,Automóvil,Chile 948,2,1,0,0,1,0,0,"-32.70165, -60.73434",Calle,,PUERTO SAN MARTÍN,Constitución,Asfalto,No existe,XVII,Dentro,Urbana,Otra Señal,No existe,Intersección,Bueno,Buena,Nocturna,Buen Tiempo,Múltiple,S/D,Colisión,Ninguna,Faltante,Cordón divisorio,Sin restricción
2021,8738,2021-11-08,Lunes,13:35:00,,0.0,2,"Bicicleta,Automóvil",9 de Julio Y Buenos Aires,2,1,0,0,1,0,0,"-32.71257, -60.73232",S/D,,PUERTO SAN MARTÍN,Constitución,Asfalto,No existe,XVII,S/D,Urbana,Otra Señal,No existe,Intersección,Bueno,Buena,Diurna,Buen Tiempo,Múltiple,Ciclista,Colisión,Ninguna,Faltante,Cordón divisorio,Sin restricción
2021,8739,2021-12-10,Viernes,15:05:00,,0.0,2,"Automóvil,Moto/Ciclomotor",Dorrego Y San Lorenzo,2,1,0,0,1,0,0,"-32.942155031868,-60.648650038234",Calle,,ROSARIO,Constitución,Asfalto,No existe,II,Dentro,Urbana,Otra Señal,No existe,Intersección,Bueno,Buena,Diurna,Buen Tiempo,Múltiple,S/D,Colisión,Ninguna,"Horizontal,Vertical",Cordón divisorio,Sin restricción
2021,8740,2021-12-10,Viernes,15:50:00,,0.0,2,"Moto/Ciclomotor,Automóvil",9 De Julio Y Dorrego,2,1,0,0,1,0,0,"-32.95182555913925,-60.651091933250",Calle,,ROSARIO,Constitución,Asfalto,No existe,II,Dentro,Urbana,Otra Señal,No existe,Intersección,Bueno,Buena,Diurna,Otro,Múltiple,S/D,Colisión,Ninguna,Horizontal,Cordón divisorio,Sin restricción
2021,8741,2021-12-13,Lunes,08:10:00,,0.0,2,"Automóvil,Bicicleta",San Juan 966,2,1,0,0,1,0,0,"-32.950514264728,-60.637122648682",Calle,,ROSARIO,Constitución,Asfalto,No existe,II,Dentro,Urbana,Otra Señal,No existe,Intersección,Bueno,Buena,Diurna,Buen Tiempo,Múltiple,Ciclista,Colisión,Ninguna,Faltante,Cordón divisorio,Sin restricción
2021,8742,2021-12-23,Jueves,15:00:00,,0.0,2,"Moto/Ciclomotor,Pickup/Utilitario",Av. Luis Carballo Y Ing.Thedy Bis,4,1,0,0,3,0,0,"-32.923199002153,-60.665477456674",Avenida,,ROSARIO,Constitución,Asfalto,No existe,II,Dentro,Urbana,Otra Señal,Funciona,Intersección,Bueno,Buena,Diurna,Buen Tiempo,Múltiple,S/D,Colisión,Ninguna,"Horizontal,Vertical",Cordón divisorio,Sin restricción
2021,8743,2021-12-10,Viernes,11:20:00,,0.0,2,"Peatón,Pickup/Utilitario",Paraguay Y San Lorenzo,2,1,0,0,1,0,0,"-32.943122443141,-60.64315202977",Calle,,ROSARIO,Constitución,Asfalto,No existe,II,Dentro,Urbana,Otra Señal,No existe,Intersección,Bueno,Buena,Diurna,Buen Tiempo,Múltiple,Peatón,Colisión,Ninguna,"Horizontal,Vertical",Cordón divisorio,Sin restricción
2021,8744,2021-11-19,Viernes,19:30:00,,0.0,2,"Moto/Ciclomotor,Pickup/Utilitario",Gral. Güemes Y Mendoza,2,1,0,0,1,0,0,"-31.90148, -61.85358",Calle,,SAN JORGE,Constitución,Asfalto,No existe,XVIII,Dentro,Urbana,Otra Señal,No existe,Intersección,Bueno,Buena,Diurna,Buen Tiempo,Múltiple,S/D,Colisión,S/D,S/D,Cordón divisorio,Sin restricción
2021,8745,2021-12-08,Miercoles,20:20:00,,0.0,2,"Automóvil,Peatón",Av. Pellegrini Y Ricchieri,2,1,0,0,1,0,0,"-32.952790679937,-60.665532396895",Avenida,,ROSARIO,Constitución,Asfalto,No existe,II,Dentro,Urbana,Otra Señal,Funciona,Intersección,Bueno,Buena,"Nocturna,Con luz artificial",Buen Tiempo,Múltiple,Peatón,Colisión,Ninguna,"Horizontal,Vertical",Cordón divisorio,Sin restricción
2021,8746,2021-12-04,Sabado,15:00:00,,0.0,2,"Moto/Ciclomotor,Pickup/Utilitario",Laprida Y Pje. Azara,3,1,0,0,2,0,0,"-32.993062934506,-60.645810240621",Calle,,ROSARIO,Constitución,Asfalto,No existe,II,Dentro,Urbana,Otra Señal,No existe,Intersección,Bueno,Buena,Diurna,Buen Tiempo,Múltiple,S/D,Colisión,Ninguna,Faltante,Cordón divisorio,Sin restricción
2021,8748,2021-12-23,Jueves,11:40:00,,0.0,2,"Automóvil,Pickup/Utilitario",Junín Y Monteagudo Bis,2,1,0,0,1,0,0,"-32.926390316299,-60.667461610235",Calle,,ROSARIO,Constitución,Asfalto,No existe,II,Dentro,Urbana,Otra Señal,Funciona,Intersección,Bueno,Buena,Diurna,Buen Tiempo,Múltiple,S/D,Colisión,Ninguna,Vertical,Cordón divisorio,Sin restricción
2021,8751,2021-12-07,Martes,21:15:00,,0.0,2,"Moto/Ciclomotor,Peatón",Italia 930,2,1,0,0,1,0,0,"-32.946261054257,-60.648269172536",Calle,,ROSARIO,Constitución,Asfalto,No existe,II,Dentro,Urbana,Otra Señal,No existe,Intersección,Bueno,Buena,"Nocturna,Con luz artificial",Buen Tiempo,Múltiple,Peatón,Colisión,Ninguna,Faltante,Cordón divisorio,Sin restricción
2021,8752,2021-12-08,Miercoles,17:45:00,,0.0,2,"Moto/Ciclomotor,Automóvil",Ayacucho Y Gálvez,3,2,0,0,1,0,0,"-32.970758959665,-60.632503614049",Calle,,ROSARIO,Constitución,Asfalto,No existe,II,Dentro,Urbana,Otra Señal,No existe,Intersección,Bueno,Buena,Diurna,Buen Tiempo,Múltiple,S/D,Colisión,Ninguna,Faltante,Cordón divisorio,Sin restricción
2021,8753,2021-12-11,Sabado,14:15:00,,0.0,2,"Moto/Ciclomotor,Taxi/Remis",Av. Casiano Casas Y Uriarte,3,3,0,0,0,0,0,"-32.901802934233,-60.703877822633",Calle,,ROSARIO,Constitución,Asfalto,No existe,II,Dentro,Urbana,Otra Señal,Funciona,Intersección,Bueno,Buena,Diurna,Buen Tiempo,Múltiple,S/D,Colisión,Ninguna,Vertical,Cordón divisorio,Sin restricción
2021,8754,2021-12-13,Lunes,08:00:00,,0.0,2,"Moto/Ciclomotor,Pickup/Utilitario",Ayacucho Y Rueda,2,1,0,0,0,0,1,"-32.973056003986,-60.633077195016",Calle,,ROSARIO,Constitución,Asfalto,No existe,II,Dentro,Urbana,Otra Señal,No existe,Intersección,Bueno,Buena,Diurna,Buen Tiempo,Múltiple,S/D,Colisión,Ninguna,Vertical,Cordón divisorio,Sin restricción
2021,8755,2021-12-12,Domingo,22:15:00,,0.0,2,"Automóvil,Moto/Ciclomotor",Albert Sabin Y Casilda,2,1,0,0,1,0,0,"-32.928137685107,-60.67772496137",Calle,,ROSARIO,Constitución,Asfalto,No existe,II,Dentro,Urbana,Otra Señal,Funciona,Intersección,Bueno,Buena,Diurna,Buen Tiempo,Múltiple,S/D,Colisión,Ninguna,"Horizontal,Vertical",Cordón divisorio,Sin restricción
2021,8756,2021-12-06,Lunes,07:30:00,,0.0,2,"Moto/Ciclomotor,Automóvil",E.Zeballos Y Lima,3,2,0,0,1,0,0,"-32.946917813732,-60.685362883789",Calle,,ROSARIO,Constitución,Asfalto,No existe,II,Dentro,Urbana,Otra Señal,No existe,Intersección,Bueno,Buena,Diurna,Buen Tiempo,Múltiple,S/D,Colisión,Ninguna,Faltante,Cordón divisorio,Sin restricción
2021,8757,2021-12-10,Viernes,10:20:00,,0.0,2,"Moto/Ciclomotor,Automóvil",Biedma Y San Martin,3,1,0,0,2,0,0,"-32.981237815482,-60.644623418734",Avenida,,ROSARIO,Constitución,Asfalto,No existe,II,Dentro,Urbana,Otra Señal,No existe,Intersección,Bueno,Buena,Diurna,Buen Tiempo,Múltiple,S/D,Colisión,Ninguna,Faltante,Cordón divisorio,Sin restricción
2021,8758,2021-12-07,Martes,17:40:00,,0.0,2,"Automóvil,Moto/Ciclomotor",Av. Pellegrini Y Callao,2,1,0,0,1,0,0,"-32.95327989417,-60.66280669127",Avenida,,ROSARIO,Constitución,Asfalto,No existe,II,Dentro,Urbana,Otra Señal,Funciona,Intersección,Bueno,Buena,Diurna,Buen Tiempo,Múltiple,S/D,Colisión,Ninguna,"Horizontal,Vertical",Cordón divisorio,Sin restricción