anio_acci,nro_acci,fecha,desc_dia,hora_aprox,desc_ruta,km,cant_participantes,desc_participante,calle_avenida_km,total,heridos_leves,heridos_graves,heridos_gravisimos,ilesos,fallecidos,sin_datos,posicion_XY,desc_tipo_via,desc_ruta_ori,desc_loc,desc_dpto,desc_tipo_calzada,desc_tipo_banquina,desc_unidad_regional,desc_lugar_calzada,desc_zona,desc_prioridad,desc_estado_semaforo,desc_lugar_via,desc_estado_via,desc_estado_visibilidad,desc_luminosidad,desc_estado_clima,desc_tipo_colision,desc_tipo_atropello,desc_tipo_hecho,desc_pres_calzada,desc_senializacion,desc_separacion_via,desc_restriccion
2021,8759,2021-12-15,Miercoles,17:20:00,,0.0,2,"Peatón,Automóvil",Av. Casiano Casas Y F.Netri,2,1,0,0,1,0,0,"-32.90462151215,-60.699140967065",Avenida,,ROSARIO,Constitución,Asfalto,No existe,II,Dentro,Urbana,Otra Señal,Funciona,Intersección,Bueno,Buena,Diurna,Buen Tiempo,Múltiple,S/D,Colisión,Ninguna,"Horizontal,Vertical",Cordón divisorio,Sin restricción
2021,8760,2021-12-03,Viernes,16:00:00,,0.0,2,"Automóvil,Moto/Ciclomotor",Santa Fe 1200,2,1,0,0,1,0,0,"-32.945117189036,-60.637875467714",Calle,,ROSARIO,Constitución,Asfalto,No existe,II,Dentro,Urbana,Otra Señal,Funciona,Intersección,Bueno,Buena,Diurna,Buen Tiempo,Múltiple,S/D,Colisión,Ninguna,"Horizontal,Vertical",Cordón divisorio,Sin restricción
2021,8761,2021-12-12,Domingo,18:40:00,Autopista Nacional A008,0.0,2,"Automóvil,Moto/Ciclomotor",Av. Circunvalación Y Baigorria,3,1,0,0,2,0,0,"-32.893809061542,-60.719356023137",Autopista,A008,ROSARIO,Constitución,Asfalto,Pavimento,II,Dentro,Urbana,Otra Señal,No existe,Intersección,Bueno,Buena,Diurna,Buen Tiempo,Múltiple,S/D,Colisión,Ninguna,Horizontal,Cordón divisorio,Sin restricción
2021,8762,2021-11-17,Miercoles,,Ruta Provincial 13,0.0,1,Moto/Ciclomotor, ,1,1,0,0,0,0,0,"-30.86797, -61.3754",Ruta,13,HUMBERTO 1°,Constitución,Asfalto,S/D,III,Dentro,Rural,Otra Señal,S/D,Intersección,S/D,S/D,S/D,S/D,Múltiple,S/D,Colisión,S/D,S/D,Cordón divisorio,Sin restricción
2021,8763,2021-12-09,Jueves,17:20:00,,0.0,2,"Bicicleta,Automóvil",Av. Uriburu Y España,2,1,0,0,1,0,0,"-32.990952378236,-60.658097732114",Avenida,,ROSARIO,Constitución,Asfalto,No existe,II,Dentro,Urbana,Otra Señal,No existe,Intersección,Bueno,Buena,Diurna,Buen Tiempo,Múltiple,Ciclista,Colisión,Ninguna,"Horizontal,Vertical",Cordón divisorio,Sin restricción
2021,8764,2021-12-11,Sabado,21:10:00,,0.0,2,"Moto/Ciclomotor,Automóvil",Agüero Y Pintor Musto,2,1,0,0,1,0,0,"-32.872042, -60.697943",Calle,,ROSARIO,Constitución,Asfalto,No existe,II,Dentro,Urbana,Otra Señal,No existe,Intersección,Bueno,Buena,Nocturna,Buen Tiempo,Múltiple,S/D,Colisión,Ninguna,Faltante,Cordón divisorio,Sin restricción
2021,8765,2021-12-22,Miercoles,00:30:00,,0.0,2,"Moto/Ciclomotor,Automóvil",Garzón Y Pje. Galileo,3,2,0,0,1,0,0,"-32.887492540419,-60.727307673592",Calle,,ROSARIO,Constitución,Asfalto,No existe,II,Dentro,Urbana,Otra Señal,No existe,Intersección,Bueno,Buena,Diurna,Buen Tiempo,Múltiple,S/D,Colisión,Ninguna,Faltante,Cordón divisorio,Sin restricción
2021,8767,2021-12-06,Lunes,13:30:00,,0.0,1,Moto/Ciclomotor,Italia Y Santa Fe,1,1,0,0,0,0,0,"-32.94329881668092,-60.647524595260",Calle,,ROSARIO,Constitución,Asfalto,No existe,II,Dentro,Urbana,Otra Señal,Funciona,Intersección,Bueno,Buena,Diurna,Buen Tiempo,Múltiple,S/D,Colisión,S/D,"Horizontal,Vertical",Cordón divisorio,Sin restricción
2021,8768,2021-12-28,Martes,22:30:00,,0.0,2,"Peatón,Automóvil",Calle 1333 Y Nicolas Laguna,2,1,0,0,1,0,0,"-32.884937460794,-60.724190861849",Calle,,ROSARIO,Constitución,Asfalto,No existe,II,Dentro,Urbana,Otra Señal,No existe,Intersección,Bueno,Buena,Diurna,Buen Tiempo,Múltiple,Peatón,Colisión,Ninguna,Faltante,Cordón divisorio,Sin restricción
2021,8769,2021-11-18,Jueves,17:30:00,Autopista Provincial Brigadier E.LÓPEZ,0.0,1,Automóvil, ,1,1,0,0,0,0,0,"-31.74115, -60.82998",Autopista,Brigadier E.LÓPEZ,SAUCE VIEJO,Constitución,Asfalto,Pavimento,I,Dentro,Rural,Otra Señal,No existe,Intersección,S/D,S/D,Diurna,S/D,Múltiple,S/D,Colisión,S/D,S/D,Cordón divisorio,Sin restricción
2021,8770,2021-12-05,Domingo,11:00:00,,0.0,2,"Moto/Ciclomotor,Pickup/Utilitario",Laprida Y Viamonte,3,2,0,0,1,0,0,"-32.96600341187,-60.638990750336",Calle,,ROSARIO,Constitución,Asfalto,No existe,II,Dentro,Urbana,Otra Señal,No existe,Intersección,Bueno,Buena,Diurna,Buen Tiempo,Múltiple,S/D,Colisión,Ninguna,Faltante,Cordón divisorio,Sin restricción
2021,8771,2021-12-03,Viernes,23:50:00,Autopista Nacional A008,0.0,1,Moto/Ciclomotor,Av. Circunvalación Y Ruta Nac 34,1,1,0,0,0,0,0,"-32.893536018814,-60.719955829457",Autopista,A008,ROSARIO,Constitución,Asfalto,No existe,II,Dentro,Urbana,Otra Señal,No existe,Intersección,Bueno,Buena,Diurna,Buen Tiempo,Múltiple,S/D,Colisión,S/D,Horizontal,Cordón divisorio,Sin restricción
2021,8772,2021-11-20,Sabado,18:30:00,Ruta Provincial 70,10.5,1,Automóvil, ,1,1,0,0,0,0,0,"-31.47556, -60.82721",Ruta,70,ESPERANZA,Constitución,Asfalto,S/D,XI,Fuera,Rural,Otra Señal,No existe,Intersección,S/D,S/D,Atardecer,S/D,Múltiple,S/D,Colisión,S/D,S/D,Cordón divisorio,Sin restricción
2021,8773,2021-12-03,Viernes,14:30:00,,0.0,2,"Pickup/Utilitario,Moto/Ciclomotor",Av. Corrientes Y San Juan,2,1,0,0,1,0,0,"-32.949403761022,-60.643295256947",Avenida,,ROSARIO,Constitución,Asfalto,No existe,II,Dentro,Urbana,Otra Señal,Funciona,Intersección,Bueno,Buena,Diurna,Buen Tiempo,Múltiple,S/D,Colisión,Ninguna,"Horizontal,Vertical",Cordón divisorio,Sin restricción
2021,8774,2021-12-02,Jueves,11:25:00,,0.0,3,"Moto/Ciclomotor,Automóvil,Transporte de Pasajeros Urbano (> 8 asientos)",Mendoza 3700,3,1,0,0,2,0,0,"-32.945188030569,-60.674968915768",Calle,,ROSARIO,Constitución,Asfalto,No existe,II,Dentro,Urbana,Otra Señal,Funciona,Intersección,Bueno,Buena,Diurna,Buen Tiempo,Múltiple,S/D,Colisión,Ninguna,"Horizontal,Vertical",Cordón divisorio,Sin restricción
2021,8775,2021-12-11,Sabado,15:35:00,,0.0,2,"Moto/Ciclomotor,Automóvil",Biedma Y Pte. Roca,2,1,0,0,1,0,0,"-32.980119484469,-60.65391997044",Calle,,ROSARIO,Constitución,Asfalto,No existe,II,Dentro,Urbana,Otra Señal,No existe,Intersección,Bueno,Buena,Diurna,Buen Tiempo,Múltiple,S/D,Colisión,Ninguna,Faltante,Cordón divisorio,Sin restricción
2021,8776,2021-12-20,Lunes,17:55:00,,0.0,2,"Automóvil,Moto/Ciclomotor",Pueyrredón Y Santa Fe,2,1,0,0,1,0,0,"-32.941639042298,-60.657014036996",Calle,,ROSARIO,Constitución,Asfalto,No existe,II,Dentro,Urbana,Otra Señal,Funciona,Intersección,Otro,Buena,Diurna,Buen Tiempo,Múltiple,S/D,Colisión,Ninguna,"Horizontal,Vertical",Cordón divisorio,Sin restricción
2021,8777,2021-12-17,Viernes,10:10:00,,0.0,2,"Moto/Ciclomotor,Automóvil",Bv. Avellaneda Y Córdoba,2,1,0,0,1,0,0,"-32.93909101176,-60.679028985658",Avenida,,ROSARIO,Constitución,Asfalto,No existe,II,Dentro,Urbana,Otra Señal,No existe,Intersección,Bueno,Buena,Diurna,Buen Tiempo,Múltiple,S/D,Colisión,Ninguna,"Horizontal,Vertical",Cordón divisorio,Sin restricción
2021,8778,2021-12-14,Martes,11:30:00,,0.0,2,"Bicicleta,Automóvil",Anchorena 200,2,1,0,0,1,0,0,"-32.997394, -60.636105",Calle,,ROSARIO,Constitución,Asfalto,No existe,II,Dentro,Urbana,Otra Señal,No existe,Intersección,Bueno,Buena,Diurna,Buen Tiempo,Múltiple,Ciclista,Colisión,Ninguna,Faltante,Cordón divisorio,Sin restricción
2021,8779,2021-11-30,Martes,17:00:00,Ruta Provincial 39,209.0,1,Automóvil, ,2,2,0,0,0,0,0,"-30.26916, -61.4548",Ruta,39,ARRUFÓ,Constitución,S/D,S/D,XIII,Fuera,Rural,Otra Señal,S/D,Intersección,S/D,S/D,Diurna,S/D,Múltiple,S/D,Colisión,S/D,S/D,Cordón divisorio,Sin restricción
2021,8780,2021-12-14,Martes,10:00:00,,0.0,2,"Automóvil,Automóvil",9 De Julio Y Alsina,3,2,0,0,1,0,0,"-32.946984227669,-60.67826514705",Calle,,ROSARIO,Constitución,Asfalto,No existe,II,Dentro,Urbana,Otra Señal,No existe,Intersección,Bueno,Buena,Diurna,Buen Tiempo,Múltiple,S/D,Colisión,Ninguna,Faltante,Cordón divisorio,Sin restricción
2021,8781,2021-12-02,Jueves,14:00:00,,0.0,2,"Pickup/Utilitario,Moto/Ciclomotor",Av. Pellegrini Y Bv. Oroño,3,1,0,0,2,0,0,"-32.954438830989,-60.65574375483",Avenida,,ROSARIO,Constitución,Asfalto,No existe,II,Dentro,Urbana,Otra Señal,Funciona,Intersección,Bueno,Buena,Diurna,Buen Tiempo,Múltiple,S/D,Colisión,Ninguna,"Horizontal,Vertical",Cordón divisorio,Sin restricción
2021,8782,2021-12-01,Miercoles,13:40:00,,0.0,2,"Automóvil,Otros",Av. Pellegrini Y Italia,3,1,0,0,2,0,0,"-32.955474472675,-60.650588232518",Avenida,,ROSARIO,Constitución,Asfalto,No existe,II,Dentro,Urbana,Otra Señal,Funciona,Intersección,Bueno,Buena,Diurna,Buen Tiempo,Múltiple,S/D,Colisión,Ninguna,"Horizontal,Vertical",Cordón divisorio,Sin restricción
2021,8783,2021-12-05,Domingo,13:40:00,,0.0,2,"Automóvil,Moto/Ciclomotor",Buenos Aires Y Pasco,3,2,0,0,1,0,0,"-32.960544862617,-60.636003775271",Calle,,ROSARIO,Constitución,Asfalto,No existe,II,Dentro,Urbana,Otra Señal,No existe,Intersección,Bueno,Buena,Diurna,Buen Tiempo,Múltiple,S/D,Colisión,Ninguna,Faltante,Cordón divisorio,Sin restricción
2021,8784,2021-12-08,Miercoles,08:28:00,,0.0,2,"Pickup/Utilitario,Moto/Ciclomotor",Av. Castro Barros Y Reg.11 de Infantería,4,2,0,0,2,0,0,"-32.998206341823,-60.629621826613",Calle,,ROSARIO,Constitución,Asfalto,No existe,II,Dentro,Urbana,Otra Señal,No existe,Intersección,Bueno,Buena,Diurna,Buen Tiempo,Múltiple,S/D,Colisión,Ninguna,Faltante,Cordón divisorio,Sin restricción
2021,8785,2021-12-06,Lunes,19:20:00,,0.0,2,"Moto/Ciclomotor,Automóvil",L.N.Alem Y Riobamba,3,2,0,0,1,0,0,"-32.964774042171,-60.632480857705",Calle,,ROSARIO,Constitución,Asfalto,No existe,II,Dentro,Urbana,Otra Señal,No existe,Intersección,Bueno,Buena,Diurna,Buen Tiempo,Múltiple,S/D,Colisión,Ninguna,"Horizontal,Vertical",Cordón divisorio,Sin restricción
2021,8786,2021-12-04,Sabado,13:40:00,,0.0,2,"Automóvil,Moto/Ciclomotor",JUAN PABLO II 1800,5,2,0,0,3,0,0,"-32.905960381014,-60.722746951095",Calle,,ROSARIO,Constitución,Asfalto,No existe,II,Dentro,Urbana,Otra Señal,No existe,Intersección,Bueno,Buena,Diurna,Buen Tiempo,Múltiple,S/D,Colisión,Ninguna,Horizontal,Cordón divisorio,Sin restricción
2021,8787,2021-12-23,Jueves,09:15:00,,0.0,2,"Moto/Ciclomotor,Automóvil",Entre Ríos Y Pje. Newton,2,1,0,0,1,0,0,"-32.976851199925,-60.6487435534",Calle,,ROSARIO,Constitución,Asfalto,No existe,II,Dentro,Urbana,Otra Señal,No existe,Intersección,Bueno,Buena,Diurna,Buen Tiempo,Múltiple,S/D,Colisión,S/D,Faltante,Cordón divisorio,Sin restricción
2021,8788,2021-12-03,Viernes,15:00:00,,0.0,2,"Pickup/Utilitario,Moto/Ciclomotor",3 De Febrero Y Laprida,2,1,0,0,1,0,0,"-32.953482792396,-60.635701759234",Calle,,ROSARIO,Constitución,Asfalto,No existe,II,Dentro,Urbana,Otra Señal,No existe,Intersección,Bueno,Buena,Diurna,Buen Tiempo,Múltiple,S/D,Colisión,Ninguna,"Horizontal,Vertical",Cordón divisorio,Sin restricción
2021,8790,2021-12-21,Martes,09:45:00,,0.0,2,"Taxi/Remis,Automóvil",Av. Corrientes 1034,4,1,0,0,3,0,0,"-32.948764266696,-60.643134507764",Avenida,,ROSARIO,Constitución,Asfalto,No existe,II,Dentro,Urbana,Otra Señal,No existe,Intersección,Bueno,Buena,Diurna,Buen Tiempo,Múltiple,S/D,Colisión,Ninguna,Faltante,Cordón divisorio,Sin restricción
2021,8791,2021-12-10,Viernes,14:15:00,,0.0,2,"Bicicleta,Automóvil",Rene Favaloro Y 12 de Abril,2,1,0,0,1,0,0,"-33.162076732695,-60.518945190343",Calle,,ARROYO SECO,Constitución,Ripio,No existe,II,Dentro,Urbana,Otra Señal,No existe,Intersección,Resbaladiza,Buena,Diurna,Lluvia,Múltiple,Ciclista,Colisión,Agua,S/D,Cordón divisorio,Sin restricción
2021,8792,2021-12-12,Domingo,21:00:00,,0.0,2,"Moto/Ciclomotor,Automóvil",Calle 602 4000,3,1,0,0,2,0,0,"-32.975514, -60.696882",Calle,,ROSARIO,Constitución,Asfalto,No existe,II,Dentro,Urbana,Otra Señal,No existe,Intersección,Resbaladiza,Buena,"Nocturna,Con luz artificial",Lluvia,Múltiple,S/D,Colisión,Agua,Faltante,Cordón divisorio,Sin restricción
2021,8793,2021-12-10,Viernes,07:00:00,,0.0,2,"Automóvil,Pickup/Utilitario",Av. Belgrano 300,2,1,0,0,1,0,0,"-32.941004, -60.634867",Avenida,,ROSARIO,Constitución,Asfalto,No existe,II,Dentro,Urbana,Otra Señal,Funciona,Intersección,Resbaladiza,Reducida,Nocturna,Lluvia,Múltiple,S/D,Colisión,Agua,Vertical,Cordón divisorio,Sin restricción
2021,8794,2021-12-23,Jueves,10:00:00,Ruta Provincial 13,0.0,1,Moto/Ciclomotor,Ruta Prov. Nº 13 Y San Juan,2,1,0,0,1,0,0,"-32.20766396401,-61.714756825223",Ruta,13,EL TRÉBOL,Constitución,Asfalto,Ripio,XVIII,Dentro,Urbana,Otra Señal,No existe,Intersección,Bueno,Buena,Diurna,Buen Tiempo,Múltiple,S/D,Colisión,Ninguna,Horizontal,Cordón divisorio,Sin restricción
2021,8796,2021-12-22,Miercoles,09:50:00,,0.0,2,"Automóvil,Peatón",3 De Febrero Y España,2,1,0,0,1,0,0,"-32.951273645739,-60.648106303537",Calle,,ROSARIO,Constitución,Asfalto,No existe,II,Dentro,Urbana,Otra Señal,Funciona,Intersección,Bueno,Buena,Diurna,Buen Tiempo,Múltiple,Peatón,Colisión,Ninguna,"Horizontal,Vertical",Cordón divisorio,Sin restricción
2021,8797,2021-12-21,Martes,14:30:00,,0.0,2,"Pickup/Utilitario,Automóvil",Av. Belgrano Y Av. Pellegrini,3,2,0,0,1,0,0,"-32.960842496122,-60.621114059097",Avenida,,ROSARIO,Constitución,Asfalto,No existe,II,Dentro,Urbana,Otra Señal,No existe,Intersección,Bueno,Buena,Diurna,Buen Tiempo,Múltiple,S/D,Colisión,Ninguna,Horizontal,Cordón divisorio,Sin restricción
2021,8798,2021-12-26,Domingo,01:00:00,,0.0,2,"Automóvil,Moto/Ciclomotor",Mariano Moreno Y Mendoza,2,1,0,0,1,0,0,"-32.949315332297,-60.651866619123",Calle,,ROSARIO,Constitución,Asfalto,No existe,II,Dentro,Urbana,Otra Señal,No existe,Intersección,Bueno,Buena,Nocturna,Buen Tiempo,Múltiple,S/D,Colisión,Ninguna,Horizontal,Cordón divisorio,Sin restricción
2021,8799,2021-12-20,Lunes,19:25:00,,0.0,2,"Peatón,Automóvil",Av. Belgrano Y Buenos Aires,2,1,0,0,1,0,0,"-32.945324179003,-60.631919611872",Avenida,,ROSARIO,Constitución,Asfalto,No existe,II,Dentro,Urbana,Otra Señal,Funciona,Intersección,Bueno,Buena,Nocturna,Otro,Múltiple,Peatón,Colisión,Ninguna,Vertical,Cordón divisorio,Sin restricción
2021,8800,2021-12-16,Jueves,09:40:00,,0.0,2,"Moto/Ciclomotor,Taxi/Remis",España Y Rioja,2,1,0,0,1,0,0,"-32.946071864333,-60.646803381846",Calle,,ROSARIO,Constitución,Asfalto,No existe,II,Dentro,Urbana,Otra Señal,Funciona,Intersección,Bueno,Buena,Diurna,Buen Tiempo,Múltiple,S/D,Colisión,Ninguna,"Horizontal,Vertical",Cordón divisorio,Sin restricción
2021,8801,2021-12-21,Martes,11:30:00,,0.0,2,"Moto/Ciclomotor,Transporte de Pasajeros Urbano (> 8 asientos)",L.N.Alem Y Pasco,3,1,0,0,2,0,0,"-32.961332757969,-60.631609567177",Calle,,ROSARIO,Constitución,Asfalto,No existe,II,Dentro,Urbana,Otra Señal,No existe,Intersección,Bueno,S/D,Diurna,Buen Tiempo,Múltiple,S/D,Colisión,Ninguna,"Horizontal,Vertical",Cordón divisorio,Sin restricción
2021,8802,2021-12-18,Sabado,23:10:00,,0.0,2,"Automóvil,Bicicleta",Humberto Primo ,2,1,0,0,1,0,0,"-33.15269351005551,-60.500346422195",Calle,,ARROYO SECO,Constitución,Asfalto,No existe,II,Dentro,Urbana,Otra Señal,No existe,Intersección,"Deteriorada,Ahuellamiento",Buena,"Nocturna,Con luz artificial",Buen Tiempo,Múltiple,Ciclista,Colisión,Ninguna,Faltante,Cordón divisorio,Sin restricción
2021,8803,2021-12-20,Lunes,10:20:00,,0.0,2,"Automóvil,Automóvil",L.N.Alem Y Riobamba,3,1,0,0,2,0,0,"-32.964774042171,-60.632480857705",Calle,,ROSARIO,Constitución,Asfalto,No existe,II,Dentro,Urbana,Otra Señal,No existe,Intersección,Bueno,Buena,Diurna,Buen Tiempo,Múltiple,S/D,Colisión,Ninguna,"Horizontal,Vertical",Cordón divisorio,Sin restricción
2021,8804,2021-12-08,Miercoles,15:40:00,Ruta Nacional 33,0.0,2,"Automóvil,Moto/Ciclomotor",Leandro Alem Y Ruta Nac 33,2,1,0,0,1,0,0,"-32.996445, -60.766594",Ruta,33,PEREZ,Constitución,Asfalto,No existe,II,Dentro,Urbana,Otra Señal,Funciona,Intersección,Bueno,Buena,Diurna,Buen Tiempo,Múltiple,S/D,Colisión,Ninguna,"Horizontal,Vertical",Cordón divisorio,Sin restricción
2021,8805,2021-12-01,Miercoles,19:15:00,,0.0,2,"Automóvil,Bicicleta",13 de Diciembre Y Gral. Bolívar,2,1,0,0,1,0,0,"-31.904903819205,-61.850359114474",Calle,,SAN JORGE,Constitución,Asfalto,No existe,XVIII,Dentro,Urbana,Otra Señal,No existe,Intersección,Bueno,Buena,Diurna,Buen Tiempo,Múltiple,Ciclista,Colisión,Ninguna,Faltante,Cordón divisorio,Sin restricción
2021,8806,2021-12-14,Martes,20:00:00,,0.0,2,"Automóvil,Moto/Ciclomotor",D F Sarmiento Y Hipólito Irigoyen,2,1,0,0,1,0,0,"-32.996007443508,-60.777467242065",Calle,,PEREZ,Constitución,Asfalto,No existe,II,Dentro,Urbana,Otra Señal,No existe,Intersección,Bueno,Buena,"Nocturna,Con luz artificial",Buen Tiempo,Múltiple,S/D,Colisión,Ninguna,Faltante,Cordón divisorio,Sin restricción
2021,8807,2021-12-02,Jueves,12:30:00,,0.0,2,"Bicicleta,Automóvil",Gral. Las Heras Y Hipólito Irigoyen,2,1,0,0,1,0,0,"-31.899514569999,-61.848021240289",Calle,,SAN JORGE,Constitución,Asfalto,No existe,XVIII,Dentro,Urbana,Otra Señal,No existe,Intersección,Bueno,Buena,Diurna,Buen Tiempo,Múltiple,Ciclista,Colisión,Ninguna,Faltante,Cordón divisorio,Sin restricción
2021,8808,2021-12-04,Sabado,10:10:00,,0.0,1,Moto/Ciclomotor,Dr. Borzone Y 25 de Mayo,2,2,0,0,0,0,0,"-32.995765530398,-60.772864280233",Calle,,PEREZ,Constitución,Asfalto,No existe,II,Dentro,Urbana,Otra Señal,No existe,Intersección,Bueno,Buena,Diurna,Buen Tiempo,Múltiple,S/D,Colisión,Ninguna,Faltante,Cordón divisorio,Sin restricción
2021,8809,2021-12-05,Domingo,09:00:00,,0.0,1,Moto/Ciclomotor,Av. Falucho Y Av. Nottebohn,2,2,0,0,0,0,0,"-31.907650601059387, -61.8484724698",Calle,,SAN JORGE,Constitución,Asfalto,No existe,XVIII,Dentro,Urbana,Otra Señal,No existe,Intersección,Bueno,Buena,Diurna,Buen Tiempo,Múltiple,S/D,Colisión,Ninguna,Faltante,Cordón divisorio,Sin restricción
2021,8810,2021-12-12,Domingo,15:15:00,Ruta Nacional 9,0.0,2,"Moto/Ciclomotor,Automóvil",Cochet Y Ruta Nacional 9,3,2,0,0,1,0,0,"-32.922408, -60.806088",Ruta,9,FUNES,Constitución,Asfalto,Pavimento,II,Dentro,Urbana,Otra Señal,No existe,Intersección,Bueno,Buena,Diurna,Buen Tiempo,Múltiple,S/D,Colisión,Ninguna,Horizontal,Cordón divisorio,Sin restricción
2021,8812,2021-12-15,Miercoles,10:30:00,Ruta Nacional 9,0.0,2,"Peatón,Moto/Ciclomotor",Candelaria Y Ruta Nacional 9,2,1,0,0,1,0,0,"-32.921117, -60.813473",Ruta,9,FUNES,Constitución,Asfalto,No existe,II,Dentro,Urbana,Otra Señal,No existe,Intersección,Bueno,Buena,Diurna,Buen Tiempo,Múltiple,Peatón,Colisión,Ninguna,"Horizontal,Vertical",Cordón divisorio,Sin restricción
2021,8813,2021-12-23,Jueves,08:20:00,,0.0,2,"Automóvil,Bicicleta",Elorza Y Montevideo,2,1,0,0,1,0,0,"-32.913119734901,-60.812760618652",Calle,,FUNES,Constitución,Asfalto,No existe,II,Dentro,Urbana,Otra Señal,No existe,Intersección,Bueno,Buena,Diurna,Buen Tiempo,Múltiple,S/D,Colisión,Ninguna,Vertical,Cordón divisorio,Sin restricción
2021,8814,2021-11-04,Jueves,10:00:00,,0.0,2,"Bicicleta,Pickup/Utilitario",Avda. Roque Sáenz PEÑA Y Gaboto,3,1,0,0,2,0,0,"-32.78574, -60.72975",S/D,,FRAY LUIS BELTRÁN,Constitución,Asfalto,No existe,XVII,S/D,S/D,Otra Señal,No existe,Intersección,Bueno,Buena,Diurna,Otro,Múltiple,Ciclista,Colisión,Ninguna,Faltante,Cordón divisorio,Sin restricción
2021,8815,2021-11-13,Sabado,01:00:00,,0.0,2,"Moto/Ciclomotor,Automóvil",Santa Fe Y Sarmiento,2,1,0,0,1,0,0,"-32.79054, -60.72572",S/D,,FRAY LUIS BELTRÁN,Constitución,Asfalto,No existe,XVII,S/D,S/D,Otra Señal,No existe,Intersección,Bueno,Buena,Nocturna,Otro,Múltiple,S/D,Colisión,Ninguna,Faltante,Cordón divisorio,Sin restricción
2021,8816,2021-12-22,Miercoles,20:00:00,,0.0,2,"Automóvil,Moto/Ciclomotor",Bv 9 de Julio Y Tucumán,4,2,0,0,2,0,0,"-31.891383043519,-61.865528229405",Avenida,,SAN JORGE,Constitución,Asfalto,No existe,XVIII,Dentro,Urbana,Otra Señal,No existe,Intersección,Bueno,Buena,Nocturna,Buen Tiempo,Múltiple,S/D,Colisión,Ninguna,Faltante,Cordón divisorio,Sin restricción
2021,8817,2021-11-12,Viernes,16:35:00,,0.0,1,Moto/Ciclomotor,Dorrego 557,1,1,0,0,0,0,0,"-32.7823, -60.73542",S/D,,FRAY LUIS BELTRÁN,Constitución,Ripio,No existe,XVII,S/D,S/D,Otra Señal,No existe,Intersección,Ahuellamiento,Buena,Diurna,Otro,Múltiple,S/D,Colisión,Ninguna,Faltante,Cordón divisorio,Sin restricción
2021,8818,2021-12-24,Viernes,18:30:00,,0.0,2,"Moto/Ciclomotor,Automóvil",Bv Lisandro de la Torre Y Gral. Lamadrid,2,1,0,0,1,0,0,"-31.903449948903,-61.852988184639",Avenida,,SAN JORGE,Constitución,Asfalto,No existe,XVIII,Dentro,Urbana,Otra Señal,No existe,Intersección,Bueno,Buena,Atardecer,Buen Tiempo,Múltiple,S/D,Colisión,Ninguna,Faltante,Cordón divisorio,Sin restricción
2021,8819,2021-11-12,Viernes,07:19:00,,0.0,2,"Moto/Ciclomotor,Automóvil",Av. San Martin Y French,2,1,0,0,1,0,0,"-32.77995, -60.72726",S/D,,FRAY LUIS BELTRÁN,Constitución,Asfalto,Pavimento,XVII,S/D,S/D,Otra Señal,No existe,Intersección,Bueno,Buena,Diurna,Otro,Múltiple,S/D,Colisión,Ninguna,Faltante,Cordón divisorio,Sin restricción
2021,8821,2021-11-04,Jueves,02:20:00,,0.0,2,"Moto/Ciclomotor,Peatón",Av. San Martin Y General Richieri,2,2,0,0,0,0,0,"-32.74872, -60.73408",S/D,,FRAY LUIS BELTRÁN,Constitución,Asfalto,Pavimento,XVII,S/D,S/D,Otra Señal,Funciona,Intersección,Bueno,Buena,Nocturna,Otro,Múltiple,Peatón,Colisión,Ninguna,Faltante,Cordón divisorio,Sin restricción
2021,8822,2021-11-03,Miercoles,11:30:00,,0.0,2,"Pickup/Utilitario,Automóvil",San Martin Y Malvinas Argentinas,2,0,0,0,0,0,2,"-32.85384, -61.15982",Calle,,CARCARAÑÁ,Constitución,Asfalto,No existe,XVII,S/D,Urbana,Otra Señal,No existe,Intersección,Bueno,Buena,Diurna,Buen Tiempo,Múltiple,S/D,Colisión,Ninguna,S/D,Cordón divisorio,Sin restricción
2021,8823,2021-11-01,Lunes,11:05:00,,0.0,2,"Moto/Ciclomotor,Automóvil",Richieri ,3,1,0,0,2,0,0,"-32.85464, -61.15057",S/D,,SAN LORENZO,Constitución,S/D,S/D,XVII,S/D,Urbana,Otra Señal,S/D,Intersección,S/D,S/D,S/D,S/D,Múltiple,S/D,Colisión,S/D,S/D,Cordón divisorio,Sin restricción
2021,8824,2021-11-03,Miercoles,,,0.0,2,"Automóvil,Camión c / Acoplado", ,2,1,0,0,1,0,0,"-32.74783, -60.73419",S/D,,SAN LORENZO,Constitución,S/D,S/D,XVII,S/D,S/D,Otra Señal,S/D,Intersección,S/D,S/D,S/D,S/D,Múltiple,S/D,Colisión,S/D,S/D,Cordón divisorio,Sin restricción