anio_acci,nro_acci,fecha,desc_dia,hora_aprox,desc_ruta,km,cant_participantes,desc_participante,calle_avenida_km,total,heridos_leves,heridos_graves,heridos_gravisimos,ilesos,fallecidos,sin_datos,posicion_XY,desc_tipo_via,desc_ruta_ori,desc_loc,desc_dpto,desc_tipo_calzada,desc_tipo_banquina,desc_unidad_regional,desc_lugar_calzada,desc_zona,desc_prioridad,desc_estado_semaforo,desc_lugar_via,desc_estado_via,desc_estado_visibilidad,desc_luminosidad,desc_estado_clima,desc_tipo_colision,desc_tipo_atropello,desc_tipo_hecho,desc_pres_calzada,desc_senializacion,desc_separacion_via,desc_restriccion
2021,8825,2021-11-16,Martes,,,0.0,1,Moto/Ciclomotor,Bv Centenario B 700,1,1,0,0,0,0,0,"-32.81499, -61.3906",Calle,,CAÑADA DE GÓMEZ,Constitución,Asfalto,S/D,X,Dentro,Urbana,Otra Señal,S/D,Intersección,S/D,S/D,S/D,S/D,Múltiple,S/D,Colisión,S/D,S/D,Cordón divisorio,Sin restricción
2021,8827,2021-11-04,Jueves,10:40:00,,0.0,2,"Moto/Ciclomotor,Automóvil",Urquiza ,2,1,0,0,1,0,0,"-32.93458, -60.68443",S/D,,SAN LORENZO,Constitución,S/D,S/D,XVII,S/D,Urbana,Otra Señal,S/D,Intersección,S/D,S/D,S/D,S/D,Múltiple,S/D,Colisión,S/D,S/D,Cordón divisorio,Sin restricción
2021,8828,2021-12-03,Viernes,19:30:00,Ruta Nacional 33,0.0,2,"Moto/Ciclomotor,Bicicleta",San Lorenzo Y Ruta Nac 33,2,1,0,0,1,0,0,"-33.018990755081134,-60.88301181793",Ruta,33,ZAVALLA,Constitución,Asfalto,No existe,II,Dentro,Urbana,Otra Señal,No existe,Intersección,Bueno,Buena,Nocturna,Buen Tiempo,Múltiple,Ciclista,Colisión,Ninguna,Horizontal,Cordón divisorio,Sin restricción
2021,8829,2021-11-05,Viernes,19:00:00,,0.0,2,"Moto/Ciclomotor,Moto/Ciclomotor",San Juan ,3,3,0,0,0,0,0,"-32.75166, -60.74518",S/D,,SAN LORENZO,Constitución,S/D,S/D,XVII,S/D,Urbana,Otra Señal,S/D,Intersección,S/D,S/D,S/D,S/D,Múltiple,S/D,Colisión,S/D,S/D,Cordón divisorio,Sin restricción
2021,8830,2021-11-16,Martes,,,0.0,2,"Camión,Moto/Ciclomotor",Luis Maggi Y S A Rodríguez,2,1,0,0,1,0,0,"-31.2364, -61.50195",Calle,,RAFAELA,Constitución,Asfalto,S/D,V,Dentro,Urbana,Otra Señal,S/D,Intersección,S/D,S/D,Diurna,S/D,Múltiple,S/D,Colisión,S/D,S/D,Cordón divisorio,Sin restricción
2021,8831,2021-11-05,Viernes,11:50:00,,0.0,2,"Automóvil,Moto/Ciclomotor",Dr. Ghio Y San Carlos,3,2,0,0,1,0,0,"-32.74973, -60.73246",S/D,,SAN LORENZO,Constitución,S/D,S/D,XVII,S/D,Urbana,Otra Señal,S/D,Intersección,S/D,S/D,S/D,S/D,Múltiple,S/D,Colisión,S/D,S/D,Cordón divisorio,Sin restricción
2021,8832,2021-11-17,Miercoles,08:00:00,Autopista Nacional Rosario -Cordoba,0.0,1,Automóvil, ,1,1,0,0,0,0,0,"-31.46094, -61.84306",Autopista,Rosario -Cordoba,COLONIA CELLO,Constitución,Asfalto,S/D,V,Dentro,Urbana,Otra Señal,No existe,Intersección,S/D,S/D,Diurna,S/D,Múltiple,S/D,Colisión,S/D,S/D,Cordón divisorio,Sin restricción
2021,8833,2021-11-17,Miercoles,07:50:00,,0.0,2,"Bicicleta,Automóvil", ,2,1,0,0,1,0,0,"-33.74579, -61.9689",Calle,,VENADO TUERTO,Constitución,S/D,S/D,VIII,Dentro,Urbana,Otra Señal,S/D,Intersección,S/D,S/D,Diurna,S/D,Múltiple,Ciclista,Colisión,S/D,S/D,Cordón divisorio,Sin restricción
2021,8834,2021-11-07,Domingo,17:00:00,,0.0,2,"Moto/Ciclomotor,Automóvil",Falucho ,3,2,0,0,0,0,1,"-32.7367, -60.73961",S/D,,SAN LORENZO,Constitución,S/D,S/D,XVII,S/D,Urbana,Otra Señal,S/D,Intersección,S/D,S/D,S/D,S/D,Múltiple,S/D,Colisión,S/D,S/D,Cordón divisorio,Sin restricción
2021,8835,2021-11-17,Miercoles,,,0.0,2,"Moto/Ciclomotor,Automóvil", ,2,1,0,0,1,0,0,"-33.74579, -61.9689",S/D,,VENADO TUERTO,Constitución,S/D,S/D,VIII,S/D,S/D,Otra Señal,S/D,Intersección,S/D,S/D,S/D,S/D,Múltiple,S/D,Colisión,S/D,S/D,Cordón divisorio,Sin restricción
2021,8836,2021-11-17,Miercoles,22:00:00,,0.0,2,"Moto/Ciclomotor,Automóvil",Calle 57-Prof Roberto Roveda Y Calle 30-Lucas Funes,2,1,0,0,1,0,0,"-29.1488, -59.65417",Calle,,RECONQUISTA,Constitución,Asfalto,S/D,XI,Dentro,Urbana,Otra Señal,S/D,Intersección,S/D,S/D,Nocturna,S/D,Múltiple,S/D,Colisión,S/D,S/D,Cordón divisorio,Sin restricción
2021,8837,2021-11-07,Domingo,20:45:00,,0.0,2,"Moto/Ciclomotor,Automóvil",Bv Oroño ,4,4,0,0,0,0,0,"-32.73287, -60.74847",S/D,,SAN LORENZO,Constitución,S/D,S/D,XVII,S/D,Urbana,Otra Señal,S/D,Intersección,S/D,S/D,S/D,S/D,Múltiple,S/D,Colisión,S/D,S/D,Cordón divisorio,Sin restricción
2021,8838,2021-12-10,Viernes,20:00:00,Ruta Provincial 14,0.0,2,"Moto/Ciclomotor,Automóvil",Brig López Y 19 Brasil,2,1,0,0,1,0,0,"-33.02368193541,-60.756421819669",Ruta,14,SOLDINI,Constitución,Hormigón,No existe,II,Dentro,Urbana,Otra Señal,Funciona,Intersección,Bueno,Buena,Diurna,Buen Tiempo,Múltiple,S/D,Colisión,Ninguna,"Horizontal,Vertical",Cordón divisorio,Sin restricción
2021,8839,2021-11-08,Lunes,09:40:00,,0.0,2,"Moto/Ciclomotor,Automóvil",San Juan ,2,1,0,0,1,0,0,"-32.75159, -60.74518",S/D,,SAN LORENZO,Constitución,S/D,S/D,XVII,S/D,S/D,Otra Señal,S/D,Intersección,S/D,S/D,S/D,S/D,Múltiple,S/D,Colisión,S/D,S/D,Cordón divisorio,Sin restricción
2021,8840,2021-12-20,Lunes,12:20:00,,0.0,2,"Peatón,Moto/Ciclomotor",Eva Perón Y Junín,2,1,0,0,1,0,0,"-32.858565350308,-60.718406070546",Avenida,,GRANADERO BAIGORRIA,Constitución,Asfalto,No existe,II,Dentro,Urbana,Otra Señal,No existe,Intersección,Bueno,Buena,Diurna,Buen Tiempo,Múltiple,Peatón,Colisión,Ninguna,Faltante,Cordón divisorio,Sin restricción
2021,8841,2021-11-18,Jueves,12:15:00,Ruta Nacional 11,0.0,2,"Moto/Ciclomotor,Automóvil",Ruta Nacional 11 Y Calle 33-Pueyrredon,2,1,0,0,1,0,0,"-29.15283, -59.6574",Ruta,11,RECONQUISTA,Constitución,Asfalto,S/D,XI,Dentro,Urbana,Otra Señal,S/D,Intersección,S/D,S/D,S/D,S/D,Múltiple,S/D,Colisión,S/D,S/D,Cordón divisorio,Sin restricción
2021,8842,2021-11-08,Lunes,17:10:00,,0.0,2,"Moto/Ciclomotor,Automóvil", ,3,1,0,0,2,0,0,"-32.7487, -60.7525",S/D,,SAN LORENZO,Constitución,S/D,S/D,XVII,Dentro,Urbana,Otra Señal,S/D,Intersección,S/D,S/D,S/D,S/D,Múltiple,S/D,Colisión,S/D,S/D,Cordón divisorio,Sin restricción
2021,8843,2021-11-10,Miercoles,20:11:00,,0.0,2,"Moto/Ciclomotor,Moto/Ciclomotor",Dorrego ,2,2,0,0,0,0,0,"-32.74401, -60.73722",S/D,,SAN LORENZO,Constitución,S/D,S/D,XVII,S/D,Urbana,Otra Señal,S/D,Intersección,S/D,S/D,S/D,S/D,Múltiple,S/D,Colisión,S/D,S/D,Cordón divisorio,Sin restricción
2021,8845,2021-11-11,Jueves,14:40:00,,0.0,2,"Moto/Ciclomotor,Automóvil",25 de Mayo ,2,1,0,0,1,0,0,"-32.75494, -60.74159",S/D,,SAN LORENZO,Constitución,S/D,S/D,XVII,S/D,Urbana,Otra Señal,S/D,Intersección,S/D,S/D,S/D,S/D,Múltiple,S/D,Colisión,S/D,S/D,Cordón divisorio,Sin restricción
2021,8846,2021-11-11,Jueves,16:20:00,,0.0,2,"Moto/Ciclomotor,Automóvil",Ayohuma ,2,1,0,0,1,0,0,"-32.76107, -60.74044",S/D,,SAN LORENZO,Constitución,S/D,S/D,XVII,S/D,Urbana,Otra Señal,S/D,Intersección,S/D,S/D,S/D,S/D,Múltiple,S/D,Colisión,S/D,S/D,Cordón divisorio,Sin restricción
2021,8847,2021-11-03,Miercoles,18:35:00,,0.0,2,"Automóvil,Moto/Ciclomotor",Albert Sabin Y Almafuerte,2,1,0,0,1,0,0,"-32.91742, -60.69067",S/D,,ROSARIO,Constitución,Asfalto,S/D,II,S/D,Urbana,Otra Señal,Funciona,Intersección,Bueno,Buena,Atardecer,S/D,Múltiple,S/D,Colisión,Ninguna,S/D,Cordón divisorio,Sin restricción
2021,8848,2021-11-18,Jueves,,,0.0,3,"Moto/Ciclomotor,Moto/Ciclomotor,Moto/Ciclomotor",14 de Julio Y A Marini,3,2,0,0,1,0,0,"-31.24378, -61.48148",Calle,,RAFAELA,Constitución,Asfalto,S/D,V,Dentro,Urbana,Otra Señal,S/D,Intersección,S/D,S/D,S/D,S/D,Múltiple,S/D,Colisión,S/D,S/D,Cordón divisorio,Sin restricción
2021,8849,2021-12-26,Domingo,22:30:00,,0.0,2,"Moto/Ciclomotor,Bicicleta",E Bordabehere Y Remedios Escalada,4,2,0,0,2,0,0,"-31.884784846069,-61.864491685886",Calle,,SAN JORGE,Constitución,Asfalto,No existe,XVIII,Dentro,Urbana,Otra Señal,No existe,Intersección,Bueno,Buena,Nocturna,Buen Tiempo,Múltiple,Ciclista,Colisión,Ninguna,Faltante,Cordón divisorio,Sin restricción
2021,8851,2021-10-23,Sabado,20:10:00,,0.0,2,"Automóvil,Moto/Ciclomotor",Av. San Martin Y Viamonte,3,2,0,0,1,0,0,"-32.869313179849,-60.700126112003",Calle,,GRANADERO BAIGORRIA,Constitución,Asfalto,No existe,II,Dentro,Urbana,Otra Señal,Funciona,Intersección,Bueno,Buena,Nocturna,Buen Tiempo,Múltiple,S/D,Colisión,Ninguna,"Horizontal,Vertical",Cordón divisorio,Sin restricción
2021,8853,2021-11-12,Viernes,20:30:00,,0.0,2,"Automóvil,Moto/Ciclomotor",San Juan Y Cortada Jujuy,2,1,0,0,1,0,0,"-32.20988, -61.70215",Calle,,EL TRÉBOL,Constitución,Asfalto,S/D,XVIII,S/D,Urbana,Otra Señal,No existe,Intersección,Bueno,Buena,Nocturna,Buen Tiempo,Múltiple,S/D,Colisión,Ninguna,S/D,Cordón divisorio,Sin restricción
2021,8854,2021-12-20,Lunes,14:00:00,,0.0,2,"Automóvil,Automóvil",Castelli Y W Maradona,4,2,0,0,2,0,0,"-31.448796803789,-60.942912332214",Calle,,ESPERANZA,Constitución,Asfalto,No existe,XI,Dentro,Urbana,Otra Señal,No existe,Intersección,Bueno,Buena,Diurna,Buen Tiempo,Múltiple,S/D,Colisión,Ninguna,Faltante,Cordón divisorio,Sin restricción
2021,8855,2021-11-18,Jueves,07:00:00,Ruta Nacional 11,0.0,2,"Moto/Ciclomotor,Automóvil",Corrientes Y Ruta Nacional 11,6,6,0,0,0,0,0,"-29.4678, -60.19822",Ruta,11,VERA,Constitución,Asfalto,S/D,XIX,Dentro,Urbana,Otra Señal,S/D,Intersección,S/D,S/D,Diurna,S/D,Múltiple,S/D,Colisión,S/D,S/D,Cordón divisorio,Sin restricción
2021,8856,2021-12-23,Jueves,06:15:00,Ruta Nacional 11,0.0,2,"Moto/Ciclomotor,Automóvil",Av. San Martin Y Viamonte,2,1,0,0,1,0,0,"-32.869313179849,-60.700126112003",Ruta,11,GRANADERO BAIGORRIA,Constitución,Asfalto,No existe,II,Dentro,Urbana,Otra Señal,Funciona,Intersección,Bueno,Buena,Diurna,Buen Tiempo,Múltiple,S/D,Colisión,Ninguna,"Horizontal,Vertical",Cordón divisorio,Sin restricción
2021,8857,2021-11-19,Viernes,08:30:00,Ruta Nacional 34,261.0,2,"Automóvil,Pickup/Utilitario", ,3,1,0,0,2,0,0,"-30.92627, -61.54834",Ruta,34,SUNCHALES,Constitución,Asfalto,S/D,V,Dentro,Urbana,Otra Señal,S/D,Intersección,S/D,S/D,Diurna,S/D,Múltiple,S/D,Colisión,S/D,S/D,Cordón divisorio,Sin restricción
2021,8858,2021-12-06,Lunes,19:15:00,,0.0,2,"Taxi/Remis,Moto/Ciclomotor",Andreu Y Córdoba,2,1,0,0,1,0,0,"-33.014331208711,-60.613626014814",Calle,,VILLA GOBERNADOR GÁLVEZ,Constitución,Asfalto,No existe,II,Dentro,Urbana,Otra Señal,No existe,Intersección,Bueno,Buena,Nocturna,Buen Tiempo,Múltiple,S/D,Colisión,Ninguna,Faltante,Cordón divisorio,Sin restricción
2021,8859,2021-12-22,Miercoles,,,0.0,2,"Moto/Ciclomotor,Automóvil",BAGADA VIGNADAZZI ,2,1,0,0,1,0,0,"-33.05762514106693, -60.57286744244",Calle,,PUEBLO ESTHER,Constitución,Ripio,No existe,II,Dentro,Rural,Otra Señal,No existe,Intersección,Otro,S/D,S/D,S/D,Múltiple,S/D,Colisión,Ninguna,Faltante,Cordón divisorio,Sin restricción
2021,8860,2021-12-02,Jueves,08:45:00,,0.0,2,"Automóvil,Moto/Ciclomotor",San Nicolas Y Soldado Aguirre,2,1,0,0,1,0,0,"-33.029374733645,-60.639767310616",Calle,,VILLA GOBERNADOR GÁLVEZ,Constitución,Asfalto,No existe,II,Dentro,Urbana,Otra Señal,No existe,Intersección,Deteriorada,Buena,Diurna,Buen Tiempo,Múltiple,S/D,Colisión,Ninguna,Horizontal,Cordón divisorio,Sin restricción
2021,8861,2021-11-19,Viernes,01:20:00,,0.0,2,"Moto/Ciclomotor,Automóvil",Calle 24-Alessio Y Calle 11-Alvear,3,2,0,0,1,0,0,"-29.1417, -59.64952",Calle,,RECONQUISTA,Constitución,Asfalto,S/D,XI,Dentro,Urbana,Otra Señal,S/D,Intersección,S/D,S/D,Nocturna,S/D,Múltiple,S/D,Colisión,S/D,S/D,Cordón divisorio,Sin restricción
2021,8862,2021-12-16,Jueves,08:05:00,,0.0,2,"Automóvil,Moto/Ciclomotor",Donado Y Pje. Chazarreta,3,1,0,0,2,0,0,"-32.928187846822,-60.727455837173",Calle,,ROSARIO,Constitución,Asfalto,No existe,II,Dentro,Urbana,Otra Señal,No existe,Intersección,Bueno,Buena,Diurna,Buen Tiempo,Múltiple,S/D,Colisión,Ninguna,Faltante,Cordón divisorio,Sin restricción
2021,8863,2021-11-19,Viernes,,,0.0,2,"Bicicleta,Bicicleta",Av. 27 de Febrero Y Lisandro de la Torre,2,2,0,0,0,0,0,"-31.65196, -60.70553",Avenida,,SANTA FE,Constitución,Asfalto,S/D,I,Dentro,Urbana,Otra Señal,S/D,Intersección,S/D,S/D,Diurna,S/D,Múltiple,Ciclista,Colisión,S/D,S/D,Cordón divisorio,Sin restricción
2021,8864,2021-12-27,Lunes,22:10:00,Autopista Nacional A008,0.0,2,"Pickup/Utilitario,Automóvil",Av. Circunvalación Y Mendoza,8,2,0,0,6,0,0,"-32.940439334225,-60.722412993799",Autopista,A008,ROSARIO,Constitución,Asfalto,No existe,II,Dentro,Urbana,Otra Señal,Funciona,Intersección,Bueno,Buena,Diurna,Buen Tiempo,Múltiple,S/D,Colisión,Ninguna,"Horizontal,Vertical",Cordón divisorio,Sin restricción
2021,8865,2021-11-20,Sabado,,,0.0,2,"Moto/Ciclomotor,Moto/Ciclomotor",Av. Italia Y Carrero Podio,2,2,0,0,0,0,0,"-31.23534, -61.47358",Avenida,,RAFAELA,Constitución,S/D,S/D,V,Dentro,Urbana,Otra Señal,S/D,Intersección,S/D,S/D,S/D,S/D,Múltiple,S/D,Colisión,S/D,S/D,Cordón divisorio,Sin restricción
2021,8866,2021-11-20,Sabado,09:05:00,,0.0,2,"Pickup/Utilitario,Moto/Ciclomotor",Sarmiento Y Lavalle,2,1,0,0,1,0,0,"-31.25107, -61.49014",Calle,,RAFAELA,Constitución,Asfalto,S/D,V,Dentro,Urbana,Otra Señal,S/D,Intersección,S/D,S/D,Diurna,S/D,Múltiple,S/D,Colisión,S/D,S/D,Cordón divisorio,Sin restricción
2021,8867,2021-12-01,Miercoles,15:40:00,,0.0,2,"Moto/Ciclomotor,Automóvil",Osvaldo Fresedo 1100,2,1,0,0,1,0,0,"-32.942256642855,-60.753312042966",Calle,,ROSARIO,Constitución,Asfalto,No existe,II,Dentro,Urbana,Otra Señal,No existe,Intersección,Bueno,Buena,Diurna,Buen Tiempo,Múltiple,S/D,Colisión,Ninguna,Faltante,Cordón divisorio,Sin restricción
2021,8868,2021-12-15,Miercoles,14:45:00,,0.0,2,"Moto/Ciclomotor,Automóvil",PABLO IV Y PICASSO,2,1,0,0,0,0,1,"-33.035127768733,-60.61729192318",Calle,,VILLA GOBERNADOR GÁLVEZ,Constitución,Asfalto,No existe,II,Dentro,Urbana,Otra Señal,No existe,Intersección,Bueno,Buena,Diurna,Buen Tiempo,Múltiple,S/D,Colisión,Ninguna,Faltante,Cordón divisorio,Sin restricción
2021,8869,2021-11-20,Sabado,,,0.0,2,"Moto/Ciclomotor,Pickup/Utilitario",Garibaldi Y Paraguay,2,1,0,0,1,0,0,"-31.258, -61.48222",Calle,,RAFAELA,Constitución,Asfalto,S/D,V,Dentro,Urbana,Otra Señal,S/D,Intersección,S/D,S/D,Nocturna,S/D,Múltiple,S/D,Colisión,S/D,S/D,Cordón divisorio,Sin restricción
2021,8870,2021-12-16,Jueves,21:20:00,,0.0,2,"Moto/Ciclomotor,Automóvil",Eva Perón ,2,1,0,0,1,0,0,"-33.027779, -60.623936",Calle,,VILLA GOBERNADOR GÁLVEZ,Constitución,Asfalto,S/D,II,Dentro,Urbana,Otra Señal,S/D,Intersección,Bueno,S/D,Nocturna,Buen Tiempo,Múltiple,S/D,Colisión,Ninguna,S/D,Cordón divisorio,Sin restricción
2021,8872,2021-11-20,Sabado,20:20:00,,0.0,2,"Moto/Ciclomotor,Automóvil",Calle 16 Y Calle 29,4,3,0,0,1,0,0,"-28.34894, -59.25513",Calle,,LAS TOSCAS,Constitución,Asfalto,S/D,XI,Dentro,Urbana,Otra Señal,S/D,Intersección,S/D,S/D,Nocturna,S/D,Múltiple,S/D,Colisión,S/D,S/D,Cordón divisorio,Sin restricción
2021,8873,2021-12-13,Lunes,14:30:00,,0.0,2,"Moto/Ciclomotor,Automóvil",Pavón Y Paulo VI,3,2,0,0,1,0,0,"-33.037110, -60.625774",Calle,,VILLA GOBERNADOR GÁLVEZ,Constitución,Asfalto,No existe,II,Dentro,Urbana,Otra Señal,No existe,Intersección,Deteriorada,Buena,Diurna,Buen Tiempo,Múltiple,S/D,Colisión,Ninguna,Faltante,Cordón divisorio,Sin restricción
2021,8874,2021-11-20,Sabado,11:30:00,,0.0,2,"Moto/Ciclomotor,Automóvil",Calle 32 - Amenábar Y Calle 13-Iturraspe,3,2,0,0,1,0,0,"-29.14223, -59.65451",Calle,,RECONQUISTA,Constitución,Asfalto,S/D,XI,Dentro,Urbana,Otra Señal,S/D,Intersección,S/D,S/D,Diurna,S/D,Múltiple,S/D,Colisión,S/D,S/D,Cordón divisorio,Sin restricción
2021,8875,2021-12-23,Jueves,05:40:00,,0.0,2,"Moto/Ciclomotor,Moto/Ciclomotor",Brown Y Eva Perón,2,1,0,0,1,0,0,"-33.030077877804,-60.626467434198",Calle,,VILLA GOBERNADOR GÁLVEZ,Constitución,Asfalto,No existe,II,Dentro,Urbana,Otra Señal,No existe,Intersección,Bueno,Buena,Nocturna,Buen Tiempo,Múltiple,S/D,Colisión,Ninguna,Faltante,Cordón divisorio,Sin restricción
2021,8876,2021-11-20,Sabado,00:20:00,Ruta Secundaria 97-s,0.0,2,"Moto/Ciclomotor,Automóvil",Calle s/n ,2,1,0,0,1,0,0,"-28.84086, -59.63873",Ruta,97-s,LANTERI,Constitución,S/D,S/D,XI,Dentro,Urbana,Otra Señal,S/D,Intersección,S/D,S/D,Nocturna,S/D,Múltiple,S/D,Colisión,S/D,S/D,Cordón divisorio,Sin restricción
2021,8877,2021-12-23,Jueves,09:20:00,,0.0,2,"Moto/Ciclomotor,Automóvil",Bolívar Y Buenos Aires,3,2,0,0,1,0,0,"-33.030558578993,-60.638362941976",Calle,,VILLA GOBERNADOR GÁLVEZ,Constitución,Asfalto,No existe,II,Dentro,Urbana,Otra Señal,No existe,Intersección,Deteriorada,Buena,Diurna,Buen Tiempo,Múltiple,S/D,Colisión,S/D,Faltante,Cordón divisorio,Sin restricción
2021,8878,2021-12-11,Sabado,20:40:00,,0.0,3,"Moto/Ciclomotor,Automóvil,Moto/Ciclomotor",Cam De Las Carretas 8700,4,3,0,0,1,0,0,"-32.934324803385,-60.747546830132",Calle,,ROSARIO,Constitución,Asfalto,No existe,II,Dentro,Urbana,Otra Señal,No existe,Intersección,Bueno,Buena,Nocturna,Buen Tiempo,Múltiple,S/D,Colisión,Ninguna,Faltante,Cordón divisorio,Sin restricción
2021,8881,2021-12-23,Jueves,15:30:00,,0.0,2,"Pickup/Utilitario,Moto/Ciclomotor",Av. Filipini Y Jaures,3,2,0,0,1,0,0,"-33.020421, -60.636743",Avenida,,VILLA GOBERNADOR GÁLVEZ,Constitución,Asfalto,No existe,II,Dentro,Urbana,Otra Señal,No existe,Intersección,Bueno,Buena,Diurna,Buen Tiempo,Múltiple,S/D,Colisión,Ninguna,Faltante,Cordón divisorio,Sin restricción
2021,8882,2021-11-21,Domingo,13:45:00,,0.0,2,"Moto/Ciclomotor,Automóvil",Mariano Moreno Y Guillermo Brown,2,1,0,0,1,0,0,"-33.74171, -61.9732",Calle,,VENADO TUERTO,Constitución,Asfalto,S/D,VIII,Dentro,Urbana,Otra Señal,S/D,Intersección,S/D,S/D,Diurna,S/D,Múltiple,S/D,Colisión,S/D,S/D,Cordón divisorio,Sin restricción
2021,8883,2021-11-21,Domingo,23:00:00,,0.0,1,Moto/Ciclomotor,P José T Maxwell 1300,1,1,0,0,0,0,0,"-33.73209, -61.98518",Calle,,VENADO TUERTO,Constitución,Asfalto,S/D,VIII,Dentro,Urbana,Otra Señal,S/D,Intersección,S/D,S/D,Nocturna,S/D,Múltiple,S/D,Colisión,S/D,S/D,Cordón divisorio,Sin restricción
2021,8884,2021-11-21,Domingo,23:24:00,,0.0,2,"Moto/Ciclomotor,Automóvil",Chile Y Leandro N Alem,2,1,0,0,1,0,0,"-33.75842, -61.95848",Calle,,VENADO TUERTO,Constitución,Asfalto,S/D,VIII,Dentro,Urbana,Otra Señal,S/D,Intersección,S/D,S/D,Nocturna,S/D,Múltiple,S/D,Colisión,S/D,S/D,Cordón divisorio,Sin restricción
2021,8885,2021-12-11,Sabado,11:35:00,,0.0,2,"Moto/Ciclomotor,Automóvil",SAN DIEGO  Y RIVADAVIA ,3,2,0,0,1,0,0,"-33.019143, -60.626857",Avenida,,VILLA GOBERNADOR GÁLVEZ,Constitución,Asfalto,No existe,II,Dentro,Urbana,Otra Señal,No existe,Intersección,Bueno,Buena,Diurna,Buen Tiempo,Múltiple,S/D,Colisión,Ninguna,Faltante,Cordón divisorio,Sin restricción
2021,8886,2021-12-19,Domingo,02:00:00,,0.0,2,"Automóvil,Pickup/Utilitario",Nicaragua 760,3,2,0,0,1,0,0,"-32.919434930165,-60.721213581908",Calle,,ROSARIO,Constitución,Asfalto,No existe,II,Dentro,Urbana,Otra Señal,No existe,Intersección,Bueno,Buena,"Nocturna,Con luz artificial",Buen Tiempo,Múltiple,S/D,Colisión,Ninguna,Faltante,Cordón divisorio,Sin restricción
2021,8887,2021-12-11,Sabado,20:30:00,,0.0,2,"Moto/Ciclomotor,Automóvil",Av. Gral. San Martin Y Lisandro de la Torre,2,1,0,0,0,0,1,"-33.029260144583,-60.620499622497",Avenida,,VILLA GOBERNADOR GÁLVEZ,Constitución,Asfalto,No existe,II,Dentro,Urbana,Otra Señal,No existe,Intersección,Bueno,Buena,"Nocturna,Con luz artificial",Buen Tiempo,Múltiple,S/D,Colisión,Ninguna,"Horizontal,Vertical",Cordón divisorio,Sin restricción
2021,8888,2021-12-21,Martes,17:15:00,,0.0,2,"Moto/Ciclomotor,Automóvil",Bv. Wilde Y Urquiza,2,1,0,0,1,0,0,"-32.934112768083104,-60.73868264481",Avenida,,ROSARIO,Constitución,Asfalto,No existe,II,Dentro,Urbana,Otra Señal,No existe,Intersección,Bueno,Buena,Diurna,Buen Tiempo,Múltiple,S/D,Colisión,Ninguna,Horizontal,Cordón divisorio,Sin restricción
2021,8889,2021-12-15,Miercoles,14:00:00,,0.0,2,"Moto/Ciclomotor,Automóvil",Libertad Y 12 de Octubre,2,1,0,0,1,0,0,"-33.020618129278,-60.615885041883",Calle,,VILLA GOBERNADOR GÁLVEZ,Constitución,Asfalto,No existe,II,Dentro,Urbana,Otra Señal,No existe,Intersección,Bueno,Buena,Diurna,Buen Tiempo,Múltiple,S/D,Colisión,Ninguna,Faltante,Cordón divisorio,Sin restricción
2021,8890,2021-12-23,Jueves,16:00:00,,0.0,2,"Moto/Ciclomotor,Automóvil",Nicaragua Y San Lorenzo,2,0,0,1,1,0,0,"-32.934740731292,-60.720998919441",Calle,,ROSARIO,Constitución,Asfalto,No existe,II,Dentro,Urbana,Otra Señal,No existe,Intersección,Bueno,Buena,Diurna,Buen Tiempo,Múltiple,S/D,Colisión,Ninguna,Faltante,Cordón divisorio,Sin restricción
2021,8892,2021-11-21,Domingo,17:40:00,,0.0,1,Automóvil, ,2,2,0,0,0,0,0,"-31.66981, -61.71129",Camino Rural,,MARIA JUANA,Constitución,Asfalto,S/D,V,Dentro,Rural,Otra Señal,S/D,Intersección,S/D,S/D,Diurna,S/D,Múltiple,S/D,Colisión,S/D,S/D,Cordón divisorio,Sin restricción
2021,8894,2021-12-25,Sabado,16:30:00,,0.0,2,"Peatón,Moto/Ciclomotor",Campbell Bis 1400,3,1,0,0,0,0,2,"-32.944443197373,-60.707749813798",Calle,,ROSARIO,Constitución,Asfalto,No existe,II,Dentro,Urbana,Otra Señal,No existe,Intersección,Bueno,Buena,Diurna,Buen Tiempo,Múltiple,Peatón,Colisión,Ninguna,Horizontal,Cordón divisorio,Sin restricción
2021,8895,2021-12-21,Martes,09:15:00,Autopista Nacional Rosario -Cordoba,301.0,1,Automóvil, ,1,1,0,0,0,0,0,"-32.9482199, -60.7651079",Autopista,Rosario -Cordoba,ROSARIO,Constitución,Asfalto,Natural,II,Dentro,Rural,Otra Señal,No existe,Intersección,Bueno,Buena,Diurna,Buen Tiempo,Múltiple,S/D,Colisión,Ninguna,Faltante,Cordón divisorio,Sin restricción
2021,8896,2021-12-26,Domingo,19:00:00,,0.0,2,"Bicicleta,Automóvil",J.J.Paso Y Roullon,2,1,0,0,0,0,1,"-32.919927, -60.703103",Avenida,,ROSARIO,Constitución,Asfalto,No existe,II,Dentro,Urbana,Otra Señal,No existe,Intersección,Bueno,Buena,Diurna,Buen Tiempo,Múltiple,Ciclista,Colisión,Ninguna,Horizontal,Cordón divisorio,Sin restricción
2021,8897,2021-11-21,Domingo,,,0.0,2,"Moto/Ciclomotor,Automóvil",25 de mayo Y Gálvez,2,1,0,0,1,0,0,"-31.70134, -61.55504",Calle,,SAN VICENTE.,Constitución,S/D,S/D,V,Dentro,Urbana,Otra Señal,S/D,Intersección,S/D,S/D,S/D,S/D,Múltiple,S/D,Colisión,S/D,S/D,Cordón divisorio,Sin restricción