anio_acci,nro_acci,fecha,desc_dia,hora_aprox,desc_ruta,km,cant_participantes,desc_participante,calle_avenida_km,total,heridos_leves,heridos_graves,heridos_gravisimos,ilesos,fallecidos,sin_datos,posicion_XY,desc_tipo_via,desc_ruta_ori,desc_loc,desc_dpto,desc_tipo_calzada,desc_tipo_banquina,desc_unidad_regional,desc_lugar_calzada,desc_zona,desc_prioridad,desc_estado_semaforo,desc_lugar_via,desc_estado_via,desc_estado_visibilidad,desc_luminosidad,desc_estado_clima,desc_tipo_colision,desc_tipo_atropello,desc_tipo_hecho,desc_pres_calzada,desc_senializacion,desc_separacion_via,desc_restriccion
2021,8898,2021-12-13,Lunes,17:25:00,,0.0,2,"Bicicleta,Moto/Ciclomotor",Av. Provincias Unidas Y Zuviria,2,2,0,0,0,0,0,"-32.936923146208,-60.712723879053",Avenida,,ROSARIO,Constitución,Asfalto,No existe,II,Dentro,Urbana,Otra Señal,No existe,Intersección,Bueno,Buena,Diurna,Buen Tiempo,Múltiple,Ciclista,Colisión,Ninguna,Horizontal,Cordón divisorio,Sin restricción
2021,8899,2021-12-22,Miercoles,05:40:00,Autopista Nacional A008,0.0,1,Moto/Ciclomotor,Av. Circunvalación Y Av. Pte. Perón,1,1,0,0,0,0,0,"-32.929148, -60.723680",Autopista,A008,ROSARIO,Constitución,Asfalto,No existe,II,Dentro,Urbana,Otra Señal,Intermitente,Intersección,Bueno,Buena,Nocturna,Buen Tiempo,Múltiple,S/D,Colisión,Ninguna,Vertical,Cordón divisorio,Sin restricción
2021,8900,2021-12-27,Lunes,12:20:00,,0.0,2,"Moto/Ciclomotor,Moto/Ciclomotor",Av. Génova Y Ottone Bis,2,1,0,0,0,0,1,"-32.915657507739,-60.701006755562",Avenida,,ROSARIO,Constitución,Asfalto,No existe,II,Dentro,Urbana,Otra Señal,Funciona,Intersección,Bueno,Buena,Diurna,Buen Tiempo,Múltiple,S/D,Colisión,Ninguna,"Horizontal,Vertical",Cordón divisorio,Sin restricción
2021,8901,2021-11-21,Domingo,,,0.0,2,"Moto/Ciclomotor,Moto/Ciclomotor",San Martin ,3,3,0,0,0,0,0,"-30.99692, -61.41729",Calle,,ATALIVA,Constitución,S/D,S/D,V,Dentro,Urbana,Otra Señal,S/D,Intersección,S/D,S/D,S/D,S/D,Múltiple,S/D,Colisión,S/D,S/D,Cordón divisorio,Sin restricción
2021,8902,2021-11-21,Domingo,,,0.0,2,"Moto/Ciclomotor,Pickup/Utilitario",Vicente López y Planes Y Carrero Podio,2,1,0,0,1,0,0,"-31.26017, -61.51385",Calle,,RAFAELA,Constitución,S/D,S/D,V,Dentro,Urbana,Otra Señal,S/D,Intersección,S/D,S/D,Diurna,S/D,Múltiple,S/D,Colisión,S/D,S/D,Cordón divisorio,Sin restricción
2021,8903,2021-11-21,Domingo,04:40:00,,0.0,1,Moto/Ciclomotor,Bv. Rondeau 4300,1,1,0,0,0,0,0,"-32.87461, -60.69832",Avenida,,ROSARIO,Constitución,Asfalto,S/D,II,Dentro,Urbana,Otra Señal,S/D,Intersección,S/D,S/D,Nocturna,S/D,Múltiple,S/D,Colisión,S/D,S/D,Cordón divisorio,Sin restricción
2021,8904,2021-11-21,Domingo,,,0.0,1,Automóvil,Calle 13 ,1,1,0,0,0,0,0,"-28.41664, -59.26454",Calle,,TACUARENDÍ,Constitución,Asfalto,S/D,IX,Dentro,Urbana,Otra Señal,S/D,Intersección,S/D,S/D,S/D,S/D,Múltiple,S/D,Colisión,S/D,S/D,Cordón divisorio,Sin restricción
2021,8907,2021-12-09,Jueves,21:10:00,,0.0,2,"Automóvil,Moto/Ciclomotor",Av. Provincias Unidas Y Marcos Paz,2,1,0,0,1,0,0,"-32.939078501704,-60.712765334187",Avenida,,ROSARIO,Constitución,Asfalto,No existe,II,Dentro,Urbana,Otra Señal,Funciona,Intersección,Bueno,S/D,Nocturna,S/D,Múltiple,S/D,Colisión,S/D,"Horizontal,Vertical",Cordón divisorio,Sin restricción
2021,8908,2021-12-01,Miercoles,10:30:00,,0.0,2,"Automóvil,Pickup/Utilitario",Av. Génova Y Barra,4,2,0,0,2,0,0,"-32.915853350099,-60.708093251224",Avenida,,ROSARIO,Constitución,Asfalto,No existe,II,Dentro,Urbana,Otra Señal,No existe,Intersección,Bueno,Buena,Diurna,Buen Tiempo,Múltiple,S/D,Colisión,Ninguna,Faltante,Cordón divisorio,Sin restricción
2021,8911,2021-11-01,Lunes,,,0.0,2,"Moto/Ciclomotor,Moto/Ciclomotor", ,2,2,0,0,0,0,0,"-31.44809, -60.92888",S/D,,ESPERANZA,Constitución,S/D,S/D,XI,S/D,S/D,Otra Señal,S/D,Intersección,S/D,S/D,S/D,S/D,Múltiple,S/D,Colisión,S/D,S/D,Cordón divisorio,Sin restricción
2021,8912,2021-11-22,Lunes,09:05:00,,0.0,1,Automóvil,Falucho Y E Eterovich,1,1,0,0,0,0,0,"-33.763, -61.94775",Calle,,VENADO TUERTO,Constitución,S/D,S/D,VIII,Dentro,Urbana,Otra Señal,S/D,Intersección,S/D,S/D,Nocturna,S/D,Múltiple,S/D,Colisión,S/D,S/D,Cordón divisorio,Sin restricción
2021,8914,2021-11-22,Lunes,06:00:00,Ruta Provincial 32,0.0,1,Automóvil, ,2,2,0,0,0,0,0,"-28.48855, -59.34509",Ruta,32,VILLA OCAMPO,Constitución,Asfalto,S/D,IX,Dentro,Rural,Otra Señal,S/D,Intersección,S/D,S/D,Amanecer,S/D,Múltiple,S/D,Colisión,S/D,S/D,Cordón divisorio,Sin restricción
2021,8915,2021-11-01,Lunes,07:30:00,,0.0,2,"Automóvil,Automóvil", ,2,2,0,0,0,0,0,"-32.90078, -60.91026",S/D,,ROLDÁN,Constitución,S/D,S/D,XVII,S/D,S/D,Otra Señal,S/D,Intersección,S/D,S/D,S/D,S/D,Múltiple,S/D,Colisión,S/D,S/D,Cordón divisorio,Sin restricción
2021,8916,2021-11-22,Lunes,20:15:00,Ruta Nacional 11,0.0,2,"Automóvil,Automóvil", ,5,2,0,0,3,0,0,"-31.81814, -60.87169",Ruta,11,SAUCE VIEJO,Constitución,Asfalto,S/D,I,Dentro,Rural,Otra Señal,S/D,Intersección,S/D,S/D,Nocturna,S/D,Múltiple,S/D,Colisión,S/D,S/D,Cordón divisorio,Sin restricción
2021,8917,2021-11-01,Lunes,14:25:00,,0.0,2,"Automóvil,Pickup/Utilitario", ,4,4,0,0,0,0,0,"-32.81839, -60.72884",S/D,,CAPITÁN BERMÚDEZ,Constitución,S/D,S/D,XVII,S/D,S/D,Otra Señal,S/D,Intersección,S/D,S/D,S/D,S/D,Múltiple,S/D,Colisión,S/D,S/D,Cordón divisorio,Sin restricción
2021,8918,2021-12-22,Miercoles,20:15:00,,0.0,2,"Moto/Ciclomotor,Automóvil",Junín Y Liniers,5,1,0,0,4,0,0,"-32.927194998269,-60.699038771846",Calle,,ROSARIO,Constitución,Asfalto,No existe,II,Dentro,Urbana,Otra Señal,No existe,Intersección,Bueno,Reducida,"Nocturna,Con luz artificial",Buen Tiempo,Múltiple,S/D,Colisión,Ninguna,Faltante,Cordón divisorio,Sin restricción
2021,8919,2021-11-22,Lunes,,,0.0,1,Moto/Ciclomotor, ,3,1,0,0,2,0,0,"-32.69374, -61.45684",Camino Rural,,LAS PAREJAS,Constitución,Tierra,S/D,III,Dentro,Rural,Otra Señal,No existe,Intersección,S/D,S/D,S/D,S/D,Múltiple,S/D,Colisión,S/D,S/D,Cordón divisorio,Sin restricción
2021,8920,2021-12-18,Sabado,12:45:00,,0.0,2,"Moto/Ciclomotor,Automóvil",Junín Y Tte.Agneta,2,1,0,0,1,0,0,"-32.92722980214,-60.700327257684",Calle,,ROSARIO,Constitución,Asfalto,No existe,II,Dentro,Urbana,Otra Señal,No existe,Intersección,Bueno,Reducida,Diurna,Lluvia,Múltiple,S/D,Colisión,Ninguna,Faltante,Cordón divisorio,Sin restricción
2021,8922,2021-11-23,Martes,12:50:00,,0.0,2,"Moto/Ciclomotor,Automóvil",Calle 44-27 de Abril Y Pje 23-25-Antartida Argentina,3,1,0,0,2,0,0,"-29.14753, -59.66313",Calle,,RECONQUISTA,Constitución,S/D,S/D,IX,Dentro,Urbana,Otra Señal,S/D,Intersección,S/D,S/D,Diurna,S/D,Múltiple,S/D,Colisión,S/D,S/D,Cordón divisorio,Sin restricción
2021,8923,2021-11-02,Martes,,,0.0,2,"Moto/Ciclomotor,Automóvil",J Castelli Y Av. Blas Parera,2,2,0,0,0,0,0,"-31.60068, -60.72163",Avenida,,SANTA FE,Constitución,S/D,S/D,I,Dentro,Urbana,Otra Señal,S/D,Intersección,S/D,S/D,S/D,S/D,Múltiple,S/D,Colisión,S/D,S/D,Cordón divisorio,Sin restricción
2021,8924,2021-11-23,Martes,11:40:00,,0.0,2,"Automóvil,Moto/Ciclomotor",Caparros R Y Juan B Justo,2,1,0,0,1,0,0,"-33.76206, -61.95202",Calle,,VENADO TUERTO,Constitución,S/D,S/D,VIII,Dentro,Urbana,Otra Señal,Intermitente,Intersección,S/D,S/D,Diurna,S/D,Múltiple,S/D,Colisión,S/D,S/D,Cordón divisorio,Sin restricción
2021,8925,2021-12-24,Viernes,15:20:00,,0.0,2,"Bicicleta,Automóvil",F.More Y Junín,2,1,0,0,1,0,0,"-32.927062415333,-60.69393300034",Calle,,ROSARIO,Constitución,Asfalto,No existe,II,Dentro,Urbana,Otra Señal,No existe,Intersección,Bueno,Buena,Diurna,Buen Tiempo,Múltiple,Ciclista,Colisión,Ninguna,Faltante,Cordón divisorio,Sin restricción
2021,8926,2021-12-11,Sabado,21:55:00,,0.0,2,"Moto/Ciclomotor,Peatón",Av. Génova 6900,2,1,0,0,1,0,0,"-32.916062909431,-60.715690335585",Avenida,,ROSARIO,Constitución,Asfalto,No existe,II,Dentro,Urbana,Otra Señal,No existe,Intersección,Bueno,S/D,"Nocturna,Con luz artificial",Otro,Múltiple,Peatón,Colisión,Ninguna,Faltante,Cordón divisorio,Sin restricción
2021,8927,2021-11-02,Martes,,,0.0,2,"Moto/Ciclomotor,Moto/Ciclomotor", ,2,2,0,0,0,0,0,"-31.44795, -60.93068",Calle,,ESPERANZA,Constitución,S/D,S/D,XI,S/D,S/D,Otra Señal,S/D,Intersección,S/D,S/D,S/D,S/D,Múltiple,S/D,Colisión,S/D,S/D,Cordón divisorio,Sin restricción
2021,8928,2021-12-02,Jueves,21:50:00,,0.0,2,"Bicicleta,Moto/Ciclomotor",Av. Génova Y Campbell,2,2,0,0,0,0,0,"-32.915880732573,-60.709100260152",Avenida,,ROSARIO,Constitución,Asfalto,No existe,II,Dentro,Urbana,Otra Señal,No existe,Intersección,Bueno,Buena,Nocturna,Buen Tiempo,Múltiple,Ciclista,Colisión,Ninguna,Faltante,Cordón divisorio,Sin restricción
2021,8929,2021-12-04,Sabado,14:10:00,,0.0,2,"Peatón,Moto/Ciclomotor",Mariano Cabal Bis 1300,2,2,0,0,0,0,0,"-32.913608, -60.702870",Calle,,ROSARIO,Constitución,Asfalto,No existe,II,Dentro,Urbana,Otra Señal,No existe,Intersección,Bueno,Buena,Diurna,Buen Tiempo,Múltiple,Ciclista,Colisión,Ninguna,Faltante,Cordón divisorio,Sin restricción
2021,8930,2021-12-04,Sabado,16:30:00,,0.0,2,"Taxi/Remis,Moto/Ciclomotor",J.J.Paso 5600,3,2,0,0,1,0,0,"-32.919854984932,-60.700850517132",Calle,,ROSARIO,Constitución,Asfalto,No existe,II,Dentro,Urbana,Otra Señal,Funciona,Intersección,Bueno,S/D,Diurna,Buen Tiempo,Múltiple,S/D,Colisión,Ninguna,"Horizontal,Vertical",Cordón divisorio,Sin restricción
2021,8931,2021-12-06,Lunes,07:30:00,,0.0,2,"Bicicleta,Automóvil",Solís Y Tucumán,2,1,0,0,1,0,0,"-32.932293984949,-60.703743711497",Calle,,ROSARIO,Constitución,Asfalto,No existe,II,Dentro,Urbana,Otra Señal,No existe,Intersección,Bueno,Buena,Diurna,Buen Tiempo,Múltiple,Ciclista,Colisión,Ninguna,Faltante,Cordón divisorio,Sin restricción
2021,8932,2021-11-23,Martes,20:15:00,Ruta Nacional A009,1.0,2,"Moto/Ciclomotor,Moto/Ciclomotor", ,5,5,0,0,0,0,0,"-29.19642, -59.69382",Ruta,A009,RECONQUISTA,Constitución,S/D,S/D,IX,Dentro,Rural,Otra Señal,S/D,Intersección,S/D,S/D,Nocturna,S/D,Múltiple,S/D,Colisión,S/D,S/D,Cordón divisorio,Sin restricción
2021,8933,2021-11-05,Viernes,15:25:00,,0.0,2,"Peatón,Automóvil",Laprida Y Cabildo,2,1,0,0,0,0,1,"-32.80262, -60.72377",Calle,,CAPITÁN BERMÚDEZ,Constitución,S/D,S/D,XVII,Dentro,Urbana,Otra Señal,S/D,Intersección,S/D,S/D,S/D,S/D,Múltiple,Peatón,Colisión,S/D,S/D,Cordón divisorio,Sin restricción
2021,8934,2021-11-06,Sabado,08:00:00,,0.0,2,"Automóvil,Moto/Ciclomotor",Sánchez de Bustamante 3100,2,1,0,0,1,0,0,"-33.00277, -60.67817",Calle,,ROSARIO,Constitución,S/D,S/D,II,Dentro,Urbana,Otra Señal,S/D,Intersección,S/D,S/D,S/D,S/D,Múltiple,S/D,Colisión,S/D,S/D,Cordón divisorio,Sin restricción
2021,8935,2021-11-06,Sabado,,,0.0,2,"Bicicleta,Pickup/Utilitario", ,2,1,0,0,0,0,1,"-31.44795, -60.93068",Calle,,ESPERANZA,Constitución,S/D,S/D,XI,Dentro,Urbana,Otra Señal,S/D,Intersección,S/D,S/D,S/D,S/D,Múltiple,Ciclista,Colisión,S/D,S/D,Cordón divisorio,Sin restricción
2021,8936,2021-11-24,Miercoles,,Autopista Provincial Brigadier E.LÓPEZ,68.0,1,Camión, ,1,1,0,0,0,0,0,"-32.35786, -60.95688",Autopista,Brigadier E.LÓPEZ,MONJE,Constitución,Asfalto,No existe,XV,Dentro,Rural,Otra Señal,No existe,Intersección,Bueno,Buena,Diurna,Buen Tiempo,Múltiple,S/D,Colisión,Ninguna,"Horizontal,Vertical",Cordón divisorio,Sin restricción
2021,8937,2021-11-12,Viernes,,,0.0,2,"Moto/Ciclomotor,Automóvil", ,3,1,0,0,2,0,0,"-31.44809, -60.92888",Calle,,ESPERANZA,Constitución,S/D,S/D,XI,Dentro,Urbana,Otra Señal,S/D,Intersección,S/D,S/D,S/D,S/D,Múltiple,S/D,Colisión,S/D,S/D,Cordón divisorio,Sin restricción
2021,8938,2021-11-21,Domingo,04:20:00,,0.0,2,"Moto/Ciclomotor,Moto/Ciclomotor",Calle 30-Lucas Funes Y Calle 5-Colon,2,2,0,0,0,0,0,"-29.13807, -59.65273",Calle,,RECONQUISTA,Constitución,Asfalto,No existe,IX,Dentro,Urbana,Otra Señal,No existe,Intersección,Bueno,Buena,Amanecer,Buen Tiempo,Múltiple,S/D,Colisión,Ninguna,Vertical,Cordón divisorio,Sin restricción
2021,8939,2021-11-23,Martes,11:50:00,Ruta Nacional 11,0.0,2,"Moto/Ciclomotor,Pickup/Utilitario",Calle 29-Alte Brown Y Ruta Nacional 11,2,1,0,0,1,0,0,"-29.1507, -59.65694",Ruta,11,RECONQUISTA,Constitución,Asfalto,No existe,IX,Dentro,Urbana,Otra Señal,S/D,Intersección,Bueno,Buena,Diurna,Buen Tiempo,Múltiple,S/D,Colisión,Ninguna,"Horizontal,Vertical",Cordón divisorio,Sin restricción
2021,8940,2021-11-30,Martes,19:00:00,,0.0,2,"Moto/Ciclomotor,Moto/Ciclomotor", ,3,1,0,0,2,0,0,"-28.84771, -59.49931",Calle,,LAS GARZAS,Constitución,Asfalto,No existe,IX,Dentro,Urbana,Otra Señal,No existe,Intersección,Bueno,Buena,Diurna,Buen Tiempo,Múltiple,S/D,Colisión,Ninguna,Faltante,Cordón divisorio,Sin restricción
2021,8941,2021-11-30,Martes,10:35:00,,0.0,2,"Automóvil,Moto/Ciclomotor",Calle 29-Alte Brown Y Calle 36 Entre Ríos,2,1,0,0,1,0,0,"-29.15055, -59.65837",Calle,,RECONQUISTA,Constitución,S/D,No existe,IX,Dentro,Urbana,Otra Señal,S/D,Intersección,Bueno,Buena,Diurna,Buen Tiempo,Múltiple,S/D,Colisión,Ninguna,"Horizontal,Vertical",Cordón divisorio,Sin restricción
2021,8942,2021-12-09,Jueves,16:05:00,,0.0,2,"Bicicleta,Automóvil",Av. Génova 9400,3,1,0,0,2,0,0,"-32.917574293799,-60.771595993673",Avenida,,ROSARIO,Constitución,Asfalto,No existe,II,Dentro,Urbana,Otra Señal,No existe,Intersección,Bueno,Buena,Diurna,Buen Tiempo,Múltiple,Ciclista,Colisión,Ninguna,Faltante,Cordón divisorio,Sin restricción
2021,8943,2021-11-29,Lunes,09:50:00,,0.0,2,"Automóvil,Moto/Ciclomotor",Calle 31-Newbery Y Calle 26 - Bolívar,2,1,0,0,1,0,0,"-29.15233, -59.65218",Calle,,RECONQUISTA,Constitución,Asfalto,No existe,IX,Dentro,Urbana,Otra Señal,No existe,Intersección,Otro,Buena,Diurna,Buen Tiempo,Múltiple,S/D,Colisión,Ninguna,Vertical,Cordón divisorio,Sin restricción
2021,8944,2021-12-16,Jueves,07:40:00,,0.0,2,"Moto/Ciclomotor,Automóvil",Av. Eva Perón Y Carriego,2,1,0,0,1,0,0,"-32.937370625109,-60.688638287218",Avenida,,ROSARIO,Constitución,Asfalto,No existe,II,Dentro,Urbana,Otra Señal,Funciona,Intersección,Bueno,Buena,Diurna,Buen Tiempo,Múltiple,S/D,Colisión,Ninguna,"Horizontal,Vertical",Cordón divisorio,Sin restricción
2021,8945,2021-12-18,Sabado,22:00:00,,0.0,2,"Automóvil,Moto/Ciclomotor",Matienzo Y Santa Fe,2,1,0,0,1,0,0,"-32.935204832577,-60.69487784663",Calle,,ROSARIO,Constitución,Asfalto,No existe,II,Dentro,Urbana,Otra Señal,Funciona,Intersección,Bueno,Buena,"Nocturna,Con luz artificial",Buen Tiempo,Múltiple,S/D,Colisión,Ninguna,"Horizontal,Vertical",Cordón divisorio,Sin restricción
2021,8946,2021-11-24,Miercoles,,,0.0,2,"Pickup/Utilitario,Automóvil",Paraguay Y La Paz,2,2,0,0,0,0,0,"-32.96317, -60.64816",Calle,,ROSARIO,Constitución,Asfalto,S/D,II,Dentro,Urbana,Otra Señal,S/D,Intersección,S/D,S/D,S/D,S/D,Múltiple,S/D,Colisión,S/D,S/D,Cordón divisorio,Sin restricción
2021,8948,2021-11-24,Miercoles,,,0.0,2,"Automóvil,Automóvil",Calle 21 Y Avenida Circunvalación,3,1,0,0,2,0,0,"-29.12373, -59.65309",Avenida,,AVELLANEDA,Constitución,S/D,S/D,IX,Dentro,Urbana,Otra Señal,S/D,Intersección,S/D,S/D,S/D,S/D,Múltiple,S/D,Colisión,S/D,S/D,Cordón divisorio,Sin restricción
2021,8949,2021-11-24,Miercoles,11:00:00,,0.0,2,"Automóvil,Moto/Ciclomotor",España Y Boulevard Centenario,2,1,0,0,1,0,0,"-32.81476, -61.39199",Calle,,CAÑADA DE GÓMEZ,Constitución,S/D,S/D,X,Dentro,Urbana,Otra Señal,S/D,Intersección,S/D,S/D,Diurna,S/D,Múltiple,S/D,Colisión,S/D,S/D,Cordón divisorio,Sin restricción
2021,8950,2021-11-24,Miercoles,,,0.0,1,Moto/Ciclomotor,Av. Lisandro de la Torre ,1,1,0,0,0,0,0,"-30.94344, -61.56678",Calle,,SUNCHALES,Constitución,S/D,S/D,III,Dentro,Urbana,Otra Señal,S/D,Intersección,S/D,S/D,S/D,S/D,Múltiple,S/D,Colisión,S/D,S/D,Cordón divisorio,Sin restricción
2021,8951,2021-12-02,Jueves,16:00:00,,0.0,2,"Moto/Ciclomotor,Automóvil",AV NEWBERY  Y SOLDADO AGUIRRE,2,1,0,0,1,0,0,"-33.029880, -60.654205",Avenida,,ROSARIO,Constitución,Asfalto,No existe,II,Dentro,Urbana,Otra Señal,No existe,Intersección,Deteriorada,Buena,Diurna,Buen Tiempo,Múltiple,S/D,Colisión,Material Suelto,Faltante,Cordón divisorio,Sin restricción
2021,8952,2021-12-24,Viernes,12:25:00,,0.0,1,Moto/Ciclomotor,ALBERDI  Y RIVADAVIA,2,2,0,0,0,0,0,"-33.080215, -60.573380",Calle,,PUEBLO ESTHER,Constitución,Asfalto,No existe,II,Dentro,Urbana,Otra Señal,No existe,Intersección,Bueno,Buena,Diurna,Buen Tiempo,Múltiple,S/D,Colisión,Ninguna,Faltante,Cordón divisorio,Sin restricción
2021,8953,2021-11-25,Jueves,02:00:00,Ruta Provincial 65,0.0,1,Camión c / Acoplado, ,1,1,0,0,0,0,0,"-32.36448, -61.09167",Ruta,65,ESTACIÓN DÍAZ,Constitución,S/D,S/D,XV,Dentro,Urbana,Otra Señal,S/D,Intersección,S/D,S/D,Nocturna,S/D,Múltiple,S/D,Colisión,S/D,S/D,Cordón divisorio,Sin restricción
2021,8954,2021-03-05,Viernes,18:00:00,,0.0,2,"Moto/Ciclomotor,Moto/Ciclomotor",Alvear Y Santa Fe,2,1,0,0,1,0,0,"-28.24151, -59.45484",Calle,,VILLA GUILLERMINA,Constitución,Hormigón,Natural,IX,Dentro,Urbana,Otra Señal,No existe,Intersección,Bueno,Buena,Diurna,Buen Tiempo,Múltiple,S/D,Colisión,Ninguna,Faltante,Cordón divisorio,Sin restricción
2021,8955,2021-12-07,Martes,12:00:00,,0.0,2,"Bicicleta,Automóvil",J.J.Paso Y Méjico,2,1,0,0,1,0,0,"-32.920509891098,-60.719288136506",Calle,,ROSARIO,Constitución,Asfalto,No existe,II,Dentro,Urbana,Otra Señal,No existe,Intersección,Bueno,Buena,Diurna,Buen Tiempo,Múltiple,Ciclista,Colisión,Ninguna,Faltante,Cordón divisorio,Sin restricción
2021,8956,2021-08-14,Sabado,14:00:00,,0.0,2,"Automóvil,Pickup/Utilitario",CORAZÓN RODRÍGUEZ Y CACIQUE GÓMEZ,2,1,0,0,1,0,0,"-28.38492, -59.26576",Calle,,SAN ANTONIO DE OBLIGADO,Constitución,Tierra,No existe,IX,Dentro,Urbana,Otra Señal,No existe,Intersección,Bueno,Buena,Diurna,Buen Tiempo,Múltiple,S/D,Colisión,Ninguna,Faltante,Cordón divisorio,Sin restricción
2021,8957,2021-12-10,Viernes,17:00:00,,0.0,2,"Moto/Ciclomotor,Automóvil",Bielsa Y F.More,2,1,0,0,1,0,0,"-32.923243064158,-60.694080443062",Calle,,ROSARIO,Constitución,Asfalto,No existe,II,Dentro,Urbana,Otra Señal,No existe,Intersección,Deteriorada,Buena,Diurna,Buen Tiempo,Múltiple,S/D,Colisión,Ninguna,Faltante,Cordón divisorio,Sin restricción
2021,8958,2021-12-14,Martes,17:30:00,,0.0,2,"Moto/Ciclomotor,Pickup/Utilitario",Fraga Y José Ingenieros,3,1,0,0,2,0,0,"-32.917031284804,-60.711553750793",Calle,,ROSARIO,Constitución,Asfalto,No existe,II,Dentro,Urbana,Otra Señal,No existe,Intersección,Bueno,Buena,Diurna,Buen Tiempo,Múltiple,S/D,Colisión,Ninguna,Faltante,Cordón divisorio,Sin restricción
2021,8959,2021-12-07,Martes,07:15:00,,0.0,2,"Bicicleta,Automóvil",Av. Pte. Perón Y Bv. Seguí,2,1,0,0,1,0,0,"-32.970192910163,-60.715805985308",Avenida,,ROSARIO,Constitución,Asfalto,No existe,II,Dentro,Urbana,Otra Señal,No existe,Intersección,Bueno,Buena,Diurna,Buen Tiempo,Múltiple,Ciclista,Colisión,Ninguna,Horizontal,Cordón divisorio,Sin restricción
2021,8960,2021-08-12,Jueves,19:45:00,,0.0,2,"Moto/Ciclomotor,Automóvil",FRAY ERMETE Y PTE. PERÓN,2,1,0,0,1,0,0,"-28.38492, -59.26576",Calle,,SAN ANTONIO DE OBLIGADO,Constitución,Asfalto,Natural,IX,Dentro,Urbana,Otra Señal,No existe,Intersección,Bueno,Buena,Con luz artificial,Buen Tiempo,Múltiple,S/D,Colisión,S/D,Vertical,Cordón divisorio,Sin restricción
2021,8961,2021-11-25,Jueves,,Ruta Provincial 70,0.0,2,"Moto/Ciclomotor,Automóvil",Bv Santa Fe Y L Cachero,2,1,0,0,1,0,0,"-31.25794, -61.46148",Ruta,70,RAFAELA,Constitución,Asfalto,S/D,V,Dentro,Urbana,Otra Señal,S/D,Intersección,S/D,S/D,S/D,S/D,Múltiple,S/D,Colisión,S/D,S/D,Cordón divisorio,Sin restricción
2021,8962,2021-12-30,Jueves,03:00:00,,0.0,2,"Moto/Ciclomotor,Moto/Ciclomotor",Colombia Y La Paz,3,3,0,0,0,0,0,"-32.955806127991,-60.71545972113",Calle,,ROSARIO,Constitución,Asfalto,No existe,II,Dentro,Urbana,Otra Señal,No existe,Intersección,Bueno,Buena,Nocturna,Buen Tiempo,Múltiple,S/D,Colisión,Ninguna,Faltante,Cordón divisorio,Sin restricción
2021,8963,2021-12-15,Miercoles,17:50:00,,0.0,2,"Moto/Ciclomotor,Automóvil",Av. Provincias Unidas Y J.J.Paso,2,1,0,0,1,0,0,"-32.92040798674714, -60.71375312331",Avenida,,ROSARIO,Constitución,Asfalto,No existe,II,Dentro,Urbana,Otra Señal,No existe,Intersección,Bueno,Buena,Diurna,Buen Tiempo,Múltiple,S/D,Colisión,Ninguna,Horizontal,Cordón divisorio,Sin restricción
2021,8965,2021-12-16,Jueves,17:50:00,,0.0,2,"Bicicleta,Automóvil",Cullen Y La Republica,2,1,0,0,1,0,0,"-32.918472253035,-60.709773146175",Calle,,ROSARIO,Constitución,Asfalto,No existe,II,Dentro,Urbana,Otra Señal,No existe,Intersección,Deteriorada,Buena,Diurna,Buen Tiempo,Múltiple,Ciclista,Colisión,Ninguna,Faltante,Cordón divisorio,Sin restricción
2021,8967,2021-12-21,Martes,21:42:00,,0.0,2,"Automóvil,Automóvil",Lisandro de la Torre 100,5,1,0,0,4,0,0,"-33.110142667607,-60.549326324595",Avenida,,GENERAL LAGOS,Constitución,Hormigón,No existe,II,Dentro,Urbana,Otra Señal,No existe,Intersección,Bueno,Buena,"Nocturna,Con luz artificial",Buen Tiempo,Múltiple,S/D,Colisión,Ninguna,Faltante,Cordón divisorio,Sin restricción
2021,8968,2021-08-16,Lunes,,,0.0,2,"Automóvil,Automóvil",Cafferata Y Ocampo,5,5,0,0,0,0,0,"-32.960582350722,-60.676011736359",Calle,,ROSARIO,Constitución,Asfalto,No existe,II,Dentro,Urbana,Otra Señal,No existe,Intersección,Bueno,S/D,S/D,Buen Tiempo,Múltiple,S/D,Colisión,Ninguna,Vertical,Cordón divisorio,Sin restricción
2021,8969,2021-12-01,Miercoles,14:00:00,,0.0,2,"Moto/Ciclomotor,Pickup/Utilitario",Tucumán 6500,3,2,0,0,1,0,0,"-32.932478841641,-60.710624024723",Calle,,ROSARIO,Constitución,Asfalto,No existe,II,Dentro,Urbana,Otra Señal,No existe,Intersección,Bueno,Buena,Diurna,Buen Tiempo,Múltiple,S/D,Colisión,Ninguna,Faltante,Cordón divisorio,Sin restricción
2021,8970,2021-08-09,Lunes,19:45:00,,0.0,1,Moto/Ciclomotor,FRAY ERMETE Y LOS LANCEROS,1,1,0,0,0,0,0,"-28.38466, -59.26305",Calle,,SAN ANTONIO DE OBLIGADO,Constitución,Asfalto,Natural,IX,Dentro,Urbana,Otra Señal,No existe,Intersección,Bueno,Buena,Con luz artificial,Buen Tiempo,Múltiple,S/D,Colisión,Ninguna,Faltante,Cordón divisorio,Sin restricción
2021,8971,2021-11-12,Viernes,18:00:00,,0.0,2,"Moto/Ciclomotor,Bicicleta",HIPÓLITO HIRIGOYEN Y GRAL. LÓPEZ,2,1,0,0,1,0,0,"-29.14745, -59.65653",Avenida,,RECONQUISTA,Constitución,Asfalto,Pavimento,IX,Dentro,Urbana,Otra Señal,No existe,Intersección,Bueno,Buena,Diurna,Buen Tiempo,Múltiple,S/D,Colisión,Ninguna,Horizontal,Cordón divisorio,Sin restricción