anio_acci,nro_acci,fecha,desc_dia,hora_aprox,desc_ruta,km,cant_participantes,desc_participante,calle_avenida_km,total,heridos_leves,heridos_graves,heridos_gravisimos,ilesos,fallecidos,sin_datos,posicion_XY,desc_tipo_via,desc_ruta_ori,desc_loc,desc_dpto,desc_tipo_calzada,desc_tipo_banquina,desc_unidad_regional,desc_lugar_calzada,desc_zona,desc_prioridad,desc_estado_semaforo,desc_lugar_via,desc_estado_via,desc_estado_visibilidad,desc_luminosidad,desc_estado_clima,desc_tipo_colision,desc_tipo_atropello,desc_tipo_hecho,desc_pres_calzada,desc_senializacion,desc_separacion_via,desc_restriccion
2021,8972,2021-11-08,Lunes,13:40:00,,0.0,2,"Moto/Ciclomotor,Pickup/Utilitario",Calle 33-Pueyrredon Y Calle 30-Lucas Funes,2,1,0,0,1,0,0,"-29.15313, -59.65478",Calle,,RECONQUISTA,Constitución,Asfalto,No existe,IX,S/D,Urbana,Otra Señal,No existe,Intersección,Bueno,Buena,Diurna,Buen Tiempo,Múltiple,S/D,Colisión,Ninguna,"Horizontal,Vertical",Cordón divisorio,Sin restricción
2021,8973,2021-11-25,Jueves,19:00:00,,0.0,2,"Automóvil,Moto/Ciclomotor",Juan de Garay Y Bartolomé Mitre,4,2,0,0,2,0,0,"-28.4851, -59.34925",Calle,,VILLA OCAMPO,Constitución,Asfalto,S/D,IX,Dentro,Urbana,Otra Señal,S/D,Intersección,S/D,S/D,Atardecer,S/D,Múltiple,S/D,Colisión,S/D,S/D,Cordón divisorio,Sin restricción
2021,8974,2021-11-26,Viernes,09:15:00,,0.0,1,Moto/Ciclomotor,Larrea A Y Leandro N Alem,2,2,0,0,0,0,0,"-33.76214, -61.95568",Calle,,VENADO TUERTO,Constitución,Asfalto,S/D,VIII,Dentro,Urbana,Otra Señal,S/D,Intersección,S/D,S/D,Diurna,S/D,Múltiple,S/D,Colisión,S/D,S/D,Cordón divisorio,Sin restricción
2021,8975,2021-12-25,Sabado,09:00:00,Ruta Nacional 34,0.0,2,"Automóvil,Automóvil",RUTA 34S ,8,2,0,0,6,0,0,"-32.860619, -60.794435",Ruta,34,IBARLUCEA,Constitución,"Tierra,Ripio",No existe,II,Dentro,Urbana,Otra Señal,No existe,Intersección,Bueno,Buena,Diurna,Buen Tiempo,Múltiple,S/D,Colisión,Ninguna,"Horizontal,Vertical",Cordón divisorio,Sin restricción
2021,8976,2021-12-07,Martes,17:15:00,,0.0,2,"Moto/Ciclomotor,Peatón",CISNEROS 6000,2,1,0,0,1,0,0,"-32.978662453132,-60.703163177522",Calle,,ROSARIO,Constitución,Asfalto,No existe,II,Dentro,Urbana,Otra Señal,No existe,Intersección,Bueno,Buena,Diurna,Buen Tiempo,Múltiple,Peatón,Colisión,Ninguna,Faltante,Cordón divisorio,Sin restricción
2021,8977,2021-11-08,Lunes,08:40:00,,0.0,2,"Moto/Ciclomotor,Pickup/Utilitario",Calle 31-Newbery ,2,1,0,0,1,0,0,"-29.15193, -59.65583",Calle,,RECONQUISTA,Constitución,Asfalto,No existe,IX,Dentro,Urbana,Otra Señal,No existe,Intersección,Bueno,Buena,Diurna,Buen Tiempo,Múltiple,S/D,Colisión,Ninguna,Vertical,Cordón divisorio,Sin restricción
2021,8980,2021-11-03,Miercoles,19:50:00,,0.0,2,"Moto/Ciclomotor,Bicicleta",Calle 27-Gdor Freyre ,2,2,0,0,0,0,0,"-29.1504, -59.64958",Calle,,RECONQUISTA,Constitución,Asfalto,Pavimento,IX,Dentro,Urbana,Otra Señal,No existe,Intersección,Bueno,Buena,Nocturna,Buen Tiempo,Múltiple,Ciclista,Colisión,Ninguna,Vertical,Cordón divisorio,Sin restricción
2021,8982,2021-11-03,Miercoles,11:25:00,,0.0,2,"Moto/Ciclomotor,Automóvil",Calle 10-Ludueña Y Calle 17-Bartolome Mitre,2,1,0,0,1,0,0,"-29.14591, -59.64138",Calle,,RECONQUISTA,Constitución,Asfalto,No existe,IX,Dentro,Urbana,Otra Señal,No existe,Intersección,Bueno,Buena,Diurna,Buen Tiempo,Múltiple,S/D,Colisión,Ninguna,"Horizontal,Vertical",Cordón divisorio,Sin restricción
2021,8983,2021-12-21,Martes,16:15:00,Ruta Nacional 33,0.0,2,"Moto/Ciclomotor,Taxi/Remis",Av. Pte. Perón Y Calle 1712,2,1,0,0,1,0,0,"-32.971965001264,-60.719527581866",Ruta,33,ROSARIO,Constitución,Asfalto,Pavimento,II,Dentro,Urbana,Otra Señal,No existe,Intersección,Bueno,Buena,Diurna,Buen Tiempo,Múltiple,S/D,Colisión,Ninguna,Faltante,Cordón divisorio,Sin restricción
2021,8984,2021-12-09,Jueves,10:25:00,Ruta Nacional 33,766.0,2,"Transporte de Pasajeros Urbano (> 8 asientos),Camión c / Acoplado", ,15,13,0,0,2,0,0,"-33.013815, -60.816150",Ruta,33,ZAVALLA,Constitución,Asfalto,Natural,II,Dentro,Rural,Otra Señal,No existe,Intersección,Deteriorada,Buena,Diurna,Buen Tiempo,Múltiple,S/D,Colisión,Ninguna,Horizontal,Cordón divisorio,Sin restricción
2021,8985,2021-11-04,Jueves,,,0.0,2,"Automóvil,Peatón", ,2,1,0,0,1,0,0,"-32.95643, -60.69418",Calle,,ROSARIO,Constitución,S/D,S/D,II,S/D,Urbana,Otra Señal,S/D,Intersección,S/D,S/D,S/D,S/D,Múltiple,Peatón,Colisión,S/D,S/D,Cordón divisorio,Sin restricción
2021,8986,2021-11-08,Lunes,09:50:00,Autopista Nacional A008,0.0,4,"Camión,Otros,Automóvil,Pickup/Utilitario",Av. Circunvalación ,5,5,0,0,0,0,0,"-32.94676, -60.72197",Autopista,A008,ROSARIO,Constitución,S/D,S/D,II,Dentro,Urbana,Otra Señal,S/D,Intersección,S/D,S/D,S/D,S/D,Múltiple,S/D,Colisión,S/D,S/D,Cordón divisorio,Sin restricción
2021,8987,2021-11-11,Jueves,19:55:00,,0.0,2,"Peatón,Automóvil",Av. Blas Parera Y Florencio Fernández,2,1,0,0,0,0,1,"-31.57618, -60.72827",Calle,,SANTA FE,Constitución,S/D,S/D,I,Dentro,Urbana,Otra Señal,S/D,Intersección,S/D,S/D,S/D,S/D,Múltiple,Peatón,Colisión,S/D,S/D,Cordón divisorio,Sin restricción
2021,8988,2021-11-12,Viernes,14:10:00,,0.0,2,"Automóvil,Automóvil", ,2,2,0,0,0,0,0,"-32.95846, -60.69045",Calle,,ROSARIO,Constitución,S/D,S/D,II,Dentro,Urbana,Otra Señal,S/D,Intersección,S/D,S/D,S/D,S/D,Múltiple,S/D,Colisión,S/D,S/D,Cordón divisorio,Sin restricción
2021,8991,2021-07-17,Sabado,21:20:00,Ruta Provincial 30,0.0,1,Moto/Ciclomotor,25 DE MAYO ,1,1,0,0,0,0,0,"-28.245470168165,-59.459001377754",Ruta,30,VILLA GUILLERMINA,Constitución,Asfalto,Natural,IX,Dentro,Urbana,Otra Señal,No existe,Intersección,Bueno,Reducida,Nocturna,Buen Tiempo,Múltiple,S/D,Colisión,Ninguna,Horizontal,Cordón divisorio,Sin restricción
2021,8993,2021-11-27,Sabado,07:30:00,,0.0,2,"Moto/Ciclomotor,Moto/Ciclomotor",Calle 21-Gdor. Iriondo Y Calle 2-Constituyentes,2,2,0,0,0,0,0,"-29.1485, -59.63666",Calle,,RECONQUISTA,Constitución,Asfalto,S/D,IX,Dentro,Urbana,Otra Señal,S/D,Intersección,S/D,S/D,Diurna,S/D,Múltiple,S/D,Colisión,S/D,S/D,Cordón divisorio,Sin restricción
2021,8994,2021-10-22,Viernes,12:05:00,,0.0,2,"Automóvil,Moto/Ciclomotor",Calle 26 - Bolívar Y Calle 29-Alte Brown,2,1,0,0,1,0,0,"-29.15121609019,-59.652080990156",Calle,,RECONQUISTA,Constitución,Asfalto,No existe,IX,Dentro,Urbana,Otra Señal,No existe,Intersección,Bueno,Buena,Diurna,Buen Tiempo,Múltiple,S/D,Colisión,Ninguna,Faltante,Cordón divisorio,Sin restricción
2021,8995,2021-11-27,Sabado,12:15:00,,0.0,1,Moto/Ciclomotor,Belgrano Y Fray Luis Beltrán,1,1,0,0,0,0,0,"-28.48727, -59.35548",Calle,,VILLA OCAMPO,Constitución,S/D,S/D,IX,Dentro,Urbana,Otra Señal,S/D,Intersección,S/D,S/D,Diurna,S/D,Múltiple,S/D,Colisión,S/D,S/D,Cordón divisorio,Sin restricción
2021,8996,2021-12-17,Viernes,22:40:00,Ruta Provincial 21,0.0,2,"Moto/Ciclomotor,Automóvil",Av. Gral. San Martin Y J F Kennedy,2,1,0,0,0,0,1,"-33.030532, -60.619669",Ruta,21,VILLA GOBERNADOR GÁLVEZ,Constitución,Asfalto,No existe,II,Dentro,Urbana,Otra Señal,No existe,Intersección,Bueno,Buena,"Nocturna,Con luz artificial",Buen Tiempo,Múltiple,S/D,Colisión,Ninguna,Horizontal,Cordón divisorio,Sin restricción
2021,8997,2021-12-19,Domingo,07:20:00,Ruta Provincial 21,0.0,2,"Automóvil,Pickup/Utilitario",Av. Gral. San Martin Y Eva Perón,4,1,0,0,3,0,0,"-33.026825, -60.622916",Ruta,21,VILLA GOBERNADOR GÁLVEZ,Constitución,Asfalto,No existe,II,Dentro,Urbana,Otra Señal,Funciona,Intersección,Bueno,Buena,Diurna,Buen Tiempo,Múltiple,S/D,Colisión,Ninguna,"Horizontal,Vertical",Cordón divisorio,Sin restricción
2021,8998,2021-09-14,Martes,18:45:00,,0.0,2,"Automóvil,Moto/Ciclomotor",CORAZÓN RODRÍGUEZ Y OSVALDO BINAGHI,2,1,0,0,1,0,0,"-28.381485, -59.262523",Calle,,SAN ANTONIO DE OBLIGADO,Constitución,Tierra,No existe,IX,Dentro,Urbana,Otra Señal,No existe,Intersección,Bueno,Buena,Diurna,Buen Tiempo,Múltiple,S/D,Colisión,Ninguna,Faltante,Cordón divisorio,Sin restricción
2021,9000,2021-09-12,Domingo,11:15:00,,0.0,2,"Moto/Ciclomotor,Moto/Ciclomotor",Av. Menchaca Y Rosario,2,2,0,0,0,0,0,"-28.244011920145,-59.450826703899",Avenida,,VILLA GUILLERMINA,Constitución,Asfalto,No existe,IX,Dentro,Urbana,Otra Señal,No existe,Intersección,S/D,Buena,Diurna,Buen Tiempo,Múltiple,S/D,Colisión,S/D,Faltante,Cordón divisorio,Sin restricción
2021,9001,2021-11-02,Martes,10:20:00,,0.0,2,"Automóvil,Tren",Córdoba ,2,1,0,0,0,0,1,"-32.7156, -60.74289",Calle,,PUERTO SAN MARTÍN,Constitución,S/D,S/D,XVII,Dentro,Urbana,Otra Señal,S/D,Intersección,S/D,S/D,S/D,S/D,Múltiple,S/D,Colisión,S/D,S/D,Cordón divisorio,Sin restricción
2021,9002,2021-09-24,Viernes,20:25:00,,0.0,1,Moto/Ciclomotor,AV. COLOMBRES Y VIRGEN DEL LUJAN,1,1,0,0,0,0,0,"-28.248064494983,-59.455635868005",Avenida,,VILLA GUILLERMINA,Constitución,Asfalto,Pavimento,IX,Dentro,Urbana,Otra Señal,No existe,Intersección,Bueno,Buena,"Nocturna,Con luz artificial",Buen Tiempo,Múltiple,S/D,Colisión,Ninguna,Faltante,Cordón divisorio,Sin restricción
2021,9003,2021-10-11,Lunes,06:05:00,Autopista Nacional A009,1.0,2,"Bicicleta,Moto/Ciclomotor", ,2,2,0,0,0,0,0,"-29.20514295588954, -59.63014072789",Autopista,A009,RECONQUISTA,Constitución,Asfalto,Natural,IX,Dentro,Urbana,Otra Señal,No existe,Intersección,Bueno,Reducida,Amanecer,Buen Tiempo,Múltiple,Ciclista,Colisión,Ninguna,Horizontal,Cordón divisorio,Sin restricción
2021,9004,2021-11-27,Sabado,,,0.0,1,Moto/Ciclomotor,San Juan 1700,1,1,0,0,0,0,0,"-32.75145, -60.74583",Calle,,SAN LORENZO,Constitución,Asfalto,S/D,XVII,Dentro,Urbana,Otra Señal,S/D,Intersección,S/D,S/D,S/D,S/D,Múltiple,S/D,Colisión,S/D,S/D,Cordón divisorio,Sin restricción
2021,9005,2021-11-27,Sabado,00:30:00,,0.0,1,Automóvil,Republica de Chile ,1,1,0,0,0,0,0,"-32.76987, -60.74109",Calle,,SAN LORENZO,Constitución,S/D,S/D,XVII,Dentro,Urbana,Otra Señal,S/D,Intersección,S/D,S/D,Nocturna,S/D,Múltiple,S/D,Colisión,S/D,S/D,Cordón divisorio,Sin restricción
2021,9006,2021-11-28,Domingo,,,0.0,2,"Moto/Ciclomotor,Automóvil",27 de setiembre Y Perú,3,2,0,0,1,0,0,"-31.23788, -61.50237",Calle,,RAFAELA,Constitución,S/D,S/D,V,Dentro,Urbana,Otra Señal,S/D,Intersección,S/D,S/D,S/D,S/D,Múltiple,S/D,Colisión,S/D,S/D,Cordón divisorio,Sin restricción
2021,9007,2021-10-29,Viernes,13:20:00,,0.0,2,"Camión Chasis,Moto/Ciclomotor",Calle 6-Ituzaingo 874,2,1,0,0,1,0,0,"-29.146881997548,-59.639009683584",Calle,,RECONQUISTA,Constitución,Asfalto,No existe,IX,Dentro,Urbana,Otra Señal,No existe,Intersección,Bueno,Buena,Diurna,Buen Tiempo,Múltiple,S/D,Colisión,Ninguna,Faltante,Cordón divisorio,Sin restricción
2021,9008,2021-12-22,Miercoles,18:00:00,,0.0,2,"Automóvil,Automóvil",Bv San Martin Y Rivadavia,3,1,0,0,2,0,0,"-33.128377972595,-60.79999896261",Avenida,,ÁLVAREZ,Constitución,Asfalto,No existe,II,Dentro,Urbana,Otra Señal,No existe,Intersección,Bueno,Buena,Diurna,Buen Tiempo,Múltiple,S/D,Colisión,Ninguna,Faltante,Cordón divisorio,Sin restricción
2021,9009,2021-10-26,Martes,18:20:00,Ruta Nacional 11,0.0,2,"Moto/Ciclomotor,Automóvil",Calle 21-Gdor. Iriondo ,2,1,0,0,1,0,0,"-29.149600286517,-59.656999115748",Ruta,11,RECONQUISTA,Constitución,Asfalto,Pavimento,IX,Dentro,Urbana,Otra Señal,No existe,Intersección,Bueno,Buena,Diurna,Buen Tiempo,Múltiple,S/D,Colisión,Ninguna,Horizontal,Cordón divisorio,Sin restricción
2021,9010,2021-10-24,Domingo,03:40:00,Ruta Nacional 11,0.0,1,Moto/Ciclomotor, ,1,1,0,0,0,0,0,"-28.37009, -59.26403",Ruta,11,SAN ANTONIO DE OBLIGADO,Constitución,Hormigón,Natural,IX,Dentro,Urbana,Otra Señal,No existe,Intersección,Bueno,Buena,"Nocturna,Con luz artificial",Buen Tiempo,Múltiple,S/D,Colisión,Ninguna,Horizontal,Cordón divisorio,Sin restricción
2021,9011,2021-10-24,Domingo,18:15:00,,0.0,2,"Moto/Ciclomotor,Otros",Calle 19-Habegger Y Calle 24 - Olessio,2,1,0,0,1,0,0,"-29.145960086709,-59.650099781093",Calle,,RECONQUISTA,Constitución,Asfalto,No existe,IX,Dentro,Urbana,Otra Señal,Funciona,Intersección,Bueno,Buena,Diurna,Buen Tiempo,Múltiple,S/D,Colisión,Ninguna,"Horizontal,Vertical",Cordón divisorio,Sin restricción
2021,9012,2021-10-17,Domingo,,,0.0,2,"Moto/Ciclomotor,Pickup/Utilitario",FRAY E CONSTANZI Y PTE. PERÓN,4,3,0,0,1,0,0,"-28.379251956939665,-59.26250696182",Calle,,SAN ANTONIO DE OBLIGADO,Constitución,Asfalto,No existe,IX,Dentro,Urbana,Otra Señal,No existe,Intersección,Bueno,Buena,"Nocturna,Con luz artificial",Buen Tiempo,Múltiple,S/D,Colisión,Ninguna,Vertical,Cordón divisorio,Sin restricción
2021,9014,2021-11-28,Domingo,,,0.0,2,"Automóvil,Bicicleta",Calle 11-Alvear Y Calle 2-Constituyentes,3,1,0,0,2,0,0,"-29.14313, -59.63592",Calle,,RECONQUISTA,Constitución,Asfalto,S/D,IX,Dentro,Urbana,Otra Señal,S/D,Intersección,S/D,S/D,S/D,S/D,Múltiple,Ciclista,Colisión,S/D,S/D,Cordón divisorio,Sin restricción
2021,9015,2021-10-22,Viernes,16:25:00,,0.0,2,"Automóvil,Moto/Ciclomotor",Calle 28 - San Lorenzo Y Calle 29-Alte Brown,2,1,0,0,1,0,0,"-29.151074921799,-59.653309653537",Calle,,RECONQUISTA,Constitución,Asfalto,No existe,IX,Dentro,Urbana,Otra Señal,No existe,Intersección,Bueno,Buena,Diurna,Buen Tiempo,Múltiple,S/D,Colisión,Ninguna,Faltante,Cordón divisorio,Sin restricción
2021,9016,2021-12-29,Miercoles,19:55:00,,0.0,2,"Moto/Ciclomotor,Automóvil",Calle 16 Gral. Obligado Y Calle 17-Bartolome Mitre,2,1,0,0,1,0,0,"-29.145414477887,-59.645040130844",Calle,,RECONQUISTA,Constitución,Asfalto,No existe,IX,Dentro,Urbana,Otra Señal,No existe,Intersección,Bueno,Buena,Nocturna,Buen Tiempo,Múltiple,S/D,Colisión,Ninguna,Horizontal,Cordón divisorio,Sin restricción
2021,9017,2021-10-22,Viernes,14:10:00,Ruta Nacional 11,0.0,1,Moto/Ciclomotor,Calle 11-Alvear Y Calle 34,1,1,0,0,0,0,0,"-29.140994264486,-59.655645478088",Ruta,11,RECONQUISTA,Constitución,Asfalto,No existe,IX,Dentro,Urbana,Otra Señal,No existe,Intersección,Bueno,Buena,Diurna,S/D,Múltiple,S/D,Colisión,Ninguna,Horizontal,Cordón divisorio,Sin restricción
2021,9019,2021-10-22,Viernes,10:40:00,,0.0,2,"Automóvil,Moto/Ciclomotor",Calle 25-Rivadavia 843,2,1,0,0,1,0,0,"-29.149535214997,-59.647395308199",Calle,,RECONQUISTA,Constitución,Asfalto,No existe,IX,Dentro,Urbana,Otra Señal,No existe,Intersección,Bueno,Buena,Diurna,Buen Tiempo,Múltiple,S/D,Colisión,Ninguna,Faltante,Cordón divisorio,Sin restricción
2021,9020,2021-10-01,Viernes,11:10:00,,0.0,1,Moto/Ciclomotor,Calle 18 - Gral. Belgrano Y Calle 9-Mariano Moreno,1,1,0,0,0,0,0,"-29.140972832742,-59.645692551287",Calle,,RECONQUISTA,Constitución,Asfalto,No existe,IX,Dentro,Urbana,Otra Señal,No existe,Intersección,Bueno,Buena,Diurna,Buen Tiempo,Múltiple,S/D,Colisión,Ninguna,Faltante,Cordón divisorio,Sin restricción
2021,9021,2021-10-03,Domingo,03:45:00,Ruta Nacional 11,0.0,1,Moto/Ciclomotor,Calle 4-Fray Antonio Rossi Y Ruta Nacional 11,1,1,0,0,0,0,0,"-28.375026878984606, -59.2671696092",Ruta,11,RECONQUISTA,Constitución,Hormigón,Pavimento,IX,Dentro,Urbana,Otra Señal,No existe,Intersección,Resbaladiza,Buena,"Nocturna,Con luz artificial",Lluvia,Múltiple,S/D,Colisión,Agua,Faltante,Cordón divisorio,Sin restricción
2021,9022,2021-12-16,Jueves,,,0.0,2,"Moto/Ciclomotor,Automóvil",MARTIN FIERRO Y Oroño ,3,2,0,0,0,0,1,"-33.066848548767,-60.568774055815",Calle,,PUEBLO ESTHER,Constitución,Asfalto,No existe,II,Dentro,Urbana,Otra Señal,No existe,Intersección,Bueno,Buena,Diurna,Buen Tiempo,Múltiple,S/D,Colisión,Ninguna,Faltante,Cordón divisorio,Sin restricción
2021,9023,2021-11-29,Lunes,,Ruta Nacional 33,0.0,1,Automóvil, ,1,1,0,0,0,0,0,"-32.99863, -60.77082",Ruta,33,PEREZ,Constitución,S/D,S/D,II,Fuera,Rural,Otra Señal,S/D,Intersección,S/D,S/D,Nocturna,S/D,Múltiple,S/D,Colisión,S/D,S/D,Cordón divisorio,Sin restricción
2021,9024,2021-12-21,Martes,13:10:00,Autopista Nacional Rosario -Cordoba,305.0,1,Automóvil, ,2,2,0,0,0,0,0,"-32.933779, -60.852052",Autopista,Rosario -Cordoba,FUNES,Constitución,Asfalto,Ripio,II,Dentro,Rural,Otra Señal,No existe,Intersección,Bueno,Buena,Diurna,Buen Tiempo,Múltiple,S/D,Colisión,Ninguna,Horizontal,Cordón divisorio,Sin restricción
2021,9025,2021-11-03,Miercoles,07:00:00,Ruta Nacional 33,0.0,2,"Moto/Ciclomotor,Automóvil",Boulevard Ovidio Lagos ,3,2,0,0,1,0,0,"-33.05915, -61.168",Ruta,33,CASILDA,Constitución,S/D,S/D,IV,Dentro,Urbana,Otra Señal,S/D,Intersección,S/D,S/D,S/D,S/D,Múltiple,S/D,Colisión,S/D,S/D,Cordón divisorio,Sin restricción
2021,9026,2021-12-14,Martes,18:00:00,,0.0,2,"Bicicleta,Automóvil",Calle 9-Mariano Moreno Y Calle 20 9 de Julio,2,1,0,0,1,0,0,"-29.140854249671,-59.646910747036",Calle,,RECONQUISTA,Constitución,Asfalto,No existe,IX,Dentro,Urbana,Otra Señal,No existe,Intersección,Bueno,Buena,Diurna,Buen Tiempo,Múltiple,Ciclista,Colisión,Ninguna,Faltante,Cordón divisorio,Sin restricción
2021,9027,2021-12-14,Martes,12:55:00,,0.0,2,"Moto/Ciclomotor,Automóvil",Calle 16 Gral. Obligado Y Calle 9-Mariano Moreno,2,1,0,0,1,0,0,"-29.141118416172,-59.644453706441",Calle,,RECONQUISTA,Constitución,Asfalto,No existe,IX,Dentro,Urbana,Otra Señal,No existe,Intersección,Bueno,Buena,Diurna,Buen Tiempo,Múltiple,S/D,Colisión,Ninguna,"Horizontal,Vertical",Cordón divisorio,Sin restricción
2021,9028,2021-11-03,Miercoles,18:35:00,,0.0,2,"Moto/Ciclomotor,Moto/Ciclomotor",Nazareno C Rossi Y Sgo de Liniers,2,2,0,0,0,0,0,"-32.02039, -61.22026",Calle,,GÁLVEZ,Constitución,S/D,S/D,XV,Dentro,Urbana,Otra Señal,S/D,Intersección,S/D,S/D,S/D,S/D,Múltiple,S/D,Colisión,S/D,S/D,Cordón divisorio,Sin restricción
2021,9029,2021-12-15,Miercoles,10:00:00,,0.0,1,Moto/Ciclomotor,Calle 19-Habegger 870,1,1,0,0,0,0,0,"-29.146248185116,-59.647295454586",Calle,,RECONQUISTA,Constitución,Asfalto,No existe,IX,Dentro,Urbana,Otra Señal,No existe,Intersección,Bueno,Buena,Diurna,Buen Tiempo,Múltiple,S/D,Colisión,Ninguna,Faltante,Cordón divisorio,Sin restricción
2021,9030,2021-12-13,Lunes,10:15:00,,0.0,2,"Bicicleta,Automóvil",Calle 27-Gdor Freyre Y Calle 30-Lucas Funes,2,1,0,0,1,0,0,"-29.149868762826,-59.65439285157",Calle,,RECONQUISTA,Constitución,Asfalto,No existe,IX,Dentro,Urbana,Otra Señal,No existe,Intersección,Bueno,Buena,Diurna,S/D,Múltiple,S/D,Colisión,Ninguna,Faltante,Cordón divisorio,Sin restricción
2021,9032,2021-11-03,Miercoles,,,0.0,1,Automóvil, ,1,1,0,0,0,0,0,"-31.44683, -60.93181",Calle,,ESPERANZA,Constitución,S/D,S/D,XI,Dentro,Urbana,Otra Señal,S/D,Intersección,S/D,S/D,S/D,S/D,Múltiple,S/D,Colisión,S/D,S/D,Cordón divisorio,Sin restricción
2021,9033,2021-12-17,Viernes,12:00:00,,0.0,2,"Automóvil,Moto/Ciclomotor",Calle 19-Habegger Y Calle 30-Lucas Funes,3,2,0,0,1,0,0,"-29.145563653027,-59.653780351929",Calle,,RECONQUISTA,Constitución,Asfalto,No existe,IX,Dentro,Urbana,Otra Señal,No existe,Intersección,Bueno,Buena,Diurna,Buen Tiempo,Múltiple,S/D,Colisión,Ninguna,Faltante,Cordón divisorio,Sin restricción
2021,9034,2021-12-09,Jueves,11:05:00,,0.0,2,"Bicicleta,Automóvil",Calle 23-Gral López Y Calle 28 - San Lorenzo,2,1,0,0,1,0,0,"-29.147848335879,-59.652847726241",Calle,,RECONQUISTA,Constitución,Asfalto,No existe,IX,Dentro,Urbana,Otra Señal,No existe,Intersección,Bueno,Buena,Diurna,Buen Tiempo,Múltiple,Ciclista,Colisión,Ninguna,Faltante,Cordón divisorio,Sin restricción
2021,9035,2021-11-03,Miercoles,,,0.0,2,"Pickup/Utilitario,Vehículo Oficial",Hipólito Yrigoyen Y Rivadavia,2,1,0,0,0,0,1,"-31.64268, -60.70314",Calle,,SANTA FE,Constitución,S/D,S/D,I,Dentro,Urbana,Otra Señal,S/D,Intersección,S/D,S/D,S/D,S/D,Múltiple,S/D,Colisión,S/D,S/D,Cordón divisorio,Sin restricción
2021,9037,2021-12-29,Miercoles,12:15:00,,0.0,2,"Moto/Ciclomotor,Peatón",Calle 30-Lucas Funes 1630,2,1,0,0,1,0,0,"-29.153462258362,-59.654861862453",Calle,,RECONQUISTA,Constitución,Asfalto,No existe,IX,Dentro,Urbana,Otra Señal,No existe,Intersección,Con baches,Buena,Diurna,Buen Tiempo,Múltiple,Peatón,Colisión,Ninguna,Faltante,Cordón divisorio,Sin restricción
2021,9038,2021-12-08,Miercoles,19:40:00,,0.0,2,"Moto/Ciclomotor,Automóvil",Calle 12 San Martin Y Calle 19-Habegger,2,1,0,0,1,0,0,"-29.146734619737,-59.642743758966",Calle,,RECONQUISTA,Constitución,Asfalto,No existe,IX,Dentro,Urbana,Otra Señal,No existe,Intersección,Bueno,S/D,Diurna,Buen Tiempo,Múltiple,S/D,Colisión,Ninguna,Horizontal,Cordón divisorio,Sin restricción
2021,9039,2021-11-29,Lunes,12:30:00,Ruta Nacional 9,0.0,1,Vehículo Oficial,San Sebastián Y Ruta Nacional 9,2,2,0,0,0,0,0,"-32.9128, -60.86782",Ruta,9,FUNES,Constitución,S/D,S/D,II,Dentro,Urbana,Otra Señal,Funciona,Intersección,S/D,S/D,Diurna,S/D,Múltiple,S/D,Colisión,S/D,S/D,Cordón divisorio,Sin restricción
2021,9041,2021-11-29,Lunes,,Ruta Nacional 34,276.0,2,"Automóvil,Camión", ,3,2,0,0,1,0,0,"-30.84417, -61.58274",Ruta,34,TACURAL,Constitución,Asfalto,S/D,V,Dentro,Rural,Otra Señal,S/D,Intersección,S/D,S/D,S/D,S/D,Múltiple,S/D,Colisión,S/D,S/D,Cordón divisorio,Sin restricción
2021,9042,2021-12-06,Lunes,18:00:00,,0.0,2,"Bicicleta,Automóvil",Calle 33-Pueyrredon Y Calle 36 Entre Ríos,2,1,0,0,1,0,0,"-29.152703710995,-59.658700074075",Calle,,RECONQUISTA,Constitución,Asfalto,No existe,IX,Dentro,Urbana,Otra Señal,Funciona,Intersección,Bueno,Buena,Diurna,Buen Tiempo,Múltiple,Ciclista,Colisión,Ninguna,Vertical,Cordón divisorio,Sin restricción
2021,9043,2021-12-28,Martes,22:15:00,Ruta Nacional 11,0.0,2,"Automóvil,Moto/Ciclomotor",Calle 9-Mariano Moreno Y Ruta Nacional 11,2,1,0,0,1,0,0,"-29.139933, -59.655512",Ruta,11,RECONQUISTA,Constitución,Asfalto,No existe,IX,Dentro,Urbana,Otra Señal,Funciona,Intersección,Bueno,Buena,Nocturna,Otro,Múltiple,S/D,Colisión,Ninguna,"Horizontal,Vertical",Cordón divisorio,Sin restricción
2021,9044,2021-11-15,Lunes,11:30:00,,0.0,1,Automóvil, ,2,2,0,0,0,0,0,"-32.16757, -61.1583",Calle,,BERNARDO DE IRIGOYEN,Constitución,S/D,S/D,XV,Dentro,Urbana,Otra Señal,S/D,Intersección,S/D,S/D,S/D,S/D,Múltiple,S/D,Colisión,S/D,S/D,Cordón divisorio,Sin restricción
2021,9045,2021-11-30,Martes,09:15:00,,0.0,2,"Automóvil,Moto/Ciclomotor",Calle 16 Gral. Obligado Y Calle 25-Rivadavia,2,1,0,0,1,0,0,"-29.14972, -59.64561",Calle,,RECONQUISTA,Constitución,Asfalto,S/D,IX,Dentro,Urbana,Otra Señal,S/D,Intersección,S/D,S/D,Diurna,S/D,Múltiple,S/D,Colisión,S/D,S/D,Cordón divisorio,Sin restricción