anio_acci,nro_acci,fecha,desc_dia,hora_aprox,desc_ruta,km,cant_participantes,desc_participante,calle_avenida_km,total,heridos_leves,heridos_graves,heridos_gravisimos,ilesos,fallecidos,sin_datos,posicion_XY,desc_tipo_via,desc_ruta_ori,desc_loc,desc_dpto,desc_tipo_calzada,desc_tipo_banquina,desc_unidad_regional,desc_lugar_calzada,desc_zona,desc_prioridad,desc_estado_semaforo,desc_lugar_via,desc_estado_via,desc_estado_visibilidad,desc_luminosidad,desc_estado_clima,desc_tipo_colision,desc_tipo_atropello,desc_tipo_hecho,desc_pres_calzada,desc_senializacion,desc_separacion_via,desc_restriccion
2021,9277,2021-12-16,Jueves,14:00:00,,0.0,2,"Pickup/Utilitario,Moto/Ciclomotor",Bv Sarmiento 350,4,3,0,0,1,0,0,"-32.902412311665,-60.902974995302",Calle,,ROLDÁN,Constitución,Asfalto,No existe,XVII,Dentro,Urbana,Otra Señal,No existe,Intersección,S/D,S/D,Diurna,S/D,Múltiple,S/D,Colisión,S/D,Faltante,Cordón divisorio,Sin restricción
2021,9279,2021-12-16,Jueves,19:55:00,Ruta Provincial 10,1.0,2,"Ambulancia,Automóvil", ,8,3,0,0,5,0,0,"-32.721984, -60.762367",Ruta,10,SAN LORENZO,Constitución,Asfalto,Ripio,XVII,Dentro,Urbana,Otra Señal,No existe,Intersección,S/D,S/D,Nocturna,S/D,Múltiple,S/D,Colisión,S/D,Faltante,Cordón divisorio,Sin restricción
2021,9280,2021-11-02,Martes,18:00:00,,0.0,2,"Moto/Ciclomotor,Otros",Florentino Ameghino Y Ciudad de Esperanza,2,1,0,0,1,0,0,"-31.24674, -61.48457",Calle,,RAFAELA,Constitución,S/D,S/D,V,Dentro,Urbana,Otra Señal,S/D,Intersección,S/D,S/D,S/D,S/D,Múltiple,S/D,Colisión,S/D,S/D,Cordón divisorio,Sin restricción
2021,9282,2021-02-20,Sabado,12:40:00,,0.0,2,"Pickup/Utilitario,Moto/Ciclomotor",Dr. Lisandro de la Torre Y Madrid,2,1,0,0,1,0,0,"-33.31674398421,-62.040746252273",Calle,,CHAÑAR LADEADO,Constitución,Ripio,No existe,IV,Dentro,Urbana,Otra Señal,No existe,Intersección,Bueno,Buena,Diurna,Buen Tiempo,Múltiple,S/D,Colisión,Ninguna,Faltante,Cordón divisorio,Sin restricción
2021,9283,2021-02-28,Domingo,01:45:00,,0.0,2,"Moto/Ciclomotor,Automóvil",Castellanos Y Laprida,3,1,0,0,2,0,0,"-33.111442067041,-61.706905010836",Calle,,SAN JOSÉ DE LA ESQUINA,Constitución,Asfalto,No existe,IV,Dentro,Urbana,Otra Señal,No existe,Intersección,Bueno,Buena,Nocturna,Buen Tiempo,Múltiple,S/D,Colisión,Ninguna,Faltante,Cordón divisorio,Sin restricción
2021,9284,2021-04-05,Lunes,10:55:00,Ruta Secundaria 31-s,0.0,2,"Pickup/Utilitario,Bicicleta",Avenida Carlos Pellegrini Y Mitre,2,1,0,0,1,0,0,"-33.11629395318,-61.707100644667",Ruta,31-s,SAN JOSÉ DE LA ESQUINA,Constitución,Asfalto,No existe,IV,Dentro,Urbana,Otra Señal,No existe,Intersección,Bueno,S/D,Diurna,Buen Tiempo,Múltiple,Ciclista,Colisión,Ninguna,Vertical,Cordón divisorio,Sin restricción
2021,9285,2021-04-24,Sabado,11:15:00,,0.0,2,"Automóvil,Moto/Ciclomotor",Oroño Y Rivadavia,2,1,0,0,1,0,0,"-33.119448964608,-61.705801136138",Avenida,,SAN JOSÉ DE LA ESQUINA,Constitución,Asfalto,No existe,IV,Dentro,Urbana,Otra Señal,No existe,Intersección,Bueno,Buena,Diurna,Buen Tiempo,Múltiple,S/D,Colisión,Ninguna,Faltante,Cordón divisorio,Sin restricción
2021,9287,2021-12-14,Martes,22:35:00,,0.0,1,Moto/Ciclomotor,Chaco Y Francia,1,1,0,0,0,0,0,"-33.084556165943,-61.788462438424",Calle,,ARTEAGA,Constitución,Asfalto,No existe,IV,Dentro,Urbana,Otra Señal,No existe,Intersección,Bueno,Buena,"Nocturna,Con luz artificial",Buen Tiempo,Múltiple,S/D,Colisión,Ninguna,Faltante,Cordón divisorio,Sin restricción
2021,9288,2021-11-02,Martes,13:00:00,Ruta Nacional 11,0.0,2,"Moto/Ciclomotor,Automóvil", ,3,1,0,0,2,0,0,"-29.14224, -59.64457",Ruta,11,RECONQUISTA,Constitución,S/D,S/D,IX,Dentro,Urbana,Otra Señal,S/D,Intersección,S/D,S/D,S/D,S/D,Múltiple,S/D,Colisión,S/D,S/D,Cordón divisorio,Sin restricción
2021,9289,2021-12-15,Miercoles,00:00:00,,0.0,2,"Moto/Ciclomotor,Peatón",Bv. Balcarce Y Sarmiento,3,3,0,0,0,0,0,"-32.822005645673,-61.392311992079",Avenida,,CAÑADA DE GÓMEZ,Constitución,Asfalto,No existe,X,Dentro,Urbana,Otra Señal,No existe,Intersección,S/D,S/D,Nocturna,S/D,Múltiple,Peatón,Colisión,S/D,Faltante,Cordón divisorio,Sin restricción
2021,9290,2021-12-05,Domingo,22:30:00,Ruta Provincial 15,0.0,2,"Automóvil,Camión c / Acoplado",Bv Corrientes Y Venezuela,5,5,0,0,0,0,0,"-33.084208866927,-61.791930346902",Ruta,15,ARTEAGA,Constitución,Asfalto,Pavimento,IV,Dentro,Urbana,Otra Señal,No existe,Intersección,Bueno,Reducida,Nocturna,Buen Tiempo,Múltiple,S/D,Colisión,Ninguna,Faltante,Cordón divisorio,Sin restricción
2021,9291,2021-11-02,Martes,20:05:00,Ruta Provincial 32,0.0,2,"Camión c / Acoplado,Automóvil", ,3,2,0,0,1,0,0,"-29.14224, -59.64457",Ruta,32,VILLA OCAMPO,Constitución,S/D,S/D,IX,Dentro,Urbana,Otra Señal,S/D,Intersección,S/D,S/D,S/D,S/D,Múltiple,S/D,Colisión,S/D,S/D,Cordón divisorio,Sin restricción
2021,9292,2021-06-24,Jueves,14:00:00,,0.0,2,"Moto/Ciclomotor,Pickup/Utilitario",Francia 300,2,1,0,0,1,0,0,"-33.083934393709,-61.787502140828",Calle,,ARTEAGA,Constitución,Asfalto,No existe,IV,Dentro,Urbana,Otra Señal,No existe,Intersección,Bueno,Buena,Diurna,Buen Tiempo,Múltiple,S/D,Colisión,Ninguna,Faltante,Cordón divisorio,Sin restricción
2021,9293,2021-01-25,Lunes,01:00:00,Ruta Nacional 178,0.0,1,Moto/Ciclomotor,Ruta Nac 178 ,1,1,0,0,0,0,0,"-33.36927, -61.17585",Ruta,178,BIGAND,Constitución,Asfalto,Ripio,IV,Dentro,Rural,Otra Señal,No existe,Intersección,Bueno,Buena,Nocturna,Buen Tiempo,Múltiple,S/D,Colisión,Ninguna,Faltante,Cordón divisorio,Sin restricción
2021,9294,2021-12-15,Miercoles,16:30:00,,0.0,2,"Automóvil,Moto/Ciclomotor",9 de Julio Y Storni,2,1,0,0,1,0,0,"-32.813193057441,-61.385768448067",Calle,,CAÑADA DE GÓMEZ,Constitución,Asfalto,No existe,X,Dentro,Urbana,Otra Señal,No existe,Intersección,S/D,S/D,Diurna,S/D,Múltiple,S/D,Colisión,S/D,Faltante,Cordón divisorio,Sin restricción
2021,9295,2021-01-28,Jueves,12:30:00,,0.0,2,"Moto/Ciclomotor,Automóvil",Carlos Casado Y Moreno,3,2,0,0,1,0,0,"-33.1406, -61.46928",Calle,,AREQUITO,Constitución,Asfalto,No existe,IV,Dentro,Urbana,Otra Señal,No existe,Intersección,Bueno,Buena,Diurna,Buen Tiempo,Múltiple,S/D,Colisión,Ninguna,Faltante,Cordón divisorio,Sin restricción
2021,9297,2021-01-27,Miercoles,14:10:00,,0.0,2,"Moto/Ciclomotor,Automóvil",Moreno ,2,1,0,0,1,0,0,"-33.13895, -61.46997",Calle,,AREQUITO,Constitución,Asfalto,No existe,IV,Dentro,Urbana,Otra Señal,No existe,Intersección,Bueno,Buena,Nocturna,Buen Tiempo,Múltiple,S/D,Colisión,Ninguna,Faltante,Cordón divisorio,Sin restricción
2021,9298,2021-12-15,Miercoles,07:40:00,,0.0,2,"Moto/Ciclomotor,Moto/Ciclomotor",Bernardino Rivadavia Y Santa Fe,2,2,0,0,0,0,0,"-33.748077381622,-61.953966866969",Calle,,VENADO TUERTO,Constitución,Asfalto,No existe,VII,Dentro,Urbana,Otra Señal,Funciona,Intersección,S/D,S/D,Diurna,S/D,Múltiple,S/D,Colisión,S/D,Vertical,Cordón divisorio,Sin restricción
2021,9299,2021-11-16,Martes,10:50:00,,0.0,1,Moto/Ciclomotor, ,1,1,0,0,0,0,0,"-32.95872, -60.69315",S/D,,ROSARIO,Constitución,S/D,S/D,II,S/D,S/D,Otra Señal,S/D,Intersección,S/D,S/D,S/D,S/D,Múltiple,S/D,Colisión,S/D,S/D,Cordón divisorio,Sin restricción
2021,9300,2021-11-16,Martes,21:00:00,,0.0,1,Moto/Ciclomotor,Aurora Y Constitución,1,1,0,0,0,0,0,"-32.99976, -60.68639",Calle,,ROSARIO,Constitución,Asfalto,S/D,II,Dentro,Urbana,Otra Señal,S/D,Intersección,S/D,S/D,Nocturna,S/D,Múltiple,S/D,Colisión,S/D,S/D,Cordón divisorio,Sin restricción
2021,9301,2021-11-18,Jueves,19:30:00,,0.0,1,Moto/Ciclomotor,Bv. Oroño Y Lamadrid,1,1,0,0,0,0,0,"-32.99764, -60.66537",Calle,,ROSARIO,Constitución,Asfalto,S/D,II,Dentro,Urbana,Otra Señal,S/D,Intersección,S/D,S/D,Atardecer,S/D,Múltiple,S/D,Colisión,S/D,S/D,Cordón divisorio,Sin restricción
2021,9302,2021-11-18,Jueves,09:30:00,,0.0,1,Moto/Ciclomotor,Pje. Sauce ,1,1,0,0,0,0,0,"-33.24055, -60.82288",Calle,,ROSARIO,Constitución,Asfalto,S/D,II,Dentro,Urbana,Otra Señal,S/D,Intersección,S/D,S/D,Diurna,S/D,Múltiple,S/D,Colisión,S/D,S/D,Cordón divisorio,Sin restricción
2021,9303,2021-12-15,Miercoles,11:20:00,,0.0,1,Bicicleta,Catamarca Y Chaco,1,1,0,0,0,0,0,"-33.738751104572,-61.951791727243",Calle,,VENADO TUERTO,Constitución,Asfalto,No existe,VIII,Dentro,Urbana,Otra Señal,No existe,Intersección,S/D,S/D,Diurna,S/D,Múltiple,S/D,Colisión,S/D,Faltante,Cordón divisorio,Sin restricción
2021,9304,2021-12-15,Miercoles,12:40:00,,0.0,2,"Automóvil,Moto/Ciclomotor",Av. Estrugamou Y Cristóbal Colon,2,1,0,0,1,0,0,"-33.74199008955,-61.971447754246",Avenida,,VENADO TUERTO,Constitución,Asfalto,No existe,VIII,Dentro,Urbana,Otra Señal,No existe,Intersección,S/D,S/D,Diurna,S/D,Múltiple,S/D,Colisión,S/D,Vertical,Cordón divisorio,Sin restricción
2021,9305,2021-12-15,Miercoles,20:35:00,Ruta Nacional 8,0.0,1,Pickup/Utilitario,José Aufranc Y Ruta Nac 8,2,2,0,0,0,0,0,"-33.73644948005677,-61.988508403301",Ruta,8,VENADO TUERTO,Constitución,Asfalto,Ripio,VIII,Dentro,Urbana,Otra Señal,No existe,Intersección,S/D,S/D,Nocturna,S/D,Múltiple,S/D,Colisión,S/D,Horizontal,Cordón divisorio,Sin restricción
2021,9306,2021-12-15,Miercoles,20:15:00,,0.0,2,"Automóvil,Moto/Ciclomotor",Juan Lavalle Y Vélez Sarsfield,3,2,0,0,1,0,0,"-33.738267509768,-61.977361158098",Calle,,VENADO TUERTO,Constitución,Asfalto,No existe,VIII,Dentro,Urbana,Otra Señal,No existe,Intersección,S/D,S/D,Nocturna,S/D,Múltiple,S/D,Colisión,S/D,Faltante,Cordón divisorio,Sin restricción
2021,9308,2021-11-18,Jueves,22:35:00,,0.0,1,Moto/Ciclomotor,Centeno Y Dorrego,1,1,0,0,0,0,0,"-32.98286, -60.65885",Calle,,ROSARIO,Constitución,Asfalto,S/D,II,Dentro,Urbana,Otra Señal,S/D,Intersección,S/D,S/D,Nocturna,S/D,Múltiple,S/D,Colisión,S/D,S/D,Cordón divisorio,Sin restricción
2021,9309,2021-11-18,Jueves,,,0.0,1,Moto/Ciclomotor, ,1,1,0,0,0,0,0,"-32.95889, -60.69279",S/D,,ROSARIO,Constitución,S/D,S/D,II,S/D,S/D,Otra Señal,S/D,Intersección,S/D,S/D,S/D,S/D,Múltiple,S/D,Colisión,S/D,S/D,Cordón divisorio,Sin restricción
2021,9310,2021-07-31,Sabado,14:20:00,,0.0,2,"Moto/Ciclomotor,Pickup/Utilitario",Larrea 900,2,1,0,0,1,0,0,"-33.114637606748,-61.711183239945",Calle,,SAN JOSÉ DE LA ESQUINA,Constitución,S/D,No existe,IV,Dentro,Urbana,Otra Señal,No existe,Intersección,Bueno,Buena,Diurna,Buen Tiempo,Múltiple,S/D,Colisión,S/D,Faltante,Cordón divisorio,Sin restricción
2021,9313,2021-07-21,Miercoles,19:10:00,,0.0,2,"Pickup/Utilitario,Peatón",Av. San Martin Y Santa Fe,2,1,0,0,1,0,0,"-33.379607529643,-61.189061646844",Avenida,,BIGAND,Constitución,Asfalto,No existe,IV,Dentro,Urbana,Otra Señal,No existe,Intersección,Bueno,Buena,Atardecer,Buen Tiempo,Múltiple,Peatón,Colisión,Ninguna,Horizontal,Cordón divisorio,Sin restricción
2021,9314,2021-12-01,Miercoles,20:30:00,,0.0,2,"Moto/Ciclomotor,Automóvil",Calle 22- 25 de Mayo Y Calle 47-Islas Malvinas,2,1,0,0,1,0,0,"-29.161100972396,-59.650814226924",Calle,,RECONQUISTA,Constitución,Asfalto,No existe,IX,Dentro,Urbana,Otra Señal,No existe,Intersección,Bueno,Buena,"Nocturna,Con luz artificial",S/D,Múltiple,S/D,Colisión,Ninguna,Faltante,Cordón divisorio,Sin restricción
2021,9315,2021-12-01,Miercoles,,,0.0,1,Moto/Ciclomotor,Brasil 800,1,1,0,0,0,0,0,"-30.950145328778,-61.549121171817",Calle,,SUNCHALES,Constitución,Asfalto,No existe,V,Dentro,Urbana,Otra Señal,No existe,Intersección,Bueno,S/D,S/D,S/D,Múltiple,S/D,Colisión,Ninguna,Faltante,Cordón divisorio,Sin restricción
2021,9316,2021-07-19,Lunes,13:45:00,,0.0,2,"Moto/Ciclomotor,Automóvil",Av. San Martin Y Santa Fe,2,1,0,0,1,0,0,"-33.379607529643,-61.189061646844",Avenida,,BIGAND,Constitución,Asfalto,No existe,IV,Dentro,Urbana,Otra Señal,No existe,Intersección,Bueno,S/D,Diurna,Buen Tiempo,Múltiple,S/D,Colisión,Ninguna,Horizontal,Cordón divisorio,Sin restricción
2021,9317,2021-11-19,Viernes,08:25:00,,0.0,1,Moto/Ciclomotor,Santiago Y San Luis,1,1,0,0,0,0,0,"-32.94585, -60.65669",Calle,,ROSARIO,Constitución,Asfalto,S/D,II,Dentro,Urbana,Otra Señal,S/D,Intersección,S/D,S/D,Diurna,S/D,Múltiple,S/D,Colisión,S/D,S/D,Cordón divisorio,Sin restricción
2021,9318,2021-11-02,Martes,,,0.0,1,Camión c / Acoplado, ,1,1,0,0,0,0,0,"-32.73875, -61.29281",S/D,,BUSTINZA,Constitución,S/D,S/D,X,Dentro,Urbana,Otra Señal,S/D,Intersección,S/D,S/D,S/D,S/D,Múltiple,S/D,Colisión,S/D,S/D,Cordón divisorio,Sin restricción
2021,9319,2021-11-19,Viernes,08:20:00,,0.0,1,Otros,Alvear Y Pje. Quiroga,1,1,0,0,0,0,0,"-32.97787, -60.66331",Calle,,ROSARIO,Constitución,Asfalto,S/D,II,Dentro,Urbana,Otra Señal,No existe,Intersección,S/D,S/D,Diurna,S/D,Múltiple,S/D,Colisión,S/D,S/D,Cordón divisorio,Sin restricción
2021,9321,2021-12-01,Miercoles,,,0.0,1,Bicicleta,Tucumán 100,1,1,0,0,0,0,0,"-30.941415634205,-61.566257608701",Calle,,SUNCHALES,Constitución,Asfalto,No existe,V,Dentro,Urbana,Otra Señal,No existe,Intersección,Bueno,S/D,S/D,S/D,Múltiple,S/D,Colisión,Ninguna,Faltante,Cordón divisorio,Sin restricción
2021,9322,2021-11-19,Viernes,13:00:00,,0.0,1,Moto/Ciclomotor,Urquiza Y Lavalle,1,1,0,0,0,0,0,"-32.93585, -60.67692",Calle,,ROSARIO,Constitución,Asfalto,S/D,II,Dentro,Urbana,Otra Señal,S/D,Intersección,S/D,S/D,Diurna,S/D,Múltiple,S/D,Colisión,S/D,S/D,Cordón divisorio,Sin restricción
2021,9323,2021-11-02,Martes,,,0.0,3,"Automóvil,Moto/Ciclomotor,Moto/Ciclomotor",Gálvez Y Vera Mujica,4,3,0,0,1,0,0,"-32.96367, -60.67257",Calle,,ROSARIO,Constitución,S/D,S/D,II,Dentro,Urbana,Otra Señal,S/D,Intersección,S/D,S/D,S/D,S/D,Múltiple,S/D,Colisión,S/D,S/D,Cordón divisorio,Sin restricción
2021,9324,2021-11-02,Martes,,,0.0,2,"Moto/Ciclomotor,Pickup/Utilitario",Ricchieri ,2,1,0,0,1,0,0,"-32.74869, -60.73845",Calle,,ROSARIO,Constitución,S/D,S/D,II,Dentro,Urbana,Otra Señal,S/D,Intersección,S/D,S/D,S/D,S/D,Múltiple,S/D,Colisión,S/D,S/D,Cordón divisorio,Sin restricción
2021,9325,2021-12-02,Jueves,17:35:00,,0.0,2,"Moto/Ciclomotor,Automóvil",Calle 23-Gral López Y Calle 24 - Olessio,3,2,0,0,1,0,0,"-29.148117120676,-59.650390517769",Calle,,RECONQUISTA,Constitución,Asfalto,No existe,IX,Dentro,Urbana,Otra Señal,No existe,Intersección,Bueno,Buena,Diurna,S/D,Múltiple,S/D,Colisión,Ninguna,Faltante,Cordón divisorio,Sin restricción
2021,9326,2021-11-03,Miercoles,11:30:00,,0.0,2,"Moto/Ciclomotor,Automóvil",Calle 17-Bartolome Mitre Y Calle 10-Ludueña,2,1,0,0,1,0,0,"-29.14588, -59.64132",Calle,,RECONQUISTA,Constitución,S/D,S/D,IX,Dentro,Urbana,Otra Señal,S/D,Intersección,S/D,S/D,S/D,S/D,Múltiple,S/D,Colisión,S/D,S/D,Cordón divisorio,Sin restricción
2021,9327,2021-11-19,Viernes,15:30:00,,0.0,1,Moto/Ciclomotor,Av. Ovidio Lagos 8000,2,2,0,0,0,0,0,"-33.02804, -60.68173",Avenida,,ROSARIO,Constitución,Asfalto,S/D,II,Dentro,Urbana,Otra Señal,S/D,Intersección,S/D,S/D,Diurna,S/D,Múltiple,S/D,Colisión,S/D,S/D,Cordón divisorio,Sin restricción
2021,9328,2021-11-19,Viernes,00:00:00,,0.0,2,"Peatón,Otros", ,2,1,0,0,0,0,1,"-32.95887, -60.69314",S/D,,ROSARIO,Constitución,S/D,S/D,II,S/D,S/D,Otra Señal,S/D,Intersección,S/D,S/D,Nocturna,S/D,Múltiple,Peatón,Colisión,S/D,S/D,Cordón divisorio,Sin restricción
2021,9330,2021-12-03,Viernes,22:45:00,,0.0,2,"Bicicleta,Automóvil",Catamarca Y Corrientes,2,1,0,0,1,0,0,"-33.740007925346,-61.95410749241",Calle,,VENADO TUERTO,Constitución,Asfalto,No existe,VIII,Dentro,Urbana,Otra Señal,No existe,Intersección,Bueno,Buena,Diurna,Buen Tiempo,Múltiple,Ciclista,Colisión,Ninguna,Faltante,Cordón divisorio,Sin restricción
2021,9331,2021-07-15,Jueves,10:10:00,,0.0,2,"Pickup/Utilitario,Moto/Ciclomotor",Estanislao López Y Jorge Sacco,2,1,0,0,1,0,0,"-33.321705074428,-62.032020018022",Calle,,CHAÑAR LADEADO,Constitución,Asfalto,No existe,IV,Dentro,Urbana,Otra Señal,No existe,Intersección,Bueno,Buena,Diurna,Buen Tiempo,Múltiple,S/D,Colisión,Ninguna,Faltante,Cordón divisorio,Sin restricción
2021,9332,2021-11-03,Miercoles,22:15:00,,0.0,1,Moto/Ciclomotor,Italia Y Nicolas Avellaneda,2,2,0,0,0,0,0,"-33.73574, -61.96626",Calle,,VENADO TUERTO,Constitución,S/D,S/D,VIII,Dentro,Urbana,Otra Señal,S/D,Intersección,S/D,S/D,S/D,S/D,Múltiple,S/D,Colisión,S/D,S/D,Cordón divisorio,Sin restricción
2021,9333,2021-11-03,Miercoles,07:45:00,,0.0,2,"Automóvil,Automóvil",Bartolomé Mitre Y Juan Lavalle,3,3,0,0,0,0,0,"-33.75103, -61.96739",Calle,,VENADO TUERTO,Constitución,S/D,S/D,VIII,Dentro,Urbana,Otra Señal,S/D,Intersección,S/D,S/D,S/D,S/D,Múltiple,S/D,Colisión,S/D,S/D,Cordón divisorio,Sin restricción
2021,9334,2021-12-03,Viernes,20:30:00,Ruta Nacional 11,894.0,3,"Moto/Ciclomotor,Moto/Ciclomotor,Camión", ,4,3,0,0,1,0,0,"-28.340818, -59.264009",Ruta,11,LAS TOSCAS,Constitución,"Asfalto,Tierra",No existe,IX,Dentro,Urbana,Otra Señal,No existe,Intersección,Bueno,S/D,Nocturna,Buen Tiempo,Múltiple,S/D,Colisión,Ninguna,Faltante,Cordón divisorio,Sin restricción
2021,9335,2021-11-04,Jueves,,,0.0,2,"Moto/Ciclomotor,Automóvil",Av. Italia Y Carrero Podio,3,2,0,0,1,0,0,"-31.23538, -61.4736",Calle,,RAFAELA,Constitución,S/D,S/D,V,Dentro,Urbana,Otra Señal,S/D,Intersección,S/D,S/D,S/D,S/D,Múltiple,S/D,Colisión,S/D,S/D,Cordón divisorio,Sin restricción
2021,9336,2021-11-04,Jueves,,,0.0,2,"Bicicleta,Pickup/Utilitario",Bv G L Lehmann Y Simón Bolívar,2,1,0,0,1,0,0,"-31.25001, -61.49111",Calle,,RAFAELA,Constitución,S/D,S/D,V,Dentro,Urbana,Otra Señal,S/D,Intersección,S/D,S/D,S/D,S/D,Múltiple,Ciclista,Colisión,S/D,S/D,Cordón divisorio,Sin restricción
2021,9337,2021-11-04,Jueves,,,0.0,2,"Automóvil,Moto/Ciclomotor",Av. Doctor E Salva Y José Hernández,2,1,0,0,1,0,0,"-31.24243, -61.49505",Calle,,RAFAELA,Constitución,S/D,S/D,V,Dentro,Urbana,Otra Señal,S/D,Intersección,S/D,S/D,S/D,S/D,Múltiple,S/D,Colisión,S/D,S/D,Cordón divisorio,Sin restricción
2021,9338,2021-11-04,Jueves,,,0.0,2,"Moto/Ciclomotor,Automóvil",Lavalle Y Sarmiento,2,1,0,0,1,0,0,"-31.2511, -61.49014",Calle,,RAFAELA,Constitución,S/D,S/D,V,Dentro,Urbana,Otra Señal,S/D,Intersección,S/D,S/D,S/D,S/D,Múltiple,S/D,Colisión,S/D,S/D,Cordón divisorio,Sin restricción
2021,9339,2021-11-04,Jueves,,,0.0,2,"Moto/Ciclomotor,Moto/Ciclomotor",Tucumán Y Ramon y Cajal,2,2,0,0,0,0,0,"-31.24184, -61.48209",Calle,,RAFAELA,Constitución,S/D,S/D,V,Dentro,Urbana,Otra Señal,S/D,Intersección,S/D,S/D,S/D,S/D,Múltiple,S/D,Colisión,S/D,S/D,Cordón divisorio,Sin restricción
2021,9340,2021-11-04,Jueves,,,0.0,2,"Pickup/Utilitario,Moto/Ciclomotor",Carlos Gardel Y B Geuna,3,2,0,0,1,0,0,"-31.23743, -61.47777",Calle,,RAFAELA,Constitución,S/D,S/D,V,Dentro,Urbana,Otra Señal,S/D,Intersección,S/D,S/D,S/D,S/D,Múltiple,S/D,Colisión,S/D,S/D,Cordón divisorio,Sin restricción
2021,9341,2021-11-04,Jueves,,,0.0,2,"Moto/Ciclomotor,Pickup/Utilitario",Guillermo Brown Y Juan José Castelli,2,1,0,0,1,0,0,"-33.73941, -61.96905",Calle,,VENADO TUERTO,Constitución,S/D,S/D,VIII,Dentro,Urbana,Otra Señal,S/D,Intersección,S/D,S/D,S/D,S/D,Múltiple,S/D,Colisión,S/D,S/D,Cordón divisorio,Sin restricción
2021,9342,2021-11-04,Jueves,,,0.0,1,Moto/Ciclomotor,Antártida Argentina 800,2,2,0,0,0,0,0,"-33.75388, -61.94473",Calle,,VENADO TUERTO,Constitución,S/D,S/D,VIII,Dentro,Urbana,Otra Señal,S/D,Intersección,S/D,S/D,S/D,S/D,Múltiple,S/D,Colisión,S/D,S/D,Cordón divisorio,Sin restricción
2021,9343,2021-11-04,Jueves,,,0.0,2,"Moto/Ciclomotor,Moto/Ciclomotor",Mariano Moreno Y Piacenza,3,3,0,0,0,0,0,"-33.73594, -61.97779",Calle,,VENADO TUERTO,Constitución,S/D,S/D,VIII,Dentro,Urbana,Otra Señal,S/D,Intersección,S/D,S/D,S/D,S/D,Múltiple,S/D,Colisión,S/D,S/D,Cordón divisorio,Sin restricción
2021,9344,2021-09-18,Sabado,20:05:00,,0.0,2,"Pickup/Utilitario,Peatón",Destefanis Y Rivadavia,2,1,0,0,1,0,0,"-33.147084160341,-61.471935131829",Calle,,AREQUITO,Constitución,Asfalto,No existe,IV,Dentro,Urbana,Otra Señal,No existe,Intersección,Bueno,Buena,"Nocturna,Con luz artificial",Buen Tiempo,Múltiple,Peatón,Colisión,Ninguna,Faltante,Cordón divisorio,Sin restricción
2021,9345,2021-11-20,Sabado,00:00:00,,0.0,1,Automóvil,Sánchez de Loria Y Mendoza,1,1,0,0,0,0,0,"-32.94017, -60.73172",Calle,,ROSARIO,Constitución,Asfalto,S/D,II,Dentro,Urbana,Otra Señal,S/D,Intersección,S/D,S/D,Nocturna,S/D,Múltiple,S/D,Colisión,S/D,S/D,Cordón divisorio,Sin restricción
2021,9346,2021-11-20,Sabado,13:00:00,,0.0,1,Bicicleta, ,1,1,0,0,0,0,0,"-32.95883, -60.693",Calle,,ROSARIO,Constitución,S/D,S/D,II,Dentro,Urbana,Otra Señal,S/D,Intersección,S/D,S/D,Diurna,S/D,Múltiple,S/D,Colisión,S/D,S/D,Cordón divisorio,Sin restricción
2021,9347,2021-09-03,Viernes,17:30:00,,0.0,2,"Bicicleta,Automóvil",Mendoza Y Santa Fe,3,2,0,0,1,0,0,"-33.151114667192,-61.475689247069",Calle,,AREQUITO,Constitución,Asfalto,No existe,IV,Dentro,Urbana,Otra Señal,No existe,Intersección,Bueno,Buena,Diurna,Buen Tiempo,Múltiple,Ciclista,Colisión,Ninguna,Faltante,Cordón divisorio,Sin restricción
2021,9348,2021-09-06,Lunes,23:50:00,,0.0,1,Moto/Ciclomotor,Alberdi Y Independencia,2,2,0,0,0,0,0,"-33.32243145748,-62.033625969344",Calle,,CHAÑAR LADEADO,Constitución,Asfalto,No existe,IV,Dentro,Urbana,Otra Señal,No existe,Intersección,Bueno,S/D,Nocturna,Buen Tiempo,Múltiple,S/D,Colisión,S/D,Faltante,Cordón divisorio,Sin restricción
2021,9349,2021-10-03,Domingo,12:00:00,Ruta Provincial 15,146.0,2,"Moto/Ciclomotor,Automóvil", ,3,1,0,0,2,0,0,"-33.084274055950715, -61.7919613195",Ruta,15,ARTEAGA,Constitución,Asfalto,No existe,IV,Dentro,Urbana,Otra Señal,No existe,Intersección,Bueno,Buena,Diurna,Buen Tiempo,Múltiple,S/D,Colisión,Ninguna,Horizontal,Cordón divisorio,Sin restricción
2021,9350,2021-11-20,Sabado,13:00:00,,0.0,1,Moto/Ciclomotor,Suipacha Y E.Zeballos,1,1,0,0,0,0,0,"-32.95038, -60.66631",Calle,,ROSARIO,Constitución,Asfalto,S/D,II,Dentro,Urbana,Otra Señal,S/D,Intersección,S/D,S/D,Diurna,S/D,Múltiple,S/D,Colisión,S/D,S/D,Cordón divisorio,Sin restricción
2021,9351,2021-12-04,Sabado,20:30:00,Ruta Nacional 11,618.0,2,"Pickup/Utilitario,Moto/Ciclomotor", ,5,1,0,0,4,0,0,"-30.378429, -60.409992",Ruta,11,GOBERNADOR CRESPO,Constitución,Asfalto,Natural,XVI,Dentro,Urbana,Otra Señal,No existe,Intersección,Bueno,Buena,Nocturna,S/D,Múltiple,S/D,Colisión,Ninguna,Horizontal,Cordón divisorio,Sin restricción