anio_acci,nro_acci,fecha,desc_dia,hora_aprox,desc_ruta,km,cant_participantes,desc_participante,calle_avenida_km,total,heridos_leves,heridos_graves,heridos_gravisimos,ilesos,fallecidos,sin_datos,posicion_XY,desc_tipo_via,desc_ruta_ori,desc_loc,desc_dpto,desc_tipo_calzada,desc_tipo_banquina,desc_unidad_regional,desc_lugar_calzada,desc_zona,desc_prioridad,desc_estado_semaforo,desc_lugar_via,desc_estado_via,desc_estado_visibilidad,desc_luminosidad,desc_estado_clima,desc_tipo_colision,desc_tipo_atropello,desc_tipo_hecho,desc_pres_calzada,desc_senializacion,desc_separacion_via,desc_restriccion
2021,9352,2021-11-20,Sabado,,,0.0,1,Moto/Ciclomotor, ,1,1,0,0,0,0,0,"-32.95883, -60.693",S/D,,ROSARIO,Constitución,Asfalto,S/D,II,S/D,S/D,Otra Señal,S/D,Intersección,S/D,S/D,S/D,S/D,Múltiple,S/D,Colisión,S/D,S/D,Cordón divisorio,Sin restricción
2021,9353,2021-12-04,Sabado,12:45:00,,0.0,2,"Automóvil,Automóvil",Dante Alighieri Y Leandro N Alem,2,2,0,0,0,0,0,"-33.754708780624,-61.961519932645",Avenida,,VENADO TUERTO,Constitución,Asfalto,No existe,VIII,Dentro,Urbana,Otra Señal,No existe,Intersección,Bueno,S/D,Diurna,S/D,Múltiple,S/D,Colisión,Ninguna,Faltante,Cordón divisorio,Sin restricción
2021,9354,2021-11-20,Sabado,17:30:00,,0.0,1,Moto/Ciclomotor,Casiano Casas Y Uriarte,1,1,0,0,0,0,0,"-32.90185, -60.70405",Calle,,ROSARIO,Constitución,Asfalto,S/D,II,Dentro,Urbana,Otra Señal,S/D,Intersección,S/D,S/D,Diurna,S/D,Múltiple,S/D,Colisión,S/D,S/D,Cordón divisorio,Sin restricción
2021,9355,2021-12-04,Sabado,03:30:00,Ruta Secundaria 7-s,0.0,1,Moto/Ciclomotor,Guillermo Dimmer Y Santa Fe,1,1,0,0,0,0,0,"-33.727714708399,-61.969896773661",Ruta,7-s,VENADO TUERTO,Constitución,Asfalto,No existe,VIII,Dentro,Urbana,Otra Señal,No existe,Intersección,Bueno,S/D,Nocturna,Buen Tiempo,Múltiple,S/D,Colisión,Ninguna,Faltante,Cordón divisorio,Sin restricción
2021,9356,2021-11-20,Sabado,19:00:00,,0.0,1,Moto/Ciclomotor,24 De Setiembre Y Francia F,1,1,0,0,0,0,0,"-32.97533, -60.67399",Calle,,ROSARIO,Constitución,S/D,S/D,II,Dentro,Urbana,Otra Señal,S/D,Intersección,S/D,S/D,Diurna,S/D,Múltiple,S/D,Colisión,S/D,S/D,Cordón divisorio,Sin restricción
2021,9357,2021-11-20,Sabado,23:00:00,,0.0,1,Moto/Ciclomotor,Piedras Y Mariano Moreno,2,2,0,0,0,0,0,"-33.00735, -60.66178",Calle,,ROSARIO,Constitución,Asfalto,S/D,II,S/D,Urbana,Otra Señal,S/D,Intersección,S/D,S/D,Atardecer,S/D,Múltiple,S/D,Colisión,S/D,S/D,Cordón divisorio,Sin restricción
2021,9358,2021-12-04,Sabado,13:00:00,Ruta Provincial 3,0.0,1,Automóvil, ,1,1,0,0,0,0,0,"-28.329333, -59.982662",Ruta,3,CAÑADA OMBÚ,Constitución,Asfalto,Natural,XIX,Dentro,Rural,Otra Señal,No existe,Intersección,Bueno,S/D,Diurna,S/D,Múltiple,S/D,Colisión,Ninguna,Faltante,Cordón divisorio,Sin restricción
2021,9359,2021-12-04,Sabado,21:45:00,,0.0,2,"Moto/Ciclomotor,Moto/Ciclomotor",Calle 117 Y Calle 126,2,2,0,0,0,0,0,"-29.118199, -59.681641",Calle,,AVELLANEDA,Constitución,S/D,No existe,IX,Dentro,Urbana,Otra Señal,S/D,Intersección,S/D,S/D,Nocturna,S/D,Múltiple,S/D,Colisión,S/D,S/D,Cordón divisorio,Sin restricción
2021,9360,2021-11-09,Martes,21:35:00,Ruta Provincial 15,0.0,1,Camión c / Acoplado, ,1,1,0,0,0,0,0,"-33.0842, -61.79196",Ruta,15,ARTEAGA,Constitución,Asfalto,Natural,IV,S/D,Rural,Otra Señal,No existe,Intersección,Bueno,S/D,Nocturna,S/D,Múltiple,S/D,Colisión,Ninguna,S/D,Cordón divisorio,Sin restricción
2021,9363,2021-05-08,Sabado,22:30:00,,0.0,1,Moto/Ciclomotor,Bv San Martin Y Bv 25 de Mayo,1,1,0,0,0,0,0,"-33.09267, -61.79254",Calle,,ARTEAGA,Constitución,Asfalto,Pavimento,IV,Fuera,Urbana,Otra Señal,No existe,Intersección,Bueno,Buena,Nocturna,Buen Tiempo,Múltiple,S/D,Colisión,Ninguna,Faltante,Cordón divisorio,Sin restricción
2021,9365,2021-03-13,Sabado,09:40:00,Ruta Provincial 92,0.0,2,"Moto/Ciclomotor,Automóvil", ,2,1,0,0,1,0,0,"-33.10928, -61.69376",Ruta,92,SAN JOSÉ DE LA ESQUINA,Constitución,Asfalto,No existe,IV,Dentro,Urbana,Otra Señal,No existe,Intersección,Bueno,S/D,S/D,S/D,Múltiple,S/D,Colisión,Ninguna,S/D,Cordón divisorio,Sin restricción
2021,9366,2021-03-14,Domingo,19:00:00,,0.0,2,"Moto/Ciclomotor,Automóvil",Rivadavia Y Belgrano,2,2,0,0,0,0,0,"-33.37543, -61.18632",Calle,,BIGAND,Constitución,Asfalto,No existe,IV,Dentro,Urbana,Otra Señal,No existe,Intersección,Bueno,Buena,Diurna,Buen Tiempo,Múltiple,S/D,Colisión,Ninguna,Faltante,Cordón divisorio,Sin restricción
2021,9367,2021-11-21,Domingo,01:00:00,,0.0,1,Moto/Ciclomotor,Bv. 27 De Febrero Y Av. Circunvalación,1,1,0,0,0,0,0,"-32.97139, -60.62263",Calle,,ROSARIO,Constitución,Asfalto,S/D,II,Dentro,Urbana,Otra Señal,S/D,Intersección,S/D,S/D,Nocturna,S/D,Múltiple,S/D,Colisión,S/D,S/D,Cordón divisorio,Sin restricción
2021,9368,2021-05-04,Martes,03:30:00,Autopista Provincial Brigadier E.LÓPEZ,65.0,4,"Camión c / Acoplado,Camión c / Acoplado,Automóvil,Automóvil", ,9,7,0,0,2,0,0,"-32.34750412026342, -60.96118775606",Autopista,Brigadier E.LÓPEZ,MONJE,Constitución,Asfalto,Pavimento,I,Dentro,Urbana,Otra Señal,No existe,Intersección,Bueno,S/D,Nocturna,S/D,Múltiple,S/D,Colisión,S/D,Horizontal,Cordón divisorio,Sin restricción
2021,9369,2021-11-21,Domingo,,,0.0,1,Moto/Ciclomotor, ,1,1,0,0,0,0,0,"-32.95883, -60.693",Calle,,ROSARIO,Constitución,S/D,S/D,II,Dentro,Urbana,Otra Señal,S/D,Intersección,S/D,S/D,S/D,S/D,Múltiple,S/D,Colisión,S/D,S/D,Cordón divisorio,Sin restricción
2021,9370,2021-03-06,Sabado,06:10:00,,0.0,1,Automóvil, ,1,1,0,0,0,0,0,"-33.37255, -61.18486",Camino Rural,,BIGAND,Constitución,Tierra,Natural,IV,Fuera,Rural,Otra Señal,No existe,Intersección,Ahuellamiento,Reducida,Amanecer,Niebla,Múltiple,S/D,Colisión,Ninguna,Faltante,Cordón divisorio,Sin restricción
2021,9372,2021-03-06,Sabado,03:30:00,,0.0,1,Moto/Ciclomotor,Bv San Martin 50,1,1,0,0,0,0,0,"-33.09318, -61.79198",Calle,,ARTEAGA,Constitución,Asfalto,No existe,IV,Dentro,Urbana,Otra Señal,S/D,Intersección,Bueno,Buena,Amanecer,Buen Tiempo,Múltiple,S/D,Colisión,Ninguna,Faltante,Cordón divisorio,Sin restricción
2021,9373,2021-03-09,Martes,18:20:00,,0.0,1,Moto/Ciclomotor,8 de Enero Y Salta,1,1,0,0,0,0,0,"-33.09318, -61.79198",Calle,,AREQUITO,Constitución,Tierra,Natural,IV,Dentro,Urbana,Otra Señal,No existe,Intersección,Deteriorada,Buena,Diurna,Buen Tiempo,Múltiple,S/D,Colisión,Ninguna,Faltante,Cordón divisorio,Sin restricción
2021,9374,2021-01-14,Jueves,20:45:00,,0.0,2,"Moto/Ciclomotor,Pickup/Utilitario",Larrea ,3,1,0,0,2,0,0,"-33.11198, -61.71041",Calle,,SAN JOSÉ DE LA ESQUINA,Constitución,S/D,No existe,IV,Dentro,Urbana,Otra Señal,S/D,Intersección,Bueno,S/D,S/D,S/D,Múltiple,S/D,Colisión,S/D,S/D,Cordón divisorio,Sin restricción
2021,9375,2021-01-09,Sabado,23:20:00,,0.0,2,"Bicicleta,Pickup/Utilitario",B Mitre Y Rivadavia,2,1,0,0,0,0,1,"-33.37412, -61.18389",Calle,,BIGAND,Constitución,Asfalto,No existe,IV,Dentro,Urbana,Otra Señal,No existe,Intersección,Bueno,Buena,Nocturna,Buen Tiempo,Múltiple,Ciclista,Colisión,Ninguna,Faltante,Cordón divisorio,Sin restricción
2021,9376,2021-01-10,Domingo,04:35:00,,0.0,1,Moto/Ciclomotor, ,2,2,0,0,0,0,0,"-33.09011, -61.79089",S/D,,ARTEAGA,Constitución,Asfalto,S/D,IV,Dentro,Urbana,Otra Señal,S/D,Intersección,Bueno,Reducida,S/D,Buen Tiempo,Múltiple,S/D,Colisión,Ninguna,Faltante,Cordón divisorio,Sin restricción
2021,9378,2021-11-21,Domingo,07:00:00,,0.0,2,"Peatón,Otros",9 De Julio Y Suipacha,2,1,0,0,0,0,1,"-32.94917, -60.666",Calle,,ROSARIO,Constitución,Asfalto,S/D,II,Dentro,Urbana,Otra Señal,S/D,Intersección,S/D,S/D,Diurna,S/D,Múltiple,Peatón,Colisión,S/D,S/D,Cordón divisorio,Sin restricción
2021,9380,2021-12-06,Lunes,,Autopista Provincial Brigadier E.LÓPEZ,2.0,3,"Automóvil,Automóvil,Camión", ,3,1,0,0,2,0,0,"-32.868167214733575, -60.7245507482",Autopista,Brigadier E.LÓPEZ,GRANADERO BAIGORRIA,Constitución,Asfalto,Pavimento,II,Dentro,Urbana,Otra Señal,S/D,Intersección,S/D,S/D,S/D,S/D,Múltiple,S/D,Colisión,S/D,Horizontal,Cordón divisorio,Sin restricción
2021,9381,2021-07-08,Jueves,15:10:00,Ruta Provincial 1,10.0,2,"Pickup/Utilitario,Moto/Ciclomotor", ,2,1,0,0,1,0,0,"-31.57896401565583, -60.54982819156",Ruta,1,ARROYO LEYES,Constitución,Asfalto,Ripio,I,Dentro,Urbana,Otra Señal,S/D,Intersección,S/D,S/D,Diurna,S/D,Múltiple,S/D,Colisión,S/D,Horizontal,Cordón divisorio,Sin restricción
2021,9382,2021-12-15,Miercoles,21:00:00,Ruta Provincial 32,23.0,2,"Moto/Ciclomotor,Bicicleta", ,2,2,0,0,0,0,0,"-28.48906, -59.33428",Ruta,32,VILLA OCAMPO,Constitución,S/D,No existe,IX,Dentro,Rural,Otra Señal,S/D,Intersección,S/D,S/D,Nocturna,S/D,Múltiple,Ciclista,Colisión,S/D,S/D,Cordón divisorio,Sin restricción
2021,9384,2021-11-21,Domingo,11:00:00,,0.0,1,Transporte de Pasajeros, ,1,1,0,0,0,0,0,"-32.95883, -60.693",S/D,,ROSARIO,Constitución,S/D,S/D,I,S/D,S/D,Otra Señal,S/D,Intersección,S/D,S/D,Diurna,S/D,Múltiple,S/D,Colisión,S/D,S/D,Cordón divisorio,Sin restricción
2021,9385,2021-11-21,Domingo,,,0.0,1,Moto/Ciclomotor, ,1,1,0,0,0,0,0,"-32.95883, -60.693",S/D,,ROSARIO,Constitución,S/D,S/D,II,S/D,S/D,Otra Señal,S/D,Intersección,S/D,S/D,S/D,S/D,Múltiple,S/D,Colisión,S/D,S/D,Cordón divisorio,Sin restricción
2021,9386,2021-12-09,Jueves,07:30:00,Ruta Nacional 168,12.0,2,"Transporte de Pasajeros Larga Distancia (> 8 asientos),Camión", ,4,3,0,0,1,0,0,"-31.671402969422683, -60.5791941603",Ruta,168,COLASTINE,Constitución,Asfalto,Pavimento,I,Dentro,Rural,Otra Señal,No existe,Intersección,S/D,S/D,Diurna,S/D,Múltiple,S/D,Colisión,Ninguna,Horizontal,Cordón divisorio,Sin restricción
2021,9388,2021-12-15,Miercoles,22:35:00,,0.0,2,"Moto/Ciclomotor,Automóvil",25 de mayo Y San Martin,2,1,0,0,1,0,0,"-29.348470366242,-59.968139322685",Calle,,MALABRIGO,Constitución,S/D,No existe,IX,Dentro,Urbana,Otra Señal,No existe,Intersección,S/D,S/D,Nocturna,S/D,Múltiple,S/D,Colisión,S/D,S/D,Cordón divisorio,Sin restricción
2021,9389,2021-12-17,Viernes,,Autopista Nacional A008,0.0,2,"Moto/Ciclomotor,Automóvil",Av. Circunvalación Y Av. Pellegrini,2,1,0,0,1,0,0,"-32.948745273927,-60.721948983905",Autopista,A008,ROSARIO,Constitución,Asfalto,Pavimento,II,Dentro,Urbana,Otra Señal,No existe,Intersección,Bueno,S/D,Diurna,S/D,Múltiple,S/D,Colisión,S/D,Horizontal,Cordón divisorio,Sin restricción
2021,9390,2021-11-21,Domingo,17:00:00,,0.0,1,Moto/Ciclomotor,Buenos Aires Y Cabildo,1,1,0,0,0,0,0,"-33.00722, -60.64473",Calle,,ROSARIO,Constitución,Asfalto,S/D,II,Dentro,Urbana,Otra Señal,S/D,Intersección,S/D,S/D,Diurna,S/D,Múltiple,S/D,Colisión,S/D,S/D,Cordón divisorio,Sin restricción
2021,9391,2021-11-06,Sabado,19:03:00,,0.0,2,"Moto/Ciclomotor,Automóvil",Juan José Castelli Y Félix Goumonde,2,1,0,0,1,0,0,"-33.72907, -61.97714",Calle,,VENADO TUERTO,Constitución,S/D,S/D,VIII,Dentro,Urbana,Otra Señal,S/D,Intersección,S/D,S/D,S/D,S/D,Múltiple,S/D,Colisión,S/D,S/D,Cordón divisorio,Sin restricción
2021,9392,2021-11-06,Sabado,21:04:00,,0.0,2,"Peatón,Moto/Ciclomotor",Marconico Y Santa Fe,2,1,0,0,1,0,0,"-33.74064, -61.95979",Calle,,VENADO TUERTO,Constitución,S/D,S/D,VIII,Dentro,Urbana,Otra Señal,S/D,Intersección,S/D,S/D,S/D,S/D,Múltiple,Peatón,Colisión,S/D,S/D,Cordón divisorio,Sin restricción
2021,9393,2021-11-06,Sabado,02:50:00,,0.0,1,Moto/Ciclomotor,Cerrito 600,1,1,0,0,0,0,0,"-33.76276, -61.96437",Calle,,VENADO TUERTO,Constitución,S/D,S/D,VIII,Dentro,Urbana,Otra Señal,S/D,Intersección,S/D,S/D,S/D,S/D,Múltiple,S/D,Colisión,S/D,S/D,Cordón divisorio,Sin restricción
2021,9395,2021-12-16,Jueves,20:10:00,Ruta Provincial 40,0.0,2,"Moto/Ciclomotor,Automóvil",Calle 37-Bvard. Lovato 1800,2,1,0,0,1,0,0,"-29.154360167138,-59.660553474958",Ruta,40,RECONQUISTA,Constitución,Asfalto,No existe,IX,Dentro,Urbana,Otra Señal,No existe,Intersección,S/D,S/D,Nocturna,S/D,Múltiple,S/D,Colisión,S/D,Faltante,Cordón divisorio,Sin restricción
2021,9397,2021-11-06,Sabado,,,0.0,1,Automóvil, ,4,4,0,0,0,0,0,"-31.23604, -61.50398",Calle,,SUNCHALES,Constitución,S/D,S/D,V,Dentro,Urbana,Otra Señal,S/D,Intersección,S/D,S/D,S/D,S/D,Múltiple,S/D,Colisión,S/D,S/D,Cordón divisorio,Sin restricción
2021,9398,2021-11-21,Domingo,16:55:00,,0.0,1,Bicicleta,San Nicolas Y Salta,1,1,0,0,0,0,0,"-32.93334, -60.67058",Calle,,ROSARIO,Constitución,Asfalto,S/D,II,Dentro,Urbana,Otra Señal,S/D,Intersección,S/D,S/D,Diurna,S/D,Múltiple,S/D,Colisión,S/D,S/D,Cordón divisorio,Sin restricción
2021,9399,2021-11-21,Domingo,19:30:00,,0.0,2,"Peatón,Otros",Lamadrid 1400,2,1,0,0,0,0,1,"-32.99724, -60.6536",Calle,,ROSARIO,Constitución,S/D,S/D,II,Dentro,Urbana,Otra Señal,S/D,Intersección,S/D,S/D,Diurna,S/D,Múltiple,Peatón,Colisión,S/D,S/D,Cordón divisorio,Sin restricción
2021,9400,2021-11-21,Domingo,,,0.0,1,Moto/Ciclomotor, ,1,1,0,0,0,0,0,"-32.95883, -60.693",S/D,,ROSARIO,Constitución,S/D,S/D,II,S/D,S/D,Otra Señal,S/D,Intersección,S/D,S/D,S/D,S/D,Múltiple,S/D,Colisión,S/D,S/D,Cordón divisorio,Sin restricción
2021,9401,2021-11-22,Lunes,,,0.0,1,Moto/Ciclomotor, ,1,1,0,0,0,0,0,"-32.95883, -60.693",S/D,,ROSARIO,Constitución,S/D,S/D,II,S/D,S/D,Otra Señal,S/D,Intersección,S/D,S/D,S/D,S/D,Múltiple,S/D,Colisión,S/D,S/D,Cordón divisorio,Sin restricción
2021,9402,2021-11-06,Sabado,11:30:00,,0.0,2,"Moto/Ciclomotor,Automóvil",Calle 16 Y Calle 11,3,2,0,0,1,0,0,"-29.11785, -59.65607",Calle,,AVELLANEDA,Constitución,S/D,S/D,IX,Dentro,Urbana,Otra Señal,S/D,Intersección,S/D,S/D,S/D,S/D,Múltiple,S/D,Colisión,S/D,S/D,Cordón divisorio,Sin restricción
2021,9403,2021-11-07,Domingo,16:50:00,,0.0,1,Bicicleta, ,1,1,0,0,0,0,0,"-29.14496, -59.64335",Calle,,RECONQUISTA,Constitución,S/D,S/D,IX,Dentro,Urbana,Otra Señal,S/D,Intersección,S/D,S/D,S/D,S/D,Múltiple,Ciclista,Colisión,S/D,S/D,Cordón divisorio,Sin restricción
2021,9404,2021-11-06,Sabado,20:30:00,,0.0,2,"Automóvil,Moto/Ciclomotor",Calle 89 Y Calle 91,2,1,0,0,1,0,0,"-29.17711, -59.65861",Calle,,RECONQUISTA,Constitución,S/D,S/D,IX,Dentro,Urbana,Otra Señal,S/D,Intersección,S/D,S/D,S/D,S/D,Múltiple,S/D,Colisión,S/D,S/D,Cordón divisorio,Sin restricción
2021,9405,2021-11-22,Lunes,,,0.0,1,Automóvil, ,1,1,0,0,0,0,0,"-31.44905, -60.93042",S/D,,ROSARIO,Constitución,S/D,S/D,II,S/D,S/D,Otra Señal,S/D,Intersección,S/D,S/D,S/D,S/D,Múltiple,S/D,Colisión,S/D,S/D,Cordón divisorio,Sin restricción
2021,9406,2021-12-05,Domingo,13:30:00,Ruta Nacional 11,0.0,2,"Moto/Ciclomotor,Camión c / Acoplado",Calle 9 ,2,1,0,0,1,0,0,"-29.117124, -59.652149",Ruta,11,AVELLANEDA,Constitución,Asfalto,No existe,IX,Dentro,Urbana,Otra Señal,No existe,Intersección,Bueno,Buena,Diurna,S/D,Múltiple,S/D,Colisión,Ninguna,"Horizontal,Vertical",Cordón divisorio,Sin restricción
2021,9407,2021-11-22,Lunes,23:00:00,,0.0,1,Moto/Ciclomotor, ,1,1,0,0,0,0,0,"-32.95883, -60.693",S/D,,ROSARIO,Constitución,Asfalto,S/D,II,S/D,S/D,Otra Señal,S/D,Intersección,S/D,S/D,Nocturna,S/D,Múltiple,S/D,Colisión,S/D,S/D,Cordón divisorio,Sin restricción
2021,9408,2021-12-05,Domingo,19:00:00,Autopista Nacional A009,0.0,1,Moto/Ciclomotor,Calle 62 ,1,1,0,0,0,0,0,"-29.167703390121478,-59.65706527233",Autopista,A009,RECONQUISTA,Constitución,Asfalto,Pavimento,IX,Dentro,Urbana,Otra Señal,No existe,Intersección,Bueno,Buena,Nocturna,Buen Tiempo,Múltiple,S/D,Colisión,Ninguna,Horizontal,Cordón divisorio,Sin restricción
2021,9409,2021-12-25,Sabado,15:00:00,Autopista Nacional A007,0.0,1,Moto/Ciclomotor,Mendoza ,3,3,0,0,0,0,0,,Autopista,A007,SANTA FE,Constitución,Asfalto,Ripio,I,Dentro,Urbana,Otra Señal,No existe,Intersección,Bueno,S/D,Diurna,S/D,Múltiple,S/D,Colisión,S/D,Horizontal,Cordón divisorio,Sin restricción
2021,9410,2021-12-25,Sabado,12:15:00,Ruta Nacional 8,0.0,2,"Automóvil,Moto/Ciclomotor",Nicolas Avellaneda Y Ruta Nac 8,2,1,0,0,1,0,0,"-33.744425558078,-61.982309282444",Ruta,8,VENADO TUERTO,Constitución,Asfalto,Pavimento,VIII,Dentro,Urbana,Otra Señal,S/D,Intersección,S/D,S/D,Diurna,S/D,Múltiple,S/D,Colisión,S/D,"Horizontal,Vertical",Cordón divisorio,Sin restricción
2021,9411,2021-11-22,Lunes,07:00:00,Autopista Nacional Rosario -Cordoba,0.0,1,Automóvil, ,1,1,0,0,0,0,0,"-32.94911, -60.72556",Autopista,Rosario -Cordoba,ROSARIO,Constitución,Asfalto,Pavimento,I,Dentro,Rural,Otra Señal,No existe,Intersección,S/D,S/D,Diurna,S/D,Múltiple,S/D,Colisión,S/D,S/D,Cordón divisorio,Sin restricción
2021,9413,2021-11-22,Lunes,08:10:00,,0.0,1,Moto/Ciclomotor,Alsina Y E.Zeballos,2,2,0,0,0,0,0,"-32.94817, -60.67859",Calle,,ROSARIO,Constitución,Asfalto,S/D,II,Dentro,Urbana,Otra Señal,S/D,Intersección,S/D,S/D,Diurna,S/D,Múltiple,S/D,Colisión,S/D,S/D,Cordón divisorio,Sin restricción
2021,9414,2021-11-22,Lunes,06:00:00,,0.0,1,Moto/Ciclomotor,Pasco Y Matienzo,1,1,0,0,0,0,0,"-32.95048, -60.69426",Calle,,ROSARIO,Constitución,S/D,S/D,II,Dentro,Urbana,Otra Señal,S/D,Intersección,S/D,S/D,Amanecer,S/D,Múltiple,S/D,Colisión,S/D,S/D,Cordón divisorio,Sin restricción
2021,9415,2021-12-06,Lunes,00:50:00,Ruta Nacional Gral. Juan Jose Valle,0.0,2,"Automóvil,Camión", ,6,5,0,0,1,0,0,"-32.151145935058594,-60.99592208862",Ruta,Gral. Juan Jose Valle,SAN FABIÁN,Constitución,Asfalto,Natural,XV,Dentro,Rural,Otra Señal,No existe,Intersección,Bueno,S/D,Nocturna,S/D,Múltiple,S/D,Colisión,Ninguna,Horizontal,Cordón divisorio,Sin restricción
2021,9416,2021-11-07,Domingo,00:15:00,Ruta Provincial 61,0.0,1,Pickup/Utilitario, ,7,7,0,0,0,0,0,"-30.78385, -60.62055",Ruta,61,SAN JUSTO,Constitución,S/D,S/D,XVI,Dentro,Urbana,Otra Señal,S/D,Intersección,S/D,S/D,S/D,S/D,Múltiple,S/D,Colisión,S/D,S/D,Cordón divisorio,Sin restricción
2021,9417,2021-12-16,Jueves,21:30:00,Autopista Nacional Gral. Juan Jose Valle,278.0,2,"Automóvil,Camión", ,2,1,0,0,1,0,0,"-33.0947, -60.61902",Autopista,Gral. Juan Jose Valle,ALVEAR,Constitución,Asfalto,Natural,II,Dentro,Rural,Otra Señal,No existe,Intersección,S/D,S/D,Nocturna,S/D,Múltiple,S/D,Colisión,S/D,Horizontal,Cordón divisorio,Sin restricción
2021,9418,2021-11-08,Lunes,12:30:00,,0.0,3,"Moto/Ciclomotor,Automóvil,Camión",Calle 9-Mariano Moreno ,3,1,0,0,2,0,0,"-29.14088, -59.64693",Calle,,RECONQUISTA,Constitución,S/D,S/D,IX,Dentro,Urbana,Otra Señal,S/D,Intersección,S/D,S/D,S/D,S/D,Múltiple,S/D,Colisión,S/D,S/D,Cordón divisorio,Sin restricción
2021,9419,2021-12-17,Viernes,18:50:00,,0.0,2,"Automóvil,Ambulancia",Guillermo Brown Y Miguel de Azcuénaga,5,5,0,0,0,0,0,"-33.742816647266,-61.975280727429",Calle,,VENADO TUERTO,Constitución,Asfalto,No existe,VIII,Dentro,Urbana,Otra Señal,No existe,Intersección,S/D,S/D,Diurna,S/D,Múltiple,S/D,Colisión,S/D,Faltante,Cordón divisorio,Sin restricción
2021,9421,2021-10-17,Domingo,,,0.0,2,"Moto/Ciclomotor,Moto/Ciclomotor",Calle 10 Y Calle 17,3,3,0,0,0,0,0,"-28.355427070468,-59.258818582923",Calle,,LAS TOSCAS,Constitución,S/D,No existe,IX,Dentro,Urbana,Otra Señal,S/D,Intersección,S/D,S/D,Nocturna,S/D,Múltiple,S/D,Colisión,S/D,S/D,Cordón divisorio,Sin restricción
2021,9422,2021-12-22,Miercoles,14:00:00,,0.0,2,"Pickup/Utilitario,Moto/Ciclomotor",Calle 38-Corrientes Y Calle 47-Islas Malvinas,2,2,0,0,0,0,0,"-29.160031082178,-59.661050207702",Calle,,RECONQUISTA,Constitución,Asfalto,No existe,IX,Dentro,Urbana,Otra Señal,S/D,Intersección,S/D,S/D,Diurna,S/D,Múltiple,S/D,Colisión,S/D,S/D,Cordón divisorio,Sin restricción
2021,9424,2021-12-17,Viernes,,,0.0,2,"Automóvil,Pickup/Utilitario",San Luis Y Rio De Janeiro,2,2,0,0,0,0,0,"-32.941437773669,-60.681130593399",Calle,,ROSARIO,Constitución,Asfalto,No existe,II,Dentro,Urbana,Otra Señal,No existe,Intersección,S/D,S/D,Diurna,S/D,Múltiple,S/D,Colisión,S/D,Faltante,Cordón divisorio,Sin restricción
2021,9425,2021-12-06,Lunes,12:00:00,,0.0,2,"Automóvil,Moto/Ciclomotor",Avellaneda Y Ing. Mosconi,2,1,0,0,1,0,0,"-33.025527489761,-60.630358023512",Calle,,VILLA GOBERNADOR GÁLVEZ,Constitución,Asfalto,No existe,II,Dentro,Urbana,Otra Señal,No existe,Intersección,Bueno,S/D,Diurna,S/D,Múltiple,S/D,Colisión,Ninguna,Vertical,Cordón divisorio,Sin restricción
2021,9426,2021-12-17,Viernes,05:00:00,Ruta Nacional 11,504.0,1,Automóvil, ,1,1,0,0,0,0,0,"-31.3119, -60.75601",Ruta,11,NELSON,Constitución,Asfalto,Natural,I,Dentro,Urbana,Otra Señal,No existe,Intersección,S/D,S/D,Nocturna,S/D,Múltiple,S/D,Colisión,S/D,Horizontal,Cordón divisorio,Sin restricción
2021,9428,2021-12-23,Jueves,11:05:00,,0.0,2,"Pickup/Utilitario,Moto/Ciclomotor",Balcarce Y Marconico,2,1,0,0,1,0,0,"-33.741137587287,-61.960741525501",Calle,,VENADO TUERTO,Constitución,Asfalto,No existe,VIII,Dentro,Urbana,Otra Señal,No existe,Intersección,S/D,S/D,Diurna,S/D,Múltiple,S/D,Colisión,S/D,Faltante,Cordón divisorio,Sin restricción
2021,9429,2021-12-06,Lunes,17:30:00,,0.0,2,"Camión,Moto/Ciclomotor",Calle 24 - Olessio Y Calle 105-Alicia Moreau,3,2,0,0,1,0,0,"-29.182954738092,-59.655217578996",Calle,,RECONQUISTA,Constitución,S/D,S/D,IX,Dentro,Urbana,Otra Señal,S/D,Intersección,S/D,S/D,Diurna,S/D,Múltiple,S/D,Colisión,S/D,S/D,Cordón divisorio,Sin restricción
2021,9430,2021-12-23,Jueves,12:20:00,,0.0,1,Moto/Ciclomotor,Chacabuco Y Gral. Manuel Belgrano,2,2,0,0,0,0,0,"-33.747513701541,-61.965623496987",Calle,,VENADO TUERTO,Constitución,Asfalto,No existe,VIII,Dentro,Urbana,Otra Señal,No existe,Intersección,S/D,S/D,Diurna,S/D,Múltiple,S/D,Colisión,S/D,Vertical,Cordón divisorio,Sin restricción
2021,9431,2021-12-23,Jueves,18:30:00,,0.0,2,"Pickup/Utilitario,Moto/Ciclomotor",Calle 41-43 Y Pasaje 44-46,4,3,0,0,1,0,0,"-29.145982861518874,-59.66299831867",Calle,,RECONQUISTA,Constitución,Asfalto,No existe,IX,Dentro,Urbana,Otra Señal,S/D,Intersección,S/D,S/D,S/D,S/D,Múltiple,S/D,Colisión,S/D,S/D,Cordón divisorio,Sin restricción
2021,9432,2021-12-18,Sabado,12:10:00,,0.0,2,"Moto/Ciclomotor,Automóvil",26 de Abril Y Cristóbal Colon,3,2,0,0,1,0,0,"-33.749256947292,-61.984826701334",Calle,,VENADO TUERTO,Constitución,S/D,No existe,VIII,Dentro,Urbana,Otra Señal,No existe,Intersección,S/D,S/D,Diurna,S/D,Múltiple,S/D,Colisión,S/D,Faltante,Cordón divisorio,Sin restricción
2021,9433,2021-12-23,Jueves,,,0.0,2,"Taxi/Remis,Automóvil",A. Capdevila Y Quintana,4,3,0,0,1,0,0,"-32.807150115827,-61.397327574228",Calle,,CAÑADA DE GÓMEZ,Constitución,S/D,S/D,X,Dentro,Urbana,Otra Señal,S/D,Intersección,S/D,S/D,S/D,S/D,Múltiple,S/D,Colisión,S/D,S/D,Cordón divisorio,Sin restricción