anio_acci,nro_acci,fecha,desc_dia,hora_aprox,desc_ruta,km,cant_participantes,desc_participante,calle_avenida_km,total,heridos_leves,heridos_graves,heridos_gravisimos,ilesos,fallecidos,sin_datos,posicion_XY,desc_tipo_via,desc_ruta_ori,desc_loc,desc_dpto,desc_tipo_calzada,desc_tipo_banquina,desc_unidad_regional,desc_lugar_calzada,desc_zona,desc_prioridad,desc_estado_semaforo,desc_lugar_via,desc_estado_via,desc_estado_visibilidad,desc_luminosidad,desc_estado_clima,desc_tipo_colision,desc_tipo_atropello,desc_tipo_hecho,desc_pres_calzada,desc_senializacion,desc_separacion_via,desc_restriccion
2021,9434,2021-12-18,Sabado,13:19:00,,0.0,2,"Moto/Ciclomotor,Automóvil",Chacabuco Y Lisandro de la Torre,3,2,0,0,1,0,0,"-33.750942049012,-61.971922438676",Calle,,VENADO TUERTO,Constitución,Asfalto,No existe,VIII,Dentro,Urbana,Otra Señal,No existe,Intersección,S/D,S/D,Diurna,S/D,Múltiple,S/D,Colisión,S/D,Faltante,Cordón divisorio,Sin restricción
2021,9435,2021-12-24,Viernes,15:15:00,,0.0,1,Automóvil,Dante Alighieri 900,1,1,0,0,0,0,0,"-33.756123461295,-61.964098863656",Calle,,VENADO TUERTO,Constitución,Asfalto,S/D,VIII,Dentro,Urbana,Otra Señal,No existe,Intersección,S/D,S/D,Diurna,S/D,Múltiple,S/D,Colisión,S/D,Faltante,Cordón divisorio,Sin restricción
2021,9436,2021-12-18,Sabado,,,0.0,1,Automóvil,Castellanos 1300,1,1,0,0,0,0,0,"-31.637613469565,-60.688807586422",Calle,,SANTA FE,Constitución,Asfalto,No existe,I,Dentro,Urbana,Otra Señal,No existe,Intersección,S/D,S/D,Nocturna,S/D,Múltiple,S/D,Colisión,S/D,Faltante,Cordón divisorio,Sin restricción
2021,9437,2021-12-18,Sabado,20:15:00,,0.0,3,"Automóvil,Moto/Ciclomotor,Peatón",Calle 22- 25 de Mayo Y Calle 37-Bvard. Lovato,3,2,0,0,1,0,0,"-29.155387969019,-59.650031857243",Calle,,RECONQUISTA,Constitución,Asfalto,No existe,IX,Dentro,Urbana,Otra Señal,No existe,Intersección,S/D,S/D,Nocturna,S/D,Múltiple,Peatón,Colisión,S/D,Faltante,Cordón divisorio,Sin restricción
2021,9438,2021-12-18,Sabado,,,0.0,2,"Moto/Ciclomotor,Moto/Ciclomotor",Moreno Y San Martín,2,2,0,0,0,0,0,"-28.039710118792,-59.220955395365",Calle,,FLORENCIA,Constitución,S/D,No existe,IX,Dentro,Urbana,Otra Señal,S/D,Intersección,S/D,S/D,S/D,S/D,Múltiple,S/D,Colisión,S/D,S/D,Cordón divisorio,Sin restricción
2021,9441,2021-11-08,Lunes,23:40:00,,0.0,2,"Moto/Ciclomotor,Automóvil",Calle 37-Bvard. Lovato ,2,1,0,0,1,0,0,"-29.1558, -59.64795",Calle,,RECONQUISTA,Constitución,S/D,S/D,IX,Dentro,Urbana,Otra Señal,S/D,Intersección,S/D,S/D,S/D,S/D,Múltiple,S/D,Colisión,S/D,S/D,Cordón divisorio,Sin restricción
2021,9442,2021-11-22,Lunes,16:00:00,,0.0,2,"Peatón,Otros",Florida ,2,1,0,0,0,0,1,"-32.92968, -60.68316",Calle,,ROSARIO,Constitución,S/D,S/D,II,Dentro,Urbana,Otra Señal,S/D,Intersección,S/D,S/D,Diurna,S/D,Múltiple,Peatón,Colisión,S/D,S/D,Cordón divisorio,Sin restricción
2021,9443,2021-12-26,Domingo,12:20:00,,0.0,2,"Moto/Ciclomotor,Automóvil",Gral. Manuel Belgrano Y Quintana,2,1,0,0,1,0,0,"-33.735638786455,-61.974905780564",Calle,,VENADO TUERTO,Constitución,Asfalto,No existe,VIII,Dentro,Urbana,Otra Señal,No existe,Intersección,Bueno,S/D,S/D,S/D,Múltiple,S/D,Colisión,S/D,Faltante,Cordón divisorio,Sin restricción
2021,9444,2021-11-22,Lunes,21:40:00,,0.0,1,Moto/Ciclomotor,Francia F Y Av. Argentina,1,1,0,0,0,0,0,"-33.00096, -60.67784",Avenida,,ROSARIO,Constitución,S/D,S/D,II,Dentro,Urbana,Otra Señal,S/D,Intersección,S/D,S/D,Diurna,S/D,Múltiple,S/D,Colisión,S/D,S/D,Cordón divisorio,Sin restricción
2021,9446,2021-12-06,Lunes,17:30:00,,0.0,2,"Moto/Ciclomotor,Moto/Ciclomotor",Calle 38-Corrientes Y Calle 49-San Luis,2,2,0,0,0,0,0,"-29.161010331463,-59.661190893811",Calle,,RECONQUISTA,Constitución,S/D,S/D,IX,Dentro,Urbana,Otra Señal,S/D,Intersección,S/D,S/D,Diurna,S/D,Múltiple,S/D,Colisión,S/D,S/D,Cordón divisorio,Sin restricción
2021,9447,2021-11-23,Martes,09:05:00,,0.0,1,Moto/Ciclomotor,De Angelis Bis Y Av. Génova,1,1,0,0,0,0,0,"-32.91562, -60.69904",Avenida,,ROSARIO,Constitución,Asfalto,S/D,II,Dentro,Urbana,Otra Señal,S/D,Intersección,S/D,S/D,Diurna,S/D,Múltiple,S/D,Colisión,S/D,S/D,Cordón divisorio,Sin restricción
2021,9448,2021-11-23,Martes,,,0.0,1,Moto/Ciclomotor, ,1,1,0,0,0,0,0,"-32.95883, -60.693",S/D,,ROSARIO,Constitución,S/D,S/D,II,S/D,S/D,Otra Señal,S/D,Intersección,S/D,S/D,S/D,S/D,Múltiple,S/D,Colisión,S/D,S/D,Cordón divisorio,Sin restricción
2021,9449,2021-11-23,Martes,23:00:00,Ruta Nacional A007,0.0,1,Moto/Ciclomotor,Av. Circunvalación Y Bv. Oroño,1,1,0,0,0,0,0,"-33.01159, -60.66475",Ruta,A007,ROSARIO,Constitución,Asfalto,S/D,II,Dentro,Urbana,Otra Señal,S/D,Intersección,S/D,S/D,Diurna,S/D,Múltiple,S/D,Colisión,S/D,S/D,Cordón divisorio,Sin restricción
2021,9450,2021-11-23,Martes,,,0.0,1,Moto/Ciclomotor, ,1,1,0,0,0,0,0,"-32.95883, -60.693",S/D,,ROSARIO,Constitución,S/D,S/D,II,S/D,S/D,Otra Señal,S/D,Intersección,S/D,S/D,S/D,S/D,Múltiple,S/D,Colisión,S/D,S/D,Cordón divisorio,Sin restricción
2021,9451,2021-11-23,Martes,18:30:00,,0.0,1,Moto/Ciclomotor,Santa Fe Y Virasoro,1,1,0,0,0,0,0,"-32.96625, -60.66464",Calle,,ROSARIO,Constitución,S/D,S/D,II,Dentro,Urbana,Otra Señal,S/D,Intersección,S/D,S/D,Diurna,S/D,Múltiple,S/D,Colisión,S/D,S/D,Cordón divisorio,Sin restricción
2021,9452,2021-11-23,Martes,,,0.0,1,Moto/Ciclomotor, ,1,1,0,0,0,0,0,"-32.95883, -60.693",S/D,,ROSARIO,Constitución,S/D,S/D,II,S/D,S/D,Otra Señal,S/D,Intersección,S/D,S/D,S/D,S/D,Múltiple,S/D,Colisión,S/D,S/D,Cordón divisorio,Sin restricción
2021,9453,2021-11-23,Martes,19:30:00,,0.0,1,Moto/Ciclomotor,Centeno Y Virasoro,1,1,0,0,0,0,0,"-32.96623, -60.66467",Calle,,ROSARIO,Constitución,Asfalto,S/D,II,Dentro,Urbana,Otra Señal,S/D,Intersección,S/D,S/D,Atardecer,S/D,Múltiple,S/D,Colisión,S/D,S/D,Cordón divisorio,Sin restricción
2021,9454,2021-11-24,Miercoles,20:00:00,,0.0,1,Moto/Ciclomotor, ,1,1,0,0,0,0,0,"-32.94719, -60.70194",Calle,,ROSARIO,Constitución,Asfalto,S/D,II,Dentro,Urbana,Otra Señal,S/D,Intersección,S/D,S/D,Nocturna,S/D,Múltiple,S/D,Colisión,S/D,S/D,Cordón divisorio,Sin restricción
2021,9455,2021-12-26,Domingo,12:45:00,Ruta Secundaria 89-s,58.0,1,Automóvil, ,4,4,0,0,0,0,0,"-28.034637464402774, -59.2567356310",Ruta,89-s,FLORENCIA,Constitución,Ripio,Natural,IX,Dentro,Rural,Otra Señal,S/D,Intersección,S/D,S/D,S/D,S/D,Múltiple,S/D,Colisión,S/D,S/D,Cordón divisorio,Sin restricción
2021,9456,2021-12-06,Lunes,13:45:00,,0.0,2,"Moto/Ciclomotor,Moto/Ciclomotor",Calle 16 Y Calle 19,3,3,0,0,0,0,0,"-28.354315152351,-59.255118741936",Calle,,LAS TOSCAS,Constitución,S/D,S/D,IX,Dentro,Urbana,Otra Señal,S/D,Intersección,S/D,S/D,S/D,S/D,Múltiple,S/D,Colisión,S/D,Faltante,Cordón divisorio,Sin restricción
2021,9457,2021-12-26,Domingo,,,0.0,1,Moto/Ciclomotor,Av. Irigoyen Y E Echeverria,2,2,0,0,0,0,0,"-30.941529262441,-61.544826976983",Avenida,,SUNCHALES,Constitución,Asfalto,No existe,V,Dentro,Urbana,Otra Señal,No existe,Intersección,Bueno,S/D,S/D,S/D,Múltiple,S/D,Colisión,Ninguna,Faltante,Cordón divisorio,Sin restricción
2021,9458,2021-12-26,Domingo,,,0.0,2,"Moto/Ciclomotor,Moto/Ciclomotor",E Zeballos Y J V González,2,2,0,0,0,0,0,"-30.945673902011,-61.554911974665",Calle,,SUNCHALES,Constitución,Asfalto,No existe,V,Dentro,Urbana,Otra Señal,No existe,Intersección,Bueno,S/D,S/D,S/D,Múltiple,S/D,Colisión,S/D,S/D,Cordón divisorio,Sin restricción
2021,9459,2021-12-26,Domingo,,,0.0,2,"Tren,Peatón",PERÓN ,2,1,0,0,1,0,0,"-33.073579072952235,-60.60106873512",Calle,,PUEBLO ESTHER,Constitución,S/D,S/D,II,Dentro,Urbana,Otra Señal,S/D,Intersección,S/D,S/D,S/D,S/D,Múltiple,Peatón,Colisión,S/D,S/D,Cordón divisorio,Sin restricción
2021,9460,2021-11-24,Miercoles,12:00:00,,0.0,1,Moto/Ciclomotor,Mendoza Y Pje. Gallegos,1,1,0,0,0,0,0,"-32.94421, -60.68054",Calle,,ROSARIO,Constitución,Asfalto,S/D,II,Dentro,Urbana,Otra Señal,S/D,Intersección,S/D,S/D,Diurna,S/D,Múltiple,S/D,Colisión,S/D,S/D,Cordón divisorio,Sin restricción
2021,9461,2021-12-07,Martes,15:50:00,,0.0,2,"Moto/Ciclomotor,Automóvil",Gral. Manuel Belgrano Y Leoncio de la Barrera,2,2,0,0,0,0,0,"-33.733831094749,-61.976342342016",Calle,,VENADO TUERTO,Constitución,Asfalto,No existe,VIII,Dentro,Urbana,Otra Señal,No existe,Intersección,Bueno,Buena,Diurna,Otro,Múltiple,S/D,Colisión,Ninguna,Faltante,Cordón divisorio,Sin restricción
2021,9462,2021-12-07,Martes,11:20:00,,0.0,1,Moto/Ciclomotor,Cristóbal Colon Y Juan Lavalle,1,1,0,0,0,0,0,"-33.743128423689,-61.973539986969",Calle,,VENADO TUERTO,Constitución,Asfalto,No existe,VIII,Dentro,Urbana,Otra Señal,No existe,Intersección,Bueno,Buena,Diurna,S/D,Múltiple,S/D,Colisión,Ninguna,Faltante,Cordón divisorio,Sin restricción
2021,9463,2021-11-24,Miercoles,15:00:00,,0.0,1,Moto/Ciclomotor,Francia F Y Cerrito,1,1,0,0,0,0,0,"-32.95701, -60.6693",Calle,,ROSARIO,Constitución,Asfalto,S/D,II,Dentro,Urbana,Otra Señal,S/D,Intersección,S/D,S/D,Diurna,S/D,Múltiple,S/D,Colisión,S/D,S/D,Cordón divisorio,Sin restricción
2021,9464,2021-11-24,Miercoles,14:40:00,,0.0,1,Moto/Ciclomotor,Av. Pellegrini 2800,1,1,0,0,0,0,0,"-32.95308, -60.6642",Avenida,,ROSARIO,Constitución,Asfalto,S/D,II,Dentro,Urbana,Otra Señal,S/D,Intersección,S/D,S/D,Diurna,S/D,Múltiple,S/D,Colisión,S/D,S/D,Cordón divisorio,Sin restricción
2021,9466,2021-12-07,Martes,,,0.0,2,"Automóvil,Moto/Ciclomotor",Calle 31-Newbery 1200,2,1,0,0,1,0,0,"-29.152294617905,-59.652231523431",Calle,,RECONQUISTA,Constitución,Asfalto,No existe,IX,Dentro,Urbana,Otra Señal,No existe,Intersección,Bueno,S/D,Diurna,S/D,Múltiple,S/D,Colisión,Ninguna,Faltante,Cordón divisorio,Sin restricción
2021,9467,2021-12-27,Lunes,01:30:00,,0.0,1,Moto/Ciclomotor,G.Carrasco Y Gallo,1,0,0,1,0,0,0,"-32.889389770786,-60.687024196695",Avenida,,ROSARIO,Constitución,Asfalto,No existe,II,Dentro,Urbana,Otra Señal,Funciona,Intersección,S/D,S/D,Nocturna,S/D,Múltiple,S/D,Colisión,S/D,"Horizontal,Vertical",Cordón divisorio,Sin restricción
2021,9468,2021-12-07,Martes,09:15:00,,0.0,2,"Pickup/Utilitario,Moto/Ciclomotor",Calle 13 ,3,2,0,0,1,0,0,"-29.118608236312834,-59.65848684310",Calle,,AVELLANEDA,Constitución,Asfalto,No existe,IX,Dentro,Urbana,Otra Señal,No existe,Intersección,Bueno,S/D,Diurna,Buen Tiempo,Múltiple,S/D,Colisión,Ninguna,Faltante,Cordón divisorio,Sin restricción
2021,9470,2021-11-08,Lunes,,Ruta Nacional 34,0.0,2,"Pickup/Utilitario,Pickup/Utilitario", ,3,2,0,0,1,0,0,"-31.12767, -61.47471",Ruta,34,LEHMANN,Constitución,S/D,S/D,V,Dentro,Urbana,Otra Señal,S/D,Intersección,S/D,S/D,S/D,S/D,Múltiple,S/D,Colisión,S/D,S/D,Cordón divisorio,Sin restricción
2021,9471,2021-12-18,Sabado,,,0.0,2,"Automóvil,Automóvil",Bv Centenario B Y Moreno,2,1,0,0,1,0,0,"-32.814051347267,-61.395348266468",Avenida,,CAÑADA DE GÓMEZ,Constitución,Asfalto,No existe,X,Dentro,Urbana,Otra Señal,No existe,Intersección,S/D,Buena,S/D,S/D,Múltiple,S/D,Colisión,S/D,Faltante,Cordón divisorio,Sin restricción
2021,9472,2021-11-24,Miercoles,19:30:00,,0.0,1,Moto/Ciclomotor, ,1,1,0,0,0,0,0,"-32.95883, -60.693",S/D,,ROSARIO,Constitución,S/D,S/D,II,S/D,S/D,Otra Señal,S/D,Intersección,S/D,S/D,Diurna,S/D,Múltiple,S/D,Colisión,S/D,S/D,Cordón divisorio,Sin restricción
2021,9473,2021-11-24,Miercoles,00:00:00,,0.0,1,Moto/Ciclomotor,Av. Avellaneda B Y Garibaldi,1,1,0,0,0,0,0,"-32.98397, -60.65913",Calle,,ROSARIO,Constitución,Asfalto,S/D,II,Dentro,Urbana,Otra Señal,S/D,Intersección,S/D,S/D,Nocturna,S/D,Múltiple,S/D,Colisión,S/D,S/D,Cordón divisorio,Sin restricción
2021,9474,2021-11-08,Lunes,,,0.0,2,"Moto/Ciclomotor,Moto/Ciclomotor",SANTA FE Y 25 DE MAYO,2,1,0,0,1,0,0,"-30.97989, -61.74301",Calle,,ALDAO,Constitución,S/D,S/D,XVII,Dentro,Urbana,Otra Señal,S/D,Intersección,S/D,S/D,S/D,S/D,Múltiple,S/D,Colisión,S/D,S/D,Cordón divisorio,Sin restricción
2021,9475,2021-12-27,Lunes,00:15:00,,0.0,1,Moto/Ciclomotor,Martin Zapata Y San Martin,3,3,0,0,0,0,0,"-31.619879759954,-60.699400539459",Calle,,SANTA FE,Constitución,Asfalto,No existe,I,Dentro,Urbana,Otra Señal,No existe,Intersección,S/D,S/D,Nocturna,S/D,Múltiple,S/D,Colisión,S/D,Faltante,Cordón divisorio,Sin restricción
2021,9476,2021-11-08,Lunes,15:00:00,,0.0,1,Automóvil, ,1,1,0,0,0,0,0,"-28.72642, -59.47724",Calle,,ARROYO CEIBAL,Constitución,S/D,S/D,IX,Dentro,Urbana,Otra Señal,S/D,Intersección,S/D,S/D,S/D,S/D,Múltiple,S/D,Colisión,S/D,S/D,Cordón divisorio,Sin restricción
2021,9477,2021-11-09,Martes,07:50:00,,0.0,2,"Automóvil,Moto/Ciclomotor",Calle 45-47 Paraguay ,2,1,0,0,1,0,0,"-29.16396, -59.65147",Calle,,RECONQUISTA,Constitución,S/D,S/D,IX,Dentro,Urbana,Otra Señal,S/D,Intersección,S/D,S/D,S/D,S/D,Múltiple,S/D,Colisión,S/D,S/D,Cordón divisorio,Sin restricción
2021,9478,2021-12-18,Sabado,03:30:00,,0.0,1,Moto/Ciclomotor,Av. Belgrano Y Tucumán,1,1,0,0,0,0,0,"-32.821631457495,-60.723357234463",Avenida,,CAPITÁN BERMÚDEZ,Constitución,S/D,No existe,XVII,Dentro,Urbana,Otra Señal,No existe,Intersección,S/D,S/D,Nocturna,S/D,Múltiple,S/D,Colisión,S/D,S/D,Cordón divisorio,Sin restricción
2021,9479,2021-11-09,Martes,16:00:00,,0.0,2,"Automóvil,Moto/Ciclomotor",Calle 41-43 Y Calle 48,3,2,0,0,1,0,0,"-29.15593, -59.6612",Calle,,RECONQUISTA,Constitución,S/D,S/D,IX,Dentro,Urbana,Otra Señal,S/D,Intersección,S/D,S/D,S/D,S/D,Múltiple,S/D,Colisión,S/D,S/D,Cordón divisorio,Sin restricción
2021,9480,2021-12-08,Miercoles,20:37:00,,0.0,2,"Moto/Ciclomotor,Bicicleta",López Y Santa Fe,2,2,0,0,0,0,0,"-33.718674210585,-61.976933245924",Calle,,VENADO TUERTO,Constitución,Asfalto,No existe,VIII,Dentro,Urbana,Otra Señal,No existe,Intersección,Bueno,S/D,Diurna,S/D,Múltiple,Ciclista,Colisión,Ninguna,Horizontal,Cordón divisorio,Sin restricción
2021,9481,2021-12-28,Martes,,,0.0,2,"Moto/Ciclomotor,Automóvil",1ro de Mayo Y Urquiza,2,1,0,0,1,0,0,"-31.248218742333,-61.482958332747",Calle,,RAFAELA,Constitución,Asfalto,No existe,V,Dentro,Urbana,Otra Señal,No existe,Intersección,Bueno,S/D,Diurna,S/D,Múltiple,S/D,Colisión,S/D,Horizontal,Cordón divisorio,Sin restricción
2021,9483,2021-12-08,Miercoles,15:48:00,,0.0,2,"Automóvil,Moto/Ciclomotor",Bartolomé Mitre Y Mariano Moreno,2,1,0,0,1,0,0,"-33.750445015397,-61.966354013338",Calle,,VENADO TUERTO,Constitución,Asfalto,No existe,VIII,Dentro,Urbana,Otra Señal,No existe,Intersección,Bueno,Buena,Diurna,S/D,Múltiple,S/D,Colisión,Ninguna,Faltante,Cordón divisorio,Sin restricción
2021,9484,2021-12-28,Martes,,Ruta Provincial 70,0.0,2,"Pickup/Utilitario,Moto/Ciclomotor",Bv H Irigoyen Y Las Heras,3,2,0,0,1,0,0,"-31.255410404914,-61.492313533164",Ruta,70,RAFAELA,Constitución,Asfalto,No existe,V,Dentro,Urbana,Otra Señal,No existe,Intersección,S/D,S/D,S/D,S/D,Múltiple,S/D,Colisión,S/D,Horizontal,Cordón divisorio,Sin restricción
2021,9486,2021-11-24,Miercoles,12:30:00,,0.0,1,Moto/Ciclomotor,Entre Ríos Y San Lorenzo,1,1,0,0,0,0,0,"-32.94362, -60.64036",Calle,,ROSARIO,Constitución,Asfalto,S/D,II,Dentro,Urbana,Otra Señal,S/D,Intersección,S/D,S/D,Diurna,S/D,Múltiple,S/D,Colisión,S/D,S/D,Cordón divisorio,Sin restricción
2021,9487,2021-12-28,Martes,,,0.0,2,"Automóvil,Moto/Ciclomotor",José Ingenieros Y Roca,2,1,0,0,1,0,0,"-30.942474553162,-61.558108810752",Calle,,SUNCHALES,Constitución,Asfalto,No existe,V,Dentro,Urbana,Otra Señal,No existe,Intersección,S/D,S/D,S/D,S/D,Múltiple,S/D,Colisión,S/D,S/D,Cordón divisorio,Sin restricción
2021,9488,2021-11-24,Miercoles,08:45:00,Autopista Nacional A007,0.0,1,Moto/Ciclomotor,Rivarola Y Av. Circunvalación,1,1,0,0,0,0,0,"-32.96598, -60.71927",Autopista,A007,ROSARIO,Constitución,Asfalto,S/D,II,Dentro,Urbana,Otra Señal,S/D,Intersección,S/D,S/D,Diurna,S/D,Múltiple,S/D,Colisión,S/D,S/D,Cordón divisorio,Sin restricción
2021,9489,2021-12-28,Martes,19:45:00,Ruta Nacional 11,0.0,2,"Moto/Ciclomotor,Pickup/Utilitario",Calle 137 Y Ruta Nacional 11,3,2,0,0,1,0,0,"-28.345308999974,-59.264003524424",Ruta,11,LAS TOSCAS,Constitución,Asfalto,Ripio,IX,Dentro,Urbana,Otra Señal,No existe,Intersección,S/D,S/D,Diurna,S/D,Múltiple,S/D,Colisión,S/D,"Horizontal,Vertical",Cordón divisorio,Sin restricción
2021,9490,2021-12-28,Martes,13:25:00,,0.0,2,"Automóvil,Moto/Ciclomotor",Calle 10-Ludueña Y Calle 25-Rivadavia,2,1,0,0,1,0,0,"-29.150133836052,-59.641956038109",Calle,,RECONQUISTA,Constitución,Asfalto,No existe,IX,Dentro,Urbana,Otra Señal,No existe,Intersección,S/D,S/D,Diurna,S/D,Múltiple,S/D,Colisión,S/D,Faltante,Cordón divisorio,Sin restricción
2021,9491,2021-12-28,Martes,20:40:00,,0.0,2,"Automóvil,Bicicleta",Calle 301 Y Calle 332,2,1,0,0,1,0,0,"-29.113418338423,-59.645309259557",Calle,,AVELLANEDA,Constitución,S/D,No existe,IX,Dentro,Urbana,Otra Señal,S/D,Intersección,S/D,S/D,Nocturna,S/D,Múltiple,Ciclista,Colisión,S/D,S/D,Cordón divisorio,Sin restricción
2021,9492,2021-12-08,Miercoles,09:00:00,Ruta Nacional 34,228.0,4,"Automóvil,Automóvil,Automóvil,Automóvil", ,4,4,0,0,0,0,0,"-31.212571, -61.497333",Ruta,34,RAFAELA,Constitución,Asfalto,Pavimento,V,Dentro,Rural,Otra Señal,No existe,Intersección,Bueno,S/D,Diurna,S/D,Múltiple,S/D,Colisión,Ninguna,Horizontal,Cordón divisorio,Sin restricción
2021,9493,2021-11-09,Martes,09:15:00,,0.0,2,"Moto/Ciclomotor,Pickup/Utilitario",Bv General Obligado Y Fray Luis Beltrán,2,1,0,0,1,0,0,"-28.48737, -59.35939",Calle,,VILLA OCAMPO,Constitución,S/D,S/D,IX,Dentro,Urbana,Otra Señal,S/D,Intersección,S/D,S/D,S/D,S/D,Múltiple,S/D,Colisión,S/D,S/D,Cordón divisorio,Sin restricción
2021,9494,2021-11-09,Martes,09:00:00,,0.0,1,Moto/Ciclomotor,San Martín Y 25 de Mayo,2,2,0,0,0,0,0,"-28.04022, -59.21733",Calle,,FLORENCIA,Constitución,S/D,S/D,IX,Dentro,Urbana,Otra Señal,S/D,Intersección,S/D,S/D,S/D,S/D,Múltiple,S/D,Colisión,S/D,S/D,Cordón divisorio,Sin restricción
2021,9495,2021-11-25,Jueves,11:30:00,,0.0,1,Automóvil,Bv. 27 De Febrero ,1,1,0,0,0,0,0,"-32.96229, -60.6736",Avenida,,ROSARIO,Constitución,Asfalto,S/D,II,Dentro,Urbana,Otra Señal,S/D,Intersección,S/D,S/D,Diurna,S/D,Múltiple,S/D,Colisión,S/D,S/D,Cordón divisorio,Sin restricción
2021,9497,2021-11-25,Jueves,19:55:00,,0.0,1,Moto/Ciclomotor,Av. Pte. Perón Y Lima,1,1,0,0,0,0,0,"-32.95805, -60.68819",Avenida,,ROSARIO,Constitución,Asfalto,S/D,II,Dentro,Urbana,Otra Señal,S/D,Intersección,S/D,S/D,Atardecer,S/D,Múltiple,S/D,Colisión,S/D,S/D,Cordón divisorio,Sin restricción
2021,9498,2021-11-09,Martes,,,0.0,2,"Moto/Ciclomotor,Automóvil",Constitución 40,2,1,0,0,1,0,0,"-31.2542, -61.48527",Calle,,RAFAELA,Constitución,S/D,S/D,V,Dentro,Urbana,Otra Señal,S/D,Intersección,S/D,S/D,S/D,S/D,Múltiple,S/D,Colisión,S/D,S/D,Cordón divisorio,Sin restricción
2021,9499,2021-11-09,Martes,,,0.0,2,"Automóvil,Bicicleta",Tucumán ,2,1,0,0,1,0,0,"-31.24006, -61.48169",Calle,,RAFAELA,Constitución,S/D,S/D,V,Dentro,Urbana,Otra Señal,S/D,Intersección,S/D,S/D,S/D,S/D,Múltiple,Ciclista,Colisión,S/D,S/D,Cordón divisorio,Sin restricción
2021,9501,2021-12-08,Miercoles,22:07:00,,0.0,2,"Automóvil,Automóvil",Doctor Farran Y Fray Luis Beltrán,6,1,0,0,5,0,0,"-28.487244257854,-59.350526703027",Calle,,VILLA OCAMPO,Constitución,Asfalto,S/D,IX,Dentro,Urbana,Otra Señal,S/D,Intersección,S/D,S/D,Nocturna,S/D,Múltiple,S/D,Colisión,S/D,S/D,Cordón divisorio,Sin restricción
2021,9502,2021-11-09,Martes,,,0.0,2,"Automóvil,Moto/Ciclomotor",Avenida General San Martin Y Santa Fe,3,1,0,0,2,0,0,"-31.12811, -61.45307",Calle,,LEHMANN,Constitución,S/D,S/D,V,Dentro,Urbana,Otra Señal,S/D,Intersección,S/D,S/D,S/D,S/D,Múltiple,S/D,Colisión,S/D,S/D,Cordón divisorio,Sin restricción
2021,9504,2021-11-26,Viernes,10:30:00,,0.0,2,"Peatón,Otros",Córdoba Y Ricchieri,2,1,0,0,0,0,1,"-32.94204, -60.6628",Calle,,ROSARIO,Constitución,Asfalto,S/D,II,Dentro,Urbana,Otra Señal,S/D,Intersección,S/D,S/D,Diurna,S/D,Múltiple,Peatón,Colisión,S/D,S/D,Cordón divisorio,Sin restricción
2021,9505,2021-11-26,Viernes,22:00:00,,0.0,1,Moto/Ciclomotor,French Y Larrea,1,1,0,0,0,0,0,"-32.92139, -60.69799",Calle,,ROSARIO,Constitución,Asfalto,S/D,II,Dentro,Urbana,Otra Señal,S/D,Intersección,S/D,S/D,Nocturna,S/D,Múltiple,S/D,Colisión,S/D,S/D,Cordón divisorio,Sin restricción
2021,9506,2021-12-08,Miercoles,19:40:00,,0.0,2,"Moto/Ciclomotor,Moto/Ciclomotor",Calle 121 Y Calle 122,4,3,0,0,0,0,1,"-29.120606284975,-59.680110684006",Calle,,AVELLANEDA,Constitución,S/D,S/D,IX,Dentro,Urbana,Otra Señal,S/D,Intersección,S/D,S/D,S/D,S/D,Múltiple,S/D,Colisión,S/D,S/D,Cordón divisorio,Sin restricción
2021,9508,2021-12-29,Miercoles,,Ruta Provincial 61,66.0,1,Pickup/Utilitario, ,3,3,0,0,0,0,0,"-30.939900023532374, -60.6474043218",Ruta,61,VIDELA,Constitución,S/D,S/D,XVI,Dentro,Rural,Otra Señal,S/D,Intersección,S/D,S/D,S/D,S/D,Múltiple,S/D,Colisión,S/D,S/D,Cordón divisorio,Sin restricción
2021,9509,2021-12-09,Jueves,,,0.0,2,"Pickup/Utilitario,Moto/Ciclomotor",Francisco Beltramino Y L Marchini,3,2,0,0,1,0,0,"-31.273526887198,-61.482215020511",Calle,,RAFAELA,Constitución,S/D,S/D,V,Dentro,Urbana,Otra Señal,S/D,Intersección,S/D,S/D,S/D,S/D,Múltiple,S/D,Colisión,S/D,S/D,Cordón divisorio,Sin restricción
2021,9510,2021-11-10,Miercoles,11:45:00,,0.0,2,"Pickup/Utilitario,Moto/Ciclomotor",Brigadier Estanislao López Y 2 de Abril,3,2,0,0,1,0,0,"-28.49338, -59.36079",Calle,,VILLA OCAMPO,Constitución,S/D,S/D,IX,Dentro,Urbana,Otra Señal,S/D,Intersección,S/D,S/D,S/D,S/D,Múltiple,S/D,Colisión,S/D,S/D,Cordón divisorio,Sin restricción
2021,9511,2021-11-30,Martes,19:30:00,,0.0,1,Moto/Ciclomotor,Lima Y Bv. 27 De Febrero,1,1,0,0,0,0,0,"-32.95948, -60.68855",Avenida,,ROSARIO,Constitución,Asfalto,S/D,II,Dentro,Urbana,Otra Señal,S/D,Intersección,S/D,S/D,Atardecer,S/D,Múltiple,S/D,Colisión,S/D,S/D,Cordón divisorio,Sin restricción
2021,9512,2021-11-30,Martes,15:00:00,,0.0,1,Moto/Ciclomotor,Cochabamba ,1,1,0,0,0,0,0,"-32.9587, -60.63968",Calle,,ROSARIO,Constitución,Asfalto,S/D,II,Dentro,Urbana,Otra Señal,S/D,Intersección,S/D,S/D,Diurna,S/D,Múltiple,S/D,Colisión,S/D,S/D,Cordón divisorio,Sin restricción
2021,9513,2021-11-10,Miercoles,,Autopista Provincial Brigadier E.LÓPEZ,0.0,2,"Moto/Ciclomotor,Moto/Ciclomotor", ,3,3,0,0,0,0,0,"-31.64125, -60.78661",Autopista,Brigadier E.LÓPEZ,SANTA FE,Constitución,S/D,S/D,I,Dentro,Urbana,Otra Señal,S/D,Intersección,S/D,S/D,S/D,S/D,Múltiple,S/D,Colisión,S/D,S/D,Cordón divisorio,Sin restricción