anio_acci,nro_acci,fecha,desc_dia,hora_aprox,desc_ruta,km,cant_participantes,desc_participante,calle_avenida_km,total,heridos_leves,heridos_graves,heridos_gravisimos,ilesos,fallecidos,sin_datos,posicion_XY,desc_tipo_via,desc_ruta_ori,desc_loc,desc_dpto,desc_tipo_calzada,desc_tipo_banquina,desc_unidad_regional,desc_lugar_calzada,desc_zona,desc_prioridad,desc_estado_semaforo,desc_lugar_via,desc_estado_via,desc_estado_visibilidad,desc_luminosidad,desc_estado_clima,desc_tipo_colision,desc_tipo_atropello,desc_tipo_hecho,desc_pres_calzada,desc_senializacion,desc_separacion_via,desc_restriccion
2021,9591,2021-12-21,Martes,,,0.0,2,"Taxi/Remis,Pickup/Utilitario",Av. Pellegrini Y España,4,1,0,0,3,0,0,"-32.955719744531,-60.649215090827",Avenida,,ROSARIO,Constitución,Asfalto,No existe,II,Dentro,Urbana,Otra Señal,Funciona,Intersección,S/D,S/D,S/D,S/D,Múltiple,S/D,Colisión,S/D,"Horizontal,Vertical",Cordón divisorio,Sin restricción
2021,9592,2021-12-21,Martes,08:00:00,,0.0,2,"Moto/Ciclomotor,Moto/Ciclomotor",Alberdi Y Caseros,2,1,0,0,1,0,0,"-28.491693765449,-59.351745445687",Calle,,VILLA OCAMPO,Constitución,S/D,No existe,IX,Dentro,Urbana,Otra Señal,S/D,Intersección,S/D,S/D,Diurna,S/D,Múltiple,S/D,Colisión,S/D,S/D,Cordón divisorio,Sin restricción
2021,9593,2021-11-29,Lunes,19:30:00,,0.0,1,Moto/Ciclomotor,Lavalle Y Biedma,1,1,0,0,0,0,0,"-32.97428, -60.6866",Calle,,ROSARIO,Constitución,Asfalto,S/D,II,Dentro,Urbana,Otra Señal,S/D,Intersección,S/D,S/D,Atardecer,S/D,Múltiple,S/D,Colisión,S/D,S/D,Cordón divisorio,Sin restricción
2021,9594,2021-11-29,Lunes,19:30:00,,0.0,1,Moto/Ciclomotor,J.J.Paso ,1,1,0,0,0,0,0,"-32.92022, -60.71283",Calle,,ROSARIO,Constitución,S/D,S/D,II,Dentro,Urbana,Otra Señal,S/D,Intersección,S/D,S/D,Atardecer,S/D,Múltiple,S/D,Colisión,S/D,S/D,Cordón divisorio,Sin restricción
2021,9595,2021-11-13,Sabado,18:50:00,,0.0,2,"Moto/Ciclomotor,Automóvil",Calle 33-Pueyrredon Y Calle 24 - Olessio,2,1,0,0,1,0,0,"-29.15353, -59.65113",Calle,,RECONQUISTA,Constitución,S/D,S/D,IX,Dentro,Urbana,Otra Señal,S/D,Intersección,S/D,S/D,S/D,S/D,Múltiple,S/D,Colisión,S/D,S/D,Cordón divisorio,Sin restricción
2021,9596,2021-11-13,Sabado,08:30:00,,0.0,2,"Moto/Ciclomotor,Moto/Ciclomotor",Santa Rosa Y Quintana,2,1,0,0,1,0,0,"-32.8009, -61.39587",Calle,,CAÑADA DE GÓMEZ,Constitución,S/D,S/D,IX,Dentro,Urbana,Otra Señal,S/D,Intersección,S/D,S/D,S/D,S/D,Múltiple,S/D,Colisión,S/D,S/D,Cordón divisorio,Sin restricción
2021,9597,2021-11-13,Sabado,20:30:00,,0.0,2,"Automóvil,Camión", ,2,1,0,0,1,0,0,"-32.77269, -60.78502",Calle,,RICARDONE,Constitución,S/D,S/D,XVII,Dentro,Urbana,Otra Señal,S/D,Intersección,S/D,S/D,S/D,S/D,Múltiple,S/D,Colisión,S/D,S/D,Cordón divisorio,Sin restricción
2021,9598,2021-11-13,Sabado,08:00:00,,0.0,1,Automóvil, ,3,3,0,0,0,0,0,"-30.7899, -60.59317",Calle,,SAN JUSTO,Constitución,S/D,S/D,XVI,Dentro,Urbana,Otra Señal,S/D,Intersección,S/D,S/D,S/D,S/D,Múltiple,S/D,Colisión,S/D,S/D,Cordón divisorio,Sin restricción
2021,9599,2021-11-14,Domingo,23:16:00,,0.0,2,"Automóvil,Automóvil",José Aufranc ,2,2,0,0,0,0,0,"-33.73225, -61.98067",Calle,,VENADO TUERTO,Constitución,S/D,S/D,VIII,Dentro,Urbana,Otra Señal,S/D,Intersección,S/D,S/D,S/D,S/D,Múltiple,S/D,Colisión,S/D,S/D,Cordón divisorio,Sin restricción
2021,9602,2021-11-14,Domingo,,,0.0,2,"Moto/Ciclomotor,Pickup/Utilitario",Bv G L Lehmann Y Mariano Moreno,2,1,0,0,1,0,0,"-31.25172, -61.49146",Calle,,RAFAELA,Constitución,S/D,S/D,V,Dentro,Urbana,Otra Señal,S/D,Intersección,S/D,S/D,S/D,S/D,Múltiple,S/D,Colisión,S/D,S/D,Cordón divisorio,Sin restricción
2021,9603,2021-11-15,Lunes,,,0.0,2,"Automóvil,Automóvil",18 DE JULIO ,3,3,0,0,0,0,0,"-30.97834, -61.73086",Calle,,COLONIA ALDAO,Constitución,S/D,S/D,V,Dentro,Urbana,Otra Señal,S/D,Intersección,S/D,S/D,S/D,S/D,Múltiple,S/D,Colisión,S/D,S/D,Cordón divisorio,Sin restricción
2021,9604,2021-11-15,Lunes,,Ruta Nacional 19,0.0,2,"Pickup/Utilitario,Camión", ,2,1,0,0,1,0,0,"-31.45196, -61.7066",Ruta,19,ESTACIÓN CLUCELLAS,Constitución,S/D,S/D,V,Dentro,Urbana,Otra Señal,S/D,Intersección,S/D,S/D,S/D,S/D,Múltiple,S/D,Colisión,S/D,S/D,Cordón divisorio,Sin restricción
2021,9605,2021-11-15,Lunes,23:50:00,,0.0,2,"Moto/Ciclomotor,Pickup/Utilitario",Ituzaingó-Calle 72 ,3,1,0,0,2,0,0,"-31.43108, -62.06364",Calle,,FRONTERA,Constitución,S/D,S/D,V,Dentro,Urbana,Otra Señal,S/D,Intersección,S/D,S/D,S/D,S/D,Múltiple,S/D,Colisión,S/D,S/D,Cordón divisorio,Sin restricción
2021,9606,2021-11-15,Lunes,19:45:00,,0.0,2,"Moto/Ciclomotor,Moto/Ciclomotor",Calle 9 Y Calle 6,2,1,0,0,1,0,0,"-28.41504, -59.26188",Calle,,TACUARENDÍ,Constitución,S/D,S/D,IX,Dentro,Urbana,Otra Señal,S/D,Intersección,S/D,S/D,S/D,S/D,Múltiple,S/D,Colisión,S/D,S/D,Cordón divisorio,Sin restricción
2021,9607,2021-11-15,Lunes,20:30:00,,0.0,2,"Pickup/Utilitario,Moto/Ciclomotor",Calle 75-Lisandro de la Torre 300,2,1,0,0,1,0,0,"-28.41504, -59.26188",Calle,,RECONQUISTA,Constitución,S/D,S/D,IX,Dentro,Urbana,Otra Señal,S/D,Intersección,S/D,S/D,S/D,S/D,Múltiple,S/D,Colisión,S/D,S/D,Cordón divisorio,Sin restricción
2021,9608,2021-11-01,Lunes,15:00:00,,0.0,1,Moto/Ciclomotor,Suipacha Y 9 De Julio,1,1,0,0,0,0,0,"-32.94921, -60.66603",Calle,,ROSARIO,Constitución,S/D,S/D,II,Dentro,Urbana,Otra Señal,S/D,Intersección,S/D,S/D,S/D,S/D,Múltiple,S/D,Colisión,S/D,S/D,Cordón divisorio,Sin restricción
2021,9609,2021-02-01,Lunes,05:00:00,,0.0,1,Moto/Ciclomotor, ,1,1,0,0,0,0,0,"-32.95817760227484,-60.666264034822",S/D,,ROSARIO,Constitución,S/D,S/D,II,S/D,S/D,Otra Señal,S/D,Intersección,S/D,S/D,Nocturna,S/D,Múltiple,S/D,Colisión,S/D,S/D,Cordón divisorio,Sin restricción
2021,9610,2021-11-01,Lunes,16:00:00,Ruta Nacional 34,0.0,1,Moto/Ciclomotor,Varela ,1,1,0,0,0,0,0,"-32.89144, -60.72318",Ruta,34,ROSARIO,Constitución,S/D,S/D,II,Dentro,Urbana,Otra Señal,S/D,Intersección,S/D,S/D,S/D,S/D,Múltiple,S/D,Colisión,S/D,S/D,Cordón divisorio,Sin restricción
2021,9611,2021-11-01,Lunes,08:50:00,,0.0,1,Moto/Ciclomotor,Pje. Eva Perón ,1,1,0,0,0,0,0,"-32.93183, -60.72003",Calle,,ROSARIO,Constitución,S/D,S/D,II,Dentro,Urbana,Otra Señal,S/D,Intersección,S/D,S/D,S/D,S/D,Múltiple,S/D,Colisión,S/D,S/D,Cordón divisorio,Sin restricción
2021,9612,2021-03-01,Lunes,06:00:00,,0.0,1,Moto/Ciclomotor,J.J.Paso Y Francia F,1,1,0,0,0,0,0,"-31.66222, -60.7198",Calle,,ROSARIO,Constitución,Asfalto,S/D,II,Dentro,Urbana,Otra Señal,S/D,Intersección,S/D,S/D,Amanecer,S/D,Múltiple,S/D,Colisión,S/D,S/D,Cordón divisorio,Sin restricción
2021,9613,2021-11-01,Lunes,00:00:00,,0.0,1,Moto/Ciclomotor, ,1,1,0,0,0,0,0,"-32.9588, -60.69398",Calle,,ROSARIO,Constitución,S/D,S/D,II,Dentro,Urbana,Otra Señal,S/D,Intersección,S/D,S/D,S/D,S/D,Múltiple,S/D,Colisión,S/D,S/D,Cordón divisorio,Sin restricción
2021,9614,2021-11-01,Lunes,12:30:00,,0.0,1,Automóvil,Santa Fe 4600,1,1,0,0,0,0,0,"-32.93657, -60.68561",Calle,,ROSARIO,Constitución,S/D,S/D,II,Dentro,Urbana,Otra Señal,S/D,Intersección,S/D,S/D,S/D,S/D,Múltiple,S/D,Colisión,S/D,S/D,Cordón divisorio,Sin restricción
2021,9615,2021-11-01,Lunes,,,0.0,1,Moto/Ciclomotor, ,1,1,0,0,0,0,0,"-32.95846, -60.69045",Calle,,ROSARIO,Constitución,S/D,S/D,II,Dentro,Urbana,Otra Señal,S/D,Intersección,S/D,S/D,S/D,S/D,Múltiple,S/D,Colisión,S/D,S/D,Cordón divisorio,Sin restricción
2021,9616,2021-11-01,Lunes,21:30:00,,0.0,1,Moto/Ciclomotor,Bv. Seguí Y Bv. Oroño,1,1,0,0,0,0,0,"-32.97629, -60.6613",Calle,,ROSARIO,Constitución,S/D,S/D,II,Dentro,Urbana,Otra Señal,S/D,Intersección,S/D,S/D,S/D,S/D,Múltiple,S/D,Colisión,S/D,S/D,Cordón divisorio,Sin restricción
2021,9617,2021-02-01,Lunes,15:00:00,,0.0,1,Bicicleta, ,1,1,0,0,0,0,0,"-32.95817760227484,-60.666264034822",S/D,,ROSARIO,Constitución,S/D,S/D,II,S/D,S/D,Otra Señal,S/D,Intersección,S/D,S/D,Diurna,S/D,Múltiple,S/D,Colisión,S/D,S/D,Cordón divisorio,Sin restricción
2021,9618,2021-11-02,Martes,11:30:00,,0.0,1,Automóvil,Bv. Oroño Y Av. Pellegrini,1,1,0,0,0,0,0,"-32.97651, -60.66148",Calle,,ROSARIO,Constitución,S/D,S/D,II,Dentro,Urbana,Otra Señal,S/D,Intersección,S/D,S/D,S/D,S/D,Múltiple,S/D,Colisión,S/D,S/D,Cordón divisorio,Sin restricción
2021,9621,2021-11-02,Martes,20:00:00,,0.0,1,Moto/Ciclomotor,Mariano Moreno 900,1,1,0,0,0,0,0,"-32.94551, -60.6508",Calle,,ROSARIO,Constitución,S/D,S/D,II,Dentro,Urbana,Otra Señal,S/D,Intersección,S/D,S/D,S/D,S/D,Múltiple,S/D,Colisión,S/D,S/D,Cordón divisorio,Sin restricción
2021,9622,2021-11-02,Martes,22:45:00,,0.0,1,Moto/Ciclomotor, ,1,1,0,0,0,0,0,"-32.95846, -60.69045",Calle,,ROSARIO,Constitución,S/D,S/D,II,Dentro,Urbana,Otra Señal,S/D,Intersección,S/D,S/D,S/D,S/D,Múltiple,S/D,Colisión,S/D,S/D,Cordón divisorio,Sin restricción
2021,9623,2021-11-02,Martes,,,0.0,1,Moto/Ciclomotor, ,1,1,0,0,0,0,0,"-32.95846, -60.69045",Calle,,ROSARIO,Constitución,S/D,S/D,II,Dentro,Urbana,Otra Señal,S/D,Intersección,S/D,S/D,S/D,S/D,Múltiple,S/D,Colisión,S/D,S/D,Cordón divisorio,Sin restricción
2021,9624,2021-03-01,Lunes,06:10:00,,0.0,1,Moto/Ciclomotor, ,1,1,0,0,0,0,0,"-32.95883, -60.693",S/D,,ROSARIO,Constitución,S/D,S/D,II,S/D,S/D,Otra Señal,S/D,Intersección,S/D,S/D,Diurna,S/D,Múltiple,S/D,Colisión,S/D,S/D,Cordón divisorio,Sin restricción
2021,9625,2021-11-03,Miercoles,,,0.0,1,Peatón, ,1,1,0,0,0,0,0,"-32.95846, -60.69045",Calle,,ROSARIO,Constitución,S/D,S/D,II,Dentro,Urbana,Otra Señal,S/D,Intersección,S/D,S/D,S/D,S/D,Múltiple,Peatón,Colisión,S/D,S/D,Cordón divisorio,Sin restricción
2021,9626,2021-11-03,Miercoles,14:00:00,,0.0,1,Bicicleta, ,1,1,0,0,0,0,0,"-33.02582, -60.6335",Calle,,VILLA GOBERNADOR GÁLVEZ,Constitución,S/D,S/D,II,Dentro,Urbana,Otra Señal,S/D,Intersección,S/D,S/D,S/D,S/D,Múltiple,Ciclista,Colisión,S/D,S/D,Cordón divisorio,Sin restricción
2021,9628,2021-11-03,Miercoles,20:00:00,,0.0,1,Automóvil,Mendoza Y Av. Circunvalación,1,1,0,0,0,0,0,"-32.94428, -60.6805",Calle,,ROSARIO,Constitución,S/D,S/D,II,Dentro,Urbana,Otra Señal,S/D,Intersección,S/D,S/D,S/D,S/D,Múltiple,S/D,Colisión,S/D,S/D,Cordón divisorio,Sin restricción
2021,9629,2021-11-04,Jueves,23:00:00,,0.0,1,Moto/Ciclomotor, ,1,1,0,0,0,0,0,"-32.9548, -60.69045",Calle,,ROSARIO,Constitución,S/D,S/D,II,Dentro,Urbana,Otra Señal,S/D,Intersección,S/D,S/D,S/D,S/D,Múltiple,S/D,Colisión,S/D,S/D,Cordón divisorio,Sin restricción
2021,9630,2021-11-04,Jueves,13:00:00,,0.0,1,Moto/Ciclomotor,Tte.Agneta Y Pje. Jean Jaures,1,1,0,0,0,0,0,"-32.9654, -60.69885",Calle,,ROSARIO,Constitución,S/D,S/D,II,Dentro,Urbana,Otra Señal,S/D,Intersección,S/D,S/D,S/D,S/D,Múltiple,S/D,Colisión,S/D,S/D,Cordón divisorio,Sin restricción
2021,9631,2021-11-04,Jueves,00:00:00,,0.0,1,Moto/Ciclomotor,Necochea Y Viamonte,1,1,0,0,0,0,0,"-32.96785, -60.62889",Calle,,ROSARIO,Constitución,S/D,S/D,II,Dentro,Urbana,Otra Señal,S/D,Intersección,S/D,S/D,S/D,S/D,Múltiple,S/D,Colisión,S/D,S/D,Cordón divisorio,Sin restricción
2021,9632,2021-11-05,Viernes,00:00:00,,0.0,1,Moto/Ciclomotor,De Angelis Bis Y Av. Génova,1,1,0,0,0,0,0,"-32.91568, -60.69901",Calle,,ROSARIO,Constitución,S/D,S/D,II,Dentro,Urbana,Otra Señal,S/D,Intersección,S/D,S/D,S/D,S/D,Múltiple,S/D,Colisión,S/D,S/D,Cordón divisorio,Sin restricción
2021,9633,2021-11-05,Viernes,08:10:00,,0.0,1,Moto/Ciclomotor,Bv. Avellaneda Y Lamadrid A,1,1,0,0,0,0,0,"-32.99832, -60.68899",Calle,,ROSARIO,Constitución,S/D,S/D,II,Dentro,Urbana,Otra Señal,S/D,Intersección,S/D,S/D,S/D,S/D,Múltiple,S/D,Colisión,S/D,S/D,Cordón divisorio,Sin restricción
2021,9634,2021-11-05,Viernes,,,0.0,1,Moto/Ciclomotor, ,1,1,0,0,0,0,0,"-32.95681, -60.68805",Calle,,ROSARIO,Constitución,S/D,S/D,II,Dentro,Urbana,Otra Señal,S/D,Intersección,S/D,S/D,S/D,S/D,Múltiple,S/D,Colisión,S/D,S/D,Cordón divisorio,Sin restricción
2021,9635,2021-11-05,Viernes,19:30:00,,0.0,1,Moto/Ciclomotor,Roullon Y Ocampo,1,1,0,0,0,0,0,"-32.95779, -60.70153",Calle,,ROSARIO,Constitución,S/D,S/D,II,Dentro,Urbana,Otra Señal,S/D,Intersección,S/D,S/D,S/D,S/D,Múltiple,S/D,Colisión,S/D,S/D,Cordón divisorio,Sin restricción
2021,9636,2021-11-05,Viernes,06:00:00,,0.0,1,Moto/Ciclomotor,San Nicolas ,1,1,0,0,0,0,0,"-32.95746, -60.67663",Calle,,ROSARIO,Constitución,S/D,S/D,II,Dentro,Urbana,Otra Señal,S/D,Intersección,S/D,S/D,S/D,S/D,Múltiple,S/D,Colisión,S/D,S/D,Cordón divisorio,Sin restricción
2021,9637,2021-03-01,Lunes,13:30:00,,0.0,1,Automóvil,Av. Ovidio Lagos F Y F.More,2,2,0,0,0,0,0,"-32.94809, -60.69342",Avenida,,ROSARIO,Constitución,Asfalto,S/D,II,Dentro,Urbana,Otra Señal,S/D,Intersección,S/D,S/D,Atardecer,S/D,Múltiple,S/D,Colisión,S/D,S/D,Cordón divisorio,Sin restricción
2021,9638,2021-03-02,Martes,11:00:00,,0.0,1,Automóvil, ,1,1,0,0,0,0,0,"-32.95883, -60.693",S/D,,ROSARIO,Constitución,S/D,S/D,II,S/D,S/D,Otra Señal,S/D,Intersección,S/D,S/D,Diurna,S/D,Múltiple,S/D,Colisión,S/D,S/D,Cordón divisorio,Sin restricción
2021,9639,2021-03-02,Martes,19:00:00,,0.0,1,Moto/Ciclomotor,Av. Uriburu Y Bv. Oroño,1,1,0,0,0,0,0,"-32.99142, -60.66619",Avenida,,ROSARIO,Constitución,Asfalto,S/D,II,Dentro,Urbana,Otra Señal,S/D,Intersección,S/D,S/D,Diurna,S/D,Múltiple,S/D,Colisión,S/D,S/D,Cordón divisorio,Sin restricción
2021,9640,2021-03-02,Martes,20:00:00,,0.0,1,Moto/Ciclomotor,Pje. Lejarza ,1,1,0,0,0,0,0,"-32.96662, -60.70015",Calle,,ROSARIO,Constitución,S/D,S/D,II,Dentro,Urbana,Otra Señal,S/D,Intersección,S/D,S/D,Nocturna,S/D,Múltiple,S/D,Colisión,S/D,S/D,Cordón divisorio,Sin restricción
2021,9641,2021-03-02,Martes,,,0.0,1,Moto/Ciclomotor, ,1,1,0,0,0,0,0,"-32.95883, -60.693",S/D,,ROSARIO,Constitución,S/D,S/D,II,S/D,S/D,Otra Señal,S/D,Intersección,S/D,S/D,S/D,S/D,Múltiple,S/D,Colisión,S/D,S/D,Cordón divisorio,Sin restricción
2021,9642,2021-11-06,Sabado,13:00:00,,0.0,2,"Peatón,Otros",San Juan Y Alvear,2,1,0,0,1,0,0,"-32.94725, -60.65565",Calle,,ROSARIO,Constitución,S/D,S/D,II,Dentro,Urbana,Otra Señal,S/D,Intersección,S/D,S/D,S/D,S/D,Múltiple,Peatón,Colisión,S/D,S/D,Cordón divisorio,Sin restricción
2021,9643,2021-02-03,Miercoles,02:00:00,,0.0,1,Otros, ,1,1,0,0,0,0,0,"-32.95817760227484,-60.666264034822",S/D,,ROSARIO,Constitución,S/D,S/D,II,S/D,S/D,Otra Señal,S/D,Intersección,S/D,S/D,Nocturna,S/D,Múltiple,S/D,Colisión,S/D,S/D,Cordón divisorio,Sin restricción
2021,9645,2021-11-06,Sabado,12:15:00,,0.0,1,Automóvil,Av. Francia Y Acevedo Bis,2,2,0,0,0,0,0,"-32.98424, -60.67693",Calle,,ROSARIO,Constitución,S/D,S/D,II,Dentro,Urbana,Otra Señal,S/D,Intersección,S/D,S/D,S/D,S/D,Múltiple,S/D,Colisión,S/D,S/D,Cordón divisorio,Sin restricción
2021,9646,2021-11-06,Sabado,13:00:00,,0.0,2,"Peatón,Otros",E.Zeballos Y Paraguay,2,1,0,0,1,0,0,"-32.95406, -60.64589",Calle,,ROSARIO,Constitución,S/D,S/D,II,Dentro,Urbana,Otra Señal,S/D,Intersección,S/D,S/D,S/D,S/D,Múltiple,Peatón,Colisión,S/D,S/D,Cordón divisorio,Sin restricción
2021,9647,2021-11-06,Sabado,07:00:00,,0.0,1,Moto/Ciclomotor,Laprida Y Reg.11 de Infantería,1,1,0,0,0,0,0,"-32.99876, -60.64712",Calle,,ROSARIO,Constitución,S/D,S/D,II,Dentro,Urbana,Otra Señal,S/D,Intersección,S/D,S/D,S/D,S/D,Múltiple,S/D,Colisión,S/D,S/D,Cordón divisorio,Sin restricción
2021,9648,2021-11-06,Sabado,00:23:00,,0.0,1,Moto/Ciclomotor,Valparaíso Y Bv. 27 De Febrero,1,1,0,0,0,0,0,"-32.95986, -60.68719",Calle,,ROSARIO,Constitución,S/D,S/D,II,Dentro,Urbana,Otra Señal,S/D,Intersección,S/D,S/D,S/D,S/D,Múltiple,S/D,Colisión,S/D,S/D,Cordón divisorio,Sin restricción
2021,9649,2021-11-06,Sabado,18:00:00,,0.0,1,Moto/Ciclomotor,Biedma Y F.More,1,1,0,0,0,0,0,"-32.95581, -60.69313",Calle,,ROSARIO,Constitución,S/D,S/D,II,Dentro,Urbana,Otra Señal,S/D,Intersección,S/D,S/D,S/D,S/D,Múltiple,S/D,Colisión,S/D,S/D,Cordón divisorio,Sin restricción
2021,9650,2021-11-06,Sabado,21:00:00,,0.0,1,Moto/Ciclomotor,Av. Belgrano ,1,1,0,0,0,0,0,"-32.9405, -60.71271",Calle,,ROSARIO,Constitución,S/D,S/D,II,Dentro,Urbana,Otra Señal,S/D,Intersección,S/D,S/D,S/D,S/D,Múltiple,S/D,Colisión,S/D,S/D,Cordón divisorio,Sin restricción
2021,9652,2021-11-07,Domingo,,,0.0,1,Moto/Ciclomotor, ,1,1,0,0,0,0,0,"-32.95846, -60.69045",Calle,,ROSARIO,Constitución,S/D,S/D,II,Dentro,Urbana,Otra Señal,S/D,Intersección,S/D,S/D,S/D,S/D,Múltiple,S/D,Colisión,S/D,S/D,Cordón divisorio,Sin restricción
2021,9653,2021-11-07,Domingo,12:00:00,,0.0,1,Moto/Ciclomotor,Iriondo Y Bv. Seguí,1,1,0,0,0,0,0,"-32.97342, -60.6778",Calle,,ROSARIO,Constitución,S/D,S/D,II,Dentro,Urbana,Otra Señal,S/D,Intersección,S/D,S/D,S/D,S/D,Múltiple,S/D,Colisión,S/D,S/D,Cordón divisorio,Sin restricción
2021,9654,2021-11-07,Domingo,19:30:00,,0.0,1,Bicicleta,Av. Génova Y Olavarría Bis,1,1,0,0,0,0,0,"-32.91582, -60.70458",Calle,,ROSARIO,Constitución,S/D,S/D,II,Dentro,Urbana,Otra Señal,S/D,Intersección,S/D,S/D,S/D,S/D,Múltiple,Ciclista,Colisión,S/D,S/D,Cordón divisorio,Sin restricción
2021,9655,2021-11-07,Domingo,,,0.0,1,Moto/Ciclomotor, ,1,1,0,0,0,0,0,"-32.9589, -60.68564",Calle,,ROSARIO,Constitución,S/D,S/D,II,Dentro,Urbana,Otra Señal,S/D,Intersección,S/D,S/D,S/D,S/D,Múltiple,S/D,Colisión,S/D,S/D,Cordón divisorio,Sin restricción
2021,9656,2021-11-07,Domingo,13:30:00,,0.0,1,Automóvil,Catamarca Y Iriondo,1,1,0,0,0,0,0,"-32.93501, -60.66813",Calle,,ROSARIO,Constitución,S/D,S/D,II,Dentro,Urbana,Otra Señal,S/D,Intersección,S/D,S/D,S/D,S/D,Múltiple,S/D,Colisión,S/D,S/D,Cordón divisorio,Sin restricción
2021,9657,2021-11-07,Domingo,17:00:00,,0.0,1,Moto/Ciclomotor, ,1,1,0,0,0,0,0,"-32.96229, -60.69148",Calle,,ROSARIO,Constitución,S/D,S/D,II,Dentro,Urbana,Otra Señal,S/D,Intersección,S/D,S/D,S/D,S/D,Múltiple,S/D,Colisión,S/D,S/D,Cordón divisorio,Sin restricción
2021,9658,2021-11-08,Lunes,00:00:00,,0.0,2,"Peatón,Otros", ,2,1,0,0,1,0,0,"-32.9588, -60.69398",Calle,,ROSARIO,Constitución,S/D,S/D,II,Dentro,Urbana,Otra Señal,S/D,Intersección,S/D,S/D,S/D,S/D,Múltiple,Peatón,Colisión,S/D,S/D,Cordón divisorio,Sin restricción
2021,9660,2021-11-15,Lunes,20:00:00,,0.0,1,Moto/Ciclomotor,Roullon Y Viamonte,1,1,0,0,0,0,0,"-32.95664, -60.70158",Calle,,ROSARIO,Constitución,S/D,S/D,II,Dentro,Urbana,Otra Señal,S/D,Intersección,S/D,S/D,S/D,S/D,Múltiple,S/D,Colisión,S/D,S/D,Cordón divisorio,Sin restricción
2021,9661,2021-03-03,Miercoles,01:00:00,,0.0,1,Bicicleta,Av. Provincias Unidas Y Monte Flores,1,1,0,0,0,0,0,"-32.95767, -60.71198",Calle,,ROSARIO,Constitución,Asfalto,S/D,II,Dentro,Urbana,Otra Señal,S/D,Intersección,S/D,S/D,Nocturna,S/D,Múltiple,S/D,Colisión,S/D,S/D,Cordón divisorio,Sin restricción
2021,9662,2021-03-03,Miercoles,,,0.0,1,Moto/Ciclomotor, ,1,1,0,0,0,0,0,"-32.95883, -60.693",S/D,,ROSARIO,Constitución,S/D,S/D,II,S/D,S/D,Otra Señal,S/D,Intersección,S/D,S/D,S/D,S/D,Múltiple,S/D,Colisión,S/D,S/D,Cordón divisorio,Sin restricción
2021,9663,2021-11-15,Lunes,00:00:00,,0.0,1,Moto/Ciclomotor,Av. Pte. Perón Y F.More,1,1,0,0,0,0,0,"-32.95871, -60.69306",Calle,,ROSARIO,Constitución,S/D,S/D,II,Dentro,Urbana,Otra Señal,S/D,Intersección,S/D,S/D,S/D,S/D,Múltiple,S/D,Colisión,S/D,S/D,Cordón divisorio,Sin restricción
2021,9664,2021-11-15,Lunes,06:30:00,,0.0,1,Bicicleta,Mendoza Y Rio De Janeiro,1,1,0,0,0,0,0,"-32.94399, -60.68189",Calle,,ROSARIO,Constitución,S/D,S/D,II,Dentro,Urbana,Otra Señal,S/D,Intersección,S/D,S/D,S/D,S/D,Múltiple,Ciclista,Colisión,S/D,S/D,Cordón divisorio,Sin restricción
2021,9665,2021-11-15,Lunes,10:00:00,Ruta Nacional 34,0.0,1,Moto/Ciclomotor, ,1,1,0,0,0,0,0,"-32.85317, -60.77869",Ruta,34,IBARLUCEA,Constitución,S/D,S/D,II,Dentro,Urbana,Otra Señal,S/D,Intersección,S/D,S/D,S/D,S/D,Múltiple,S/D,Colisión,S/D,S/D,Cordón divisorio,Sin restricción
2021,9666,2021-11-15,Lunes,11:00:00,,0.0,2,"Peatón,Otros",Bv. 27 De Febrero ,2,1,0,0,1,0,0,"-32.96233, -60.67359",Calle,,ROSARIO,Constitución,S/D,S/D,II,Dentro,Urbana,Otra Señal,S/D,Intersección,S/D,S/D,S/D,S/D,Múltiple,Peatón,Colisión,S/D,S/D,Cordón divisorio,Sin restricción
2021,9667,2021-11-15,Lunes,,,0.0,2,"Peatón,Otros", ,2,1,0,0,1,0,0,"-32.9588, -60.69398",Calle,,ROSARIO,Constitución,S/D,S/D,II,Dentro,Urbana,Otra Señal,S/D,Intersección,S/D,S/D,S/D,S/D,Múltiple,Peatón,Colisión,S/D,S/D,Cordón divisorio,Sin restricción
2021,9668,2021-11-15,Lunes,14:00:00,,0.0,1,Moto/Ciclomotor,Amenábar Y Alsina,1,1,0,0,0,0,0,"-32.96538, -60.6829",Calle,,ROSARIO,Constitución,S/D,S/D,II,Dentro,Urbana,Otra Señal,S/D,Intersección,S/D,S/D,S/D,S/D,Múltiple,S/D,Colisión,S/D,S/D,Cordón divisorio,Sin restricción
2021,9669,2021-11-08,Lunes,,,0.0,1,Moto/Ciclomotor, ,1,1,0,0,0,0,0,"-32.95993, -60.69519",Calle,,ROSARIO,Constitución,S/D,S/D,II,Dentro,Urbana,Otra Señal,S/D,Intersección,S/D,S/D,S/D,S/D,Múltiple,S/D,Colisión,S/D,S/D,Cordón divisorio,Sin restricción
2021,9670,2021-11-08,Lunes,21:45:00,,0.0,1,Moto/Ciclomotor, ,1,1,0,0,0,0,0,"-32.95993, -60.69519",Calle,,ROSARIO,Constitución,S/D,S/D,II,Dentro,Urbana,Otra Señal,S/D,Intersección,S/D,S/D,S/D,S/D,Múltiple,S/D,Colisión,S/D,S/D,Cordón divisorio,Sin restricción
2021,9671,2021-03-03,Miercoles,23:30:00,,0.0,1,Moto/Ciclomotor,Bv. Avellaneda Y Bv. Seguí,1,1,0,0,0,0,0,"-32.97167, -60.68747",Avenida,,ROSARIO,Constitución,Asfalto,S/D,II,Dentro,Urbana,Otra Señal,S/D,Intersección,S/D,S/D,Nocturna,S/D,Múltiple,S/D,Colisión,S/D,S/D,Cordón divisorio,Sin restricción
2021,9672,2021-03-03,Miercoles,07:00:00,,0.0,1,Moto/Ciclomotor,Ceibo Y España,1,1,0,0,0,0,0,"-33.01357, -60.65687",Calle,,ROSARIO,Constitución,Asfalto,S/D,II,Dentro,Urbana,Otra Señal,S/D,Intersección,S/D,S/D,Diurna,S/D,Múltiple,S/D,Colisión,S/D,S/D,Cordón divisorio,Sin restricción
2021,9673,2021-03-03,Miercoles,08:30:00,,0.0,1,Moto/Ciclomotor,Gaboto Y Garibaldi,1,1,0,0,0,0,0,"-32.98398, -60.65916",Calle,,ROSARIO,Constitución,Asfalto,S/D,II,Dentro,Urbana,Otra Señal,S/D,Intersección,S/D,S/D,Diurna,S/D,Múltiple,S/D,Colisión,S/D,S/D,Cordón divisorio,Sin restricción
2021,9674,2021-03-03,Miercoles,,,0.0,1,Moto/Ciclomotor, ,1,1,0,0,0,0,0,"-32.95883, -60.693",S/D,,ROSARIO,Constitución,S/D,S/D,II,S/D,S/D,Otra Señal,S/D,Intersección,S/D,S/D,S/D,S/D,Múltiple,S/D,Colisión,S/D,S/D,Cordón divisorio,Sin restricción
2021,9675,2021-11-09,Martes,20:00:00,,0.0,1,Moto/Ciclomotor,Bv. 27 De Febrero Y Bv. Oroño,2,2,0,0,0,0,0,"-32.96477, -60.65835",Calle,,ROSARIO,Constitución,S/D,S/D,I,Dentro,Urbana,Otra Señal,S/D,Intersección,S/D,S/D,S/D,S/D,Múltiple,S/D,Colisión,S/D,S/D,Cordón divisorio,Sin restricción