anio_acci,nro_acci,fecha,desc_dia,hora_aprox,desc_ruta,km,cant_participantes,desc_participante,calle_avenida_km,total,heridos_leves,heridos_graves,heridos_gravisimos,ilesos,fallecidos,sin_datos,posicion_XY,desc_tipo_via,desc_ruta_ori,desc_loc,desc_dpto,desc_tipo_calzada,desc_tipo_banquina,desc_unidad_regional,desc_lugar_calzada,desc_zona,desc_prioridad,desc_estado_semaforo,desc_lugar_via,desc_estado_via,desc_estado_visibilidad,desc_luminosidad,desc_estado_clima,desc_tipo_colision,desc_tipo_atropello,desc_tipo_hecho,desc_pres_calzada,desc_senializacion,desc_separacion_via,desc_restriccion
2021,10018,2021-09-07,Martes,17:00:00,,0.0,1,Bicicleta, ,1,1,0,0,0,0,0,"-32.95817760227484,-60.666264034822",S/D,,ROSARIO,Constitución,S/D,S/D,II,S/D,S/D,Otra Señal,S/D,Intersección,S/D,S/D,Diurna,S/D,Múltiple,S/D,Colisión,S/D,S/D,Cordón divisorio,Sin restricción
2021,10019,2021-09-07,Martes,07:40:00,,0.0,2,"Peatón,Otros",Av. Uriburu Y San Martin,2,1,0,0,0,0,1,"-32.990590194545,-60.646584929451",Avenida,,ROSARIO,Constitución,Asfalto,No existe,II,Dentro,Urbana,Otra Señal,Funciona,Intersección,S/D,Buena,Diurna,S/D,Múltiple,Peatón,Colisión,S/D,"Horizontal,Vertical",Cordón divisorio,Sin restricción
2021,10020,2021-06-21,Lunes,13:30:00,,0.0,1,Automóvil, ,2,1,0,0,0,0,1,"-32.95817760227484,-60.666264034822",S/D,,ROSARIO,Constitución,S/D,S/D,II,S/D,S/D,Otra Señal,S/D,Intersección,S/D,S/D,Diurna,S/D,Múltiple,S/D,Colisión,S/D,S/D,Cordón divisorio,Sin restricción
2021,10021,2021-09-07,Martes,07:40:00,,0.0,1,Automóvil,Bv. 27 De Febrero Y Dorrego,1,1,0,0,0,0,0,"-32.965689843723,-60.654569535512",Avenida,,ROSARIO,Constitución,Asfalto,No existe,II,Dentro,Urbana,Otra Señal,Funciona,Intersección,S/D,S/D,Diurna,S/D,Múltiple,S/D,Colisión,S/D,"Horizontal,Vertical",Cordón divisorio,Sin restricción
2021,10022,2021-03-13,Sabado,,,0.0,1,Automóvil, ,1,1,0,0,0,0,0,"-32.95883, -60.693",S/D,,FIGHIERA,Constitución,S/D,S/D,II,S/D,S/D,Otra Señal,S/D,Intersección,S/D,S/D,S/D,S/D,Múltiple,S/D,Colisión,S/D,S/D,Cordón divisorio,Sin restricción
2021,10023,2021-09-07,Martes,12:30:00,,0.0,1,Moto/Ciclomotor,Gaboto Y Matienzo,1,1,0,0,0,0,0,"-32.964636211808,-60.693752555197",Calle,,ROSARIO,Constitución,Asfalto,No existe,II,Dentro,Urbana,Otra Señal,No existe,Intersección,S/D,S/D,Diurna,S/D,Múltiple,S/D,Colisión,S/D,Faltante,Cordón divisorio,Sin restricción
2021,10024,2021-09-07,Martes,14:00:00,,0.0,1,Bicicleta,Junín Y Solís,1,1,0,0,0,0,0,"-32.92733250866,-60.703921037058",Calle,,ROSARIO,Constitución,Asfalto,No existe,II,Dentro,Urbana,Otra Señal,Funciona,Intersección,S/D,S/D,Diurna,S/D,Múltiple,S/D,Colisión,S/D,"Horizontal,Vertical",Cordón divisorio,Sin restricción
2021,10025,2021-03-13,Sabado,14:00:00,,0.0,1,Moto/Ciclomotor,Av. Ovidio Lagos Y Virasoro,1,1,0,0,0,0,0,"-32.96574, -60.6672",Avenida,,ROSARIO,Constitución,Asfalto,S/D,II,Dentro,Urbana,Otra Señal,S/D,Intersección,S/D,S/D,Diurna,S/D,Múltiple,S/D,Colisión,S/D,S/D,Cordón divisorio,Sin restricción
2021,10026,2021-09-07,Martes,09:00:00,,0.0,1,Moto/Ciclomotor,Cullen Y Montevideo,1,1,0,0,0,0,0,"-32.947348939241,-60.708788348547",Calle,,ROSARIO,Constitución,Asfalto,No existe,II,Dentro,Urbana,Otra Señal,No existe,Intersección,S/D,S/D,Diurna,S/D,Múltiple,S/D,Colisión,S/D,Vertical,Cordón divisorio,Sin restricción
2021,10027,2021-09-08,Miercoles,10:30:00,,0.0,1,Peatón,Pje. Independencia ,1,1,0,0,0,0,0,"-32.960014846927,-60.689383465688",Calle,,ROSARIO,Constitución,Asfalto,S/D,II,Dentro,Urbana,Otra Señal,S/D,Intersección,S/D,S/D,Diurna,S/D,Múltiple,S/D,Colisión,S/D,S/D,Cordón divisorio,Sin restricción
2021,10029,2021-09-08,Miercoles,13:30:00,,0.0,2,"Moto/Ciclomotor,Moto/Ciclomotor",Laprida Y Pte. Quintana,2,2,0,0,0,0,0,"-32.983213823187,-60.643324142306",Calle,,ROSARIO,Constitución,Asfalto,No existe,II,Dentro,Urbana,Otra Señal,No existe,Intersección,S/D,S/D,Diurna,S/D,Múltiple,S/D,Colisión,S/D,Faltante,Cordón divisorio,Sin restricción
2021,10030,2021-09-08,Miercoles,17:45:00,,0.0,1,Moto/Ciclomotor,Bv. Avellaneda Y L.del Desierto,1,1,0,0,0,0,0,,Avenida,,ROSARIO,Constitución,Asfalto,No existe,II,Dentro,Urbana,Otra Señal,No existe,Intersección,S/D,S/D,Diurna,S/D,Múltiple,S/D,Colisión,S/D,Vertical,Cordón divisorio,Sin restricción
2021,10031,2021-09-08,Miercoles,12:00:00,,0.0,1,Moto/Ciclomotor,Marco Polo Y Salva,1,1,0,0,0,0,0,"-33.010671033847,-60.639861028363",Calle,,ROSARIO,Constitución,Asfalto,No existe,II,Dentro,Urbana,Otra Señal,No existe,Intersección,S/D,S/D,Diurna,S/D,Múltiple,S/D,Colisión,S/D,Faltante,Cordón divisorio,Sin restricción
2021,10032,2021-06-21,Lunes,18:30:00,,0.0,2,"Peatón,Otros", ,2,1,0,0,1,0,0,"-32.95817760227484,-60.666264034822",S/D,,ROSARIO,Constitución,S/D,S/D,II,S/D,S/D,Otra Señal,S/D,Intersección,S/D,S/D,Diurna,S/D,Múltiple,S/D,Colisión,S/D,S/D,Cordón divisorio,Sin restricción
2021,10033,2021-06-21,Lunes,18:30:00,,0.0,1,Automóvil, ,1,1,0,0,0,0,0,"-32.95817760227484,-60.666264034822",S/D,,ROSARIO,Constitución,S/D,S/D,II,S/D,S/D,Otra Señal,S/D,Intersección,S/D,S/D,Diurna,S/D,Múltiple,S/D,Colisión,S/D,S/D,Cordón divisorio,Sin restricción
2021,10034,2021-12-01,Miercoles,,,0.0,1,Moto/Ciclomotor,Rio De Janeiro ,1,1,0,0,0,0,0,"-32.966091461465,-60.687379836115",Calle,,ROSARIO,Constitución,S/D,S/D,II,Dentro,Urbana,Otra Señal,S/D,Intersección,S/D,S/D,S/D,S/D,Múltiple,S/D,Colisión,S/D,S/D,Cordón divisorio,Sin restricción
2021,10035,2021-09-08,Miercoles,19:00:00,,0.0,1,Moto/Ciclomotor,Camilo Aldao Y San Juan,1,1,0,0,0,0,0,"-32.94063753841,-60.695957561676",Calle,,ROSARIO,Constitución,Asfalto,No existe,II,Dentro,Urbana,Otra Señal,No existe,Intersección,S/D,S/D,Nocturna,S/D,Múltiple,S/D,Colisión,S/D,Faltante,Cordón divisorio,Sin restricción
2021,10036,2021-12-01,Miercoles,17:50:00,,0.0,1,Moto/Ciclomotor,Ocampo Y Vera Mujica,1,1,0,0,0,0,0,"-32.961315021159,-60.671937168843",Calle,,ROSARIO,Constitución,Asfalto,No existe,II,Dentro,Urbana,Otra Señal,No existe,Intersección,Bueno,S/D,Diurna,S/D,Múltiple,S/D,Colisión,Ninguna,Faltante,Cordón divisorio,Sin restricción
2021,10037,2021-06-22,Martes,17:00:00,,0.0,1,Moto/Ciclomotor, ,1,1,0,0,0,0,0,"-32.95817760227484,-60.666264034822",S/D,,ROSARIO,Constitución,S/D,S/D,II,S/D,S/D,Otra Señal,S/D,Intersección,S/D,S/D,Diurna,S/D,Múltiple,S/D,Colisión,S/D,S/D,Cordón divisorio,Sin restricción
2021,10038,2021-12-02,Jueves,21:00:00,,0.0,1,Moto/Ciclomotor, ,1,1,0,0,0,0,0,"-32.95817760227484,-60.666264034822",S/D,,ROSARIO,Constitución,S/D,S/D,II,S/D,S/D,Otra Señal,S/D,Intersección,S/D,S/D,Nocturna,S/D,Múltiple,S/D,Colisión,S/D,S/D,Cordón divisorio,Sin restricción
2021,10039,2021-09-09,Jueves,12:00:00,,0.0,2,"Otros,Peatón",Arévalo Y Fraga,2,1,0,0,0,0,1,"-32.93058294248,-60.710700173899",Calle,,ROSARIO,Constitución,Asfalto,No existe,II,Dentro,Urbana,Otra Señal,No existe,Intersección,S/D,S/D,Diurna,S/D,Múltiple,Peatón,Colisión,S/D,Faltante,Cordón divisorio,Sin restricción
2021,10040,2021-12-09,Jueves,12:00:00,,0.0,1,Automóvil,Bv. Oroño Y Bv. Seguí,1,1,0,0,0,0,0,"-32.9764734024,-60.661412628935",Avenida,,ROSARIO,Constitución,Asfalto,No existe,II,Dentro,Urbana,Otra Señal,Funciona,Intersección,S/D,S/D,Diurna,S/D,Múltiple,S/D,Colisión,S/D,"Horizontal,Vertical",Cordón divisorio,Sin restricción
2021,10041,2021-06-22,Martes,17:30:00,,0.0,1,Moto/Ciclomotor, ,1,1,0,0,0,0,0,"-32.95817760227484,-60.666264034822",S/D,,ROSARIO,Constitución,S/D,S/D,II,S/D,S/D,Otra Señal,S/D,Intersección,S/D,S/D,Diurna,S/D,Múltiple,S/D,Colisión,S/D,S/D,Cordón divisorio,Sin restricción
2021,10042,2021-12-02,Jueves,21:35:00,,0.0,1,Moto/Ciclomotor,Av. Pellegrini Y Dorrego,1,1,0,0,0,0,0,"-32.95523196603,-60.651946948724",Avenida,,ROSARIO,Constitución,Asfalto,No existe,II,Dentro,Urbana,Otra Señal,Funciona,Intersección,S/D,S/D,Nocturna,S/D,Múltiple,S/D,Colisión,Ninguna,"Horizontal,Vertical",Cordón divisorio,Sin restricción
2021,10043,2021-12-31,Viernes,21:27:00,,0.0,1,Moto/Ciclomotor,Rivarola Y M.Gonzalez,1,1,0,0,0,0,0,"-32.966471630923856, -60.7309476107",Calle,,ROSARIO,Constitución,Asfalto,No existe,II,Dentro,Urbana,Otra Señal,No existe,Intersección,Bueno,S/D,Nocturna,S/D,Múltiple,S/D,Colisión,Ninguna,Horizontal,Cordón divisorio,Sin restricción
2021,10044,2021-12-31,Viernes,18:22:00,,0.0,1,Moto/Ciclomotor,Bv. Avellaneda Bis Y Alberdi,1,1,0,0,0,0,0,"-32.927210471766855, -60.6761358476",Calle,,ROSARIO,Constitución,Asfalto,No existe,II,Dentro,Urbana,Otra Señal,Funciona,Intersección,Bueno,S/D,Diurna,S/D,Múltiple,S/D,Colisión,Ninguna,"Horizontal,Vertical",Cordón divisorio,Sin restricción
2021,10045,2021-12-30,Jueves,17:30:00,Ruta Nacional A008,17.0,1,Moto/Ciclomotor,Bv. Avellaneda Y Av. Circunvalación,1,1,0,0,0,0,0,"-33.00066467249092, -60.68942666976",Ruta,A008,ROSARIO,Constitución,Asfalto,No existe,II,Dentro,Urbana,Otra Señal,No existe,Intersección,Bueno,S/D,Diurna,S/D,Múltiple,S/D,Colisión,Ninguna,Faltante,Cordón divisorio,Sin restricción
2021,10046,2021-12-31,Viernes,00:30:00,,0.0,1,Moto/Ciclomotor,Av. Génova Y Olmos Bis,1,1,0,0,0,0,0,"-32.91687631391839, -60.74436200212",Calle,,ROSARIO,Constitución,Asfalto,No existe,II,Dentro,Urbana,Otra Señal,No existe,Intersección,Bueno,S/D,Nocturna,S/D,Múltiple,S/D,Colisión,Ninguna,Faltante,Cordón divisorio,Sin restricción
2021,10047,2021-12-30,Jueves,18:00:00,,0.0,1,Moto/Ciclomotor,Av. Provincias Unidas Y Marcos Paz,1,1,0,0,0,0,0,"-32.93907701969149,-60.712702274322",Calle,,ROSARIO,Constitución,Asfalto,No existe,II,Dentro,Urbana,Otra Señal,Funciona,Intersección,Bueno,S/D,Diurna,S/D,Múltiple,S/D,Colisión,Ninguna,"Horizontal,Vertical",Cordón divisorio,Sin restricción
2021,10048,2021-12-30,Jueves,06:00:00,,0.0,1,Moto/Ciclomotor,PJE CELEDONIO ESCALADA ,2,2,0,0,0,0,0,"-32.92961174755057, -60.66159680630",Calle,,ROSARIO,Constitución,Asfalto,No existe,II,Dentro,Urbana,Otra Señal,No existe,Intersección,Bueno,S/D,Diurna,S/D,Múltiple,S/D,Colisión,Ninguna,Faltante,Cordón divisorio,Sin restricción
2021,10049,2021-12-30,Jueves,13:50:00,,0.0,1,Moto/Ciclomotor,Riobamba Y Mariano Moreno,1,1,0,0,0,0,0,"-32.96082193107816, -60.65475493602",Calle,,ROSARIO,Constitución,Asfalto,No existe,II,Dentro,Urbana,Otra Señal,Funciona,Intersección,Bueno,S/D,Diurna,S/D,Múltiple,S/D,Colisión,Ninguna,"Horizontal,Vertical",Cordón divisorio,Sin restricción
2021,10050,2021-12-30,Jueves,07:20:00,,0.0,1,Moto/Ciclomotor,Rivarola Y Calle 1724,1,1,0,0,0,0,0,"-32.966365048704944, -60.7297157200",Calle,,ROSARIO,Constitución,Asfalto,No existe,II,Dentro,Urbana,Otra Señal,No existe,Intersección,Bueno,S/D,Diurna,S/D,Múltiple,S/D,Colisión,Ninguna,Horizontal,Cordón divisorio,Sin restricción
2021,10051,2021-12-29,Miercoles,18:30:00,,0.0,1,Moto/Ciclomotor,Mariano Moreno Y Tucumán,2,2,0,0,0,0,0,"-32.939569226355474, -60.6494234879",Calle,,ROSARIO,Constitución,Asfalto,No existe,II,Dentro,Urbana,Otra Señal,No existe,Intersección,Bueno,S/D,Diurna,S/D,Múltiple,S/D,Colisión,Ninguna,Faltante,Cordón divisorio,Sin restricción
2021,10052,2021-12-29,Miercoles,06:50:00,,0.0,1,Otros,Bv. 27 De Febrero ,1,1,0,0,0,0,0,"-32.958746514193,-60.693637918716",Calle,,ROSARIO,Constitución,S/D,S/D,II,Dentro,Urbana,Otra Señal,S/D,Intersección,S/D,S/D,Diurna,S/D,Múltiple,S/D,Colisión,S/D,S/D,Cordón divisorio,Sin restricción
2021,10053,2021-12-28,Martes,22:00:00,,0.0,1,Moto/Ciclomotor,Garzón Y J.J.Paso,1,1,0,0,0,0,0,"-32.9200161799157, -60.706157000848",Calle,,ROSARIO,Constitución,Asfalto,No existe,II,Dentro,Urbana,Otra Señal,No existe,Intersección,Bueno,S/D,Nocturna,S/D,Múltiple,S/D,Colisión,Ninguna,Faltante,Cordón divisorio,Sin restricción
2021,10054,2021-12-28,Martes,21:30:00,,0.0,1,Moto/Ciclomotor,Bv. Seguí Y F.More,1,1,0,0,0,0,0,"-32.970475844444685, -60.6925763193",Calle,,ROSARIO,Constitución,Asfalto,No existe,II,Dentro,Urbana,Otra Señal,Funciona,Intersección,Bueno,S/D,Nocturna,S/D,Múltiple,S/D,Colisión,Ninguna,"Horizontal,Vertical",Cordón divisorio,Sin restricción
2021,10055,2021-12-27,Lunes,12:00:00,,0.0,1,Moto/Ciclomotor,Bv. Seguí Y Constitución,1,1,0,0,0,0,0,"-32.9727539754094, -60.681945117233",Calle,,ROSARIO,Constitución,Asfalto,No existe,II,Dentro,Urbana,Otra Señal,No existe,Intersección,Bueno,S/D,Diurna,S/D,Múltiple,S/D,Colisión,Ninguna,Faltante,Cordón divisorio,Sin restricción
2021,10056,2021-12-24,Viernes,12:15:00,,0.0,1,Moto/Ciclomotor,Av. Uriburu Y Av. Francia,1,1,0,0,0,0,0,"-32.99164267606096, -60.67825497339",Calle,,ROSARIO,Constitución,Asfalto,No existe,II,Dentro,Urbana,Otra Señal,Funciona,Intersección,Bueno,S/D,Diurna,S/D,Múltiple,S/D,Colisión,Ninguna,"Horizontal,Vertical",Cordón divisorio,Sin restricción
2021,10057,2021-12-27,Lunes,17:30:00,,0.0,1,Moto/Ciclomotor,Bv. Avellaneda Y Lamadrid,1,1,0,0,0,0,0,"-32.99835357519178, -60.68894610223",Calle,,ROSARIO,Constitución,Asfalto,No existe,II,Dentro,Urbana,Otra Señal,No existe,Intersección,Bueno,S/D,Diurna,S/D,Múltiple,S/D,Colisión,Ninguna,Faltante,Cordón divisorio,Sin restricción
2021,10058,2021-12-27,Lunes,08:50:00,,0.0,1,Moto/Ciclomotor,Laprida Y Ameghino,1,1,0,0,0,0,0,"-32.987850380008624, -60.6444712733",Calle,,ROSARIO,Constitución,Asfalto,No existe,II,Dentro,Urbana,Otra Señal,No existe,Intersección,Bueno,S/D,Diurna,S/D,Múltiple,S/D,Colisión,Ninguna,Faltante,Cordón divisorio,Sin restricción
2021,10059,2021-12-26,Domingo,12:00:00,,0.0,1,Bicicleta,Santa Fe Y Solís,1,1,0,0,0,0,0,"-32.93548058082601, -60.70362995990",Calle,,ROSARIO,Constitución,Asfalto,No existe,II,Dentro,Urbana,Otra Señal,No existe,Intersección,Bueno,S/D,Diurna,S/D,Múltiple,S/D,Colisión,Ninguna,Faltante,Cordón divisorio,Sin restricción
2021,10060,2021-12-26,Domingo,15:00:00,,0.0,1,Moto/Ciclomotor,Av. Ovidio Lagos Y Av. Pellegrini,1,1,0,0,0,0,0,"-32.95314577535404, -60.66422045990",Calle,,ROSARIO,Constitución,Asfalto,No existe,II,Dentro,Urbana,Otra Señal,Funciona,Intersección,Bueno,S/D,Diurna,S/D,Múltiple,S/D,Colisión,Ninguna,"Horizontal,Vertical",Cordón divisorio,Sin restricción
2021,10061,2021-02-22,Lunes,00:00:00,,0.0,1,Moto/Ciclomotor,Cochabamba Y España,1,1,0,0,0,0,0,"-32.956919978470374, -60.6495004733",Calle,,ROSARIO,Constitución,Asfalto,No existe,II,Dentro,Urbana,Otra Señal,No existe,Intersección,Bueno,S/D,Nocturna,S/D,Múltiple,S/D,Colisión,Ninguna,Horizontal,Cordón divisorio,Sin restricción
2021,10062,2021-12-25,Sabado,00:00:00,,0.0,1,Moto/Ciclomotor,Av. Ovidio Lagos 2900,1,1,0,0,0,0,0,"-32.966899491423,-60.667520392088",Calle,,ROSARIO,Constitución,Asfalto,No existe,II,Dentro,Urbana,Otra Señal,Funciona,Intersección,Bueno,S/D,Nocturna,S/D,Múltiple,S/D,Colisión,Ninguna,"Horizontal,Vertical",Cordón divisorio,Sin restricción
2021,10063,2021-01-16,Sabado,12:30:00,,0.0,1,Moto/Ciclomotor,Bv. Seguí ,1,1,0,0,0,0,0,"-32.971181615662,-60.690184317642",Calle,,ROSARIO,Constitución,S/D,S/D,II,Dentro,Urbana,Otra Señal,S/D,Intersección,S/D,S/D,Diurna,S/D,Múltiple,S/D,Colisión,S/D,S/D,Cordón divisorio,Sin restricción
2021,10064,2021-01-18,Lunes,00:00:00,,0.0,1,Bicicleta,Mendoza Y F.More,1,1,0,0,0,0,0,"-32.941879290629615, -60.6936456090",Calle,,ROSARIO,Constitución,Asfalto,No existe,II,Dentro,Urbana,Otra Señal,No existe,Intersección,Bueno,S/D,Nocturna,S/D,Múltiple,S/D,Colisión,Ninguna,Horizontal,Cordón divisorio,Sin restricción
2021,10065,2021-01-19,Martes,17:40:00,,0.0,1,Bicicleta,San Luis Y Bv. Avellaneda,1,1,0,0,0,0,0,"-32.94170722787551, -60.67985591945",Calle,,ROSARIO,Constitución,Asfalto,No existe,II,Dentro,Urbana,Otra Señal,No existe,Intersección,Bueno,S/D,Diurna,S/D,Múltiple,S/D,Colisión,Ninguna,"Horizontal,Vertical",Cordón divisorio,Sin restricción
2021,10066,2021-01-19,Martes,17:55:00,,0.0,1,Moto/Ciclomotor,San Nicolas ,1,1,0,0,0,0,0,"-32.962868619361,-60.678019520158",Calle,,ROSARIO,Constitución,S/D,S/D,II,Dentro,Urbana,Otra Señal,S/D,Intersección,S/D,S/D,Diurna,S/D,Múltiple,S/D,Colisión,S/D,S/D,Cordón divisorio,Sin restricción
2021,10067,2021-01-18,Lunes,00:00:00,,0.0,1,Moto/Ciclomotor, ,1,1,0,0,0,0,0,"-32.9520118703763, -60.670351884504",Calle,,ROSARIO,Constitución,S/D,S/D,II,Dentro,Urbana,Otra Señal,S/D,Intersección,S/D,S/D,Nocturna,S/D,Múltiple,S/D,Colisión,S/D,S/D,Cordón divisorio,Sin restricción
2021,10068,2021-01-22,Viernes,00:00:00,,0.0,1,Moto/Ciclomotor,Dr. Maradona Y Roullon,1,1,0,0,0,0,0,"-32.97965382013206, -60.70070400595",Calle,,ROSARIO,Constitución,Asfalto,No existe,II,Dentro,Urbana,Otra Señal,No existe,Intersección,Deteriorada,S/D,Nocturna,S/D,Múltiple,S/D,Colisión,Ninguna,Faltante,Cordón divisorio,Sin restricción
2021,10069,2021-01-20,Miercoles,21:00:00,,0.0,1,Moto/Ciclomotor,Sánchez de Bustamante ,1,1,0,0,0,0,0,"-33.003200758299,-60.688185189936",Calle,,ROSARIO,Constitución,S/D,S/D,II,Dentro,Urbana,Otra Señal,S/D,Intersección,S/D,S/D,Nocturna,S/D,Múltiple,S/D,Colisión,S/D,S/D,Cordón divisorio,Sin restricción
2021,10070,2021-01-22,Viernes,15:00:00,,0.0,1,Bicicleta,3 De Febrero ,1,1,0,0,0,0,0,"-32.94340247575,-60.692036620707",Calle,,ROSARIO,Constitución,S/D,S/D,II,Dentro,Urbana,Otra Señal,S/D,Intersección,S/D,S/D,Diurna,S/D,Múltiple,S/D,Colisión,S/D,S/D,Cordón divisorio,Sin restricción
2021,10071,2021-12-25,Sabado,00:00:00,,0.0,1,Moto/Ciclomotor,DR. MEDINA 6300,1,1,0,0,0,0,0,"-33.011536201669,-60.690004134028",Calle,,ROSARIO,Constitución,Asfalto,No existe,II,Dentro,Urbana,Otra Señal,No existe,Intersección,Bueno,S/D,Nocturna,S/D,Múltiple,S/D,Colisión,Ninguna,Faltante,Cordón divisorio,Sin restricción
2021,10072,2021-12-24,Viernes,12:00:00,,0.0,1,Moto/Ciclomotor,F.More Y Av. Pellegrini,1,1,0,0,0,0,0,"-32.948017013555784, -60.6934261906",Calle,,ROSARIO,Constitución,Asfalto,No existe,II,Dentro,Urbana,Otra Señal,Funciona,Intersección,Bueno,S/D,Diurna,S/D,Múltiple,S/D,Colisión,Ninguna,"Horizontal,Vertical",Cordón divisorio,Sin restricción
2021,10073,2021-12-24,Viernes,03:30:00,Ruta Nacional A008,0.0,1,Moto/Ciclomotor,Av. Circunvalación ,1,1,0,0,0,0,0,"-32.043804663007,-61.607256660623",Ruta,A008,ROSARIO,Constitución,S/D,S/D,II,Dentro,Urbana,Otra Señal,S/D,Intersección,S/D,S/D,Nocturna,S/D,Múltiple,S/D,Colisión,S/D,S/D,Cordón divisorio,Sin restricción
2021,10074,2021-12-23,Jueves,19:00:00,,0.0,1,Moto/Ciclomotor,Navarro ,1,1,0,0,0,0,0,"-32.931093919833,-60.698343455806",Calle,,ROSARIO,Constitución,S/D,S/D,II,Dentro,Urbana,Otra Señal,S/D,Intersección,S/D,S/D,Diurna,S/D,Múltiple,S/D,Colisión,S/D,S/D,Cordón divisorio,Sin restricción
2021,10075,2021-12-23,Jueves,18:30:00,,0.0,1,Moto/Ciclomotor,Pte. Quintana Y Ayacucho,1,1,0,0,0,0,0,"-32.984539780811396, -60.6359824022",Calle,,ROSARIO,Constitución,Asfalto,No existe,II,Dentro,Urbana,Otra Señal,No existe,Intersección,Bueno,S/D,Diurna,S/D,Múltiple,S/D,Colisión,Ninguna,Faltante,Cordón divisorio,Sin restricción
2021,10076,2021-12-23,Jueves,10:45:00,,0.0,1,Automóvil,Bv Pellegrini ,2,1,0,0,0,0,1,"-32.897604603101,-60.914566280083",Calle,,ROLDÁN,Constitución,S/D,S/D,XVII,Dentro,Urbana,Otra Señal,S/D,Intersección,S/D,S/D,Diurna,S/D,Múltiple,S/D,Colisión,S/D,S/D,Cordón divisorio,Sin restricción
2021,10077,2021-12-23,Jueves,08:30:00,,0.0,1,Moto/Ciclomotor,Bv. Seguí Y Constitución,1,1,0,0,0,0,0,"-32.972766882287296, -60.6819332733",Calle,,ROSARIO,Constitución,Asfalto,No existe,II,Dentro,Urbana,Otra Señal,No existe,Intersección,Bueno,S/D,Diurna,S/D,Múltiple,S/D,Colisión,Ninguna,Horizontal,Cordón divisorio,Sin restricción
2021,10078,2021-01-23,Sabado,01:20:00,,0.0,1,Moto/Ciclomotor,24 De Setiembre ,1,1,0,0,0,0,0,"-32.972578293648,-60.689397886305",Calle,,ROSARIO,Constitución,S/D,S/D,II,Dentro,Urbana,Otra Señal,S/D,Intersección,S/D,S/D,Nocturna,S/D,Múltiple,S/D,Colisión,S/D,S/D,Cordón divisorio,Sin restricción
2021,10079,2021-01-23,Sabado,05:30:00,,0.0,1,Moto/Ciclomotor, ,1,1,0,0,0,0,0,"-32.951962, -60.670357",S/D,,ROSARIO,Constitución,S/D,S/D,II,S/D,S/D,Otra Señal,S/D,Intersección,S/D,S/D,Nocturna,S/D,Múltiple,S/D,Colisión,S/D,S/D,Cordón divisorio,Sin restricción
2021,10080,2021-01-23,Sabado,19:30:00,,0.0,1,Moto/Ciclomotor,BV 27 DE FEBRERO Y JUAN PABLO II,1,1,0,0,0,0,0,"-32.95951390028993, -60.72037832801",Calle,,ROSARIO,Constitución,Asfalto,No existe,II,Dentro,Urbana,Otra Señal,Funciona,Intersección,Bueno,S/D,Nocturna,S/D,Múltiple,S/D,Colisión,Ninguna,"Horizontal,Vertical",Cordón divisorio,Sin restricción
2021,10081,2021-01-23,Sabado,20:00:00,Ruta Nacional A008,0.0,1,Moto/Ciclomotor,Bv. 27 De Febrero Y Av. Circunvalación,1,1,0,0,0,0,0,"-32.95952869743238, -60.72088077868",Ruta,A008,ROSARIO,Constitución,Asfalto,No existe,II,Dentro,Urbana,Otra Señal,No existe,Intersección,Bueno,S/D,Nocturna,S/D,Múltiple,S/D,Colisión,Ninguna,Horizontal,Cordón divisorio,Sin restricción
2021,10082,2021-01-23,Sabado,21:00:00,,0.0,2,"Otros,Peatón",Balcarce 4400,2,1,0,0,0,0,1,"-32.985921440261,-60.662509605354",Calle,,ROSARIO,Constitución,Asfalto,No existe,II,Dentro,Urbana,Otra Señal,No existe,Intersección,Bueno,S/D,Nocturna,S/D,Múltiple,Peatón,Colisión,Ninguna,Faltante,Cordón divisorio,Sin restricción
2021,10083,2021-01-24,Domingo,01:30:00,,0.0,1,Moto/Ciclomotor,Bertole ,1,1,0,0,0,0,0,"-32.965303074459,-60.723029192597",Calle,,ROSARIO,Constitución,S/D,S/D,II,Dentro,Urbana,Otra Señal,S/D,Intersección,S/D,S/D,Nocturna,S/D,Múltiple,S/D,Colisión,S/D,S/D,Cordón divisorio,Sin restricción
2021,10084,2021-01-24,Domingo,02:50:00,,0.0,1,Bicicleta,Dr. Rivas Y Av. Ovidio Lagos,1,1,0,0,0,0,0,"-32.97959013430608, -60.67045505844",Calle,,ROSARIO,Constitución,Asfalto,No existe,II,Dentro,Urbana,Otra Señal,No existe,Intersección,Bueno,S/D,Nocturna,S/D,Múltiple,S/D,Colisión,Ninguna,Horizontal,Cordón divisorio,Sin restricción
2021,10085,2021-01-24,Domingo,05:25:00,,0.0,1,Moto/Ciclomotor,Av. Provincias Unidas ,1,1,0,0,0,0,0,"-32.95220739881592, -60.71208025805",Calle,,ROSARIO,Constitución,S/D,S/D,II,Dentro,Urbana,Otra Señal,S/D,Intersección,S/D,S/D,Nocturna,S/D,Múltiple,S/D,Colisión,S/D,S/D,Cordón divisorio,Sin restricción
2021,10086,2021-01-24,Domingo,12:00:00,,0.0,1,Moto/Ciclomotor,Av. Provincias Unidas ,1,1,0,0,0,0,0,"-32.95220739881592, -60.71208025805",Calle,,ROSARIO,Constitución,S/D,S/D,II,Dentro,Urbana,Otra Señal,S/D,Intersección,S/D,S/D,Diurna,S/D,Múltiple,S/D,Colisión,S/D,S/D,Cordón divisorio,Sin restricción