anio_acci,nro_acci,fecha,desc_dia,hora_aprox,desc_ruta,km,cant_participantes,desc_participante,calle_avenida_km,total,heridos_leves,heridos_graves,heridos_gravisimos,ilesos,fallecidos,sin_datos,posicion_XY,desc_tipo_via,desc_ruta_ori,desc_loc,desc_dpto,desc_tipo_calzada,desc_tipo_banquina,desc_unidad_regional,desc_lugar_calzada,desc_zona,desc_prioridad,desc_estado_semaforo,desc_lugar_via,desc_estado_via,desc_estado_visibilidad,desc_luminosidad,desc_estado_clima,desc_tipo_colision,desc_tipo_atropello,desc_tipo_hecho,desc_pres_calzada,desc_senializacion,desc_separacion_via,desc_restriccion
2021,10158,2021-12-05,Domingo,,,0.0,1,Bicicleta,Av. Francia Y Coulin,1,1,0,0,0,0,0,,Avenida,,ROSARIO,Constitución,S/D,S/D,II,S/D,Urbana,Otra Señal,S/D,Intersección,S/D,S/D,S/D,S/D,Múltiple,Ciclista,Colisión,S/D,S/D,Cordón divisorio,Sin restricción
2021,10159,2021-12-05,Domingo,,,0.0,1,Moto/Ciclomotor,Sarratea Bis Y J.B.Justo,1,1,0,0,0,0,0,"-32.91566709402,-60.741551668011",Calle,,ROSARIO,Constitución,S/D,S/D,II,S/D,S/D,Otra Señal,S/D,Intersección,S/D,S/D,S/D,S/D,Múltiple,S/D,Colisión,S/D,S/D,Cordón divisorio,Sin restricción
2021,10160,2021-12-05,Domingo,,,0.0,1,Bicicleta,Av. Jorge Newbery 8500,1,1,0,0,0,0,0,,Calle,,ROSARIO,Constitución,S/D,S/D,II,S/D,S/D,Otra Señal,S/D,Intersección,S/D,S/D,S/D,S/D,Múltiple,S/D,Colisión,S/D,S/D,Cordón divisorio,Sin restricción
2021,10161,2021-12-10,Viernes,18:00:00,,0.0,1,Moto/Ciclomotor,Bv. 27 De Febrero ,1,1,0,0,0,0,0,"-32.958746514193,-60.693637918716",Calle,,ROSARIO,Constitución,S/D,S/D,II,Dentro,Urbana,Otra Señal,S/D,Intersección,S/D,S/D,Diurna,S/D,Múltiple,S/D,Colisión,S/D,S/D,Cordón divisorio,Sin restricción
2021,10162,2021-12-07,Martes,,,0.0,1,Bicicleta,Urquiza Y Iriondo,1,1,0,0,0,0,0,"-32.937325978688,-60.668719084774",Calle,,ROSARIO,Constitución,S/D,S/D,II,S/D,Urbana,Otra Señal,S/D,Intersección,S/D,S/D,S/D,S/D,Múltiple,S/D,Colisión,S/D,S/D,Cordón divisorio,Sin restricción
2021,10163,2021-12-09,Jueves,12:00:00,,0.0,1,Bicicleta,Av. Pellegrini Y Castellanos,1,1,0,0,0,0,0,"-32.95076108677788, -60.67781150223",Calle,,ROSARIO,Constitución,Asfalto,No existe,II,Dentro,Urbana,Otra Señal,No existe,Intersección,Bueno,S/D,Diurna,S/D,Múltiple,S/D,Colisión,Ninguna,"Horizontal,Vertical",Cordón divisorio,Sin restricción
2021,10164,2021-12-07,Martes,,,0.0,1,Moto/Ciclomotor,Av. Pellegrini 5700,1,1,0,0,0,0,0,"-32.948196002116,-60.700868528971",Avenida,,ROSARIO,Constitución,S/D,S/D,II,S/D,Urbana,Otra Señal,S/D,Intersección,S/D,S/D,S/D,S/D,Múltiple,S/D,Colisión,S/D,S/D,Cordón divisorio,Sin restricción
2021,10165,2021-12-10,Viernes,10:00:00,,0.0,1,Moto/Ciclomotor,Solís Y Av. Pte. Perón,1,1,0,0,0,0,0,"-32.963427096254264, -60.7024326669",Calle,,ROSARIO,Constitución,Asfalto,No existe,II,Dentro,Urbana,Otra Señal,No existe,Intersección,Bueno,S/D,Diurna,S/D,Múltiple,S/D,Colisión,Ninguna,Horizontal,Cordón divisorio,Sin restricción
2021,10166,2021-12-07,Martes,,,0.0,1,Moto/Ciclomotor,Matienzo Y San Lorenzo,1,1,0,0,0,0,0,"-32.934027198211,-60.694922420211",Calle,,ROSARIO,Constitución,S/D,S/D,II,S/D,Urbana,Otra Señal,S/D,Intersección,S/D,S/D,S/D,S/D,Múltiple,S/D,Colisión,S/D,S/D,Cordón divisorio,Sin restricción
2021,10167,2021-12-09,Jueves,19:00:00,,0.0,1,Moto/Ciclomotor,Anchorena Y Rodríguez,2,2,0,0,0,0,0,"-32.99846081623788, -60.67040796177",Calle,,ROSARIO,Constitución,Asfalto,No existe,II,Dentro,Urbana,Otra Señal,No existe,Intersección,Bueno,S/D,Diurna,S/D,Múltiple,S/D,Colisión,S/D,Faltante,Cordón divisorio,Sin restricción
2021,10168,2021-12-09,Jueves,15:00:00,,0.0,1,Otros,Dr. Maradona Y Roullon,1,1,0,0,0,0,0,"-32.979662880949725, -60.7006932599",Calle,,ROSARIO,Constitución,Asfalto,No existe,II,Dentro,Urbana,Otra Señal,No existe,Intersección,Bueno,S/D,Diurna,S/D,Múltiple,S/D,Colisión,Ninguna,Faltante,Cordón divisorio,Sin restricción
2021,10169,2021-12-07,Martes,,,0.0,1,Moto/Ciclomotor,Dr. Maradona Y Camilo Aldao,1,1,0,0,0,0,0,,Calle,,ROSARIO,Constitución,S/D,S/D,II,S/D,Urbana,Otra Señal,S/D,Intersección,S/D,S/D,S/D,S/D,Múltiple,S/D,Colisión,S/D,S/D,Cordón divisorio,Sin restricción
2021,10170,2021-12-07,Martes,,,0.0,1,Moto/Ciclomotor, ,1,1,0,0,0,0,0,,Calle,,ROSARIO,Constitución,S/D,S/D,II,S/D,S/D,Otra Señal,S/D,Intersección,S/D,S/D,S/D,S/D,Múltiple,S/D,Colisión,S/D,S/D,Cordón divisorio,Sin restricción
2021,10171,2021-12-08,Miercoles,,,0.0,1,Moto/Ciclomotor,Virasoro Y Av. Sorrento,1,1,0,0,0,0,0,,Avenida,,ROSARIO,Constitución,S/D,S/D,II,S/D,Urbana,Otra Señal,S/D,Intersección,S/D,S/D,S/D,S/D,Múltiple,S/D,Colisión,S/D,S/D,Cordón divisorio,Sin restricción
2021,10172,2021-12-08,Miercoles,,,0.0,1,Automóvil, ,2,1,0,0,0,0,1,,S/D,,ROSARIO,Constitución,S/D,S/D,II,S/D,S/D,Otra Señal,S/D,Intersección,S/D,S/D,S/D,S/D,Múltiple,S/D,Colisión,S/D,S/D,Cordón divisorio,Sin restricción
2021,10173,2021-12-13,Lunes,,,0.0,1,Moto/Ciclomotor, ,1,1,0,0,0,0,0,,S/D,,VILLA AMELIA,Constitución,S/D,S/D,II,S/D,S/D,Otra Señal,S/D,Intersección,S/D,S/D,S/D,S/D,Múltiple,S/D,Colisión,S/D,S/D,Cordón divisorio,Sin restricción
2021,10174,2021-12-19,Domingo,,,0.0,1,Automóvil,Av. Pellegrini Y Castellanos,2,1,0,0,0,0,1,"-32.950597889504,-60.67775097215",Avenida,,ROSARIO,Constitución,S/D,S/D,II,S/D,Urbana,Otra Señal,S/D,Intersección,S/D,S/D,S/D,S/D,Múltiple,S/D,Colisión,S/D,S/D,Cordón divisorio,Sin restricción
2021,10175,2021-01-22,Viernes,00:00:00,,0.0,1,Moto/Ciclomotor, ,1,1,0,0,0,0,0,"-32.95198936334726, -60.67034652015",S/D,,ROSARIO,Constitución,S/D,S/D,II,S/D,S/D,Otra Señal,S/D,Intersección,S/D,S/D,Nocturna,S/D,Múltiple,S/D,Colisión,S/D,S/D,Cordón divisorio,Sin restricción
2021,10176,2021-01-26,Martes,19:00:00,,0.0,1,Otros,Av. Provincias Unidas Y Av. Pte. Perón,1,1,0,0,0,0,0,"-32.96792202250211, -60.71154266547",Calle,,ROSARIO,Constitución,Asfalto,No existe,II,Dentro,Urbana,Otra Señal,Funciona,Intersección,Bueno,S/D,Diurna,S/D,Múltiple,S/D,Colisión,Ninguna,"Horizontal,Vertical",Cordón divisorio,Sin restricción
2021,10177,2021-01-24,Domingo,19:00:00,,0.0,1,Automóvil,Av. Pellegrini Y Lima,1,1,0,0,0,0,0,"-32.94918688709885, -60.68590554456",Calle,,ROSARIO,Constitución,Asfalto,No existe,II,Dentro,Urbana,Otra Señal,Funciona,Intersección,Bueno,S/D,Diurna,S/D,Múltiple,S/D,Colisión,Ninguna,"Horizontal,Vertical",Cordón divisorio,Sin restricción
2021,10178,2021-01-27,Miercoles,12:00:00,,0.0,1,Automóvil,Carlos Pellegrini ,2,1,0,0,0,0,1,"-32.91522399007869, -60.81007967047",Calle,,FUNES,Constitución,S/D,S/D,II,Dentro,Urbana,Otra Señal,S/D,Intersección,S/D,S/D,Diurna,S/D,Múltiple,S/D,Colisión,S/D,S/D,Cordón divisorio,Sin restricción
2021,10179,2021-01-27,Miercoles,14:00:00,,0.0,1,Moto/Ciclomotor,Polledo ,1,1,0,0,0,0,0,"-32.886433550529,-60.720490480935",Calle,,ROSARIO,Constitución,S/D,S/D,II,Dentro,Urbana,Otra Señal,S/D,Intersección,S/D,S/D,Diurna,S/D,Múltiple,S/D,Colisión,S/D,S/D,Cordón divisorio,Sin restricción
2021,10180,2021-01-27,Miercoles,16:00:00,,0.0,1,Bicicleta,Pasco Y Matienzo,1,1,0,0,0,0,0,"-32.950468101208024, -60.6943086023",Calle,,ROSARIO,Constitución,Asfalto,No existe,II,Dentro,Urbana,Otra Señal,No existe,Intersección,Bueno,S/D,Diurna,S/D,Múltiple,S/D,Colisión,Ninguna,Faltante,Cordón divisorio,Sin restricción
2021,10181,2021-01-27,Miercoles,14:00:00,,0.0,1,Automóvil,Cafferata Y E.Zeballos,2,2,0,0,0,0,0,"-32.94908876823923, -60.67313183107",Calle,,ROSARIO,Constitución,Asfalto,No existe,II,Dentro,Urbana,Otra Señal,Funciona,Intersección,Bueno,S/D,Diurna,S/D,Múltiple,S/D,Colisión,Ninguna,"Horizontal,Vertical",Cordón divisorio,Sin restricción
2021,10182,2021-01-18,Lunes,18:00:00,,0.0,1,Moto/Ciclomotor,Bv. Seguí Y Pje. Espinillo,1,1,0,0,0,0,0,"-32.97073999354066, -60.69910993084",Calle,,ROSARIO,Constitución,Asfalto,No existe,II,Dentro,Urbana,Otra Señal,No existe,Intersección,Bueno,S/D,Diurna,S/D,Múltiple,S/D,Colisión,Ninguna,Faltante,Cordón divisorio,Sin restricción
2021,10183,2021-12-08,Miercoles,14:00:00,,0.0,1,Moto/Ciclomotor, ,1,1,0,0,0,0,0,"-32.95199386467488, -60.67037334217",S/D,,ROSARIO,Constitución,S/D,S/D,II,S/D,S/D,Otra Señal,S/D,Intersección,S/D,S/D,Diurna,S/D,Múltiple,S/D,Colisión,S/D,S/D,Cordón divisorio,Sin restricción
2021,10184,2021-10-31,Domingo,00:05:00,,0.0,1,Moto/Ciclomotor,Mendoza 8000,1,1,0,0,0,0,0,"-32.94013628106816, -60.73405617897",Calle,,ROSARIO,Constitución,Asfalto,No existe,II,Dentro,Urbana,Otra Señal,No existe,Intersección,Bueno,S/D,Nocturna,S/D,Múltiple,S/D,Colisión,Ninguna,Faltante,Cordón divisorio,Sin restricción
2021,10185,2021-10-30,Sabado,04:30:00,,0.0,1,Moto/Ciclomotor, ,1,1,0,0,0,0,0,"-32.952029876074064, -60.6704699016",S/D,,ROSARIO,Constitución,S/D,S/D,II,S/D,S/D,Otra Señal,S/D,Intersección,S/D,S/D,Nocturna,S/D,Múltiple,S/D,Colisión,S/D,S/D,Cordón divisorio,Sin restricción
2021,10186,2021-10-30,Sabado,18:00:00,,0.0,2,"Moto/Ciclomotor,Moto/Ciclomotor",Neuquén Y Soldado Aguirre,2,2,0,0,0,0,0,"-33.029839781362405, -60.6515227108",Calle,,VILLA GOBERNADOR GÁLVEZ,Constitución,"Asfalto,Tierra",No existe,II,Dentro,Urbana,Otra Señal,No existe,Intersección,Bueno,S/D,Diurna,S/D,Múltiple,S/D,Colisión,Ninguna,Faltante,Cordón divisorio,Sin restricción
2021,10187,2021-10-30,Sabado,,Autovía Nacional Gral. Juan Jose Valle,0.0,1,Automóvil, ,1,1,0,0,0,0,0,"-33.01906859551438, -60.66392371087",Autovía,Gral. Juan Jose Valle,ROSARIO,Constitución,Asfalto,S/D,II,S/D,Rural,Otra Señal,S/D,Intersección,Bueno,S/D,S/D,S/D,Múltiple,S/D,Colisión,S/D,S/D,Cordón divisorio,Sin restricción
2021,10188,2021-10-29,Viernes,19:30:00,,0.0,1,Bicicleta,Sarmiento Y E.Zeballos,1,1,0,0,0,0,0,"-32.9550047867722, -60.640319369499",Calle,,ROSARIO,Constitución,Asfalto,No existe,II,Dentro,Urbana,Otra Señal,No existe,Intersección,Bueno,S/D,Nocturna,S/D,Múltiple,S/D,Colisión,Ninguna,Horizontal,Cordón divisorio,Sin restricción
2021,10189,2021-10-29,Viernes,13:30:00,,0.0,1,Bicicleta,Tte.Agneta ,1,1,0,0,0,0,0,"-32.979054742064,-60.698322160799",Calle,,ROSARIO,Constitución,S/D,S/D,II,Dentro,Urbana,Otra Señal,S/D,Intersección,S/D,S/D,Diurna,S/D,Múltiple,S/D,Colisión,S/D,S/D,Cordón divisorio,Sin restricción
2021,10190,2021-01-27,Miercoles,,,0.0,1,Moto/Ciclomotor,Mendoza Y Av. Circunvalación,2,2,0,0,0,0,0,"-32.940470478589,-60.723294049167",Avenida,,ROSARIO,Constitución,S/D,S/D,II,S/D,Urbana,Otra Señal,S/D,Intersección,S/D,S/D,S/D,S/D,Múltiple,S/D,Colisión,S/D,S/D,Cordón divisorio,Sin restricción
2021,10191,2021-12-28,Martes,07:45:00,,0.0,1,Automóvil, ,1,1,0,0,0,0,0,"-32.95204788176815, -60.67026605381",S/D,,ROSARIO,Constitución,S/D,S/D,II,S/D,S/D,Otra Señal,S/D,Intersección,S/D,S/D,Diurna,S/D,Múltiple,S/D,Colisión,S/D,S/D,Cordón divisorio,Sin restricción
2021,10192,2021-10-28,Jueves,13:00:00,,0.0,1,Moto/Ciclomotor,San Lorenzo Y Muniagurria,1,1,0,0,0,0,0,"-32.93512983836631, -60.73308989062",Calle,,ROSARIO,Constitución,Asfalto,No existe,II,Dentro,Urbana,Otra Señal,No existe,Intersección,Bueno,S/D,Diurna,S/D,Múltiple,S/D,Colisión,Ninguna,Faltante,Cordón divisorio,Sin restricción
2021,10193,2021-10-29,Viernes,14:00:00,Ruta Nacional 33,0.0,1,Moto/Ciclomotor, ,1,1,0,0,0,0,0,"-32.976888483701146, -60.7293034848",Ruta,33,ROSARIO,Constitución,Asfalto,S/D,II,S/D,Rural,Otra Señal,S/D,Intersección,S/D,S/D,Diurna,S/D,Múltiple,S/D,Colisión,S/D,S/D,Cordón divisorio,Sin restricción
2021,10194,2021-01-27,Miercoles,,,0.0,1,Moto/Ciclomotor, ,1,1,0,0,0,0,0,,S/D,,ROSARIO,Constitución,S/D,S/D,II,S/D,S/D,Otra Señal,S/D,Intersección,S/D,S/D,S/D,S/D,Múltiple,S/D,Colisión,S/D,S/D,Cordón divisorio,Sin restricción
2021,10195,2021-10-29,Viernes,16:30:00,,0.0,1,Moto/Ciclomotor,Montecarlo Y Punta Del Indio,1,1,0,0,0,0,0,"-33.02760836622917, -60.68729240223",Calle,,ROSARIO,Constitución,Asfalto,No existe,II,Dentro,Urbana,Otra Señal,No existe,Intersección,Bueno,S/D,Diurna,S/D,Múltiple,S/D,Colisión,Ninguna,Faltante,Cordón divisorio,Sin restricción
2021,10196,2021-01-28,Jueves,,,0.0,1,Moto/Ciclomotor, ,1,1,0,0,0,0,0,,S/D,,ROSARIO,Constitución,S/D,S/D,II,S/D,S/D,Otra Señal,S/D,Intersección,S/D,S/D,S/D,S/D,Múltiple,S/D,Colisión,S/D,S/D,Cordón divisorio,Sin restricción
2021,10197,2021-10-30,Sabado,14:00:00,,0.0,1,Moto/Ciclomotor,Entre Ríos Y Pasco,1,1,0,0,0,0,0,"-32.959061085084464, -60.6442935310",Calle,,ROSARIO,Constitución,Asfalto,No existe,II,Dentro,Urbana,Otra Señal,No existe,Intersección,Bueno,S/D,Diurna,S/D,Múltiple,S/D,Colisión,Ninguna,Faltante,Cordón divisorio,Sin restricción
2021,10198,2021-10-30,Sabado,22:00:00,,0.0,1,Moto/Ciclomotor,Campbell ,1,1,0,0,0,0,0,"-32.966455130089,-60.706928833732",Calle,,ROSARIO,Constitución,S/D,S/D,II,Dentro,Urbana,Otra Señal,S/D,Intersección,S/D,S/D,Nocturna,S/D,Múltiple,S/D,Colisión,S/D,S/D,Cordón divisorio,Sin restricción
2021,10199,2021-01-29,Viernes,,,0.0,1,Moto/Ciclomotor,Rio De Janeiro Y Centeno,1,1,0,0,0,0,0,,Calle,,ROSARIO,Constitución,S/D,S/D,II,S/D,Urbana,Otra Señal,S/D,Intersección,S/D,S/D,S/D,S/D,Múltiple,S/D,Colisión,S/D,S/D,Cordón divisorio,Sin restricción
2021,10200,2021-10-30,Sabado,,,0.0,1,Moto/Ciclomotor,Suipacha Y Salta,1,1,0,0,0,0,0,"-32.93480988542829, -60.66239247339",Calle,,ROSARIO,Constitución,Asfalto,No existe,II,Dentro,Urbana,Otra Señal,Funciona,Intersección,Bueno,S/D,S/D,S/D,Múltiple,S/D,Colisión,Ninguna,"Horizontal,Vertical",Cordón divisorio,Sin restricción
2021,10201,2021-01-29,Viernes,,,0.0,2,"Automóvil,Automóvil",Santa Fe Y Balcarce,2,1,0,0,0,0,1,"-32.942594947411,-60.651597019394",Calle,,ROSARIO,Constitución,S/D,S/D,II,S/D,Urbana,Otra Señal,S/D,Intersección,S/D,S/D,S/D,S/D,Múltiple,S/D,Colisión,S/D,S/D,Cordón divisorio,Sin restricción
2021,10202,2021-10-29,Viernes,19:30:00,,0.0,1,Moto/Ciclomotor,J.J.Paso Y Perú Bis,1,1,0,0,0,0,0,"-32.92020993979734, -60.71226884812",Calle,,ROSARIO,Constitución,Asfalto,No existe,II,Dentro,Urbana,Otra Señal,No existe,Intersección,Bueno,S/D,Nocturna,S/D,Múltiple,S/D,Colisión,Ninguna,Faltante,Cordón divisorio,Sin restricción
2021,10203,2021-01-30,Sabado,,,0.0,2,"Moto/Ciclomotor,Peatón",Gálvez Y Gorriti,2,1,0,0,0,0,1,,Calle,,ROSARIO,Constitución,S/D,S/D,II,S/D,S/D,Otra Señal,S/D,Intersección,S/D,S/D,S/D,S/D,Múltiple,Peatón,Colisión,S/D,S/D,Cordón divisorio,Sin restricción
2021,10204,2021-01-30,Sabado,,,0.0,1,Moto/Ciclomotor, ,1,1,0,0,0,0,0,,S/D,,ROSARIO,Constitución,S/D,S/D,II,S/D,S/D,Otra Señal,S/D,Intersección,S/D,S/D,S/D,S/D,Múltiple,S/D,Colisión,S/D,S/D,Cordón divisorio,Sin restricción
2021,10205,2021-01-30,Sabado,,,0.0,1,Moto/Ciclomotor,Colombia Bis Y Gorriti,1,1,0,0,0,0,0,,Calle,,ROSARIO,Constitución,S/D,S/D,II,S/D,S/D,Otra Señal,S/D,Intersección,S/D,S/D,S/D,S/D,Múltiple,S/D,Colisión,S/D,S/D,Cordón divisorio,Sin restricción
2021,10206,2021-01-31,Domingo,,,0.0,1,Moto/Ciclomotor,Perú 2327,1,1,0,0,0,0,0,"-32.955999824003,-60.710753729577",Calle,,ROSARIO,Constitución,S/D,S/D,II,S/D,S/D,Otra Señal,S/D,Intersección,S/D,S/D,S/D,S/D,Múltiple,S/D,Colisión,S/D,S/D,Cordón divisorio,Sin restricción
2021,10207,2021-01-31,Domingo,,,0.0,1,Moto/Ciclomotor, ,1,1,0,0,0,0,0,,S/D,,ROSARIO,Constitución,S/D,S/D,II,S/D,S/D,Otra Señal,S/D,Intersección,S/D,S/D,S/D,S/D,Múltiple,S/D,Colisión,S/D,S/D,Cordón divisorio,Sin restricción
2021,10208,2021-01-31,Domingo,,,0.0,1,Camión,Av. Luis Carballo Y Vélez Sarsfield,2,1,0,0,0,0,1,,Avenida,,ROSARIO,Constitución,S/D,S/D,II,S/D,S/D,Otra Señal,S/D,Intersección,S/D,S/D,S/D,S/D,Múltiple,S/D,Colisión,S/D,S/D,Cordón divisorio,Sin restricción
2021,10209,2021-01-31,Domingo,,,0.0,1,Moto/Ciclomotor, ,1,1,0,0,0,0,0,,S/D,,ROSARIO,Constitución,S/D,S/D,II,S/D,S/D,Otra Señal,S/D,Intersección,S/D,S/D,S/D,S/D,Múltiple,S/D,Colisión,S/D,S/D,Cordón divisorio,Sin restricción
2021,10210,2021-10-29,Viernes,23:30:00,,0.0,1,Moto/Ciclomotor,Roullon Y Pasco,1,1,0,0,0,0,0,"-32.95067158082158, -60.70185753107",Calle,,ROSARIO,Constitución,Asfalto,No existe,II,Dentro,Urbana,Otra Señal,No existe,Intersección,Bueno,S/D,Nocturna,S/D,Múltiple,S/D,Colisión,Ninguna,Faltante,Cordón divisorio,Sin restricción
2021,10211,2021-10-29,Viernes,21:00:00,,0.0,1,Moto/Ciclomotor,San Nicolas Y Salta,1,1,0,0,0,0,0,"-32.9333267808268, -60.670592759906",Calle,,ROSARIO,Constitución,Asfalto,No existe,II,Dentro,Urbana,Otra Señal,Funciona,Intersección,Bueno,S/D,Nocturna,S/D,Múltiple,S/D,Colisión,Ninguna,"Horizontal,Vertical",Cordón divisorio,Sin restricción
2021,10212,2021-10-29,Viernes,14:45:00,,0.0,1,Bicicleta,Av. Francia Y 24 De Setiembre,1,1,0,0,0,0,0,"-32.97536188317938, -60.67403150038",Calle,,ROSARIO,Constitución,Asfalto,No existe,II,Dentro,Urbana,Otra Señal,No existe,Intersección,Bueno,S/D,Diurna,S/D,Múltiple,S/D,Colisión,Ninguna,Horizontal,Cordón divisorio,Sin restricción
2021,10213,2021-03-13,Sabado,16:00:00,,0.0,1,Bicicleta,Mendoza Y Entre Ríos,1,1,0,0,0,0,0,"-32.95100623906039, -60.64222885859",Calle,,ROSARIO,Constitución,Asfalto,No existe,II,Dentro,Urbana,Otra Señal,Funciona,Intersección,Bueno,S/D,Diurna,S/D,Múltiple,S/D,Colisión,Ninguna,"Horizontal,Vertical",Cordón divisorio,Sin restricción
2021,10214,2021-03-13,Sabado,00:00:00,Ruta Nacional A008,0.0,2,"Moto/Ciclomotor,Moto/Ciclomotor",J.J.Paso Y Av. Circunvalación,2,2,0,0,0,0,0,"-32.920545789962, -60.7236362744040",Ruta,A008,ROSARIO,Constitución,Asfalto,No existe,II,Dentro,Urbana,Otra Señal,No existe,Intersección,Bueno,S/D,Nocturna,S/D,Múltiple,S/D,Colisión,Ninguna,Faltante,Cordón divisorio,Sin restricción
2021,10215,2021-03-13,Sabado,17:00:00,,0.0,1,Bicicleta, ,1,1,0,0,0,0,0,"-32.951984861822794, -60.6703733421",S/D,,ROSARIO,Constitución,S/D,S/D,II,S/D,S/D,Otra Señal,S/D,Intersección,S/D,S/D,Diurna,S/D,Múltiple,S/D,Colisión,S/D,S/D,Cordón divisorio,Sin restricción
2021,10216,2021-03-13,Sabado,12:00:00,,0.0,1,Moto/Ciclomotor, ,1,1,0,0,0,0,0,"-32.95197585896978, -60.67066302074",S/D,,ROSARIO,Constitución,S/D,S/D,II,S/D,S/D,Otra Señal,S/D,Intersección,S/D,S/D,Diurna,S/D,Múltiple,S/D,Colisión,S/D,S/D,Cordón divisorio,Sin restricción
2021,10217,2021-03-13,Sabado,17:30:00,,0.0,1,Moto/Ciclomotor, ,1,1,0,0,0,0,0,"-32.95200286752606, -60.67055573238",S/D,,ROSARIO,Constitución,S/D,S/D,II,S/D,S/D,Otra Señal,S/D,Intersección,S/D,S/D,Diurna,S/D,Múltiple,S/D,Colisión,S/D,S/D,Cordón divisorio,Sin restricción
2021,10218,2021-03-13,Sabado,19:00:00,,0.0,1,Bicicleta,Av. Uriburu Y Av. Francia,1,1,0,0,0,0,0,"-32.99169543225615, -60.67823677564",Calle,,ROSARIO,Constitución,Asfalto,No existe,II,Dentro,Urbana,Otra Señal,Funciona,Intersección,Bueno,S/D,Diurna,S/D,Múltiple,S/D,Colisión,Ninguna,"Horizontal,Vertical",Cordón divisorio,Sin restricción
2021,10219,2021-03-13,Sabado,,,0.0,1,Moto/Ciclomotor,Valparaíso Y Bv. Seguí,1,1,0,0,0,0,0,"-32.971318057483,-60.690115154593",Avenida,,ROSARIO,Constitución,S/D,S/D,II,S/D,Urbana,Otra Señal,S/D,Intersección,S/D,S/D,S/D,S/D,Múltiple,S/D,Colisión,S/D,S/D,Cordón divisorio,Sin restricción
2021,10220,2021-03-13,Sabado,20:00:00,,0.0,1,Moto/Ciclomotor,Av. Pte. Perón Y Tte.Agneta,1,1,0,0,0,0,0,"-32.96176407710726, -60.69902798874",Calle,,ROSARIO,Constitución,Asfalto,No existe,II,Dentro,Urbana,Otra Señal,No existe,Intersección,Bueno,S/D,Nocturna,S/D,Múltiple,S/D,Colisión,Ninguna,Horizontal,Cordón divisorio,Sin restricción
2021,10221,2021-03-14,Domingo,,,0.0,1,Moto/Ciclomotor,Camilo Aldao Y Virasoro,1,1,0,0,0,0,0,"-32.961151457822,-60.695170180717",Avenida,,ROSARIO,Constitución,S/D,S/D,II,S/D,Urbana,Otra Señal,S/D,Intersección,S/D,S/D,S/D,S/D,Múltiple,S/D,Colisión,S/D,S/D,Cordón divisorio,Sin restricción
2021,10222,2021-10-27,Miercoles,16:45:00,,0.0,1,Moto/Ciclomotor,Bv. Seguí Y Av. Ovidio Lagos,1,1,0,0,0,0,0,"-32.974925476721765, -60.6692875831",Calle,,ROSARIO,Constitución,Asfalto,No existe,II,Dentro,Urbana,Otra Señal,Funciona,Intersección,Bueno,S/D,Diurna,S/D,Múltiple,S/D,Colisión,Ninguna,"Horizontal,Vertical",Cordón divisorio,Sin restricción
2021,10223,2021-03-14,Domingo,,,0.0,2,"Moto/Ciclomotor,Moto/Ciclomotor",Sanguinetti Y E.Deliot,2,2,0,0,0,0,0,,Calle,,ROSARIO,Constitución,S/D,S/D,II,S/D,Urbana,Otra Señal,S/D,Intersección,S/D,S/D,S/D,S/D,Múltiple,S/D,Colisión,S/D,S/D,Cordón divisorio,Sin restricción
2021,10224,2021-10-27,Miercoles,08:00:00,,0.0,1,Moto/Ciclomotor,Mariano Moreno 2500,1,1,0,0,0,0,0,"-32.964083203588594, -60.6556123273",Calle,,ROSARIO,Constitución,Asfalto,No existe,II,Dentro,Urbana,Otra Señal,No existe,Intersección,Bueno,S/D,Diurna,S/D,Múltiple,S/D,Colisión,Ninguna,Faltante,Cordón divisorio,Sin restricción
2021,10225,2021-10-27,Miercoles,00:00:00,,0.0,1,Moto/Ciclomotor,J F Kennedy ,1,1,0,0,0,0,0,"-33.029974693543,-60.604892974334",Calle,,VILLA GOBERNADOR GÁLVEZ,Constitución,S/D,S/D,II,Dentro,Urbana,Otra Señal,S/D,Intersección,S/D,S/D,Nocturna,S/D,Múltiple,S/D,Colisión,S/D,S/D,Cordón divisorio,Sin restricción
2021,10226,2021-03-14,Domingo,,,0.0,2,"Otros,Peatón",Av. Luis Carballo 600,2,1,0,0,0,0,1,"-32.921990594638,-60.672300875529",Avenida,,ROSARIO,Constitución,S/D,S/D,II,S/D,Urbana,Otra Señal,S/D,Intersección,S/D,S/D,S/D,S/D,Múltiple,Peatón,Colisión,S/D,S/D,Cordón divisorio,Sin restricción
2021,10227,2021-03-14,Domingo,,,0.0,1,Moto/Ciclomotor,Magallanes Y Mendoza,1,1,0,0,0,0,0,"-32.940064142567,-60.704506819102",Calle,,ROSARIO,Constitución,S/D,S/D,II,S/D,Urbana,Otra Señal,S/D,Intersección,S/D,S/D,S/D,S/D,Múltiple,S/D,Colisión,S/D,S/D,Cordón divisorio,Sin restricción
2021,10228,2021-03-15,Lunes,,,0.0,1,Moto/Ciclomotor,Marcos Paz Y Bolívar,1,1,0,0,0,0,0,"-33.030809167792,-60.646606819507",Calle,,VILLA GOBERNADOR GÁLVEZ,Constitución,S/D,S/D,II,S/D,Urbana,Otra Señal,S/D,Intersección,S/D,S/D,S/D,S/D,Múltiple,S/D,Colisión,S/D,S/D,Cordón divisorio,Sin restricción
2021,10229,2021-03-15,Lunes,,,0.0,1,Moto/Ciclomotor,Rioja Y Sucre,1,1,0,0,0,0,0,"-32.938267501126,-60.690289574332",Calle,,ROSARIO,Constitución,S/D,S/D,II,S/D,Urbana,Otra Señal,S/D,Intersección,S/D,S/D,S/D,S/D,Múltiple,S/D,Colisión,S/D,S/D,Cordón divisorio,Sin restricción