anio_acci,nro_acci,fecha,desc_dia,hora_aprox,desc_ruta,km,cant_participantes,desc_participante,calle_avenida_km,total,heridos_leves,heridos_graves,heridos_gravisimos,ilesos,fallecidos,sin_datos,posicion_XY,desc_tipo_via,desc_ruta_ori,desc_loc,desc_dpto,desc_tipo_calzada,desc_tipo_banquina,desc_unidad_regional,desc_lugar_calzada,desc_zona,desc_prioridad,desc_estado_semaforo,desc_lugar_via,desc_estado_via,desc_estado_visibilidad,desc_luminosidad,desc_estado_clima,desc_tipo_colision,desc_tipo_atropello,desc_tipo_hecho,desc_pres_calzada,desc_senializacion,desc_separacion_via,desc_restriccion
2021,10300,2021-03-29,Lunes,19:20:00,,0.0,2,"Automóvil,Bicicleta",Av. Pte. Perón Y Servando Bayo,2,1,0,0,0,0,1,"-32.958227181477,-60.689644290418",Avenida,,ROSARIO,Constitución,S/D,S/D,II,S/D,Urbana,Otra Señal,S/D,Intersección,S/D,S/D,Diurna,S/D,Múltiple,Ciclista,Colisión,S/D,S/D,Cordón divisorio,Sin restricción
2021,10301,2021-03-29,Lunes,17:20:00,,0.0,1,Automóvil,Montevideo Y Castellanos,1,1,0,0,0,0,0,"-32.949534753878,-60.67748320511",Calle,,ROSARIO,Constitución,S/D,S/D,II,S/D,Urbana,Otra Señal,S/D,Intersección,S/D,S/D,Diurna,S/D,Múltiple,S/D,Colisión,S/D,S/D,Cordón divisorio,Sin restricción
2021,10302,2021-03-29,Lunes,21:00:00,,0.0,2,"Automóvil,Moto/Ciclomotor",9 De Julio 1300,2,1,0,0,0,0,1,"-32.953324834761,-60.642818018212",Calle,,ROSARIO,Constitución,S/D,S/D,II,S/D,Urbana,Otra Señal,S/D,Intersección,S/D,S/D,Nocturna,S/D,Múltiple,S/D,Colisión,S/D,S/D,Cordón divisorio,Sin restricción
2021,10303,2021-03-28,Domingo,21:30:00,,0.0,2,"Otros,Peatón",Av. Wheelwright Y Dorrego,2,1,0,0,0,0,1,"-32.933622637582,-60.646485654406",Calle,,ROSARIO,Constitución,S/D,S/D,II,S/D,Urbana,Otra Señal,S/D,Intersección,S/D,S/D,Nocturna,S/D,Múltiple,S/D,Colisión,S/D,S/D,Cordón divisorio,Sin restricción
2021,10304,2021-03-29,Lunes,21:00:00,,0.0,1,Automóvil,Bv. Avellaneda 3400,1,1,0,0,0,0,0,"-32.969413761215,-60.686876945032",Avenida,,ROSARIO,Constitución,S/D,S/D,II,S/D,Urbana,Otra Señal,S/D,Intersección,S/D,S/D,Nocturna,S/D,Múltiple,S/D,Colisión,S/D,S/D,Cordón divisorio,Sin restricción
2021,10305,2021-03-29,Lunes,17:00:00,,0.0,2,"Bicicleta,Otros",Pje. Minetti 2260,2,1,0,0,0,0,1,,Calle,,ROSARIO,Constitución,S/D,S/D,II,S/D,Urbana,Otra Señal,S/D,Intersección,S/D,S/D,Diurna,S/D,Múltiple,Ciclista,Colisión,S/D,S/D,Cordón divisorio,Sin restricción
2021,10306,2021-03-29,Lunes,21:50:00,,0.0,2,"Automóvil,Bicicleta",Garay Y Av. Ovidio Lagos,2,1,0,0,0,0,1,"-32.970377531843,-60.668179688487",Avenida,,ROSARIO,Constitución,S/D,S/D,II,S/D,Urbana,Otra Señal,S/D,Intersección,S/D,S/D,Nocturna,S/D,Múltiple,Ciclista,Colisión,S/D,S/D,Cordón divisorio,Sin restricción
2021,10307,2021-03-30,Martes,20:00:00,,0.0,2,"Automóvil,Moto/Ciclomotor",Bv. Seguí Y Buenos Aires,3,2,0,0,0,0,1,"-32.97993886852,-60.640878613227",Avenida,,ROSARIO,Constitución,S/D,S/D,II,S/D,Urbana,Otra Señal,S/D,Intersección,S/D,S/D,Nocturna,S/D,Múltiple,S/D,Colisión,S/D,S/D,Cordón divisorio,Sin restricción
2021,10308,2021-10-23,Sabado,15:00:00,,0.0,1,Moto/Ciclomotor,Bv. 27 De Febrero Y Av. Pte. Perón,2,2,0,0,0,0,0,"-32.95875902275944, -60.69326134002",Calle,,ROSARIO,Constitución,Asfalto,No existe,II,Dentro,Urbana,Otra Señal,Funciona,Intersección,Bueno,S/D,Diurna,S/D,Múltiple,S/D,Colisión,Ninguna,"Horizontal,Vertical",Cordón divisorio,Sin restricción
2021,10309,2021-10-23,Sabado,20:00:00,Autovía Nacional Gral. Juan Jose Valle,0.0,1,Moto/Ciclomotor,Av. Eva Perón Y Venezuela,1,1,0,0,0,0,0,"-32.93077148607192, -60.72501935176",Autovía,Gral. Juan Jose Valle,ROSARIO,Constitución,Asfalto,No existe,II,Dentro,Urbana,Otra Señal,No existe,Intersección,Bueno,S/D,Nocturna,S/D,Múltiple,S/D,Colisión,Ninguna,Faltante,Cordón divisorio,Sin restricción
2021,10310,2021-10-23,Sabado,02:00:00,,0.0,1,Automóvil,Bv. Seguí Y Bv. Avellaneda,1,1,0,0,0,0,0,"-32.971724998687044, -60.6873483408",Calle,,ROSARIO,Constitución,Asfalto,No existe,II,Dentro,Urbana,Otra Señal,Funciona,Intersección,Bueno,S/D,Nocturna,S/D,Múltiple,S/D,Colisión,Ninguna,"Horizontal,Vertical",Cordón divisorio,Sin restricción
2021,10311,2021-10-23,Sabado,16:30:00,,0.0,1,Bicicleta,Av. Pellegrini Y Matienzo,1,1,0,0,0,0,0,"-32.948081154850506, -60.6943797599",Calle,,ROSARIO,Constitución,Asfalto,No existe,II,Dentro,Urbana,Otra Señal,Funciona,Intersección,Bueno,S/D,Diurna,S/D,Múltiple,S/D,Colisión,S/D,"Horizontal,Vertical",Cordón divisorio,Sin restricción
2021,10312,2021-10-19,Martes,15:10:00,,0.0,2,"Automóvil,Moto/Ciclomotor",Virasoro Y Av. Corrientes,2,2,0,0,0,0,0,"-32.969190384119266, -60.6482377445",Calle,,ROSARIO,Constitución,Asfalto,No existe,II,Dentro,Urbana,Otra Señal,No existe,Intersección,Bueno,S/D,Diurna,S/D,Múltiple,S/D,Colisión,Ninguna,Faltante,Cordón divisorio,Sin restricción
2021,10313,2021-10-24,Domingo,00:20:00,Ruta Secundaria 225-s,0.0,1,Moto/Ciclomotor,San Martin 7000,1,1,0,0,0,0,0,"-33.019062821707,-60.652861256424",Ruta,225-s,ROSARIO,Constitución,Asfalto,Pavimento,II,Dentro,Urbana,Otra Señal,No existe,Intersección,Bueno,S/D,Nocturna,S/D,Múltiple,S/D,Colisión,Ninguna,Faltante,Cordón divisorio,Sin restricción
2021,10314,2021-10-23,Sabado,12:30:00,,0.0,1,Automóvil,Bv. Rondeau Y Washington,1,1,0,0,0,0,0,"-32.90126675219256, -60.69046116179",Calle,,ROSARIO,Constitución,Asfalto,No existe,II,Dentro,Urbana,Otra Señal,Funciona,Intersección,Bueno,S/D,Diurna,S/D,Múltiple,S/D,Colisión,Ninguna,"Horizontal,Vertical",Cordón divisorio,Sin restricción
2021,10315,2021-10-22,Viernes,15:00:00,,0.0,1,Bicicleta, ,1,1,0,0,0,0,0,"-32.95202087322565, -60.67040552868",S/D,,ROSARIO,Constitución,S/D,S/D,II,S/D,S/D,Otra Señal,S/D,Intersección,S/D,S/D,Diurna,S/D,Múltiple,S/D,Colisión,S/D,S/D,Cordón divisorio,Sin restricción
2021,10316,2021-10-22,Viernes,08:30:00,,0.0,1,Moto/Ciclomotor,Av. Pte. Perón Y Valparaíso,1,1,0,0,0,0,0,"-32.95798914026055, -60.68675721945",Calle,,ROSARIO,Constitución,Asfalto,No existe,II,Dentro,Urbana,Otra Señal,No existe,Intersección,Bueno,S/D,Diurna,S/D,Múltiple,S/D,Colisión,S/D,Horizontal,Cordón divisorio,Sin restricción
2021,10317,2021-03-31,Miercoles,10:00:00,,0.0,2,"Automóvil,Bicicleta",3 De Febrero 600,2,1,0,0,0,0,1,"-32.97993886852,-60.640878613227",Calle,,ROSARIO,Constitución,S/D,S/D,II,S/D,Urbana,Otra Señal,S/D,Intersección,S/D,S/D,Diurna,S/D,Múltiple,Ciclista,Colisión,S/D,S/D,Cordón divisorio,Sin restricción
2021,10318,2021-03-31,Miercoles,15:15:00,,0.0,2,"Automóvil,Automóvil",Av. Luis Carballo 200,2,1,0,0,0,0,1,,Avenida,,ROSARIO,Constitución,S/D,S/D,II,Dentro,Urbana,Otra Señal,S/D,Intersección,S/D,S/D,Diurna,S/D,Múltiple,S/D,Colisión,S/D,S/D,Cordón divisorio,Sin restricción
2021,10319,2021-03-31,Miercoles,20:45:00,,0.0,2,"Automóvil,Moto/Ciclomotor",Olegario V.Andrade Y Callao,2,1,0,0,0,0,1,"-32.996594625829,-60.671882373559",Calle,,ROSARIO,Constitución,S/D,S/D,II,S/D,Urbana,Otra Señal,S/D,Intersección,S/D,S/D,Nocturna,S/D,Múltiple,S/D,Colisión,S/D,S/D,Cordón divisorio,Sin restricción
2021,10320,2021-05-15,Sabado,14:00:00,,0.0,1,Automóvil,Rioja 1600,1,1,0,0,0,0,0,"-32.94634039978589, -60.64541764158",Calle,,ROSARIO,Constitución,Asfalto,No existe,II,Dentro,Urbana,Otra Señal,No existe,Intersección,Bueno,S/D,Diurna,S/D,Múltiple,S/D,Colisión,Ninguna,Horizontal,Cordón divisorio,Sin restricción
2021,10321,2021-05-14,Viernes,21:30:00,,0.0,2,"Automóvil,Automóvil",Av. Francia Y Rueda,2,2,0,0,0,0,0,"-32.966195420044656, -60.6716931771",Calle,,ROSARIO,Constitución,Asfalto,No existe,II,Dentro,Urbana,Otra Señal,No existe,Intersección,Bueno,S/D,Nocturna,S/D,Múltiple,S/D,Colisión,Ninguna,Faltante,Cordón divisorio,Sin restricción
2021,10322,2021-05-15,Sabado,00:00:00,,0.0,1,Automóvil,Pje. Cuba Y Av. Eva Perón,1,1,0,0,0,0,0,"-32.9351490599525, -60.701212750745",Calle,,ROSARIO,Constitución,Asfalto,No existe,II,Dentro,Urbana,Otra Señal,Funciona,Intersección,Bueno,S/D,Nocturna,S/D,Múltiple,S/D,Colisión,Ninguna,"Horizontal,Vertical",Cordón divisorio,Sin restricción
2021,10323,2021-05-15,Sabado,18:00:00,,0.0,1,Moto/Ciclomotor,San Luis Y Carriego,1,1,0,0,0,0,0,"-32.94000368489789, -60.68933410223",Calle,,ROSARIO,Constitución,Asfalto,No existe,II,Dentro,Urbana,Otra Señal,No existe,Intersección,Bueno,S/D,Diurna,S/D,Múltiple,S/D,Colisión,Ninguna,Faltante,Cordón divisorio,Sin restricción
2021,10324,2021-05-03,Lunes,10:30:00,,0.0,2,"Moto/Ciclomotor,Moto/Ciclomotor",Av. Wheelwright Y Dorrego,2,2,0,0,0,0,0,"-32.933622637582,-60.646485654406",Avenida,,ROSARIO,Constitución,S/D,S/D,II,S/D,Urbana,Otra Señal,S/D,Intersección,S/D,S/D,Diurna,S/D,Múltiple,S/D,Colisión,S/D,S/D,Cordón divisorio,Sin restricción
2021,10325,2021-05-15,Sabado,00:00:00,,0.0,1,Moto/Ciclomotor,ROULLON Y ABORÍGENES ARGENTINOS,1,1,0,0,0,0,0,"-32.981102726204284, -60.7005846792",Calle,,ROSARIO,Constitución,"Asfalto,Tierra",No existe,II,Dentro,Urbana,Otra Señal,No existe,Intersección,Bueno,S/D,Nocturna,S/D,Múltiple,S/D,Colisión,Ninguna,Faltante,Cordón divisorio,Sin restricción
2021,10326,2021-05-04,Martes,15:30:00,,0.0,2,"Otros,Bicicleta",24 De Setiembre Y Alsina,3,2,0,0,0,0,1,"-32.973366616541,-60.684922925534",Calle,,ROSARIO,Constitución,S/D,S/D,II,S/D,Urbana,Otra Señal,S/D,Intersección,S/D,S/D,Diurna,S/D,Múltiple,Ciclista,Colisión,S/D,S/D,Cordón divisorio,Sin restricción
2021,10327,2021-05-04,Martes,22:30:00,,0.0,1,Moto/Ciclomotor,Pje. Ghandi Y P.L.Funes Bis,1,1,0,0,0,0,0,,Calle,,ROSARIO,Constitución,S/D,S/D,II,S/D,Urbana,Otra Señal,S/D,Intersección,S/D,S/D,Nocturna,S/D,Múltiple,S/D,Colisión,S/D,S/D,Cordón divisorio,Sin restricción
2021,10328,2021-05-02,Domingo,00:00:00,,0.0,2,"Otros,Bicicleta", ,2,1,0,0,0,0,1,,S/D,,ROSARIO,Constitución,S/D,S/D,II,S/D,S/D,Otra Señal,S/D,Intersección,S/D,S/D,Nocturna,S/D,Múltiple,Ciclista,Colisión,S/D,S/D,Cordón divisorio,Sin restricción
2021,10329,2021-05-05,Miercoles,12:00:00,,0.0,2,"Automóvil,Moto/Ciclomotor",Av. Pte. Perón Y Av. Circunvalación,2,1,0,0,0,0,1,"-32.970337162875,-60.716091144135",Avenida,,ROSARIO,Constitución,S/D,S/D,II,S/D,Urbana,Otra Señal,S/D,Intersección,S/D,S/D,Diurna,S/D,Múltiple,S/D,Colisión,S/D,S/D,Cordón divisorio,Sin restricción
2021,10330,2021-05-06,Jueves,01:00:00,,0.0,2,"Otros,Bicicleta",Bv. 27 De Febrero Y Av. Provincias Unidas,2,1,0,0,0,0,1,,Avenida,,ROSARIO,Constitución,S/D,S/D,II,S/D,Urbana,Otra Señal,S/D,Intersección,S/D,S/D,Nocturna,S/D,Múltiple,Ciclista,Colisión,S/D,S/D,Cordón divisorio,Sin restricción
2021,10331,2021-05-06,Jueves,17:30:00,,0.0,1,Moto/Ciclomotor,Av. Francia Y Av. Pellegrini,1,1,0,0,0,0,0,"-32.952439492342,-60.668385091878",Avenida,,ROSARIO,Constitución,S/D,S/D,II,S/D,Urbana,Otra Señal,S/D,Intersección,S/D,S/D,Diurna,S/D,Múltiple,S/D,Colisión,S/D,S/D,Cordón divisorio,Sin restricción
2021,10332,2021-05-07,Viernes,07:30:00,,0.0,1,Moto/Ciclomotor,Lavalle Y Biedma,1,1,0,0,0,0,0,"-32.97427072586,-60.686577689299",Calle,,ROSARIO,Constitución,S/D,S/D,II,S/D,Urbana,Otra Señal,S/D,Intersección,S/D,S/D,Diurna,S/D,Múltiple,S/D,Colisión,S/D,S/D,Cordón divisorio,Sin restricción
2021,10333,2021-03-30,Martes,13:45:00,,0.0,1,Moto/Ciclomotor,Brown Y Av. Francia,1,1,0,0,0,0,0,"-32.93221557133277, -60.66329101001",Calle,,ROSARIO,Constitución,Asfalto,No existe,II,Dentro,Urbana,Otra Señal,Funciona,Intersección,Bueno,S/D,Diurna,S/D,Múltiple,S/D,Colisión,Ninguna,"Horizontal,Vertical",Cordón divisorio,Sin restricción
2021,10334,2021-05-08,Sabado,19:00:00,,0.0,2,"Moto/Ciclomotor,Moto/Ciclomotor",Bv. Avellaneda Y Amenábar,2,2,0,0,0,0,0,"-32.96482696977,-60.685724894297",Avenida,,ROSARIO,Constitución,S/D,S/D,II,S/D,Urbana,Otra Señal,S/D,Intersección,S/D,S/D,Nocturna,S/D,Múltiple,S/D,Colisión,S/D,S/D,Cordón divisorio,Sin restricción
2021,10335,2021-03-13,Sabado,22:15:00,,0.0,1,Moto/Ciclomotor,Av. Pellegrini Y Crespo,1,1,0,0,0,0,0,"-32.95196752444362, -60.67102419127",Calle,,ROSARIO,Constitución,Asfalto,No existe,II,Dentro,Urbana,Otra Señal,Funciona,Intersección,Bueno,S/D,Nocturna,S/D,Múltiple,S/D,Colisión,Ninguna,"Horizontal,Vertical",Cordón divisorio,Sin restricción
2021,10336,2021-05-31,Lunes,09:40:00,,0.0,1,Peatón,Amenábar Y Lavalle,1,1,0,0,0,0,0,"-32.96512526622084, -60.68431019922",Calle,,ROSARIO,Constitución,Asfalto,No existe,II,Dentro,Urbana,Otra Señal,No existe,Intersección,Bueno,S/D,Diurna,S/D,Múltiple,S/D,Colisión,S/D,Faltante,Cordón divisorio,Sin restricción
2021,10337,2021-05-09,Domingo,17:00:00,,0.0,1,Moto/Ciclomotor,Viamonte 2400,1,1,0,0,0,0,0,"-32.956736102093,-60.690690658539",Calle,,ROSARIO,Constitución,S/D,S/D,II,S/D,Urbana,Otra Señal,S/D,Intersección,S/D,S/D,Diurna,S/D,Múltiple,S/D,Colisión,S/D,S/D,Cordón divisorio,Sin restricción
2021,10338,2021-05-31,Lunes,05:45:00,,0.0,1,Automóvil,Pasco Y Cafferata,2,2,0,0,0,0,0,"-32.95370497088698, -60.67429296697",Calle,,ROSARIO,Constitución,Asfalto,No existe,II,Dentro,Urbana,Otra Señal,No existe,Intersección,Bueno,S/D,Nocturna,S/D,Múltiple,S/D,Colisión,Ninguna,Faltante,Cordón divisorio,Sin restricción
2021,10339,2021-05-29,Sabado,09:00:00,,0.0,1,Moto/Ciclomotor,Av. Pellegrini Y Vera Mujica,1,1,0,0,0,0,0,"-32.95219397284516, -60.66964205587",Calle,,ROSARIO,Constitución,Asfalto,No existe,II,Dentro,Urbana,Otra Señal,Funciona,Intersección,Bueno,S/D,Diurna,S/D,Múltiple,S/D,Colisión,Ninguna,"Horizontal,Vertical",Cordón divisorio,Sin restricción
2021,10340,2021-05-28,Viernes,16:00:00,,0.0,1,Moto/Ciclomotor, ,1,1,0,0,0,0,0,"-32.951999469818716, -60.6703174028",S/D,,ROSARIO,Constitución,S/D,S/D,II,S/D,S/D,Otra Señal,S/D,Intersección,S/D,S/D,Diurna,S/D,Múltiple,S/D,Colisión,S/D,S/D,Cordón divisorio,Sin restricción
2021,10341,2021-05-29,Sabado,00:00:00,,0.0,1,Moto/Ciclomotor,E.Zeballos Y Sarmiento,1,1,0,0,0,0,0,"-32.95499565572663, -60.64033749395",Calle,,ROSARIO,Constitución,Asfalto,No existe,II,Dentro,Urbana,Otra Señal,No existe,Intersección,Bueno,S/D,Nocturna,S/D,Múltiple,S/D,Colisión,Ninguna,Horizontal,Cordón divisorio,Sin restricción
2021,10342,2021-05-29,Sabado,19:00:00,,0.0,1,Automóvil,Chacabuco Y Rueda,1,1,0,0,0,0,0,"-32.973817448228566, -60.6289835188",Calle,,ROSARIO,Constitución,Asfalto,No existe,II,Dentro,Urbana,Otra Señal,No existe,Intersección,Bueno,S/D,Diurna,S/D,Múltiple,S/D,Colisión,Ninguna,Faltante,Cordón divisorio,Sin restricción
2021,10343,2021-05-28,Viernes,20:30:00,,0.0,2,"Moto/Ciclomotor,Moto/Ciclomotor",Av. Francia Y Pte. Quintana,2,2,0,0,0,0,0,"-32.97762155996469, -60.67458531097",Calle,,ROSARIO,Constitución,Asfalto,No existe,II,Dentro,Urbana,Otra Señal,No existe,Intersección,Bueno,S/D,Nocturna,S/D,Múltiple,S/D,Colisión,Ninguna,Faltante,Cordón divisorio,Sin restricción
2021,10344,2021-05-28,Viernes,09:00:00,,0.0,1,Bicicleta,Pje. Azurduy ,1,1,0,0,0,0,0,"-32.941719429833,-60.706147715125",S/D,,ROSARIO,Constitución,S/D,S/D,II,S/D,S/D,Otra Señal,S/D,Intersección,S/D,S/D,Diurna,S/D,Múltiple,S/D,Colisión,S/D,S/D,Cordón divisorio,Sin restricción
2021,10345,2021-05-08,Sabado,12:00:00,,0.0,1,Moto/Ciclomotor,Av. Francia Y Pte. Quintana,1,1,0,0,0,0,0,"-32.977586056072,-60.674742461757",Avenida,,ROSARIO,Constitución,S/D,S/D,II,S/D,Urbana,Otra Señal,S/D,Intersección,S/D,S/D,Diurna,S/D,Múltiple,S/D,Colisión,S/D,S/D,Cordón divisorio,Sin restricción
2021,10346,2021-05-08,Sabado,20:15:00,,0.0,2,"Otros,Peatón",Pasco Y Av. Provincias Unidas,2,1,0,0,0,0,1,"-32.950936405026,-60.712078095205",Avenida,,ROSARIO,Constitución,S/D,S/D,II,S/D,Urbana,Otra Señal,S/D,Intersección,S/D,S/D,Nocturna,S/D,Múltiple,Peatón,Colisión,S/D,S/D,Cordón divisorio,Sin restricción
2021,10347,2021-05-07,Viernes,19:00:00,,0.0,2,"Automóvil,Bicicleta",Roullon Y Riobamba,2,1,0,0,0,0,1,,Calle,,ROSARIO,Constitución,S/D,S/D,II,S/D,Urbana,Otra Señal,S/D,Intersección,S/D,S/D,Atardecer,S/D,Múltiple,Ciclista,Colisión,S/D,S/D,Cordón divisorio,Sin restricción
2021,10348,2021-05-07,Viernes,19:00:00,,0.0,2,"Automóvil,Bicicleta",Roullon Y Riobamba,2,1,0,0,0,0,1,,Calle,,ROSARIO,Constitución,S/D,S/D,II,S/D,S/D,Otra Señal,S/D,Intersección,S/D,S/D,Atardecer,S/D,Múltiple,Ciclista,Colisión,S/D,S/D,Cordón divisorio,Sin restricción
2021,10349,2021-05-08,Sabado,17:30:00,,0.0,1,Moto/Ciclomotor,Av. Circunvalación Y Av. Sorrento,1,1,0,0,0,0,0,"-32.908278261705,-60.724324702182",Avenida,,ROSARIO,Constitución,S/D,S/D,II,S/D,Urbana,Otra Señal,S/D,Intersección,S/D,S/D,Diurna,S/D,Múltiple,S/D,Colisión,S/D,S/D,Cordón divisorio,Sin restricción
2021,10350,2021-05-01,Sabado,20:00:00,,0.0,2,"Bicicleta,Otros",Bv. Avellaneda Y Ameghino,2,1,0,0,0,0,1,,Avenida,,ROSARIO,Constitución,S/D,S/D,II,S/D,Urbana,Otra Señal,S/D,Intersección,S/D,S/D,Nocturna,S/D,Múltiple,Ciclista,Colisión,S/D,S/D,Cordón divisorio,Sin restricción
2021,10351,2021-05-09,Domingo,10:30:00,,0.0,1,Moto/Ciclomotor,J.B.Justo 1800,1,1,0,0,0,0,0,"-32.914166791487,-60.688023585964",Calle,,ROSARIO,Constitución,S/D,S/D,II,S/D,Urbana,Otra Señal,S/D,Intersección,S/D,S/D,Diurna,S/D,Múltiple,S/D,Colisión,S/D,S/D,Cordón divisorio,Sin restricción
2021,10352,2021-05-09,Domingo,22:00:00,,0.0,2,"Moto/Ciclomotor,Moto/Ciclomotor",Mendoza Y Av. Provincias Unidas,2,2,0,0,0,0,0,,Avenida,,ROSARIO,Constitución,S/D,S/D,II,S/D,Urbana,Otra Señal,S/D,Intersección,S/D,S/D,Diurna,S/D,Múltiple,S/D,Colisión,S/D,S/D,Cordón divisorio,Sin restricción
2021,10353,2021-05-09,Domingo,17:00:00,,0.0,2,"Otros,Bicicleta",Ayacucho Y Av. Arijon,2,1,0,0,0,0,1,"-33.002626321708,-60.636135319695",Avenida,,ROSARIO,Constitución,S/D,S/D,II,S/D,Urbana,Otra Señal,S/D,Intersección,S/D,S/D,Diurna,S/D,Múltiple,Ciclista,Colisión,S/D,S/D,Cordón divisorio,Sin restricción
2021,10354,2021-05-10,Lunes,20:30:00,,0.0,1,Moto/Ciclomotor,Bv. Seguí 5648,1,1,0,0,0,0,0,"-32.970579810198,-60.699124138733",Avenida,,ROSARIO,Constitución,S/D,S/D,II,S/D,Urbana,Otra Señal,S/D,Intersección,S/D,S/D,Diurna,S/D,Múltiple,S/D,Colisión,S/D,S/D,Cordón divisorio,Sin restricción
2021,10355,2021-05-11,Martes,08:30:00,,0.0,1,Bicicleta, ,1,1,0,0,0,0,0,"-32.95199836619889, -60.67048599501",S/D,,ROSARIO,Constitución,S/D,S/D,II,S/D,S/D,Otra Señal,S/D,Intersección,S/D,S/D,Diurna,S/D,Múltiple,S/D,Colisión,S/D,S/D,Cordón divisorio,Sin restricción
2021,10356,2021-05-11,Martes,13:30:00,,0.0,2,"Otros,Peatón",Av. Eva Perón Y Cullen,2,1,0,0,0,0,1,"-32.933671288573244, -60.7094422997",Calle,,ROSARIO,Constitución,Asfalto,No existe,II,Dentro,Urbana,Otra Señal,Funciona,Intersección,Bueno,S/D,Diurna,S/D,Múltiple,Peatón,Colisión,Ninguna,"Horizontal,Vertical",Cordón divisorio,Sin restricción
2021,10357,2021-05-11,Martes,22:00:00,,0.0,1,Moto/Ciclomotor,Esmeralda Y Riobamba,1,1,0,0,0,0,0,"-32.965973505927515, -60.6257915761",Calle,,ROSARIO,Constitución,Asfalto,No existe,II,Dentro,Urbana,Otra Señal,No existe,Intersección,Bueno,S/D,Nocturna,S/D,Múltiple,S/D,Colisión,Ninguna,Faltante,Cordón divisorio,Sin restricción
2021,10358,2021-05-11,Martes,22:00:00,,0.0,1,Moto/Ciclomotor, ,1,1,0,0,0,0,0,"-33.232133194181834, -60.3357280818",S/D,,VILLA CONSTITUCIÓN,Constitución,S/D,S/D,II,S/D,S/D,Otra Señal,S/D,Intersección,S/D,S/D,Nocturna,S/D,Múltiple,S/D,Colisión,S/D,S/D,Cordón divisorio,Sin restricción
2021,10359,2021-05-11,Martes,13:30:00,,0.0,1,Moto/Ciclomotor,Campbell Y Vélez Sarsfield,2,2,0,0,0,0,0,"-32.92591948082905, -60.70865667339",Calle,,ROSARIO,Constitución,Asfalto,No existe,II,Dentro,Urbana,Otra Señal,No existe,Intersección,Bueno,S/D,Diurna,S/D,Múltiple,S/D,Colisión,Ninguna,Faltante,Cordón divisorio,Sin restricción
2021,10360,2021-05-08,Sabado,10:00:00,,0.0,1,Moto/Ciclomotor, ,1,1,0,0,0,0,0,"-33.021224568867794, -60.6344394171",S/D,,VILLA GOBERNADOR GÁLVEZ,Constitución,S/D,S/D,II,S/D,S/D,Otra Señal,S/D,Intersección,S/D,S/D,Diurna,S/D,Múltiple,S/D,Colisión,S/D,S/D,Cordón divisorio,Sin restricción
2021,10361,2021-05-13,Jueves,17:00:00,,0.0,1,Bicicleta,Av. Pellegrini Y Suipacha,1,1,0,0,0,0,0,"-32.95257797324727, -60.66693262967",Calle,,ROSARIO,Constitución,Asfalto,No existe,II,Dentro,Urbana,Otra Señal,Funciona,Intersección,Bueno,S/D,Diurna,S/D,Múltiple,S/D,Colisión,Ninguna,"Horizontal,Vertical",Cordón divisorio,Sin restricción
2021,10362,2021-05-13,Jueves,07:30:00,,0.0,1,Moto/Ciclomotor,Bv. Seguí Y Calle 1818,1,1,0,0,0,0,0,"-32.97109808855906, -60.70973350255",Calle,,ROSARIO,Constitución,S/D,S/D,II,Dentro,Urbana,Otra Señal,S/D,Intersección,S/D,S/D,Diurna,S/D,Múltiple,S/D,Colisión,S/D,S/D,Cordón divisorio,Sin restricción
2021,10363,2021-05-13,Jueves,11:30:00,,0.0,2,"Moto/Ciclomotor,Moto/Ciclomotor",Bv. Rondeau 1900,2,2,0,0,0,0,0,"-32.895289859382515, -60.6919442550",Calle,,ROSARIO,Constitución,Asfalto,No existe,II,Dentro,Urbana,Otra Señal,Funciona,Intersección,Bueno,S/D,Diurna,S/D,Múltiple,S/D,Colisión,Ninguna,"Horizontal,Vertical",Cordón divisorio,Sin restricción
2021,10364,2021-05-13,Jueves,16:30:00,,0.0,1,Moto/Ciclomotor,J.J.Paso Y Solís,1,1,0,0,0,0,0,"-32.919975442705955, -60.7041805768",Calle,,ROSARIO,Constitución,Asfalto,No existe,II,Dentro,Urbana,Otra Señal,Funciona,Intersección,Bueno,S/D,Diurna,S/D,Múltiple,S/D,Colisión,Ninguna,"Horizontal,Vertical",Cordón divisorio,Sin restricción
2021,10365,2021-05-15,Sabado,14:30:00,,0.0,1,Moto/Ciclomotor,Av. Puccio Y Av. Eudoro Carrasco,1,1,0,0,0,0,0,"-32.89307137438685, -60.68552086569",Calle,,ROSARIO,Constitución,Asfalto,No existe,II,Dentro,Urbana,Otra Señal,Funciona,Intersección,Bueno,S/D,Diurna,S/D,Múltiple,S/D,Colisión,Ninguna,"Horizontal,Vertical",Cordón divisorio,Sin restricción
2021,10366,2021-05-16,Domingo,17:30:00,,0.0,1,Bicicleta,Av. Ovidio Lagos Y La Paz,1,1,0,0,0,0,0,"-32.960034222085476, -60.6658691482",Calle,,ROSARIO,Constitución,Asfalto,No existe,II,Dentro,Urbana,Otra Señal,No existe,Intersección,Bueno,S/D,Diurna,S/D,Múltiple,S/D,Colisión,Ninguna,Horizontal,Cordón divisorio,Sin restricción
2021,10367,2021-05-15,Sabado,11:20:00,,0.0,1,Automóvil,Montevideo Y Roullon,1,1,0,0,0,0,0,"-32.94719061515234, -60.70198448236",Calle,,ROSARIO,Constitución,Asfalto,No existe,II,Dentro,Urbana,Otra Señal,No existe,Intersección,Bueno,S/D,Diurna,S/D,Múltiple,S/D,Colisión,Ninguna,Faltante,Cordón divisorio,Sin restricción