anio_acci,nro_acci,fecha,desc_dia,hora_aprox,desc_ruta,km,cant_participantes,desc_participante,calle_avenida_km,total,heridos_leves,heridos_graves,heridos_gravisimos,ilesos,fallecidos,sin_datos,posicion_XY,desc_tipo_via,desc_ruta_ori,desc_loc,desc_dpto,desc_tipo_calzada,desc_tipo_banquina,desc_unidad_regional,desc_lugar_calzada,desc_zona,desc_prioridad,desc_estado_semaforo,desc_lugar_via,desc_estado_via,desc_estado_visibilidad,desc_luminosidad,desc_estado_clima,desc_tipo_colision,desc_tipo_atropello,desc_tipo_hecho,desc_pres_calzada,desc_senializacion,desc_separacion_via,desc_restriccion
2021,10438,2021-07-03,Sabado,17:20:00,,0.0,1,Moto/Ciclomotor,Santiago Y Bv. 27 De Febrero,1,1,0,0,0,0,0,"-32.964472017278,-60.661373885413",Avenida,,ROSARIO,Constitución,S/D,S/D,II,S/D,Urbana,Otra Señal,S/D,Intersección,S/D,S/D,Diurna,S/D,Múltiple,S/D,Colisión,S/D,S/D,Cordón divisorio,Sin restricción
2021,10439,2021-10-14,Jueves,07:30:00,,0.0,1,Automóvil,Bv. Avellaneda Y Av. Battle y Ordoñez,2,1,0,0,0,0,1,"-33.00840783935129, -60.63345479562",Calle,,ROSARIO,Constitución,Asfalto,No existe,II,Dentro,Urbana,Otra Señal,No existe,Intersección,Bueno,S/D,Diurna,S/D,Múltiple,S/D,Colisión,Ninguna,Faltante,Cordón divisorio,Sin restricción
2021,10440,2021-09-25,Sabado,11:00:00,,0.0,1,Bicicleta,El Jacaranda ,1,1,0,0,0,0,0,"-32.965572995432,-60.742545495187",Calle,,PEREZ,Constitución,S/D,S/D,II,Dentro,Urbana,Otra Señal,S/D,Intersección,S/D,S/D,Diurna,S/D,Múltiple,S/D,Colisión,S/D,S/D,Cordón divisorio,Sin restricción
2021,10441,2021-10-13,Miercoles,17:30:00,,0.0,1,Moto/Ciclomotor,Pje. Fernando El Católico ,1,1,0,0,0,0,0,"-32.940663258446286, -60.6825863846",S/D,,ROSARIO,Constitución,S/D,S/D,II,S/D,Urbana,Otra Señal,S/D,Intersección,S/D,S/D,Diurna,S/D,Múltiple,S/D,Colisión,S/D,S/D,Cordón divisorio,Sin restricción
2021,10442,2021-10-12,Martes,15:00:00,,0.0,1,Moto/Ciclomotor,Nahuel Huapi Y L.del Desierto,1,1,0,0,0,0,0,"-32.982617980830256, -60.6858091323",Calle,,ROSARIO,Constitución,Asfalto,No existe,II,Dentro,Urbana,Otra Señal,No existe,Intersección,Bueno,S/D,Diurna,S/D,Múltiple,S/D,Colisión,Ninguna,Faltante,Cordón divisorio,Sin restricción
2021,10443,2021-10-11,Lunes,00:00:00,,0.0,1,Pickup/Utilitario,Av. Pellegrini Y Buenos Aires,3,2,0,0,0,0,1,"-32.95828708455576, -60.63543439996",Calle,,ROSARIO,Constitución,Asfalto,No existe,II,Dentro,Urbana,Otra Señal,Funciona,Intersección,Bueno,S/D,Nocturna,S/D,Múltiple,S/D,Colisión,Ninguna,"Horizontal,Vertical",Cordón divisorio,Sin restricción
2021,10444,2021-10-11,Lunes,18:00:00,,0.0,1,Moto/Ciclomotor,José Manuel Estrada ,1,1,0,0,0,0,0,"-32.83412394639898, -60.71292794392",S/D,,GRANADERO BAIGORRIA,Constitución,S/D,S/D,II,S/D,Urbana,Otra Señal,S/D,Intersección,S/D,S/D,Diurna,S/D,Múltiple,S/D,Colisión,S/D,S/D,Cordón divisorio,Sin restricción
2021,10445,2021-10-11,Lunes,09:00:00,,0.0,1,Moto/Ciclomotor,Brown Y Av. Wheelwright,1,1,0,0,0,0,0,"-32.93568919912028, -60.64314196726",Calle,,ROSARIO,Constitución,Asfalto,No existe,II,Dentro,Urbana,Otra Señal,Funciona,Intersección,Bueno,S/D,Diurna,S/D,Múltiple,S/D,Colisión,Ninguna,"Horizontal,Vertical",Cordón divisorio,Sin restricción
2021,10446,2021-10-10,Domingo,20:20:00,,0.0,1,Automóvil,JJ PASO  Y JUAN PABLO II,2,1,0,0,0,0,1,"-32.92049496298885, -60.72302553842",Calle,,ROSARIO,Constitución,Asfalto,No existe,II,Dentro,Urbana,Otra Señal,Funciona,Intersección,Bueno,S/D,Nocturna,S/D,Múltiple,S/D,Colisión,Ninguna,Vertical,Cordón divisorio,Sin restricción
2021,10447,2021-10-10,Domingo,18:00:00,,0.0,1,Bicicleta,27 DE FEBRERO Y JUAN PABLO II,1,1,0,0,0,0,0,"-32.95948013787262, -60.72039669129",Calle,,ROSARIO,Constitución,Asfalto,No existe,II,Dentro,Urbana,Otra Señal,Funciona,Intersección,Bueno,S/D,Diurna,S/D,Múltiple,S/D,Colisión,S/D,Vertical,Cordón divisorio,Sin restricción
2021,10448,2021-10-10,Domingo,11:00:00,Autovía Nacional A008,0.0,1,Automóvil,Av. Circunvalación ,2,1,0,0,0,0,1,"-32.95937228608271, -60.72091430628",Autovía,A008,ROSARIO,Constitución,S/D,S/D,II,Dentro,Urbana,Otra Señal,S/D,Intersección,S/D,S/D,Diurna,S/D,Múltiple,S/D,Colisión,S/D,S/D,Cordón divisorio,Sin restricción
2021,10449,2021-10-09,Sabado,21:00:00,,0.0,1,Moto/Ciclomotor,Viamonte Y Roullon,1,1,0,0,0,0,0,"-32.95662112668418, -60.70160023331",Calle,,ROSARIO,Constitución,Asfalto,No existe,II,Dentro,Urbana,Otra Señal,No existe,Intersección,Bueno,S/D,Nocturna,S/D,Múltiple,S/D,Colisión,Ninguna,Faltante,Cordón divisorio,Sin restricción
2021,10450,2021-07-03,Sabado,16:00:00,,0.0,1,Moto/Ciclomotor, ,1,1,0,0,0,0,0,,S/D,,ROSARIO,Constitución,S/D,S/D,II,S/D,S/D,Otra Señal,S/D,Intersección,S/D,S/D,Diurna,S/D,Múltiple,S/D,Colisión,S/D,S/D,Cordón divisorio,Sin restricción
2021,10451,2021-07-03,Sabado,14:00:00,,0.0,1,Bicicleta,Pte. Quintana Y Beruti,1,1,0,0,0,0,0,"-32.985738763847,-60.629161100828",Calle,,ROSARIO,Constitución,S/D,S/D,II,S/D,Urbana,Otra Señal,S/D,Intersección,S/D,S/D,Diurna,S/D,Múltiple,S/D,Colisión,S/D,S/D,Cordón divisorio,Sin restricción
2021,10452,2021-07-04,Domingo,16:55:00,,0.0,1,Moto/Ciclomotor,Gorriti Y Larrea,1,1,0,0,0,0,0,"-32.92391975487,-60.697886608185",Calle,,ROSARIO,Constitución,S/D,S/D,II,S/D,S/D,Otra Señal,S/D,Intersección,S/D,S/D,Diurna,S/D,Múltiple,S/D,Colisión,S/D,S/D,Cordón divisorio,Sin restricción
2021,10453,2021-07-04,Domingo,01:00:00,,0.0,1,Moto/Ciclomotor,Bv. Rondeau 4500,1,1,0,0,0,0,0,"-32.882845567656,-60.688933158996",Avenida,,ROSARIO,Constitución,S/D,S/D,II,S/D,Urbana,Otra Señal,S/D,Intersección,S/D,S/D,Nocturna,S/D,Múltiple,S/D,Colisión,S/D,S/D,Cordón divisorio,Sin restricción
2021,10454,2021-07-07,Miercoles,15:30:00,,0.0,1,Automóvil,Bv. Avellaneda Y Larrea,2,1,0,0,0,0,1,,Avenida,,ROSARIO,Constitución,S/D,S/D,II,S/D,Urbana,Otra Señal,S/D,Intersección,S/D,S/D,Diurna,S/D,Múltiple,S/D,Colisión,S/D,S/D,Cordón divisorio,Sin restricción
2021,10455,2021-07-05,Lunes,19:00:00,,0.0,2,"Moto/Ciclomotor,Moto/Ciclomotor",Matienzo Bis Y Pje. Bogado,2,1,0,0,0,0,1,,Avenida,,ROSARIO,Constitución,S/D,S/D,II,S/D,Urbana,Otra Señal,S/D,Intersección,S/D,S/D,Nocturna,S/D,Múltiple,S/D,Colisión,S/D,S/D,Cordón divisorio,Sin restricción
2021,10456,2021-07-05,Lunes,15:00:00,,0.0,1,Automóvil,J.Colombres 3200,1,1,0,0,0,0,0,"-32.967020280146,-60.724715694797",Calle,,ROSARIO,Constitución,S/D,S/D,II,S/D,Urbana,Otra Señal,S/D,Intersección,S/D,S/D,Diurna,S/D,Múltiple,S/D,Colisión,S/D,S/D,Cordón divisorio,Sin restricción
2021,10457,2021-06-30,Miercoles,14:30:00,,0.0,2,"Moto/Ciclomotor,Automóvil",Riobamba Y Alsina,2,1,0,0,0,0,1,"-32.956154074367,-60.680588931705",Calle,,ROSARIO,Constitución,S/D,S/D,II,S/D,Urbana,Otra Señal,S/D,Intersección,S/D,S/D,Diurna,S/D,Múltiple,S/D,Colisión,S/D,S/D,Cordón divisorio,Sin restricción
2021,10458,2021-07-05,Lunes,07:30:00,,0.0,1,Bicicleta,Av. Provincias Unidas Y Bv. Seguí,1,1,0,0,0,0,0,,Avenida,,ROSARIO,Constitución,S/D,S/D,II,S/D,Urbana,Otra Señal,S/D,Intersección,S/D,S/D,Diurna,S/D,Múltiple,S/D,Colisión,S/D,S/D,Cordón divisorio,Sin restricción
2021,10459,2021-07-05,Lunes,19:00:00,,0.0,1,Moto/Ciclomotor,Matienzo Bis Y Pje. Bogado,1,1,0,0,0,0,0,,Calle,,ROSARIO,Constitución,S/D,S/D,II,S/D,Urbana,Otra Señal,S/D,Intersección,S/D,S/D,Diurna,S/D,Múltiple,S/D,Colisión,S/D,S/D,Cordón divisorio,Sin restricción
2021,10460,2021-07-04,Domingo,21:00:00,,0.0,1,Bicicleta, ,1,1,0,0,0,0,0,,S/D,,ROSARIO,Constitución,S/D,S/D,II,S/D,S/D,Otra Señal,S/D,Intersección,S/D,S/D,Atardecer,S/D,Múltiple,S/D,Colisión,S/D,S/D,Cordón divisorio,Sin restricción
2021,10461,2021-07-05,Lunes,15:00:00,,0.0,2,"Moto/Ciclomotor,Moto/Ciclomotor",San Lorenzo Y Pje. Achiras,2,1,0,0,0,0,1,"-32.935241060016,-60.737836313215",Calle,,ROSARIO,Constitución,S/D,S/D,II,S/D,S/D,Otra Señal,S/D,Intersección,S/D,S/D,Diurna,S/D,Múltiple,S/D,Colisión,S/D,S/D,Cordón divisorio,Sin restricción
2021,10462,2021-07-06,Martes,18:00:00,,0.0,1,Moto/Ciclomotor,Junín Y Tte.Agneta,1,1,0,0,0,0,0,,Calle,,ROSARIO,Constitución,S/D,S/D,II,S/D,Urbana,Otra Señal,S/D,Intersección,S/D,S/D,Atardecer,S/D,Múltiple,S/D,Colisión,S/D,S/D,Cordón divisorio,Sin restricción
2021,10463,2021-07-05,Lunes,13:00:00,,0.0,1,Moto/Ciclomotor,Rodríguez Y Pte. Quintana,1,1,0,0,0,0,0,,Calle,,ROSARIO,Constitución,S/D,S/D,II,S/D,S/D,Otra Señal,S/D,Intersección,S/D,S/D,Diurna,S/D,Múltiple,S/D,Colisión,S/D,S/D,Cordón divisorio,Sin restricción
2021,10464,2021-07-06,Martes,19:00:00,,0.0,1,Moto/Ciclomotor,Av. Francia Y Bv. Seguí,1,1,0,0,0,0,0,"-32.974060784816,-60.673853893732",Avenida,,ROSARIO,Constitución,S/D,S/D,II,S/D,Urbana,Otra Señal,S/D,Intersección,S/D,S/D,Diurna,S/D,Múltiple,S/D,Colisión,S/D,S/D,Cordón divisorio,Sin restricción
2021,10465,2021-07-06,Martes,15:00:00,,0.0,1,Moto/Ciclomotor,Amenábar Y España,2,2,0,0,0,0,0,"-32.970694808151,-60.652993598735",S/D,,ROSARIO,Constitución,S/D,S/D,II,S/D,Urbana,Otra Señal,S/D,Intersección,S/D,S/D,Diurna,S/D,Múltiple,S/D,Colisión,S/D,S/D,Cordón divisorio,Sin restricción
2021,10466,2021-07-07,Miercoles,14:00:00,,0.0,2,"Automóvil,Moto/Ciclomotor",Laprida Y Estado de Israel,2,1,0,0,0,0,1,,Calle,,ROSARIO,Constitución,S/D,S/D,II,S/D,Urbana,Otra Señal,S/D,Intersección,S/D,S/D,Diurna,S/D,Múltiple,S/D,Colisión,S/D,S/D,Cordón divisorio,Sin restricción
2021,10467,2021-07-06,Martes,08:30:00,,0.0,1,Automóvil,Leiva Y Anchorena,1,1,0,0,0,0,0,"-32.997434383857,-60.638138115631",Calle,,ROSARIO,Constitución,S/D,S/D,II,S/D,Urbana,Otra Señal,S/D,Intersección,S/D,S/D,Diurna,S/D,Múltiple,S/D,Colisión,S/D,S/D,Cordón divisorio,Sin restricción
2021,10468,2021-07-09,Viernes,15:00:00,,0.0,1,Moto/Ciclomotor, ,1,1,0,0,0,0,0,,S/D,,ROSARIO,Constitución,S/D,S/D,II,S/D,S/D,Otra Señal,S/D,Intersección,S/D,S/D,Diurna,S/D,Múltiple,S/D,Colisión,S/D,S/D,Cordón divisorio,Sin restricción
2021,10469,2021-07-09,Viernes,20:30:00,,0.0,1,Moto/Ciclomotor, ,1,1,0,0,0,0,0,,S/D,,ROSARIO,Constitución,S/D,S/D,II,S/D,S/D,Otra Señal,S/D,Intersección,S/D,S/D,Nocturna,S/D,Múltiple,S/D,Colisión,S/D,S/D,Cordón divisorio,Sin restricción
2021,10470,2021-07-09,Viernes,12:00:00,,0.0,1,Bicicleta, ,1,1,0,0,0,0,0,,S/D,,ROSARIO,Constitución,S/D,S/D,II,S/D,S/D,Otra Señal,S/D,Intersección,S/D,S/D,Diurna,S/D,Múltiple,S/D,Colisión,S/D,S/D,Cordón divisorio,Sin restricción
2021,10471,2021-07-10,Sabado,14:00:00,,0.0,1,Moto/Ciclomotor,Av. Francia Y Montevideo,1,1,0,0,0,0,0,"-32.951224526183,-60.668078109686",Avenida,,ROSARIO,Constitución,S/D,S/D,II,S/D,S/D,Otra Señal,S/D,Intersección,S/D,S/D,Diurna,S/D,Múltiple,S/D,Colisión,S/D,S/D,Cordón divisorio,Sin restricción
2021,10472,2021-07-10,Sabado,00:00:00,,0.0,1,Moto/Ciclomotor,Av. Pellegrini Y Tte.Agneta,1,1,0,0,0,0,0,"-32.948160035471,-60.69953149977",Avenida,,ROSARIO,Constitución,S/D,S/D,II,S/D,Urbana,Otra Señal,S/D,Intersección,S/D,S/D,Nocturna,S/D,Múltiple,S/D,Colisión,S/D,S/D,Cordón divisorio,Sin restricción
2021,10473,2021-07-10,Sabado,15:30:00,,0.0,1,Moto/Ciclomotor,Garibaldi Y Bv. Avellaneda,1,1,0,0,0,0,0,,Avenida,,ROSARIO,Constitución,S/D,S/D,II,S/D,Urbana,Otra Señal,S/D,Intersección,S/D,S/D,Diurna,S/D,Múltiple,S/D,Colisión,S/D,S/D,Cordón divisorio,Sin restricción
2021,10474,2021-07-10,Sabado,18:00:00,,0.0,1,Bicicleta, ,1,1,0,0,0,0,0,,S/D,,ROSARIO,Constitución,S/D,S/D,II,S/D,S/D,Otra Señal,S/D,Intersección,S/D,S/D,Diurna,S/D,Múltiple,S/D,Colisión,S/D,S/D,Cordón divisorio,Sin restricción
2021,10475,2021-07-10,Sabado,17:00:00,,0.0,1,Moto/Ciclomotor, ,1,1,0,0,0,0,0,,S/D,,ROSARIO,Constitución,S/D,S/D,II,S/D,S/D,Otra Señal,S/D,Intersección,S/D,S/D,Diurna,S/D,Múltiple,S/D,Colisión,S/D,S/D,Cordón divisorio,Sin restricción
2021,10476,2021-07-10,Sabado,16:00:00,,0.0,1,Moto/Ciclomotor,Bv. Avellaneda 4900,1,1,0,0,0,0,0,"-32.995930722079,-60.68891654643",Avenida,,ROSARIO,Constitución,S/D,S/D,II,S/D,Urbana,Otra Señal,S/D,Intersección,S/D,S/D,Diurna,S/D,Múltiple,S/D,Colisión,S/D,S/D,Cordón divisorio,Sin restricción
2021,10477,2021-07-10,Sabado,00:00:00,,0.0,1,Bicicleta,Pascual Rosas Y La Paz,1,1,0,0,0,0,0,,Calle,,ROSARIO,Constitución,S/D,S/D,II,S/D,Urbana,Otra Señal,S/D,Intersección,S/D,S/D,Nocturna,S/D,Múltiple,S/D,Colisión,S/D,S/D,Cordón divisorio,Sin restricción
2021,10478,2021-07-10,Sabado,00:00:00,,0.0,1,Bicicleta, ,1,1,0,0,0,0,0,,Calle,,ROSARIO,Constitución,S/D,S/D,II,S/D,S/D,Otra Señal,S/D,Intersección,S/D,S/D,Nocturna,S/D,Múltiple,S/D,Colisión,S/D,S/D,Cordón divisorio,Sin restricción
2021,10479,2021-07-10,Sabado,01:00:00,,0.0,1,Moto/Ciclomotor, ,1,1,0,0,0,0,0,,S/D,,ROSARIO,Constitución,S/D,S/D,II,S/D,S/D,Otra Señal,S/D,Intersección,S/D,S/D,Nocturna,S/D,Múltiple,S/D,Colisión,S/D,S/D,Cordón divisorio,Sin restricción
2021,10480,2021-07-13,Martes,15:30:00,,0.0,1,Moto/Ciclomotor,Suipacha Y Córdoba,1,1,0,0,0,0,0,"-32.941762948993,-60.664156640197",Calle,,ROSARIO,Constitución,S/D,S/D,II,S/D,Urbana,Otra Señal,S/D,Intersección,S/D,S/D,Diurna,S/D,Múltiple,S/D,Colisión,S/D,S/D,Cordón divisorio,Sin restricción
2021,10481,2021-07-12,Lunes,14:30:00,,0.0,1,Otros,1 de Mayo Y San Juan,1,1,0,0,0,0,0,"-32.951779626682,-60.630688517376",Calle,,ROSARIO,Constitución,S/D,S/D,II,S/D,Urbana,Otra Señal,S/D,Intersección,S/D,S/D,Diurna,S/D,Múltiple,S/D,Colisión,S/D,S/D,Cordón divisorio,Sin restricción
2021,10482,2021-07-13,Martes,13:00:00,,0.0,1,Moto/Ciclomotor,Av. Francia Y Uruguay,1,1,0,0,0,0,0,"-32.97195505959,-60.67308463027",Avenida,,ROSARIO,Constitución,S/D,S/D,II,S/D,Urbana,Otra Señal,S/D,Intersección,S/D,S/D,Diurna,S/D,Múltiple,S/D,Colisión,S/D,S/D,Cordón divisorio,Sin restricción
2021,10483,2021-07-14,Miercoles,12:30:00,,0.0,1,Bicicleta,Córdoba Y Sarmiento,1,1,0,0,0,0,0,"-32.946436909086,-60.638201588607",Calle,,ROSARIO,Constitución,S/D,S/D,II,S/D,Urbana,Otra Señal,S/D,Intersección,S/D,S/D,Diurna,S/D,Múltiple,S/D,Colisión,S/D,S/D,Cordón divisorio,Sin restricción
2021,10484,2021-07-14,Miercoles,14:30:00,,0.0,1,Moto/Ciclomotor,Gaboto 5200,1,1,0,0,0,0,0,"-32.964636211808,-60.693752555197",Calle,,ROSARIO,Constitución,S/D,S/D,II,S/D,Urbana,Otra Señal,S/D,Intersección,S/D,S/D,Diurna,S/D,Múltiple,S/D,Colisión,S/D,S/D,Cordón divisorio,Sin restricción
2021,10485,2021-07-14,Miercoles,07:30:00,,0.0,2,"Automóvil,Peatón",Castellanos Y Bv. Seguí,2,1,0,0,0,0,1,"-32.972369580755,-60.683274325906",Avenida,,ROSARIO,Constitución,S/D,S/D,II,S/D,Urbana,Otra Señal,S/D,Intersección,S/D,S/D,Diurna,S/D,Múltiple,Peatón,Colisión,S/D,S/D,Cordón divisorio,Sin restricción
2021,10486,2021-07-14,Miercoles,09:30:00,,0.0,1,Moto/Ciclomotor,Bv. Avellaneda Y San Juan,1,1,0,0,0,0,0,"-32.942794493845,-60.680155176952",Avenida,,ROSARIO,Constitución,S/D,S/D,II,Dentro,Urbana,Otra Señal,S/D,Intersección,S/D,S/D,Diurna,S/D,Múltiple,S/D,Colisión,S/D,S/D,Cordón divisorio,Sin restricción
2021,10487,2021-07-15,Jueves,00:00:00,,0.0,2,"Moto/Ciclomotor,Moto/Ciclomotor",Castellanos Y Mendoza,2,2,0,0,0,0,0,"-32.94494418681,-60.676326005411",Calle,,ROSARIO,Constitución,S/D,S/D,II,S/D,Urbana,Otra Señal,S/D,Intersección,S/D,S/D,Nocturna,S/D,Múltiple,S/D,Colisión,S/D,S/D,Cordón divisorio,Sin restricción
2021,10488,2021-07-15,Jueves,00:00:00,,0.0,1,Bicicleta,Campbell Y Saavedra,1,1,0,0,0,0,0,"-32.927978061587,-60.708474966964",Calle,,ROSARIO,Constitución,S/D,S/D,II,S/D,Urbana,Otra Señal,S/D,Intersección,S/D,S/D,Nocturna,S/D,Múltiple,S/D,Colisión,S/D,S/D,Cordón divisorio,Sin restricción
2021,10489,2021-07-14,Miercoles,20:00:00,,0.0,1,Bicicleta,Bv. Avellaneda Y Garibaldi,1,1,0,0,0,0,0,,Avenida,,ROSARIO,Constitución,S/D,S/D,II,S/D,Urbana,Otra Señal,S/D,Intersección,S/D,S/D,Nocturna,S/D,Múltiple,S/D,Colisión,S/D,S/D,Cordón divisorio,Sin restricción
2021,10490,2021-07-16,Viernes,09:00:00,,0.0,1,Bicicleta,Camilo Aldao Y Saavedra,1,1,0,0,0,0,0,,Calle,,ROSARIO,Constitución,S/D,S/D,II,S/D,Urbana,Otra Señal,S/D,Intersección,S/D,S/D,Diurna,S/D,Múltiple,S/D,Colisión,S/D,S/D,Cordón divisorio,Sin restricción
2021,10491,2021-07-15,Jueves,22:00:00,,0.0,1,Moto/Ciclomotor, ,1,1,0,0,0,0,0,,S/D,,ROSARIO,Constitución,S/D,S/D,II,S/D,S/D,Otra Señal,S/D,Intersección,S/D,S/D,Nocturna,S/D,Múltiple,S/D,Colisión,S/D,S/D,Cordón divisorio,Sin restricción
2021,10492,2021-07-16,Viernes,11:00:00,,0.0,1,Automóvil, ,1,1,0,0,0,0,0,,S/D,,ROSARIO,Constitución,S/D,S/D,II,S/D,S/D,Otra Señal,S/D,Intersección,S/D,S/D,Diurna,S/D,Múltiple,S/D,Colisión,S/D,S/D,Cordón divisorio,Sin restricción
2021,10493,2021-07-16,Viernes,11:00:00,,0.0,1,Automóvil, ,1,1,0,0,0,0,0,,S/D,,ROSARIO,Constitución,S/D,S/D,II,S/D,S/D,Otra Señal,S/D,Intersección,S/D,S/D,Diurna,S/D,Múltiple,S/D,Colisión,S/D,S/D,Cordón divisorio,Sin restricción
2021,10494,2021-07-17,Sabado,17:00:00,,0.0,2,"Automóvil,Moto/Ciclomotor",Lamadrid Y Av. Ovidio Lagos,2,1,0,0,0,0,1,"-32.997902710086,-60.674763842578",Avenida,,ROSARIO,Constitución,S/D,S/D,II,S/D,Urbana,Otra Señal,S/D,Intersección,S/D,S/D,Diurna,S/D,Múltiple,S/D,Colisión,S/D,S/D,Cordón divisorio,Sin restricción
2021,10495,2021-07-17,Sabado,15:00:00,,0.0,1,Moto/Ciclomotor,Bv. Seguí Y Dorrego,1,1,0,0,0,0,0,"-32.976983547866,-60.657419000097",Avenida,,ROSARIO,Constitución,S/D,S/D,II,S/D,S/D,Otra Señal,S/D,Intersección,S/D,S/D,Diurna,S/D,Múltiple,S/D,Colisión,S/D,S/D,Cordón divisorio,Sin restricción
2021,10496,2021-07-17,Sabado,18:00:00,,0.0,1,Moto/Ciclomotor, ,1,1,0,0,0,0,0,,S/D,,ROSARIO,Constitución,S/D,S/D,II,S/D,Rural,Otra Señal,S/D,Intersección,S/D,S/D,Atardecer,S/D,Múltiple,S/D,Colisión,S/D,S/D,Cordón divisorio,Sin restricción
2021,10497,2021-07-18,Domingo,00:00:00,,0.0,1,Moto/Ciclomotor,Av. Pte. Perón Y Roullon,1,1,0,0,0,0,0,,Avenida,,ROSARIO,Constitución,S/D,S/D,II,S/D,Urbana,Otra Señal,S/D,Intersección,S/D,S/D,Nocturna,S/D,Múltiple,S/D,Colisión,S/D,S/D,Cordón divisorio,Sin restricción
2021,10498,2021-07-18,Domingo,00:00:00,,0.0,1,Moto/Ciclomotor, ,1,1,0,0,0,0,0,,S/D,,ROSARIO,Constitución,S/D,S/D,II,S/D,S/D,Otra Señal,S/D,Intersección,S/D,S/D,Nocturna,S/D,Múltiple,S/D,Colisión,S/D,S/D,Cordón divisorio,Sin restricción
2021,10499,2021-07-18,Domingo,00:00:00,,0.0,1,Moto/Ciclomotor,GUAYACANES 200,1,1,0,0,0,0,0,,S/D,,ROSARIO,Constitución,S/D,S/D,II,S/D,S/D,Otra Señal,S/D,Intersección,S/D,S/D,S/D,S/D,Múltiple,S/D,Colisión,S/D,S/D,Cordón divisorio,Sin restricción
2021,10500,2021-07-19,Lunes,18:00:00,,0.0,2,"Moto/Ciclomotor,Automóvil",Av. Uriburu Y Av. Francia,2,1,0,0,0,0,1,"-32.991556482079,-60.678033265058",Avenida,,ROSARIO,Constitución,S/D,S/D,II,S/D,S/D,Otra Señal,S/D,Intersección,S/D,S/D,Atardecer,S/D,Múltiple,S/D,Colisión,S/D,S/D,Cordón divisorio,Sin restricción
2021,10501,2021-07-18,Domingo,03:30:00,,0.0,1,Moto/Ciclomotor,Av. Francia Y Av. Uriburu,1,1,0,0,0,0,0,"-32.991563121583,-60.678271694355",Avenida,,ROSARIO,Constitución,S/D,S/D,II,S/D,Urbana,Otra Señal,S/D,Intersección,S/D,S/D,Nocturna,S/D,Múltiple,S/D,Colisión,S/D,S/D,Cordón divisorio,Sin restricción
2021,10502,2021-07-20,Martes,09:00:00,,0.0,1,Otros,Bv. Seguí Y F.More,1,1,0,0,0,0,0,"-32.970573182066,-60.692578153752",Avenida,,ROSARIO,Constitución,S/D,S/D,II,S/D,S/D,Otra Señal,S/D,Intersección,S/D,S/D,Diurna,S/D,Múltiple,S/D,Colisión,S/D,S/D,Cordón divisorio,Sin restricción
2021,10503,2021-07-20,Martes,14:00:00,,0.0,2,"Moto/Ciclomotor,Automóvil", ,2,1,0,0,0,0,1,,S/D,,ROSARIO,Constitución,S/D,S/D,II,S/D,S/D,Otra Señal,S/D,Intersección,S/D,S/D,Diurna,S/D,Múltiple,S/D,Colisión,S/D,S/D,Cordón divisorio,Sin restricción
2021,10504,2021-07-20,Martes,21:30:00,,0.0,1,Moto/Ciclomotor,3 De Febrero Y Mariano Moreno,1,1,0,0,0,0,0,"-32.950549174901,-60.652175543379",S/D,,ROSARIO,Constitución,S/D,S/D,II,S/D,Urbana,Otra Señal,S/D,Intersección,S/D,S/D,Nocturna,S/D,Múltiple,S/D,Colisión,S/D,S/D,Cordón divisorio,Sin restricción
2021,10505,2021-07-21,Miercoles,18:00:00,,0.0,1,Moto/Ciclomotor,Av. Uriburu Y Paraguay,1,1,0,0,0,0,0,"-32.990858429232,-60.655165360792",Avenida,,ROSARIO,Constitución,S/D,S/D,II,S/D,Urbana,Otra Señal,S/D,Intersección,S/D,S/D,Atardecer,S/D,Múltiple,S/D,Colisión,S/D,S/D,Cordón divisorio,Sin restricción
2021,10506,2021-07-21,Miercoles,00:00:00,,0.0,1,Moto/Ciclomotor, ,1,1,0,0,0,0,0,,S/D,,ZAVALLA,Constitución,S/D,S/D,II,S/D,S/D,Otra Señal,S/D,Intersección,S/D,S/D,Nocturna,S/D,Múltiple,S/D,Colisión,S/D,S/D,Cordón divisorio,Sin restricción
2021,10507,2021-07-21,Miercoles,12:00:00,,0.0,1,Moto/Ciclomotor, ,1,1,0,0,0,0,0,,S/D,,ROSARIO,Constitución,S/D,S/D,II,S/D,S/D,Otra Señal,S/D,Intersección,S/D,S/D,S/D,S/D,Múltiple,S/D,Colisión,S/D,S/D,Cordón divisorio,Sin restricción
2021,10508,2021-07-21,Miercoles,20:00:00,,0.0,2,"Automóvil,Moto/Ciclomotor",Virasoro Y España,2,1,0,0,0,0,1,"-32.968399486895,-60.652418890309",Calle,,ROSARIO,Constitución,S/D,S/D,II,S/D,Urbana,Otra Señal,S/D,Intersección,S/D,S/D,Nocturna,S/D,Múltiple,S/D,Colisión,S/D,S/D,Cordón divisorio,Sin restricción
2021,10509,2021-07-20,Martes,00:00:00,,0.0,1,Moto/Ciclomotor, ,1,1,0,0,0,0,0,,S/D,,ROSARIO,Constitución,S/D,S/D,II,S/D,S/D,Otra Señal,S/D,Intersección,S/D,S/D,Nocturna,S/D,Múltiple,S/D,Colisión,S/D,S/D,Cordón divisorio,Sin restricción
2021,10510,2021-07-22,Jueves,18:17:00,,0.0,1,Bicicleta, ,1,1,0,0,0,0,0,,S/D,,ROSARIO,Constitución,S/D,S/D,II,S/D,S/D,Otra Señal,S/D,Intersección,S/D,S/D,Atardecer,S/D,Múltiple,S/D,Colisión,S/D,S/D,Cordón divisorio,Sin restricción
2021,10511,2021-07-23,Viernes,00:00:00,,0.0,1,Moto/Ciclomotor, ,1,1,0,0,0,0,0,,S/D,,ROSARIO,Constitución,S/D,S/D,II,S/D,S/D,Otra Señal,S/D,Intersección,S/D,S/D,Nocturna,S/D,Múltiple,S/D,Colisión,S/D,S/D,Cordón divisorio,Sin restricción
2021,10512,2021-07-23,Viernes,00:00:00,,0.0,1,Moto/Ciclomotor,Castellanos Y Amenábar,1,1,0,0,0,0,0,"-32.965577271542,-60.681550771019",Calle,,ROSARIO,Constitución,S/D,S/D,II,S/D,Urbana,Otra Señal,S/D,Intersección,S/D,S/D,Nocturna,S/D,Múltiple,S/D,Colisión,S/D,S/D,Cordón divisorio,Sin restricción
2021,10513,2021-07-23,Viernes,08:30:00,,0.0,1,Moto/Ciclomotor,Camilo Aldao Y Pasco,1,1,0,0,0,0,0,"-32.950492615829,-60.695575997247",Calle,,ROSARIO,Constitución,S/D,S/D,II,S/D,Urbana,Otra Señal,S/D,Intersección,S/D,S/D,Diurna,S/D,Múltiple,S/D,Colisión,S/D,S/D,Cordón divisorio,Sin restricción