anio_acci,nro_acci,fecha,desc_dia,hora_aprox,desc_ruta,km,cant_participantes,desc_participante,calle_avenida_km,total,heridos_leves,heridos_graves,heridos_gravisimos,ilesos,fallecidos,sin_datos,posicion_XY,desc_tipo_via,desc_ruta_ori,desc_loc,desc_dpto,desc_tipo_calzada,desc_tipo_banquina,desc_unidad_regional,desc_lugar_calzada,desc_zona,desc_prioridad,desc_estado_semaforo,desc_lugar_via,desc_estado_via,desc_estado_visibilidad,desc_luminosidad,desc_estado_clima,desc_tipo_colision,desc_tipo_atropello,desc_tipo_hecho,desc_pres_calzada,desc_senializacion,desc_separacion_via,desc_restriccion
2021,10514,2021-07-01,Jueves,,,0.0,1,Moto/Ciclomotor,Olegario V.Andrade Y Paraguay,1,1,0,0,0,0,0,,Calle,,ROSARIO,Constitución,S/D,S/D,II,S/D,S/D,Otra Señal,S/D,Intersección,S/D,S/D,S/D,S/D,Múltiple,S/D,Colisión,S/D,S/D,Cordón divisorio,Sin restricción
2021,10515,2021-07-24,Sabado,00:00:00,,0.0,1,Peatón,Vera Mujica 1986,1,1,0,0,0,0,0,"-32.955425729464,-60.670443841611",Calle,,ROSARIO,Constitución,S/D,S/D,II,S/D,Urbana,Otra Señal,S/D,Intersección,S/D,S/D,Nocturna,S/D,Múltiple,S/D,Colisión,S/D,S/D,Cordón divisorio,Sin restricción
2021,10516,2021-07-24,Sabado,22:00:00,,0.0,1,Moto/Ciclomotor,Reconquista 2200,1,1,0,0,0,0,0,,Calle,,ROSARIO,Constitución,S/D,S/D,II,S/D,Urbana,Otra Señal,S/D,Intersección,S/D,S/D,Nocturna,S/D,Múltiple,S/D,Colisión,S/D,S/D,Cordón divisorio,Sin restricción
2021,10517,2021-07-26,Lunes,08:00:00,,0.0,1,Moto/Ciclomotor,Carriego Y Humberto I,1,1,0,0,0,0,0,"-32.929807272459,-60.68743544832",Calle,,ROSARIO,Constitución,S/D,S/D,II,S/D,Urbana,Otra Señal,S/D,Intersección,S/D,S/D,Diurna,S/D,Múltiple,S/D,Colisión,S/D,S/D,Cordón divisorio,Sin restricción
2021,10518,2021-07-27,Martes,00:00:00,,0.0,1,Moto/Ciclomotor,Rio De Janeiro Y La Paz,1,1,0,0,0,0,0,"-32.956569259649,-60.684949253949",Calle,,ROSARIO,Constitución,S/D,S/D,II,S/D,Urbana,Otra Señal,S/D,Intersección,S/D,S/D,Nocturna,S/D,Múltiple,S/D,Colisión,S/D,S/D,Cordón divisorio,Sin restricción
2021,10519,2021-07-26,Lunes,18:00:00,,0.0,2,"Automóvil,Moto/Ciclomotor",Comodoro Rivadavia Y Santiago,2,1,0,0,0,0,1,"-32.99078821131,-60.668025525701",Calle,,ROSARIO,Constitución,S/D,S/D,II,S/D,S/D,Otra Señal,S/D,Intersección,S/D,S/D,Atardecer,S/D,Múltiple,S/D,Colisión,S/D,S/D,Cordón divisorio,Sin restricción
2021,10520,2021-07-24,Sabado,21:00:00,,0.0,1,Automóvil,Garibaldi Y Vera Mujica,1,1,0,0,0,0,0,"-32.9808061754,-60.676850802088",Calle,,ROSARIO,Constitución,S/D,S/D,II,S/D,Urbana,Otra Señal,S/D,Intersección,S/D,S/D,S/D,S/D,Múltiple,S/D,Colisión,S/D,S/D,Cordón divisorio,Sin restricción
2021,10521,2021-07-26,Lunes,12:10:00,,0.0,1,Peatón,Iriondo Y Pte. Quintana,1,1,0,0,0,0,0,"-32.976876724882,-60.678702503061",Calle,,ROSARIO,Constitución,S/D,S/D,II,S/D,Urbana,Otra Señal,S/D,Intersección,S/D,S/D,Diurna,S/D,Múltiple,S/D,Colisión,S/D,S/D,Cordón divisorio,Sin restricción
2021,10522,2021-07-27,Martes,00:00:00,,0.0,1,Moto/Ciclomotor,Bv. Avellaneda Y Cochabamba,2,2,0,0,0,0,0,"-32.951065854535,-60.682256001566",Avenida,,ROSARIO,Constitución,S/D,S/D,II,S/D,Urbana,Otra Señal,S/D,Intersección,S/D,S/D,Nocturna,S/D,Múltiple,S/D,Colisión,S/D,S/D,Cordón divisorio,Sin restricción
2021,10523,2021-07-27,Martes,00:00:00,,0.0,1,Automóvil,Pje. Aymara 6900,1,1,0,0,0,0,0,"-32.919122595648,-60.715628476216",Calle,,ROSARIO,Constitución,S/D,S/D,II,S/D,S/D,Otra Señal,S/D,Intersección,S/D,S/D,Nocturna,S/D,Múltiple,S/D,Colisión,S/D,S/D,Cordón divisorio,Sin restricción
2021,10524,2021-07-27,Martes,19:00:00,,0.0,1,Bicicleta,Garibaldi ,1,1,0,0,0,0,0,,Calle,,ROSARIO,Constitución,S/D,S/D,II,S/D,S/D,Otra Señal,S/D,Intersección,S/D,S/D,Nocturna,S/D,Múltiple,S/D,Colisión,S/D,S/D,Cordón divisorio,Sin restricción
2021,10525,2021-07-27,Martes,17:00:00,,0.0,1,Automóvil,Alippi Y Álvarez Condarco,1,1,0,0,0,0,0,"-32.930628651612,-60.756906630979",Calle,,ROSARIO,Constitución,S/D,S/D,II,S/D,Urbana,Otra Señal,S/D,Intersección,S/D,S/D,S/D,S/D,Múltiple,S/D,Colisión,S/D,S/D,Cordón divisorio,Sin restricción
2021,10526,2021-07-28,Miercoles,13:00:00,,0.0,2,"Automóvil,Peatón",Junín Y Formosa,2,1,0,0,0,0,1,"-32.926985991016,-60.691258051501",Calle,,ROSARIO,Constitución,S/D,S/D,II,S/D,Urbana,Otra Señal,S/D,Intersección,S/D,S/D,Diurna,S/D,Múltiple,Peatón,Colisión,S/D,S/D,Cordón divisorio,Sin restricción
2021,10527,2021-07-28,Miercoles,20:00:00,,0.0,1,Moto/Ciclomotor,Bv. Seguí Y Sarmiento,1,1,0,0,0,0,0,"-32.978962429421,-60.646343767061",Avenida,,ROSARIO,Constitución,S/D,S/D,II,S/D,S/D,Otra Señal,S/D,Intersección,S/D,S/D,Nocturna,S/D,Múltiple,S/D,Colisión,S/D,S/D,Cordón divisorio,Sin restricción
2021,10528,2021-07-26,Lunes,17:00:00,,0.0,2,"Automóvil,Moto/Ciclomotor",Mendoza Y Av. Circunvalación,2,1,0,0,0,0,1,"-32.940470478589,-60.723294049167",Avenida,,ROSARIO,Constitución,S/D,S/D,II,S/D,Urbana,Otra Señal,S/D,Intersección,S/D,S/D,Diurna,S/D,Múltiple,S/D,Colisión,S/D,S/D,Cordón divisorio,Sin restricción
2021,10529,2021-07-27,Martes,16:00:00,,0.0,2,"Automóvil,Moto/Ciclomotor",Montevideo Y Balcarce,2,1,0,0,0,0,1,"-32.953678218224,-60.65438012897",Calle,,ROSARIO,Constitución,S/D,S/D,II,S/D,S/D,Otra Señal,S/D,Intersección,S/D,S/D,Diurna,S/D,Múltiple,S/D,Colisión,S/D,S/D,Cordón divisorio,Sin restricción
2021,10530,2021-07-28,Miercoles,07:00:00,,0.0,2,"Automóvil,Automóvil",Brown Y Mariano Moreno,2,1,0,0,0,0,1,"-32.934886140241,-60.64822573406",Calle,,ROSARIO,Constitución,S/D,S/D,II,S/D,Urbana,Otra Señal,S/D,Intersección,S/D,S/D,Nocturna,S/D,Múltiple,S/D,Colisión,S/D,S/D,Cordón divisorio,Sin restricción
2021,10531,2021-07-29,Jueves,16:00:00,,0.0,2,"Automóvil,Bicicleta",Rivarola Y J.Colombres,2,1,0,0,0,0,1,"-32.966174228332,-60.724752212708",Calle,,ROSARIO,Constitución,S/D,S/D,II,S/D,Urbana,Otra Señal,S/D,Intersección,S/D,S/D,Diurna,S/D,Múltiple,Ciclista,Colisión,S/D,S/D,Cordón divisorio,Sin restricción
2021,10532,2021-07-28,Miercoles,11:00:00,,0.0,1,Automóvil,Av. Ovidio Lagos Y Bv. Seguí,2,1,0,0,0,0,1,"-32.975017198983,-60.669506530713",Avenida,,ROSARIO,Constitución,S/D,S/D,II,S/D,S/D,Otra Señal,S/D,Intersección,S/D,S/D,Diurna,S/D,Múltiple,S/D,Colisión,S/D,S/D,Cordón divisorio,Sin restricción
2021,10533,2021-07-29,Jueves,17:30:00,,0.0,1,Moto/Ciclomotor,Mendoza Y Pascual Rosas,1,1,0,0,0,0,0,"-32.942985710171,-60.68721265151",Calle,,ROSARIO,Constitución,S/D,S/D,II,S/D,S/D,Otra Señal,S/D,Intersección,S/D,S/D,Diurna,S/D,Múltiple,S/D,Colisión,S/D,S/D,Cordón divisorio,Sin restricción
2021,10534,2021-07-30,Viernes,07:30:00,,0.0,1,Moto/Ciclomotor,España Y Córdoba,1,1,0,0,0,0,0,"-32.94492200545,-60.646518899825",Calle,,ROSARIO,Constitución,S/D,S/D,II,S/D,Urbana,Otra Señal,S/D,Intersección,S/D,S/D,Diurna,S/D,Múltiple,S/D,Colisión,S/D,S/D,Cordón divisorio,Sin restricción
2021,10535,2021-07-30,Viernes,00:00:00,,0.0,1,Moto/Ciclomotor, ,1,1,0,0,0,0,0,,S/D,,ROSARIO,Constitución,S/D,S/D,II,S/D,S/D,Otra Señal,S/D,Intersección,S/D,S/D,Nocturna,S/D,Múltiple,S/D,Colisión,S/D,S/D,Cordón divisorio,Sin restricción
2021,10536,2021-07-31,Sabado,20:30:00,,0.0,2,"Automóvil,Bicicleta",Centeno Y Iriondo,2,1,0,0,0,0,1,"-32.979168651703,-60.679280704565",Calle,,ROSARIO,Constitución,S/D,S/D,II,S/D,Urbana,Otra Señal,S/D,Intersección,S/D,S/D,Nocturna,S/D,Múltiple,Ciclista,Colisión,S/D,S/D,Cordón divisorio,Sin restricción
2021,10537,2021-07-30,Viernes,18:00:00,,0.0,1,Moto/Ciclomotor,PJE 6 Y RICHERI,1,1,0,0,0,0,0,,Calle,,ROSARIO,Constitución,S/D,S/D,II,S/D,Urbana,Otra Señal,S/D,Intersección,S/D,S/D,Atardecer,S/D,Múltiple,S/D,Colisión,S/D,S/D,Cordón divisorio,Sin restricción
2021,10538,2021-07-30,Viernes,17:23:00,,0.0,2,"Automóvil,Moto/Ciclomotor",Dorrego Y Rueda,2,1,0,0,0,0,1,"-32.969059168035,-60.655427216574",Calle,,ROSARIO,Constitución,S/D,S/D,II,S/D,Urbana,Otra Señal,S/D,Intersección,S/D,S/D,Diurna,S/D,Múltiple,S/D,Colisión,S/D,S/D,Cordón divisorio,Sin restricción
2021,10539,2021-07-31,Sabado,13:40:00,,0.0,1,Moto/Ciclomotor,Uruguay 100,1,1,0,0,0,0,0,,Calle,,ROSARIO,Constitución,S/D,S/D,II,S/D,Urbana,Otra Señal,S/D,Intersección,S/D,S/D,Diurna,S/D,Múltiple,S/D,Colisión,S/D,S/D,Cordón divisorio,Sin restricción
2021,10540,2021-07-31,Sabado,18:00:00,,0.0,1,Moto/Ciclomotor,Av. Ovidio Lagos Y Tucumán,1,1,0,0,0,0,0,"-32.937622839083,-60.660268718107",Avenida,,ROSARIO,Constitución,S/D,S/D,II,S/D,Urbana,Otra Señal,S/D,Intersección,S/D,S/D,Nocturna,S/D,Múltiple,S/D,Colisión,S/D,S/D,Cordón divisorio,Sin restricción
2021,10541,2021-07-31,Sabado,13:30:00,,0.0,2,"Automóvil,Moto/Ciclomotor",Bv. Avellaneda Y Córdoba,2,1,0,0,0,0,1,"-32.93909101176,-60.679028985658",Calle,,ROSARIO,Constitución,S/D,S/D,II,S/D,Urbana,Otra Señal,S/D,Intersección,S/D,S/D,Diurna,S/D,Múltiple,S/D,Colisión,S/D,S/D,Cordón divisorio,Sin restricción
2021,10542,2021-07-31,Sabado,22:00:00,,0.0,1,Moto/Ciclomotor,Bv. Seguí 5400,1,1,0,0,0,0,0,"-32.970518265726,-60.696680750854",Avenida,,ROSARIO,Constitución,S/D,S/D,II,S/D,Urbana,Otra Señal,S/D,Intersección,S/D,S/D,Nocturna,S/D,Múltiple,S/D,Colisión,S/D,S/D,Cordón divisorio,Sin restricción
2021,10543,2021-07-31,Sabado,20:30:00,,0.0,2,"Automóvil,Bicicleta",Centeno Y Iriondo,2,1,0,0,0,0,1,"-32.979168651703,-60.679280704565",Calle,,ROSARIO,Constitución,S/D,S/D,II,S/D,Urbana,Otra Señal,S/D,Intersección,S/D,S/D,Nocturna,S/D,Múltiple,Ciclista,Colisión,S/D,S/D,Cordón divisorio,Sin restricción
2021,10544,2021-07-31,Sabado,06:00:00,,0.0,1,Moto/Ciclomotor,Ricchieri Y Centeno,1,1,0,0,0,0,0,,Calle,,ROSARIO,Constitución,S/D,S/D,II,S/D,Urbana,Otra Señal,S/D,Intersección,S/D,S/D,Nocturna,S/D,Múltiple,S/D,Colisión,S/D,S/D,Cordón divisorio,Sin restricción
2021,10545,2021-07-31,Sabado,15:00:00,,0.0,1,Otros,Bv. Seguí Y Matienzo,1,1,0,0,0,0,0,"-32.970435131437,-60.693521911767",Avenida,,ROSARIO,Constitución,S/D,S/D,II,S/D,Urbana,Otra Señal,S/D,Intersección,S/D,S/D,Diurna,S/D,Múltiple,S/D,Colisión,S/D,S/D,Cordón divisorio,Sin restricción
2021,10546,2021-08-07,Sabado,19:30:00,,0.0,1,Bicicleta,Riobamba Y Ecuador,1,1,0,0,0,0,0,"-32.954584387184,-60.714372383629",Calle,,ROSARIO,Constitución,S/D,S/D,II,S/D,Urbana,Otra Señal,S/D,Intersección,S/D,S/D,Nocturna,S/D,Múltiple,S/D,Colisión,S/D,S/D,Cordón divisorio,Sin restricción
2021,10547,2021-08-07,Sabado,17:00:00,,0.0,1,Bicicleta,Centeno Y Castellanos,1,1,0,0,0,0,0,"-32.978192148003,-60.684731249631",Calle,,ROSARIO,Constitución,S/D,S/D,II,S/D,Urbana,Otra Señal,S/D,Intersección,S/D,S/D,Diurna,S/D,Múltiple,S/D,Colisión,S/D,S/D,Cordón divisorio,Sin restricción
2021,10548,2021-08-08,Domingo,00:00:00,,0.0,1,Moto/Ciclomotor,Av. Francia 5800,1,1,0,0,0,0,0,"-33.004979648204,-60.67776547871",Avenida,,ROSARIO,Constitución,S/D,S/D,II,S/D,Urbana,Otra Señal,S/D,Intersección,S/D,S/D,Nocturna,S/D,Múltiple,S/D,Colisión,S/D,S/D,Cordón divisorio,Sin restricción
2021,10549,2021-08-08,Domingo,11:30:00,,0.0,1,Moto/Ciclomotor,Dr. Rivas Y Rodríguez,2,2,0,0,0,0,0,,Calle,,ROSARIO,Constitución,S/D,S/D,II,S/D,Urbana,Otra Señal,S/D,Intersección,S/D,S/D,Diurna,S/D,Múltiple,S/D,Colisión,S/D,S/D,Cordón divisorio,Sin restricción
2021,10550,2021-08-07,Sabado,12:00:00,,0.0,1,Moto/Ciclomotor,Junín Y Formosa,1,1,0,0,0,0,0,"-32.926985991016,-60.691258051501",Calle,,ROSARIO,Constitución,S/D,S/D,II,S/D,S/D,Otra Señal,S/D,Intersección,S/D,S/D,Diurna,S/D,Múltiple,S/D,Colisión,S/D,S/D,Cordón divisorio,Sin restricción
2021,10551,2021-08-05,Jueves,05:00:00,,0.0,1,Automóvil, ,1,1,0,0,0,0,0,,S/D,,ROSARIO,Constitución,S/D,S/D,II,S/D,S/D,Otra Señal,S/D,Intersección,S/D,S/D,Nocturna,S/D,Múltiple,S/D,Colisión,S/D,S/D,Cordón divisorio,Sin restricción
2021,10552,2021-08-09,Lunes,22:30:00,,0.0,1,Bicicleta,Virasoro Y Maipú,1,1,0,0,0,0,0,"-32.970380633292,-60.641324622985",Calle,,ROSARIO,Constitución,S/D,S/D,II,S/D,Urbana,Otra Señal,S/D,Intersección,S/D,S/D,Nocturna,S/D,Múltiple,S/D,Colisión,S/D,S/D,Cordón divisorio,Sin restricción
2021,10553,2021-08-09,Lunes,13:00:00,,0.0,1,Automóvil,Castellanos Y Tucumán,2,2,0,0,0,0,0,"-32.93518339983,-60.67386494393",Calle,,ROSARIO,Constitución,S/D,S/D,II,S/D,Urbana,Otra Señal,S/D,Intersección,S/D,S/D,Diurna,S/D,Múltiple,S/D,Colisión,S/D,S/D,Cordón divisorio,Sin restricción
2021,10554,2021-08-10,Martes,08:30:00,,0.0,1,Moto/Ciclomotor,Ricchieri Y E.Zeballos,1,1,0,0,0,0,0,"-32.950582951202,-60.664976752929",Calle,,ROSARIO,Constitución,S/D,S/D,II,Dentro,Urbana,Otra Señal,S/D,Intersección,S/D,S/D,Diurna,S/D,Múltiple,S/D,Colisión,S/D,S/D,Cordón divisorio,Sin restricción
2021,10555,2021-08-14,Sabado,15:15:00,,0.0,2,"Moto/Ciclomotor,Moto/Ciclomotor", ,2,1,0,0,0,0,1,,Calle,,ROSARIO,Constitución,S/D,S/D,II,S/D,Urbana,Otra Señal,S/D,Intersección,S/D,S/D,Diurna,S/D,Múltiple,S/D,Colisión,S/D,S/D,Cordón divisorio,Sin restricción
2021,10556,2021-08-14,Sabado,05:45:00,,0.0,2,"Moto/Ciclomotor,Bicicleta",Bv. Seguí Y Bv. Avellaneda,2,1,0,0,0,0,1,"-32.97165667827,-60.687244626218",Avenida,,ROSARIO,Constitución,S/D,S/D,II,Dentro,Urbana,Otra Señal,S/D,Intersección,S/D,S/D,Nocturna,S/D,Múltiple,Ciclista,Colisión,S/D,S/D,Cordón divisorio,Sin restricción
2021,10557,2021-08-14,Sabado,12:00:00,,0.0,1,Peatón, ,1,1,0,0,0,0,0,,S/D,,ROSARIO,Constitución,S/D,S/D,II,S/D,S/D,Otra Señal,S/D,Intersección,S/D,S/D,Diurna,S/D,Múltiple,Peatón,Colisión,S/D,S/D,Cordón divisorio,Sin restricción
2021,10558,2021-08-13,Viernes,22:30:00,,0.0,1,Moto/Ciclomotor,Av. Circunvalación Y Av. Eva Perón,1,1,0,0,0,0,0,"-32.930939663003,-60.724560656901",Avenida,,ROSARIO,Constitución,S/D,S/D,II,Dentro,Urbana,Otra Señal,S/D,Intersección,S/D,S/D,Nocturna,S/D,Múltiple,S/D,Colisión,S/D,S/D,Cordón divisorio,Sin restricción
2021,10559,2021-08-15,Domingo,00:00:00,,0.0,1,Moto/Ciclomotor,Bv. Avellaneda Y Av. Battle y Ordoñez,1,1,0,0,0,0,0,"-33.010086349922,-60.689433158117",Avenida,,ROSARIO,Constitución,S/D,S/D,II,S/D,Urbana,Otra Señal,S/D,Intersección,S/D,S/D,S/D,S/D,Múltiple,S/D,Colisión,S/D,S/D,Cordón divisorio,Sin restricción
2021,10560,2021-08-15,Domingo,00:00:00,,0.0,1,Moto/Ciclomotor, ,1,1,0,0,0,0,0,,S/D,,ROSARIO,Constitución,S/D,S/D,II,S/D,S/D,Otra Señal,S/D,Intersección,S/D,S/D,Diurna,S/D,Múltiple,S/D,Colisión,S/D,S/D,Cordón divisorio,Sin restricción
2021,10561,2021-08-15,Domingo,07:15:00,,0.0,1,Peatón,F.More Y Pje. Espinillo,1,1,0,0,0,0,0,,Calle,,ROSARIO,Constitución,S/D,S/D,II,S/D,Urbana,Otra Señal,S/D,Intersección,S/D,S/D,Diurna,S/D,Múltiple,S/D,Colisión,S/D,S/D,Cordón divisorio,Sin restricción
2021,10562,2021-08-15,Domingo,00:00:00,Autopista Nacional A012,0.0,1,Automóvil, ,1,1,0,0,0,0,0,,Autopista,A012,PIÑERO,Constitución,S/D,S/D,II,S/D,S/D,Otra Señal,S/D,Intersección,S/D,S/D,Nocturna,S/D,Múltiple,S/D,Colisión,S/D,S/D,Cordón divisorio,Sin restricción
2021,10563,2021-08-15,Domingo,08:00:00,,0.0,1,Moto/Ciclomotor, ,1,1,0,0,0,0,0,,S/D,,ROSARIO,Constitución,S/D,S/D,II,S/D,S/D,Otra Señal,S/D,Intersección,S/D,S/D,Diurna,S/D,Múltiple,S/D,Colisión,S/D,S/D,Cordón divisorio,Sin restricción
2021,10564,2021-08-17,Martes,17:30:00,,0.0,1,Automóvil,Rueda 1700,1,1,0,0,0,0,0,"-32.969545992385,-60.65270307669",Calle,,ROSARIO,Constitución,S/D,S/D,II,S/D,Urbana,Otra Señal,S/D,Intersección,S/D,S/D,Diurna,S/D,Múltiple,S/D,Colisión,S/D,S/D,Cordón divisorio,Sin restricción
2021,10565,2021-08-17,Martes,17:20:00,,0.0,1,Moto/Ciclomotor,Av. Ovidio Lagos Y Av. Arijon,1,1,0,0,0,0,0,"-33.00387372428,-60.676045336857",Calle,,ROSARIO,Constitución,S/D,S/D,II,Dentro,Urbana,Otra Señal,S/D,Intersección,S/D,S/D,Diurna,S/D,Múltiple,S/D,Colisión,S/D,S/D,Cordón divisorio,Sin restricción
2021,10566,2021-08-18,Miercoles,16:00:00,,0.0,1,Moto/Ciclomotor,Biedma Y Colon,1,1,0,0,0,0,0,"-32.983626677486,-60.634320671934",Calle,,ROSARIO,Constitución,S/D,S/D,II,S/D,Urbana,Otra Señal,S/D,Intersección,S/D,S/D,Diurna,S/D,Múltiple,S/D,Colisión,S/D,S/D,Cordón divisorio,Sin restricción
2021,10567,2021-08-18,Miercoles,14:00:00,,0.0,2,"Automóvil,Moto/Ciclomotor",Santa Fe Y Camilo Aldao,2,1,0,0,0,0,1,"-32.935243206007,-60.696164336997",Calle,,ROSARIO,Constitución,S/D,S/D,II,S/D,S/D,Otra Señal,S/D,Intersección,S/D,S/D,Diurna,S/D,Múltiple,S/D,Colisión,S/D,S/D,Cordón divisorio,Sin restricción
2021,10568,2021-08-18,Miercoles,12:00:00,,0.0,1,Bicicleta, ,1,1,0,0,0,0,0,,S/D,,ROSARIO,Constitución,S/D,S/D,II,S/D,S/D,Otra Señal,S/D,Intersección,S/D,S/D,Diurna,S/D,Múltiple,S/D,Colisión,S/D,S/D,Cordón divisorio,Sin restricción
2021,10569,2021-08-18,Miercoles,18:00:00,,0.0,1,Bicicleta,Pje. Volta 7046,1,1,0,0,0,0,0,"-32.9587347438,-60.715799472715",S/D,,ROSARIO,Constitución,S/D,S/D,II,S/D,S/D,Otra Señal,S/D,Intersección,S/D,S/D,Diurna,S/D,Múltiple,S/D,Colisión,S/D,S/D,Cordón divisorio,Sin restricción
2021,10570,2021-08-18,Miercoles,17:15:00,,0.0,1,Bicicleta,San Lorenzo Y Italia,1,1,0,0,0,0,0,"-32.942394941334,-60.647298229963",Calle,,ROSARIO,Constitución,S/D,S/D,II,Dentro,Urbana,Otra Señal,S/D,Intersección,S/D,S/D,Diurna,S/D,Múltiple,S/D,Colisión,S/D,S/D,Cordón divisorio,Sin restricción
2021,10571,2021-08-18,Miercoles,22:00:00,,0.0,1,Moto/Ciclomotor,Rivarola 6800,1,1,0,0,0,0,0,"-32.965793288014,-60.712859137041",Calle,,ROSARIO,Constitución,S/D,S/D,II,S/D,Urbana,Otra Señal,S/D,Intersección,S/D,S/D,Nocturna,S/D,Múltiple,S/D,Colisión,S/D,S/D,Cordón divisorio,Sin restricción
2021,10572,2021-08-19,Jueves,08:00:00,,0.0,2,"Automóvil,Bicicleta",Av. Eva Perón Y Alsina,2,1,0,0,0,0,1,,Avenida,,ROSARIO,Constitución,S/D,S/D,II,Dentro,Urbana,Otra Señal,S/D,Intersección,S/D,S/D,Diurna,S/D,Múltiple,Ciclista,Colisión,S/D,S/D,Cordón divisorio,Sin restricción
2021,10573,2021-08-19,Jueves,02:00:00,,0.0,1,Moto/Ciclomotor,Av. Francia Y Dean Funes,1,1,0,0,0,0,0,"-32.97070641317,-60.673007235323",Avenida,,ROSARIO,Constitución,S/D,S/D,II,S/D,Urbana,Otra Señal,S/D,Intersección,S/D,S/D,Nocturna,S/D,Múltiple,S/D,Colisión,S/D,S/D,Cordón divisorio,Sin restricción
2021,10574,2021-08-19,Jueves,00:15:00,,0.0,1,Moto/Ciclomotor,Lima Y Av. Pellegrini,1,1,0,0,0,0,0,"-32.949285350725,-60.685960987808",Avenida,,ROSARIO,Constitución,S/D,S/D,II,Dentro,Urbana,Otra Señal,S/D,Intersección,S/D,S/D,Nocturna,S/D,Múltiple,S/D,Colisión,S/D,S/D,Cordón divisorio,Sin restricción
2021,10575,2021-08-19,Jueves,02:00:00,,0.0,2,"Moto/Ciclomotor,Moto/Ciclomotor",Av. Francia Y Dean Funes,2,1,0,0,0,0,1,"-32.97070641317,-60.673007235323",Avenida,,ROSARIO,Constitución,S/D,S/D,II,S/D,S/D,Otra Señal,S/D,Intersección,S/D,S/D,Nocturna,S/D,Múltiple,S/D,Colisión,S/D,S/D,Cordón divisorio,Sin restricción
2021,10576,2021-08-20,Viernes,14:00:00,,0.0,1,Moto/Ciclomotor, ,1,1,0,0,0,0,0,,S/D,,ROSARIO,Constitución,S/D,S/D,II,S/D,S/D,Otra Señal,S/D,Intersección,S/D,S/D,Diurna,S/D,Múltiple,S/D,Colisión,S/D,S/D,Cordón divisorio,Sin restricción
2021,10577,2021-08-20,Viernes,14:00:00,,0.0,1,Moto/Ciclomotor,Av. Pellegrini Y Italia,2,2,0,0,0,0,0,"-32.955474472675,-60.650588232518",Avenida,,ROSARIO,Constitución,S/D,S/D,II,Dentro,Urbana,Otra Señal,S/D,Intersección,S/D,S/D,Diurna,S/D,Múltiple,S/D,Colisión,S/D,S/D,Cordón divisorio,Sin restricción
2021,10578,2021-08-20,Viernes,17:30:00,,0.0,2,"Automóvil,Moto/Ciclomotor",Cullen Y French,2,1,0,0,0,0,1,"-32.921681548168,-60.709770221263",Calle,,ROSARIO,Constitución,S/D,S/D,II,S/D,Urbana,Otra Señal,S/D,Intersección,S/D,S/D,Diurna,S/D,Múltiple,S/D,Colisión,S/D,S/D,Cordón divisorio,Sin restricción
2021,10579,2021-08-21,Sabado,15:00:00,,0.0,1,Moto/Ciclomotor,Fraga Y La Paz,1,1,0,0,0,0,0,"-32.95565128662,-60.709615554053",Calle,,ROSARIO,Constitución,S/D,S/D,II,Dentro,Urbana,Otra Señal,S/D,Intersección,S/D,S/D,Diurna,S/D,Múltiple,S/D,Colisión,S/D,S/D,Cordón divisorio,Sin restricción
2021,10580,2021-08-21,Sabado,18:56:00,,0.0,1,Moto/Ciclomotor, ,1,1,0,0,0,0,0,,S/D,,ROSARIO,Constitución,S/D,S/D,II,S/D,S/D,Otra Señal,S/D,Intersección,S/D,S/D,Atardecer,S/D,Múltiple,S/D,Colisión,S/D,S/D,Cordón divisorio,Sin restricción
2021,10581,2021-08-21,Sabado,19:00:00,,0.0,1,Moto/Ciclomotor, ,1,1,0,0,0,0,0,,S/D,,ROSARIO,Constitución,S/D,S/D,II,S/D,S/D,Otra Señal,S/D,Intersección,S/D,S/D,Atardecer,S/D,Múltiple,S/D,Colisión,S/D,S/D,Cordón divisorio,Sin restricción
2021,10582,2021-08-23,Lunes,13:30:00,,0.0,1,Moto/Ciclomotor,Pje. Lejarza Y Magallanes,1,1,0,0,0,0,0,"-32.966682725916,-60.703484120198",Calle,,ROSARIO,Constitución,S/D,S/D,II,S/D,S/D,Otra Señal,S/D,Intersección,S/D,S/D,Diurna,S/D,Múltiple,S/D,Colisión,S/D,S/D,Cordón divisorio,Sin restricción
2021,10583,2021-08-24,Martes,10:30:00,,0.0,2,"Automóvil,Moto/Ciclomotor",Gurruchaga Y A.Maza,2,1,0,0,0,0,1,"-32.904306484787,-60.685624987925",Calle,,ROSARIO,Constitución,S/D,S/D,II,S/D,S/D,Otra Señal,S/D,Intersección,S/D,S/D,Diurna,S/D,Múltiple,S/D,Colisión,S/D,S/D,Cordón divisorio,Sin restricción
2021,10584,2021-08-24,Martes,23:00:00,,0.0,1,Moto/Ciclomotor,Córdoba Y Dorrego,1,1,0,0,0,0,0,"-32.944432256791,-60.649225083872",Calle,,ROSARIO,Constitución,S/D,S/D,II,S/D,Urbana,Otra Señal,S/D,Intersección,S/D,S/D,Nocturna,S/D,Múltiple,S/D,Colisión,S/D,S/D,Cordón divisorio,Sin restricción
2021,10585,2021-08-25,Miercoles,20:00:00,,0.0,1,Moto/Ciclomotor, ,1,1,0,0,0,0,0,,S/D,,ROSARIO,Constitución,S/D,S/D,II,S/D,S/D,Otra Señal,S/D,Intersección,S/D,S/D,Nocturna,S/D,Múltiple,S/D,Colisión,S/D,S/D,Cordón divisorio,Sin restricción
2021,10586,2021-08-25,Miercoles,20:00:00,,0.0,1,Moto/Ciclomotor,Liniers Y Rueda,1,1,0,0,0,0,0,"-32.962405271807,-60.697697977016",Calle,,ROSARIO,Constitución,S/D,S/D,II,S/D,Urbana,Otra Señal,S/D,Intersección,S/D,S/D,Nocturna,S/D,Múltiple,S/D,Colisión,S/D,S/D,Cordón divisorio,Sin restricción
2021,10587,2021-08-28,Sabado,08:00:00,,0.0,1,Moto/Ciclomotor, ,1,1,0,0,0,0,0,,S/D,,ROSARIO,Constitución,S/D,S/D,II,S/D,S/D,Otra Señal,S/D,Intersección,S/D,S/D,Diurna,S/D,Múltiple,S/D,Colisión,S/D,S/D,Cordón divisorio,Sin restricción
2021,10588,2021-08-30,Lunes,22:30:00,,0.0,1,Moto/Ciclomotor,Av. Francia Bis 50,1,1,0,0,0,0,0,"-32.931683684107,-60.662694194674",Avenida,,ROSARIO,Constitución,S/D,S/D,II,S/D,S/D,Otra Señal,S/D,Intersección,S/D,S/D,Nocturna,S/D,Múltiple,S/D,Colisión,S/D,S/D,Cordón divisorio,Sin restricción