anio_acci,nro_acci,fecha,desc_dia,hora_aprox,desc_ruta,km,cant_participantes,desc_participante,calle_avenida_km,total,heridos_leves,heridos_graves,heridos_gravisimos,ilesos,fallecidos,sin_datos,posicion_XY,desc_tipo_via,desc_ruta_ori,desc_loc,desc_dpto,desc_tipo_calzada,desc_tipo_banquina,desc_unidad_regional,desc_lugar_calzada,desc_zona,desc_prioridad,desc_estado_semaforo,desc_lugar_via,desc_estado_via,desc_estado_visibilidad,desc_luminosidad,desc_estado_clima,desc_tipo_colision,desc_tipo_atropello,desc_tipo_hecho,desc_pres_calzada,desc_senializacion,desc_separacion_via,desc_restriccion
2021,10589,2021-08-30,Lunes,23:00:00,,0.0,1,Moto/Ciclomotor, ,1,1,0,0,0,0,0,,S/D,,ROSARIO,Constitución,S/D,S/D,II,S/D,S/D,Otra Señal,S/D,Intersección,S/D,S/D,Nocturna,S/D,Múltiple,S/D,Colisión,S/D,S/D,Cordón divisorio,Sin restricción
2021,10590,2021-08-30,Lunes,13:00:00,,0.0,1,Moto/Ciclomotor,Av. Arijon Y Bv. Oroño,2,2,0,0,0,0,0,"-33.003443019282,-60.664794377157",Avenida,,ROSARIO,Constitución,S/D,S/D,II,S/D,Urbana,Otra Señal,S/D,Intersección,S/D,S/D,Diurna,S/D,Múltiple,S/D,Colisión,S/D,S/D,Cordón divisorio,Sin restricción
2021,10591,2021-08-31,Martes,18:30:00,,0.0,1,Moto/Ciclomotor,Bv. Seguí Y Bv. Avellaneda,1,1,0,0,0,0,0,"-32.97165667827,-60.687244626218",Avenida,,ROSARIO,Constitución,S/D,S/D,II,Dentro,Urbana,Otra Señal,S/D,Intersección,S/D,S/D,Diurna,S/D,Múltiple,S/D,Colisión,S/D,S/D,Cordón divisorio,Sin restricción
2021,10592,2021-08-31,Martes,15:30:00,,0.0,1,Moto/Ciclomotor,Av. Ovidio Lagos Y Mendoza,1,1,0,0,0,0,0,"-32.947383936038,-60.662740126343",Avenida,,ROSARIO,Constitución,S/D,S/D,II,S/D,Urbana,Otra Señal,S/D,Intersección,S/D,S/D,Diurna,S/D,Múltiple,S/D,Colisión,S/D,S/D,Cordón divisorio,Sin restricción
2021,10593,2021-08-31,Martes,15:30:00,,0.0,1,Moto/Ciclomotor,Av. Gral. San Martin Y Sáenz PEÑA,1,1,0,0,0,0,0,,Avenida,,VILLA GOBERNADOR GÁLVEZ,Constitución,S/D,S/D,II,Fuera,Urbana,Otra Señal,S/D,Intersección,S/D,S/D,Diurna,S/D,Múltiple,S/D,Colisión,S/D,S/D,Cordón divisorio,Sin restricción
2021,10594,2021-08-30,Lunes,19:30:00,,0.0,1,Moto/Ciclomotor,Av. Ntra.Sra.del Rosario Y Av. Circunvalación,1,1,0,0,0,0,0,,Avenida,,ROSARIO,Constitución,S/D,S/D,II,S/D,Urbana,Otra Señal,S/D,Intersección,S/D,S/D,Atardecer,S/D,Múltiple,S/D,Colisión,S/D,S/D,Cordón divisorio,Sin restricción
2021,10595,2021-08-31,Martes,19:00:00,,0.0,1,Bicicleta,Garay Y España,1,1,0,0,0,0,0,"-32.972984575278,-60.653577924306",Calle,,ROSARIO,Constitución,S/D,S/D,II,S/D,S/D,Otra Señal,S/D,Intersección,S/D,S/D,Atardecer,S/D,Múltiple,S/D,Colisión,S/D,S/D,Cordón divisorio,Sin restricción
2021,10596,2021-08-31,Martes,08:00:00,,0.0,1,Moto/Ciclomotor, ,1,1,0,0,0,0,0,,S/D,,ROSARIO,Constitución,S/D,S/D,II,S/D,S/D,Otra Señal,S/D,Intersección,S/D,S/D,Diurna,S/D,Múltiple,S/D,Colisión,S/D,S/D,Cordón divisorio,Sin restricción
2021,10597,2021-09-09,Jueves,19:00:00,,0.0,1,Moto/Ciclomotor,Pje. Patagones Y Centeno,1,1,0,0,0,0,0,,Calle,,ROSARIO,Constitución,S/D,S/D,II,S/D,S/D,Otra Señal,S/D,Intersección,S/D,S/D,Atardecer,S/D,Múltiple,S/D,Colisión,S/D,S/D,Cordón divisorio,Sin restricción
2021,10598,2021-09-09,Jueves,16:00:00,,0.0,1,Bicicleta,Méjico Y Arévalo,1,1,0,0,0,0,0,"-32.930806524614,-60.718886901614",Calle,,ROSARIO,Constitución,S/D,S/D,II,S/D,S/D,Otra Señal,S/D,Intersección,S/D,S/D,Diurna,S/D,Múltiple,S/D,Colisión,S/D,S/D,Cordón divisorio,Sin restricción
2021,10599,2021-09-09,Jueves,15:00:00,,0.0,1,Automóvil,Urquiza Y Crespo,1,1,0,0,0,0,0,"-32.937569466123,-60.667362514416",Calle,,ROSARIO,Constitución,S/D,S/D,II,S/D,Urbana,Otra Señal,S/D,Intersección,S/D,S/D,Diurna,S/D,Múltiple,S/D,Colisión,S/D,S/D,Cordón divisorio,Sin restricción
2021,10600,2021-09-09,Jueves,14:00:00,,0.0,1,Moto/Ciclomotor,Mitre Y Pte. Quintana,1,1,0,0,0,0,0,"-32.982264553201,-60.648624061132",Calle,,ROSARIO,Constitución,S/D,S/D,II,S/D,Urbana,Otra Señal,S/D,Intersección,S/D,S/D,Diurna,S/D,Múltiple,S/D,Colisión,S/D,S/D,Cordón divisorio,Sin restricción
2021,10601,2021-09-10,Viernes,19:00:00,,0.0,1,Moto/Ciclomotor,Biedma Y Magallanes,1,1,0,0,0,0,0,,Calle,,ROSARIO,Constitución,S/D,S/D,II,S/D,S/D,Otra Señal,S/D,Intersección,S/D,S/D,Atardecer,S/D,Múltiple,S/D,Colisión,S/D,S/D,Cordón divisorio,Sin restricción
2021,10602,2021-09-10,Viernes,15:20:00,,0.0,1,Automóvil,Molina Y Superi,1,1,0,0,0,0,0,"-32.896568630111,-60.704576440165",Calle,,ROSARIO,Constitución,S/D,S/D,II,S/D,S/D,Otra Señal,S/D,Intersección,S/D,S/D,Diurna,S/D,Múltiple,S/D,Colisión,S/D,S/D,Cordón divisorio,Sin restricción
2021,10603,2021-09-10,Viernes,16:00:00,,0.0,1,Moto/Ciclomotor,Santiago Y San Juan,1,1,0,0,0,0,0,"-32.946962258847,-60.656946898817",Calle,,ROSARIO,Constitución,S/D,S/D,II,Dentro,Urbana,Otra Señal,S/D,Intersección,S/D,S/D,Diurna,S/D,Múltiple,S/D,Colisión,S/D,S/D,Cordón divisorio,Sin restricción
2021,10604,2021-09-10,Viernes,13:00:00,,0.0,1,Bicicleta,Av. Pellegrini Y Fraga,1,1,0,0,0,0,0,"-32.948440346254,-60.709892550369",Avenida,,ROSARIO,Constitución,S/D,S/D,II,Dentro,Urbana,Otra Señal,S/D,Intersección,S/D,S/D,Diurna,S/D,Múltiple,S/D,Colisión,S/D,S/D,Cordón divisorio,Sin restricción
2021,10605,2021-09-09,Jueves,21:30:00,,0.0,1,Moto/Ciclomotor, ,1,1,0,0,0,0,0,,S/D,,ROSARIO,Constitución,S/D,S/D,II,S/D,S/D,Otra Señal,S/D,Intersección,S/D,S/D,Nocturna,S/D,Múltiple,S/D,Colisión,S/D,S/D,Cordón divisorio,Sin restricción
2021,10606,2021-09-10,Viernes,19:00:00,,0.0,1,Bicicleta,Av. Caseros Bis Y Pje. Esperanza,1,1,0,0,0,0,0,"-32.926112053841,-60.665451206035",Avenida,,ROSARIO,Constitución,S/D,S/D,II,S/D,S/D,Otra Señal,S/D,Intersección,S/D,S/D,Atardecer,S/D,Múltiple,S/D,Colisión,S/D,S/D,Cordón divisorio,Sin restricción
2021,10607,2021-09-11,Sabado,14:30:00,,0.0,1,Moto/Ciclomotor,Av. Ovidio Lagos Y Camino Viejo Soldini,1,1,0,0,0,0,0,"-33.025887611005,-60.681096648431",Avenida,,ROSARIO,Constitución,S/D,S/D,II,S/D,S/D,Otra Señal,S/D,Intersección,S/D,S/D,Diurna,S/D,Múltiple,S/D,Colisión,S/D,S/D,Cordón divisorio,Sin restricción
2021,10608,2021-09-11,Sabado,18:50:00,,0.0,2,"Moto/Ciclomotor,Moto/Ciclomotor",Rivarola Y Av. Circunvalación,2,2,0,0,0,0,0,"-32.965967030241,-60.718966198579",Calle,,ROSARIO,Constitución,S/D,S/D,II,S/D,Urbana,Otra Señal,S/D,Intersección,S/D,S/D,Diurna,S/D,Múltiple,S/D,Colisión,S/D,S/D,Cordón divisorio,Sin restricción
2021,10609,2021-09-12,Domingo,06:30:00,,0.0,1,Peatón,Garibaldi Y Bv. Avellaneda,1,1,0,0,0,0,0,,Avenida,,ROSARIO,Constitución,S/D,S/D,II,S/D,Urbana,Otra Señal,S/D,Intersección,S/D,S/D,Nocturna,S/D,Múltiple,S/D,Colisión,S/D,S/D,Cordón divisorio,Sin restricción
2021,10610,2021-09-12,Domingo,13:00:00,,0.0,1,Moto/Ciclomotor,Tte.Agneta Y Bv. 27 De Febrero,1,1,0,0,0,0,0,,Avenida,,ROSARIO,Constitución,S/D,S/D,II,S/D,Urbana,Otra Señal,S/D,Intersección,S/D,S/D,Diurna,S/D,Múltiple,S/D,Colisión,S/D,S/D,Cordón divisorio,Sin restricción
2021,10611,2021-09-12,Domingo,19:40:00,,0.0,1,Bicicleta,Av. Circunvalación Y Bv. 27 De Febrero,1,1,0,0,0,0,0,,Avenida,,ROSARIO,Constitución,S/D,S/D,II,S/D,Urbana,Otra Señal,S/D,Intersección,S/D,S/D,Nocturna,S/D,Múltiple,S/D,Colisión,S/D,S/D,Cordón divisorio,Sin restricción
2021,10612,2021-09-12,Domingo,21:30:00,,0.0,2,"Moto/Ciclomotor,Automóvil",Campbell Y Mr.Ross,2,1,0,0,0,0,1,,Calle,,ROSARIO,Constitución,S/D,S/D,II,S/D,S/D,Otra Señal,S/D,Intersección,S/D,S/D,Nocturna,S/D,Múltiple,S/D,Colisión,S/D,S/D,Cordón divisorio,Sin restricción
2021,10613,2021-09-12,Domingo,00:05:00,,0.0,1,Moto/Ciclomotor,Av. Pellegrini Y Crespo,1,1,0,0,0,0,0,"-32.951818121869,-60.670948896831",Avenida,,ROSARIO,Constitución,S/D,S/D,II,Dentro,Urbana,Otra Señal,S/D,Intersección,S/D,S/D,Nocturna,S/D,Múltiple,S/D,Colisión,S/D,S/D,Cordón divisorio,Sin restricción
2021,10614,2021-09-13,Lunes,18:00:00,,0.0,2,"Automóvil,Automóvil",Roullon Y Bv. 27 De Febrero,2,1,0,0,0,0,1,,Avenida,,ROSARIO,Constitución,S/D,S/D,II,S/D,Urbana,Otra Señal,S/D,Intersección,S/D,S/D,Diurna,S/D,Múltiple,S/D,Colisión,S/D,S/D,Cordón divisorio,Sin restricción
2021,10615,2021-09-13,Lunes,04:30:00,,0.0,1,Moto/Ciclomotor,Rueda Y Av. Francia,1,1,0,0,0,0,0,"-32.966164650845,-60.671622618876",Avenida,,ROSARIO,Constitución,S/D,S/D,II,S/D,Urbana,Otra Señal,S/D,Intersección,S/D,S/D,Nocturna,S/D,Múltiple,S/D,Colisión,S/D,S/D,Cordón divisorio,Sin restricción
2021,10616,2021-09-13,Lunes,16:00:00,,0.0,1,Automóvil,1 de Mayo Y Dean Funes,2,1,0,0,0,0,1,,Calle,,ROSARIO,Constitución,S/D,S/D,II,S/D,S/D,Otra Señal,S/D,Intersección,S/D,S/D,Diurna,S/D,Múltiple,S/D,Colisión,S/D,S/D,Cordón divisorio,Sin restricción
2021,10617,2021-09-13,Lunes,18:00:00,,0.0,1,Moto/Ciclomotor, ,1,1,0,0,0,0,0,,S/D,,ROSARIO,Constitución,S/D,S/D,II,S/D,S/D,Otra Señal,S/D,Intersección,S/D,S/D,Diurna,S/D,Múltiple,S/D,Colisión,S/D,S/D,Cordón divisorio,Sin restricción
2021,10618,2021-09-13,Lunes,14:30:00,,0.0,2,"Automóvil,Automóvil",1 de Mayo Y Dean Funes,3,1,0,0,0,0,2,,Calle,,ROSARIO,Constitución,S/D,S/D,II,S/D,S/D,Otra Señal,S/D,Intersección,S/D,S/D,Diurna,S/D,Múltiple,S/D,Colisión,S/D,S/D,Cordón divisorio,Sin restricción
2021,10619,2021-09-14,Martes,00:00:00,,0.0,1,Bicicleta,Donado 2123,1,1,0,0,0,0,0,,Calle,,ROSARIO,Constitución,S/D,S/D,II,S/D,S/D,Otra Señal,S/D,Intersección,S/D,S/D,Nocturna,S/D,Múltiple,S/D,Colisión,S/D,S/D,Cordón divisorio,Sin restricción
2021,10620,2021-09-13,Lunes,19:00:00,,0.0,2,"Automóvil,Bicicleta",Pje. Lejarza Y P.L.Funes,2,1,0,0,0,0,1,"-32.966610098713,-60.700154250193",Calle,,ROSARIO,Constitución,S/D,S/D,II,S/D,S/D,Otra Señal,S/D,Intersección,S/D,S/D,Nocturna,S/D,Múltiple,Ciclista,Colisión,S/D,S/D,Cordón divisorio,Sin restricción
2021,10621,2021-09-14,Martes,01:00:00,,0.0,2,"Automóvil,Moto/Ciclomotor",Guatemala Y Gorriti,2,1,0,0,0,0,1,"-32.924482296179,-60.717976726025",Calle,,ROSARIO,Constitución,S/D,S/D,II,S/D,S/D,Otra Señal,S/D,Intersección,S/D,S/D,Nocturna,S/D,Múltiple,S/D,Colisión,S/D,S/D,Cordón divisorio,Sin restricción
2021,10622,2021-09-15,Miercoles,08:30:00,,0.0,1,Moto/Ciclomotor,F.More Y Bv. Seguí,2,2,0,0,0,0,0,"-32.970573182066,-60.692578153752",Avenida,,ROSARIO,Constitución,S/D,S/D,II,S/D,S/D,Otra Señal,S/D,Intersección,S/D,S/D,Diurna,S/D,Múltiple,S/D,Colisión,S/D,S/D,Cordón divisorio,Sin restricción
2021,10623,2021-09-15,Miercoles,20:30:00,,0.0,1,Bicicleta,Vera Mujica 3125,1,1,0,0,0,0,0,"-32.968480168002,-60.6737546551",Calle,,ROSARIO,Constitución,S/D,S/D,II,S/D,S/D,Otra Señal,S/D,Intersección,S/D,S/D,Nocturna,S/D,Múltiple,S/D,Colisión,S/D,S/D,Cordón divisorio,Sin restricción
2021,10624,2021-09-15,Miercoles,09:15:00,,0.0,1,Moto/Ciclomotor,Av. Pellegrini Y Roullon,1,1,0,0,0,0,0,,Avenida,,ROSARIO,Constitución,S/D,S/D,II,S/D,Urbana,Otra Señal,S/D,Intersección,S/D,S/D,Diurna,S/D,Múltiple,S/D,Colisión,S/D,S/D,Cordón divisorio,Sin restricción
2021,10625,2021-09-16,Jueves,14:00:00,,0.0,2,"Moto/Ciclomotor,Moto/Ciclomotor",Juan B.De La Salle 5875,2,1,0,0,0,0,1,"-32.92220781576,-60.702963185356",Calle,,ROSARIO,Constitución,S/D,S/D,II,S/D,S/D,Otra Señal,S/D,Intersección,S/D,S/D,Diurna,S/D,Múltiple,S/D,Colisión,S/D,S/D,Cordón divisorio,Sin restricción
2021,10626,2021-09-16,Jueves,13:00:00,,0.0,2,"Automóvil,Moto/Ciclomotor",Bv. Avellaneda Y Av. Uriburu,2,1,0,0,0,0,1,"-32.991861218333,-60.688875537277",Avenida,,ROSARIO,Constitución,S/D,S/D,II,S/D,S/D,Otra Señal,S/D,Intersección,S/D,S/D,Diurna,S/D,Múltiple,S/D,Colisión,S/D,S/D,Cordón divisorio,Sin restricción
2021,10627,2021-09-12,Domingo,18:00:00,,0.0,1,Moto/Ciclomotor, ,1,1,0,0,0,0,0,,S/D,,ROSARIO,Constitución,S/D,S/D,II,S/D,S/D,Otra Señal,S/D,Intersección,S/D,S/D,Diurna,S/D,Múltiple,S/D,Colisión,S/D,S/D,Cordón divisorio,Sin restricción
2021,10628,2021-09-16,Jueves,15:45:00,,0.0,1,Moto/Ciclomotor,Santa Fe Y Gutenberg,1,1,0,0,0,0,0,,Calle,,ROSARIO,Constitución,S/D,S/D,II,S/D,S/D,Otra Señal,S/D,Intersección,S/D,S/D,Diurna,S/D,Múltiple,S/D,Colisión,S/D,S/D,Cordón divisorio,Sin restricción
2021,10629,2021-09-17,Viernes,00:00:00,,0.0,2,"Automóvil,Bicicleta",Mendoza Y Campbell,2,1,0,0,0,0,1,"-32.940031034764,-60.70795568377",Calle,,ROSARIO,Constitución,S/D,S/D,II,S/D,S/D,Otra Señal,S/D,Intersección,S/D,S/D,Nocturna,S/D,Múltiple,Ciclista,Colisión,S/D,S/D,Cordón divisorio,Sin restricción
2021,10630,2021-09-17,Viernes,15:00:00,,0.0,1,Moto/Ciclomotor,Bv. Oroño Y Bv. 27 De Febrero,1,1,0,0,0,0,0,"-32.964828473776,-60.658500919693",Avenida,,ROSARIO,Constitución,S/D,S/D,II,S/D,Urbana,Otra Señal,S/D,Intersección,S/D,S/D,Diurna,S/D,Múltiple,S/D,Colisión,S/D,S/D,Cordón divisorio,Sin restricción
2021,10631,2021-09-17,Viernes,11:00:00,,0.0,1,Moto/Ciclomotor,Av. Pellegrini Y Bv. Oroño,1,1,0,0,0,0,0,"-32.954438830989,-60.65574375483",Avenida,,ROSARIO,Constitución,S/D,S/D,II,S/D,Urbana,Otra Señal,S/D,Intersección,S/D,S/D,Diurna,S/D,Múltiple,S/D,Colisión,S/D,S/D,Cordón divisorio,Sin restricción
2021,10632,2021-09-18,Sabado,10:30:00,,0.0,1,Moto/Ciclomotor, ,1,1,0,0,0,0,0,,S/D,,ROSARIO,Constitución,S/D,S/D,II,S/D,S/D,Otra Señal,S/D,Intersección,S/D,S/D,Diurna,S/D,Múltiple,S/D,Colisión,S/D,S/D,Cordón divisorio,Sin restricción
2021,10633,2021-09-18,Sabado,21:45:00,,0.0,1,Moto/Ciclomotor,Roullon Y Garay,1,1,0,0,0,0,0,,Calle,,ROSARIO,Constitución,S/D,S/D,II,S/D,Urbana,Otra Señal,S/D,Intersección,S/D,S/D,Nocturna,S/D,Múltiple,S/D,Colisión,S/D,S/D,Cordón divisorio,Sin restricción
2021,10634,2021-09-19,Domingo,14:00:00,,0.0,1,Automóvil,Crespo Y Dr. Rivas,2,1,0,0,0,0,1,,Calle,,ROSARIO,Constitución,S/D,S/D,II,S/D,Urbana,Otra Señal,S/D,Intersección,S/D,S/D,Diurna,S/D,Múltiple,S/D,Colisión,S/D,S/D,Cordón divisorio,Sin restricción
2021,10635,2021-09-18,Sabado,15:00:00,,0.0,2,"Automóvil,Bicicleta",Gutenberg Y Ituzaingó,2,1,0,0,0,0,1,,Calle,,ROSARIO,Constitución,S/D,S/D,II,S/D,Urbana,Otra Señal,S/D,Intersección,S/D,S/D,Diurna,S/D,Múltiple,Ciclista,Colisión,S/D,S/D,Cordón divisorio,Sin restricción
2021,10636,2021-09-20,Lunes,18:00:00,,0.0,2,"Automóvil,Moto/Ciclomotor", ,2,1,0,0,0,0,1,,S/D,,PEREZ,Constitución,S/D,S/D,II,S/D,S/D,Otra Señal,S/D,Intersección,S/D,S/D,Diurna,S/D,Múltiple,S/D,Colisión,S/D,S/D,Cordón divisorio,Sin restricción
2021,10637,2021-09-20,Lunes,14:00:00,,0.0,2,"Automóvil,Automóvil",Zuviria Y Camilo Aldao,3,1,0,0,0,0,2,"-32.936469906344,-60.696116956195",Calle,,ROSARIO,Constitución,S/D,S/D,II,S/D,Urbana,Otra Señal,S/D,Intersección,S/D,S/D,Diurna,S/D,Múltiple,S/D,Colisión,S/D,S/D,Cordón divisorio,Sin restricción
2021,10638,2021-09-20,Lunes,10:00:00,,0.0,2,"Automóvil,Moto/Ciclomotor",Av. Eva Perón Y Venezuela,2,1,0,0,0,0,1,,Avenida,,ROSARIO,Constitución,S/D,S/D,II,S/D,Urbana,Otra Señal,S/D,Intersección,S/D,S/D,Diurna,S/D,Múltiple,S/D,Colisión,S/D,S/D,Cordón divisorio,Sin restricción
2021,10639,2021-09-20,Lunes,00:00:00,,0.0,1,Moto/Ciclomotor,Saavedra ,1,1,0,0,0,0,0,,Calle,,ROSARIO,Constitución,S/D,S/D,II,S/D,S/D,Otra Señal,S/D,Intersección,S/D,S/D,Nocturna,S/D,Múltiple,S/D,Colisión,S/D,S/D,Cordón divisorio,Sin restricción
2021,10640,2021-09-20,Lunes,14:00:00,,0.0,1,Moto/Ciclomotor,Bv. Seguí Y Matienzo,1,1,0,0,0,0,0,"-32.970435131437,-60.693521911767",Avenida,,ROSARIO,Constitución,S/D,S/D,II,S/D,Urbana,Otra Señal,S/D,Intersección,S/D,S/D,Diurna,S/D,Múltiple,S/D,Colisión,S/D,S/D,Cordón divisorio,Sin restricción
2021,10641,2021-09-20,Lunes,14:00:00,,0.0,2,"Automóvil,Automóvil",Zuviria Y Camilo Aldao,2,1,0,0,0,0,1,"-32.936469906344,-60.696116956195",Calle,,ROSARIO,Constitución,S/D,S/D,II,S/D,Urbana,Otra Señal,S/D,Intersección,S/D,S/D,Diurna,S/D,Múltiple,S/D,Colisión,S/D,S/D,Cordón divisorio,Sin restricción
2021,10642,2021-09-20,Lunes,07:20:00,,0.0,1,Moto/Ciclomotor,Rueda 4348,1,1,0,0,0,0,0,"-32.962971506238,-60.689396061608",Calle,,ROSARIO,Constitución,S/D,S/D,II,S/D,Urbana,Otra Señal,S/D,Intersección,S/D,S/D,Diurna,S/D,Múltiple,S/D,Colisión,S/D,S/D,Cordón divisorio,Sin restricción
2021,10643,2021-09-20,Lunes,17:20:00,,0.0,1,Moto/Ciclomotor,Forest Y Ecuador,1,1,0,0,0,0,0,"-32.943576987524,-60.714811891981",Calle,,ROSARIO,Constitución,S/D,S/D,II,S/D,Urbana,Otra Señal,S/D,Intersección,S/D,S/D,Diurna,S/D,Múltiple,S/D,Colisión,S/D,S/D,Cordón divisorio,Sin restricción
2021,10644,2021-09-21,Martes,17:00:00,Ruta Nacional 33,0.0,1,Moto/Ciclomotor, ,1,1,0,0,0,0,0,,Ruta,33,PEREZ,Constitución,S/D,S/D,II,S/D,S/D,Otra Señal,S/D,Intersección,S/D,S/D,Diurna,S/D,Múltiple,S/D,Colisión,S/D,S/D,Cordón divisorio,Sin restricción
2021,10645,2021-09-01,Miercoles,18:00:00,,0.0,1,Moto/Ciclomotor, ,1,1,0,0,0,0,0,,S/D,,ROSARIO,Constitución,S/D,S/D,II,S/D,S/D,Otra Señal,S/D,Intersección,S/D,S/D,Diurna,S/D,Múltiple,S/D,Colisión,S/D,S/D,Cordón divisorio,Sin restricción
2021,10646,2021-09-20,Lunes,18:00:00,,0.0,2,"Automóvil,Automóvil",Rivadavia Y Av. Circunvalación,2,1,0,0,0,0,1,,Avenida,,ROSARIO,Constitución,S/D,S/D,II,S/D,S/D,Otra Señal,S/D,Intersección,S/D,S/D,Diurna,S/D,Múltiple,S/D,Colisión,S/D,S/D,Cordón divisorio,Sin restricción
2021,10647,2021-09-21,Martes,17:00:00,,0.0,1,Automóvil, ,1,1,0,0,0,0,0,,S/D,,ROSARIO,Constitución,S/D,S/D,II,S/D,S/D,Otra Señal,S/D,Intersección,S/D,S/D,Diurna,S/D,Múltiple,S/D,Colisión,S/D,S/D,Cordón divisorio,Sin restricción
2021,10648,2021-09-21,Martes,00:00:00,,0.0,1,Moto/Ciclomotor,Laprida 5900,1,1,0,0,0,0,0,"-33.005215960209,-60.646873101888",Calle,,ROSARIO,Constitución,S/D,S/D,II,S/D,Urbana,Otra Señal,S/D,Intersección,S/D,S/D,Nocturna,S/D,Múltiple,S/D,Colisión,S/D,S/D,Cordón divisorio,Sin restricción
2021,10649,2021-09-22,Miercoles,12:00:00,,0.0,1,Moto/Ciclomotor,Salta Y Alvear,1,1,0,0,0,0,0,"-32.936496616395,-60.65288149406",Calle,,ROSARIO,Constitución,S/D,S/D,II,S/D,S/D,Otra Señal,S/D,Intersección,S/D,S/D,Diurna,S/D,Múltiple,S/D,Colisión,S/D,S/D,Cordón divisorio,Sin restricción
2021,10650,2021-09-22,Miercoles,11:30:00,,0.0,2,"Automóvil,Moto/Ciclomotor",Av. Pte. Perón Y Rio De Janeiro,2,1,0,0,0,0,1,"-32.957832263132,-60.685268407919",Avenida,,ROSARIO,Constitución,S/D,S/D,II,S/D,Urbana,Otra Señal,S/D,Intersección,S/D,S/D,Diurna,S/D,Múltiple,S/D,Colisión,S/D,S/D,Cordón divisorio,Sin restricción
2021,10651,2021-09-22,Miercoles,09:30:00,,0.0,1,Automóvil, ,2,1,0,0,0,0,1,,S/D,,FUNES,Constitución,S/D,S/D,II,S/D,S/D,Otra Señal,S/D,Intersección,S/D,S/D,Diurna,S/D,Múltiple,S/D,Colisión,S/D,S/D,Cordón divisorio,Sin restricción
2021,10652,2021-09-22,Miercoles,23:00:00,,0.0,1,Moto/Ciclomotor,Bv. Seguí Y Garzón,1,1,0,0,0,0,0,"-32.970717207463,-60.704470137991",Calle,,ROSARIO,Constitución,S/D,S/D,II,S/D,S/D,Otra Señal,S/D,Intersección,S/D,S/D,Nocturna,S/D,Múltiple,S/D,Colisión,S/D,S/D,Cordón divisorio,Sin restricción
2021,10653,2021-09-22,Miercoles,12:55:00,,0.0,1,Moto/Ciclomotor,Vera Mujica 2700,1,1,0,0,0,0,0,"-32.963607151013,-60.672518404443",Calle,,ROSARIO,Constitución,S/D,S/D,II,S/D,S/D,Otra Señal,S/D,Intersección,S/D,S/D,Diurna,S/D,Múltiple,S/D,Colisión,S/D,S/D,Cordón divisorio,Sin restricción
2021,10654,2021-09-22,Miercoles,12:30:00,,0.0,1,Automóvil,Av. Battle y Ordoñez ,1,1,0,0,0,0,0,,Calle,,ROSARIO,Constitución,S/D,S/D,II,S/D,S/D,Otra Señal,S/D,Intersección,S/D,S/D,Diurna,S/D,Múltiple,S/D,Colisión,S/D,S/D,Cordón divisorio,Sin restricción
2021,10655,2021-09-22,Miercoles,17:55:00,,0.0,2,"Automóvil,Automóvil",Av. Pellegrini Y Bv. Oroño,2,1,0,0,0,0,1,"-32.954438830989,-60.65574375483",Avenida,,ROSARIO,Constitución,S/D,S/D,II,S/D,Urbana,Otra Señal,S/D,Intersección,S/D,S/D,Diurna,S/D,Múltiple,S/D,Colisión,S/D,S/D,Cordón divisorio,Sin restricción
2021,10656,2021-09-21,Martes,21:00:00,,0.0,1,Moto/Ciclomotor,Zelaya Y Darragueira,1,1,0,0,0,0,0,,Calle,,ROSARIO,Constitución,S/D,S/D,II,S/D,S/D,Otra Señal,S/D,Intersección,S/D,S/D,Nocturna,S/D,Múltiple,S/D,Colisión,S/D,S/D,Cordón divisorio,Sin restricción
2021,10657,2021-09-24,Viernes,00:00:00,,0.0,1,Peatón,Salta Y Paraguay,1,1,0,0,0,0,0,"-32.938446989112,-60.641954802778",Calle,,ROSARIO,Constitución,S/D,S/D,II,S/D,S/D,Otra Señal,S/D,Intersección,S/D,S/D,Nocturna,S/D,Múltiple,Peatón,Colisión,S/D,S/D,Cordón divisorio,Sin restricción
2021,10658,2021-09-24,Viernes,10:30:00,,0.0,1,Moto/Ciclomotor,San Martin Y Virasoro,1,1,0,0,0,0,0,"-32.970144936715,-60.642640855682",S/D,,ROSARIO,Constitución,S/D,S/D,II,S/D,S/D,Otra Señal,S/D,Intersección,S/D,S/D,Diurna,S/D,Múltiple,S/D,Colisión,S/D,S/D,Cordón divisorio,Sin restricción
2021,10659,2021-09-24,Viernes,23:00:00,,0.0,2,"Automóvil,Moto/Ciclomotor",Montevideo Y Balcarce,2,1,0,0,0,0,1,"-32.953678218224,-60.65438012897",Calle,,ROSARIO,Constitución,S/D,S/D,II,S/D,Urbana,Otra Señal,S/D,Intersección,S/D,S/D,Nocturna,S/D,Múltiple,S/D,Colisión,S/D,S/D,Cordón divisorio,Sin restricción
2021,10660,2021-09-24,Viernes,21:00:00,,0.0,1,Automóvil, ,2,1,0,0,0,0,1,,S/D,,ROSARIO,Constitución,S/D,S/D,II,S/D,S/D,Otra Señal,S/D,Intersección,S/D,S/D,Nocturna,S/D,Múltiple,S/D,Colisión,S/D,S/D,Cordón divisorio,Sin restricción
2021,10661,2021-09-24,Viernes,08:00:00,,0.0,1,Moto/Ciclomotor,Av. Ovidio Lagos Y Bv. Seguí,1,1,0,0,0,0,0,"-32.975017198983,-60.669506530713",Avenida,,ROSARIO,Constitución,S/D,S/D,II,S/D,Urbana,Otra Señal,S/D,Intersección,S/D,S/D,Diurna,S/D,Múltiple,S/D,Colisión,S/D,S/D,Cordón divisorio,Sin restricción
2021,10662,2021-09-24,Viernes,22:00:00,,0.0,2,"Automóvil,Moto/Ciclomotor", ,2,1,0,0,0,0,1,,S/D,,ROSARIO,Constitución,S/D,S/D,II,S/D,S/D,Otra Señal,S/D,Intersección,S/D,S/D,Nocturna,S/D,Múltiple,S/D,Colisión,S/D,S/D,Cordón divisorio,Sin restricción
2021,10663,2021-09-25,Sabado,00:00:00,,0.0,2,"Moto/Ciclomotor,Moto/Ciclomotor",GUTIÉRREZ Y BUENOS AIRES,2,2,0,0,0,0,0,,S/D,,VILLA GOBERNADOR GÁLVEZ,Constitución,S/D,S/D,II,S/D,S/D,Otra Señal,S/D,Intersección,S/D,S/D,Nocturna,S/D,Múltiple,S/D,Colisión,S/D,S/D,Cordón divisorio,Sin restricción
2021,10664,2021-09-25,Sabado,02:00:00,,0.0,1,Moto/Ciclomotor,Cafferata Y Biedma,1,1,0,0,0,0,0,"-32.975489273797,-60.679777342126",Calle,,ROSARIO,Constitución,S/D,S/D,II,S/D,S/D,Otra Señal,S/D,Intersección,S/D,S/D,Nocturna,S/D,Múltiple,S/D,Colisión,S/D,S/D,Cordón divisorio,Sin restricción
2021,10665,2021-09-25,Sabado,13:00:00,,0.0,1,Moto/Ciclomotor,Bv. Oroño Y Gaboto,1,1,0,0,0,0,0,"-32.970613873007,-60.660207718895",Calle,,ROSARIO,Constitución,S/D,S/D,II,S/D,S/D,Otra Señal,S/D,Intersección,S/D,S/D,Diurna,S/D,Múltiple,S/D,Colisión,S/D,S/D,Cordón divisorio,Sin restricción