anio_acci,nro_acci,fecha,desc_dia,hora_aprox,desc_ruta,km,cant_participantes,desc_participante,calle_avenida_km,total,heridos_leves,heridos_graves,heridos_gravisimos,ilesos,fallecidos,sin_datos,posicion_XY,desc_tipo_via,desc_ruta_ori,desc_loc,desc_dpto,desc_tipo_calzada,desc_tipo_banquina,desc_unidad_regional,desc_lugar_calzada,desc_zona,desc_prioridad,desc_estado_semaforo,desc_lugar_via,desc_estado_via,desc_estado_visibilidad,desc_luminosidad,desc_estado_clima,desc_tipo_colision,desc_tipo_atropello,desc_tipo_hecho,desc_pres_calzada,desc_senializacion,desc_separacion_via,desc_restriccion
2021,327,2021-01-05,Martes,,,0.0,2,"Moto/Ciclomotor,Automóvil",Rivadavia Y José Rucci,2,0,1,0,1,0,0,"-33.74061, -61.98397",S/D,,SAN LORENZO,Constitución,S/D,S/D,XVII,S/D,S/D,Otra Señal,S/D,Intersección,S/D,S/D,S/D,S/D,Múltiple,S/D,Colisión,S/D,S/D,Cordón divisorio,Sin restricción
2021,333,2021-01-07,Jueves,19:30:00,,0.0,1,Moto/Ciclomotor,Av. Belgrano Y Rivadavia Bernardino,1,0,1,0,0,0,0,"-29.14962, -59.64679",S/D,,CAPITÁN BERMÚDEZ,Constitución,S/D,S/D,XVII,S/D,S/D,Otra Señal,S/D,Intersección,S/D,S/D,S/D,S/D,Múltiple,S/D,Colisión,S/D,S/D,Cordón divisorio,Sin restricción
2021,336,2021-01-08,Viernes,22:00:00,,0.0,2,"Automóvil,Peatón",Av. Pte. Perón Y Magallanes,2,0,1,0,1,0,0,"-32.964, -60.70365",S/D,,ROSARIO,Constitución,S/D,S/D,I,S/D,S/D,Otra Señal,S/D,Intersección,S/D,S/D,S/D,S/D,Múltiple,Peatón,Colisión,S/D,S/D,Cordón divisorio,Sin restricción
2021,348,2021-03-11,Jueves,,Ruta Secundaria 67-s,0.0,2,"Automóvil,Moto/Ciclomotor",Guillermo Tell Y Enrique Nieman,2,1,1,0,0,0,0,"-31.54708, -61.08418",Ruta,67-s,SAN JERÓNIMO NORTE,Constitución,Ripio,Natural,XI,Dentro,Urbana,Otra Señal,No existe,Intersección,Bueno,Buena,Diurna,Buen Tiempo,Múltiple,S/D,Colisión,Ninguna,Vertical,Cordón divisorio,Sin restricción
2021,359,2021-03-12,Viernes,07:15:00,,0.0,2,"Moto/Ciclomotor,Automóvil",Av. Génova Y Garzón,2,0,1,0,1,0,0,"-32.91583, -60.70635",Calle,,ROSARIO,Constitución,Asfalto,No existe,II,Dentro,Urbana,Otra Señal,No existe,Intersección,S/D,S/D,Diurna,S/D,Múltiple,S/D,Colisión,S/D,Faltante,Cordón divisorio,Sin restricción
2021,371,2021-03-10,Miercoles,19:30:00,Ruta Provincial 6,0.0,2,"Bicicleta,Automóvil",San Martin Y E Wuthrich,2,0,1,0,1,0,0,"-31.72475, -61.09239",Ruta,6,SAN CARLOS CENTRO,Constitución,Asfalto,Pavimento,XI,Dentro,Urbana,Otra Señal,No existe,Intersección,Bueno,Buena,Amanecer,Buen Tiempo,Múltiple,Ciclista,Colisión,Ninguna,"Horizontal,Vertical",Cordón divisorio,Sin restricción
2021,375,2021-03-06,Sabado,07:15:00,Ruta Provincial 6,0.0,1,Automóvil, ,1,0,1,0,0,0,0,"-31.76377, -61.10202",Ruta,6,SAN CARLOS SUR,Constitución,Asfalto,Natural,XI,Fuera,Rural,Otra Señal,No existe,Intersección,Bueno,Buena,Diurna,Buen Tiempo,Múltiple,S/D,Colisión,Ninguna,Horizontal,Cordón divisorio,Sin restricción
2021,382,2021-03-12,Viernes,15:00:00,Ruta Provincial 18,9.0,2,"Automóvil,Automóvil", ,5,4,1,0,0,0,0,"-33.10145, -60.70334",Ruta,18,PIÑERO,Constitución,Asfalto,Natural,II,Dentro,Urbana,Otra Señal,No existe,Intersección,Bueno,Buena,Diurna,Buen Tiempo,Múltiple,S/D,Colisión,Ninguna,Vertical,Cordón divisorio,Sin restricción
2021,386,2021-03-13,Sabado,14:45:00,Autopista Provincial Brigadier E.LÓPEZ,0.0,2,"Moto/Ciclomotor,Pickup/Utilitario", ,3,1,1,0,1,0,0,"-31.62245, -60.75471",Autopista,Brigadier E.LÓPEZ,SANTO TOMÉ,Constitución,Asfalto,Natural,I,S/D,Urbana,Otra Señal,No existe,Intersección,Bueno,Buena,Diurna,Buen Tiempo,Múltiple,S/D,Colisión,Ninguna,S/D,Cordón divisorio,Sin restricción
2021,387,2021-03-10,Miercoles,12:30:00,,0.0,2,"Moto/Ciclomotor,Moto/Ciclomotor",Garzón Y J.J.Paso,2,0,1,0,1,0,0,"-32.92009, -60.70649",Calle,,ROSARIO,Constitución,Asfalto,No existe,II,Dentro,Urbana,Otra Señal,No existe,Intersección,S/D,S/D,S/D,S/D,Múltiple,S/D,Colisión,S/D,Faltante,Cordón divisorio,Sin restricción
2021,389,2021-03-09,Martes,08:50:00,,0.0,2,"Automóvil,Moto/Ciclomotor",Acevedo Bis Y J.J.Paso,2,0,1,0,1,0,0,"-32.92125, -60.74912",Calle,,ROSARIO,Constitución,Asfalto,No existe,II,Dentro,Urbana,Otra Señal,No existe,Intersección,Bueno,Buena,Diurna,Buen Tiempo,Múltiple,S/D,Colisión,Ninguna,Vertical,Cordón divisorio,Sin restricción
2021,395,2021-03-06,Sabado,13:45:00,,0.0,2,"Moto/Ciclomotor,Automóvil",Pte. Quintana Y Morrison,2,0,1,0,1,0,0,"-32.9803, -60.65964",Calle,,ROSARIO,Constitución,Asfalto,No existe,II,Dentro,Urbana,Otra Señal,No existe,Intersección,Bueno,Buena,Diurna,Buen Tiempo,Múltiple,S/D,Colisión,Ninguna,Faltante,Cordón divisorio,Sin restricción
2021,408,2021-02-06,Sabado,09:20:00,,0.0,2,"Moto/Ciclomotor,Pickup/Utilitario",Mendoza Y Nicaragua,2,0,1,0,1,0,0,"-32.940386180346,-60.720702554381",Avenida,,ROSARIO,Constitución,Asfalto,No existe,II,Dentro,Urbana,Otra Señal,No existe,Intersección,Bueno,Buena,Diurna,Buen Tiempo,Múltiple,S/D,Colisión,Ninguna,Horizontal,Cordón divisorio,Sin restricción
2021,409,2021-02-16,Martes,19:40:00,,0.0,2,"Camión Chasis,Moto/Ciclomotor",Gustavo Cochet Y Pje. Bellaco,3,1,1,0,1,0,0,"-32.939788940769,-60.72389714247",Calle,,ROSARIO,Constitución,Asfalto,No existe,II,Dentro,Urbana,Otra Señal,No existe,Intersección,Bueno,Buena,"Atardecer,Con luz artificial",Buen Tiempo,Múltiple,S/D,Colisión,Ninguna,Faltante,Cordón divisorio,Sin restricción
2021,411,2021-02-20,Sabado,21:15:00,Ruta Nacional 34,7.5,2,"Automóvil,Camión c / Acoplado",Ruta Nac 34 Y Ruta Pcial Sec 34,3,0,1,0,1,1,0,"-32.85328, -60.7821",Ruta,34,IBARLUCEA,Constitución,Asfalto,Pavimento,II,Dentro,Urbana,Otra Señal,Intermitente,Intersección,Bueno,Reducida,"Nocturna,Con luz artificial",Buen Tiempo,Múltiple,S/D,Colisión,Ninguna,Horizontal,Cordón divisorio,Sin restricción
2021,415,2021-02-24,Miercoles,20:45:00,Ruta Provincial 1,120.0,1,Moto/Ciclomotor, ,1,0,1,0,0,0,0,"-30.79768180847168,-60.005307197570",Ruta,1,COLONIA MASCIAS,Constitución,Asfalto,Natural,VII,Fuera,Urbana,Otra Señal,No existe,Intersección,Otro,Reducida,Diurna,Buen Tiempo,Múltiple,S/D,Colisión,Material Suelto,Faltante,Cordón divisorio,Sin restricción
2021,416,2021-02-09,Martes,03:10:00,,0.0,2,"Moto/Ciclomotor,Pickup/Utilitario",A Rossi Y Bartolomé Mitre,2,0,1,0,1,0,0,"-31.416215785858,-60.332405474662",Calle,,SANTA ROSA DE CALCHINES,Constitución,Asfalto,No existe,VII,Dentro,Urbana,Otra Señal,No existe,Intersección,Bueno,Buena,Nocturna,Buen Tiempo,Múltiple,S/D,Colisión,Ninguna,Horizontal,Cordón divisorio,Sin restricción
2021,423,2021-02-19,Viernes,23:30:00,,0.0,2,"Moto/Ciclomotor,Pickup/Utilitario",Bv. Seguí Y Laprida,2,0,1,0,1,0,0,"-32.979867334251,-60.642481809167",Avenida,,ROSARIO,Constitución,Asfalto,No existe,II,Dentro,Urbana,Otra Señal,No existe,Intersección,Bueno,Buena,Nocturna,Buen Tiempo,Múltiple,S/D,Colisión,Ninguna,Vertical,Cordón divisorio,Sin restricción
2021,427,2021-02-21,Domingo,12:00:00,,0.0,1,Moto/Ciclomotor,Saavedra Y San Martin,2,0,1,0,1,0,0,"-32.978281868302,-60.644073262",Calle,,ROSARIO,Constitución,Asfalto,No existe,II,Dentro,Urbana,Otra Señal,Funciona,Intersección,Bueno,Buena,Diurna,Buen Tiempo,Múltiple,S/D,Colisión,Ninguna,"Horizontal,Vertical",Cordón divisorio,Sin restricción
2021,431,2021-02-06,Sabado,22:50:00,Ruta Provincial 39,191.4,1,Moto/Ciclomotor, ,1,0,1,0,0,0,0,"-30.21557, -61.81994",Ruta,39,ARRUFÓ,Constitución,Asfalto,Natural,XIII,Dentro,Rural,Otra Señal,No existe,Intersección,Con baches,Reducida,Nocturna,Buen Tiempo,Múltiple,S/D,Colisión,Otro,Horizontal,Cordón divisorio,Sin restricción
2021,433,2021-02-07,Domingo,06:50:00,Ruta Provincial 39,183.0,1,Moto/Ciclomotor, ,1,0,1,0,0,0,0,"-30.228105, -61.734084",Ruta,39,ARRUFÓ,Constitución,Asfalto,No existe,XIII,Dentro,Rural,Otra Señal,No existe,Intersección,Ahuellamiento,S/D,Amanecer,Buen Tiempo,Múltiple,S/D,Colisión,Otro,"Horizontal,Vertical",Cordón divisorio,Sin restricción
2021,436,2021-02-14,Domingo,20:30:00,Ruta Secundaria 71-s,0.0,1,Automóvil, ,3,2,1,0,0,0,0,"-30.315570831298846,-61.99354827404",Ruta,71-s,MONTE OSCURIDAD,Constitución,Arena,Natural,XIII,Fuera,Rural,Otra Señal,No existe,Intersección,Bueno,Buena,Nocturna,Buen Tiempo,Múltiple,S/D,Colisión,Ninguna,Faltante,Cordón divisorio,Sin restricción
2021,438,2021-02-20,Sabado,11:00:00,,0.0,2,"Moto/Ciclomotor,Pickup/Utilitario",La Paz Y Sarmiento,2,0,1,0,1,0,0,"-30.321164505044,-61.242386443676",Calle,,SAN CRISTÓBAL,Constitución,Ripio,No existe,XIII,Dentro,Urbana,Otra Señal,No existe,Intersección,Bueno,Buena,Diurna,Buen Tiempo,Múltiple,S/D,Colisión,Ninguna,Faltante,Cordón divisorio,Sin restricción
2021,444,2021-02-27,Sabado,13:15:00,,0.0,2,"Moto/Ciclomotor,Moto/Ciclomotor",Belgrano Y Gobernador Aldao,4,3,1,0,0,0,0,"-29.883892, -61.940990",Calle,,CERES,Constitución,Asfalto,No existe,XIII,Dentro,Urbana,Otra Señal,No existe,Intersección,Bueno,Buena,Diurna,Buen Tiempo,Múltiple,S/D,Colisión,Ninguna,Faltante,Cordón divisorio,Sin restricción
2021,445,2021-02-21,Domingo,18:40:00,,0.0,2,"Peatón,Automóvil",Av. Génova Y Chaco Bis,2,0,1,0,1,0,0,"-32.915494522613,-60.696451623215",Avenida,,ROSARIO,Constitución,Asfalto,No existe,II,Dentro,Urbana,Otra Señal,No existe,Intersección,Bueno,Buena,Diurna,S/D,Múltiple,Peatón,Colisión,Ninguna,Faltante,Cordón divisorio,Sin restricción
2021,446,2021-02-27,Sabado,18:00:00,,0.0,1,Moto/Ciclomotor,Pérez de Denis Gregoria Y Vera Mujica,1,0,1,0,0,0,0,"-29.880804, -61.955007",Calle,,CERES,Constitución,Tierra,No existe,XIII,Dentro,Urbana,Otra Señal,No existe,Intersección,Bueno,Buena,Diurna,Buen Tiempo,Múltiple,S/D,Colisión,S/D,Faltante,Cordón divisorio,Sin restricción
2021,447,2021-02-08,Lunes,19:10:00,,0.0,2,"Moto/Ciclomotor,Automóvil",Fraga Y La Republica,2,0,1,0,1,0,0,"-32.918519881933,-60.711498099505",Calle,,ROSARIO,Constitución,Hormigón,No existe,II,Dentro,Urbana,Otra Señal,No existe,Intersección,Bueno,Buena,Atardecer,Buen Tiempo,Múltiple,S/D,Colisión,Ninguna,Faltante,Cordón divisorio,Sin restricción
2021,449,2021-02-24,Miercoles,15:20:00,,0.0,2,"Automóvil,Moto/Ciclomotor",Formosa Y Humberto I,3,1,1,0,1,0,0,"-32.929906951894,-60.691154391356",Avenida,,ROSARIO,Constitución,Asfalto,No existe,II,Dentro,Urbana,Otra Señal,No existe,Intersección,Bueno,Buena,Diurna,Buen Tiempo,Múltiple,S/D,Colisión,Ninguna,Faltante,Cordón divisorio,Sin restricción
2021,450,2021-02-12,Viernes,09:30:00,,0.0,2,"Camión,Peatón",EVA PERÓN Y JUAN PABLO II,2,0,1,0,1,0,0,"-32.931342487187,-60.721777841277",Avenida,,ROSARIO,Constitución,Asfalto,No existe,II,Dentro,Urbana,Otra Señal,Funciona,Intersección,Bueno,Buena,Diurna,Buen Tiempo,Múltiple,Peatón,Colisión,Ninguna,"Horizontal,Vertical",Cordón divisorio,Sin restricción
2021,463,2021-02-26,Viernes,12:30:00,,0.0,2,"Moto/Ciclomotor,Automóvil",Bv. 27 De Febrero 7000,2,0,1,0,1,0,0,"-32.959441511259,-60.715159922125",Avenida,,ROSARIO,Constitución,Asfalto,No existe,II,Dentro,Urbana,Otra Señal,Funciona,Intersección,Bueno,Buena,Diurna,Buen Tiempo,Múltiple,S/D,Colisión,Ninguna,"Horizontal,Vertical",Cordón divisorio,Sin restricción
2021,473,2021-02-10,Miercoles,07:40:00,,0.0,2,"Moto/Ciclomotor,Automóvil",Bv. 27 De Febrero Y San Nicolas,2,1,1,0,0,0,0,"-32.96155734474,-60.67768639083",Avenida,,ROSARIO,Constitución,Asfalto,No existe,II,Dentro,Urbana,Otra Señal,Funciona,Intersección,Bueno,Buena,Diurna,Buen Tiempo,Múltiple,S/D,Colisión,Ninguna,"Horizontal,Vertical",Cordón divisorio,Sin restricción
2021,481,2021-02-18,Jueves,08:50:00,,0.0,2,"Automóvil,Peatón",Suipacha Y Urquiza,2,0,1,0,1,0,0,"-32.938301789042,-60.663282399736",Calle,,ROSARIO,Constitución,Asfalto,No existe,II,Dentro,Urbana,Otra Señal,No existe,Intersección,Bueno,Buena,Diurna,Buen Tiempo,Múltiple,Peatón,Colisión,Ninguna,"Horizontal,Vertical",Cordón divisorio,Sin restricción
2021,484,2021-02-03,Miercoles,19:50:00,,0.0,2,"Moto/Ciclomotor,Automóvil",Cafferata Y Ocampo,2,0,1,0,1,0,0,"-32.960582350722,-60.676011736359",Calle,,ROSARIO,Constitución,Asfalto,No existe,II,Dentro,Urbana,Otra Señal,No existe,Intersección,Bueno,Buena,Atardecer,Buen Tiempo,Múltiple,S/D,Colisión,Ninguna,Faltante,Cordón divisorio,Sin restricción
2021,487,2021-02-01,Lunes,00:30:00,,0.0,2,"Moto/Ciclomotor,Camión",Av. Luis Carballo Y Diaz Vélez,2,0,1,0,1,0,0,"-32.922311187813,-60.684797561935",Avenida,,ROSARIO,Constitución,Asfalto,No existe,II,Dentro,Urbana,Otra Señal,No existe,Intersección,Bueno,Buena,"Nocturna,Con luz artificial",S/D,Múltiple,S/D,Colisión,Ninguna,Vertical,Cordón divisorio,Sin restricción
2021,497,2021-02-15,Lunes,12:20:00,,0.0,1,Automóvil, ,3,2,1,0,0,0,0,"-33.080953, -60.589642",Calle,,PUEBLO ESTHER,Constitución,"Ripio,Arena",Natural,II,Dentro,Urbana,Otra Señal,No existe,Intersección,Bueno,Buena,Diurna,Otro,Múltiple,S/D,Colisión,Ninguna,Faltante,Cordón divisorio,Sin restricción
2021,511,2021-02-13,Sabado,19:55:00,,0.0,2,"Moto/Ciclomotor,Automóvil",Calle 503 Y San Martin,3,0,1,0,2,0,0,"-33.015017643756,-60.651863950538",Avenida,,ROSARIO,Constitución,Asfalto,No existe,II,Dentro,Urbana,Otra Señal,No existe,Intersección,Bueno,Buena,Atardecer,Buen Tiempo,Múltiple,S/D,Colisión,Ninguna,Faltante,Cordón divisorio,Sin restricción
2021,514,2021-02-18,Jueves,11:50:00,,0.0,2,"Peatón,Automóvil",Av. Pellegrini Y L.N.Alem,2,0,1,0,1,0,0,"-32.959113512222,-60.631054412325",Avenida,,ROSARIO,Constitución,Asfalto,No existe,II,Dentro,Urbana,Otra Señal,Funciona,Intersección,Bueno,Buena,Diurna,Buen Tiempo,Múltiple,S/D,Colisión,Ninguna,"Horizontal,Vertical",Cordón divisorio,Sin restricción
2021,519,2021-02-02,Martes,10:30:00,,0.0,1,Moto/Ciclomotor,Ayolas Y J.M.de Rosas,1,0,1,0,0,0,0,"-32.978003685197,-60.638917025835",Calle,,ROSARIO,Constitución,Asfalto,No existe,II,Dentro,Urbana,Otra Señal,No existe,Intersección,Bueno,S/D,Diurna,S/D,Múltiple,S/D,Colisión,Ninguna,"Horizontal,Vertical",Cordón divisorio,Sin restricción
2021,521,2021-02-23,Martes,15:50:00,,0.0,3,"Automóvil,Moto/Ciclomotor,Automóvil",3 De Febrero Y Suipacha,4,1,1,0,2,0,0,"-32.948123503114,-60.665770974958",Calle,,ROSARIO,Constitución,Asfalto,No existe,II,Dentro,Urbana,Otra Señal,No existe,Intersección,Bueno,Buena,Diurna,Buen Tiempo,Múltiple,S/D,Colisión,Ninguna,Faltante,Cordón divisorio,Sin restricción
2021,524,2021-02-05,Viernes,13:30:00,,0.0,2,"Pickup/Utilitario,Moto/Ciclomotor",9 De Julio 3500,2,0,1,0,1,0,0,"-32.947963034528,-60.672818380125",Calle,,ROSARIO,Constitución,Asfalto,No existe,II,Dentro,Urbana,Otra Señal,Funciona,Intersección,Bueno,Buena,Diurna,Buen Tiempo,Múltiple,S/D,Colisión,Ninguna,"Horizontal,Vertical",Cordón divisorio,Sin restricción
2021,527,2021-02-10,Miercoles,16:50:00,,0.0,2,"Automóvil,Moto/Ciclomotor",Amenábar Y Av. Ovidio Lagos,2,0,1,0,1,0,0,"-32.968075899071,-60.667618554959",Avenida,,ROSARIO,Constitución,Asfalto,No existe,II,Dentro,Urbana,Otra Señal,No existe,Intersección,Bueno,Buena,Diurna,Buen Tiempo,Múltiple,S/D,Colisión,Ninguna,Horizontal,Cordón divisorio,Sin restricción
2021,528,2021-02-09,Martes,18:35:00,,0.0,2,"Moto/Ciclomotor,Automóvil",San Lorenzo Y San Nicolas,2,0,1,0,1,0,0,"-32.938022633146,-60.671739154397",Calle,,ROSARIO,Constitución,Asfalto,No existe,II,Dentro,Urbana,Otra Señal,No existe,Intersección,Bueno,Buena,Diurna,Buen Tiempo,Múltiple,S/D,Colisión,Ninguna,Horizontal,Cordón divisorio,Sin restricción
2021,529,2021-02-05,Viernes,20:00:00,,0.0,2,"Moto/Ciclomotor,Automóvil",Av. Corrientes Y Tucumán,2,0,1,0,1,0,0,"-32.941036676443,-60.641195266465",Avenida,,ROSARIO,Constitución,Asfalto,No existe,II,Dentro,Urbana,Otra Señal,Funciona,Intersección,Bueno,Buena,Diurna,Buen Tiempo,Múltiple,S/D,Colisión,Ninguna,"Horizontal,Vertical",Cordón divisorio,Sin restricción
2021,531,2021-02-12,Viernes,16:20:00,,0.0,2,"Moto/Ciclomotor,Peatón",Maipú Y San Luis,2,0,1,0,1,0,0,"-32.949547121093,-60.635898700103",Calle,,ROSARIO,Constitución,Asfalto,No existe,II,Dentro,Urbana,Otra Señal,Funciona,Intersección,Bueno,Buena,Diurna,Buen Tiempo,Múltiple,Peatón,Colisión,Ninguna,"Horizontal,Vertical",Cordón divisorio,Sin restricción
2021,533,2021-02-11,Jueves,22:20:00,,0.0,2,"Automóvil,Automóvil",Donado Y French,5,2,1,0,2,0,0,"-32.92181312875,-60.727703121913",Calle,,ROSARIO,Constitución,Asfalto,No existe,II,Dentro,Urbana,Otra Señal,No existe,Intersección,Bueno,Buena,Nocturna,Buen Tiempo,Múltiple,S/D,Colisión,Ninguna,Vertical,Cordón divisorio,Sin restricción
2021,550,2021-02-08,Lunes,18:00:00,,0.0,2,"Moto/Ciclomotor,Automóvil",Av. Ovidio Lagos Y Dean Funes,2,0,1,0,1,0,0,"-32.97149374877,-60.66864078191",Avenida,,ROSARIO,Constitución,Asfalto,No existe,II,Dentro,Urbana,Otra Señal,No existe,Intersección,Bueno,Buena,Diurna,Buen Tiempo,Múltiple,S/D,Colisión,Ninguna,Horizontal,Cordón divisorio,Sin restricción
2021,562,2021-03-08,Lunes,21:50:00,,0.0,2,"Moto/Ciclomotor,Moto/Ciclomotor",24 De Setiembre Y G.Carrasco,3,2,1,0,0,0,0,"-32.97474, -60.67106",Calle,,ROSARIO,Constitución,Asfalto,No existe,II,Dentro,Urbana,Otra Señal,No existe,Intersección,Bueno,Buena,Con luz artificial,S/D,Múltiple,S/D,Colisión,Ninguna,Faltante,Cordón divisorio,Sin restricción
2021,585,2021-03-11,Jueves,00:10:00,,0.0,1,Moto/Ciclomotor,Av. Arijon Y Av. Bermúdez,2,1,1,0,0,0,0,"-33.00288, -60.64254",Calle,,ROSARIO,Constitución,Asfalto,No existe,II,Dentro,Urbana,Otra Señal,No existe,Intersección,Bueno,Buena,Nocturna,Buen Tiempo,Múltiple,S/D,Colisión,Ninguna,S/D,Cordón divisorio,Sin restricción
2021,602,2021-02-19,Viernes,05:50:00,Autopista Nacional A008,0.0,1,Moto/Ciclomotor,Av. Circunvalación Y Av. Eva Perón,2,1,1,0,0,0,0,"-32.931126, -60.723109",Autopista,A008,ROSARIO,Constitución,Asfalto,No existe,II,Dentro,Urbana,Otra Señal,No existe,Intersección,Bueno,Buena,Amanecer,Buen Tiempo,Múltiple,S/D,Colisión,Ninguna,Faltante,Cordón divisorio,Sin restricción
2021,608,2021-02-08,Lunes,21:40:00,,0.0,2,"Automóvil,Moto/Ciclomotor",Manuel Belgrano Y Colon,2,0,1,0,1,0,0,"-31.739439852745,-61.094727003756",Calle,,SAN CARLOS CENTRO,Constitución,Asfalto,No existe,XI,Dentro,Urbana,Otra Señal,No existe,Intersección,Bueno,Reducida,"Nocturna,Con luz artificial",Buen Tiempo,Múltiple,S/D,Colisión,Ninguna,Faltante,Cordón divisorio,Sin restricción
2021,613,2021-02-26,Viernes,14:30:00,,0.0,2,"Moto/Ciclomotor,Pickup/Utilitario",Juan de Garay Y San Martin,2,0,1,0,1,0,0,"-31.432856932229,-61.257882610185",Calle,,PILAR,Constitución,Asfalto,No existe,XI,Dentro,Urbana,Otra Señal,No existe,Intersección,Bueno,Buena,Diurna,Buen Tiempo,Múltiple,S/D,Colisión,Ninguna,Faltante,Cordón divisorio,Sin restricción
2021,615,2021-02-07,Domingo,02:50:00,Ruta Secundaria 80-s,41.0,2,"Automóvil,Automóvil", ,7,6,1,0,0,0,0,"-31.141233555972576,-60.95907243434",Ruta,80-s,PROGRESO,Constitución,Asfalto,Natural,XI,Dentro,Rural,Otra Señal,No existe,Intersección,Bueno,Reducida,Nocturna,Buen Tiempo,Múltiple,S/D,Colisión,Ninguna,Faltante,Cordón divisorio,Sin restricción
2021,625,2021-02-10,Miercoles,08:50:00,Ruta Nacional 11,0.0,2,"Automóvil,Automóvil",Ruta Prov. 39 ,4,2,1,0,1,0,0,"-30.36982655525209,-60.401069819927",Ruta,11,GOBERNADOR CRESPO,Constitución,Asfalto,Natural,XVI,Dentro,Urbana,Otra Señal,No existe,Intersección,Bueno,Buena,Diurna,Buen Tiempo,Múltiple,S/D,Colisión,Ninguna,Vertical,Cordón divisorio,Sin restricción
2021,635,2021-02-28,Domingo,07:50:00,,0.0,1,Moto/Ciclomotor,La Rioja Y San Martin,1,0,1,0,0,0,0,"-29.472051346266,-60.212974098946",Calle,,VERA,Constitución,Ripio,No existe,XIX,Dentro,Urbana,Otra Señal,No existe,Intersección,Bueno,Buena,Diurna,S/D,Múltiple,S/D,Colisión,Ninguna,Faltante,Cordón divisorio,Sin restricción
2021,639,2021-02-25,Jueves,19:00:00,Ruta Nacional 98,0.0,2,"Moto/Ciclomotor,Bicicleta", ,4,3,1,0,0,0,0,"-29.448530, -60.318787",Ruta,98,VERA,Constitución,Asfalto,Natural,XIX,Dentro,Rural,Otra Señal,No existe,Intersección,Bueno,Buena,Diurna,Buen Tiempo,Múltiple,Ciclista,Colisión,Ninguna,Faltante,Cordón divisorio,Sin restricción
2021,653,2021-02-14,Domingo,18:50:00,Ruta Secundaria 18-s,0.0,1,Moto/Ciclomotor,CAMINO RURAL ,1,0,1,0,0,0,0,"-33.02773475646969,-61.029835939407",Ruta,18-s,PUJATO,Constitución,"Asfalto,Tierra",No existe,XVII,Dentro,Urbana,Otra Señal,No existe,Intersección,Resbaladiza,Buena,Atardecer,Lluvia,Múltiple,S/D,Colisión,Agua,Faltante,Cordón divisorio,Sin restricción
2021,655,2021-02-01,Lunes,08:30:00,,0.0,2,"Automóvil,Bicicleta",Maipú Y Rivadavia,2,0,1,0,1,0,0,"-32.472952332249,-61.578130804516",Calle,,LAS ROSAS,Constitución,Asfalto,No existe,III,Dentro,Urbana,Otra Señal,No existe,Intersección,Bueno,Buena,Diurna,Buen Tiempo,Múltiple,Ciclista,Colisión,Ninguna,Faltante,Cordón divisorio,Sin restricción
2021,663,2021-02-06,Sabado,21:40:00,,0.0,2,"Moto/Ciclomotor,Peatón",Calle 25 800,2,0,1,0,1,0,0,"-32.67722100019455,-61.521696075797",Calle,,LAS PAREJAS,Constitución,Asfalto,No existe,III,Dentro,Urbana,Otra Señal,No existe,Intersección,Bueno,Buena,Nocturna,Buen Tiempo,Múltiple,Peatón,Colisión,Ninguna,Faltante,Cordón divisorio,Sin restricción
2021,664,2021-02-04,Jueves,22:30:00,Ruta Nacional 9,398.0,2,"Moto/Ciclomotor,Camión c / Acoplado", ,2,0,1,0,1,0,0,"-32.77139429134435, -61.62072978374",Ruta,9,ARMSTRONG,Constitución,Asfalto,Natural,III,Dentro,Rural,Otra Señal,No existe,Intersección,Con baches,Buena,Nocturna,Buen Tiempo,Múltiple,S/D,Colisión,Ninguna,Horizontal,Cordón divisorio,Sin restricción
2021,684,2021-02-09,Martes,07:00:00,Ruta Nacional 11,0.0,2,"Moto/Ciclomotor,Moto/Ciclomotor",Av. San Lorenzo Y Cervantes,2,0,1,0,1,0,0,"-32.815679015553,-60.716544457919",Ruta,11,CAPITÁN BERMÚDEZ,Constitución,Asfalto,No existe,XVII,Dentro,Urbana,Otra Señal,No existe,Intersección,Bueno,Buena,Diurna,Buen Tiempo,Múltiple,S/D,Colisión,Ninguna,Horizontal,Cordón divisorio,Sin restricción
2021,720,2021-02-01,Lunes,,,0.0,2,"Pickup/Utilitario,Moto/Ciclomotor", ,2,0,1,0,1,0,0,"-33.45793939517908,-61.488735987735",S/D,,FIRMAT,Constitución,S/D,S/D,VIII,S/D,S/D,Otra Señal,S/D,Intersección,S/D,S/D,S/D,S/D,Múltiple,S/D,Colisión,S/D,S/D,Cordón divisorio,Sin restricción