anio_acci,nro_acci,fecha,desc_dia,hora_aprox,desc_ruta,km,cant_participantes,desc_participante,calle_avenida_km,total,heridos_leves,heridos_graves,heridos_gravisimos,ilesos,fallecidos,sin_datos,posicion_XY,desc_tipo_via,desc_ruta_ori,desc_loc,desc_dpto,desc_tipo_calzada,desc_tipo_banquina,desc_unidad_regional,desc_lugar_calzada,desc_zona,desc_prioridad,desc_estado_semaforo,desc_lugar_via,desc_estado_via,desc_estado_visibilidad,desc_luminosidad,desc_estado_clima,desc_tipo_colision,desc_tipo_atropello,desc_tipo_hecho,desc_pres_calzada,desc_senializacion,desc_separacion_via,desc_restriccion
2021,724,2021-02-24,Miercoles,09:30:00,Autopista Nacional A008,0.0,1,Moto/Ciclomotor,Av. Circunvalación Y Av. Jorge Newbery,1,0,1,0,0,0,0,"-32.908422, -60.724327",Autopista,A008,ROSARIO,Constitución,Asfalto,Natural,II,Dentro,Urbana,Otra Señal,No existe,Intersección,Bueno,Buena,Diurna,S/D,Múltiple,S/D,Colisión,Ninguna,Horizontal,Cordón divisorio,Sin restricción
2021,731,2021-02-02,Martes,19:30:00,,0.0,2,"Peatón,Automóvil",Gral. Urquiza 1250,2,0,1,0,1,0,0,"-28.226121336543,-61.524975103952",Calle,,GREGORIA P. DE DENIS,Constitución,Asfalto,No existe,XII,Dentro,Urbana,Otra Señal,S/D,Intersección,Bueno,Buena,Diurna,Buen Tiempo,Múltiple,Peatón,Colisión,Ninguna,Faltante,Cordón divisorio,Sin restricción
2021,752,2021-02-06,Sabado,14:30:00,,0.0,2,"Pickup/Utilitario,Moto/Ciclomotor",Mariano Moreno Y Olegario V.Andrade,2,0,1,0,1,0,0,"-32.996288309234,-60.662234506955",Calle,,ROSARIO,Constitución,Asfalto,No existe,II,Dentro,Urbana,Otra Señal,No existe,Intersección,Bueno,Buena,Nocturna,Buen Tiempo,Múltiple,S/D,Colisión,Ninguna,Faltante,Cordón divisorio,Sin restricción
2021,755,2021-02-05,Viernes,01:00:00,,0.0,2,"Automóvil,Moto/Ciclomotor",Bv. 27 De Febrero Y Pueyrredón,2,0,1,0,1,0,0,"-32.964229565242,-60.662734099118",Avenida,,ROSARIO,Constitución,Asfalto,No existe,II,Dentro,Urbana,Otra Señal,No existe,Intersección,Bueno,Buena,Nocturna,Buen Tiempo,Múltiple,S/D,Colisión,Ninguna,Horizontal,Cordón divisorio,Sin restricción
2021,763,2021-02-22,Lunes,,,0.0,2,"Moto/Ciclomotor,Automóvil",Belgrano Y Hipólito Irigoyen,3,0,1,0,2,0,0,"-31.896489060412,-61.863184634368",Calle,,SAN JORGE,Constitución,Asfalto,No existe,XVIII,Dentro,Urbana,Otra Señal,No existe,Intersección,Bueno,S/D,S/D,S/D,Múltiple,S/D,Colisión,Ninguna,Faltante,Cordón divisorio,Sin restricción
2021,768,2021-02-08,Lunes,20:30:00,Ruta Provincial 21,26.0,2,"Automóvil,Moto/Ciclomotor", ,3,1,1,0,1,0,0,"-33.19867209468644, -60.45902110361",Ruta,21,FIGHIERA,Constitución,Asfalto,Natural,II,Dentro,Rural,Otra Señal,No existe,Intersección,Bueno,Buena,Nocturna,Buen Tiempo,Múltiple,S/D,Colisión,Ninguna,Horizontal,Cordón divisorio,Sin restricción
2021,773,2021-02-06,Sabado,18:40:00,Ruta Nacional 11,427.0,1,Moto/Ciclomotor, ,1,0,1,0,0,0,0,"-31.935456, -60.914952",Ruta,11,CORONDA,Constitución,Asfalto,Natural,XV,Dentro,Rural,Otra Señal,No existe,Intersección,Bueno,Buena,Diurna,Buen Tiempo,Múltiple,S/D,Colisión,Ninguna,Horizontal,Cordón divisorio,Sin restricción
2021,783,2021-02-16,Martes,05:20:00,Ruta Provincial 13,18.0,1,Automóvil, ,1,0,1,0,0,0,0,"-32.315759, -61.638330",Ruta,13,LOS CARDOS,Constitución,Asfalto,Natural,XVIII,Fuera,Rural,Otra Señal,No existe,Intersección,Bueno,S/D,Nocturna,S/D,Múltiple,S/D,Colisión,Ninguna,Faltante,Cordón divisorio,Sin restricción
2021,799,2021-03-09,Martes,,,0.0,2,"Automóvil,Moto/Ciclomotor",SARMIENTO Y MENDOZA,2,0,1,0,1,0,0,"-33.10336, -60.96368",Calle,,CORONEL ARNOLD,Constitución,Asfalto,S/D,XVII,S/D,Urbana,Otra Señal,S/D,Intersección,S/D,S/D,S/D,S/D,Múltiple,S/D,Colisión,S/D,S/D,Cordón divisorio,Sin restricción
2021,804,2021-03-10,Miercoles,,,0.0,2,"Pickup/Utilitario,Moto/Ciclomotor",25 de Mayo Y Pueyrredón,2,0,1,0,1,0,0,"-31.72761, -61.0986",Calle,,SAN CARLOS CENTRO,Constitución,Asfalto,S/D,XI,S/D,Urbana,Otra Señal,S/D,Intersección,S/D,S/D,S/D,S/D,Múltiple,S/D,Colisión,S/D,S/D,Cordón divisorio,Sin restricción
2021,812,2021-03-02,Martes,10:10:00,,0.0,2,"Automóvil,Automóvil",Bv. Seguí Y Valparaíso,3,0,1,0,2,0,0,"-32.97122, -60.69004",S/D,,ROSARIO,Constitución,Asfalto,Pavimento,II,Dentro,Urbana,Otra Señal,No existe,Intersección,Bueno,Buena,Diurna,Buen Tiempo,Múltiple,S/D,Colisión,Ninguna,Faltante,Cordón divisorio,Sin restricción
2021,813,2021-03-03,Miercoles,11:45:00,,0.0,2,"Automóvil,Automóvil",Bv. 27 De Febrero Y Ecuador,2,0,1,0,1,0,0,"-32.95953, -60.71413",Calle,,ROSARIO,Constitución,Asfalto,Pavimento,II,Dentro,Urbana,Otra Señal,S/D,Intersección,Bueno,Buena,Diurna,Buen Tiempo,Múltiple,S/D,Colisión,Ninguna,S/D,Cordón divisorio,Sin restricción
2021,820,2021-03-07,Domingo,19:50:00,,0.0,2,"Automóvil,Moto/Ciclomotor",Bv. Avellaneda Y Gral.Mosconi,3,1,1,0,1,0,0,"-32.98366, -60.68874",Avenida,,ROSARIO,Constitución,Asfalto,No existe,II,Dentro,Urbana,Otra Señal,No existe,Intersección,Bueno,Buena,Con luz artificial,Buen Tiempo,Múltiple,S/D,Colisión,Ninguna,Faltante,Cordón divisorio,Sin restricción
2021,823,2021-03-12,Viernes,,Ruta Nacional 11,0.0,2,"Automóvil,Moto/Ciclomotor",Ruta Nac 11 Y Ruta 18 S,2,0,1,0,1,0,0,"-32.71307, -60.75707",Ruta,11,PUERTO SAN MARTÍN,Constitución,Asfalto,S/D,XVII,S/D,Urbana,Otra Señal,S/D,Intersección,S/D,S/D,S/D,S/D,Múltiple,S/D,Colisión,S/D,S/D,Cordón divisorio,Sin restricción
2021,832,2021-02-11,Jueves,19:40:00,,0.0,2,"Pickup/Utilitario,Moto/Ciclomotor",9 DE JULIO Y HAMBURGO,2,0,1,0,1,0,0,"-32.884329150221,-61.020731419879",Calle,,SAN JERÓNIMO SUR,Constitución,Asfalto,No existe,XVII,Dentro,Urbana,Otra Señal,No existe,Intersección,Bueno,Buena,Diurna,Buen Tiempo,Múltiple,S/D,Colisión,Ninguna,Faltante,Cordón divisorio,Sin restricción
2021,836,2021-03-15,Lunes,,,0.0,2,"Automóvil,Peatón",Belgrano Y José Andrés Abrata bis,2,0,1,0,1,0,0,"-32.8564, -61.15478",Calle,,CARCARAÑÁ,Constitución,Asfalto,S/D,XVII,S/D,Urbana,Otra Señal,S/D,Intersección,S/D,S/D,S/D,S/D,Múltiple,Peatón,Colisión,S/D,S/D,Cordón divisorio,Sin restricción
2021,839,2021-02-14,Domingo,,,0.0,2,"Automóvil,Moto/Ciclomotor", ,2,0,1,0,1,0,0,"-31.448825188884307,-60.93028956909",S/D,,ESPERANZA,Constitución,S/D,S/D,XI,S/D,S/D,Otra Señal,S/D,Intersección,S/D,S/D,S/D,S/D,Múltiple,S/D,Colisión,S/D,S/D,Cordón divisorio,Sin restricción
2021,850,2021-03-04,Jueves,07:40:00,,0.0,2,"Bicicleta,Moto/Ciclomotor",Av. Eva Perón Y Dr. Maradona,2,0,1,0,1,0,0,"-32.92654, -60.7522",Avenida,,ROSARIO,Constitución,Asfalto,No existe,II,Dentro,Urbana,Otra Señal,S/D,Intersección,Bueno,Buena,Diurna,Buen Tiempo,Múltiple,Ciclista,Colisión,Ninguna,Faltante,Cordón divisorio,Sin restricción
2021,854,2021-03-05,Viernes,15:00:00,,0.0,2,"Moto/Ciclomotor,Camión Chasis",Av. Provincias Unidas Y Vélez Sarsfield,2,0,1,0,1,0,0,"-32.92607, -60.71303",Avenida,,ROSARIO,Constitución,Asfalto,No existe,II,Dentro,Urbana,Otra Señal,Funciona,Intersección,Bueno,Buena,Diurna,Buen Tiempo,Múltiple,S/D,Colisión,Ninguna,Faltante,Cordón divisorio,Sin restricción
2021,858,2021-02-01,Lunes,08:40:00,,0.0,2,"Automóvil,Bicicleta",Calle 23-Gral López Y Calle 24 - Olessio,2,0,1,0,1,0,0,"-29.148117120676,-59.650390517769",Calle,,RECONQUISTA,Constitución,Asfalto,No existe,IX,Dentro,Urbana,Otra Señal,No existe,Intersección,S/D,Buena,Diurna,Buen Tiempo,Múltiple,Ciclista,Colisión,S/D,Faltante,Cordón divisorio,Sin restricción
2021,859,2021-02-01,Lunes,12:15:00,,0.0,2,"Automóvil,Bicicleta",Calle 26 - Bolívar Y Calle 33-Pueyrredon,2,0,1,0,1,0,0,"-29.153395633602,-59.65235628913",Calle,,RECONQUISTA,Constitución,Asfalto,No existe,IX,Dentro,Urbana,Otra Señal,No existe,Intersección,S/D,Buena,Diurna,Buen Tiempo,Múltiple,Ciclista,Colisión,S/D,Faltante,Cordón divisorio,Sin restricción
2021,860,2021-02-01,Lunes,18:10:00,,0.0,2,"Ambulancia,Moto/Ciclomotor",Avenida San Martin Y Ruta Nacional 11,2,0,1,0,1,0,0,"-28.488551, -59.345481",Avenida,,VILLA OCAMPO,Constitución,Asfalto,Pavimento,IX,Dentro,Urbana,Otra Señal,No existe,Intersección,S/D,S/D,Diurna,S/D,Múltiple,S/D,Colisión,S/D,Horizontal,Cordón divisorio,Sin restricción
2021,861,2021-02-01,Lunes,16:35:00,,0.0,2,"Moto/Ciclomotor,Automóvil",Calle 24 - Olessio Y Calle 105-Alicia Moreau,2,0,1,0,1,0,0,"-29.182954738092,-59.655217578996",Calle,,RECONQUISTA,Constitución,Asfalto,No existe,IX,Dentro,Urbana,Otra Señal,S/D,Intersección,S/D,S/D,Diurna,S/D,Múltiple,S/D,Colisión,S/D,S/D,Cordón divisorio,Sin restricción
2021,869,2021-02-28,Domingo,,Ruta Secundaria 24-s,0.0,2,"Automóvil,Moto/Ciclomotor",Calle 94 Y Camino Interprovincial,6,1,1,0,4,0,0,"-31.438445572748,-62.068467862197",Ruta,24-s,FRONTERA,Constitución,Asfalto,No existe,V,Dentro,Urbana,Otra Señal,Funciona,Intersección,Bueno,Buena,Diurna,Buen Tiempo,Múltiple,S/D,Colisión,Ninguna,Vertical,Cordón divisorio,Sin restricción
2021,872,2021-02-28,Domingo,,,0.0,2,"Moto/Ciclomotor,Peatón",Necochea 900,2,0,1,0,1,0,0,"-31.255999843323,-61.482681089783",Calle,,RAFAELA,Constitución,Asfalto,No existe,V,Dentro,Urbana,Otra Señal,No existe,Intersección,Bueno,Buena,Diurna,Buen Tiempo,Múltiple,Peatón,Colisión,Ninguna,Faltante,Cordón divisorio,Sin restricción
2021,887,2021-02-04,Jueves,22:30:00,Ruta Nacional 9,0.0,2,"Moto/Ciclomotor,Camión", ,2,0,1,0,1,0,0,"-32.76595, -61.65232",Ruta,9,TORTUGAS,Constitución,Asfalto,Natural,III,Dentro,Rural,Otra Señal,No existe,Intersección,S/D,S/D,Nocturna,S/D,Múltiple,S/D,Colisión,S/D,Horizontal,Cordón divisorio,Sin restricción
2021,891,2021-02-24,Miercoles,21:00:00,,0.0,2,"Moto/Ciclomotor,Automóvil",7 de Octubre 1500,2,0,1,0,1,0,0,"-32.818234876572,-61.403400346023",Calle,,CAÑADA DE GÓMEZ,Constitución,Asfalto,No existe,X,Dentro,Urbana,Otra Señal,No existe,Intersección,Bueno,Buena,Nocturna,Buen Tiempo,Múltiple,S/D,Colisión,Ninguna,Faltante,Cordón divisorio,Sin restricción
2021,892,2021-02-24,Miercoles,,,0.0,1,Moto/Ciclomotor,14 de Julio Y Bv G L Lehmann,1,0,1,0,0,0,0,"-31.242401211043,-61.489285555643",Avenida,,RAFAELA,Constitución,Asfalto,No existe,V,Dentro,Urbana,Otra Señal,No existe,Intersección,Bueno,Buena,Atardecer,Buen Tiempo,Múltiple,S/D,Colisión,Ninguna,"Horizontal,Vertical",Cordón divisorio,Sin restricción
2021,913,2021-02-20,Sabado,,,0.0,2,"Moto/Ciclomotor,Taxi/Remis",Bv. Oroño Y Lugones,3,1,1,0,1,0,0,"-32.958132288941,-60.657066542658",Avenida,,ROSARIO,Constitución,Asfalto,No existe,II,Dentro,Urbana,Otra Señal,No existe,Intersección,Bueno,S/D,S/D,S/D,Múltiple,S/D,Colisión,Ninguna,Horizontal,Cordón divisorio,Sin restricción
2021,917,2021-02-05,Viernes,,,0.0,1,Moto/Ciclomotor,20 de Junio Y Domingo Faustino Sarmiento,1,0,1,0,0,0,0,"-31.464790173101,-60.936259941149",Calle,,ESPERANZA,Constitución,S/D,No existe,XI,Dentro,Urbana,Otra Señal,S/D,Intersección,Bueno,Buena,Diurna,Buen Tiempo,Múltiple,S/D,Colisión,Ninguna,S/D,Cordón divisorio,Sin restricción
2021,922,2021-02-06,Sabado,,,0.0,2,"Moto/Ciclomotor,Pickup/Utilitario",A. Capdevila Y Quintana,2,0,1,0,1,0,0,"-32.807150115827,-61.397327574228",Calle,,CAÑADA DE GÓMEZ,Constitución,Tierra,No existe,X,Dentro,Urbana,Otra Señal,No existe,Intersección,Bueno,Buena,Diurna,Buen Tiempo,Múltiple,S/D,Colisión,Ninguna,Faltante,Cordón divisorio,Sin restricción
2021,923,2021-02-07,Domingo,,,0.0,2,"Automóvil,Peatón",CAMINO RURAL ,3,2,1,0,0,0,0,"-32.96829700469967,-61.539852619171",Camino Rural,,VILLA ELOÍSA,Constitución,Tierra,No existe,X,Dentro,Rural,Otra Señal,No existe,Intersección,Bueno,Buena,Diurna,Buen Tiempo,Múltiple,Peatón,Colisión,S/D,Faltante,Cordón divisorio,Sin restricción
2021,956,2021-03-11,Jueves,20:15:00,Ruta Provincial 13,0.0,2,"Automóvil,Camión c / Acoplado", ,3,1,1,0,1,0,0,"-32.30513, -61.64283",Ruta,13,LOS CARDOS,Constitución,Tierra,S/D,XVIII,S/D,Rural,Otra Señal,S/D,Intersección,S/D,S/D,S/D,S/D,Múltiple,S/D,Colisión,S/D,S/D,Cordón divisorio,Sin restricción
2021,965,2021-03-15,Lunes,,Ruta Nacional A009,0.0,2,"Camión,Moto/Ciclomotor",Calle 131-Raul Carussi Y Ruta A-009,3,1,1,0,1,0,0,"-29.195027586413, -59.646893238809",Ruta,A009,RECONQUISTA,Constitución,S/D,S/D,IX,S/D,Urbana,Otra Señal,S/D,Intersección,S/D,S/D,S/D,S/D,Múltiple,S/D,Colisión,S/D,S/D,Cordón divisorio,Sin restricción
2021,978,2021-03-02,Martes,10:40:00,,0.0,2,"Automóvil,Moto/Ciclomotor",Andrade 340,2,0,1,0,1,0,0,"-33.19547, -60.47236",Calle,,FIGHIERA,Constitución,Hormigón,No existe,II,S/D,Urbana,Otra Señal,No existe,Intersección,Bueno,Buena,Diurna,Buen Tiempo,Múltiple,S/D,Colisión,Ninguna,Faltante,Cordón divisorio,Sin restricción
2021,994,2021-03-04,Jueves,17:00:00,Ruta Provincial 18,6.0,2,"Moto/Ciclomotor,Automóvil", ,2,1,1,0,0,0,0,"-33.05662, -60.86044",Ruta,18,PIÑERO,Constitución,Asfalto,Natural,II,Dentro,Urbana,Otra Señal,No existe,Intersección,Bueno,Buena,Diurna,Buen Tiempo,Múltiple,S/D,Colisión,Ninguna,Vertical,Cordón divisorio,Sin restricción
2021,1023,2021-03-01,Lunes,18:45:00,Ruta Secundaria 293-s,0.0,1,Moto/Ciclomotor, ,1,0,1,0,0,0,0,"-28.31441, -61.54277",Ruta,293-s,SANTA MARGARITA,Constitución,Asfalto,Natural,XII,Fuera,Rural,Otra Señal,No existe,Intersección,Bueno,Buena,Atardecer,Buen Tiempo,Múltiple,S/D,Colisión,Ninguna,Faltante,Cordón divisorio,Sin restricción
2021,1024,2021-03-04,Jueves,20:30:00,,0.0,2,"Moto/Ciclomotor,Peatón",Independencia Y Saavedra,2,0,1,0,1,0,0,"-29.22913, -61.76852",Calle,,TOSTADO,Constitución,Asfalto,No existe,XII,Dentro,Urbana,Otra Señal,Funciona,Intersección,Bueno,Buena,Nocturna,Buen Tiempo,Múltiple,Peatón,Colisión,Ninguna,Horizontal,Cordón divisorio,Sin restricción
2021,1029,2021-03-06,Sabado,07:15:00,Ruta Provincial 6,0.0,1,Automóvil, ,1,0,1,0,0,0,0,"-31.75987, -61.10124",Ruta,6,SAN CARLOS SUR,Constitución,Asfalto,Natural,XI,Fuera,Rural,Otra Señal,No existe,Intersección,Bueno,Buena,Diurna,Buen Tiempo,Múltiple,S/D,Colisión,Ninguna,Horizontal,Cordón divisorio,Sin restricción
2021,1037,2021-03-07,Domingo,18:30:00,,0.0,2,"Moto/Ciclomotor,Automóvil",Castellanos Y Alvear,2,0,1,0,1,0,0,"-31.63604, -60.69626",Calle,,SANTA FE,Constitución,Asfalto,No existe,I,Dentro,Urbana,Otra Señal,No existe,Intersección,Bueno,S/D,Atardecer,S/D,Múltiple,S/D,Colisión,S/D,S/D,Cordón divisorio,Sin restricción
2021,1108,2021-02-20,Sabado,15:40:00,,0.0,1,Moto/Ciclomotor,Santiago del Estero ,2,0,1,0,1,0,0,"-31.29609900948,-60.655692691945",Calle,,LAGUNA PAIVA,Constitución,Ripio,No existe,I,Dentro,Urbana,Otra Señal,No existe,Intersección,Bueno,Buena,Diurna,Buen Tiempo,Múltiple,S/D,Colisión,Ninguna,Faltante,Cordón divisorio,Sin restricción
2021,1115,2021-02-26,Viernes,11:25:00,,0.0,2,"Moto/Ciclomotor,Pickup/Utilitario",Bolívar Y Zavalia,3,1,1,0,1,0,0,"-31.665131306508,-60.7225677136",Calle,,SANTA FE,Constitución,Asfalto,No existe,I,Dentro,Urbana,Otra Señal,No existe,Intersección,Bueno,Buena,Diurna,Buen Tiempo,Múltiple,S/D,Colisión,Ninguna,Faltante,Cordón divisorio,Sin restricción
2021,1117,2021-02-25,Jueves,11:35:00,Ruta Provincial 2,0.0,1,Moto/Ciclomotor,Pastor Barrios 1000,1,0,1,0,0,0,0,"-31.303998637689,-60.658081882631",Ruta,2,LAGUNA PAIVA,Constitución,Asfalto,No existe,I,Dentro,Urbana,Otra Señal,No existe,Intersección,Bueno,Buena,Diurna,Buen Tiempo,Múltiple,S/D,Colisión,Ninguna,Faltante,Cordón divisorio,Sin restricción
2021,1130,2021-02-13,Sabado,19:00:00,Autovía Nacional 168,470.0,1,Moto/Ciclomotor,PUENTE Oroño ,2,1,1,0,0,0,0,"-31.640335321426356,-60.68316042423",Autovía,168,SANTA FE,Constitución,Asfalto,No existe,I,Fuera,Urbana,Otra Señal,No existe,Intersección,Bueno,S/D,Diurna,S/D,Múltiple,S/D,Colisión,Ninguna,Horizontal,Cordón divisorio,Sin restricción
2021,1138,2021-02-21,Domingo,,,0.0,1,Moto/Ciclomotor,Rafaela 1300,2,0,1,0,0,0,1,"-31.458718, -60.919555",Calle,,ESPERANZA,Constitución,S/D,S/D,XI,Dentro,Urbana,Otra Señal,S/D,Intersección,S/D,S/D,S/D,S/D,Múltiple,S/D,Colisión,S/D,S/D,Cordón divisorio,Sin restricción
2021,1140,2021-02-08,Lunes,,Ruta Nacional 11,0.0,1,Moto/Ciclomotor,Av. Blas Parera 8800,1,0,1,0,0,0,0,"-31.579023, -60.727597",Ruta,11,SANTA FE,Constitución,Asfalto,No existe,I,Dentro,Urbana,Otra Señal,No existe,Intersección,S/D,S/D,Diurna,S/D,Múltiple,S/D,Colisión,S/D,Faltante,Cordón divisorio,Sin restricción
2021,1153,2021-02-20,Sabado,19:30:00,Autopista Provincial Brigadier E.LÓPEZ,153.0,2,"Moto/Ciclomotor,Tracción animal / Carro", ,2,0,1,0,1,0,0,"-31.625817779610376, -60.7663211357",Autopista,Brigadier E.LÓPEZ,SANTO TOMÉ,Constitución,Asfalto,No existe,I,Dentro,Rural,Otra Señal,No existe,Intersección,Bueno,Buena,Atardecer,Buen Tiempo,Múltiple,S/D,Colisión,Ninguna,Horizontal,Cordón divisorio,Sin restricción
2021,1167,2021-03-01,Lunes,16:45:00,,0.0,2,"Bicicleta,Automóvil",Santa Fe 4726,2,0,1,0,1,0,0,"-32.93618, -60.68731",S/D,,ROSARIO,Constitución,S/D,S/D,II,S/D,S/D,Otra Señal,S/D,Intersección,S/D,S/D,S/D,S/D,Múltiple,S/D,Colisión,S/D,S/D,Cordón divisorio,Sin restricción
2021,1173,2021-03-03,Miercoles,13:40:00,Autopista Provincial Brigadier E.LÓPEZ,99.0,2,"Automóvil,Camión", ,2,0,1,0,1,0,0,"-32.07425, -60.99209",Autopista,Brigadier E.LÓPEZ,AROCENA,Constitución,S/D,S/D,XV,S/D,S/D,Otra Señal,S/D,Intersección,S/D,S/D,S/D,S/D,Múltiple,S/D,Colisión,S/D,S/D,Cordón divisorio,Sin restricción
2021,1179,2021-03-05,Viernes,05:40:00,Ruta Nacional 11,338.0,2,"Automóvil,Moto/Ciclomotor", ,2,0,1,0,1,0,0,"-32.64259, -60.81186",Ruta,11,TIMBÚES,Constitución,S/D,S/D,XVII,S/D,S/D,Otra Señal,S/D,Intersección,S/D,S/D,S/D,S/D,Múltiple,S/D,Colisión,S/D,S/D,Cordón divisorio,Sin restricción
2021,1202,2021-03-01,Lunes,,,0.0,1,Moto/Ciclomotor,Sarmiento ,1,0,1,0,0,0,0,"-31.05992, -61.16797",S/D,,SAN JUSTO,Constitución,S/D,S/D,XVI,S/D,S/D,Otra Señal,S/D,Intersección,S/D,S/D,S/D,S/D,Múltiple,S/D,Colisión,S/D,S/D,Cordón divisorio,Sin restricción
2021,1203,2021-03-01,Lunes,,Autopista Provincial Brigadier E.LÓPEZ,0.0,2,"Automóvil,Camión", ,2,0,1,0,1,0,0,"-32.87605, -60.71539",Autopista,Brigadier E.LÓPEZ,SANTA FE,Constitución,S/D,S/D,I,S/D,S/D,Otra Señal,S/D,Intersección,S/D,S/D,S/D,S/D,Múltiple,S/D,Colisión,S/D,S/D,Cordón divisorio,Sin restricción
2021,1206,2021-03-03,Miercoles,15:45:00,,0.0,2,"Moto/Ciclomotor,Automóvil",Bv Santa Fe Y Gral. Mosconi,2,0,1,0,1,0,0,"-31.25602, -61.47274",S/D,,RAFAELA,Constitución,S/D,S/D,V,S/D,S/D,Otra Señal,S/D,Intersección,S/D,S/D,S/D,S/D,Múltiple,S/D,Colisión,S/D,S/D,Cordón divisorio,Sin restricción
2021,1212,2021-03-04,Jueves,15:00:00,,0.0,2,"Pickup/Utilitario,Moto/Ciclomotor",Chacabuco Y Bv Centenario B,2,0,1,0,1,0,0,"-32.81642, -61.38244",S/D,,CAÑADA DE GÓMEZ,Constitución,S/D,S/D,X,S/D,S/D,Otra Señal,S/D,Intersección,S/D,S/D,S/D,S/D,Múltiple,S/D,Colisión,S/D,S/D,Cordón divisorio,Sin restricción
2021,1214,2021-03-05,Viernes,20:30:00,,0.0,2,"Moto/Ciclomotor,Automóvil",Gral. Mosconi ,2,0,1,0,1,0,0,"-31.25497, -61.49216",S/D,,RAFAELA,Constitución,S/D,S/D,V,S/D,S/D,Otra Señal,S/D,Intersección,S/D,S/D,S/D,S/D,Múltiple,S/D,Colisión,S/D,S/D,Cordón divisorio,Sin restricción
2021,1219,2021-03-06,Sabado,,Ruta Secundaria 280-s,0.0,2,"Moto/Ciclomotor,Pickup/Utilitario", ,3,1,1,0,1,0,0,"-30.97794, -61.73273",Ruta,280-s,ALDAO,Constitución,S/D,S/D,XVII,S/D,S/D,Otra Señal,S/D,Intersección,S/D,S/D,S/D,S/D,Múltiple,S/D,Colisión,S/D,S/D,Cordón divisorio,Sin restricción
2021,1220,2021-03-06,Sabado,,Ruta Provincial 70,0.0,2,"Moto/Ciclomotor,Moto/Ciclomotor", ,2,1,1,0,0,0,0,"-30.97794, -61.73273",Ruta,70,PRESIDENTE ROCA,Constitución,S/D,S/D,V,S/D,S/D,Otra Señal,S/D,Intersección,S/D,S/D,S/D,S/D,Múltiple,S/D,Colisión,S/D,S/D,Cordón divisorio,Sin restricción
2021,1224,2021-03-07,Domingo,01:45:00,Ruta Nacional 9,0.0,2,"Moto/Ciclomotor,Automóvil",Mendoza ,3,1,1,0,1,0,0,"-32.80737, -61.41142",Ruta,9,CAÑADA DE GÓMEZ,Constitución,S/D,S/D,X,S/D,S/D,Otra Señal,S/D,Intersección,S/D,S/D,S/D,S/D,Múltiple,S/D,Colisión,S/D,S/D,Cordón divisorio,Sin restricción
2021,1238,2021-05-07,Viernes,14:30:00,,0.0,2,"Moto/Ciclomotor,Automóvil",Catriel Y Maipú,2,0,1,0,1,0,0,"-32.85618, -60.71804",Calle,,GRANADERO BAIGORRIA,Constitución,Asfalto,No existe,II,S/D,Urbana,Otra Señal,No existe,Intersección,Bueno,Buena,Diurna,Buen Tiempo,Múltiple,S/D,Colisión,Ninguna,Faltante,Cordón divisorio,Sin restricción
2021,1241,2021-05-05,Miercoles,19:00:00,Ruta Provincial 14,0.0,2,"Pickup/Utilitario,Bicicleta", ,2,0,1,0,1,0,0,"-33.12006, -60.8209",Ruta,14,ÁLVAREZ,Constitución,Tierra,Natural,II,S/D,S/D,Otra Señal,No existe,Intersección,Deteriorada,Reducida p/ objetos,Atardecer,Buen Tiempo,Múltiple,Ciclista,Colisión,Ninguna,Faltante,Cordón divisorio,Sin restricción
2021,1246,2021-05-06,Jueves,16:00:00,Ruta Nacional 33,0.0,2,"Automóvil,Moto/Ciclomotor",Av. San Martin Y Leandro Alem,3,0,1,0,2,0,0,"-32.99905, -60.77174",Ruta,33,PEREZ,Constitución,Asfalto,Pavimento,II,Dentro,Urbana,Otra Señal,Funciona,Intersección,Bueno,Buena,Diurna,Buen Tiempo,Múltiple,S/D,Colisión,Ninguna,Vertical,Cordón divisorio,Sin restricción
2021,1254,2021-04-29,Jueves,08:05:00,,0.0,2,"Pickup/Utilitario,Pickup/Utilitario", ,2,1,1,0,0,0,0,"-31.546554565429652,-61.04231357574",Camino Rural,,SAN JERÓNIMO NORTE,Constitución,Ripio,Natural,XI,Dentro,Rural,Otra Señal,No existe,Intersección,Bueno,Reducida,Amanecer,Niebla,Múltiple,S/D,Colisión,Ninguna,Faltante,Cordón divisorio,Sin restricción
2021,1255,2021-01-24,Domingo,20:20:00,,0.0,2,"Moto/Ciclomotor,Automóvil",Laprida ,3,1,1,0,1,0,0,"-32.95883, -60.693",Calle,,ROSARIO,Constitución,Asfalto,No existe,II,S/D,Urbana,Otra Señal,No existe,Intersección,Bueno,Buena,"Nocturna,Con luz artificial",Buen Tiempo,Múltiple,S/D,Colisión,Ninguna,Faltante,Cordón divisorio,Sin restricción
2021,1260,2021-04-25,Domingo,19:20:00,,0.0,2,"Pickup/Utilitario,Moto/Ciclomotor",Entre Ríos Y Estrada,2,0,1,0,1,0,0,"-31.134297856036,-60.986978742311",Calle,,PROGRESO,Constitución,Asfalto,No existe,XI,Dentro,Urbana,Otra Señal,No existe,Intersección,Bueno,Buena,Atardecer,Buen Tiempo,Múltiple,S/D,Colisión,Ninguna,Faltante,Cordón divisorio,Sin restricción