anio_acci,nro_acci,fecha,desc_dia,hora_aprox,desc_ruta,km,cant_participantes,desc_participante,calle_avenida_km,total,heridos_leves,heridos_graves,heridos_gravisimos,ilesos,fallecidos,sin_datos,posicion_XY,desc_tipo_via,desc_ruta_ori,desc_loc,desc_dpto,desc_tipo_calzada,desc_tipo_banquina,desc_unidad_regional,desc_lugar_calzada,desc_zona,desc_prioridad,desc_estado_semaforo,desc_lugar_via,desc_estado_via,desc_estado_visibilidad,desc_luminosidad,desc_estado_clima,desc_tipo_colision,desc_tipo_atropello,desc_tipo_hecho,desc_pres_calzada,desc_senializacion,desc_separacion_via,desc_restriccion
2021,1264,2021-04-26,Lunes,17:30:00,,0.0,2,"Moto/Ciclomotor,Automóvil",Salta 450,2,0,1,0,1,0,0,"-31.735729722905,-61.092946269911",Calle,,SAN CARLOS CENTRO,Constitución,Asfalto,No existe,XI,Dentro,Urbana,Otra Señal,No existe,Intersección,S/D,Buena,Diurna,Buen Tiempo,Múltiple,S/D,Colisión,Ninguna,Faltante,Cordón divisorio,Sin restricción
2021,1266,2021-04-04,Domingo,20:40:00,Ruta Provincial 4,0.0,1,Automóvil, ,5,1,1,0,3,0,0,"-30.685930252075195,-61.04759216308",Ruta,4,ELISA,Constitución,Ripio,No existe,XI,Dentro,Rural,Otra Señal,No existe,Intersección,Deteriorada,Reducida,Atardecer,Buen Tiempo,Múltiple,S/D,Colisión,Material Suelto,Faltante,Cordón divisorio,Sin restricción
2021,1277,2021-04-06,Martes,19:30:00,,0.0,2,"Automóvil,Moto/Ciclomotor",3 de Febrero Y General Manuel Belgrano,2,0,1,0,1,0,0,"-31.447416096871,-60.92883915001",Calle,,ESPERANZA,Constitución,Asfalto,No existe,XI,Dentro,Urbana,Otra Señal,No existe,Intersección,Bueno,Buena,Nocturna,Buen Tiempo,Múltiple,S/D,Colisión,Ninguna,Faltante,Cordón divisorio,Sin restricción
2021,1278,2021-04-20,Martes,,Ruta Provincial 1,0.0,3,"Automóvil,Bicicleta,Automóvil",Patricio Cullen ,3,1,1,0,1,0,0,"-31.104351660522,-60.095220000145",Ruta,1,HELVECIA,Constitución,Asfalto,Ripio,VII,Dentro,Urbana,Otra Señal,No existe,Intersección,Bueno,Buena,S/D,Buen Tiempo,Múltiple,Ciclista,Colisión,Ninguna,Horizontal,Cordón divisorio,Sin restricción
2021,1281,2021-04-10,Sabado,13:40:00,,0.0,2,"Moto/Ciclomotor,Automóvil",A Rossi Y Córdoba,2,0,1,0,1,0,0,"-31.418920015921,-60.332967149048",Calle,,SANTA ROSA DE CALCHINES,Constitución,Asfalto,Pavimento,VII,Dentro,Urbana,Otra Señal,No existe,Intersección,Resbaladiza,Buena,Diurna,Buen Tiempo,Múltiple,S/D,Colisión,Agua,Horizontal,Cordón divisorio,Sin restricción
2021,1286,2021-05-02,Domingo,23:00:00,,0.0,2,"Moto/Ciclomotor,Moto/Ciclomotor",Mitre Y P Opicci,2,1,1,0,0,0,0,"-33.02456, -60.63444",Calle,,VILLA GOBERNADOR GÁLVEZ,Constitución,Asfalto,No existe,II,S/D,Urbana,Otra Señal,Funciona,Intersección,Con baches,Reducida,"Nocturna,Con luz artificial",Otro,Múltiple,S/D,Colisión,S/D,Vertical,Cordón divisorio,Sin restricción
2021,1289,2021-05-10,Lunes,02:15:00,,0.0,2,"Moto/Ciclomotor,Moto/Ciclomotor",Simón de Iriondo Y Carlos Bosch,2,1,1,0,0,0,0,"-31.43124, -60.92492",Calle,,ESPERANZA,Constitución,Asfalto,Pavimento,XI,Dentro,Urbana,Otra Señal,No existe,Intersección,Bueno,Reducida,Nocturna,Otro,Múltiple,S/D,Colisión,Ninguna,S/D,Cordón divisorio,Sin restricción
2021,1293,2021-05-14,Viernes,18:40:00,Ruta Secundaria 20-s,0.0,2,"Moto/Ciclomotor,Camión c / Semirremolque",Ruta Provincial 20 s Y San Martin,2,0,1,0,1,0,0,"-33.1104, -60.79304",Ruta,20-s,PIÑERO,Constitución,Asfalto,Ripio,II,S/D,Urbana,Otra Señal,No existe,Intersección,Bueno,Buena,Atardecer,Buen Tiempo,Múltiple,S/D,Colisión,Ninguna,Faltante,Cordón divisorio,Sin restricción
2021,1304,2021-05-02,Domingo,16:00:00,,0.0,2,"Automóvil,Moto/Ciclomotor",Gorriti Y Solís,3,0,1,0,2,0,0,"-32.9241, -60.70399",Calle,,ROSARIO,Constitución,Asfalto,No existe,II,Dentro,Urbana,Otra Señal,No existe,Intersección,Bueno,Buena,Diurna,S/D,Múltiple,S/D,Colisión,S/D,Faltante,Cordón divisorio,Sin restricción
2021,1327,2021-04-08,Jueves,18:30:00,,0.0,2,"Bicicleta,Bicicleta",Corrientes Y Roque Sáenz PEÑA,2,0,1,0,1,0,0,"-32.480585575103724,-61.57220005989",Calle,,LAS ROSAS,Constitución,Hormigón,No existe,III,Dentro,Urbana,Otra Señal,No existe,Intersección,Bueno,Buena,Diurna,Buen Tiempo,Múltiple,Ciclista,Colisión,Ninguna,Faltante,Cordón divisorio,Sin restricción
2021,1339,2021-04-11,Domingo,03:00:00,Ruta Nacional 178,0.0,2,"Automóvil,Moto/Ciclomotor", ,4,0,1,0,3,0,0,"-32.784153, -61.546218",Ruta,178,ARMSTRONG,Constitución,Asfalto,No existe,III,Dentro,Rural,Otra Señal,No existe,Intersección,Bueno,Buena,Nocturna,Lluvia,Múltiple,S/D,Colisión,Ninguna,Faltante,Cordón divisorio,Sin restricción
2021,1340,2021-01-24,Domingo,22:00:00,,0.0,1,Moto/Ciclomotor,Reconquista Y Albert Sabin,1,0,1,0,0,0,0,"-32.91824, -60.68945",Calle,,ROSARIO,Constitución,Asfalto,Pavimento,II,Dentro,Urbana,Otra Señal,No existe,Intersección,Bueno,S/D,Nocturna,Buen Tiempo,Múltiple,S/D,Colisión,Ninguna,S/D,Cordón divisorio,Sin restricción
2021,1342,2021-04-10,Sabado,16:30:00,Autopista Nacional Rosario -Cordoba,392.0,2,"Automóvil,Automóvil", ,4,0,1,0,3,0,0,"-32.79155414695398, -61.71062628494",Autopista,Rosario -Cordoba,TORTUGAS,Constitución,Asfalto,Pavimento,III,Dentro,Urbana,Otra Señal,No existe,Intersección,Bueno,Reducida,Diurna,Buen Tiempo,Múltiple,S/D,Colisión,Agua,Horizontal,Cordón divisorio,Sin restricción
2021,1363,2021-04-30,Viernes,19:30:00,,0.0,2,"Peatón,Moto/Ciclomotor",Guardia Morada Y Pje. Malvón,2,0,1,0,0,0,1,"-33.01824510097506,-60.658682584762",Calle,,ROSARIO,Constitución,Asfalto,No existe,II,Dentro,Urbana,Otra Señal,No existe,Intersección,Bueno,Buena,Atardecer,Buen Tiempo,Múltiple,Peatón,Colisión,Ninguna,Faltante,Cordón divisorio,Sin restricción
2021,1377,2021-04-11,Domingo,01:20:00,,0.0,2,"Moto/Ciclomotor,Automóvil",Rio De Janeiro Y Saavedra,3,1,1,0,1,0,0,"-32.970330513611,-60.688441793267",Calle,,ROSARIO,Constitución,Asfalto,No existe,II,Dentro,Urbana,Otra Señal,No existe,Intersección,Bueno,Buena,"Nocturna,Con luz artificial",Buen Tiempo,Múltiple,S/D,Colisión,Ninguna,Faltante,Cordón divisorio,Sin restricción
2021,1387,2021-05-15,Sabado,11:45:00,,0.0,2,"Moto/Ciclomotor,Automóvil",Belgrano Y Pasteur,4,0,1,0,3,0,0,"-33.02849, -60.62304",Calle,,VILLA GOBERNADOR GÁLVEZ,Constitución,Asfalto,No existe,II,S/D,Urbana,Otra Señal,No existe,Intersección,Con baches,Buena,Diurna,Otro,Múltiple,S/D,Colisión,Ninguna,Faltante,Cordón divisorio,Sin restricción
2021,1390,2021-04-07,Miercoles,09:50:00,,0.0,2,"Moto/Ciclomotor,Pickup/Utilitario",Gaboto Y Matienzo,2,0,1,0,1,0,0,"-32.964636211808,-60.693752555197",Calle,,ROSARIO,Constitución,Asfalto,No existe,II,Dentro,Urbana,Otra Señal,No existe,Intersección,Bueno,Buena,Diurna,Buen Tiempo,Múltiple,S/D,Colisión,Ninguna,Faltante,Cordón divisorio,Sin restricción
2021,1399,2021-04-06,Martes,21:50:00,,0.0,2,"Moto/Ciclomotor,Automóvil",Av. Jorge Newbery Y Tarragona,2,0,1,0,1,0,0,"-32.908527936307,-60.735431928476",Avenida,,ROSARIO,Constitución,Asfalto,No existe,II,Dentro,Urbana,Otra Señal,No existe,Intersección,Bueno,Buena,Nocturna,Buen Tiempo,Múltiple,S/D,Colisión,Ninguna,Faltante,Cordón divisorio,Sin restricción
2021,1401,2021-04-09,Viernes,22:50:00,,0.0,2,"Peatón,Moto/Ciclomotor",Fraga Y Vélez Sarsfield,2,0,1,0,1,0,0,"-32.925964920516,-60.710858045772",Calle,,ROSARIO,Constitución,Asfalto,No existe,II,Dentro,Urbana,Otra Señal,No existe,Intersección,Bueno,Buena,Diurna,Buen Tiempo,Múltiple,Peatón,Colisión,Ninguna,Faltante,Cordón divisorio,Sin restricción
2021,1402,2021-04-25,Domingo,19:00:00,,0.0,2,"Pickup/Utilitario,Bicicleta",Av. Provincias Unidas Y Av. Génova,2,0,1,0,1,0,0,"-32.925964920516,-60.710858045772",Avenida,,ROSARIO,Constitución,Hormigón,No existe,II,Dentro,Urbana,Otra Señal,Funciona,Intersección,Bueno,Buena,Nocturna,Buen Tiempo,Múltiple,Ciclista,Colisión,Ninguna,"Horizontal,Vertical",Cordón divisorio,Sin restricción
2021,1403,2021-04-26,Lunes,15:25:00,,0.0,2,"Automóvil,Moto/Ciclomotor",Av. Génova Y Ottone Bis,2,0,1,0,1,0,0,"-32.915657507739,-60.701006755562",Avenida,,ROSARIO,Constitución,Asfalto,No existe,II,Dentro,Urbana,Otra Señal,Funciona,Intersección,Bueno,Buena,Diurna,Buen Tiempo,Múltiple,S/D,Colisión,Ninguna,Horizontal,Cordón divisorio,Sin restricción
2021,1405,2021-04-27,Martes,21:40:00,,0.0,2,"Automóvil,Moto/Ciclomotor",RAÚL GARDELLI Y TARRAGONA,3,0,1,0,2,0,0,"-32.907048, -60.735531",Calle,,ROSARIO,Constitución,Asfalto,No existe,II,Dentro,Urbana,Otra Señal,No existe,Intersección,Bueno,Buena,Nocturna,Buen Tiempo,Múltiple,S/D,Colisión,Ninguna,Faltante,Cordón divisorio,Sin restricción
2021,1406,2021-04-03,Sabado,19:50:00,Ruta Nacional 9,0.0,2,"Moto/Ciclomotor,Automóvil",Acevedo Bis Y Av. Eva Perón,2,0,1,0,0,0,1,"-32.926670421321,-60.749840812671",Ruta,9,ROSARIO,Constitución,Asfalto,Natural,II,Dentro,Urbana,Otra Señal,Funciona,Intersección,Bueno,Buena,"Atardecer,Con luz artificial",Buen Tiempo,Múltiple,S/D,Colisión,Ninguna,"Horizontal,Vertical",Cordón divisorio,Sin restricción
2021,1413,2021-04-16,Viernes,17:30:00,,0.0,1,Moto/Ciclomotor,Garzón Y J.J.Paso,2,1,1,0,0,0,0,"-32.920000806356,-60.706133129498",Avenida,,ROSARIO,Constitución,Asfalto,No existe,II,Dentro,Urbana,Otra Señal,No existe,Intersección,Bueno,Buena,Diurna,Buen Tiempo,Múltiple,S/D,Colisión,Ninguna,Faltante,Cordón divisorio,Sin restricción
2021,1416,2021-04-03,Sabado,19:30:00,,0.0,2,"Automóvil,Moto/Ciclomotor",J.Colombres Y Santa Fe,2,0,1,0,1,0,0,"-32.936153929696,-60.72950696222",Calle,,ROSARIO,Constitución,Asfalto,No existe,II,Dentro,Urbana,Otra Señal,No existe,Intersección,Bueno,Buena,"Nocturna,Con luz artificial",Buen Tiempo,Múltiple,S/D,Colisión,Ninguna,Faltante,Cordón divisorio,Sin restricción
2021,1418,2021-04-04,Domingo,18:00:00,,0.0,2,"Pickup/Utilitario,Automóvil",AV MENDOZA Y JUAN PABLO II,2,0,1,0,1,0,0,"-32.94041708772,-60.72178376156",Avenida,,ROSARIO,Constitución,Asfalto,No existe,II,Dentro,Urbana,Otra Señal,Funciona,Intersección,Bueno,Buena,Diurna,Buen Tiempo,Múltiple,S/D,Colisión,Ninguna,"Horizontal,Vertical",Cordón divisorio,Sin restricción
2021,1437,2021-04-24,Sabado,20:00:00,Ruta Nacional 11,0.0,2,"Moto/Ciclomotor,Pickup/Utilitario",Av. San Martin Y Av. Silvestre Begnis,2,0,1,0,1,0,0,"-32.850498596914,-60.705965707904",Ruta,11,GRANADERO BAIGORRIA,Constitución,Asfalto,No existe,II,Dentro,Urbana,Otra Señal,Funciona,Intersección,Bueno,Buena,"Nocturna,Con luz artificial",Buen Tiempo,Múltiple,S/D,Colisión,Ninguna,"Horizontal,Vertical",Cordón divisorio,Sin restricción
2021,1440,2021-04-04,Domingo,06:55:00,Ruta Provincial 21,0.0,1,Moto/Ciclomotor,Av. Gral. San Martin Y Av. Leandro Alem,1,0,1,0,0,0,0,"-33.028064999513,-60.621497392707",Ruta,21,VILLA GOBERNADOR GÁLVEZ,Constitución,Asfalto,No existe,II,Dentro,Urbana,Otra Señal,Funciona,Intersección,Bueno,Buena,"Nocturna,Con luz artificial",Buen Tiempo,Múltiple,S/D,Colisión,Ninguna,"Horizontal,Vertical",Cordón divisorio,Sin restricción
2021,1453,2021-05-10,Lunes,08:00:00,,0.0,2,"Moto/Ciclomotor,Moto/Ciclomotor",J.J.Paso Y Acevedo Bis,2,0,1,0,1,0,0,"-32.92123, -60.7491",Calle,,ROSARIO,Constitución,Asfalto,No existe,II,Dentro,Urbana,Otra Señal,No existe,Intersección,Bueno,Buena,"Diurna,Con luz artificial",Buen Tiempo,Múltiple,S/D,Colisión,Ninguna,Faltante,Cordón divisorio,Sin restricción
2021,1456,2021-05-14,Viernes,08:40:00,,0.0,2,"Moto/Ciclomotor,Pickup/Utilitario",Nicaragua Y Pérez Bulnes,2,0,1,0,1,0,0,"-32.94269, -60.72059",Calle,,ROSARIO,Constitución,Asfalto,No existe,II,Dentro,Urbana,Otra Señal,No existe,Intersección,Bueno,Buena,Diurna,Buen Tiempo,Múltiple,S/D,Colisión,Ninguna,S/D,Cordón divisorio,Sin restricción
2021,1459,2021-04-05,Lunes,10:30:00,,0.0,2,"Transporte de Pasajeros Urbano (> 8 asientos),Moto/Ciclomotor",Guido y Spano Y Pueyrredón,2,0,1,0,1,0,0,"-33.195269509297,-60.466818159166",Calle,,FIGHIERA,Constitución,Asfalto,No existe,II,Dentro,Urbana,Otra Señal,No existe,Intersección,Bueno,Buena,Diurna,Buen Tiempo,Múltiple,S/D,Colisión,Ninguna,Faltante,Cordón divisorio,Sin restricción
2021,1460,2021-05-10,Lunes,09:00:00,Ruta Provincial 18,23.0,2,"Automóvil,Automóvil", ,4,2,1,0,1,0,0,"-33.23121, -60.76116",Ruta,18,CARMEN DEL SAUCE,Constitución,Asfalto,No existe,II,Dentro,Rural,Otra Señal,No existe,Intersección,Bueno,Buena,Diurna,Buen Tiempo,Múltiple,S/D,Colisión,Ninguna,Vertical,Cordón divisorio,Sin restricción
2021,1463,2021-05-15,Sabado,16:45:00,Ruta Provincial 1,71.0,1,Moto/Ciclomotor,Ruta Prov. 1 ,1,0,1,0,0,0,0,"-31.18812, -60.15635",Ruta,1,CAYASTA,Constitución,Asfalto,Natural,VII,Fuera,Urbana,Otra Señal,Funciona,Intersección,Bueno,Buena,Diurna,Buen Tiempo,Múltiple,S/D,Colisión,Ninguna,Horizontal,Cordón divisorio,Sin restricción
2021,1474,2021-04-08,Jueves,15:20:00,,0.0,2,"Moto/Ciclomotor,Pickup/Utilitario",Alberdi Y Pueyrredón,3,0,1,0,2,0,0,"-30.316768164727,-61.233738549868",Calle,,SAN CRISTÓBAL,Constitución,Asfalto,No existe,XIII,Dentro,Urbana,Otra Señal,No existe,Intersección,Bueno,Buena,Diurna,Buen Tiempo,Múltiple,S/D,Colisión,Ninguna,Faltante,Cordón divisorio,Sin restricción
2021,1485,2021-04-30,Viernes,07:05:00,,0.0,2,"Moto/Ciclomotor,Moto/Ciclomotor",Belgrano Y Gobernador Aldao,3,1,1,0,1,0,0,"-29.883783459663405,-61.94106012582",Avenida,,CERES,Constitución,Hormigón,No existe,XIII,Dentro,Urbana,Otra Señal,No existe,Intersección,Bueno,Buena,Atardecer,Buen Tiempo,Múltiple,S/D,Colisión,Ninguna,Faltante,Cordón divisorio,Sin restricción
2021,1486,2021-04-30,Viernes,08:05:00,,0.0,2,"Moto/Ciclomotor,Automóvil",Azcuénaga Y Bvard España,3,2,1,0,0,0,0,"-29.882044610417,-61.94038787083",Avenida,,CERES,Constitución,Hormigón,No existe,XIII,Dentro,Urbana,Otra Señal,No existe,Intersección,Bueno,Buena,Diurna,Buen Tiempo,Múltiple,S/D,Colisión,Ninguna,Faltante,Cordón divisorio,Sin restricción
2021,1496,2021-04-08,Jueves,09:00:00,Autovía Nacional 168,8.0,2,"Automóvil,Vehículo Oficial", ,3,1,1,0,1,0,0,"-31.658897670197632, -60.6029437921",Autovía,168,SANTA FE,Constitución,Asfalto,Pavimento,I,Dentro,Urbana,Otra Señal,No existe,Intersección,Bueno,Buena,Diurna,Buen Tiempo,Múltiple,S/D,Colisión,Ninguna,Horizontal,Cordón divisorio,Sin restricción
2021,1499,2021-04-22,Jueves,19:30:00,Ruta Provincial 2,0.0,2,"Moto/Ciclomotor,Automóvil",Córdoba Y Ruta pcial 2 Av. San Martin,2,0,1,0,1,0,0,"-31.51436732644,-60.680227482474",Ruta,2,MONTE VERA,Constitución,Asfalto,Ripio,I,Dentro,Urbana,Otra Señal,No existe,Intersección,Bueno,Buena,Diurna,Buen Tiempo,Múltiple,S/D,Colisión,Ninguna,Horizontal,Cordón divisorio,Sin restricción
2021,1501,2021-05-08,Sabado,19:00:00,,0.0,2,"Moto/Ciclomotor,Automóvil",J.J.Paso Y Fraga,2,0,1,0,1,0,0,"-32.92019, -60.71141",Calle,,ROSARIO,Constitución,Asfalto,No existe,II,Dentro,Urbana,Otra Señal,No existe,Intersección,Bueno,Buena,Atardecer,S/D,Múltiple,S/D,Colisión,S/D,Faltante,Cordón divisorio,Sin restricción
2021,1502,2021-04-16,Viernes,17:00:00,Ruta Provincial 2,4.0,1,Moto/Ciclomotor, ,1,0,1,0,0,0,0,"-31.54051142657426, -60.68874900143",Ruta,2,MONTE VERA,Constitución,Asfalto,Ripio,I,Dentro,Rural,Otra Señal,No existe,Intersección,Con baches,Buena,Diurna,Buen Tiempo,Múltiple,S/D,Colisión,Ninguna,Horizontal,Cordón divisorio,Sin restricción
2021,1536,2021-04-23,Viernes,17:50:00,,0.0,2,"Moto/Ciclomotor,Automóvil",Alvear Y Rioja,2,0,1,0,1,0,0,"-32.944622381288,-60.654933316645",Calle,,ROSARIO,Constitución,Asfalto,No existe,II,Dentro,Urbana,Otra Señal,No existe,Intersección,Bueno,Buena,Diurna,Buen Tiempo,Múltiple,S/D,Colisión,Ninguna,"Horizontal,Vertical",Cordón divisorio,Sin restricción
2021,1538,2021-04-01,Jueves,14:30:00,,0.0,2,"Automóvil,Moto/Ciclomotor",3 De Febrero Y Paraguay,2,0,1,0,1,0,0,"-32.951767900388,-60.645326253258",Calle,,ROSARIO,Constitución,Asfalto,No existe,II,Dentro,Urbana,Otra Señal,No existe,Intersección,Bueno,Buena,Diurna,Buen Tiempo,Múltiple,S/D,Colisión,Ninguna,"Horizontal,Vertical",Cordón divisorio,Sin restricción
2021,1539,2021-04-21,Miercoles,12:50:00,,0.0,2,"Bicicleta,Automóvil",Ituzaingó Y San Martin,2,0,1,0,1,0,0,"-32.960984421973,-60.640274988994",Avenida,,ROSARIO,Constitución,Asfalto,No existe,II,Dentro,Urbana,Otra Señal,No existe,Intersección,Bueno,Buena,Diurna,Buen Tiempo,Múltiple,Ciclista,Colisión,Ninguna,Horizontal,Cordón divisorio,Sin restricción
2021,1553,2021-04-10,Sabado,12:20:00,,0.0,2,"Moto/Ciclomotor,Peatón",San Luis 1400,2,0,1,0,1,0,0,"-32.948275619703,-60.64301171465",Calle,,ROSARIO,Constitución,Asfalto,No existe,II,Dentro,Urbana,Otra Señal,Funciona,Intersección,S/D,Buena,Diurna,Buen Tiempo,Múltiple,Peatón,Colisión,Ninguna,"Horizontal,Vertical",Cordón divisorio,Sin restricción
2021,1555,2021-05-07,Viernes,06:00:00,,0.0,2,"Moto/Ciclomotor,Automóvil",Ayacucho Y Rafael Arrieta,2,0,1,0,1,0,0,"-33.00903, -60.63577",Calle,,ROSARIO,Constitución,Asfalto,No existe,II,Dentro,Urbana,Otra Señal,No existe,Intersección,Bueno,Buena,Amanecer,Buen Tiempo,Múltiple,S/D,Colisión,Ninguna,Faltante,Cordón divisorio,Sin restricción
2021,1558,2021-04-09,Viernes,18:00:00,,0.0,2,"Moto/Ciclomotor,Automóvil",Bv. Oroño Y Salta,2,0,1,0,1,0,0,"-32.936751422149,-60.651430985876",Avenida,,ROSARIO,Constitución,Asfalto,No existe,II,Dentro,Urbana,Otra Señal,Funciona,Intersección,Bueno,Buena,Diurna,Buen Tiempo,Múltiple,S/D,Colisión,Ninguna,"Horizontal,Vertical",Cordón divisorio,Sin restricción
2021,1570,2021-04-04,Domingo,06:10:00,,0.0,2,"Automóvil,Moto/Ciclomotor",Bv. Avellaneda Y San Juan,2,0,1,0,1,0,0,"-32.942828885117,-60.67996595428",Avenida,,ROSARIO,Constitución,Asfalto,No existe,II,Dentro,Urbana,Otra Señal,No existe,Intersección,Bueno,Buena,Diurna,Buen Tiempo,Múltiple,S/D,Colisión,Ninguna,Faltante,Cordón divisorio,Sin restricción
2021,1578,2021-04-17,Sabado,23:30:00,,0.0,1,Moto/Ciclomotor, ,2,1,1,0,0,0,0,"-30.012674331665004,-61.83251380920",Camino Rural,,HERSILIA,Constitución,Tierra,No existe,XIII,Dentro,Rural,Otra Señal,No existe,Intersección,Bueno,Buena,Nocturna,Buen Tiempo,Múltiple,S/D,Colisión,Otro,Faltante,Cordón divisorio,Sin restricción
2021,1586,2021-04-07,Miercoles,16:40:00,,0.0,2,"Automóvil,Moto/Ciclomotor",Alberini Y Calderón,2,0,1,0,1,0,0,"-32.880917617772,-60.731326344709",Calle,,ROSARIO,Constitución,Asfalto,No existe,II,Dentro,Urbana,Otra Señal,No existe,Intersección,Bueno,Buena,Diurna,Buen Tiempo,Múltiple,S/D,Colisión,Ninguna,Faltante,Cordón divisorio,Sin restricción
2021,1589,2021-05-08,Sabado,12:30:00,,0.0,2,"Moto/Ciclomotor,Automóvil",Fraga Y J.J.Paso,2,0,1,0,1,0,0,,Avenida,,ROSARIO,Constitución,Asfalto,No existe,II,Dentro,Urbana,Otra Señal,No existe,Intersección,Bueno,Buena,Diurna,S/D,Múltiple,S/D,Colisión,S/D,Faltante,Cordón divisorio,Sin restricción
2021,1592,2021-01-28,Jueves,11:00:00,,0.0,1,Peatón,San José Y La Rioja,1,0,1,0,0,0,0,"-31.64196, -60.72185",Calle,,SANTA FE,Constitución,Hormigón,S/D,I,Dentro,Urbana,Otra Señal,No existe,Intersección,Bueno,Buena,Diurna,Buen Tiempo,Múltiple,S/D,Colisión,Ninguna,S/D,Cordón divisorio,Sin restricción
2021,1618,2021-04-18,Domingo,20:00:00,,0.0,2,"Moto/Ciclomotor,Transporte de Pasajeros Urbano (> 8 asientos)",Esteban de Luca 50,2,0,1,0,1,0,0,"-32.994370087436,-60.630761480374",Calle,,ROSARIO,Constitución,Asfalto,No existe,II,Dentro,Urbana,Otra Señal,No existe,Intersección,Bueno,Buena,"Nocturna,Con luz artificial",Buen Tiempo,Múltiple,S/D,Colisión,Ninguna,Faltante,Cordón divisorio,Sin restricción
2021,1630,2021-05-11,Martes,12:13:00,,0.0,1,Moto/Ciclomotor,San Lorenzo Y Sarmiento,2,0,1,0,1,0,0,"-29.231613753272,-61.769656442975",Calle,,TOSTADO,Constitución,Asfalto,No existe,XII,Dentro,Urbana,Otra Señal,No existe,Intersección,Bueno,Buena,Diurna,Buen Tiempo,Múltiple,S/D,Colisión,Ninguna,Faltante,Cordón divisorio,Sin restricción
2021,1633,2021-04-02,Viernes,05:30:00,,0.0,1,Moto/Ciclomotor,Carlos Silvestre Begnis Y Gobernador Crespo,2,0,1,0,1,0,0,"-29.230167830094,-61.766454084753",Calle,,TOSTADO,Constitución,Asfalto,No existe,XII,Dentro,Urbana,Otra Señal,No existe,Intersección,Bueno,Buena,"Nocturna,Con luz artificial",Buen Tiempo,Múltiple,S/D,Colisión,Ninguna,Faltante,Cordón divisorio,Sin restricción
2021,1640,2021-04-07,Miercoles,07:50:00,Ruta Provincial 62,50.0,2,"Camión c / Acoplado,Pickup/Utilitario", ,2,0,1,0,1,0,0,"-31.08381, -60.6391",Ruta,62,CAYASTACITO,Constitución,Asfalto,Natural,XVI,Dentro,Rural,Otra Señal,No existe,Intersección,Bueno,Reducida,Diurna,Niebla,Múltiple,S/D,Colisión,Ninguna,Horizontal,Cordón divisorio,Sin restricción
2021,1654,2021-04-30,Viernes,18:20:00,Ruta Secundaria 83-s,0.0,1,Moto/Ciclomotor, ,2,0,1,0,1,0,0,"-29.01609420776364,-60.339961051940",Ruta,83-s,KM. 89,Constitución,Tierra,No existe,XIX,Dentro,Rural,Otra Señal,No existe,Intersección,"Resbaladiza,Ahuellamiento",Reducida polvo,Diurna,Lluvia,Múltiple,S/D,Colisión,Otro,Faltante,Cordón divisorio,Sin restricción
2021,1666,2021-05-04,Martes,17:00:00,,0.0,2,"Moto/Ciclomotor,Taxi/Remis",Córdoba ,3,0,1,0,2,0,0,"-32.9428, -60.65874",S/D,,ROSARIO,Constitución,Asfalto,S/D,II,S/D,S/D,Otra Señal,S/D,Intersección,S/D,S/D,S/D,S/D,Múltiple,S/D,Colisión,S/D,S/D,Cordón divisorio,Sin restricción
2021,1684,2021-05-14,Viernes,14:35:00,,0.0,2,"Moto/Ciclomotor,Pickup/Utilitario",San Martin Y Platón,2,0,1,0,0,0,1,"-33.02007, -60.65303",Avenida,,ROSARIO,Constitución,Asfalto,No existe,II,Dentro,Urbana,Otra Señal,No existe,Intersección,Bueno,Buena,Diurna,Buen Tiempo,Múltiple,S/D,Colisión,Ninguna,Faltante,Cordón divisorio,Sin restricción
2021,1713,2021-01-16,Sabado,23:00:00,,0.0,2,"Pickup/Utilitario,Moto/Ciclomotor",Bv. Oroño Y Av. Dante Alighieri,2,0,1,0,1,0,0,"-32.96244, -60.6581",Avenida,,ROSARIO,Constitución,Asfalto,No existe,II,S/D,Urbana,Otra Señal,Funciona,Intersección,Bueno,Buena,Nocturna,Buen Tiempo,Múltiple,S/D,Colisión,Ninguna,Horizontal,Cordón divisorio,Sin restricción
2021,1714,2021-01-16,Sabado,12:05:00,,0.0,2,"Bicicleta,Pickup/Utilitario",Tucumán Y Mariano Moreno,2,0,1,0,1,0,0,"-32.93956, -60.64942",Calle,,ROSARIO,Constitución,Asfalto,S/D,II,S/D,Urbana,Otra Señal,S/D,Intersección,Bueno,S/D,Diurna,Buen Tiempo,Múltiple,Ciclista,Colisión,Ninguna,Faltante,Cordón divisorio,Sin restricción