anio_acci,nro_acci,fecha,desc_dia,hora_aprox,desc_ruta,km,cant_participantes,desc_participante,calle_avenida_km,total,heridos_leves,heridos_graves,heridos_gravisimos,ilesos,fallecidos,sin_datos,posicion_XY,desc_tipo_via,desc_ruta_ori,desc_loc,desc_dpto,desc_tipo_calzada,desc_tipo_banquina,desc_unidad_regional,desc_lugar_calzada,desc_zona,desc_prioridad,desc_estado_semaforo,desc_lugar_via,desc_estado_via,desc_estado_visibilidad,desc_luminosidad,desc_estado_clima,desc_tipo_colision,desc_tipo_atropello,desc_tipo_hecho,desc_pres_calzada,desc_senializacion,desc_separacion_via,desc_restriccion
2021,3695,2021-05-30,Domingo,,,0.0,1,Bicicleta, ,1,0,1,0,0,0,0,"-31.64018, -60.68076",Calle,,SANTA FE,Constitución,Asfalto,S/D,I,Dentro,Urbana,Otra Señal,S/D,Intersección,S/D,S/D,S/D,S/D,Múltiple,Ciclista,Colisión,S/D,S/D,Cordón divisorio,Sin restricción
2021,3723,2021-05-14,Viernes,,,0.0,2,"Bicicleta,Automóvil",Bv Santa Fe Y Aconcagua,2,0,1,0,1,0,0,"-31.2574, -61.46463",S/D,,RAFAELA,Constitución,S/D,S/D,V,S/D,S/D,Otra Señal,S/D,Intersección,S/D,S/D,S/D,S/D,Múltiple,Ciclista,Colisión,S/D,S/D,Cordón divisorio,Sin restricción
2021,3731,2021-06-12,Sabado,,,0.0,2,"Moto/Ciclomotor,Moto/Ciclomotor",Rivadavia Y Viamonte,2,0,1,0,0,0,1,"-31.253063597541,-61.495215742796",Calle,,RAFAELA,Constitución,Asfalto,No existe,V,Dentro,Urbana,Otra Señal,No existe,Intersección,Bueno,Buena,Nocturna,Buen Tiempo,Múltiple,S/D,Colisión,Ninguna,Faltante,Cordón divisorio,Sin restricción
2021,3769,2021-07-07,Miercoles,06:50:00,Autopista Provincial Brigadier E.LÓPEZ,101.0,2,"Automóvil,Camión c / Acoplado", ,4,0,1,0,1,2,0,"-32.03231, -60.99148",Autopista,Brigadier E.LÓPEZ,AROCENA,Constitución,Asfalto,Pavimento,XV,Dentro,Rural,Otra Señal,No existe,Intersección,Bueno,S/D,Nocturna,S/D,Múltiple,S/D,Colisión,Ninguna,Faltante,Cordón divisorio,Sin restricción
2021,3789,2021-06-18,Viernes,11:10:00,Ruta Nacional 11,0.0,2,"Moto/Ciclomotor,Automóvil",Calle 21-Gdor. Iriondo Y Calle 34,4,0,1,0,3,0,0,"-29.146368818677,-59.656388075206",Ruta,11,RECONQUISTA,Constitución,Asfalto,No existe,IX,Dentro,Urbana,Otra Señal,No existe,Intersección,Bueno,Buena,Diurna,Buen Tiempo,Múltiple,S/D,Colisión,Ninguna,"Horizontal,Vertical",Cordón divisorio,Sin restricción
2021,3790,2021-06-21,Lunes,18:00:00,Ruta Nacional 11,0.0,2,"Automóvil,Moto/Ciclomotor",Pje B Calleja Y Ruta Nacional 11,2,0,1,0,1,0,0,"-31.504476070404078,-60.72782993316",Ruta,11,RECREO,Constitución,"Asfalto,Tierra",Ripio,I,Dentro,Urbana,Otra Señal,No existe,Intersección,S/D,S/D,Diurna,S/D,Múltiple,S/D,Colisión,S/D,Horizontal,Cordón divisorio,Sin restricción
2021,3798,2021-06-20,Domingo,10:00:00,,0.0,2,"Automóvil,Moto/Ciclomotor",CAMINO IMHOFF ,2,0,1,0,1,0,0,"-31.905895, -61.099772",Camino Rural,,Oroño,Constitución,Tierra,No existe,XV,Dentro,Rural,Otra Señal,No existe,Intersección,Bueno,Buena,Diurna,Buen Tiempo,Múltiple,S/D,Colisión,Ninguna,Faltante,Cordón divisorio,Sin restricción
2021,3814,2021-07-17,Sabado,05:30:00,,0.0,1,Automóvil,Av. Saturnino Duffy  1150,2,0,1,0,0,1,0,"-33.7854, -61.21332",Avenida,,WHEELWRIGHT,Constitución,Asfalto,S/D,VIII,S/D,Urbana,Otra Señal,S/D,Intersección,Bueno,S/D,Nocturna,Buen Tiempo,Múltiple,S/D,Colisión,S/D,S/D,Cordón divisorio,Sin restricción
2021,3825,2021-07-24,Sabado,07:50:00,Ruta Nacional 34,91.5,2,"Moto/Ciclomotor,Pickup/Utilitario",Ruta Nac 34 ,2,0,1,0,0,1,0,"-32.33366, -61.387",Ruta,34,SAN GENARO,Constitución,Asfalto,Natural,XV,S/D,Rural,Otra Señal,No existe,Intersección,Bueno,S/D,Diurna,S/D,Múltiple,S/D,Colisión,Ninguna,Faltante,Cordón divisorio,Sin restricción
2021,3831,2021-03-21,Domingo,11:20:00,Autopista Provincial Brigadier E.LÓPEZ,23.0,1,Moto/Ciclomotor, ,2,1,1,0,0,0,0,"-32.67281, -60.80899",Autopista,Brigadier E.LÓPEZ,TIMBÚES,Constitución,Hormigón,S/D,XVII,S/D,Rural,Otra Señal,S/D,Intersección,Bueno,S/D,Diurna,Buen Tiempo,Múltiple,S/D,Colisión,Ninguna,"Horizontal,Vertical",Cordón divisorio,Sin restricción
2021,3842,2021-07-31,Sabado,05:00:00,,0.0,2,"Moto/Ciclomotor,Automóvil",Belgrano Y Quintana,5,0,1,0,3,1,0,"-31.623705072034,-60.694997248659",Calle,,SANTA FE,Constitución,Asfalto,No existe,I,Dentro,Urbana,Otra Señal,No existe,Intersección,Bueno,Buena,Nocturna,S/D,Múltiple,S/D,Colisión,Ninguna,"Horizontal,Vertical",Cordón divisorio,Sin restricción
2021,3848,2021-03-07,Domingo,11:30:00,,0.0,2,"Moto/Ciclomotor,Automóvil",Calle 8 Y Calle 31,3,1,1,0,1,0,0,"-28.34791, -59.26003",Calle,,LAS TOSCAS,Constitución,Ripio,No existe,IV,Dentro,Urbana,Otra Señal,No existe,Intersección,Bueno,Buena,Diurna,Buen Tiempo,Múltiple,S/D,Colisión,Ninguna,Faltante,Cordón divisorio,Sin restricción
2021,3865,2021-05-02,Domingo,17:50:00,Ruta Nacional 11,0.0,1,Moto/Ciclomotor, ,1,0,1,0,0,0,0,"-28.35194, -59.26389",Ruta,11,LAS TOSCAS,Constitución,Asfalto,Natural,IX,S/D,Urbana,Otra Señal,No existe,Intersección,Otro,Buena,Diurna,Buen Tiempo,Múltiple,S/D,Colisión,Ninguna,Vertical,Cordón divisorio,Sin restricción
2021,3866,2021-05-08,Sabado,18:15:00,,0.0,2,"Automóvil,Moto/Ciclomotor",Calle 104 Y Calle 123,3,1,1,0,1,0,0,"-28.35228, -59.26519",Calle,,LAS TOSCAS,Constitución,Ripio,Natural,IX,S/D,Urbana,Otra Señal,No existe,Intersección,Bueno,Buena,Diurna,Buen Tiempo,Múltiple,S/D,Colisión,Ninguna,Faltante,Cordón divisorio,Sin restricción
2021,3891,2021-03-23,Martes,23:32:00,,0.0,1,Moto/Ciclomotor,Magallanes Y Soldado Aguirre,1,0,1,0,0,0,0,"-33.02931, -60.63716",Calle,,VILLA GOBERNADOR GÁLVEZ,Constitución,Asfalto,No existe,II,S/D,Urbana,Otra Señal,No existe,Intersección,Con baches,Reducida,Nocturna,S/D,Múltiple,S/D,Colisión,Ninguna,Faltante,Cordón divisorio,Sin restricción
2021,3897,2021-06-10,Jueves,16:50:00,Ruta Nacional 11,0.0,2,"Moto/Ciclomotor,Pickup/Utilitario",N Figueredo Y Ruta Nacional 11,2,0,1,0,1,0,0,"-30.790450572967547,-60.60071468353",Ruta,11,SAN JUSTO,Constitución,Asfalto,Pavimento,XVI,Dentro,Urbana,Otra Señal,No existe,Intersección,Bueno,Buena,Diurna,Buen Tiempo,Múltiple,S/D,Colisión,Ninguna,Horizontal,Cordón divisorio,Sin restricción
2021,3928,2021-07-18,Domingo,04:20:00,,0.0,2,"Automóvil,Moto/Ciclomotor",Av. Francia Y Bv. Seguí,2,0,1,0,1,0,0,"-32.974060784816,-60.673853893732",Avenida,,ROSARIO,Constitución,Asfalto,No existe,II,Dentro,Urbana,Otra Señal,Funciona,Intersección,Bueno,Buena,"Nocturna,Con luz artificial",Buen Tiempo,Múltiple,S/D,Colisión,Ninguna,"Horizontal,Vertical",Cordón divisorio,Sin restricción
2021,3931,2021-07-16,Viernes,13:35:00,,0.0,2,"Bicicleta,Moto/Ciclomotor",Bv. Seguí Y Vera Mujica,2,1,1,0,0,0,0,"-32.973834700887,-60.675113255587",Avenida,,ROSARIO,Constitución,Asfalto,No existe,II,Dentro,Urbana,Otra Señal,No existe,Intersección,Bueno,Buena,Diurna,Buen Tiempo,Múltiple,S/D,Colisión,Ninguna,"Horizontal,Vertical",Cordón divisorio,Sin restricción
2021,3932,2021-03-23,Martes,21:05:00,,0.0,1,Moto/Ciclomotor,Av. Génova Y Calle 710 Bis,1,0,1,0,0,0,0,"-32.91546, -60.69409",Avenida,,ROSARIO,Constitución,Asfalto,No existe,II,Dentro,Urbana,Otra Señal,No existe,Intersección,Deteriorada,S/D,Nocturna,S/D,Múltiple,S/D,Colisión,S/D,Vertical,Cordón divisorio,Sin restricción
2021,3933,2021-07-03,Sabado,12:05:00,,0.0,2,"Moto/Ciclomotor,Automóvil",Cazadores Y Rodríguez,3,1,1,0,1,0,0,"-33.004666266418,-60.670161018827",Calle,,ROSARIO,Constitución,Asfalto,No existe,II,Dentro,Urbana,Otra Señal,No existe,Intersección,Bueno,Buena,Diurna,Buen Tiempo,Múltiple,S/D,Colisión,Ninguna,Faltante,Cordón divisorio,Sin restricción
2021,3934,2021-03-23,Martes,16:50:00,,0.0,2,"Automóvil,Moto/Ciclomotor",Casiano Casas Y Blas Parera,2,0,1,0,1,0,0,"-32.90248, -60.7028",Avenida,,ROSARIO,Constitución,Asfalto,No existe,II,Dentro,Urbana,Otra Señal,No existe,Intersección,Con baches,Buena,Diurna,Buen Tiempo,Múltiple,S/D,Colisión,S/D,Horizontal,Cordón divisorio,Sin restricción
2021,3935,2021-07-01,Jueves,20:45:00,,0.0,2,"Moto/Ciclomotor,Automóvil",Cafferata Y Garibaldi,2,0,1,0,0,0,1,"-32.980074734685,-60.68093425236",Calle,,ROSARIO,Constitución,Asfalto,No existe,II,Dentro,Urbana,Otra Señal,No existe,Intersección,Bueno,Buena,"Nocturna,Con luz artificial",Buen Tiempo,Múltiple,S/D,Colisión,Ninguna,Faltante,Cordón divisorio,Sin restricción
2021,3938,2021-07-16,Viernes,11:00:00,,0.0,3,"Moto/Ciclomotor,Moto/Ciclomotor,Automóvil",Av. Battle y Ordoñez 5700,3,0,1,0,2,0,0,"-33.010329680433,-60.6988971478",Avenida,,ROSARIO,Constitución,Asfalto,No existe,II,Dentro,Urbana,Otra Señal,Funciona,Intersección,Bueno,Buena,Diurna,Buen Tiempo,Múltiple,S/D,Colisión,Ninguna,"Horizontal,Vertical",Cordón divisorio,Sin restricción
2021,3961,2021-07-11,Domingo,09:30:00,,0.0,2,"Automóvil,Moto/Ciclomotor",Bv. Avellaneda 5400,3,0,1,0,1,0,1,"-33.000312175604805, -60.6892991469",Avenida,,ROSARIO,Constitución,Asfalto,No existe,II,Dentro,Urbana,Otra Señal,No existe,Intersección,Bueno,Buena,Nocturna,Buen Tiempo,Múltiple,S/D,Colisión,Ninguna,"Horizontal,Vertical",Cordón divisorio,Sin restricción
2021,3962,2021-07-19,Lunes,12:00:00,,0.0,2,"Automóvil,Moto/Ciclomotor",Av. Arijon Y Cereseto,2,0,1,0,1,0,0,"-33.003806889833,-60.673831494952",Avenida,,ROSARIO,Constitución,Asfalto,No existe,II,Dentro,Urbana,Otra Señal,Funciona,Intersección,Bueno,Buena,Diurna,Buen Tiempo,Múltiple,S/D,Colisión,Ninguna,"Horizontal,Vertical",Cordón divisorio,Sin restricción
2021,3963,2021-07-11,Domingo,16:45:00,,0.0,3,"Automóvil,Automóvil,Automóvil",Av. Uriburu Y Bv. Avellaneda,5,1,1,0,3,0,0,"-32.991855217714,-60.688655728241",Avenida,,ROSARIO,Constitución,Asfalto,No existe,II,Dentro,Urbana,Otra Señal,Funciona,Intersección,Bueno,Buena,Diurna,Buen Tiempo,Múltiple,S/D,Colisión,Ninguna,"Horizontal,Vertical",Cordón divisorio,Sin restricción
2021,3966,2021-07-11,Domingo,00:05:00,,0.0,2,"Camión Chasis,Moto/Ciclomotor",Av. Avellaneda B 5400,3,1,1,0,1,0,0,"-33.000357, -60.689327",Avenida,,ROSARIO,Constitución,Asfalto,No existe,II,Dentro,Urbana,Otra Señal,Funciona,Intersección,Bueno,Buena,"Nocturna,Con luz artificial",Buen Tiempo,Múltiple,S/D,Colisión,Ninguna,"Horizontal,Vertical",Cordón divisorio,Sin restricción
2021,3967,2021-05-23,Domingo,,,0.0,2,"Moto/Ciclomotor,Automóvil",Urquiza ,3,1,1,0,1,0,0,"-30.94136, -61.56171",Calle,,SUNCHALES,Constitución,Asfalto,S/D,XI,Dentro,Urbana,Otra Señal,No existe,Intersección,S/D,S/D,Diurna,S/D,Múltiple,S/D,Colisión,S/D,S/D,Cordón divisorio,Sin restricción
2021,3970,2021-07-10,Sabado,18:00:00,,0.0,2,"Automóvil,Moto/Ciclomotor",Biedma Y Camilo Aldao,3,0,1,0,2,0,0,"-32.97295635898,-60.694734541059",Calle,,ROSARIO,Constitución,Asfalto,No existe,II,Dentro,Urbana,Otra Señal,No existe,Intersección,Bueno,Buena,Diurna,Buen Tiempo,Múltiple,S/D,Colisión,Ninguna,Faltante,Cordón divisorio,Sin restricción
2021,3976,2021-07-29,Jueves,10:15:00,,0.0,2,"Moto/Ciclomotor,Pickup/Utilitario",Av. Uriburu Y Paraguay,2,0,1,0,1,0,0,"-32.990858429232,-60.655165360792",Avenida,,ROSARIO,Constitución,Asfalto,No existe,II,Dentro,Urbana,Otra Señal,No existe,Intersección,Bueno,Buena,Diurna,Buen Tiempo,Múltiple,S/D,Colisión,Ninguna,Horizontal,Cordón divisorio,Sin restricción
2021,3980,2021-07-17,Sabado,13:30:00,,0.0,2,"Camión Chasis,Moto/Ciclomotor",Av. De Las Palmeras Y Calle 1721,3,1,1,0,1,0,0,"-32.98177242279054,-60.735967755317",Avenida,,ROSARIO,Constitución,Asfalto,S/D,II,Dentro,Urbana,Otra Señal,S/D,Intersección,Bueno,Buena,Diurna,Buen Tiempo,Múltiple,S/D,Colisión,S/D,S/D,Cordón divisorio,Sin restricción
2021,3985,2021-07-23,Viernes,18:30:00,,0.0,2,"Bicicleta,Automóvil",Anderson Y Rivarola,4,0,1,0,3,0,0,"-32.966066376061,-60.721421743509",Calle,,ROSARIO,Constitución,Asfalto,No existe,II,Dentro,Urbana,Otra Señal,No existe,Intersección,Bueno,Buena,Diurna,Buen Tiempo,Múltiple,Ciclista,Colisión,Ninguna,Faltante,Cordón divisorio,Sin restricción
2021,3986,2021-07-13,Martes,19:10:00,,0.0,1,Moto/Ciclomotor,Laprida Y Pje. Ortiz,1,0,1,0,0,0,0,"-32.97916259511,-60.642307359821",Calle,,ROSARIO,Constitución,Asfalto,No existe,II,Dentro,Urbana,Otra Señal,No existe,Intersección,Bueno,Buena,Atardecer,Buen Tiempo,Múltiple,S/D,Colisión,Ninguna,Faltante,Cordón divisorio,Sin restricción
2021,3996,2021-07-04,Domingo,17:15:00,,0.0,2,"Peatón,Automóvil",J.J.Paso Y Rep. Dominicana Bis,2,0,1,0,1,0,0,"-32.919547855854034,-60.69026291370",Calle,,ROSARIO,Constitución,Asfalto,No existe,II,Dentro,Urbana,Otra Señal,No existe,Intersección,Bueno,Buena,Diurna,S/D,Múltiple,Peatón,Colisión,Ninguna,Faltante,Cordón divisorio,Sin restricción
2021,4002,2021-05-24,Lunes,07:00:00,,0.0,2,"Moto/Ciclomotor,Vehículo Oficial",Av. Circunvalación ,2,0,1,0,1,0,0,"-32.74734, -60.75485",Avenida,,SANTA FE,Constitución,Asfalto,S/D,I,Dentro,Urbana,Otra Señal,No existe,Intersección,S/D,S/D,Amanecer,S/D,Múltiple,S/D,Colisión,S/D,S/D,Cordón divisorio,Sin restricción
2021,4016,2021-07-28,Miercoles,10:50:00,,0.0,2,"Moto/Ciclomotor,Automóvil",Ameghino Y San Martin,2,0,1,0,1,0,0,"-32.987515273187,-60.646081172763",Avenida,,ROSARIO,Constitución,Asfalto,No existe,II,Dentro,Urbana,Otra Señal,Funciona,Intersección,Bueno,Buena,Diurna,Buen Tiempo,Múltiple,S/D,Colisión,Ninguna,Vertical,Cordón divisorio,Sin restricción
2021,4018,2021-05-25,Martes,,,0.0,2,"Moto/Ciclomotor,Camión",Av. Irigoyen ,3,1,1,0,1,0,0,"-32.95883, -60.693",Calle,,ROSARIO,Constitución,Asfalto,S/D,II,Dentro,Urbana,Otra Señal,Funciona,Intersección,Bueno,S/D,Diurna,S/D,Múltiple,S/D,Colisión,S/D,S/D,Cordón divisorio,Sin restricción
2021,4054,2021-07-01,Jueves,15:45:00,Ruta Nacional 98,0.0,2,"Moto/Ciclomotor,Moto/Ciclomotor",Querandíes Y Republica Argentina,2,0,1,0,1,0,0,"-29.226290, -61.778924",Ruta,98,TOSTADO,Constitución,"Asfalto,Ripio",No existe,XII,Dentro,Urbana,Otra Señal,No existe,Intersección,Bueno,Buena,Atardecer,Buen Tiempo,Múltiple,S/D,Colisión,Ninguna,Faltante,Cordón divisorio,Sin restricción
2021,4060,2021-07-25,Domingo,20:50:00,,0.0,2,"Pickup/Utilitario,Moto/Ciclomotor",Pueyrredón Y San Lorenzo,2,0,1,0,1,0,0,"-32.940709303994,-60.656780681371",Calle,,ROSARIO,Constitución,Asfalto,No existe,II,Dentro,Urbana,Otra Señal,No existe,Intersección,Bueno,Buena,"Nocturna,Con luz artificial",Buen Tiempo,Múltiple,Ciclista,Colisión,Ninguna,Horizontal,Cordón divisorio,Sin restricción
2021,4062,2021-07-10,Sabado,23:25:00,,0.0,2,"Moto/Ciclomotor,Automóvil",Avenida San Martin Y Santa Fe,4,0,1,0,3,0,0,"-29.234518086621,-61.771362058226",Avenida,,TOSTADO,Constitución,Asfalto,No existe,XII,Dentro,Urbana,Otra Señal,No existe,Intersección,Bueno,Reducida,Nocturna,Buen Tiempo,Múltiple,S/D,Colisión,Ninguna,Faltante,Cordón divisorio,Sin restricción
2021,4080,2021-07-19,Lunes,07:30:00,Ruta Provincial 1,85.0,2,"Automóvil,Moto/Ciclomotor", ,2,0,1,0,1,0,0,"-31.088679363675656, -60.0920326607",Ruta,1,HELVECIA,Constitución,Asfalto,Natural,VII,Dentro,Rural,Otra Señal,No existe,Intersección,Bueno,Buena,Diurna,Buen Tiempo,Múltiple,S/D,Colisión,Ninguna,Horizontal,Cordón divisorio,Sin restricción
2021,4100,2021-07-31,Sabado,,,0.0,1,Moto/Ciclomotor,Simón de Iriondo 5700,1,0,1,0,0,0,0,"-31.41882089295,-60.92101699727",Calle,,ESPERANZA,Constitución,Asfalto,No existe,XI,Dentro,Urbana,Otra Señal,No existe,Intersección,Bueno,Buena,Diurna,Buen Tiempo,Múltiple,S/D,Colisión,Ninguna,Horizontal,Cordón divisorio,Sin restricción
2021,4117,2021-07-10,Sabado,10:20:00,Ruta Secundaria 62-s,8.0,2,"Automóvil,Peatón", ,2,0,1,0,1,0,0,"-30.991644, -60.999393",Ruta,62-s,PROVIDENCIA,Constitución,Asfalto,Natural,XI,Dentro,Rural,Otra Señal,No existe,Intersección,Bueno,Buena,Diurna,Buen Tiempo,Múltiple,Peatón,Colisión,Ninguna,Horizontal,Cordón divisorio,Sin restricción
2021,4127,2021-07-23,Viernes,03:35:00,Ruta Secundaria 28-s,0.0,1,Transporte de Pasajeros (H/ 8 asientos), ,1,0,1,0,0,0,0,"-32.57476329803463,-61.755266189575",Ruta,28-s,MONTES DE OCA,Constitución,Asfalto,Natural,III,Dentro,Rural,Otra Señal,No existe,Intersección,Bueno,Buena,Nocturna,Buen Tiempo,Múltiple,S/D,Colisión,Ninguna,Horizontal,Cordón divisorio,Sin restricción
2021,4135,2021-07-23,Viernes,15:10:00,Ruta Provincial 15,178.0,2,"Pickup/Utilitario,Moto/Ciclomotor", ,2,0,1,0,1,0,0,"-32.80077590553153, -61.62173482529",Ruta,15,ARMSTRONG,Constitución,Asfalto,No existe,III,Dentro,Rural,Otra Señal,No existe,Intersección,Bueno,Buena,Diurna,Buen Tiempo,Múltiple,S/D,Colisión,Ninguna,Horizontal,Cordón divisorio,Sin restricción
2021,4139,2021-07-18,Domingo,21:35:00,,0.0,2,"Moto/Ciclomotor,Pickup/Utilitario",L de la Torre Y Mitre B,3,0,1,0,2,0,0,"-29.464077091463,-60.215204839536",Calle,,VERA,Constitución,Asfalto,No existe,XIX,Dentro,Urbana,Otra Señal,No existe,Intersección,Bueno,Buena,Nocturna,Buen Tiempo,Múltiple,S/D,Colisión,Ninguna,Faltante,Cordón divisorio,Sin restricción
2021,4141,2021-07-07,Miercoles,15:40:00,,0.0,2,"Moto/Ciclomotor,Pickup/Utilitario",Ecuador Y San Lorenzo,2,0,1,0,1,0,0,"-32.789553212311,-61.61000401731",Calle,,ARMSTRONG,Constitución,Ripio,No existe,III,Dentro,Urbana,Otra Señal,No existe,Intersección,Bueno,Buena,Diurna,Buen Tiempo,Múltiple,S/D,Colisión,Ninguna,Faltante,Cordón divisorio,Sin restricción
2021,4143,2021-07-07,Miercoles,17:40:00,,0.0,2,"Moto/Ciclomotor,Automóvil",A Castellanos Y Bv 14 de Diciembre,3,1,1,0,1,0,0,"-32.782570657573,-61.598389054147",Avenida,,ARMSTRONG,Constitución,Asfalto,No existe,III,Dentro,Urbana,Otra Señal,No existe,Intersección,Con baches,Buena,Diurna,Buen Tiempo,Múltiple,S/D,Colisión,Ninguna,Faltante,Cordón divisorio,Sin restricción
2021,4145,2021-07-12,Lunes,16:30:00,,0.0,2,"Peatón,Bicicleta",San Luis Y Mitre,2,0,1,0,1,0,0,"-32.948778853409,-60.640216821435",Calle,,ROSARIO,Constitución,Asfalto,No existe,II,Dentro,Urbana,Otra Señal,No existe,Intersección,Bueno,Buena,Diurna,Buen Tiempo,Múltiple,Peatón,Colisión,Ninguna,"Horizontal,Vertical",Cordón divisorio,Sin restricción
2021,4146,2021-07-28,Miercoles,17:05:00,,0.0,2,"Moto/Ciclomotor,Moto/Ciclomotor",Moreno Y Paso de los Andes,2,1,1,0,0,0,0,"-32.471582639861,-61.579149219046",Calle,,LAS ROSAS,Constitución,Asfalto,No existe,III,Dentro,Urbana,Otra Señal,No existe,Intersección,Bueno,Buena,Diurna,Buen Tiempo,Múltiple,S/D,Colisión,Ninguna,Faltante,Cordón divisorio,Sin restricción
2021,4161,2021-07-27,Martes,15:50:00,,0.0,1,Moto/Ciclomotor,Calle 22 Y Calle 23,2,1,1,0,0,0,0,"-32.677156748633,-61.51839041542",Calle,,LAS PAREJAS,Constitución,Asfalto,No existe,III,Dentro,Urbana,Otra Señal,No existe,Intersección,Bueno,Buena,Diurna,Buen Tiempo,Múltiple,S/D,Colisión,Ninguna,Faltante,Cordón divisorio,Sin restricción
2021,4164,2021-07-25,Domingo,22:10:00,,0.0,3,"Moto/Ciclomotor,Automóvil,Automóvil",Avenida 21 Y Calle 14,5,0,1,0,3,0,1,"-32.680212955172,-61.523239434963",Avenida,,LAS PAREJAS,Constitución,Asfalto,No existe,III,Dentro,Urbana,Otra Señal,No existe,Intersección,Bueno,Buena,"Nocturna,Con luz artificial",Buen Tiempo,Múltiple,S/D,Colisión,Ninguna,Horizontal,Cordón divisorio,Sin restricción
2021,4170,2021-03-17,Miercoles,12:00:00,Ruta Secundaria 96-s,60.0,1,Otros, ,1,0,1,0,0,0,0,"-28.671, -59.8476",Ruta,96-s,TARTAGAL,Constitución,S/D,S/D,XIX,S/D,Urbana,Otra Señal,S/D,Intersección,S/D,S/D,Diurna,S/D,Múltiple,S/D,Colisión,S/D,S/D,Cordón divisorio,Sin restricción
2021,4179,2021-07-11,Domingo,18:50:00,,0.0,1,Moto/Ciclomotor,Ituzaingó Y Santa Fe,1,0,1,0,0,0,0,"-29.889480970449,-60.290843382949",Calle,,CALCHAQUÍ,Constitución,Tierra,No existe,XIX,Dentro,Urbana,Otra Señal,No existe,Intersección,Deteriorada,Buena,"Nocturna,Con luz artificial",Buen Tiempo,Múltiple,S/D,Colisión,Ninguna,Faltante,Cordón divisorio,Sin restricción
2021,4189,2021-07-18,Domingo,16:10:00,Autopista Nacional A008,0.0,2,"Moto/Ciclomotor,Automóvil",Av. Circunvalación Y Av. Ovidio Lagos,2,0,1,0,0,0,1,"-33.007778791103,-60.677013966922",Autopista,A008,ROSARIO,Constitución,Asfalto,Pavimento,II,Dentro,Urbana,Otra Señal,No existe,Intersección,Bueno,Buena,Diurna,Buen Tiempo,Múltiple,S/D,Colisión,Ninguna,Horizontal,Cordón divisorio,Sin restricción
2021,4205,2021-07-05,Lunes,08:45:00,Ruta Nacional A012,0.0,2,"Camión,Automóvil",RUTA 18 ,2,0,1,0,1,0,0,"-33.089633, -60.699926",Ruta,A012,LA CAROLINA,Constitución,Asfalto,Pavimento,II,Dentro,Rural,Otra Señal,No existe,Intersección,Bueno,Reducida,Diurna,Buen Tiempo,Múltiple,S/D,Colisión,Ninguna,"Horizontal,Vertical",Cordón divisorio,Sin restricción
2021,4211,2021-07-18,Domingo,22:00:00,,0.0,2,"Moto/Ciclomotor,Automóvil",Córdoba Y Donado,3,0,1,0,2,0,0,"-32.93043781901,-60.727366906678",Calle,,ROSARIO,Constitución,Asfalto,No existe,II,Dentro,Urbana,Otra Señal,Funciona,Intersección,Bueno,Buena,Diurna,Buen Tiempo,Múltiple,S/D,Colisión,Ninguna,"Horizontal,Vertical",Cordón divisorio,Sin restricción
2021,4217,2021-07-02,Viernes,13:50:00,,0.0,2,"Moto/Ciclomotor,Moto/Ciclomotor",Benegas Y Sánchez de Loria,2,1,1,0,0,0,0,"-32.930932403332,-60.732056876286",Calle,,ROSARIO,Constitución,Asfalto,No existe,II,Dentro,Urbana,Otra Señal,No existe,Intersección,Bueno,Buena,Diurna,Buen Tiempo,Múltiple,S/D,Colisión,Ninguna,Faltante,Cordón divisorio,Sin restricción
2021,4220,2021-07-02,Viernes,17:00:00,,0.0,2,"Automóvil,Moto/Ciclomotor",Donado Y José Ingenieros,2,0,1,0,1,0,0,"-32.917475253985,-60.728027454",Calle,,ROSARIO,Constitución,Asfalto,No existe,II,Dentro,Urbana,Otra Señal,No existe,Intersección,Bueno,Buena,Diurna,Buen Tiempo,Múltiple,S/D,Colisión,Ninguna,Faltante,Cordón divisorio,Sin restricción
2021,4222,2021-07-08,Jueves,08:25:00,,0.0,2,"Moto/Ciclomotor,Automóvil",Av. Eva Perón 8180,2,0,1,0,0,0,1,"-32.928450155713,-60.738499882784",Avenida,,ROSARIO,Constitución,Asfalto,No existe,II,Dentro,Urbana,Otra Señal,Funciona,Intersección,Bueno,Buena,Diurna,Buen Tiempo,Múltiple,S/D,Colisión,Ninguna,"Horizontal,Vertical",Cordón divisorio,Sin restricción
2021,4223,2021-07-09,Viernes,19:25:00,Ruta Nacional 9,0.0,2,"Automóvil,Moto/Ciclomotor",Ruta Nacional 9 Y Tucumán,3,0,1,0,2,0,0,"-32.922189670268,-60.807300383529",Ruta,9,FUNES,Constitución,Asfalto,Ripio,II,Dentro,Urbana,Otra Señal,No existe,Intersección,Bueno,Buena,"Nocturna,Con luz artificial",Buen Tiempo,Múltiple,S/D,Colisión,Ninguna,Horizontal,Cordón divisorio,Sin restricción