anio_acci,nro_acci,fecha,desc_dia,hora_aprox,desc_ruta,km,cant_participantes,desc_participante,calle_avenida_km,total,heridos_leves,heridos_graves,heridos_gravisimos,ilesos,fallecidos,sin_datos,posicion_XY,desc_tipo_via,desc_ruta_ori,desc_loc,desc_dpto,desc_tipo_calzada,desc_tipo_banquina,desc_unidad_regional,desc_lugar_calzada,desc_zona,desc_prioridad,desc_estado_semaforo,desc_lugar_via,desc_estado_via,desc_estado_visibilidad,desc_luminosidad,desc_estado_clima,desc_tipo_colision,desc_tipo_atropello,desc_tipo_hecho,desc_pres_calzada,desc_senializacion,desc_separacion_via,desc_restriccion
2021,5952,2021-08-04,Miercoles,,,0.0,2,"Moto/Ciclomotor,Automóvil",Ing.Laporte Y Pago Largo,2,0,1,0,0,0,1,"-32.87967, -60.69375",Calle,,ROSARIO,Constitución,Asfalto,No existe,II,Dentro,Urbana,Otra Señal,No existe,Intersección,Bueno,S/D,Nocturna,Buen Tiempo,Múltiple,S/D,Colisión,Ninguna,Faltante,Cordón divisorio,Sin restricción
2021,5966,2021-08-20,Viernes,17:00:00,,0.0,2,"Moto/Ciclomotor,Pickup/Utilitario", ,2,1,1,0,0,0,0,"-32.74734, -60.75485",Calle,,SAN LORENZO,Constitución,S/D,S/D,XVII,S/D,S/D,Otra Señal,S/D,Intersección,S/D,S/D,Diurna,S/D,Múltiple,S/D,Colisión,S/D,S/D,Cordón divisorio,Sin restricción
2021,5970,2021-08-12,Jueves,14:00:00,,0.0,2,"Moto/Ciclomotor,Otros",Rafaela Y Luis F Leloir,3,0,1,0,2,0,0,"-30.93807, -61.54973",Calle,,SUNCHALES,Constitución,Hormigón,No existe,V,Dentro,Urbana,Otra Señal,No existe,Intersección,Bueno,Buena,Diurna,Buen Tiempo,Múltiple,S/D,Colisión,Ninguna,Faltante,Cordón divisorio,Sin restricción
2021,5981,2021-08-07,Sabado,19:50:00,,0.0,2,"Pickup/Utilitario,Moto/Ciclomotor",Mitre Y Solís,2,0,1,0,1,0,0,"-32.66988, -60.79693",Calle,,TIMBÚES,Constitución,Hormigón,No existe,XVII,Dentro,Urbana,Otra Señal,No existe,Intersección,Bueno,Buena,Nocturna,Buen Tiempo,Múltiple,S/D,Colisión,Agua,Vertical,Cordón divisorio,Sin restricción
2021,6006,2021-08-02,Lunes,18:30:00,,0.0,2,"Peatón,Pickup/Utilitario",J B Alberdi Y Buenos Aires,3,1,1,0,1,0,0,"-32.71305, -60.729",Calle,,PUERTO SAN MARTÍN,Constitución,Asfalto,No existe,XVII,Dentro,Urbana,Otra Señal,No existe,Intersección,Bueno,Buena,Diurna,Buen Tiempo,Múltiple,Peatón,Colisión,Ninguna,Faltante,Cordón divisorio,Sin restricción
2021,6009,2021-08-05,Jueves,20:00:00,,0.0,1,Moto/Ciclomotor,América ,1,0,1,0,0,0,0,"-32.70274, -60.76079",Calle,,PUERTO SAN MARTÍN,Constitución,Ripio,Ripio,XVII,Dentro,Urbana,Otra Señal,S/D,Intersección,Con baches,Buena,Nocturna,Buen Tiempo,Múltiple,S/D,Colisión,Ninguna,Faltante,Cordón divisorio,Sin restricción
2021,6014,2021-08-24,Martes,20:30:00,,0.0,2,"Moto/Ciclomotor,Pickup/Utilitario",Azcuénaga Y Caseros,3,1,1,0,1,0,0,"-30.30279, -61.23167",Calle,,SAN CRISTÓBAL,Constitución,Asfalto,No existe,XIII,Dentro,Urbana,Otra Señal,No existe,Intersección,Bueno,Buena,"Nocturna,Con luz artificial",Buen Tiempo,Múltiple,S/D,Colisión,Ninguna,Faltante,Cordón divisorio,Sin restricción
2021,6022,2021-08-12,Jueves,08:00:00,,0.0,2,"Pickup/Utilitario,Moto/Ciclomotor",C Silva Y Yapeyu,2,1,1,0,0,0,0,"-32.70682, -60.76423",Calle,,PUERTO SAN MARTÍN,Constitución,Asfalto,No existe,XVII,Dentro,Urbana,Otra Señal,No existe,Intersección,Bueno,Buena,Diurna,Buen Tiempo,Múltiple,S/D,Colisión,Ninguna,Faltante,Cordón divisorio,Sin restricción
2021,6032,2021-08-06,Viernes,09:30:00,,0.0,2,"Moto/Ciclomotor,Pickup/Utilitario",Las Heras Y M Moreno,3,1,1,0,1,0,0,"-32.81238, -60.72266",S/D,,CAPITÁN BERMÚDEZ,Constitución,S/D,S/D,XVII,S/D,S/D,Otra Señal,S/D,Intersección,S/D,S/D,S/D,S/D,Múltiple,S/D,Colisión,S/D,S/D,Cordón divisorio,Sin restricción
2021,6046,2021-08-19,Jueves,21:45:00,,0.0,2,"Moto/Ciclomotor,Pickup/Utilitario",Pastor Barrios Y Güemes,2,0,1,0,1,0,0,"-30.9416, -61.55836",Calle,,LAGUNA PAIVA,Constitución,Asfalto,Natural,I,Dentro,Urbana,Otra Señal,No existe,Intersección,Bueno,Buena,"Nocturna,Con luz artificial",Buen Tiempo,Múltiple,S/D,Colisión,Ninguna,Faltante,Cordón divisorio,Sin restricción
2021,6048,2021-08-18,Miercoles,10:00:00,Ruta Nacional 11,513.0,2,"Automóvil,Automóvil", ,4,2,1,0,1,0,0,"-31.26608, -60.7587",Ruta,11,SANTA FE,Constitución,Asfalto,Natural,I,Dentro,Urbana,Otra Señal,No existe,Intersección,Bueno,Buena,Diurna,Buen Tiempo,Múltiple,S/D,Colisión,Ninguna,Horizontal,Cordón divisorio,Sin restricción
2021,6073,2021-08-23,Lunes,21:50:00,Autopista Provincial Brigadier E.LÓPEZ,145.0,2,"Peatón,Automóvil", ,2,0,1,0,1,0,0,"-31.62316, -60.75643",Autopista,Brigadier E.LÓPEZ,SANTO TOMÉ,Constitución,Asfalto,No existe,I,Dentro,Urbana,Otra Señal,No existe,Intersección,Deteriorada,Reducida,Diurna,Buen Tiempo,Múltiple,Peatón,Colisión,Ninguna,Faltante,Cordón divisorio,Sin restricción
2021,6085,2021-08-21,Sabado,13:30:00,,0.0,2,"Bicicleta,Automóvil",Rivadavia ,2,0,1,0,1,0,0,"-31.43891, -61.2592",Calle,,PILAR,Constitución,Asfalto,Natural,XI,Dentro,Urbana,Otra Señal,No existe,Intersección,Bueno,Buena,Diurna,Buen Tiempo,Múltiple,Ciclista,Colisión,Ninguna,Vertical,Cordón divisorio,Sin restricción
2021,6092,2021-09-23,Jueves,17:50:00,,0.0,2,"Automóvil,Moto/Ciclomotor",Irigoyen 3600,2,0,1,0,1,0,0,"-32.725864814427,-60.7348556461",Calle,,SAN LORENZO,Constitución,Asfalto,No existe,XVI,Dentro,Urbana,Otra Señal,No existe,Intersección,Bueno,S/D,Diurna,S/D,Múltiple,S/D,Colisión,Ninguna,S/D,Cordón divisorio,Sin restricción
2021,6105,2021-09-14,Martes,12:05:00,Ruta Nacional 9,0.0,2,"Moto/Ciclomotor,Automóvil",Andes Y Ruta Nacional 9,3,1,1,0,1,0,0,"-32.909175753593466,-60.88754475116",Ruta,9,ROLDÁN,Constitución,Asfalto,Natural,XVII,Dentro,Urbana,Otra Señal,No existe,Intersección,S/D,S/D,Diurna,S/D,Múltiple,S/D,Colisión,Ninguna,Horizontal,Cordón divisorio,Sin restricción
2021,6126,2021-08-13,Viernes,21:35:00,,0.0,2,"Automóvil,Moto/Ciclomotor",Crespo Y 24 De Setiembre,2,0,1,0,0,0,1,"-32.97487, -60.67675",Calle,,ROSARIO,Constitución,Asfalto,Pavimento,II,S/D,Urbana,Otra Señal,No existe,Intersección,Otro,Buena,Nocturna,Buen Tiempo,Múltiple,S/D,Colisión,Otro,Faltante,Cordón divisorio,Sin restricción
2021,6128,2021-08-15,Domingo,12:15:00,,0.0,2,"Automóvil,Moto/Ciclomotor",Bv. Avellaneda Y Gral.Mosconi,4,2,1,0,0,0,1,"-32.98366, -60.6885",S/D,,ROSARIO,Constitución,Asfalto,Pavimento,II,S/D,Urbana,Otra Señal,No existe,Intersección,Bueno,Buena,Diurna,Buen Tiempo,Múltiple,S/D,Colisión,Ninguna,Faltante,Cordón divisorio,Sin restricción
2021,6129,2021-08-14,Sabado,12:30:00,,0.0,2,"Automóvil,Moto/Ciclomotor",Dr. Rivas Y Av. Francia,2,0,1,0,0,0,1,"-32.97873, -60.67501",Avenida,,ROSARIO,Constitución,Asfalto,Pavimento,II,S/D,Urbana,Otra Señal,No existe,Intersección,Bueno,Buena,Diurna,Buen Tiempo,Múltiple,S/D,Colisión,Ninguna,Faltante,Cordón divisorio,Sin restricción
2021,6130,2021-08-15,Domingo,10:30:00,,0.0,2,"Bicicleta,Automóvil",Av. Ovidio Lagos Y Dean Funes,2,0,1,0,0,0,1,"-32.97156, -60.66859",Calle,,ROSARIO,Constitución,Asfalto,Pavimento,II,Dentro,Urbana,Otra Señal,No existe,Intersección,Bueno,Buena,Diurna,Buen Tiempo,Múltiple,Ciclista,Colisión,Ninguna,Faltante,Cordón divisorio,Sin restricción
2021,6133,2021-08-30,Lunes,17:00:00,,0.0,2,"Automóvil,Moto/Ciclomotor",Güemes Y General Paz,2,1,1,0,0,0,0,"-31.45255, -60.93451",Calle,,ESPERANZA,Constitución,Asfalto,No existe,XI,S/D,Urbana,Otra Señal,No existe,Intersección,Bueno,Buena,Diurna,Buen Tiempo,Múltiple,S/D,Colisión,Ninguna,S/D,Cordón divisorio,Sin restricción
2021,6149,2021-08-11,Miercoles,13:30:00,,0.0,2,"Bicicleta,Automóvil",Av. Francia Y Pte. Quintana,2,0,1,0,0,0,1,"-32.97771, -60.67457",Calle,,ROSARIO,Constitución,S/D,S/D,II,S/D,Urbana,Otra Señal,S/D,Intersección,Bueno,Buena,S/D,Buen Tiempo,Múltiple,Ciclista,Colisión,Ninguna,"Horizontal,Vertical",Cordón divisorio,Sin restricción
2021,6151,2021-08-07,Sabado,15:30:00,,0.0,2,"Moto/Ciclomotor,Automóvil",Bv. Oroño Y Av. Battle y Ordoñez,2,0,1,0,0,0,1,"-33.00933, -60.66441",Calle,,ROSARIO,Constitución,Asfalto,Pavimento,II,S/D,Urbana,Otra Señal,Funciona,Intersección,Bueno,Buena,Diurna,Buen Tiempo,Múltiple,S/D,Colisión,Ninguna,"Horizontal,Vertical",Cordón divisorio,Sin restricción
2021,6154,2021-08-11,Miercoles,15:50:00,,0.0,2,"Moto/Ciclomotor,Automóvil",Bv. Oroño Y Benito Juárez,2,0,1,0,0,0,1,"-32.99347, -60.66544",Calle,,ROSARIO,Constitución,Asfalto,Pavimento,II,S/D,Urbana,Otra Señal,Funciona,Intersección,Bueno,Buena,"Diurna,Con luz artificial",Buen Tiempo,Múltiple,S/D,Colisión,Ninguna,"Horizontal,Vertical",Cordón divisorio,Sin restricción
2021,6156,2021-08-07,Sabado,13:20:00,,0.0,2,"Moto/Ciclomotor,Automóvil",Bv. Seguí Y Rodríguez,2,0,1,0,0,0,1,"-32.97549, -60.66697",Avenida,,ROSARIO,Constitución,Asfalto,Pavimento,II,S/D,Urbana,Otra Señal,No existe,Intersección,Bueno,Buena,Diurna,Buen Tiempo,Múltiple,S/D,Colisión,Ninguna,Horizontal,Cordón divisorio,Sin restricción
2021,6157,2021-08-05,Jueves,17:00:00,,0.0,2,"Bicicleta,Automóvil",Vuelta De Obligado Y Av. Uriburu,2,0,1,0,0,0,1,"-32.99114, -60.66301",S/D,,ROSARIO,Constitución,Asfalto,Pavimento,II,S/D,Urbana,Otra Señal,No existe,Intersección,Bueno,Buena,Diurna,Buen Tiempo,Múltiple,Ciclista,Colisión,Ninguna,Faltante,Cordón divisorio,Sin restricción
2021,6160,2021-08-07,Sabado,18:20:00,Autopista Nacional A008,0.0,2,"Moto/Ciclomotor,Camión c / Acoplado",Av. Circunvalación Y Bv. Oroño,3,1,1,0,0,0,1,"-33.01102, -60.66465",Autopista,A008,ROSARIO,Constitución,Asfalto,Pavimento,II,S/D,Urbana,Otra Señal,Funciona,Intersección,Deteriorada,Buena,Atardecer,Buen Tiempo,Múltiple,S/D,Colisión,Material Suelto,"Horizontal,Vertical",Cordón divisorio,Sin restricción
2021,6163,2021-08-17,Martes,19:00:00,,0.0,2,"Moto/Ciclomotor,Moto/Ciclomotor",Italia Y Ituzaingó,4,0,1,0,3,0,0,"-32.47558, -61.5831",Calle,,LAS ROSAS,Constitución,Asfalto,No existe,III,Dentro,Urbana,Otra Señal,No existe,Intersección,Bueno,Buena,Atardecer,Buen Tiempo,Múltiple,S/D,Colisión,Ninguna,Faltante,Cordón divisorio,Sin restricción
2021,6166,2021-08-19,Jueves,14:00:00,,0.0,2,"Automóvil,Moto/Ciclomotor",Santa Fe Y Bv Villa María,2,0,1,0,1,0,0,"-32.79093, -61.60605",Calle,,ARMSTRONG,Constitución,Asfalto,No existe,III,Dentro,Urbana,Otra Señal,No existe,Intersección,Bueno,Buena,Diurna,Buen Tiempo,Múltiple,S/D,Colisión,Ninguna,Faltante,Cordón divisorio,Sin restricción
2021,6178,2021-08-30,Lunes,19:30:00,,0.0,2,"Automóvil,Bicicleta",Bv C Pellegrini Y Gdor. Cabal,2,0,1,0,1,0,0,"-30.79347, -60.59504",Avenida,,SAN JUSTO,Constitución,Asfalto,No existe,XVI,Dentro,Urbana,Otra Señal,No existe,Intersección,Bueno,Buena,Atardecer,Buen Tiempo,Múltiple,S/D,Colisión,Ninguna,Faltante,Cordón divisorio,Sin restricción
2021,6190,2021-08-04,Miercoles,10:00:00,,0.0,2,"Moto/Ciclomotor,Automóvil",Ayacucho 6300,2,0,1,0,1,0,0,"-33.00969, -60.63583",Calle,,ROSARIO,Constitución,Asfalto,No existe,II,Dentro,Urbana,Otra Señal,No existe,Intersección,Bueno,Buena,Diurna,Buen Tiempo,Múltiple,S/D,Colisión,Ninguna,Faltante,Cordón divisorio,Sin restricción
2021,6191,2021-08-07,Sabado,22:10:00,,0.0,2,"Automóvil,Moto/Ciclomotor",Alzugaray Y Pago de los Arroyos,2,0,1,0,1,0,0,"-33.01308, -60.65006",S/D,,ROSARIO,Constitución,Asfalto,No existe,II,Dentro,Urbana,Otra Señal,No existe,Intersección,Bueno,Buena,Con luz artificial,Buen Tiempo,Múltiple,S/D,Colisión,Ninguna,Faltante,Cordón divisorio,Sin restricción
2021,6218,2021-08-14,Sabado,01:00:00,,0.0,2,"Moto/Ciclomotor,Automóvil",San Martin Y Biedma,4,0,1,0,3,0,0,"-32.9819, -60.64468",Avenida,,ROSARIO,Constitución,Asfalto,No existe,II,S/D,Urbana,Otra Señal,Intermitente,Intersección,Bueno,Buena,Nocturna,Buen Tiempo,Múltiple,S/D,Colisión,Ninguna,Vertical,Cordón divisorio,Sin restricción
2021,6246,2021-09-01,Miercoles,13:45:00,,0.0,1,Moto/Ciclomotor,J B Justo Y Perú,2,0,1,0,1,0,0,"-30.943645355238,-61.549987781455",Calle,,SUNCHALES,Constitución,Asfalto,No existe,V,Dentro,Urbana,Otra Señal,No existe,Intersección,Bueno,Buena,Diurna,Buen Tiempo,Múltiple,S/D,Colisión,Ninguna,Faltante,Cordón divisorio,Sin restricción
2021,6250,2021-09-15,Miercoles,18:40:00,,0.0,2,"Moto/Ciclomotor,Moto/Ciclomotor",Avenida Belgrano Y Tucumán,2,1,1,0,0,0,0,"-30.940488756289,-61.561994759739",Calle,,SUNCHALES,Constitución,Asfalto,Pavimento,V,Dentro,Urbana,Otra Señal,Funciona,Intersección,Bueno,Buena,Atardecer,Buen Tiempo,Múltiple,S/D,Colisión,Ninguna,Vertical,Cordón divisorio,Sin restricción
2021,6252,2021-08-20,Viernes,20:00:00,,0.0,2,"Moto/Ciclomotor,Automóvil",Montevideo Y Junín,2,0,1,0,1,0,0,"-32.95003, -60.6748",Calle,,ROSARIO,Constitución,Asfalto,S/D,II,Dentro,Urbana,Otra Señal,S/D,Intersección,Bueno,S/D,Nocturna,Buen Tiempo,Múltiple,S/D,Colisión,Ninguna,Horizontal,Cordón divisorio,Sin restricción
2021,6260,2021-08-21,Sabado,21:30:00,,0.0,2,"Moto/Ciclomotor,Automóvil",Bv. Avellaneda Y Pte. Quintana,2,0,1,0,1,0,0,"-32.97522, -60.68834",Avenida,,ROSARIO,Constitución,Asfalto,Pavimento,II,Dentro,Urbana,Otra Señal,No existe,Intersección,Otro,Buena,"Atardecer,Con luz artificial",Buen Tiempo,Múltiple,S/D,Colisión,Ninguna,Faltante,Cordón divisorio,Sin restricción
2021,6263,2021-12-13,Lunes,04:55:00,,0.0,1,Moto/Ciclomotor,José Ignacio Gorriti Y Av. Urquiza,3,1,1,0,0,1,0,"-31.58964, -60.69697",Calle,,SANTA FE,Constitución,"Asfalto,Tierra",No existe,I,S/D,Urbana,Otra Señal,No existe,Intersección,Bueno,S/D,Nocturna,S/D,Múltiple,S/D,Colisión,Ninguna,Faltante,Cordón divisorio,Sin restricción
2021,6264,2021-12-19,Domingo,18:18:00,,0.0,2,"Automóvil,Moto/Ciclomotor",Pte. Quintana 3100,3,0,1,0,2,0,0,"-32.97766, -60.67458",Calle,,ROSARIO,Constitución,Asfalto,Pavimento,II,Dentro,Urbana,Otra Señal,No existe,Intersección,Bueno,Buena,Atardecer,Buen Tiempo,Múltiple,S/D,Colisión,Ninguna,Horizontal,Cordón divisorio,Sin restricción
2021,6266,2021-08-21,Sabado,22:40:00,,0.0,1,Moto/Ciclomotor,Bv. Avellaneda ,2,0,1,0,1,0,0,"-32.98364, -60.68844",Calle,,ROSARIO,Constitución,Asfalto,Pavimento,II,Dentro,Urbana,Otra Señal,No existe,Intersección,Bueno,Buena,Nocturna,Buen Tiempo,Múltiple,S/D,Colisión,Ninguna,"Horizontal,Vertical",Cordón divisorio,Sin restricción
2021,6268,2021-09-30,Jueves,,,0.0,2,"Moto/Ciclomotor,Automóvil",Av. San Lorenzo Y Florida,2,0,1,0,1,0,0,"-32.82575895169,-60.713523063272",Avenida,,CAPITÁN BERMÚDEZ,Constitución,Asfalto,No existe,XVII,Dentro,Urbana,Otra Señal,Funciona,Intersección,Resbaladiza,Buena,Diurna,Buen Tiempo,Múltiple,S/D,Colisión,Agua,Vertical,Cordón divisorio,Sin restricción
2021,6269,2021-08-26,Jueves,14:30:00,,0.0,2,"Moto/Ciclomotor,Automóvil",Av. Arijon Y España,2,0,1,0,1,0,0,"-33.00334, -60.65764",Avenida,,ROSARIO,Constitución,Asfalto,Pavimento,II,Dentro,Urbana,Otra Señal,Funciona,Intersección,Bueno,Buena,Diurna,Buen Tiempo,Múltiple,S/D,Colisión,Ninguna,"Horizontal,Vertical",Cordón divisorio,Sin restricción
2021,6274,2021-08-04,Miercoles,13:00:00,,0.0,2,"Tren,Peatón",Ecuador ,2,0,1,0,1,0,0,"-32.94523, -60.71476",Calle,,ROSARIO,Constitución,S/D,No existe,II,S/D,Urbana,Otra Señal,No existe,Intersección,S/D,Buena,Diurna,Buen Tiempo,Múltiple,Peatón,Colisión,Ninguna,Faltante,Cordón divisorio,Sin restricción
2021,6277,2021-08-01,Domingo,00:50:00,,0.0,2,"Moto/Ciclomotor,Automóvil",Bielsa Y Campbell,3,1,1,0,1,0,0,"-32.92368, -60.70876",Calle,,ROSARIO,Constitución,Asfalto,No existe,II,Dentro,Urbana,Otra Señal,No existe,Intersección,S/D,Reducida,Nocturna,S/D,Múltiple,S/D,Colisión,S/D,Faltante,Cordón divisorio,Sin restricción
2021,6282,2021-08-15,Domingo,23:15:00,,0.0,2,"Automóvil,Moto/Ciclomotor",Tarragona Y J.B.Justo,2,0,1,0,1,0,0,"-32.91551, -60.73523",Calle,,ROSARIO,Constitución,Asfalto,No existe,II,Dentro,Urbana,Otra Señal,No existe,Intersección,Bueno,Buena,Nocturna,S/D,Múltiple,S/D,Colisión,S/D,Faltante,Cordón divisorio,Sin restricción
2021,6289,2021-08-09,Lunes,09:40:00,,0.0,2,"Bicicleta,Automóvil",Bv. Avellaneda Y Riobamba,2,0,1,0,1,0,0,"-32.95593, -60.68327",Avenida,,ROSARIO,Constitución,Asfalto,No existe,II,S/D,Urbana,Otra Señal,No existe,Intersección,Bueno,Buena,Diurna,Buen Tiempo,Múltiple,Ciclista,Colisión,Ninguna,S/D,Cordón divisorio,Sin restricción
2021,6292,2021-08-13,Viernes,20:30:00,,0.0,2,"Moto/Ciclomotor,Bicicleta",Rivarola Y Méndez,2,0,1,0,1,0,0,"-32.96595, -60.71654",Calle,,ROSARIO,Constitución,Asfalto,No existe,II,Dentro,Urbana,Otra Señal,S/D,Intersección,Bueno,Buena,Nocturna,Buen Tiempo,Múltiple,Ciclista,Colisión,Ninguna,S/D,Cordón divisorio,Sin restricción
2021,6294,2021-08-06,Viernes,16:25:00,,0.0,2,"Moto/Ciclomotor,Automóvil",Cafferata Y Pje. Gordillo,2,0,1,0,1,0,0,"-32.95545, -60.67476",Calle,,ROSARIO,Constitución,Asfalto,Pavimento,II,S/D,Urbana,Otra Señal,No existe,Intersección,S/D,Buena,Diurna,Buen Tiempo,Múltiple,S/D,Colisión,Ninguna,Faltante,Cordón divisorio,Sin restricción
2021,6302,2021-02-02,Martes,21:00:00,,0.0,1,Bicicleta,Bv. Seguí Y San Nicolas,1,0,1,0,0,0,0,"-32.973030243941,-60.680578854413",Avenida,,ROSARIO,Constitución,Asfalto,No existe,II,Dentro,Urbana,Otra Señal,Funciona,Intersección,Bueno,Buena,S/D,Buen Tiempo,Múltiple,S/D,Colisión,S/D,"Horizontal,Vertical",Cordón divisorio,Sin restricción
2021,6314,2021-08-04,Miercoles,08:00:00,,0.0,2,"Automóvil,Moto/Ciclomotor",Suipacha ,2,0,1,0,1,0,0,"-32.91189, -60.81378",S/D,,FUNES,Constitución,Asfalto,Natural,II,S/D,S/D,Otra Señal,No existe,Intersección,Bueno,Buena,Diurna,Buen Tiempo,Múltiple,S/D,Colisión,Ninguna,Faltante,Cordón divisorio,Sin restricción
2021,6338,2021-08-06,Viernes,15:00:00,,0.0,2,"Moto/Ciclomotor,Moto/Ciclomotor",Av. Filipini ,2,0,1,0,0,0,1,"-33.02519, -60.63719",Calle,,VILLA GOBERNADOR GÁLVEZ,Constitución,S/D,No existe,II,S/D,Urbana,Otra Señal,No existe,Intersección,Bueno,Buena,Diurna,Otro,Múltiple,S/D,Colisión,Ninguna,Faltante,Cordón divisorio,Sin restricción
2021,6348,2021-02-05,Viernes,22:00:00,,0.0,2,"Moto/Ciclomotor,Moto/Ciclomotor",Av. Pellegrini Y Av. Provincias Unidas,2,0,1,0,0,0,1,"-32.948501390869,-60.712173532492",Avenida,,ROSARIO,Constitución,Asfalto,No existe,II,Dentro,Urbana,Otra Señal,Funciona,Intersección,Bueno,S/D,Nocturna,Buen Tiempo,Múltiple,S/D,Colisión,S/D,"Horizontal,Vertical",Cordón divisorio,Sin restricción
2021,6354,2021-08-15,Domingo,09:30:00,Ruta Nacional 11,0.0,2,"Automóvil,Moto/Ciclomotor",Calle 15 ,5,0,1,0,4,0,0,"-28.35657, -59.26375",Ruta,11,LAS TOSCAS,Constitución,Asfalto,Pavimento,IX,Dentro,Urbana,Otra Señal,Funciona,Intersección,Bueno,Buena,Diurna,Buen Tiempo,Múltiple,S/D,Colisión,Ninguna,S/D,Cordón divisorio,Sin restricción
2021,6355,2021-09-25,Sabado,,Ruta Nacional 11,0.0,2,"Moto/Ciclomotor,Automóvil",Av. San Lorenzo Y Salta,2,0,1,0,1,0,0,"-32.828572645274,-60.712648477139",Ruta,11,CAPITÁN BERMÚDEZ,Constitución,Asfalto,No existe,XVII,Dentro,Urbana,Otra Señal,No existe,Intersección,S/D,S/D,S/D,S/D,Múltiple,S/D,Colisión,S/D,Horizontal,Cordón divisorio,Sin restricción
2021,6356,2021-08-06,Viernes,22:05:00,,0.0,2,"Pickup/Utilitario,Moto/Ciclomotor",Calle 15 Y Calle 16,2,0,1,0,1,0,0,"-28.35658, -59.25506",Calle,,LAS TOSCAS,Constitución,Ripio,Natural,IX,Dentro,Urbana,Otra Señal,No existe,Intersección,Bueno,Buena,Con luz artificial,Buen Tiempo,Múltiple,S/D,Colisión,Ninguna,Faltante,Cordón divisorio,Sin restricción
2021,6364,2021-08-15,Domingo,22:00:00,,0.0,2,"Moto/Ciclomotor,Peatón", ,2,0,1,0,1,0,0,"-29.14466, -59.6425",Calle,,RECONQUISTA,Constitución,Tierra,No existe,IX,S/D,Urbana,Otra Señal,No existe,Intersección,Deteriorada,Buena,Nocturna,Buen Tiempo,Múltiple,Peatón,Colisión,Otro,Faltante,Cordón divisorio,Sin restricción
2021,6369,2021-09-11,Sabado,11:50:00,,0.0,2,"Moto/Ciclomotor,Automóvil",Av. Belgrano Y Florida,2,0,1,0,1,0,0,"-32.826221386609,-60.721723128647",Avenida,,CAPITÁN BERMÚDEZ,Constitución,Asfalto,No existe,XVII,Dentro,Urbana,Otra Señal,No existe,Intersección,S/D,S/D,Diurna,S/D,Múltiple,S/D,Colisión,S/D,Faltante,Cordón divisorio,Sin restricción
2021,6373,2021-02-05,Viernes,20:00:00,,0.0,1,Bicicleta, ,1,0,1,0,0,0,0,"-32.95817760227484,-60.666264034822",S/D,,ROSARIO,Constitución,S/D,S/D,II,S/D,S/D,Otra Señal,S/D,Intersección,S/D,S/D,S/D,S/D,Múltiple,S/D,Colisión,S/D,S/D,Cordón divisorio,Sin restricción
2021,6378,2021-09-04,Sabado,07:55:00,Ruta Nacional 34,34.0,2,"Camión c / Acoplado,Camión c / Semirremolque", ,2,0,1,1,0,0,0,"-32.73933, -60.97812",Ruta,34,LUIS PALACIOS,Constitución,Asfalto,No existe,XVII,Dentro,Rural,Otra Señal,No existe,Intersección,Bueno,Buena,Diurna,Buen Tiempo,Múltiple,S/D,Colisión,Ninguna,Horizontal,Cordón divisorio,Sin restricción
2021,6397,2021-10-23,Sabado,05:15:00,Autopista Nacional A008,0.0,1,Pickup/Utilitario,Av. Circunvalación Y Av. Eva Perón,2,1,1,0,0,0,0,"-32.931219, -60.721827",Autopista,A008,ROSARIO,Constitución,Asfalto,No existe,II,Dentro,Urbana,Otra Señal,No existe,Intersección,Bueno,Buena,"Nocturna,Con luz artificial",Lluvia,Múltiple,S/D,Colisión,Agua,Horizontal,Cordón divisorio,Sin restricción
2021,6416,2021-10-20,Miercoles,07:25:00,,0.0,1,Camión c / Acoplado,Donado Y Mendoza,1,0,1,0,0,0,0,"-32.94057916408,-60.726985632092",Avenida,,ROSARIO,Constitución,Asfalto,No existe,II,Dentro,Urbana,Otra Señal,Funciona,Intersección,Bueno,Buena,Diurna,Buen Tiempo,Múltiple,S/D,Colisión,Ninguna,"Horizontal,Vertical",Cordón divisorio,Sin restricción
2021,6419,2021-10-26,Martes,12:30:00,,0.0,2,"Automóvil,Moto/Ciclomotor",F.More Y San Luis,2,0,1,0,0,0,1,"-32.939386527596,-60.693469038251",Calle,,ROSARIO,Constitución,Asfalto,No existe,II,Dentro,Urbana,Otra Señal,No existe,Intersección,Bueno,Buena,Diurna,Buen Tiempo,Múltiple,S/D,Colisión,Ninguna,Faltante,Cordón divisorio,Sin restricción
2021,6427,2021-10-01,Viernes,16:50:00,,0.0,2,"Moto/Ciclomotor,Transporte de Pasajeros Urbano (> 8 asientos)",J.J.Paso Y Pje. Sotomayor Bis,3,0,1,0,2,0,0,"-32.91970074176788,-60.695210248231",Calle,,ROSARIO,Constitución,Asfalto,No existe,II,Dentro,Urbana,Otra Señal,No existe,Intersección,S/D,S/D,Diurna,S/D,Múltiple,S/D,Colisión,S/D,Horizontal,Cordón divisorio,Sin restricción