anio_acci,nro_acci,fecha,desc_dia,hora_aprox,desc_ruta,km,cant_participantes,desc_participante,calle_avenida_km,total,heridos_leves,heridos_graves,heridos_gravisimos,ilesos,fallecidos,sin_datos,posicion_XY,desc_tipo_via,desc_ruta_ori,desc_loc,desc_dpto,desc_tipo_calzada,desc_tipo_banquina,desc_unidad_regional,desc_lugar_calzada,desc_zona,desc_prioridad,desc_estado_semaforo,desc_lugar_via,desc_estado_via,desc_estado_visibilidad,desc_luminosidad,desc_estado_clima,desc_tipo_colision,desc_tipo_atropello,desc_tipo_hecho,desc_pres_calzada,desc_senializacion,desc_separacion_via,desc_restriccion
2021,6863,2021-10-11,Lunes,07:15:00,,0.0,1,Moto/Ciclomotor,Almte. Brown Y Bv Estanislao López,2,1,1,0,0,0,0,"-32.897433038288,-60.908106514498",Calle,,ROLDÁN,Constitución,Asfalto,No existe,XVII,Dentro,Urbana,Otra Señal,No existe,Intersección,Bueno,Buena,Diurna,Buen Tiempo,Múltiple,S/D,Colisión,Ninguna,Faltante,Cordón divisorio,Sin restricción
2021,6874,2021-04-21,Miercoles,07:15:00,,0.0,1,Bicicleta,Av. Ovidio Lagos Y Gálvez,1,0,1,0,0,0,0,"-32.964634771927,-60.666782879055",Avenida,,ROSARIO,Constitución,Asfalto,No existe,II,Dentro,Urbana,Otra Señal,Funciona,Intersección,Bueno,S/D,Nocturna,S/D,Múltiple,S/D,Colisión,S/D,"Horizontal,Vertical",Cordón divisorio,Sin restricción
2021,6877,2021-10-25,Lunes,19:40:00,,0.0,2,"Moto/Ciclomotor,Automóvil",Avellaneda Y San Juan,3,1,1,0,1,0,0,"-32.896973231149,-60.903746631596",Calle,,ROLDÁN,Constitución,Asfalto,No existe,XVII,Dentro,Urbana,Otra Señal,No existe,Intersección,Bueno,Buena,Nocturna,S/D,Múltiple,S/D,Colisión,Ninguna,Faltante,Cordón divisorio,Sin restricción
2021,6878,2021-04-22,Jueves,15:00:00,,0.0,1,Bicicleta,Av. Francia Y Montevideo,1,0,1,0,0,0,0,"-32.951263278812,-60.667862375011",Avenida,,ROSARIO,Constitución,Asfalto,No existe,II,Dentro,Urbana,Otra Señal,Funciona,Intersección,Bueno,S/D,Diurna,Buen Tiempo,Múltiple,S/D,Colisión,Ninguna,Vertical,Cordón divisorio,Sin restricción
2021,6880,2021-04-21,Miercoles,18:00:00,,0.0,1,Moto/Ciclomotor,Dr. Rivas Y J.M.de Rosas,1,0,1,0,0,0,0,"-32.984892613026,-60.640659140527",Calle,,ROSARIO,Constitución,Asfalto,No existe,II,Dentro,Urbana,Otra Señal,No existe,Intersección,Bueno,S/D,Diurna,S/D,Múltiple,S/D,Colisión,S/D,Horizontal,Cordón divisorio,Sin restricción
2021,6885,2021-10-30,Sabado,,,0.0,2,"Automóvil,Moto/Ciclomotor",Belgrano Y Bv Sarmiento,2,0,1,0,1,0,0,"-32.901751399040236,-60.90636849403",Calle,,ROLDÁN,Constitución,Asfalto,No existe,XVII,Dentro,Urbana,Otra Señal,No existe,Intersección,Bueno,Buena,Diurna,Buen Tiempo,Múltiple,S/D,Colisión,Ninguna,Faltante,Cordón divisorio,Sin restricción
2021,6895,2021-10-26,Martes,05:20:00,,0.0,1,Moto/Ciclomotor,Bv B Mitre Y M Diaz Vélez,1,0,1,0,0,0,0,"-32.721395499959,-60.739704368154",Avenida,,SAN LORENZO,Constitución,Asfalto,No existe,XVII,Dentro,Urbana,Otra Señal,No existe,Intersección,Bueno,Buena,Diurna,S/D,Múltiple,S/D,Colisión,Ninguna,Faltante,Cordón divisorio,Sin restricción
2021,6901,2021-10-21,Jueves,12:50:00,,0.0,2,"Automóvil,Moto/Ciclomotor",Luis F Leloir Y Tucumán,2,0,1,0,1,0,0,"-30.940120818935,-61.550234300847",Calle,,SUNCHALES,Constitución,Asfalto,No existe,V,Dentro,Urbana,Otra Señal,No existe,Intersección,Bueno,Buena,Diurna,Buen Tiempo,Múltiple,S/D,Colisión,Ninguna,Faltante,Cordón divisorio,Sin restricción
2021,6905,2021-04-23,Viernes,19:00:00,,0.0,1,Moto/Ciclomotor,Av. Ovidio Lagos Y Pje. Boman,1,0,1,0,0,0,0,"-32.998660487795,-60.675191942586",Avenida,,ROSARIO,Constitución,Asfalto,No existe,II,Dentro,Urbana,Otra Señal,No existe,Intersección,Bueno,S/D,Nocturna,S/D,Múltiple,S/D,Colisión,S/D,Faltante,Cordón divisorio,Sin restricción
2021,6909,2021-04-24,Sabado,00:05:00,,0.0,1,Moto/Ciclomotor,CISNEROS 6100,1,0,1,0,0,0,0,"-32.97861814498898,-60.704290866851",Calle,,ROSARIO,Constitución,Tierra,No existe,II,Dentro,Urbana,Otra Señal,No existe,Intersección,S/D,S/D,Nocturna,S/D,Múltiple,S/D,Colisión,S/D,Faltante,Cordón divisorio,Sin restricción
2021,6911,2021-10-17,Domingo,06:30:00,Autovía Nacional 19,70.0,1,Automóvil, ,4,2,1,1,0,0,0,"-31.52574, -61.56865",Autovía,19,ANGÉLICA,Constitución,Asfalto,Natural,V,Dentro,Rural,Otra Señal,No existe,Intersección,Bueno,Buena,Nocturna,Buen Tiempo,Múltiple,S/D,Colisión,Ninguna,"Horizontal,Vertical",Cordón divisorio,Sin restricción
2021,6930,2021-10-24,Domingo,10:45:00,,0.0,2,"Moto/Ciclomotor,Automóvil",9 de julio Y Avenida General San Martin,2,0,1,0,1,0,0,"-31.127173080582,-61.452694286254",Calle,,LEHMANN,Constitución,Asfalto,No existe,V,Dentro,Urbana,Otra Señal,No existe,Intersección,Bueno,Buena,Diurna,Buen Tiempo,Múltiple,S/D,Colisión,Ninguna,Faltante,Cordón divisorio,Sin restricción
2021,6940,2021-10-08,Viernes,12:30:00,,0.0,2,"Moto/Ciclomotor,Automóvil",Urquiza 1900,2,0,1,0,1,0,0,"-31.848801170946,-61.571109475472",Calle,,SAN MARTIN DE LAS ESCOBAS,Constitución,Ripio,No existe,XVIII,Dentro,Urbana,Otra Señal,No existe,Intersección,Bueno,Buena,Diurna,Buen Tiempo,Múltiple,S/D,Colisión,Ninguna,Faltante,Cordón divisorio,Sin restricción
2021,6946,2021-10-10,Domingo,18:10:00,Ruta Provincial 20,0.0,2,"Automóvil,Moto/Ciclomotor",Av. Julián Bustinza Y Gral. San Martin,2,0,1,0,1,0,0,"-32.142468988895416,-61.97955518960",Ruta,20,PIAMONTE,Constitución,Asfalto,Pavimento,XVIII,Dentro,Urbana,Otra Señal,No existe,Intersección,Bueno,Buena,Diurna,Buen Tiempo,Múltiple,S/D,Colisión,Ninguna,Horizontal,Cordón divisorio,Sin restricción
2021,6947,2021-04-28,Miercoles,18:00:00,,0.0,1,Bicicleta,Balcarce Y Sánchez de Bustamante,1,0,1,0,0,0,0,"-33.002438792991,-60.663381328798",Calle,,ROSARIO,Constitución,Asfalto,No existe,II,Dentro,Urbana,Otra Señal,No existe,Intersección,Deteriorada,S/D,Diurna,S/D,Múltiple,S/D,Colisión,S/D,Faltante,Cordón divisorio,Sin restricción
2021,6949,2021-10-01,Viernes,,,0.0,1,Moto/Ciclomotor, ,1,0,1,0,0,0,0,"-31.6244477760916,-60.6988397800237",S/D,,SANTA FE,Constitución,Asfalto,No existe,I,S/D,S/D,Otra Señal,Funciona,Intersección,Bueno,Buena,Nocturna,Buen Tiempo,Múltiple,S/D,Colisión,Ninguna,Vertical,Cordón divisorio,Sin restricción
2021,6954,2021-04-29,Jueves,15:00:00,,0.0,2,"Moto/Ciclomotor,Automóvil",Amenábar Y Ayacucho,2,0,1,0,0,0,1,"-32.974202355654,-60.633364997746",Calle,,ROSARIO,Constitución,Asfalto,No existe,II,Dentro,Urbana,Otra Señal,No existe,Intersección,Bueno,S/D,Diurna,S/D,Múltiple,S/D,Colisión,S/D,Vertical,Cordón divisorio,Sin restricción
2021,6956,2021-08-24,Martes,,,0.0,2,"Moto/Ciclomotor,Automóvil",Nicolas Avellaneda Y Maipú,2,0,1,0,1,0,0,"-32.80769, -61.39915",Calle,,CAÑADA DE GÓMEZ,Constitución,S/D,S/D,X,Dentro,Urbana,Otra Señal,S/D,Intersección,S/D,S/D,Diurna,S/D,Múltiple,S/D,Colisión,S/D,S/D,Cordón divisorio,Sin restricción
2021,6965,2021-10-02,Sabado,04:50:00,,0.0,2,"Automóvil,Moto/Ciclomotor",San Martin Y 25 de Mayo,3,1,1,0,1,0,0,"-31.265846353491,-60.761358796299",Calle,,NELSON,Constitución,Asfalto,No existe,I,Dentro,Urbana,Otra Señal,No existe,Intersección,Bueno,Buena,"Nocturna,Con luz artificial",Buen Tiempo,Múltiple,S/D,Colisión,Ninguna,Faltante,Cordón divisorio,Sin restricción
2021,6974,2021-08-02,Lunes,,,0.0,2,"Moto/Ciclomotor,Automóvil",JUAN BAUTISTA JUSTO Y URQUIZA,2,0,1,0,1,0,0,"-31.70146, -61.57147",Calle,,SAN VICENTE.,Constitución,S/D,S/D,V,Dentro,Urbana,Otra Señal,S/D,Intersección,S/D,S/D,S/D,S/D,Múltiple,S/D,Colisión,S/D,S/D,Cordón divisorio,Sin restricción
2021,6980,2021-08-26,Jueves,,Ruta Nacional A012,0.0,2,"Automóvil,Camión c / Acoplado", ,2,0,1,0,1,0,0,"-32.78181, -60.80254",Ruta,A012,RICARDONE,Constitución,Asfalto,S/D,XVII,Dentro,Rural,Otra Señal,No existe,Intersección,S/D,S/D,Nocturna,S/D,Múltiple,S/D,Colisión,S/D,S/D,Cordón divisorio,Sin restricción
2021,6989,2021-10-07,Jueves,19:25:00,,0.0,2,"Peatón,Automóvil",Av. Almte. Brown Y Pedro de Vega,2,0,1,0,1,0,0,"-31.615886803273,-60.672971143861",Avenida,,SANTA FE,Constitución,Asfalto,No existe,I,Dentro,Urbana,Otra Señal,No existe,Intersección,Bueno,Buena,Nocturna,Buen Tiempo,Múltiple,Peatón,Colisión,Ninguna,Horizontal,Cordón divisorio,Sin restricción
2021,6993,2021-08-28,Sabado,,,0.0,2,"Moto/Ciclomotor,Camión",Luis Maggi Y Lisandro de la Torre,2,0,1,0,1,0,0,"-31.23834, -61.4913",Calle,,RAFAELA,Constitución,Asfalto,S/D,V,Dentro,Urbana,Otra Señal,S/D,Intersección,S/D,S/D,S/D,S/D,Múltiple,S/D,Colisión,S/D,S/D,Cordón divisorio,Sin restricción
2021,6994,2021-08-03,Martes,,,0.0,2,"Moto/Ciclomotor,Moto/Ciclomotor",Francisco Ramírez ,3,2,1,0,0,0,0,"-31.27073, -61.47035",Calle,,RAFAELA,Constitución,S/D,S/D,V,Dentro,Urbana,Otra Señal,S/D,Intersección,S/D,S/D,S/D,S/D,Múltiple,S/D,Colisión,S/D,S/D,Cordón divisorio,Sin restricción
2021,7015,2021-08-04,Miercoles,,,0.0,2,"Moto/Ciclomotor,Automóvil",Av. Irigoyen Y Dean Funes,2,0,1,0,1,0,0,"-30.94145, -61.54434",Calle,,SUNCHALES,Constitución,S/D,S/D,V,Dentro,Urbana,Otra Señal,S/D,Intersección,S/D,S/D,S/D,S/D,Múltiple,S/D,Colisión,S/D,S/D,Cordón divisorio,Sin restricción
2021,7036,2021-08-06,Viernes,,,0.0,2,"Moto/Ciclomotor,Automóvil",Constitución Y J M Estrada,2,0,1,0,1,0,0,"-31.26106, -61.48695",Calle,,RAFAELA,Constitución,S/D,S/D,V,Dentro,Urbana,Otra Señal,S/D,Intersección,S/D,S/D,S/D,S/D,Múltiple,S/D,Colisión,S/D,S/D,Cordón divisorio,Sin restricción
2021,7037,2021-08-06,Viernes,,,0.0,2,"Moto/Ciclomotor,Pickup/Utilitario",Alfonsina Storni ,2,0,1,0,1,0,0,"-31.26754, -61.4902",Calle,,RAFAELA,Constitución,S/D,S/D,V,Dentro,Urbana,Otra Señal,S/D,Intersección,S/D,S/D,S/D,S/D,Múltiple,S/D,Colisión,S/D,S/D,Cordón divisorio,Sin restricción
2021,7038,2021-08-06,Viernes,17:00:00,,0.0,2,"Peatón,Pickup/Utilitario", ,2,0,1,0,1,0,0,"-31.25294, -61.49073",Calle,,RAFAELA,Constitución,S/D,S/D,V,Dentro,Urbana,Otra Señal,S/D,Intersección,S/D,S/D,S/D,S/D,Múltiple,Peatón,Colisión,S/D,S/D,Cordón divisorio,Sin restricción
2021,7047,2021-10-20,Miercoles,22:00:00,,0.0,2,"Moto/Ciclomotor,Bicicleta",Juan B Alberdi Y 25 de Mayo,2,0,1,0,0,0,1,"-31.3065211853,-60.662999609345",Calle,,LAGUNA PAIVA,Constitución,Asfalto,No existe,I,Dentro,Urbana,Otra Señal,No existe,Intersección,Bueno,Buena,Nocturna,Buen Tiempo,Múltiple,S/D,Colisión,Agua,Faltante,Cordón divisorio,Sin restricción
2021,7058,2021-08-31,Martes,20:30:00,,0.0,2,"Moto/Ciclomotor,Peatón",av. presidente Perón ,3,0,1,0,2,0,0,"-28.95456, -60.13611",Avenida,,GARABATO,Constitución,S/D,S/D,XIX,Dentro,Urbana,Otra Señal,S/D,Intersección,S/D,S/D,Nocturna,S/D,Múltiple,Peatón,Colisión,S/D,S/D,Cordón divisorio,Sin restricción
2021,7078,2021-10-21,Jueves,12:50:00,,0.0,2,"Moto/Ciclomotor,Otros",Luis F Leloir Y Tucumán,2,0,1,0,0,0,1,"-30.940120818935,-61.550234300847",Calle,,SUNCHALES,Constitución,Asfalto,No existe,V,Dentro,Urbana,Otra Señal,No existe,Intersección,Bueno,Buena,Diurna,Buen Tiempo,Múltiple,S/D,Colisión,Ninguna,Faltante,Cordón divisorio,Sin restricción
2021,7080,2021-10-28,Jueves,21:05:00,,0.0,2,"Moto/Ciclomotor,Automóvil",Florida Y Jujuy,2,0,1,0,1,0,0,"-32.82598029739,-60.717390732412",Calle,,CAPITÁN BERMÚDEZ,Constitución,Asfalto,No existe,XVII,Dentro,Urbana,Otra Señal,No existe,Intersección,Bueno,Buena,"Nocturna,Con luz artificial",Buen Tiempo,Múltiple,S/D,Colisión,Ninguna,Faltante,Cordón divisorio,Sin restricción
2021,7081,2021-10-02,Sabado,15:20:00,,0.0,2,"Automóvil,Moto/Ciclomotor",San Juan Y Republica de Chile,3,1,1,0,1,0,0,"-32.751180789921,-60.746854155735",Calle,,SAN LORENZO,Constitución,Asfalto,No existe,XVII,Dentro,Urbana,Otra Señal,No existe,Intersección,Bueno,Buena,Diurna,Buen Tiempo,Múltiple,S/D,Colisión,Ninguna,Faltante,Cordón divisorio,Sin restricción
2021,7091,2021-10-27,Miercoles,15:20:00,Ruta Provincial 1,3.0,2,"Moto/Ciclomotor,Automóvil", ,2,0,1,0,1,0,0,"-31.623401, -60.599243",Ruta,1,COLASTINE,Constitución,Asfalto,Ripio,I,Dentro,Urbana,Otra Señal,No existe,Intersección,Bueno,Buena,Diurna,Buen Tiempo,Múltiple,S/D,Colisión,Ninguna,"Horizontal,Vertical",Cordón divisorio,Sin restricción
2021,7143,2021-06-04,Viernes,00:05:00,,0.0,1,Bicicleta,Bv. Oroño Y Montevideo,1,0,1,0,0,0,0,"-32.95341388503,-60.655869655113",Avenida,,ROSARIO,Constitución,Asfalto,No existe,II,Dentro,Urbana,Otra Señal,Funciona,Intersección,Bueno,S/D,Nocturna,S/D,Múltiple,S/D,Colisión,S/D,"Horizontal,Vertical",Cordón divisorio,Sin restricción
2021,7148,2021-06-05,Sabado,07:30:00,,0.0,1,Moto/Ciclomotor,Av. Francia Y Av. Ntra.Sra.del Rosario,1,0,1,0,0,0,0,"-33.000938398561,-60.677642018045",Avenida,,ROSARIO,Constitución,Asfalto,No existe,II,Dentro,Urbana,Otra Señal,No existe,Intersección,Deteriorada,S/D,Diurna,S/D,Múltiple,S/D,Colisión,S/D,Faltante,Cordón divisorio,Sin restricción
2021,7153,2021-10-06,Miercoles,16:30:00,,0.0,2,"Moto/Ciclomotor,Automóvil",Art Ramon Villarreal Y Comandante Razzetti,2,0,1,0,1,0,0,"-29.231169819831862,-61.76544785499",Calle,,TOSTADO,Constitución,Asfalto,No existe,XII,Dentro,Urbana,Otra Señal,No existe,Intersección,Bueno,Buena,Diurna,Buen Tiempo,Múltiple,S/D,Colisión,Ninguna,Faltante,Cordón divisorio,Sin restricción
2021,7155,2021-10-09,Sabado,21:50:00,,0.0,2,"Automóvil,Moto/Ciclomotor",Santa Fe Y Sarmiento,2,0,1,0,1,0,0,"-28.62464551359,-61.626605436302",Calle,,TOSTADO,Constitución,Asfalto,No existe,XII,Dentro,Urbana,Otra Señal,No existe,Intersección,Bueno,Buena,"Nocturna,Con luz artificial",Otro,Múltiple,S/D,Colisión,Ninguna,Faltante,Cordón divisorio,Sin restricción
2021,7156,2021-10-14,Jueves,13:35:00,,0.0,2,"Moto/Ciclomotor,Pickup/Utilitario",San Lorenzo Y 12 de Octubre,3,0,1,0,2,0,0,"-28.61781835556027,-61.632388830184",Calle,,TOSTADO,Constitución,Asfalto,No existe,XII,Dentro,Urbana,Otra Señal,No existe,Intersección,Bueno,Buena,Diurna,Buen Tiempo,Múltiple,S/D,Colisión,Ninguna,Horizontal,Cordón divisorio,Sin restricción
2021,7185,2021-10-29,Viernes,11:55:00,,0.0,2,"Moto/Ciclomotor,Bicicleta",9 de Julio Y 25 de Mayo,2,0,1,0,1,0,0,"-28.623348984951,-61.627526030828",Calle,,VILLA MINETTI,Constitución,Asfalto,No existe,XII,Dentro,Urbana,Otra Señal,No existe,Intersección,Bueno,Buena,Diurna,Buen Tiempo,Múltiple,Ciclista,Colisión,Ninguna,Faltante,Cordón divisorio,Sin restricción
2021,7188,2021-10-14,Jueves,23:35:00,,0.0,2,"Moto/Ciclomotor,Moto/Ciclomotor",Soldado Gómez 1818,2,1,1,0,0,0,0,"-29.461733069639,-60.222230595331",Calle,,VERA,Constitución,Asfalto,No existe,XIX,Dentro,Urbana,Otra Señal,No existe,Intersección,Bueno,Buena,Nocturna,Buen Tiempo,Múltiple,S/D,Colisión,Ninguna,Faltante,Cordón divisorio,Sin restricción
2021,7247,2021-08-21,Sabado,12:45:00,,0.0,1,Moto/Ciclomotor,Bv Oroño ,1,0,1,0,0,0,0,"-31.96031, -60.92199",Calle,,CORONDA,Constitución,S/D,S/D,XV,Dentro,Urbana,Otra Señal,S/D,Intersección,S/D,S/D,Diurna,S/D,Múltiple,S/D,Colisión,S/D,S/D,Cordón divisorio,Sin restricción
2021,7254,2021-06-19,Sabado,,,0.0,1,Moto/Ciclomotor, ,1,0,1,0,0,0,0,"-32.95817760227484,-60.666264034822",S/D,,ROSARIO,Constitución,S/D,S/D,II,S/D,S/D,Otra Señal,S/D,Intersección,S/D,S/D,S/D,S/D,Múltiple,S/D,Colisión,S/D,S/D,Cordón divisorio,Sin restricción
2021,7277,2021-06-19,Sabado,18:00:00,,0.0,1,Moto/Ciclomotor,Darragueira ,1,0,1,0,0,0,0,"-32.882568768996,-60.69712361047",S/D,,ROSARIO,Constitución,S/D,S/D,II,Dentro,Urbana,Otra Señal,S/D,Intersección,S/D,S/D,Diurna,S/D,Múltiple,S/D,Colisión,S/D,S/D,Cordón divisorio,Sin restricción
2021,7295,2021-10-15,Viernes,22:20:00,,0.0,2,"Moto/Ciclomotor,Bicicleta",Bv Belgrano Y Sarmiento,2,1,1,0,0,0,0,"-29.888179239111,-60.283794717613",Avenida,,CALCHAQUÍ,Constitución,Asfalto,No existe,XIX,Dentro,Urbana,Otra Señal,S/D,Intersección,S/D,S/D,Nocturna,S/D,Múltiple,S/D,Colisión,S/D,S/D,Cordón divisorio,Sin restricción
2021,7325,2021-10-29,Viernes,11:30:00,,0.0,2,"Automóvil,Moto/Ciclomotor",Córdoba Y San Carlos,2,0,1,0,1,0,0,"-31.761963534963,-61.316537297169",Calle,,SANTA CLARA DE BUENA VISTA,Constitución,Hormigón,No existe,XI,Dentro,Urbana,Otra Señal,No existe,Intersección,Bueno,Buena,Diurna,Buen Tiempo,Múltiple,S/D,Colisión,Ninguna,Faltante,Cordón divisorio,Sin restricción
2021,7328,2021-08-29,Domingo,,Ruta Nacional 11,0.0,1,Moto/Ciclomotor,Ruta 11 Avenida Richieri Y Avenida Nuestra Señora del Luj,1,0,1,0,0,0,0,"-31.68624, -60.7797",Ruta,11,SANTO TOMÉ,Constitución,Asfalto,S/D,I,Dentro,Urbana,Otra Señal,S/D,Intersección,S/D,S/D,S/D,S/D,Múltiple,S/D,Colisión,S/D,S/D,Cordón divisorio,Sin restricción
2021,7338,2021-08-29,Domingo,06:30:00,,0.0,1,Moto/Ciclomotor,Bv San Martin Y Avenida Alberdi,2,1,1,0,0,0,0,"-32.90078, -60.90473",Avenida,,ROLDÁN,Constitución,Asfalto,S/D,XVII,Dentro,Urbana,Otra Señal,S/D,Intersección,S/D,S/D,Amanecer,S/D,Múltiple,S/D,Colisión,S/D,S/D,Cordón divisorio,Sin restricción
2021,7400,2021-10-04,Lunes,16:00:00,Ruta Nacional 178,0.0,2,"Bicicleta,Otros",Calle 10 Y Calle 25,2,0,1,0,1,0,0,"-32.679350564647,-61.52743038256",Ruta,178,LAS PAREJAS,Constitución,Asfalto,No existe,III,Dentro,Urbana,Otra Señal,No existe,Intersección,Bueno,Buena,Diurna,Buen Tiempo,Múltiple,Ciclista,Colisión,Ninguna,Horizontal,Cordón divisorio,Sin restricción
2021,7402,2021-10-12,Martes,09:15:00,,0.0,2,"Automóvil,Moto/Ciclomotor",Calle 6 Y Calle 19,2,0,1,0,1,0,0,"-32.683608559276,-61.529075383086",Calle,,LAS PAREJAS,Constitución,Hormigón,No existe,III,Dentro,Urbana,Otra Señal,No existe,Intersección,Deteriorada,Buena,Amanecer,Buen Tiempo,Múltiple,S/D,Colisión,Ninguna,Faltante,Cordón divisorio,Sin restricción
2021,7427,2021-10-05,Martes,19:10:00,Ruta Provincial 1,0.0,2,"Pickup/Utilitario,Moto/Ciclomotor",BV MITRE Y LAS ARTES,3,0,1,0,2,0,0,"-31.092227, -60.092338",Ruta,1,HELVECIA,Constitución,Asfalto,Ripio,VII,Dentro,Urbana,Otra Señal,No existe,Intersección,S/D,S/D,Nocturna,S/D,Múltiple,S/D,Colisión,S/D,Horizontal,Cordón divisorio,Sin restricción
2021,7433,2021-10-24,Domingo,00:50:00,,0.0,2,"Moto/Ciclomotor,Moto/Ciclomotor",San Martin Y Platón,3,1,1,0,0,0,1,"-33.020122323568,-60.65305604165",Avenida,,ROSARIO,Constitución,"Asfalto,Tierra",No existe,II,Dentro,Urbana,Otra Señal,No existe,Intersección,Bueno,Buena,"Nocturna,Con luz artificial",Buen Tiempo,Múltiple,S/D,Colisión,Ninguna,Horizontal,Cordón divisorio,Sin restricción
2021,7444,2021-11-21,Domingo,19:30:00,,0.0,2,"Moto/Ciclomotor,Moto/Ciclomotor",Bernardino Rivadavia Y Dr. Solitario Montoto,3,2,1,0,0,0,0,"-28.62065, -61.62944",Calle,,VILLA MINETTI,Constitución,Ripio,No existe,XII,Dentro,Urbana,Otra Señal,No existe,Intersección,Con baches,Buena,Atardecer,Buen Tiempo,Múltiple,S/D,Colisión,Ninguna,Faltante,Cordón divisorio,Sin restricción
2021,7455,2021-10-18,Lunes,17:30:00,,0.0,2,"Moto/Ciclomotor,Automóvil",Anchorena Y San Martin,2,0,1,0,1,0,0,"-32.997737962283,-60.648133772397",Calle,,ROSARIO,Constitución,Asfalto,No existe,II,Dentro,Urbana,Otra Señal,Funciona,Intersección,Bueno,Buena,Diurna,Buen Tiempo,Múltiple,S/D,Colisión,Ninguna,"Horizontal,Vertical",Cordón divisorio,Sin restricción
2021,7456,2021-11-25,Jueves,17:20:00,,0.0,1,Moto/Ciclomotor,Brasil ,1,0,1,0,0,0,0,"-32.7875, -61.60666",Calle,,ARMSTRONG,Constitución,Asfalto,Pavimento,III,Dentro,Urbana,Otra Señal,No existe,Intersección,Bueno,Buena,Diurna,Buen Tiempo,Múltiple,S/D,Colisión,Material Suelto,S/D,Cordón divisorio,Sin restricción
2021,7490,2021-11-03,Miercoles,15:20:00,,0.0,2,"Moto/Ciclomotor,Automóvil",Julio A Roca ,2,0,1,0,1,0,0,"-29.2325, -61.76333",Calle,,TOSTADO,Constitución,Asfalto,No existe,XII,Dentro,Urbana,Otra Señal,No existe,Intersección,Bueno,Buena,Diurna,Buen Tiempo,Múltiple,S/D,Colisión,Ninguna,Faltante,Cordón divisorio,Sin restricción
2021,7498,2021-11-10,Miercoles,20:25:00,Ruta Provincial 1,0.0,1,Pickup/Utilitario, ,1,0,1,0,0,0,0,"-30.88021, -60.03728",Ruta,1,SALADERO CABAL,Constitución,Asfalto,Natural,VII,Dentro,Urbana,Otra Señal,No existe,Intersección,Bueno,Buena,Nocturna,Buen Tiempo,Múltiple,S/D,Colisión,Ninguna,Horizontal,Cordón divisorio,Sin restricción
2021,7516,2021-11-20,Sabado,22:00:00,,0.0,2,"Moto/Ciclomotor,Moto/Ciclomotor",Juan José Paso Y López y Planes,2,1,1,0,0,0,0,"-31.45346, -60.94249",Calle,,ESPERANZA,Constitución,Ripio,S/D,XI,Dentro,Urbana,Otra Señal,S/D,Intersección,Bueno,S/D,Nocturna,Buen Tiempo,Múltiple,S/D,Colisión,Ninguna,Vertical,Cordón divisorio,Sin restricción
2021,7524,2021-11-10,Miercoles,08:10:00,,0.0,2,"Pickup/Utilitario,Moto/Ciclomotor",Avenida 13 Y Avenida 16,4,2,1,0,1,0,0,"-32.68416, -61.51987",Calle,,LAS PAREJAS,Constitución,Hormigón,No existe,III,Dentro,Urbana,Otra Señal,Funciona,Intersección,Bueno,Buena,Diurna,Buen Tiempo,Múltiple,S/D,Colisión,Ninguna,Vertical,Cordón divisorio,Sin restricción
2021,7530,2021-11-19,Viernes,21:10:00,,0.0,1,Moto/Ciclomotor,SANTA FE ,2,1,1,0,0,0,0,"-31.51327, -60.9273",Camino Rural,,PUJATO NORTE,Constitución,Tierra,Natural,XI,S/D,Rural,Otra Señal,No existe,Intersección,Bueno,Reducida polvo,Nocturna,Buen Tiempo,Múltiple,S/D,Colisión,Ninguna,Faltante,Cordón divisorio,Sin restricción
2021,7534,2021-11-21,Domingo,06:10:00,Ruta Provincial 2,22.0,1,Bicicleta,Ruta pcial 2 Av. San Martin 22,1,0,1,0,0,0,0,"-31.52132, -60.68255",Ruta,2,MONTE VERA,Constitución,Asfalto,Natural,I,Dentro,Rural,Otra Señal,No existe,Intersección,Bueno,Buena,Amanecer,Otro,Múltiple,Ciclista,Colisión,Ninguna,Faltante,Cordón divisorio,Sin restricción
2021,7535,2021-10-05,Martes,13:10:00,Ruta Secundaria 20-s,0.0,2,"Pickup/Utilitario,Bicicleta",Ruta Provincial 20 s ,2,0,1,0,1,0,0,"-33.09217, -60.78423",Ruta,20-s,PIÑERO,Constitución,Asfalto,Natural,II,Dentro,Urbana,Otra Señal,No existe,Intersección,Bueno,Buena,Diurna,Buen Tiempo,Múltiple,Ciclista,Colisión,Ninguna,Faltante,Cordón divisorio,Sin restricción
2021,7543,2021-11-12,Viernes,23:20:00,,0.0,2,"Moto/Ciclomotor,Pickup/Utilitario",Bv San Martin Y Santa Fe,3,1,1,0,1,0,0,"-31.24639, -61.21901",Avenida,,FELICIA,Constitución,"Asfalto,Ripio",No existe,XI,Dentro,Urbana,Otra Señal,No existe,Intersección,Bueno,Buena,Con luz artificial,Buen Tiempo,Múltiple,S/D,Colisión,Ninguna,S/D,Cordón divisorio,Sin restricción