anio_acci,nro_acci,fecha,desc_dia,hora_aprox,desc_ruta,km,cant_participantes,desc_participante,calle_avenida_km,total,heridos_leves,heridos_graves,heridos_gravisimos,ilesos,fallecidos,sin_datos,posicion_XY,desc_tipo_via,desc_ruta_ori,desc_loc,desc_dpto,desc_tipo_calzada,desc_tipo_banquina,desc_unidad_regional,desc_lugar_calzada,desc_zona,desc_prioridad,desc_estado_semaforo,desc_lugar_via,desc_estado_via,desc_estado_visibilidad,desc_luminosidad,desc_estado_clima,desc_tipo_colision,desc_tipo_atropello,desc_tipo_hecho,desc_pres_calzada,desc_senializacion,desc_separacion_via,desc_restriccion
2021,8289,2021-12-21,Martes,23:10:00,,0.0,2,"Moto/Ciclomotor,Moto/Ciclomotor",Conscriptos Müller y Colombo Y Entre Ríos,2,1,1,0,0,0,0,"-31.449986751247,-60.933745713116",Calle,,ESPERANZA,Constitución,Tierra,No existe,XI,Dentro,Urbana,Otra Señal,No existe,Intersección,Bueno,Buena,"Nocturna,Con luz artificial",Buen Tiempo,Múltiple,S/D,Colisión,Ninguna,Faltante,Cordón divisorio,Sin restricción
2021,8290,2021-12-07,Martes,08:30:00,,0.0,1,Moto/Ciclomotor, ,3,2,1,0,0,0,0,"-28.622831438119142,-61.62674191677",Camino Rural,,VILLA MINETTI,Constitución,Tierra,No existe,XII,Fuera,Rural,Otra Señal,No existe,Intersección,Deteriorada,Reducida,Diurna,Otro,Múltiple,S/D,Colisión,Ninguna,Faltante,Cordón divisorio,Sin restricción
2021,8294,2021-12-23,Jueves,13:45:00,,0.0,2,"Moto/Ciclomotor,Moto/Ciclomotor",27 de Febrero Y Mariano Moreno,2,1,1,0,0,0,0,"-31.46628112037,-60.937710983266",Calle,,ESPERANZA,Constitución,Asfalto,No existe,XI,Dentro,Urbana,Otra Señal,No existe,Intersección,Bueno,Buena,Diurna,Buen Tiempo,Múltiple,S/D,Colisión,Ninguna,Vertical,Cordón divisorio,Sin restricción
2021,8295,2021-11-13,Sabado,14:40:00,,0.0,2,"Automóvil,Moto/Ciclomotor",Montevideo ,2,0,1,0,1,0,0,"-32.95003, -60.67475",Calle,,ROSARIO,Constitución,S/D,S/D,II,Dentro,Urbana,Otra Señal,S/D,Intersección,S/D,S/D,S/D,S/D,Múltiple,S/D,Colisión,S/D,S/D,Cordón divisorio,Sin restricción
2021,8303,2021-12-15,Miercoles,15:00:00,Ruta Secundaria 91-s,0.0,1,Bicicleta, ,1,0,1,0,0,0,0,"-28.622831438119142,-61.62674191677",Ruta,91-s,VILLA MINETTI,Constitución,Ripio,Natural,XII,Fuera,Rural,Otra Señal,No existe,Intersección,Con baches,Buena,Atardecer,Buen Tiempo,Múltiple,S/D,Colisión,S/D,Faltante,Cordón divisorio,Sin restricción
2021,8306,2021-12-17,Viernes,16:35:00,,0.0,2,"Moto/Ciclomotor,Pickup/Utilitario",Moreno Y San Luis,3,1,1,0,1,0,0,"-31.747712693678,-61.093795406432",Calle,,SAN CARLOS CENTRO,Constitución,Ripio,No existe,XI,Dentro,Urbana,Otra Señal,No existe,Intersección,Bueno,Buena,Diurna,Buen Tiempo,Múltiple,S/D,Colisión,Ninguna,Faltante,Cordón divisorio,Sin restricción
2021,8308,2021-12-18,Sabado,19:00:00,,0.0,1,Moto/Ciclomotor, ,1,0,1,0,0,0,0,"-28.225234, -61.535995",Camino Rural,,GREGORIA P. DE DENIS,Constitución,Tierra,No existe,XII,Fuera,Rural,Otra Señal,No existe,Intersección,Deteriorada,Buena,Diurna,Buen Tiempo,Múltiple,S/D,Colisión,S/D,Faltante,Cordón divisorio,Sin restricción
2021,8326,2021-11-09,Martes,17:20:00,,0.0,2,"Peatón,Automóvil", ,2,0,1,0,0,0,1,"-32.95846, -60.69045",Avenida,,ROSARIO,Constitución,S/D,S/D,II,Dentro,Urbana,Otra Señal,S/D,Intersección,S/D,S/D,S/D,S/D,Múltiple,Peatón,Colisión,S/D,S/D,Cordón divisorio,Sin restricción
2021,8333,2021-11-05,Viernes,05:00:00,,0.0,2,"Automóvil,Automóvil",Av. Ovidio Lagos Y Calle 513,2,0,1,0,0,0,1,"-32.93905, -60.66042",Calle,,ROSARIO,Constitución,Asfalto,Pavimento,II,S/D,Urbana,Otra Señal,Funciona,Intersección,Bueno,Buena,Diurna,Buen Tiempo,Múltiple,S/D,Colisión,Ninguna,"Horizontal,Vertical",Cordón divisorio,Sin restricción
2021,8335,2021-12-25,Sabado,01:00:00,,0.0,2,"Automóvil,Moto/Ciclomotor",Maipú Y Saavedra,2,0,1,0,1,0,0,"-29.22901256191,-61.777401073021",Calle,,TOSTADO,Constitución,Asfalto,No existe,XI,Dentro,Urbana,Otra Señal,No existe,Intersección,Bueno,Buena,Nocturna,Buen Tiempo,Múltiple,S/D,Colisión,Ninguna,Faltante,Cordón divisorio,Sin restricción
2021,8352,2021-12-21,Martes,21:10:00,,0.0,1,Moto/Ciclomotor,Doctor Dalfonso 1465,1,0,1,0,0,0,0,"-31.85340204005,-61.569832233955",Calle,,SAN MARTIN DE LAS ESCOBAS,Constitución,Asfalto,No existe,XVIII,Dentro,Urbana,Otra Señal,No existe,Intersección,Bueno,Buena,Nocturna,Buen Tiempo,Múltiple,S/D,Colisión,Ninguna,Horizontal,Cordón divisorio,Sin restricción
2021,8354,2021-11-12,Viernes,18:15:00,,0.0,2,"Automóvil,Moto/Ciclomotor",Bv. Avellaneda Y Lamadrid,2,0,1,0,0,0,1,"-32.99838, -60.68884",Calle,,ROSARIO,Constitución,Asfalto,Pavimento,II,Dentro,Urbana,Otra Señal,No existe,Intersección,Bueno,Buena,Diurna,Buen Tiempo,Múltiple,S/D,Colisión,Ninguna,Faltante,Cordón divisorio,Sin restricción
2021,8357,2021-12-24,Viernes,21:45:00,,0.0,2,"Automóvil,Moto/Ciclomotor",Urquiza Y Mitre,2,0,1,0,1,0,0,"-32.144172717244,-61.982518574234",Calle,,PIAMONTE,Constitución,Asfalto,No existe,XVIII,Dentro,Urbana,Otra Señal,No existe,Intersección,Bueno,Buena,Nocturna,Buen Tiempo,Múltiple,S/D,Colisión,Ninguna,"Horizontal,Vertical",Cordón divisorio,Sin restricción
2021,8368,2021-11-24,Miercoles,18:00:00,Ruta Nacional 11,0.0,2,"Automóvil,Moto/Ciclomotor",Sarmiento Y Ruta Nacional 11,3,0,1,0,2,0,0,"-30.77298, -60.57916",Ruta,11,SAN JUSTO,Constitución,Asfalto,Ripio,XVI,Dentro,Urbana,Otra Señal,S/D,Intersección,Bueno,Buena,Atardecer,Buen Tiempo,Múltiple,S/D,Colisión,Ninguna,Vertical,Cordón divisorio,Sin restricción
2021,8370,2021-12-27,Lunes,,,0.0,2,"Moto/Ciclomotor,Moto/Ciclomotor", ,3,2,1,0,0,0,0,"-31.100288629531825,-60.09719967842",Camino Rural,,HELVECIA,Constitución,Tierra,No existe,VII,Dentro,Rural,Otra Señal,No existe,Intersección,S/D,Buena,Diurna,S/D,Múltiple,S/D,Colisión,S/D,S/D,Cordón divisorio,Sin restricción
2021,8373,2021-12-11,Sabado,22:45:00,,0.0,2,"Automóvil,Moto/Ciclomotor",Conde de Tessieres Y Rey Fernando,3,1,1,0,1,0,0,"-31.199560455352,-60.162683208408",Calle,,CAYASTA,Constitución,Tierra,No existe,VII,Dentro,Urbana,Otra Señal,No existe,Intersección,Bueno,Buena,Nocturna,Buen Tiempo,Múltiple,S/D,Colisión,Ninguna,Faltante,Cordón divisorio,Sin restricción
2021,8376,2021-11-10,Miercoles,21:00:00,,0.0,2,"Moto/Ciclomotor,Automóvil",Castellanos Y Pje. Gordillo,3,0,1,0,0,0,2,"-32.95473, -60.67882",Calle,,ROSARIO,Constitución,Asfalto,No existe,II,Dentro,Urbana,Otra Señal,No existe,Intersección,Bueno,S/D,Diurna,Buen Tiempo,Múltiple,S/D,Colisión,Ninguna,Faltante,Cordón divisorio,Sin restricción
2021,8394,2021-11-20,Sabado,02:30:00,Ruta Nacional 11,0.0,2,"Moto/Ciclomotor,Peatón", ,2,1,1,0,0,0,0,"-30.79018, -60.59888",Ruta,11,MARCELINO ESCALADA,Constitución,Asfalto,Ripio,XVI,Dentro,Urbana,Otra Señal,Funciona,Intersección,Bueno,Buena,Nocturna,Buen Tiempo,Múltiple,S/D,Colisión,Ninguna,Horizontal,Cordón divisorio,Sin restricción
2021,8402,2021-11-09,Martes,16:30:00,,0.0,2,"Moto/Ciclomotor,Bicicleta",Av. De Las Palmeras Y Av. Pte. Perón,2,0,1,0,1,0,0,"-32.98026, -60.73605",Calle,,ROSARIO,Constitución,Asfalto,No existe,II,Dentro,Urbana,Otra Señal,No existe,Intersección,Bueno,Buena,Diurna,Buen Tiempo,Múltiple,Ciclista,Colisión,Ninguna,Faltante,Cordón divisorio,Sin restricción
2021,8404,2021-11-27,Sabado,09:15:00,Ruta Provincial 13,0.0,1,Automóvil,Bv Lisandro de la Torre Y Ruta Provincial 13,5,4,1,0,0,0,0,"-31.90445, -61.84748",Ruta,13,SAN JORGE,Constitución,Asfalto,Ripio,XVIII,Dentro,Urbana,Otra Señal,No existe,Intersección,Bueno,Buena,Diurna,Buen Tiempo,Múltiple,S/D,Colisión,Otro,Faltante,Cordón divisorio,Sin restricción
2021,8411,2021-11-13,Sabado,10:00:00,,0.0,2,"Automóvil,Moto/Ciclomotor",Cno San Roque Y N Figueredo,2,1,1,0,0,0,0,"-30.78429, -60.58339",Calle,,SAN JUSTO,Constitución,Asfalto,S/D,XVI,Dentro,Urbana,Otra Señal,S/D,Intersección,Bueno,S/D,S/D,Buen Tiempo,Múltiple,S/D,Colisión,Ninguna,Faltante,Cordón divisorio,Sin restricción
2021,8418,2021-12-14,Martes,07:30:00,,0.0,2,"Automóvil,Bicicleta",B de Tucumán Y Gral. Urquiza,2,0,1,0,1,0,0,"-30.787845861877,-60.5892127414",Calle,,SAN JUSTO,Constitución,Asfalto,No existe,XVI,Dentro,Urbana,Otra Señal,No existe,Intersección,Bueno,Buena,Diurna,Buen Tiempo,Múltiple,Ciclista,Colisión,Ninguna,Faltante,Cordón divisorio,Sin restricción
2021,8421,2021-12-18,Sabado,20:00:00,,0.0,2,"Automóvil,Moto/Ciclomotor",Laprade Y 3 de febrero,2,0,1,0,1,0,0,"-31.683130, -60.784287",Calle,,SANTO TOMÉ,Constitución,Ripio,No existe,I,Dentro,Urbana,Otra Señal,No existe,Intersección,Con baches,Buena,"Nocturna,Con luz artificial",Buen Tiempo,Múltiple,S/D,Colisión,Ninguna,Faltante,Cordón divisorio,Sin restricción
2021,8426,2021-11-10,Miercoles,18:50:00,,0.0,2,"Pickup/Utilitario,Moto/Ciclomotor",Lavalle Y Cerrito,2,1,1,0,0,0,0,"-32.95475, -60.68177",S/D,,ROSARIO,Constitución,Asfalto,S/D,II,S/D,S/D,Otra Señal,S/D,Intersección,Bueno,Buena,Diurna,Buen Tiempo,Múltiple,S/D,Colisión,Ninguna,Faltante,Cordón divisorio,Sin restricción
2021,8444,2021-12-27,Lunes,20:30:00,,0.0,2,"Bicicleta,Moto/Ciclomotor",Juan José Paso 4400,2,1,1,0,0,0,0,"-31.687665, -60.780478",Calle,,SANTO TOMÉ,Constitución,Ripio,No existe,I,Dentro,Urbana,Otra Señal,No existe,Intersección,Bueno,Buena,"Nocturna,Con luz artificial",Buen Tiempo,Múltiple,Ciclista,Colisión,Ninguna,Faltante,Cordón divisorio,Sin restricción
2021,8445,2021-12-18,Sabado,11:40:00,Ruta Nacional 11,594.0,2,"Moto/Ciclomotor,Automóvil", ,3,1,1,0,1,0,0,"-30.578878674077274, -60.4669584891",Ruta,11,MARCELINO ESCALADA,Constitución,Asfalto,No existe,XVI,Dentro,Urbana,Otra Señal,Funciona,Intersección,Deteriorada,Buena,Diurna,Buen Tiempo,Múltiple,S/D,Colisión,Ninguna,Horizontal,Cordón divisorio,Sin restricción
2021,8451,2021-12-09,Jueves,19:20:00,,0.0,2,"Moto/Ciclomotor,Moto/Ciclomotor",Belgrano 1200,5,3,1,0,1,0,0,"-29.469749483995,-60.213804379201",Calle,,VERA,Constitución,Asfalto,No existe,XIX,Dentro,Urbana,Otra Señal,No existe,Intersección,Bueno,Buena,Atardecer,Buen Tiempo,Múltiple,S/D,Colisión,Ninguna,Faltante,Cordón divisorio,Sin restricción
2021,8460,2021-12-11,Sabado,01:45:00,,0.0,1,Moto/Ciclomotor,L de la Torre Y Soldado Gómez,1,0,1,0,0,0,0,"-29.462991529777,-60.222491065635",Calle,,VERA,Constitución,Asfalto,No existe,XIX,Dentro,Urbana,Otra Señal,No existe,Intersección,Bueno,Reducida,"Nocturna,Con luz artificial",Buen Tiempo,Múltiple,S/D,Colisión,Ninguna,Faltante,Cordón divisorio,Sin restricción
2021,8472,2021-12-21,Martes,07:10:00,Ruta Nacional 98,53.0,1,Automóvil, ,1,0,1,0,0,0,0,"-29.36263703680973, -60.69793650758",Ruta,98,VERA,Constitución,Asfalto,No existe,XIX,Dentro,Rural,Otra Señal,No existe,Intersección,Bueno,Buena,Diurna,Buen Tiempo,Múltiple,S/D,Colisión,Ninguna,Horizontal,Cordón divisorio,Sin restricción
2021,8477,2021-11-12,Viernes,21:45:00,,0.0,2,"Automóvil,Pickup/Utilitario",Av. Provincias Unidas Y Marcos Paz,4,3,1,0,0,0,0,"-32.93913, -60.7127",Avenida,,ROSARIO,Constitución,Hormigón,Pavimento,II,Dentro,Urbana,Otra Señal,Funciona,Intersección,Bueno,Buena,Nocturna,Buen Tiempo,Múltiple,S/D,Colisión,Ninguna,S/D,Cordón divisorio,Sin restricción
2021,8482,2021-12-16,Jueves,10:45:00,,0.0,2,"Moto/Ciclomotor,Moto/Ciclomotor",San Martin ,2,1,1,0,0,0,0,"-29.455546726745,-60.209767231351",Calle,,VERA,Constitución,Asfalto,No existe,XIX,Dentro,Urbana,Otra Señal,Funciona,Intersección,Bueno,Buena,Diurna,Buen Tiempo,Múltiple,S/D,Colisión,Ninguna,Vertical,Cordón divisorio,Sin restricción
2021,8502,2021-12-07,Martes,11:10:00,Ruta Nacional 11,672.0,1,Pickup/Utilitario, ,1,0,1,0,0,0,0,"-29.905531201797228, -60.2903454331",Ruta,11,CALCHAQUÍ,Constitución,Asfalto,Natural,XIX,Dentro,Urbana,Otra Señal,No existe,Intersección,Bueno,Buena,Diurna,Buen Tiempo,Múltiple,S/D,Colisión,Ninguna,Horizontal,Cordón divisorio,Sin restricción
2021,8514,2021-11-06,Sabado,13:00:00,,0.0,2,"Moto/Ciclomotor,Pickup/Utilitario",Mariano Moreno Y Bartolomé Mitre Gral.,3,1,1,0,1,0,0,"-33.15813, -60.51302",S/D,,ARROYO SECO,Constitución,Asfalto,No existe,II,S/D,S/D,Otra Señal,No existe,Intersección,Deteriorada,Buena,Diurna,Buen Tiempo,Múltiple,S/D,Colisión,Ninguna,Faltante,Cordón divisorio,Sin restricción
2021,8517,2021-11-07,Domingo,18:35:00,Ruta Provincial 21,0.0,2,"Automóvil,Bicicleta",Guido y Spano ,2,0,1,0,1,0,0,"-33.1936, -60.46451",Ruta,21,FIGHIERA,Constitución,Asfalto,Natural,II,Dentro,Urbana,Otra Señal,No existe,Intersección,Bueno,Buena,Con luz artificial,Buen Tiempo,Múltiple,Ciclista,Colisión,Ninguna,S/D,Cordón divisorio,Sin restricción
2021,8523,2021-11-11,Jueves,18:00:00,,0.0,2,"Automóvil,Moto/Ciclomotor",Pje. San Gerónimo Y Vélez Sarsfield,2,0,1,0,1,0,0,"-32.92541, -60.69313",Calle,,ROSARIO,Constitución,Asfalto,No existe,II,Dentro,Urbana,Otra Señal,No existe,Intersección,Otro,Reducida,Atardecer,Otro,Múltiple,S/D,Colisión,Otro,Faltante,Cordón divisorio,Sin restricción
2021,8541,2021-12-03,Viernes,05:10:00,Ruta Nacional 178,0.0,2,"Peatón,Automóvil",Calle 10 Y Diagonal 3,2,0,1,0,1,0,0,"-32.675029584106,-61.529105076509",Ruta,178,LAS PAREJAS,Constitución,Asfalto,Natural,III,Dentro,Urbana,Otra Señal,No existe,Intersección,Bueno,Buena,Diurna,Buen Tiempo,Múltiple,Peatón,Colisión,Ninguna,Horizontal,Cordón divisorio,Sin restricción
2021,8548,2021-12-22,Miercoles,08:55:00,Ruta Provincial 15,142.0,2,"Camión c / Semirremolque,Pickup/Utilitario", ,2,0,1,0,1,0,0,"-32.78279931558024, -61.61685079782",Ruta,15,ARMSTRONG,Constitución,Asfalto,No existe,III,Dentro,Urbana,Otra Señal,No existe,Intersección,Bueno,Buena,Diurna,Buen Tiempo,Múltiple,S/D,Colisión,Ninguna,Faltante,Cordón divisorio,Sin restricción
2021,8570,2021-02-03,Miercoles,02:20:00,Ruta Nacional 9,247.0,1,Pickup/Utilitario, ,4,3,1,0,0,0,0,"-33.28180146839545, -60.38644432780",Ruta,9,EMPALME VILLA CONSTITUCIÓN,Constitución,Asfalto,Natural,VI,Dentro,Rural,Otra Señal,No existe,Intersección,Bueno,Buena,Nocturna,Buen Tiempo,Múltiple,S/D,Colisión,Ninguna,Vertical,Cordón divisorio,Sin restricción
2021,8572,2021-11-18,Jueves,14:30:00,,0.0,2,"Bicicleta,Automóvil",San Lorenzo 235,2,0,1,0,1,0,0,"-32.89875, -60.89847",Calle,,ROLDÁN,Constitución,Asfalto,S/D,XVII,S/D,Urbana,Otra Señal,No existe,Intersección,Bueno,S/D,Diurna,S/D,Múltiple,Ciclista,Colisión,S/D,Faltante,Cordón divisorio,Sin restricción
2021,8575,2021-02-03,Miercoles,17:40:00,,0.0,2,"Pickup/Utilitario,Moto/Ciclomotor",Manuel Dorrego Y Neuquén,3,1,1,0,1,0,0,"-33.239579546393,-60.322038546746",Calle,,VILLA CONSTITUCIÓN,Constitución,Asfalto,No existe,VI,Dentro,Urbana,Otra Señal,No existe,Intersección,Bueno,Buena,Diurna,Buen Tiempo,Múltiple,S/D,Colisión,Ninguna,Faltante,Cordón divisorio,Sin restricción
2021,8583,2021-12-13,Lunes,19:40:00,Ruta Nacional A012,0.0,3,"Automóvil,Camión c / Acoplado,Automóvil", ,5,3,1,0,1,0,0,"-32.768145, -60.732832",Ruta,A012,SAN LORENZO,Constitución,Asfalto,Natural,XVII,Dentro,Rural,Otra Señal,No existe,Intersección,Bueno,Buena,Diurna,Buen Tiempo,Múltiple,S/D,Colisión,Ninguna,Horizontal,Cordón divisorio,Sin restricción
2021,8587,2021-11-18,Jueves,11:00:00,,0.0,2,"Moto/Ciclomotor,Automóvil",Mendoza Y 9 de Julio,2,0,1,0,1,0,0,"-32.71624, -60.73312",Calle,,PUERTO SAN MARTÍN,Constitución,Asfalto,No existe,XVII,Dentro,Urbana,Otra Señal,No existe,Intersección,Bueno,Buena,Diurna,Buen Tiempo,Múltiple,S/D,Colisión,Ninguna,Faltante,Cordón divisorio,Sin restricción
2021,8595,2021-12-02,Jueves,15:10:00,,0.0,2,"Automóvil,Moto/Ciclomotor",Gaboto 2700,3,0,1,0,2,0,0,"-32.969416124663,-60.666875278718",Calle,,ROSARIO,Constitución,Asfalto,No existe,II,Dentro,Urbana,Otra Señal,No existe,Intersección,Bueno,Buena,Diurna,Buen Tiempo,Múltiple,S/D,Colisión,Ninguna,Faltante,Cordón divisorio,Sin restricción
2021,8607,2021-11-25,Jueves,11:30:00,Ruta Nacional 9,0.0,2,"Moto/Ciclomotor,Automóvil",Eva Perón Y Ruta Nac 9,2,0,1,0,1,0,0,"-32.86077, -61.16017",Ruta,9,CARCARAÑÁ,Constitución,Asfalto,Pavimento,XVII,Dentro,Urbana,Otra Señal,No existe,Intersección,Bueno,Buena,Diurna,Buen Tiempo,Múltiple,S/D,Colisión,Ninguna,S/D,Cordón divisorio,Sin restricción
2021,8615,2021-11-10,Miercoles,18:30:00,,0.0,2,"Pickup/Utilitario,Moto/Ciclomotor",España Y Lamadrid,2,0,1,0,1,0,0,"-32.99743, -60.65775",Calle,,ROSARIO,Constitución,Asfalto,No existe,II,S/D,Urbana,Otra Señal,No existe,Intersección,Bueno,Buena,Diurna,Buen Tiempo,Múltiple,S/D,Colisión,Ninguna,Faltante,Cordón divisorio,Sin restricción
2021,8617,2021-12-01,Miercoles,12:55:00,Autopista Nacional A008,0.0,3,"Camión c / Semirremolque,Automóvil,Camión c / Acoplado",Av. Circunvalación Y Av. Ovidio Lagos,3,1,1,0,1,0,0,"-33.00806879997249,-60.676878690719",Autopista,A008,ROSARIO,Constitución,Asfalto,No existe,II,Dentro,Urbana,Otra Señal,No existe,Intersección,Bueno,Buena,Diurna,Buen Tiempo,Múltiple,S/D,Colisión,Ninguna,Horizontal,Cordón divisorio,Sin restricción
2021,8624,2021-11-21,Domingo,11:40:00,,0.0,2,"Moto/Ciclomotor,Automóvil",Falucho Y Martin Fierro,3,0,1,0,2,0,0,"-32.8021, -60.7219",Calle,,CAPITÁN BERMÚDEZ,Constitución,S/D,S/D,XVII,Dentro,Urbana,Otra Señal,S/D,Intersección,S/D,S/D,Diurna,S/D,Múltiple,S/D,Colisión,S/D,S/D,Cordón divisorio,Sin restricción
2021,8626,2021-11-18,Jueves,21:05:00,,0.0,2,"Moto/Ciclomotor,Automóvil",Braidotti Y Cipres,2,0,1,0,1,0,0,"-32.8021, -60.7219",Calle,,SAN LORENZO,Constitución,Asfalto,S/D,XVII,Dentro,Urbana,Otra Señal,S/D,Intersección,S/D,S/D,Nocturna,S/D,Múltiple,S/D,Colisión,S/D,S/D,Cordón divisorio,Sin restricción
2021,8633,2021-12-21,Martes,15:55:00,,0.0,2,"Moto/Ciclomotor,Automóvil",España Y Saavedra,3,0,1,0,2,0,0,"-32.976427645736,-60.654437898759",Calle,,ROSARIO,Constitución,Asfalto,No existe,II,Dentro,Urbana,Otra Señal,No existe,Intersección,Bueno,Buena,Diurna,Buen Tiempo,Múltiple,S/D,Colisión,Ninguna,Faltante,Cordón divisorio,Sin restricción
2021,8638,2021-11-07,Domingo,00:57:00,,0.0,2,"Taxi/Remis,Automóvil",Necochea 2700,3,1,1,0,1,0,0,"-32.97133, -60.62977",Calle,,ROSARIO,Constitución,Asfalto,No existe,II,Dentro,Urbana,Otra Señal,No existe,Intersección,Bueno,Buena,"Nocturna,Con luz artificial",Buen Tiempo,Múltiple,S/D,Colisión,Ninguna,Faltante,Cordón divisorio,Sin restricción
2021,8645,2021-09-07,Martes,12:00:00,,0.0,2,"Automóvil,Automóvil",Belgrano Y San Martin,2,0,1,0,1,0,0,"-33.259238718644,-60.381361782506",Calle,,VILLA CONSTITUCIÓN,Constitución,Asfalto,Pavimento,VI,Dentro,Urbana,Otra Señal,No existe,Intersección,Bueno,Buena,Diurna,Buen Tiempo,Múltiple,S/D,Colisión,Ninguna,Faltante,Cordón divisorio,Sin restricción
2021,8648,2021-12-22,Miercoles,09:30:00,Autopista Nacional A008,0.0,2,"Automóvil,Moto/Ciclomotor",Av. Circunvalación Y Av. Uriburu,2,0,1,0,1,0,0,"-32.992116303207,-60.70146551598",Autopista,A008,ROSARIO,Rosario,Asfalto,No existe,II,Dentro,Urbana,Otra Señal,No existe,Intersección,Bueno,Buena,Diurna,Buen Tiempo,Múltiple,S/D,Colisión,Ninguna,Horizontal,Cordón divisorio,Sin restricción
2021,8652,2021-11-27,Sabado,18:30:00,,0.0,2,"Moto/Ciclomotor,Bicicleta",Rev. 7 Jefes Y Rivadavia,2,0,1,0,1,0,0,"-32.7507, -60.74246",Calle,,SAN LORENZO,San Lorenzo,Asfalto,S/D,XVII,Dentro,Urbana,Otra Señal,S/D,Intersección,S/D,S/D,Atardecer,S/D,Múltiple,Ciclista,Colisión,S/D,S/D,Cordón divisorio,Sin restricción
2021,8662,2021-11-11,Jueves,20:20:00,,0.0,2,"Moto/Ciclomotor,Pickup/Utilitario",Rivadavia ,3,1,1,0,1,0,0,"-30.21502, -61.87825",Avenida,,VILLA TRINIDAD,San CRISTÓBAL,Asfalto,S/D,XIII,Dentro,S/D,Otra Señal,S/D,Intersección,Bueno,Buena,Nocturna,Buen Tiempo,Múltiple,S/D,Colisión,Ninguna,Vertical,Cordón divisorio,Sin restricción
2021,8678,2021-12-18,Sabado,22:30:00,,0.0,2,"Moto/Ciclomotor,Automóvil",Cochabamba Y Perú,3,1,1,0,1,0,0,"-32.94974361682,-60.710983610716",Calle,,ROSARIO,Rosario,Asfalto,No existe,II,Dentro,Urbana,Otra Señal,No existe,Intersección,Bueno,Buena,Atardecer,Buen Tiempo,Múltiple,S/D,Colisión,Ninguna,Faltante,Cordón divisorio,Sin restricción
2021,8679,2021-11-04,Jueves,21:20:00,,0.0,1,Automóvil, ,2,0,1,0,1,0,0,"-31.86551, -61.58035",Camino Rural,,SAN MARTIN DE LAS ESCOBAS,San MARTÍN,Tierra,Natural,XVIII,Fuera,Rural,Otra Señal,No existe,Intersección,Resbaladiza,Reducida,Nocturna,Lluvia,Múltiple,S/D,Colisión,Agua,Faltante,Cordón divisorio,Sin restricción
2021,8695,2021-12-04,Sabado,23:45:00,Autopista Nacional A008,0.0,2,"Automóvil,Moto/Ciclomotor",Av. Circunvalación Y Bv. 27 De Febrero,2,0,1,0,1,0,0,"-32.959540790808,-60.721180829967",Autopista,A008,ROSARIO,Rosario,Asfalto,No existe,II,Dentro,Urbana,Otra Señal,Funciona,Intersección,Bueno,Buena,Nocturna,Buen Tiempo,Múltiple,S/D,Colisión,Ninguna,"Horizontal,Vertical",Cordón divisorio,Sin restricción
2021,8697,2021-12-01,Miercoles,17:45:00,,0.0,2,"Automóvil,Moto/Ciclomotor",Av. Battle y Ordoñez Y San Martin,5,0,1,0,4,0,0,"-33.008887070308,-60.650717921589",Calle,,ROSARIO,Rosario,Asfalto,No existe,II,Dentro,Urbana,Otra Señal,Funciona,Intersección,Bueno,Buena,Diurna,Buen Tiempo,Múltiple,S/D,Colisión,Ninguna,"Horizontal,Vertical",Cordón divisorio,Sin restricción
2021,8700,2021-12-01,Miercoles,08:15:00,,0.0,2,"Bicicleta,Automóvil",Ayacucho Y Bv. Seguí,2,0,1,0,1,0,0,"-32.981117209799,-60.63548645965",Avenida,,ROSARIO,Rosario,Asfalto,No existe,II,Dentro,Urbana,Otra Señal,No existe,Intersección,Bueno,Buena,Diurna,Buen Tiempo,Múltiple,Ciclista,Colisión,Ninguna,Faltante,Cordón divisorio,Sin restricción
2021,8704,2021-11-06,Sabado,00:10:00,Ruta Provincial 40,0.0,3,"Moto/Ciclomotor,Moto/Ciclomotor,Moto/Ciclomotor", ,5,4,1,0,0,0,0,"-32.14202, -62.02602",Ruta,40,PIAMONTE,San MARTÍN,Asfalto,Natural,XVIII,Dentro,Rural,Otra Señal,No existe,Intersección,Bueno,Reducida,Nocturna,Buen Tiempo,Múltiple,S/D,Colisión,Ninguna,"Horizontal,Vertical",Cordón divisorio,Sin restricción
2021,8706,2021-11-09,Martes,11:00:00,,0.0,2,"Moto/Ciclomotor,Automóvil",Bv Pte. Roca Y Arenales,2,0,1,0,1,0,0,"-31.25244, -61.49391",Calle,,RAFAELA,Castellanos,Asfalto,S/D,V,S/D,Urbana,Otra Señal,Funciona,Intersección,Bueno,Buena,Diurna,Buen Tiempo,Múltiple,S/D,Colisión,S/D,Vertical,Cordón divisorio,Sin restricción
2021,8719,2021-11-06,Sabado,07:10:00,,0.0,2,"Automóvil,Moto/Ciclomotor",Mangol Cacique ,3,0,1,0,2,0,0,"-32.59378, -60.80867",Calle,,TIMBÚES,San Lorenzo,Ripio,No existe,XVII,Dentro,Rural,Otra Señal,No existe,Intersección,Con baches,Reducida polvo,Diurna,Buen Tiempo,Múltiple,S/D,Colisión,Ninguna,Faltante,Cordón divisorio,Sin restricción