anio_acci,nro_acci,fecha,desc_dia,hora_aprox,desc_ruta,km,cant_participantes,desc_participante,calle_avenida_km,total,heridos_leves,heridos_graves,heridos_gravisimos,ilesos,fallecidos,sin_datos,posicion_XY,desc_tipo_via,desc_ruta_ori,desc_loc,desc_dpto,desc_tipo_calzada,desc_tipo_banquina,desc_unidad_regional,desc_lugar_calzada,desc_zona,desc_prioridad,desc_estado_semaforo,desc_lugar_via,desc_estado_via,desc_estado_visibilidad,desc_luminosidad,desc_estado_clima,desc_tipo_colision,desc_tipo_atropello,desc_tipo_hecho,desc_pres_calzada,desc_senializacion,desc_separacion_via,desc_restriccion
2021,9806,2021-09-26,Domingo,11:00:00,,0.0,1,Bicicleta, ,1,0,1,0,0,0,0,"-32.95817760227484,-60.666264034822",S/D,,ROSARIO,Rosario,S/D,S/D,II,S/D,S/D,Otra Señal,S/D,Intersección,S/D,S/D,Diurna,S/D,Múltiple,S/D,Colisión,S/D,S/D,Cordón divisorio,Sin restricción
2021,9807,2021-09-30,Jueves,00:05:00,,0.0,1,Bicicleta,Gutenberg Y La Paz,1,0,1,0,0,0,0,"-32.955345154896,-60.691759268575",Calle,,ROSARIO,Rosario,S/D,No existe,II,Dentro,Urbana,Otra Señal,No existe,Intersección,S/D,S/D,Nocturna,S/D,Múltiple,S/D,Colisión,S/D,Faltante,Cordón divisorio,Sin restricción
2021,9808,2021-06-30,Miercoles,22:00:00,,0.0,1,Moto/Ciclomotor,Cerrito 3700,1,0,1,0,0,0,0,"-32.955502600187,-60.677575044311",Calle,,ROSARIO,Rosario,Asfalto,No existe,II,Dentro,Urbana,Otra Señal,No existe,Intersección,Bueno,S/D,Nocturna,S/D,Múltiple,S/D,Colisión,S/D,S/D,Cordón divisorio,Sin restricción
2021,9809,2021-10-01,Viernes,21:00:00,,0.0,1,Moto/Ciclomotor,Av. Uriburu Y Bv. Avellaneda,1,0,1,0,0,0,0,"-32.991855217714,-60.688655728241",Avenida,,ROSARIO,Rosario,Asfalto,No existe,II,Dentro,Urbana,Otra Señal,No existe,Intersección,S/D,S/D,Nocturna,S/D,Múltiple,S/D,Colisión,S/D,"Horizontal,Vertical",Cordón divisorio,Sin restricción
2021,9810,2021-10-01,Viernes,17:30:00,,0.0,1,Bicicleta,Suipacha 4500,1,0,1,0,0,0,0,"-32.985737292808,-60.675256908517",Calle,,ROSARIO,Rosario,Asfalto,No existe,II,Dentro,Urbana,Otra Señal,No existe,Intersección,S/D,S/D,Diurna,S/D,Múltiple,S/D,Colisión,S/D,Vertical,Cordón divisorio,Sin restricción
2021,9812,2021-10-01,Viernes,16:30:00,,0.0,2,"Otros,Peatón",Rodríguez Y Saavedra,2,0,1,0,0,0,1,"-32.97424309574,-60.666664023272",Calle,,ROSARIO,Rosario,Asfalto,No existe,II,Dentro,Urbana,Otra Señal,No existe,Intersección,S/D,S/D,Diurna,S/D,Múltiple,Peatón,Colisión,S/D,Horizontal,Cordón divisorio,Sin restricción
2021,9815,2021-01-10,Domingo,05:00:00,,0.0,1,Moto/Ciclomotor,Mendoza Y Av. Provincias Unidas,1,0,1,0,0,0,0,"-32.94427, -60.6804",Calle,,ROSARIO,Rosario,S/D,S/D,II,Dentro,Urbana,Otra Señal,S/D,Intersección,S/D,S/D,S/D,S/D,Múltiple,S/D,Colisión,S/D,S/D,Cordón divisorio,Sin restricción
2021,9816,2021-01-10,Domingo,10:30:00,,0.0,1,Moto/Ciclomotor,San Juan Y Ayacucho,1,0,1,0,0,0,0,"-32.95244, -60.62792",Calle,,ROSARIO,Rosario,S/D,S/D,II,Dentro,Urbana,Otra Señal,S/D,Intersección,S/D,S/D,S/D,S/D,Múltiple,S/D,Colisión,S/D,S/D,Cordón divisorio,Sin restricción
2021,9817,2021-10-02,Sabado,21:00:00,Autopista Nacional A008,0.0,1,Moto/Ciclomotor,Av. Circunvalación Y Bv. 27 De Febrero,1,0,1,0,0,0,0,"-32.959540790808,-60.721180829967",Autopista,A008,ROSARIO,Rosario,Asfalto,Pavimento,II,Dentro,Urbana,Otra Señal,Funciona,Intersección,S/D,S/D,Nocturna,S/D,Múltiple,S/D,Colisión,S/D,"Horizontal,Vertical",Cordón divisorio,Sin restricción
2021,9819,2021-10-03,Domingo,19:00:00,,0.0,1,Moto/Ciclomotor,Bv. Avellaneda Y Cerrito,1,0,1,0,0,0,0,"-32.954543843364,-60.682911467267",Avenida,,ROSARIO,Rosario,Asfalto,No existe,II,Dentro,Urbana,Otra Señal,Funciona,Intersección,S/D,S/D,Diurna,S/D,Múltiple,S/D,Colisión,S/D,"Horizontal,Vertical",Cordón divisorio,Sin restricción
2021,9821,2021-11-29,Lunes,05:30:00,,0.0,2,"Peatón,Otros", ,2,0,1,0,0,0,1,"-32.95817760227484,-60.666264034822",S/D,,ROSARIO,Rosario,S/D,S/D,II,S/D,S/D,Otra Señal,S/D,Intersección,S/D,S/D,Nocturna,S/D,Múltiple,Peatón,Colisión,S/D,S/D,Cordón divisorio,Sin restricción
2021,9822,2021-10-05,Martes,18:45:00,,0.0,1,Moto/Ciclomotor,Pje. 1746 2100,1,0,1,0,0,0,0,"-32.95500254446417, -60.72463595982",Calle,,ROSARIO,Rosario,Asfalto,No existe,II,Dentro,Urbana,Otra Señal,No existe,Intersección,S/D,S/D,Diurna,S/D,Múltiple,S/D,Colisión,S/D,Faltante,Cordón divisorio,Sin restricción
2021,9823,2021-10-07,Jueves,00:05:00,,0.0,2,"Automóvil,Moto/Ciclomotor", ,2,0,1,0,0,0,1,"-32.95817760227484,-60.666264034822",S/D,,ROSARIO,Rosario,S/D,S/D,II,S/D,S/D,Otra Señal,S/D,Intersección,S/D,S/D,Nocturna,S/D,Múltiple,S/D,Colisión,S/D,S/D,Cordón divisorio,Sin restricción
2021,9826,2021-10-07,Jueves,12:00:00,,0.0,1,Moto/Ciclomotor,Magallanes Y Santa Fe,1,0,1,0,0,0,0,"-32.935475801386,-60.704759883742",Calle,,ROSARIO,Rosario,Asfalto,No existe,II,Dentro,Urbana,Otra Señal,No existe,Intersección,S/D,S/D,Diurna,S/D,Múltiple,S/D,Colisión,S/D,Faltante,Cordón divisorio,Sin restricción
2021,9827,2021-10-07,Jueves,18:00:00,,0.0,1,Bicicleta,Bv. Avellaneda Y Gálvez,1,0,1,0,0,0,0,"-32.961389817471,-60.684861200548",Avenida,,ROSARIO,Rosario,Asfalto,No existe,II,Dentro,Urbana,Otra Señal,No existe,Intersección,S/D,S/D,Diurna,S/D,Múltiple,S/D,Colisión,S/D,Horizontal,Cordón divisorio,Sin restricción
2021,9828,2021-12-04,Sabado,19:00:00,,0.0,1,Moto/Ciclomotor,Av. Ing.Acevedo Y Av. Ovidio Lagos,1,0,1,0,0,0,0,"-32.984047431747,-60.671692737996",Calle,,ROSARIO,Rosario,Asfalto,No existe,II,Dentro,Urbana,Otra Señal,Funciona,Intersección,Bueno,S/D,Nocturna,S/D,Múltiple,S/D,Colisión,Ninguna,Vertical,Cordón divisorio,Sin restricción
2021,9829,2021-10-09,Sabado,16:00:00,,0.0,1,Moto/Ciclomotor, ,1,0,1,0,0,0,0,"-32.95817760227484,-60.666264034822",S/D,,ROSARIO,Rosario,S/D,S/D,II,S/D,S/D,Otra Señal,S/D,Intersección,S/D,S/D,Diurna,S/D,Múltiple,S/D,Colisión,S/D,S/D,Cordón divisorio,Sin restricción
2021,9830,2021-10-10,Domingo,00:05:00,,0.0,1,Moto/Ciclomotor,José Ingenieros Y Pje. Fillol Bis,1,0,1,0,0,0,0,"-32.91691054777,-60.707169377463",Calle,,ROSARIO,Rosario,Asfalto,No existe,II,Dentro,Urbana,Otra Señal,No existe,Intersección,S/D,S/D,Nocturna,S/D,Múltiple,S/D,Colisión,S/D,Faltante,Cordón divisorio,Sin restricción
2021,9831,2021-10-10,Domingo,05:30:00,,0.0,1,Moto/Ciclomotor,Pueyrredón Y San Lorenzo,1,0,1,0,0,0,0,"-32.940709303994,-60.656780681371",Calle,,ROSARIO,Rosario,Asfalto,No existe,II,Dentro,Urbana,Otra Señal,No existe,Intersección,S/D,S/D,Nocturna,S/D,Múltiple,S/D,Colisión,S/D,Faltante,Cordón divisorio,Sin restricción
2021,9832,2021-10-11,Lunes,18:00:00,,0.0,1,Moto/Ciclomotor,Dr. Rivas Y Suipacha,1,0,1,0,0,0,0,"-32.978999698438,-60.673551326543",Calle,,ROSARIO,Rosario,Asfalto,No existe,II,Dentro,Urbana,Otra Señal,No existe,Intersección,S/D,S/D,Diurna,S/D,Múltiple,S/D,Colisión,S/D,Faltante,Cordón divisorio,Sin restricción
2021,9833,2021-12-06,Lunes,14:00:00,,0.0,1,Automóvil,Bv. 27 De Febrero Y Castellanos,3,2,1,0,0,0,0,"-32.960915665424,-60.680367992863",Avenida,,ROSARIO,Rosario,"Asfalto,Tierra",No existe,II,Dentro,Urbana,Otra Señal,Funciona,Intersección,Deteriorada,S/D,Diurna,S/D,Múltiple,S/D,Colisión,Ninguna,Vertical,Cordón divisorio,Sin restricción
2021,9834,2021-12-06,Lunes,20:00:00,,0.0,1,Moto/Ciclomotor,Gral.Mosconi 2300,1,0,1,0,0,0,0,"-32.984208, -60.680656",Calle,,ROSARIO,Rosario,Asfalto,S/D,II,Dentro,Urbana,Otra Señal,No existe,Intersección,S/D,S/D,Nocturna,S/D,Múltiple,S/D,Colisión,S/D,S/D,Cordón divisorio,Sin restricción
2021,9838,2021-10-15,Viernes,08:00:00,,0.0,1,Moto/Ciclomotor,Calle 1507 Y Venezuela,1,0,1,0,0,0,0,"-32.925383413173,-60.725207514157",Calle,,ROSARIO,Rosario,Asfalto,No existe,II,Dentro,Urbana,Otra Señal,S/D,Intersección,S/D,S/D,Diurna,S/D,Múltiple,S/D,Colisión,S/D,Vertical,Cordón divisorio,Sin restricción
2021,9839,2021-10-16,Sabado,05:00:00,,0.0,2,"Peatón,Moto/Ciclomotor",Camilo Aldao Y Cerrito,2,0,1,0,0,0,1,"-32.952870772559,-60.69548832083",Calle,,ROSARIO,Rosario,Asfalto,No existe,II,Dentro,Urbana,Otra Señal,No existe,Intersección,S/D,S/D,Nocturna,S/D,Múltiple,Peatón,Colisión,S/D,Horizontal,Cordón divisorio,Sin restricción
2021,9841,2021-10-17,Domingo,00:05:00,,0.0,1,Automóvil,6 De Diciembre Y Bolivia,2,0,1,0,0,0,1,"-32.953943085752,-60.713259793703",Calle,,ROSARIO,Rosario,Asfalto,No existe,II,Dentro,Urbana,Otra Señal,No existe,Intersección,S/D,S/D,Nocturna,S/D,Múltiple,S/D,Colisión,S/D,Faltante,Cordón divisorio,Sin restricción
2021,9842,2021-10-19,Martes,11:00:00,,0.0,1,Moto/Ciclomotor, ,1,0,1,0,0,0,0,"-32.95817760227484,-60.666264034822",S/D,,ROSARIO,Rosario,S/D,S/D,II,S/D,S/D,Otra Señal,S/D,Intersección,S/D,S/D,Diurna,S/D,Múltiple,S/D,Colisión,S/D,S/D,Cordón divisorio,Sin restricción
2021,9844,2021-10-19,Martes,15:30:00,Autopista Nacional Rosario -Cordoba,0.0,1,Moto/Ciclomotor,Av. Pellegrini Y Méjico,1,0,1,0,0,0,0,"-32.948851223351,-60.718019663762",Autopista,Rosario -Cordoba,ROSARIO,Rosario,Asfalto,Pavimento,II,Dentro,Urbana,Otra Señal,No existe,Intersección,S/D,S/D,Diurna,S/D,Múltiple,S/D,Colisión,S/D,Faltante,Cordón divisorio,Sin restricción
2021,9845,2021-12-09,Jueves,04:30:00,,0.0,1,Moto/Ciclomotor,Soldado Aguirre 22,1,0,1,0,0,0,0,"-33.029620, -60.646645",Avenida,,VILLA GOBERNADOR GÁLVEZ,Rosario,Asfalto,No existe,II,Dentro,Urbana,Otra Señal,No existe,Intersección,Bueno,S/D,Nocturna,S/D,Múltiple,S/D,Colisión,Ninguna,Faltante,Cordón divisorio,Sin restricción
2021,9846,2021-10-21,Jueves,03:00:00,,0.0,1,Automóvil,Bv. Avellaneda Y Ituzaingó,1,0,1,0,0,0,0,"-32.953357681066,-60.682834862085",Avenida,,ROSARIO,Rosario,Asfalto,No existe,II,Dentro,Urbana,Otra Señal,No existe,Intersección,S/D,S/D,Nocturna,S/D,Múltiple,S/D,Colisión,S/D,Horizontal,Cordón divisorio,Sin restricción
2021,9849,2021-12-10,Viernes,13:30:00,,0.0,1,Moto/Ciclomotor,Darragueira Y Luis Vila,1,0,1,0,0,0,0,"-32.89871993857469, -60.69379084448",Calle,,ROSARIO,Rosario,Asfalto,No existe,II,Dentro,Urbana,Otra Señal,No existe,Intersección,Bueno,S/D,Diurna,S/D,Múltiple,S/D,Colisión,Ninguna,Faltante,Cordón divisorio,Sin restricción
2021,9853,2021-12-11,Sabado,22:00:00,Autovía Nacional A008,0.0,1,Moto/Ciclomotor,Av. Circunvalación Y Ayolas,1,0,1,0,0,0,0,"-32.980470, -60.625091",Autovía,A008,ROSARIO,Rosario,Asfalto,No existe,II,Dentro,Urbana,Otra Señal,No existe,Intersección,Bueno,S/D,"Nocturna,Con luz artificial",S/D,Múltiple,S/D,Colisión,Ninguna,Horizontal,Cordón divisorio,Sin restricción
2021,9854,2021-10-22,Viernes,14:00:00,,0.0,1,Moto/Ciclomotor, ,1,0,1,0,0,0,0,"-32.95817760227484,-60.666264034822",S/D,,ROSARIO,Rosario,S/D,S/D,II,S/D,S/D,Otra Señal,S/D,Intersección,S/D,S/D,Diurna,S/D,Múltiple,S/D,Colisión,S/D,S/D,Cordón divisorio,Sin restricción
2021,9856,2021-12-13,Lunes,20:00:00,,0.0,1,Moto/Ciclomotor,Dorrego Y Gaboto,1,0,1,0,0,0,0,"-32.97135248106,-60.656003810864",Calle,,ROSARIO,Rosario,Asfalto,No existe,II,Dentro,Urbana,Otra Señal,No existe,Intersección,Bueno,S/D,"Nocturna,Con luz artificial",S/D,Múltiple,S/D,Colisión,Ninguna,Faltante,Cordón divisorio,Sin restricción
2021,9859,2021-12-15,Miercoles,08:30:00,,0.0,1,Moto/Ciclomotor,Albert Sabin Y Av. Luis Carballo,1,0,1,0,0,0,0,"-32.922178325106,-60.685595786532",Avenida,,ROSARIO,Rosario,Asfalto,No existe,II,Dentro,Urbana,Otra Señal,Funciona,Intersección,Bueno,S/D,Diurna,S/D,Múltiple,S/D,Colisión,Ninguna,"Horizontal,Vertical",Cordón divisorio,Sin restricción
2021,9860,2021-03-25,Jueves,18:20:00,,0.0,1,Moto/Ciclomotor,Cafferata Y Cochabamba,1,0,1,0,0,0,0,"-32.9526, -60.67395",Calle,,ROSARIO,Rosario,Asfalto,S/D,II,Dentro,Urbana,Otra Señal,S/D,Intersección,S/D,S/D,Diurna,S/D,Múltiple,S/D,Colisión,S/D,S/D,Cordón divisorio,Sin restricción
2021,9861,2021-03-27,Sabado,13:00:00,,0.0,1,Moto/Ciclomotor,España ,1,0,1,0,0,0,0,"-32.97818, -60.65484",Calle,,ROSARIO,Rosario,Asfalto,S/D,II,Dentro,Urbana,Otra Señal,S/D,Intersección,S/D,S/D,Diurna,S/D,Múltiple,S/D,Colisión,S/D,S/D,Cordón divisorio,Sin restricción
2021,9862,2021-03-28,Domingo,,,0.0,1,Moto/Ciclomotor, ,1,0,1,0,0,0,0,"-32.95883, -60.693",S/D,,ROSARIO,Rosario,S/D,S/D,II,S/D,S/D,Otra Señal,S/D,Intersección,S/D,S/D,S/D,S/D,Múltiple,S/D,Colisión,S/D,S/D,Cordón divisorio,Sin restricción
2021,9863,2021-10-23,Sabado,20:00:00,,0.0,1,Moto/Ciclomotor, ,1,0,1,0,0,0,0,"-32.95817760227484,-60.666264034822",S/D,,ROSARIO,Rosario,S/D,S/D,II,S/D,S/D,Otra Señal,S/D,Intersección,S/D,S/D,Diurna,S/D,Múltiple,S/D,Colisión,S/D,S/D,Cordón divisorio,Sin restricción
2021,9864,2021-08-09,Lunes,,,0.0,1,Automóvil, ,1,0,1,0,0,0,0,"-32.95883, -60.693",S/D,,ROSARIO,Rosario,S/D,S/D,II,S/D,S/D,Otra Señal,S/D,Intersección,S/D,S/D,S/D,S/D,Múltiple,S/D,Colisión,S/D,S/D,Cordón divisorio,Sin restricción
2021,9865,2021-10-24,Domingo,03:00:00,,0.0,1,Moto/Ciclomotor, ,1,0,1,0,0,0,0,"-32.95817760227484,-60.666264034822",S/D,,ROSARIO,Rosario,S/D,S/D,II,S/D,S/D,Otra Señal,S/D,Intersección,S/D,S/D,Nocturna,S/D,Múltiple,S/D,Colisión,S/D,S/D,Cordón divisorio,Sin restricción
2021,9866,2021-10-27,Miercoles,00:05:00,,0.0,1,Moto/Ciclomotor,M.Gonzalez Y Rivarola,1,0,1,0,0,0,0,"-32.96638275996,-60.73089862947",Calle,,ROSARIO,Rosario,Asfalto,No existe,II,Dentro,Urbana,Otra Señal,No existe,Intersección,S/D,S/D,Nocturna,S/D,Múltiple,S/D,Colisión,S/D,Horizontal,Cordón divisorio,Sin restricción
2021,9868,2021-08-18,Miercoles,,,0.0,1,Moto/Ciclomotor, ,1,0,1,0,0,0,0,"-31.44905, -60.93042",Calle,,ROSARIO,Rosario,S/D,S/D,II,Dentro,Urbana,Otra Señal,S/D,Intersección,S/D,S/D,S/D,S/D,Múltiple,S/D,Colisión,S/D,S/D,Cordón divisorio,Sin restricción
2021,9871,2021-08-23,Lunes,,,0.0,1,Moto/Ciclomotor, ,1,0,1,0,0,0,0,"-32.95883, -60.693",S/D,,ROSARIO,Rosario,S/D,S/D,II,S/D,S/D,Otra Señal,S/D,Intersección,S/D,S/D,S/D,S/D,Múltiple,S/D,Colisión,S/D,S/D,Cordón divisorio,Sin restricción
2021,9872,2021-10-28,Jueves,16:30:00,,0.0,1,Automóvil, ,2,0,1,0,0,0,1,"-32.96638275996,-60.73089862947",S/D,,ROSARIO,Rosario,S/D,S/D,II,S/D,S/D,Otra Señal,S/D,Intersección,S/D,S/D,Diurna,S/D,Múltiple,S/D,Colisión,S/D,S/D,Cordón divisorio,Sin restricción
2021,9873,2021-12-16,Jueves,15:00:00,,0.0,1,Moto/Ciclomotor,Bv. Wilde Y Mendoza,1,0,1,0,0,0,0,"-32.940346474717,-60.738390476304",Avenida,,ROSARIO,Rosario,Asfalto,No existe,II,Dentro,Urbana,Otra Señal,No existe,Intersección,Bueno,S/D,Diurna,S/D,Múltiple,S/D,Colisión,Ninguna,Horizontal,Cordón divisorio,Sin restricción
2021,9874,2021-10-29,Viernes,06:00:00,,0.0,2,"Automóvil,Moto/Ciclomotor",Av. Pellegrini Y Liniers,2,0,1,0,0,0,1,"-32.948124863336,-60.698243349142",Avenida,,ROSARIO,Rosario,Asfalto,No existe,II,Dentro,Urbana,Otra Señal,Funciona,Intersección,S/D,S/D,Diurna,S/D,Múltiple,S/D,Colisión,S/D,"Horizontal,Vertical",Cordón divisorio,Sin restricción
2021,9875,2021-12-17,Viernes,10:00:00,,0.0,2,"Peatón,Otros", ,2,0,1,0,0,0,1,"-32.95817760227484,-60.666264034822",S/D,,ROSARIO,Rosario,S/D,S/D,II,S/D,S/D,Otra Señal,S/D,Intersección,S/D,S/D,Diurna,S/D,Múltiple,Peatón,Colisión,S/D,S/D,Cordón divisorio,Sin restricción
2021,9876,2021-12-17,Viernes,10:20:00,,0.0,1,Moto/Ciclomotor, ,1,0,1,0,0,0,0,"-32.95817760227484,-60.666264034822",S/D,,ROSARIO,Rosario,S/D,S/D,II,S/D,S/D,Otra Señal,S/D,Intersección,S/D,S/D,Diurna,S/D,Múltiple,S/D,Colisión,S/D,S/D,Cordón divisorio,Sin restricción
2021,9879,2021-01-15,Viernes,06:00:00,,0.0,1,Moto/Ciclomotor,Mendoza Y Callao,1,0,1,0,0,0,0,"-32.94766, -60.6614",Calle,,ROSARIO,Rosario,S/D,S/D,II,Dentro,Urbana,Otra Señal,S/D,Intersección,S/D,S/D,S/D,S/D,Múltiple,S/D,Colisión,S/D,S/D,Cordón divisorio,Sin restricción
2021,9880,2021-01-15,Viernes,00:00:00,,0.0,1,Bicicleta, ,1,0,1,0,0,0,0,"-32.94766, -60.6614",Calle,,ROSARIO,Rosario,S/D,S/D,II,Dentro,Urbana,Otra Señal,S/D,Intersección,S/D,S/D,S/D,S/D,Múltiple,Ciclista,Colisión,S/D,S/D,Cordón divisorio,Sin restricción
2021,9882,2021-10-29,Viernes,13:00:00,,0.0,1,Moto/Ciclomotor,Bv. Seguí Y Lavalle,1,0,1,0,0,0,0,"-32.972053747085,-60.686018204923",Avenida,,ROSARIO,Rosario,Asfalto,No existe,II,Dentro,Urbana,Otra Señal,No existe,Intersección,S/D,S/D,Diurna,S/D,Múltiple,S/D,Colisión,S/D,Horizontal,Cordón divisorio,Sin restricción
2021,9883,2021-10-29,Viernes,14:20:00,,0.0,1,Moto/Ciclomotor,Dorrego Y San Juan,1,0,1,0,0,0,0,"-32.948170414009,-60.650168883488",Calle,,ROSARIO,Rosario,Asfalto,No existe,II,Dentro,Urbana,Otra Señal,No existe,Intersección,S/D,S/D,Diurna,S/D,Múltiple,S/D,Colisión,S/D,Horizontal,Cordón divisorio,Sin restricción
2021,9884,2021-10-30,Sabado,22:00:00,,0.0,2,"Automóvil,Bicicleta",Bv. Avellaneda Y Bv. Seguí,2,0,1,0,0,0,1,"-32.97165667827,-60.687244626218",Avenida,,ROSARIO,Rosario,Asfalto,No existe,II,Dentro,Urbana,Otra Señal,Funciona,Intersección,S/D,S/D,Nocturna,S/D,Múltiple,Ciclista,Colisión,S/D,"Horizontal,Vertical",Cordón divisorio,Sin restricción
2021,9887,2021-10-31,Domingo,06:30:00,,0.0,1,Bicicleta,Bv. Seguí ,1,0,1,0,0,0,0,"-32.971181615662,-60.690184317642",Avenida,,ROSARIO,Rosario,Asfalto,S/D,II,Dentro,Urbana,Otra Señal,S/D,Intersección,S/D,S/D,Diurna,S/D,Múltiple,S/D,Colisión,S/D,S/D,Cordón divisorio,Sin restricción
2021,9888,2021-08-07,Sabado,,,0.0,1,Moto/Ciclomotor, ,1,0,1,0,0,0,0,"-32.95883, -60.693",S/D,,ROSARIO,Rosario,S/D,S/D,II,S/D,S/D,Otra Señal,S/D,Intersección,S/D,S/D,S/D,S/D,Múltiple,S/D,Colisión,S/D,S/D,Cordón divisorio,Sin restricción
2021,9889,2021-08-23,Lunes,,,0.0,1,Moto/Ciclomotor, ,1,0,1,0,0,0,0,"-32.95883, -60.693",S/D,,ROSARIO,Rosario,S/D,S/D,II,S/D,S/D,Otra Señal,S/D,Intersección,S/D,S/D,S/D,S/D,Múltiple,S/D,Colisión,S/D,S/D,Cordón divisorio,Sin restricción
2021,9890,2021-12-19,Domingo,12:00:00,,0.0,1,Moto/Ciclomotor, ,1,0,1,0,0,0,0,"-32.95817760227484,-60.666264034822",S/D,,ROSARIO,Rosario,S/D,S/D,II,S/D,S/D,Otra Señal,S/D,Intersección,S/D,S/D,Diurna,S/D,Múltiple,S/D,Colisión,S/D,S/D,Cordón divisorio,Sin restricción
2021,9891,2021-12-20,Lunes,16:00:00,,0.0,1,Moto/Ciclomotor,Buenos Aires ,1,0,1,0,0,0,0,"-32.95642018318173,-60.634950399398",S/D,,ROSARIO,Rosario,S/D,S/D,II,S/D,Urbana,Otra Señal,S/D,Intersección,S/D,S/D,Diurna,S/D,Múltiple,S/D,Colisión,S/D,S/D,Cordón divisorio,Sin restricción
2021,9892,2021-12-22,Miercoles,07:00:00,,0.0,1,Moto/Ciclomotor,ESPINOSA  Y ROULLON ,1,0,1,0,0,0,0,"-32.976641, -60.700721",Calle,,ROSARIO,Rosario,Asfalto,No existe,II,Dentro,Urbana,Otra Señal,No existe,Intersección,Bueno,S/D,Diurna,S/D,Múltiple,S/D,Colisión,S/D,Faltante,Cordón divisorio,Sin restricción
2021,9893,2021-08-25,Miercoles,,,0.0,1,Moto/Ciclomotor, ,1,0,1,0,0,0,0,"-32.95883, -60.693",S/D,,ROSARIO,Rosario,S/D,S/D,II,S/D,S/D,Otra Señal,S/D,Intersección,S/D,S/D,S/D,S/D,Múltiple,S/D,Colisión,S/D,S/D,Cordón divisorio,Sin restricción
2021,9894,2021-03-27,Sabado,,,0.0,1,Moto/Ciclomotor, ,1,0,1,0,0,0,0,"-32.95883, -60.693",S/D,,ROSARIO,Rosario,S/D,S/D,II,S/D,S/D,Otra Señal,S/D,Intersección,S/D,S/D,S/D,S/D,Múltiple,S/D,Colisión,S/D,S/D,Cordón divisorio,Sin restricción
2021,9895,2021-08-27,Viernes,,,0.0,1,Moto/Ciclomotor, ,1,0,1,0,0,0,0,"-32.95883, -60.693",S/D,,ROSARIO,Rosario,S/D,S/D,II,S/D,S/D,Otra Señal,S/D,Intersección,S/D,S/D,S/D,S/D,Múltiple,S/D,Colisión,S/D,S/D,Cordón divisorio,Sin restricción
2021,9896,2021-12-26,Domingo,15:30:00,,0.0,1,Moto/Ciclomotor,Av. Ovidio Lagos Y Av. Pellegrini,1,0,1,0,0,0,0,"-32.95316371891247, -60.66421025542",Calle,,ROSARIO,Rosario,Asfalto,No existe,II,Dentro,Urbana,Otra Señal,Funciona,Intersección,Bueno,S/D,Diurna,S/D,Múltiple,S/D,Colisión,Ninguna,"Horizontal,Vertical",Cordón divisorio,Sin restricción
2021,9899,2021-08-28,Sabado,,,0.0,2,"Peatón,Otros", ,2,0,1,0,0,0,1,"-32.95883, -60.693",S/D,,ROSARIO,Rosario,S/D,S/D,II,S/D,S/D,Otra Señal,S/D,Intersección,S/D,S/D,S/D,S/D,Múltiple,Peatón,Colisión,S/D,S/D,Cordón divisorio,Sin restricción
2021,9901,2021-12-30,Jueves,01:00:00,,0.0,1,Moto/Ciclomotor,Centeno Y Crespo,1,0,1,0,0,0,0,"-32.979411254388,-60.677926087599",Calle,,ROSARIO,Rosario,Asfalto,S/D,II,Dentro,Urbana,Otra Señal,S/D,Intersección,S/D,S/D,Nocturna,S/D,Múltiple,S/D,Colisión,S/D,S/D,Cordón divisorio,Sin restricción
2021,9902,2021-08-28,Sabado,,,0.0,1,Moto/Ciclomotor, ,1,0,1,0,0,0,0,"-32.95883, -60.693",S/D,,ROSARIO,Rosario,S/D,S/D,II,S/D,S/D,Otra Señal,S/D,Intersección,S/D,S/D,S/D,S/D,Múltiple,S/D,Colisión,S/D,S/D,Cordón divisorio,Sin restricción
2021,9904,2021-08-28,Sabado,,,0.0,1,Moto/Ciclomotor, ,1,0,1,0,0,0,0,"-32.95883, -60.693",S/D,,ROSARIO,Rosario,S/D,S/D,II,S/D,S/D,Otra Señal,S/D,Intersección,S/D,S/D,S/D,S/D,Múltiple,S/D,Colisión,S/D,S/D,Cordón divisorio,Sin restricción
2021,9906,2021-08-29,Domingo,,,0.0,1,Moto/Ciclomotor, ,1,0,1,0,0,0,0,"-32.95883, -60.693",S/D,,ROSARIO,Rosario,S/D,S/D,II,S/D,S/D,Otra Señal,S/D,Intersección,S/D,S/D,S/D,S/D,Múltiple,S/D,Colisión,S/D,S/D,Cordón divisorio,Sin restricción
2021,9987,2021-09-03,Viernes,19:30:00,,0.0,2,"Automóvil,Moto/Ciclomotor",Ivanowski Y Necochea,2,0,1,0,0,0,1,"-32.985363154625,-60.633348293302",Calle,,ROSARIO,Rosario,Asfalto,No existe,II,Dentro,Urbana,Otra Señal,No existe,Intersección,S/D,S/D,Nocturna,S/D,Múltiple,S/D,Colisión,S/D,Faltante,Cordón divisorio,Sin restricción
2021,9990,2021-09-04,Sabado,20:00:00,,0.0,2,"Automóvil,Bicicleta", ,2,0,1,0,0,0,1,"-32.95817760227484,-60.666264034822",S/D,,ROSARIO,Rosario,S/D,S/D,II,S/D,S/D,Otra Señal,S/D,Intersección,S/D,S/D,Nocturna,S/D,Múltiple,Ciclista,Colisión,S/D,S/D,Cordón divisorio,Sin restricción
2021,31,2021-01-11,Lunes,10:00:00,,0.0,2,"Moto/Ciclomotor,Automóvil",Jujuy Y Paraná,3,0,2,0,1,0,0,"-32.82781, -60.71729",Calle,,CAPITÁN BERMÚDEZ,San Lorenzo,Asfalto,Pavimento,XVII,Dentro,Urbana,Otra Señal,No existe,Intersección,Bueno,Buena,Atardecer,S/D,Múltiple,S/D,Colisión,Ninguna,Faltante,Cordón divisorio,Sin restricción
2021,32,2021-01-14,Jueves,13:25:00,,0.0,2,"Bicicleta,Pickup/Utilitario",27 de Febrero Y Ángel Marino Gervaso,4,1,2,0,1,0,0,"-32.82026, -60.7284",Calle,,CAPITÁN BERMÚDEZ,San Lorenzo,Asfalto,Pavimento,XVII,Dentro,Urbana,Otra Señal,No existe,Intersección,Bueno,Buena,Amanecer,S/D,Múltiple,Ciclista,Colisión,Ninguna,Faltante,Cordón divisorio,Sin restricción