anio_acci,nro_acci,fecha,desc_dia,hora_aprox,desc_ruta,km,cant_participantes,desc_participante,calle_avenida_km,total,heridos_leves,heridos_graves,heridos_gravisimos,ilesos,fallecidos,sin_datos,posicion_XY,desc_tipo_via,desc_ruta_ori,desc_loc,desc_dpto,desc_tipo_calzada,desc_tipo_banquina,desc_unidad_regional,desc_lugar_calzada,desc_zona,desc_prioridad,desc_estado_semaforo,desc_lugar_via,desc_estado_via,desc_estado_visibilidad,desc_luminosidad,desc_estado_clima,desc_tipo_colision,desc_tipo_atropello,desc_tipo_hecho,desc_pres_calzada,desc_senializacion,desc_separacion_via,desc_restriccion
2021,120,2021-01-10,Domingo,,,0.0,2,"Moto/Ciclomotor,Moto/Ciclomotor",J V González Y J B Justo,3,1,2,0,0,0,0,"-30.94477, -61.55518",Calle,,SUNCHALES,Castellanos,Asfalto,S/D,V,S/D,Urbana,Otra Señal,S/D,Intersección,S/D,S/D,S/D,S/D,Múltiple,S/D,Colisión,S/D,S/D,Cordón divisorio,Sin restricción
2021,312,2021-01-02,Sabado,,,0.0,2,"Moto/Ciclomotor,Automóvil",Av. Luis Fanti Y Viamonte,3,0,2,0,1,0,0,"-31.26147, -61.49749",S/D,,RAFAELA,Castellanos,S/D,S/D,V,S/D,S/D,Otra Señal,S/D,Intersección,S/D,S/D,S/D,S/D,Múltiple,S/D,Colisión,S/D,S/D,Cordón divisorio,Sin restricción
2021,357,2021-03-15,Lunes,21:00:00,,0.0,2,"Moto/Ciclomotor,Automóvil",Bielsa Y Campbell,3,0,2,0,0,0,1,"-32.92367, -60.70875",Calle,,ROSARIO,Rosario,Asfalto,No existe,II,Dentro,Urbana,Otra Señal,No existe,Intersección,S/D,S/D,Nocturna,S/D,Múltiple,S/D,Colisión,S/D,S/D,Cordón divisorio,Sin restricción
2021,360,2021-03-12,Viernes,16:45:00,,0.0,2,"Moto/Ciclomotor,Moto/Ciclomotor",Av. Génova Y Pje. Aguapey Bis,2,0,2,0,0,0,0,"-32.91582, -60.70573",Calle,,ROSARIO,Rosario,Asfalto,No existe,II,Dentro,Urbana,Otra Señal,No existe,Intersección,S/D,Buena,Diurna,S/D,Múltiple,S/D,Colisión,S/D,Faltante,Cordón divisorio,Sin restricción
2021,410,2021-02-07,Domingo,19:30:00,,0.0,2,"Moto/Ciclomotor,Automóvil",F.More Y P.L.Funes,3,0,2,0,0,0,1,"-32.96693776545,-60.692714719857",Calle,,ROSARIO,Rosario,Asfalto,No existe,II,Dentro,Urbana,Otra Señal,No existe,Intersección,Bueno,S/D,Atardecer,S/D,Múltiple,S/D,Colisión,Ninguna,Faltante,Cordón divisorio,Sin restricción
2021,458,2021-02-17,Miercoles,18:00:00,,0.0,2,"Moto/Ciclomotor,Automóvil",Alsina Y Viamonte,3,0,2,0,1,0,0,"-32.958450395163,-60.681171455728",Calle,,ROSARIO,Rosario,Asfalto,No existe,II,Dentro,Urbana,Otra Señal,No existe,Intersección,Bueno,Buena,Diurna,Buen Tiempo,Múltiple,S/D,Colisión,Ninguna,Faltante,Cordón divisorio,Sin restricción
2021,477,2021-02-04,Jueves,19:40:00,,0.0,2,"Moto/Ciclomotor,Moto/Ciclomotor",Magallanes Y Pellegrini,3,1,2,0,0,0,0,"-33.031613798189,-60.635657063491",Calle,,VILLA GOBERNADOR GÁLVEZ,Rosario,Asfalto,No existe,II,Dentro,Urbana,Otra Señal,No existe,Intersección,"Con baches,Deteriorada",Buena,"Atardecer,Con luz artificial",Buen Tiempo,Múltiple,S/D,Colisión,Ninguna,Faltante,Cordón divisorio,Sin restricción
2021,829,2021-03-13,Sabado,,,0.0,2,"Moto/Ciclomotor,Moto/Ciclomotor", ,2,0,2,0,0,0,0,"-31.44621, -60.93163",S/D,,ESPERANZA,Las Colonias,S/D,S/D,XI,S/D,S/D,Otra Señal,S/D,Intersección,S/D,S/D,S/D,S/D,Múltiple,S/D,Colisión,S/D,S/D,Cordón divisorio,Sin restricción
2021,914,2021-02-20,Sabado,,Ruta Nacional 8,300.0,3,"Automóvil,Moto/Ciclomotor,Moto/Ciclomotor", ,3,0,2,0,1,0,0,"-33.850250, -61.636031",Ruta,8,SANTA ISABEL,General LÓPEZ,Asfalto,Natural,VIII,Dentro,Rural,Otra Señal,No existe,Intersección,Bueno,S/D,Diurna,S/D,Múltiple,S/D,Colisión,Ninguna,Faltante,Cordón divisorio,Sin restricción
2021,1171,2021-03-02,Martes,13:10:00,,0.0,2,"Automóvil,Moto/Ciclomotor",Ayacucho 5300,3,0,2,0,1,0,0,"-31.59039, -60.72692",S/D,,SANTA FE,La Capital,S/D,S/D,I,S/D,S/D,Otra Señal,S/D,Intersección,S/D,S/D,S/D,S/D,Múltiple,S/D,Colisión,S/D,S/D,Cordón divisorio,Sin restricción
2021,1186,2021-03-06,Sabado,08:00:00,,0.0,2,"Pickup/Utilitario,Moto/Ciclomotor",San Luis Y San Nicolas,3,0,2,0,1,0,0,"-32.94296, -60.67301",S/D,,ROSARIO,Rosario,S/D,S/D,II,S/D,S/D,Otra Señal,S/D,Intersección,S/D,S/D,S/D,S/D,Múltiple,S/D,Colisión,S/D,S/D,Cordón divisorio,Sin restricción
2021,1188,2021-03-07,Domingo,05:25:00,,0.0,1,Moto/Ciclomotor,Falucho 740,2,0,2,0,0,0,0,"-32.02599, -61.21792",Calle,,GÁLVEZ,San JERÓNIMO,S/D,S/D,XV,S/D,S/D,Otra Señal,S/D,Intersección,S/D,S/D,S/D,S/D,Múltiple,S/D,Colisión,S/D,S/D,Cordón divisorio,Sin restricción
2021,1226,2021-03-07,Domingo,11:30:00,,0.0,2,"Moto/Ciclomotor,Automóvil",Calle 8 Y Calle 29,3,0,2,0,1,0,0,"-28.34898, -59.26001",S/D,,LAS TOSCAS,General Obligado,S/D,S/D,IX,S/D,S/D,Otra Señal,S/D,Intersección,S/D,S/D,S/D,S/D,Múltiple,S/D,Colisión,S/D,S/D,Cordón divisorio,Sin restricción
2021,1391,2021-04-02,Viernes,16:40:00,,0.0,1,Moto/Ciclomotor,Roullon 4100,2,0,2,0,0,0,0,"-32.976687968781,-60.700829508728",Calle,,ROSARIO,Rosario,Asfalto,No existe,II,Dentro,Urbana,Otra Señal,No existe,Intersección,Bueno,Buena,Diurna,Buen Tiempo,Múltiple,S/D,Colisión,Ninguna,Faltante,Cordón divisorio,Sin restricción
2021,1710,2021-01-16,Sabado,13:50:00,,0.0,2,"Moto/Ciclomotor,Automóvil",Lavalle Y 24 De Setiembre,3,0,2,0,1,0,0,"-32.97315, -60.68631",Calle,,ROSARIO,Rosario,Asfalto,No existe,II,Dentro,Urbana,Otra Señal,No existe,Intersección,Deteriorada,Buena,Diurna,Buen Tiempo,Múltiple,S/D,Colisión,Ninguna,Faltante,Cordón divisorio,Sin restricción
2021,1958,2021-05-12,Miercoles,07:40:00,,0.0,2,"Moto/Ciclomotor,Moto/Ciclomotor",Virasoro Y Dorrego,3,1,2,0,0,0,0,"-32.96791, -60.65515",Calle,,ROSARIO,Rosario,Asfalto,Pavimento,II,Dentro,Urbana,Otra Señal,No existe,Intersección,S/D,Buena,Amanecer,S/D,Múltiple,S/D,Colisión,S/D,Vertical,Cordón divisorio,Sin restricción
2021,1978,2021-05-16,Domingo,17:00:00,Ruta Nacional 9,0.0,2,"Automóvil,Moto/Ciclomotor",Minetti ,6,1,2,0,3,0,0,"-32.91811, -60.83107",Ruta,9,FUNES,Rosario,Asfalto,Ripio,I,Dentro,Urbana,Otra Señal,No existe,Intersección,Bueno,Buena,Diurna,Buen Tiempo,Múltiple,S/D,Colisión,Ninguna,Vertical,Cordón divisorio,Sin restricción
2021,2033,2021-05-14,Viernes,17:50:00,,0.0,2,"Moto/Ciclomotor,Pickup/Utilitario",S Martin Y Gral. Urquiza,3,1,2,0,0,0,0,"-30.78662, -60.58891",Calle,,SAN JUSTO,San Justo,Asfalto,No existe,XVI,Dentro,Urbana,Otra Señal,No existe,Intersección,Bueno,Buena,Diurna,Buen Tiempo,Múltiple,S/D,Colisión,Ninguna,Faltante,Cordón divisorio,Sin restricción
2021,2097,2021-01-16,Sabado,16:37:00,Ruta Nacional 95,925.0,2,"Camión c / Acoplado,Pickup/Utilitario", ,4,0,2,0,1,1,0,"-28.08827, -61.24666",Ruta,95,GATO COLORADO,9 de Julio,Asfalto,Natural,XII,Dentro,Rural,Otra Señal,No existe,Intersección,Resbaladiza,Reducida,Diurna,Lluvia,Múltiple,S/D,Colisión,Agua,S/D,Cordón divisorio,Sin restricción
2021,2134,2021-04-29,Jueves,15:10:00,Ruta Nacional 11,0.0,2,"Moto/Ciclomotor,Moto/Ciclomotor",Los Pinos ,2,0,2,0,0,0,0,"-31.520524103482,-60.724509346758",Ruta,11,RECREO,La Capital,Asfalto,Ripio,I,Dentro,Urbana,Otra Señal,No existe,Intersección,Bueno,Buena,Diurna,Buen Tiempo,Múltiple,S/D,Colisión,Ninguna,Horizontal,Cordón divisorio,Sin restricción
2021,2228,2021-01-17,Domingo,21:00:00,Ruta Nacional 34,193.0,1,Automóvil, ,6,2,2,0,1,1,0,"-31.50146, -61.53471",Ruta,34,ANGÉLICA,Castellanos,Asfalto,Pavimento,V,S/D,Rural,Otra Señal,No existe,Intersección,Bueno,Buena,Nocturna,Buen Tiempo,Múltiple,S/D,Colisión,S/D,"Horizontal,Vertical",Cordón divisorio,Sin restricción
2021,2235,2021-01-17,Domingo,16:30:00,Ruta Provincial 90,112.0,1,Automóvil, ,3,0,2,0,0,1,0,"-33.66797, -61.495",Ruta,90,MELINCUÉ,General LÓPEZ,Asfalto,S/D,VIII,S/D,Rural,Otra Señal,S/D,Intersección,Bueno,Buena,Diurna,Buen Tiempo,Múltiple,S/D,Colisión,S/D,S/D,Cordón divisorio,Sin restricción
2021,2442,2021-04-02,Viernes,,,0.0,2,"Moto/Ciclomotor,Moto/Ciclomotor",Brasil Y España,2,0,2,0,0,0,0,"-31.49621887399,-60.721934035443",Calle,,RECREO,La Capital,Asfalto,No existe,I,Dentro,Urbana,Otra Señal,S/D,Intersección,Bueno,S/D,S/D,S/D,Múltiple,S/D,Colisión,S/D,S/D,Cordón divisorio,Sin restricción
2021,2443,2021-02-12,Viernes,21:00:00,Autopista Nacional A009,7.0,2,"Moto/Ciclomotor,Bicicleta",Ruta A-009 ,3,0,2,0,0,1,0,"-29.20272, -59.63552",Autopista,A009,RECONQUISTA,General Obligado,Asfalto,Natural,IX,S/D,Rural,Otra Señal,No existe,Intersección,Bueno,S/D,Nocturna,S/D,Múltiple,Ciclista,Colisión,Ninguna,Faltante,Cordón divisorio,Sin restricción
2021,2725,2021-03-04,Jueves,04:00:00,Ruta Provincial 91,5.0,2,"Automóvil,Camión c / Acoplado", ,7,0,2,2,1,2,0,"-32.62496, -60.8677",Ruta,91,ANDINO,Iriondo,Asfalto,Natural,X,S/D,Rural,Otra Señal,No existe,Intersección,Bueno,S/D,Nocturna,S/D,Múltiple,S/D,Colisión,S/D,Faltante,Cordón divisorio,Sin restricción
2021,2771,2021-03-20,Sabado,00:15:00,,0.0,3,"Automóvil,Automóvil,Automóvil",Av. Ntra.Sra.del Rosario Y Ayacucho,5,0,2,0,0,2,1,"-32.99949, -60.63634",Avenida,,ROSARIO,Rosario,Asfalto,No existe,II,S/D,Urbana,Otra Señal,Intermitente,Intersección,Bueno,S/D,Nocturna,S/D,Múltiple,S/D,Colisión,S/D,"Horizontal,Vertical",Cordón divisorio,Sin restricción
2021,2815,2021-03-28,Domingo,,,0.0,2,"Moto/Ciclomotor,Taxi/Remis",Bv. Colon Y Juan B. Alberdi,3,0,2,0,1,0,0,"-33.45553, -61.48542",Calle,,FIRMAT,General LÓPEZ,S/D,S/D,VIII,Dentro,Urbana,Otra Señal,S/D,Intersección,S/D,S/D,S/D,S/D,Múltiple,S/D,Colisión,S/D,S/D,Cordón divisorio,Sin restricción
2021,3022,2021-06-12,Sabado,00:45:00,,0.0,2,"Moto/Ciclomotor,Moto/Ciclomotor",French Y Garzón,3,1,2,0,0,0,0,"-32.921586637296,-60.706437902761",Calle,,ROSARIO,Rosario,Asfalto,No existe,I,Dentro,Urbana,Otra Señal,No existe,Intersección,Bueno,Buena,Nocturna,Buen Tiempo,Múltiple,S/D,Colisión,Ninguna,Faltante,Cordón divisorio,Sin restricción
2021,3086,2021-06-07,Lunes,09:25:00,,0.0,2,"Pickup/Utilitario,Moto/Ciclomotor",Ignacio Asurmendi Y Mitre,3,0,2,0,1,0,0,"-33.239068513096,-60.835086737946",Calle,,ACEBAL,Rosario,Asfalto,No existe,II,Dentro,Urbana,Otra Señal,No existe,Intersección,Bueno,Buena,Amanecer,Buen Tiempo,Múltiple,S/D,Colisión,Ninguna,Faltante,Cordón divisorio,Sin restricción
2021,3096,2021-05-01,Sabado,16:50:00,,0.0,2,"Moto/Ciclomotor,Pickup/Utilitario",Chacabuco Y Av. Belgrano,4,2,2,0,0,0,0,"-32.8086, -60.72776",Calle,,CAPITÁN BERMÚDEZ,San Lorenzo,S/D,S/D,XVII,S/D,Urbana,Otra Señal,S/D,Intersección,S/D,S/D,S/D,S/D,Múltiple,S/D,Colisión,S/D,S/D,Cordón divisorio,Sin restricción
2021,3213,2021-06-07,Lunes,13:00:00,Autopista Nacional A008,0.0,2,"Moto/Ciclomotor,Pickup/Utilitario",Av. de Circunvalación Y Rivadavia,3,0,2,0,1,0,0,"-33.015662183094,-60.627023655864",Autopista,A008,VILLA GOBERNADOR GÁLVEZ,Rosario,Asfalto,No existe,II,Dentro,Urbana,Otra Señal,No existe,Intersección,Bueno,Buena,Diurna,Buen Tiempo,Múltiple,S/D,Colisión,Ninguna,Faltante,Cordón divisorio,Sin restricción
2021,3244,2021-05-19,Miercoles,15:45:00,,0.0,2,"Transporte de Pasajeros Urbano (> 8 asientos),Automóvil",Mendoza Y J.Colombres,4,0,2,0,1,1,0,"-32.94083, -60.72942",Avenida,,ROSARIO,Rosario,Asfalto,No existe,II,Dentro,Urbana,Otra Señal,Funciona,Intersección,Bueno,Buena,Diurna,Buen Tiempo,Múltiple,S/D,Colisión,Ninguna,Vertical,Cordón divisorio,Sin restricción
2021,3257,2021-05-04,Martes,12:50:00,Ruta Nacional 34,2.7,2,"Automóvil,Automóvil",Ruta Nac 34 ,5,0,2,0,2,1,0,"-32.8796, -60.74316",Ruta,34,ROSARIO,Rosario,Asfalto,Pavimento,II,S/D,Urbana,Otra Señal,No existe,Intersección,Bueno,Buena,Diurna,Buen Tiempo,Múltiple,S/D,Colisión,S/D,Faltante,Cordón divisorio,Sin restricción
2021,3345,2021-06-12,Sabado,06:55:00,,0.0,2,"Automóvil,Moto/Ciclomotor",José Rucci Y Urquiza,2,0,2,0,0,0,0,"-32.747498616185,-60.74438002774",Calle,,SAN LORENZO,San Lorenzo,Asfalto,No existe,XVII,Dentro,Urbana,Otra Señal,No existe,Intersección,S/D,S/D,Diurna,S/D,Múltiple,S/D,Colisión,S/D,Faltante,Cordón divisorio,Sin restricción
2021,3444,2021-06-26,Sabado,13:45:00,,0.0,2,"Moto/Ciclomotor,Taxi/Remis",Ayacucho Y Marco Polo,4,1,2,0,1,0,0,"-33.010547817778,-60.635794943297",Calle,,ROSARIO,Rosario,Asfalto,No existe,II,Dentro,Urbana,Otra Señal,No existe,Intersección,Bueno,Buena,Diurna,Buen Tiempo,Múltiple,S/D,Colisión,Ninguna,Horizontal,Cordón divisorio,Sin restricción
2021,3458,2021-06-11,Viernes,12:00:00,,0.0,3,"Moto/Ciclomotor,Moto/Ciclomotor,Peatón",Brown Y Santiago del Estero,3,0,2,0,0,1,0,"-32.74115, -60.74147",Calle,,SAN LORENZO,San Lorenzo,Asfalto,No existe,XVII,S/D,Urbana,Otra Señal,No existe,Intersección,Bueno,Buena,Diurna,Buen Tiempo,Múltiple,Peatón,Colisión,S/D,Faltante,Cordón divisorio,Sin restricción
2021,3594,2021-06-20,Domingo,19:25:00,,0.0,2,"Moto/Ciclomotor,Pickup/Utilitario",Republica del Paraguay 600,3,0,2,0,1,0,0,"-32.760989571521,-60.736518535476",Calle,,SAN LORENZO,San Lorenzo,Tierra,S/D,XVII,Dentro,Urbana,Otra Señal,S/D,Intersección,S/D,S/D,Atardecer,S/D,Múltiple,S/D,Colisión,S/D,Faltante,Cordón divisorio,Sin restricción
2021,3616,2021-05-08,Sabado,18:15:00,,0.0,2,"Moto/Ciclomotor,Automóvil",Calle 123 Y Calle 104,3,0,2,0,1,0,0,"-28.35226, -59.2652",S/D,,LAS TOSCAS,General Obligado,S/D,S/D,IX,S/D,S/D,Otra Señal,S/D,Intersección,S/D,S/D,S/D,S/D,Múltiple,S/D,Colisión,S/D,S/D,Cordón divisorio,Sin restricción
2021,3682,2021-05-27,Jueves,19:45:00,Ruta Nacional 33,0.0,2,"Moto/Ciclomotor,Pickup/Utilitario", ,3,0,2,0,1,0,0,"-34.13002, -62.43334",Ruta,33,AMENABAR,General LÓPEZ,Asfalto,S/D,VIII,Dentro,Rural,Otra Señal,No existe,Intersección,S/D,S/D,Atardecer,S/D,Múltiple,S/D,Colisión,S/D,S/D,Cordón divisorio,Sin restricción
2021,3830,2021-07-25,Domingo,18:00:00,Autovía Nacional 19,31.0,1,Automóvil, ,7,4,2,0,0,1,0,"-31.60097, -61.0925",Autovía,19,SAN JERÓNIMO NORTE,Las Colonias,Asfalto,Natural,XI,S/D,Rural,Otra Señal,No existe,Intersección,Bueno,S/D,Diurna,S/D,Múltiple,S/D,Colisión,Ninguna,Faltante,Cordón divisorio,Sin restricción
2021,3930,2021-07-19,Lunes,15:10:00,,0.0,2,"Pickup/Utilitario,Moto/Ciclomotor",Crespo Y Biedma,3,0,2,0,1,0,0,"-32.975976234175,-60.677059564027",Calle,,ROSARIO,Rosario,Asfalto,Pavimento,II,Dentro,Urbana,Otra Señal,No existe,Intersección,Bueno,Buena,Diurna,Buen Tiempo,Múltiple,S/D,Colisión,Ninguna,Faltante,Cordón divisorio,Sin restricción
2021,3937,2021-07-01,Jueves,16:50:00,,0.0,2,"Moto/Ciclomotor,Automóvil",Crespo Y Saavedra,3,0,2,0,0,0,1,"-32.972530285779,-60.676194845132",Calle,,ROSARIO,Rosario,Asfalto,No existe,II,Dentro,Urbana,Otra Señal,No existe,Intersección,Bueno,Buena,Diurna,Buen Tiempo,Múltiple,S/D,Colisión,Ninguna,Faltante,Cordón divisorio,Sin restricción
2021,3951,2021-07-25,Domingo,21:20:00,,0.0,2,"Moto/Ciclomotor,Automóvil",Constitución Y Garibaldi,3,0,2,0,1,0,0,"-32.979587501001,-60.683653522056",Calle,,ROSARIO,Rosario,Asfalto,No existe,II,Dentro,Urbana,Otra Señal,No existe,Intersección,Deteriorada,Buena,"Nocturna,Con luz artificial",Buen Tiempo,Múltiple,S/D,Colisión,Ninguna,Faltante,Cordón divisorio,Sin restricción
2021,4015,2021-07-24,Sabado,23:55:00,,0.0,2,"Moto/Ciclomotor,Pickup/Utilitario",Chacabuco Y Dean Funes,3,0,2,0,1,0,0,"-32.978374028406,-60.630144400089",Calle,,ROSARIO,Rosario,Asfalto,No existe,II,Dentro,Urbana,Otra Señal,No existe,Intersección,Bueno,Buena,Nocturna,Buen Tiempo,Múltiple,S/D,Colisión,Ninguna,Faltante,Cordón divisorio,Sin restricción
2021,4107,2021-07-26,Lunes,14:00:00,,0.0,3,"Automóvil,Moto/Ciclomotor,Automóvil",Alberdi Y Sarmiento,4,0,2,0,2,0,0,"-30.315423717878,-61.240946929575",Calle,,SAN CRISTÓBAL,San CRISTÓBAL,Hormigón,No existe,XIII,Dentro,Urbana,Otra Señal,No existe,Intersección,Deteriorada,Buena,Diurna,Buen Tiempo,Múltiple,S/D,Colisión,Ninguna,Faltante,Cordón divisorio,Sin restricción
2021,4160,2021-03-16,Martes,02:20:00,Ruta Nacional 33,623.0,2,"Automóvil,Camión c / Acoplado", ,3,0,2,0,1,0,0,"-33.75396, -62.05477",Ruta,33,VENADO TUERTO,General LÓPEZ,Asfalto,Natural,VIII,S/D,Rural,Otra Señal,No existe,Intersección,Bueno,S/D,Nocturna,S/D,Múltiple,S/D,Colisión,S/D,S/D,Cordón divisorio,Sin restricción
2021,4375,2021-07-27,Martes,17:35:00,,0.0,2,"Transporte de Pasajeros (H/ 8 asientos),Moto/Ciclomotor",Republica del Paraguay Y San José,9,0,2,0,7,0,0,"-32.760807744614,-60.737463591613",Calle,,SAN LORENZO,San Lorenzo,S/D,No existe,XVII,Dentro,Urbana,Otra Señal,S/D,Intersección,S/D,Buena,Diurna,S/D,Múltiple,S/D,Colisión,S/D,S/D,Cordón divisorio,Sin restricción
2021,4423,2021-07-18,Domingo,21:15:00,Ruta Nacional 9,0.0,2,"Moto/Ciclomotor,Moto/Ciclomotor",Maíz Y Ruta Nacional 9,3,1,2,0,0,0,0,"-32.90969878435135,-60.885275602340",Ruta,9,ROLDÁN,San Lorenzo,Asfalto,Ripio,XVII,Dentro,Urbana,Otra Señal,No existe,Intersección,Bueno,S/D,Nocturna,S/D,Múltiple,S/D,Colisión,Ninguna,Horizontal,Cordón divisorio,Sin restricción
2021,4546,2021-07-30,Viernes,16:30:00,,0.0,2,"Automóvil,Moto/Ciclomotor",Hernandarias Y Noceda,3,0,2,0,1,0,0,"-30.948062058386,-60.65895234914",Calle,,VIDELA,San Justo,Tierra,Natural,XVI,Dentro,Urbana,Otra Señal,No existe,Intersección,Bueno,Buena,Diurna,Buen Tiempo,Múltiple,S/D,Colisión,Ninguna,Faltante,Cordón divisorio,Sin restricción
2021,4573,2021-08-01,Domingo,13:05:00,,0.0,2,"Moto/Ciclomotor,Moto/Ciclomotor",Av. Eduardo Minetti Y Domingo Faustino Sarmiento,2,0,2,0,0,0,0,"-28.62243, -61.62607",Avenida,,VILLA MINETTI,9 de Julio,Asfalto,Pavimento,XII,S/D,Urbana,Otra Señal,No existe,Intersección,Deteriorada,Buena,Diurna,Buen Tiempo,Múltiple,S/D,Colisión,Ninguna,Faltante,Cordón divisorio,Sin restricción
2021,4692,2021-08-02,Lunes,00:00:00,,0.0,2,"Pickup/Utilitario,Moto/Ciclomotor",C Colon Y Mariano Moreno,2,0,2,0,0,0,0,"-30.36037, -61.91578",Calle,,SAN GUILLERMO,San CRISTÓBAL,Asfalto,Pavimento,XIII,Dentro,Urbana,Otra Señal,No existe,Intersección,Bueno,Buena,Nocturna,Buen Tiempo,Múltiple,S/D,Colisión,Ninguna,Faltante,Cordón divisorio,Sin restricción
2021,4728,2021-07-03,Sabado,,,0.0,2,"Moto/Ciclomotor,Peatón",José Beltramino 1100,2,0,2,0,0,0,0,"-31.268931262061,-61.481195030724",Calle,,RAFAELA,Castellanos,S/D,No existe,V,Dentro,Urbana,Otra Señal,S/D,Intersección,S/D,S/D,S/D,S/D,Múltiple,Peatón,Colisión,S/D,S/D,Cordón divisorio,Sin restricción
2021,4757,2021-07-07,Miercoles,,Ruta Provincial 20,179.0,2,"Moto/Ciclomotor,Moto/Ciclomotor", ,2,0,2,0,0,0,0,"-31.57478515106758, -61.90604904107",Ruta,20,ZENÓN PEREYRA,Castellanos,S/D,Ripio,V,Dentro,Urbana,Otra Señal,S/D,Intersección,S/D,S/D,S/D,S/D,Múltiple,S/D,Colisión,S/D,S/D,Cordón divisorio,Sin restricción
2021,4787,2021-07-26,Lunes,,,0.0,2,"Automóvil,Automóvil",Necochea Y Ocampo,3,1,2,0,0,0,0,"-32.968949392001,-60.629206775418",Calle,,ROSARIO,Rosario,Asfalto,No existe,II,Dentro,Urbana,Otra Señal,No existe,Intersección,S/D,S/D,S/D,S/D,Múltiple,S/D,Colisión,S/D,"Horizontal,Vertical",Cordón divisorio,Sin restricción
2021,4824,2021-07-21,Miercoles,21:50:00,,0.0,2,"Automóvil,Moto/Ciclomotor",Av. Peñaloza Y Diagonal Goyena,3,0,2,0,1,0,0,"-31.615948395912,-60.71313997937",Avenida,,SANTA FE,La Capital,Asfalto,No existe,I,Dentro,Urbana,Otra Señal,No existe,Intersección,Bueno,Buena,Nocturna,Buen Tiempo,Múltiple,S/D,Colisión,Ninguna,"Horizontal,Vertical",Cordón divisorio,Sin restricción
2021,5038,2021-09-21,Martes,16:50:00,,0.0,2,"Automóvil,Moto/Ciclomotor",Av. Belgrano 2800,3,0,2,0,1,0,0,"-33.004822, -60.785052",Avenida,,PEREZ,Rosario,Asfalto,Ripio,II,Dentro,Urbana,Otra Señal,No existe,Intersección,Bueno,Buena,Diurna,Buen Tiempo,Múltiple,S/D,Colisión,Ninguna,Horizontal,Cordón divisorio,Sin restricción
2021,5129,2021-09-17,Viernes,16:30:00,Ruta Nacional 95,851.0,1,Pickup/Utilitario, ,4,1,2,0,0,1,0,"-28.44431, -61.48659",Ruta,95,VILLA MINETTI,9 de Julio,Asfalto,Natural,XII,S/D,Rural,Otra Señal,No existe,Intersección,Bueno,Buena,Diurna,Buen Tiempo,Múltiple,S/D,Colisión,Ninguna,Horizontal,Cordón divisorio,Sin restricción
2021,5190,2021-09-02,Jueves,16:30:00,,0.0,2,"Transporte de Pasajeros Urbano (> 8 asientos),Moto/Ciclomotor",Laurencio Maradona 127,3,0,2,0,1,0,0,"-31.640642, -60.668987",Calle,,SANTA FE,La Capital,Asfalto,No existe,I,Dentro,Urbana,Otra Señal,No existe,Intersección,Bueno,Buena,Diurna,Buen Tiempo,Múltiple,S/D,Colisión,Ninguna,Faltante,Cordón divisorio,Sin restricción
2021,5238,2021-09-23,Jueves,21:50:00,Autopista Nacional A008,0.0,2,"Moto/Ciclomotor,Camión Chasis",Av. Circunvalación Y Av. Ovidio Lagos,3,0,2,0,1,0,0,"-33.006712896127,-60.676650951228",Autopista,A008,ROSARIO,Rosario,Asfalto,Pavimento,II,Dentro,Urbana,Otra Señal,Funciona,Intersección,Bueno,Buena,"Nocturna,Con luz artificial",Buen Tiempo,Múltiple,S/D,Colisión,Ninguna,"Horizontal,Vertical",Cordón divisorio,Sin restricción
2021,5255,2021-09-05,Domingo,04:30:00,,0.0,2,"Moto/Ciclomotor,Automóvil",Bv. Avellaneda Y Gaboto,4,0,2,0,2,0,0,"-32.965976888698,-60.686013588818",Avenida,,ROSARIO,Rosario,Asfalto,No existe,II,Dentro,Urbana,Otra Señal,No existe,Intersección,Bueno,Buena,"Nocturna,Con luz artificial",Buen Tiempo,Múltiple,S/D,Colisión,Ninguna,Horizontal,Cordón divisorio,Sin restricción
2021,5332,2021-09-13,Lunes,01:50:00,,0.0,2,"Moto/Ciclomotor,Automóvil",Liniers Y Zuviria,6,4,2,0,0,0,0,"-32.936544033888,-60.698683753062",Calle,,ROSARIO,Rosario,Asfalto,No existe,II,Dentro,Urbana,Otra Señal,No existe,Intersección,Bueno,Buena,Nocturna,Buen Tiempo,Múltiple,S/D,Colisión,Ninguna,Faltante,Cordón divisorio,Sin restricción
2021,5372,2021-09-19,Domingo,22:30:00,Ruta Nacional 34,385.0,1,Automóvil, ,3,1,2,0,0,0,0,"-29.907453860737153, -61.9223991557",Ruta,34,CERES,San CRISTÓBAL,Asfalto,Ripio,XIII,Dentro,Urbana,Otra Señal,No existe,Intersección,Bueno,Buena,Nocturna,Buen Tiempo,Múltiple,S/D,Colisión,Ninguna,Faltante,Cordón divisorio,Sin restricción
2021,5454,2021-09-15,Miercoles,14:10:00,,0.0,2,"Moto/Ciclomotor,Automóvil",Centeno Y San Martin,5,0,2,0,3,0,0,"-32.985230526852,-60.645444124101",Avenida,,ROSARIO,Rosario,Asfalto,No existe,II,Dentro,Urbana,Otra Señal,No existe,Intersección,Bueno,Buena,Diurna,Buen Tiempo,Múltiple,S/D,Colisión,Ninguna,Horizontal,Cordón divisorio,Sin restricción
2021,5520,2021-09-16,Jueves,08:00:00,Ruta Nacional Rosario -Cordoba,314.0,2,"Camión c / Acoplado,Automóvil", ,5,2,2,0,1,0,0,"-32.90147, -61.03028",Ruta,Rosario -Cordoba,SAN JERÓNIMO SUR,San Lorenzo,Asfalto,Pavimento,XVII,Dentro,Rural,Otra Señal,No existe,Intersección,S/D,S/D,Diurna,S/D,Múltiple,S/D,Colisión,S/D,Horizontal,Cordón divisorio,Sin restricción